gene_id,n_celltypes_trending,dominant_direction,n_consistent,mean_slope,mean_abs_spearman
ENSG00000092820,19,decreasing,18,-0.011587125450847474,0.9528886684995449
ENSG00000124151,19,decreasing,14,-0.00519603514171699,0.9528886684995449
ENSG00000143702,19,decreasing,17,-0.018144064347549792,0.9485382530118567
ENSG00000152484,19,decreasing,17,-0.007254893937710911,0.9387860794242225
ENSG00000136448,18,decreasing,14,-0.042623851833471525,0.9605653333142443
ENSG00000068305,18,decreasing,16,-0.012439737516861228,0.9559732280772403
ENSG00000011566,18,decreasing,16,-0.04125893483755137,0.9531223001911577
ENSG00000102218,18,decreasing,18,-0.02074326150963886,0.9531223001911577
ENSG00000204899,18,decreasing,18,-0.007852274063105343,0.9474204444189928
ENSG00000150977,18,decreasing,16,-0.020971920817898216,0.9456792670680709
ENSG00000123130,18,decreasing,17,-0.02184374647017815,0.9428283391819884
ENSG00000149177,18,decreasing,15,0.030355636615333168,0.9410871618310667
ENSG00000153989,17,decreasing,14,-0.014528252882365028,0.9503647884376965
ENSG00000172164,17,decreasing,15,-0.013294718375751665,0.9503647884376965
ENSG00000124209,17,decreasing,17,-0.01241965516834776,0.9473461589112562
ENSG00000136205,17,decreasing,17,-0.040750174409769746,0.9394653003103408
ENSG00000083457,17,decreasing,17,-0.02082245547058748,0.9394653003103407
ENSG00000105287,17,decreasing,16,-0.009329221676467516,0.9394653003103407
ENSG00000164933,17,decreasing,16,-0.03356626383238701,0.937621700762306
ENSG00000206199,17,decreasing,16,-0.022944722888720636,0.937621700762306
ENSG00000152495,17,decreasing,15,-0.007338806937188434,0.9346030712358657
ENSG00000178935,17,decreasing,14,-0.009511802282209159,0.9267222126349504
ENSG00000147044,17,decreasing,17,-0.03896127209816765,0.9255471826565447
ENSG00000064651,16,decreasing,16,-0.014104930434443438,0.9691755306336274
ENSG00000043462,16,decreasing,15,-0.009001735159403718,0.9691755306336273
ENSG00000125686,16,decreasing,16,-0.0077602135114844374,0.9672167061138405
ENSG00000171621,16,decreasing,13,-0.004919882476204531,0.9620505877222107
ENSG00000184640,16,decreasing,16,-0.010527410811654031,0.9556359999785251
ENSG00000198382,16,decreasing,16,-0.018930664105583438,0.9556359999785251
ENSG00000012779,16,decreasing,16,-0.007683589728887687,0.955635999978525
ENSG00000179218,16,decreasing,16,-0.013149683912259362,0.955635999978525
ENSG00000140332,16,decreasing,16,-0.0034412234916976377,0.9524287061066822
ENSG00000130340,16,decreasing,14,-0.013843826001129506,0.9504698815868953
ENSG00000145687,16,decreasing,14,-0.0026001623948487687,0.9504698815868953
ENSG00000185418,16,decreasing,14,-0.032793438884184276,0.9504698815868953
ENSG00000225190,16,decreasing,16,-0.00864576538360875,0.9504698815868953
ENSG00000112339,16,decreasing,16,-0.018725406858715807,0.9472625877150525
ENSG00000149269,16,decreasing,15,-0.012603242157188475,0.9453037631952657
ENSG00000198730,16,decreasing,13,-0.01177495729592642,0.9453037631952657
ENSG00000198887,16,decreasing,16,-0.05326358205648236,0.9453037631952657
ENSG00000154122,16,decreasing,14,-0.013054055963480776,0.9453037631952655
ENSG00000170145,16,decreasing,16,-0.006998132593772507,0.9440552938432095
ENSG00000102908,16,decreasing,15,-0.009944305717687995,0.9420964693234227
ENSG00000115137,16,decreasing,16,-0.010226926793685332,0.9420964693234227
ENSG00000196369,16,decreasing,16,-0.009940664792084887,0.9408479999713667
ENSG00000152270,16,decreasing,16,-0.022708042446062938,0.9376407060995238
ENSG00000168255,16,decreasing,15,-0.006840717227513088,0.936930350931793
ENSG00000185946,16,decreasing,16,-0.03356092707428278,0.935681881579737
ENSG00000174579,16,decreasing,14,-0.015811907813522093,0.9285569386683205
ENSG00000120594,16,decreasing,16,-0.004921584149155307,0.9273084693162644
ENSG00000171345,15,decreasing,14,-0.019002624932009,0.9863155461468037
ENSG00000240445,15,decreasing,15,-0.0359565654940772,0.9739627929358006
ENSG00000171943,15,decreasing,10,-0.006007174286972747,0.9718733801146946
ENSG00000188342,15,decreasing,14,-0.023299438692993203,0.9684522666513956
ENSG00000125944,15,decreasing,13,-0.0029857093320416264,0.9671205660092025
ENSG00000099917,15,decreasing,12,-0.023437997776560367,0.9663628538302897
ENSG00000147010,15,decreasing,13,-0.008026578170081533,0.9650311531880966
ENSG00000114062,15,decreasing,11,0.0057912671893775676,0.9650311531880964
ENSG00000283765,15,decreasing,12,-0.006550260574335986,0.9629417403669908
ENSG00000065989,15,decreasing,13,-0.0057850252606081,0.9616100397247976
ENSG00000110429,15,decreasing,14,-0.008373490577277267,0.9616100397247975
ENSG00000105339,15,decreasing,15,-0.0253572545673461,0.9560995134403925
ENSG00000011007,15,decreasing,15,-0.00940874438567604,0.9526783999770935
ENSG00000034677,15,decreasing,15,-0.006208761956049607,0.9505889871559875
ENSG00000105939,15,decreasing,14,-0.02094239692859574,0.9505889871559875
ENSG00000127603,15,decreasing,11,-0.011864181189174212,0.9505889871559874
ENSG00000010810,15,decreasing,15,-0.019576701475095094,0.9505889871559873
ENSG00000102974,15,decreasing,15,-0.014801868879575294,0.9492572865137945
ENSG00000118058,15,decreasing,15,-0.026193247965664114,0.9492572865137945
ENSG00000024048,15,decreasing,15,-0.011357581705751,0.9492572865137942
ENSG00000203705,15,decreasing,15,-0.007998562635944501,0.9471678736926883
ENSG00000102312,15,decreasing,15,-0.01690418008823009,0.9458361730504953
ENSG00000118263,15,decreasing,14,-0.008016311640217792,0.9437467602293894
ENSG00000147649,15,decreasing,12,-0.004963244038828967,0.9437467602293894
ENSG00000167193,15,decreasing,14,-0.0713978563394082,0.9437467602293893
ENSG00000147416,15,decreasing,15,-0.020653192916981467,0.9403256467660904
ENSG00000163659,15,decreasing,15,-0.06411667108674117,0.9403256467660903
ENSG00000164346,15,decreasing,15,-0.006508261256201387,0.9403256467660902
ENSG00000064703,15,decreasing,12,-0.0011674240178663202,0.9382362339449843
ENSG00000105576,15,decreasing,14,-0.012161034287655066,0.9382362339449843
ENSG00000136643,15,decreasing,15,-0.008332644170363486,0.9382362339449843
ENSG00000109906,15,decreasing,15,-0.008660105747533212,0.9382362339449842
ENSG00000129636,15,decreasing,11,-0.010883557783243967,0.9361468211238784
ENSG00000139083,15,decreasing,11,-0.006914860914005073,0.9361468211238784
ENSG00000080503,15,decreasing,15,-0.008950990958552134,0.9348151204816852
ENSG00000134480,15,decreasing,14,-0.0027192786028947735,0.9327257076605793
ENSG00000068796,15,decreasing,15,-0.013425187880030767,0.9306362948394733
ENSG00000167081,15,decreasing,14,-0.008677379738179147,0.9293045941972803
ENSG00000119326,15,decreasing,14,-0.021442345095804918,0.9272151813761743
ENSG00000197442,15,decreasing,15,-0.0256505656944676,0.9258834807339813
ENSG00000073711,15,decreasing,15,-0.006850635813793107,0.9258834807339812
ENSG00000111684,15,decreasing,14,-0.05527694703164495,0.925883480733981
ENSG00000133943,15,decreasing,15,-0.006512760759705507,0.9224623672706821
ENSG00000132680,14,decreasing,9,-0.005095540759431858,0.9904303859846028
ENSG00000066855,14,decreasing,14,-0.03156573090188514,0.9830994285632476
ENSG00000143924,14,decreasing,14,-0.0057964746964432575,0.9721029924312149
ENSG00000015153,14,decreasing,14,-0.012392188740439179,0.9661988571264953
ENSG00000101901,14,decreasing,10,-0.012352469804667757,0.9661988571264953
ENSG00000105402,14,decreasing,14,-0.01610158069027573,0.9661988571264953
ENSG00000144283,14,decreasing,13,-0.01674552462098462,0.9661988571264953
ENSG00000164808,14,decreasing,13,-0.046406780870024374,0.9661988571264953
ENSG00000119402,14,decreasing,13,-0.0037986098077873566,0.9639602005324532
ENSG00000011295,14,decreasing,12,-0.05092822160257717,0.9625333784158178
ENSG00000103489,14,decreasing,14,-0.0058211216098401,0.9625333784158178
ENSG00000164327,14,decreasing,14,-0.008585754771502299,0.9625333784158178
ENSG00000266094,14,decreasing,14,-0.011043850122636634,0.9625333784158178
ENSG00000115904,14,decreasing,14,-0.028950035166214128,0.9602947218217758
ENSG00000012660,14,decreasing,13,-0.018472933163751752,0.9602947218217757
ENSG00000197579,14,decreasing,12,-0.022512369529547407,0.9588678997051403
ENSG00000080189,14,decreasing,14,-0.017419960786903572,0.9588678997051401
ENSG00000050344,14,decreasing,12,-0.004070684433350307,0.9566292431110981
ENSG00000146285,14,decreasing,14,-0.008531245383840442,0.956629243111098
ENSG00000183054,14,decreasing,12,-0.011583770971840785,0.9552024209944626
ENSG00000042445,14,decreasing,12,-0.0065504521846827,0.9543905865170561
ENSG00000146776,14,decreasing,13,-0.029402322478108922,0.9543905865170561
ENSG00000187109,14,decreasing,13,-0.007168922865651678,0.9543905865170561
ENSG00000005249,14,decreasing,11,0.00212204189749085,0.9529637644004206
ENSG00000085721,14,decreasing,14,-0.004191527648844008,0.9529637644004206
ENSG00000137575,14,decreasing,13,-0.00973063315808803,0.9529637644004206
ENSG00000155975,14,decreasing,14,-0.007640268361311786,0.9529637644004206
ENSG00000073614,14,decreasing,13,-0.02366640954462475,0.9529637644004205
ENSG00000101265,14,decreasing,14,-0.005611208067834414,0.9529637644004205
ENSG00000175471,14,decreasing,14,-0.017819342309999615,0.9529637644004205
ENSG00000185753,14,decreasing,13,-0.020856639634420675,0.9529637644004205
ENSG00000008294,14,decreasing,13,-0.015534183228991786,0.9507251078063784
ENSG00000065675,14,decreasing,14,-0.00971970744681345,0.9507251078063784
ENSG00000101558,14,decreasing,11,-0.04107970612134493,0.9507251078063784
ENSG00000072736,14,decreasing,14,-0.011754768434044565,0.9507251078063783
ENSG00000075426,14,decreasing,13,-0.008410800165468437,0.9507251078063783
ENSG00000173120,14,decreasing,13,-0.008321019528612464,0.9507251078063783
ENSG00000186635,14,decreasing,12,-0.011712589300862636,0.9507251078063783
ENSG00000260729,14,decreasing,13,-0.01852439478678956,0.9492982856897431
ENSG00000198682,14,decreasing,14,-0.02099158076090885,0.9484864512123362
ENSG00000087157,14,decreasing,10,0.003357377774091429,0.947059629095701
ENSG00000086189,14,decreasing,14,-0.0060614035113571215,0.9470596290957009
ENSG00000125970,14,decreasing,13,-0.003751292701296543,0.9470596290957006
ENSG00000107554,14,decreasing,13,-0.03955185388256297,0.9456328069790654
ENSG00000166501,14,decreasing,13,-0.0070287626806805,0.9456328069790653
ENSG00000159023,14,decreasing,11,-0.006096233934363435,0.9448209725016589
ENSG00000004866,14,decreasing,12,-0.003427394693862907,0.9433941503850233
ENSG00000122484,14,decreasing,13,-0.015325415210934,0.9433941503850233
ENSG00000126457,14,decreasing,14,-0.008184793137408672,0.9419673282683879
ENSG00000063046,14,decreasing,12,-0.007036871543002093,0.9411554937909813
ENSG00000116406,14,decreasing,14,-0.004006469449687357,0.9411554937909813
ENSG00000186645,14,decreasing,12,-0.01004897247268595,0.9411554937909813
ENSG00000082898,14,decreasing,13,-0.008019248999500472,0.9411554937909811
ENSG00000198585,14,decreasing,14,-0.04317645615701841,0.9397286716743458
ENSG00000006451,14,decreasing,14,-0.004796977146889772,0.9397286716743457
ENSG00000155100,14,decreasing,14,-0.006585993454151528,0.9374900150803037
ENSG00000230124,14,decreasing,14,-0.019598567679201134,0.9374900150803036
ENSG00000116786,14,decreasing,14,-0.006503650368502186,0.9360631929636682
ENSG00000121964,14,decreasing,14,-0.007083097936620872,0.9360631929636681
ENSG00000027075,14,decreasing,13,-0.012277237960202378,0.9352513584862615
ENSG00000180957,14,decreasing,7,0.004323055271270557,0.9352513584862615
ENSG00000101493,14,decreasing,13,-0.0012654848489053068,0.9338245363696261
ENSG00000135049,14,decreasing,13,-0.021483590905245376,0.9338245363696261
ENSG00000176658,14,decreasing,12,-0.011748225675861016,0.9338245363696261
ENSG00000196405,14,decreasing,14,-0.006955162233894215,0.9338245363696261
ENSG00000115183,14,decreasing,14,-0.0065886604101055785,0.9338245363696259
ENSG00000160563,14,decreasing,14,-0.014861624469935735,0.9338245363696259
ENSG00000145216,14,decreasing,13,-0.00405614302232035,0.9279204010649064
ENSG00000127152,14,decreasing,13,-0.003559877326463471,0.9242549223542289
ENSG00000135838,14,decreasing,13,0.003233667100943845,0.9242549223542287
ENSG00000262633,14,decreasing,14,-0.010727569765427472,0.9242549223542287
ENSG00000131374,14,decreasing,14,-0.00416583108984055,0.9220162657601868
ENSG00000109220,14,decreasing,12,-0.007628589275477293,0.9220162657601867
ENSG00000023445,13,decreasing,9,-0.01781647185430973,0.9960525613885012
ENSG00000129128,13,decreasing,9,-0.00045539730243174633,0.9921051227770021
ENSG00000124795,13,decreasing,11,-0.013320890025027378,0.9857468232180733
ENSG00000104388,13,decreasing,8,0.0014763357752467998,0.9793885236591445
ENSG00000134852,13,decreasing,11,-0.0020602841589428536,0.9778519459950755
ENSG00000158161,13,increasing,8,0.013464693591889655,0.9754410850476455
ENSG00000185808,13,decreasing,11,-0.03594459557773733,0.9754410850476455
ENSG00000100422,13,decreasing,12,-0.004941144234913123,0.9739045073835764
ENSG00000271949,13,decreasing,9,-0.04088489345922344,0.9714936464361467
ENSG00000163960,13,decreasing,11,0.0005090013012443845,0.9699570687720779
ENSG00000104972,13,decreasing,10,-0.011322265395377777,0.9699570687720775
ENSG00000125741,13,decreasing,13,-0.04851362204694541,0.9675462078246478
ENSG00000167635,13,decreasing,12,-0.05773499354248456,0.9675462078246476
ENSG00000143641,13,decreasing,10,-0.003830715117258402,0.9635987692131488
ENSG00000272391,13,decreasing,11,-0.011577533232313923,0.9635987692131488
ENSG00000138593,13,decreasing,12,-0.009250202506267853,0.9611879082657189
ENSG00000273899,13,decreasing,9,-0.0020223588553836,0.9611879082657189
ENSG00000037757,13,decreasing,7,0.03304106099669672,0.9611879082657188
ENSG00000064393,13,decreasing,11,-0.009725122568038393,0.9611879082657188
ENSG00000102755,13,decreasing,10,-0.0011007086864450078,0.9611879082657188
ENSG00000134242,13,decreasing,9,-0.008114754139824277,0.9611879082657188
ENSG00000197535,13,decreasing,12,-0.02372270384027956,0.9611879082657188
ENSG00000048405,13,decreasing,12,-0.023696916626985306,0.9596513306016499
ENSG00000168710,13,decreasing,10,-0.008144800299040923,0.9596513306016499
ENSG00000184939,13,decreasing,13,-0.004470598902909116,0.9596513306016499
ENSG00000177030,13,decreasing,10,-0.012450659446795392,0.95724046965422
ENSG00000173660,13,decreasing,13,-0.006526793992367377,0.9572404696542199
ENSG00000177556,13,decreasing,12,-0.004537662677414947,0.9572404696542199
ENSG00000198707,13,decreasing,9,-0.0026213828727465844,0.9572404696542199
ENSG00000270181,13,decreasing,10,-0.008468704783873184,0.9572404696542199
ENSG00000166135,13,decreasing,10,-0.005847646043957869,0.9572404696542198
ENSG00000196757,13,decreasing,11,-0.001484980458119377,0.9572404696542198
ENSG00000183513,13,decreasing,13,-0.017287065987758362,0.955703891990151
ENSG00000126821,13,decreasing,13,-0.010989072755993683,0.9557038919901508
ENSG00000149187,13,decreasing,11,-0.00868023159079203,0.95482960870679
ENSG00000244754,13,decreasing,11,-0.009652918535256608,0.95482960870679
ENSG00000052841,13,decreasing,10,-0.016595690075768284,0.953293031042721
ENSG00000085760,13,decreasing,12,-0.018316148654471145,0.953293031042721
ENSG00000111667,13,decreasing,13,-0.010100358634846509,0.953293031042721
ENSG00000171316,13,decreasing,13,-0.020770600151395178,0.953293031042721
ENSG00000068650,13,decreasing,10,0.011902931371447822,0.9532930310427209
ENSG00000139620,13,decreasing,13,-0.013687416338070678,0.9532930310427209
ENSG00000181090,13,decreasing,13,-0.009444320162645516,0.9532930310427209
ENSG00000186591,13,decreasing,11,-0.003913731910764316,0.9532930310427209
ENSG00000023171,13,decreasing,12,-0.005912616976685916,0.9508821700952912
ENSG00000025800,13,decreasing,11,-0.006757811709000754,0.950882170095291
ENSG00000028528,13,decreasing,9,0.0057204548919399766,0.950882170095291
ENSG00000115604,13,decreasing,12,-0.015307269199284686,0.950882170095291
ENSG00000173276,13,decreasing,12,-0.007058050753949977,0.950882170095291
ENSG00000198821,13,increasing,10,0.020186774212158063,0.950882170095291
ENSG00000103522,13,decreasing,11,-0.0008335816053898386,0.9493455924312221
ENSG00000124788,13,decreasing,12,0.008727180604095037,0.9493455924312221
ENSG00000134333,13,decreasing,12,-0.003560780808264354,0.9493455924312221
ENSG00000167523,13,decreasing,13,-0.011586642044170231,0.9493455924312221
ENSG00000145088,13,decreasing,13,-0.009613591274044516,0.9469347314837921
ENSG00000160584,13,decreasing,10,-0.0035298019480978927,0.9469347314837921
ENSG00000136758,13,decreasing,9,-0.001581956287052469,0.946934731483792
ENSG00000143442,13,decreasing,9,-0.011786558935296247,0.946934731483792
ENSG00000163602,13,decreasing,12,0.003958973495492992,0.946934731483792
ENSG00000181222,13,decreasing,13,-0.006706549771361785,0.946934731483792
ENSG00000145495,13,decreasing,12,-0.010676886738441945,0.9453981538197233
ENSG00000254413,13,decreasing,13,-0.004975359678243614,0.9453981538197233
ENSG00000179981,13,decreasing,13,-0.018374886302536163,0.9429872928722933
ENSG00000101665,13,decreasing,13,-0.0203849333521865,0.9429872928722932
ENSG00000104450,13,decreasing,11,-0.0021063881954553076,0.9429872928722932
ENSG00000163947,13,decreasing,13,-0.00929249146246557,0.9429872928722932
ENSG00000135605,13,decreasing,12,-0.010228450298496393,0.942987292872293
ENSG00000196821,13,decreasing,12,-0.009472058832043877,0.942987292872293
ENSG00000083642,13,decreasing,12,3.959397993151454e-05,0.9405764319248633
ENSG00000163785,13,decreasing,12,-0.008814763013625916,0.9405764319248633
ENSG00000227345,13,decreasing,10,0.005025303363420761,0.9405764319248633
ENSG00000055609,13,decreasing,12,-0.006560317254923292,0.9390398542607943
ENSG00000106049,13,decreasing,11,-0.0025119716972672543,0.9390398542607943
ENSG00000129003,13,decreasing,13,-0.008388202413157308,0.9390398542607943
ENSG00000011198,13,decreasing,13,-0.007510950510857854,0.9390398542607942
ENSG00000074266,13,decreasing,13,-0.02162296065702203,0.9390398542607942
ENSG00000128989,13,decreasing,13,-0.010515885071516368,0.9390398542607942
ENSG00000168214,13,decreasing,13,-0.02149710381426249,0.9390398542607942
ENSG00000023287,13,decreasing,11,-0.02207591448901667,0.9366289933133645
ENSG00000081913,13,decreasing,12,-0.0072578349345755085,0.9366289933133645
ENSG00000169826,13,decreasing,13,-0.0036366009074144767,0.9366289933133645
ENSG00000198961,13,decreasing,10,-0.005959383258369622,0.9366289933133645
ENSG00000110395,13,decreasing,13,-0.017134294945294032,0.9366289933133642
ENSG00000183020,13,decreasing,13,-0.002537151549089793,0.9350924156492955
ENSG00000078081,13,decreasing,12,-0.012773325314497201,0.9350924156492953
ENSG00000059377,13,decreasing,11,-0.002525423476266792,0.9326815547018655
ENSG00000151576,13,decreasing,13,-0.024345708982476656,0.9326815547018654
ENSG00000168883,13,decreasing,13,-0.02863334518367474,0.9326815547018654
ENSG00000075711,13,decreasing,12,-0.020362488943936163,0.9326815547018653
ENSG00000129353,13,decreasing,13,-0.009417239866790992,0.9326815547018653
ENSG00000106617,13,decreasing,13,-0.0034741847690309075,0.9311449770377964
ENSG00000137073,13,decreasing,12,-0.0021652351323094,0.9311449770377964
ENSG00000197694,13,decreasing,12,0.00013194217272481583,0.9302706937544356
ENSG00000010270,13,decreasing,11,-0.00048219448185803825,0.9302706937544355
ENSG00000038382,13,decreasing,10,-0.009837927610051124,0.9302706937544355
ENSG00000141425,13,decreasing,10,-0.019277161325148177,0.9302706937544355
ENSG00000168172,13,decreasing,10,-0.0012465930904569079,0.9302706937544355
ENSG00000017260,13,decreasing,12,-0.0051048527738621,0.9287341160903666
ENSG00000143158,13,decreasing,12,-0.0034802125672997552,0.9287341160903664
ENSG00000110934,13,decreasing,11,-0.0002482383854447692,0.9278598328070056
ENSG00000115419,13,decreasing,12,-0.0070610575271768386,0.9278598328070056
ENSG00000177917,13,decreasing,13,-0.017443951874024793,0.9271975384262976
ENSG00000078967,13,decreasing,13,-0.011499012177276585,0.9263232551429367
ENSG00000170759,13,decreasing,13,-0.0053766238722985854,0.9223758165314379
ENSG00000106803,13,decreasing,13,-0.03171642344605452,0.9223758165314376
ENSG00000076108,13,decreasing,12,-0.021646808374672324,0.9199649555840078
ENSG00000111885,13,decreasing,12,-0.01047435361019767,0.9199649555840076
ENSG00000030066,13,decreasing,13,-0.012293035855073808,0.9184283779199388
ENSG00000142864,12,decreasing,12,-0.044650675342461886,0.9914472163417525
ENSG00000067182,12,decreasing,12,-0.030205580483482857,0.984559058486246
ENSG00000110756,12,decreasing,11,-0.010704829870168117,0.984559058486246
ENSG00000106785,12,decreasing,9,-0.007874669255415625,0.9802826666571223
ENSG00000114796,12,decreasing,9,-0.0031987988440485,0.9802826666571223
ENSG00000179094,12,decreasing,9,-0.011767174632764991,0.9802826666571223
ENSG00000155380,12,decreasing,12,-0.05055697119796102,0.9776709006307399
ENSG00000139697,12,decreasing,11,-0.011299366054219448,0.9760062748279985
ENSG00000069020,12,decreasing,10,-0.03140148729970068,0.9733945088016159
ENSG00000133065,12,increasing,6,0.006373327398446875,0.9733945088016159
ENSG00000221978,12,decreasing,11,-0.05448427428844321,0.9733945088016159
ENSG00000135269,12,decreasing,9,-0.0246071890486958,0.9717298829988747
ENSG00000167632,12,decreasing,11,-0.011849338541102332,0.9717298829988744
ENSG00000185864,12,decreasing,10,-0.0177434415204868,0.9691181169724922
ENSG00000089094,12,decreasing,11,-0.008937553383129708,0.9691181169724921
ENSG00000102531,12,decreasing,11,-0.012569935406173793,0.9691181169724921
ENSG00000109861,12,decreasing,7,-0.0036981997595103423,0.9691181169724921
ENSG00000132424,12,decreasing,12,-0.03339522693043482,0.9691181169724921
ENSG00000133114,12,increasing,8,0.005162011699027725,0.9691181169724921
ENSG00000115963,12,decreasing,12,-0.009015592791525608,0.967453491169751
ENSG00000115525,12,decreasing,12,-0.050183142186203324,0.9674534911697507
ENSG00000078043,12,decreasing,12,-0.07036458302738029,0.9665063509461098
ENSG00000109670,12,decreasing,9,0.012246024744236592,0.9665063509461098
ENSG00000285547,12,decreasing,10,-0.04118274072884268,0.9665063509461097
ENSG00000265491,12,decreasing,7,0.003709772789186666,0.9648417251433684
ENSG00000105656,12,decreasing,9,-0.003697533865741292,0.9648417251433683
ENSG00000109787,12,decreasing,11,-0.024734513277482894,0.9648417251433683
ENSG00000165487,12,decreasing,9,-0.0027012881540235665,0.9648417251433683
ENSG00000182473,12,decreasing,12,-0.010913796938258,0.9631770993406271
ENSG00000109180,12,decreasing,12,-0.03383635371366169,0.9631770993406269
ENSG00000165406,12,decreasing,12,-0.006607920909362925,0.9631770993406269
ENSG00000001630,12,increasing,6,-0.0005599015606694418,0.962229959116986
ENSG00000088808,12,decreasing,7,-0.0006324542225901248,0.962229959116986
ENSG00000101577,12,decreasing,10,-0.00818521641502025,0.962229959116986
ENSG00000152818,12,decreasing,12,-0.005429843541292216,0.962229959116986
ENSG00000171612,12,decreasing,9,-0.013093615780246407,0.962229959116986
ENSG00000108582,12,decreasing,9,0.00038442704898849177,0.9605653333142445
ENSG00000135976,12,decreasing,10,-0.0018503839742572753,0.9605653333142445
ENSG00000162980,12,decreasing,12,-0.02991851075615269,0.9605653333142445
ENSG00000164934,12,decreasing,12,-0.005610258172799867,0.9605653333142445
ENSG00000184110,12,decreasing,10,-0.00733184206902825,0.9605653333142445
ENSG00000184384,12,decreasing,11,-0.005511945279460883,0.9605653333142445
ENSG00000196428,12,decreasing,12,-0.006371462597819966,0.9605653333142445
ENSG00000117620,12,decreasing,10,-0.017449654045655016,0.9605653333142444
ENSG00000138768,12,decreasing,11,-0.007247667962177515,0.9605653333142444
ENSG00000147174,12,decreasing,10,0.008440675363079034,0.9605653333142444
ENSG00000121892,12,decreasing,8,0.03088347199776467,0.9579535672878622
ENSG00000123983,12,decreasing,7,0.0015094163380817082,0.9579535672878622
ENSG00000139218,12,decreasing,6,0.01017509418067969,0.9579535672878622
ENSG00000075539,12,decreasing,11,-0.008267883822761942,0.957953567287862
ENSG00000078699,12,decreasing,8,-4.946842372550845e-05,0.957953567287862
ENSG00000115112,12,decreasing,12,-0.039960448772812435,0.957953567287862
ENSG00000131323,12,decreasing,11,-0.006095177991765674,0.957953567287862
ENSG00000143614,12,decreasing,11,-0.007834456694894633,0.957953567287862
ENSG00000163605,12,increasing,6,0.006762771851748699,0.957953567287862
ENSG00000123552,12,decreasing,12,-0.012384615383061801,0.9562889414851208
ENSG00000048740,12,decreasing,12,-0.008506879362956165,0.9562889414851207
ENSG00000120162,12,decreasing,11,-0.004148713322931208,0.9562889414851207
ENSG00000123095,12,decreasing,9,-0.015153010114461981,0.9562889414851207
ENSG00000145675,12,decreasing,12,-0.004592833410227075,0.9562889414851204
ENSG00000131389,12,decreasing,9,-0.0017035446321080918,0.9536771754587384
ENSG00000058668,12,decreasing,10,-0.0031232586701270414,0.9536771754587382
ENSG00000090273,12,decreasing,11,-0.005042787472610759,0.9536771754587382
ENSG00000115816,12,decreasing,8,-0.008100102405742408,0.9536771754587382
ENSG00000122068,12,decreasing,12,-0.015684847142216317,0.9536771754587382
ENSG00000132952,12,decreasing,12,-0.013393442031951074,0.9536771754587382
ENSG00000156304,12,decreasing,9,0.010355207939260876,0.9536771754587382
ENSG00000159322,12,decreasing,12,-0.02120093107645363,0.9536771754587382
ENSG00000166272,12,decreasing,10,-0.013331094494190107,0.9536771754587382
ENSG00000183354,12,decreasing,10,-0.011748968159300049,0.9536771754587382
ENSG00000205323,12,decreasing,7,-0.0017206283856250587,0.9536771754587382
ENSG00000256087,12,decreasing,9,-0.03619437768849137,0.9536771754587382
ENSG00000128791,12,decreasing,10,0.010217312204685408,0.9536771754587381
ENSG00000107036,12,decreasing,12,-0.003408416462236833,0.952012549655997
ENSG00000181027,12,decreasing,12,-0.011620199383288217,0.952012549655997
ENSG00000070731,12,decreasing,12,-0.007909917002875133,0.9520125496559967
ENSG00000103148,12,decreasing,12,-0.018540863883138192,0.9520125496559967
ENSG00000034152,12,decreasing,10,-0.00535983215247425,0.9510654094323558
ENSG00000111596,12,decreasing,10,-0.013908697021057516,0.9510654094323558
ENSG00000163694,12,decreasing,9,-0.004304324457222001,0.9510654094323558
ENSG00000174606,12,decreasing,9,0.006002184301667143,0.9510654094323558
ENSG00000185651,12,decreasing,11,-0.012255445167513049,0.9510654094323558
ENSG00000032389,12,decreasing,9,0.0005889334363977333,0.9494007836296144
ENSG00000081181,12,decreasing,12,-0.004657029686468983,0.9494007836296144
ENSG00000099622,12,decreasing,11,-0.02190813484406899,0.9494007836296144
ENSG00000137776,12,decreasing,12,-0.01145217574620566,0.9494007836296144
ENSG00000140374,12,decreasing,12,-0.008641420605045292,0.9494007836296144
ENSG00000135040,12,decreasing,10,-0.0034526965663875006,0.9494007836296143
ENSG00000154930,12,decreasing,11,-0.0032036366564780327,0.9494007836296143
ENSG00000158467,12,decreasing,10,-0.0030646823345863495,0.9494007836296143
ENSG00000160551,12,decreasing,9,0.0008909241832964332,0.9494007836296143
ENSG00000166825,12,decreasing,12,-0.004257526164614692,0.9494007836296143
ENSG00000138119,12,decreasing,10,0.003711109524887677,0.9467890176032321
ENSG00000156504,12,decreasing,10,0.0022477142737393,0.9467890176032321
ENSG00000169756,12,decreasing,12,-0.03754063589089952,0.9467890176032321
ENSG00000176142,12,decreasing,11,-0.005685826352881608,0.9467890176032321
ENSG00000178996,12,decreasing,8,-0.0009452860820289502,0.9467890176032321
ENSG00000078369,12,decreasing,10,-0.015357190948915031,0.946789017603232
ENSG00000100034,12,decreasing,11,-0.0020148031317080584,0.946789017603232
ENSG00000140575,12,decreasing,9,0.0010949889980417752,0.946789017603232
ENSG00000173744,12,decreasing,9,-0.0099551346389058,0.946789017603232
ENSG00000198380,12,decreasing,9,-0.0012591288112168916,0.946789017603232
ENSG00000163644,12,decreasing,9,-0.005157914937105708,0.9451243918004907
ENSG00000257103,12,decreasing,12,-0.003222523790436067,0.9451243918004907
ENSG00000095066,12,decreasing,12,-0.005827318919361733,0.9451243918004906
ENSG00000132329,12,decreasing,12,-0.011413279659354942,0.9451243918004906
ENSG00000173575,12,decreasing,11,-0.005802959969963408,0.9451243918004906
ENSG00000269335,12,decreasing,12,-0.010914817363558591,0.9451243918004906
ENSG00000006831,12,decreasing,12,-0.013770826503066309,0.9441772515768495
ENSG00000133961,12,decreasing,12,-0.01867137808187935,0.9441772515768495
ENSG00000260916,12,decreasing,11,-0.010195943245188526,0.9441772515768495
ENSG00000111859,12,decreasing,12,-0.01915762199343275,0.9425126257741083
ENSG00000070214,12,decreasing,12,-0.0072058003510355574,0.9425126257741082
ENSG00000101882,12,decreasing,11,-0.008202875752150883,0.9425126257741082
ENSG00000112893,12,decreasing,11,-0.006708880243130892,0.9425126257741082
ENSG00000122218,12,decreasing,11,-0.008507673528686383,0.9425126257741082
ENSG00000147459,12,decreasing,12,-0.011042414917077692,0.9425126257741082
ENSG00000168564,12,decreasing,12,-0.00902859664341845,0.9425126257741082
ENSG00000174574,12,decreasing,12,-0.005523327286718308,0.9425126257741082
ENSG00000183023,12,decreasing,11,0.0007055594309567752,0.9425126257741082
ENSG00000248643,12,decreasing,11,0.012540770454890772,0.9425126257741082
ENSG00000258790,12,decreasing,9,-0.0029985617862653413,0.9425126257741082
ENSG00000285827,12,decreasing,12,-0.005269217783389958,0.9425126257741082
ENSG00000010803,12,decreasing,11,-0.024330714655323108,0.942512625774108
ENSG00000065243,12,decreasing,10,-0.01602249841714212,0.942512625774108
ENSG00000079950,12,decreasing,12,-0.024083136709847634,0.942512625774108
ENSG00000101337,12,decreasing,12,-0.010889258503744274,0.942512625774108
ENSG00000175387,12,decreasing,11,-0.040247436737477556,0.942512625774108
ENSG00000198873,12,decreasing,8,-0.003505229158004475,0.942512625774108
ENSG00000100554,12,decreasing,10,-0.006692852439013784,0.9408479999713668
ENSG00000176046,12,decreasing,12,-0.0065943808155373915,0.9408479999713668
ENSG00000158321,12,decreasing,11,-0.014467861954857343,0.9399008597477257
ENSG00000140740,12,decreasing,7,0.00039883531371433245,0.9399008597477256
ENSG00000133789,12,decreasing,11,-0.013075290773946235,0.9382362339449845
ENSG00000167703,12,decreasing,12,-0.010021891733681851,0.9382362339449845
ENSG00000132155,12,decreasing,11,-0.0065820818142054,0.9382362339449842
ENSG00000166181,12,decreasing,12,-0.017908822166659042,0.9382362339449842
ENSG00000122862,12,decreasing,11,-0.005978603723162175,0.9382362339449841
ENSG00000171051,12,decreasing,12,-0.004733922332370775,0.9382362339449841
ENSG00000115896,12,decreasing,12,-0.0036846779420471164,0.935624467918602
ENSG00000116514,12,decreasing,10,-0.0031236210570857836,0.9356244679186019
ENSG00000130921,12,decreasing,10,-0.0028365365343218335,0.9356244679186019
ENSG00000143970,12,decreasing,12,-0.0113798599281146,0.9356244679186019
ENSG00000153283,12,decreasing,10,-0.011261512339133375,0.9356244679186019
ENSG00000164483,12,decreasing,12,-0.06077453774363827,0.9356244679186019
ENSG00000121989,12,decreasing,11,-0.0014134128701474996,0.9356244679186018
ENSG00000003436,12,decreasing,12,-0.008813353992945158,0.9339598421158605
ENSG00000100532,12,decreasing,12,-0.010164222886326417,0.9339598421158604
ENSG00000118705,12,decreasing,12,-0.016093864454461402,0.9339598421158604
ENSG00000169402,12,decreasing,12,-0.008999829209741116,0.9339598421158604
ENSG00000170323,12,decreasing,12,-0.009730890585090751,0.9339598421158604
ENSG00000197872,12,decreasing,12,-0.010349812726176034,0.9339598421158604
ENSG00000143919,12,decreasing,9,0.0026404345895830413,0.9330127018922195
ENSG00000090060,12,decreasing,10,-0.004354823020461975,0.9313480760894781
ENSG00000125871,12,decreasing,9,0.0014526595290536837,0.9313480760894781
ENSG00000134954,12,decreasing,12,-0.018115511845467176,0.9313480760894781
ENSG00000196935,12,decreasing,11,-0.004462116385701625,0.9313480760894781
ENSG00000081237,12,decreasing,11,-0.004826010167222534,0.931348076089478
ENSG00000138639,12,decreasing,12,-0.006178857810054793,0.931348076089478
ENSG00000186469,12,decreasing,10,-0.006168053290057609,0.931348076089478
ENSG00000213204,12,decreasing,12,-0.005006557372819441,0.931348076089478
ENSG00000021776,12,decreasing,12,-0.005120244425213775,0.9296834502867367
ENSG00000135870,12,decreasing,10,-0.049054989500753245,0.9287363100630958
ENSG00000068878,12,decreasing,12,-0.010325798433031316,0.9287363100630955
ENSG00000273136,12,decreasing,10,0.0005766153883391417,0.9287363100630955
ENSG00000075413,12,decreasing,11,-0.005648847055439908,0.9270716842603544
ENSG00000153558,12,decreasing,11,-0.005688529106430876,0.9270716842603544
ENSG00000165501,12,decreasing,11,-0.04456365207873361,0.9270716842603542
ENSG00000239605,12,decreasing,12,-0.011224739370715275,0.9270716842603542
ENSG00000078687,12,decreasing,12,-0.02785050299144304,0.9244599182339718
ENSG00000130560,12,decreasing,10,-0.0011193348112326915,0.9244599182339718
ENSG00000160194,12,decreasing,11,-0.02269887558496894,0.9244599182339718
ENSG00000168411,12,decreasing,12,-0.007086003102191441,0.9244599182339718
ENSG00000286185,12,decreasing,11,-0.02066515695506412,0.9244599182339718
ENSG00000125834,12,decreasing,12,-0.016710603752641,0.9227952924312303
ENSG00000132570,12,decreasing,12,-0.013023905763262575,0.9227952924312303
ENSG00000100883,12,decreasing,10,-0.007915577174305117,0.920183526404848
ENSG00000083828,12,decreasing,10,-0.03167823886528313,0.9201835264048479
ENSG00000127124,12,decreasing,9,-0.0012422891892519665,0.9175717603784656
ENSG00000151474,12,decreasing,11,-0.014221157943647623,0.9175717603784656
ENSG00000186073,12,decreasing,11,-0.008062603565272301,0.9159071345757241
ENSG00000133318,11,decreasing,9,-0.009110108541733454,1.0
ENSG00000115306,11,decreasing,10,-0.033089502448587736,0.9906696905546389
ENSG00000067900,11,decreasing,6,-0.01204517708343509,0.9831553365304502
ENSG00000135540,11,decreasing,9,-0.005909934447360063,0.9831553365304502
ENSG00000156642,11,decreasing,6,-0.000794575648493545,0.9831553365304502
ENSG00000161057,11,decreasing,9,-0.006284930369509036,0.9831553365304502
ENSG00000175224,11,decreasing,7,0.00021843221947252767,0.9831553365304502
ENSG00000185829,11,decreasing,8,-0.005832466113928772,0.9831553365304502
ENSG00000029725,11,decreasing,9,-0.0020986801929095,0.9813393811092778
ENSG00000145592,11,decreasing,11,-0.013345055987414756,0.9813393811092778
ENSG00000163848,11,decreasing,11,-0.010499310716469664,0.9813393811092778
ENSG00000173193,11,decreasing,10,-0.004465182965797646,0.9813393811092778
ENSG00000241839,11,decreasing,11,-0.016617962031652726,0.9813393811092778
ENSG00000116815,11,increasing,7,0.0007338031371550087,0.9784901818077697
ENSG00000145901,11,decreasing,11,-0.018946137065700756,0.9784901818077697
ENSG00000159459,11,decreasing,9,-0.020396030692734417,0.9784901818077697
ENSG00000166848,11,decreasing,7,0.04181169056441986,0.9784901818077697
ENSG00000178950,11,decreasing,10,-0.025639667727268455,0.9784901818077697
ENSG00000134255,11,decreasing,8,-0.004607928043576555,0.9756409825062616
ENSG00000143033,11,decreasing,7,-0.0008292507586349911,0.9756409825062616
ENSG00000255819,11,decreasing,8,-0.02591244521813059,0.9756409825062616
ENSG00000120265,11,decreasing,10,0.0023132876847577906,0.9738250270850893
ENSG00000167862,11,decreasing,10,-0.008037551255504191,0.9738250270850893
ENSG00000114857,11,decreasing,9,-0.0009562431613438,0.9738250270850891
ENSG00000164209,11,decreasing,10,-0.01819364647075676,0.9738250270850891
ENSG00000173517,11,decreasing,10,-0.006235132300973564,0.9738250270850891
ENSG00000198846,11,decreasing,10,-0.0074824594831640725,0.9738250270850891
ENSG00000107521,11,decreasing,7,0.0048603194736415644,0.970975827783581
ENSG00000114770,11,decreasing,11,-0.008227869596865046,0.970975827783581
ENSG00000118200,11,decreasing,7,0.0032641278453682736,0.970975827783581
ENSG00000119772,11,decreasing,8,-0.004654641806382036,0.970975827783581
ENSG00000127947,11,decreasing,10,-0.005527274534800764,0.970975827783581
ENSG00000155329,11,increasing,6,-0.0016540866144609636,0.970975827783581
ENSG00000180233,11,increasing,9,0.0059497090858137815,0.970975827783581
ENSG00000157827,11,decreasing,10,-0.005323463632575255,0.9691598723624086
ENSG00000097021,11,decreasing,9,0.006412148441773782,0.9691598723624085
ENSG00000127663,11,decreasing,11,-0.0212264535517166,0.9691598723624085
ENSG00000176390,11,decreasing,10,-0.024622911086533902,0.9691598723624085
ENSG00000002586,11,decreasing,9,-0.009680303018346546,0.9663106730609006
ENSG00000138600,11,decreasing,9,-0.0018721941107596818,0.9663106730609006
ENSG00000149311,11,decreasing,9,-0.001960907387271364,0.9663106730609006
ENSG00000170542,11,decreasing,8,-0.0005208226438753999,0.9663106730609006
ENSG00000172992,11,decreasing,6,0.01032045606812209,0.9663106730609006
ENSG00000188554,11,decreasing,8,-0.013638601301660254,0.9663106730609006
ENSG00000244734,11,decreasing,8,-0.009448141214849472,0.9663106730609006
ENSG00000108510,11,decreasing,8,0.012006440829159944,0.9663106730609005
ENSG00000117758,11,decreasing,10,-0.005232538950496882,0.9663106730609005
ENSG00000135541,11,decreasing,8,-0.005555583149203718,0.9663106730609005
ENSG00000145439,11,decreasing,9,0.0038123018393812656,0.9663106730609005
ENSG00000272886,11,decreasing,6,0.011435348725964755,0.9663106730609005
ENSG00000162923,11,decreasing,11,-0.004403184867267518,0.9644947176397282
ENSG00000047634,11,decreasing,11,-0.04294657578545999,0.964494717639728
ENSG00000015475,11,increasing,6,0.003568371655469327,0.9634614737593924
ENSG00000111790,11,decreasing,11,-0.019348745998257564,0.9634614737593924
ENSG00000143669,11,decreasing,6,0.005052235053606328,0.9634614737593924
ENSG00000110075,11,decreasing,10,-0.010113577274274392,0.9616455183382201
ENSG00000129315,11,decreasing,11,-0.00480646002872091,0.9616455183382201
ENSG00000168685,11,decreasing,11,-0.02027485750847483,0.9616455183382201
ENSG00000055208,11,decreasing,10,-0.0045226565172702,0.96164551833822
ENSG00000117000,11,decreasing,9,0.0005257956126294452,0.96164551833822
ENSG00000130338,11,decreasing,9,-0.0013482621642319182,0.96164551833822
ENSG00000145016,11,decreasing,10,-0.026410169582844586,0.96164551833822
ENSG00000154229,11,decreasing,10,-0.006632282015834426,0.96164551833822
ENSG00000004455,11,decreasing,11,-0.008328278612707372,0.9598295629170476
ENSG00000009413,11,decreasing,8,-0.015241374189681826,0.9587963190367119
ENSG00000109475,11,decreasing,6,0.04379198229281242,0.9587963190367119
ENSG00000110330,11,decreasing,9,-0.0192718740095916,0.9587963190367119
ENSG00000138018,11,decreasing,10,-0.025786288394807046,0.9587963190367119
ENSG00000141298,11,decreasing,8,-0.006549367060305838,0.9587963190367119
ENSG00000143207,11,decreasing,10,-0.005352150649728791,0.9587963190367119
ENSG00000172493,11,decreasing,10,-0.03905971658074081,0.9587963190367119
ENSG00000184014,11,decreasing,8,-0.004960751388556982,0.9587963190367119
ENSG00000135932,11,decreasing,9,-0.002883933198343618,0.9569803636155395
ENSG00000143753,11,decreasing,11,-0.004072289472607991,0.9569803636155395
ENSG00000145569,11,decreasing,11,-0.02344887170698563,0.9569803636155395
ENSG00000148120,11,decreasing,11,-0.010558138048066408,0.9569803636155395
ENSG00000165025,11,decreasing,9,-0.006730945094501482,0.9569803636155395
ENSG00000188677,11,decreasing,11,-0.05967641657278208,0.9569803636155395
ENSG00000086289,11,decreasing,8,0.0008200663776780543,0.9569803636155393
ENSG00000112357,11,decreasing,11,-0.023268085355227484,0.9569803636155393
ENSG00000130723,11,decreasing,10,-0.018330617743877235,0.9569803636155393
ENSG00000159720,11,decreasing,11,-0.008859040944242147,0.9569803636155393
ENSG00000188916,11,decreasing,11,-0.01586918236992142,0.9569803636155393
ENSG00000005483,11,decreasing,9,-0.0046704879213818,0.9541311643140314
ENSG00000080371,11,decreasing,7,0.004148375412857818,0.9541311643140314
ENSG00000092931,11,decreasing,9,-0.022988105541142424,0.9541311643140314
ENSG00000105372,11,decreasing,11,-0.022362659266071724,0.9541311643140314
ENSG00000112624,11,decreasing,9,-0.0013090213517546543,0.9541311643140314
ENSG00000115310,11,decreasing,10,-0.019103547120457275,0.9541311643140314
ENSG00000086758,11,decreasing,10,-0.0013984947620022089,0.9541311643140312
ENSG00000087206,11,decreasing,7,-0.0007293825807442544,0.9541311643140312
ENSG00000107854,11,decreasing,9,-0.0009760724258331273,0.9541311643140312
ENSG00000115459,11,decreasing,11,-0.0077450813453295185,0.9541311643140312
ENSG00000147274,11,decreasing,10,-0.0057392953602805,0.9541311643140312
ENSG00000152601,11,decreasing,8,-0.004035338825912164,0.9541311643140312
ENSG00000154767,11,decreasing,8,0.007503871668930019,0.9541311643140312
ENSG00000169764,11,decreasing,10,0.05025896042454182,0.9541311643140312
ENSG00000180758,11,decreasing,11,-0.013534262399635092,0.9541311643140312
ENSG00000182197,11,decreasing,11,-0.023895114172564534,0.9541311643140312
ENSG00000196313,11,decreasing,10,-0.008692500672963755,0.9541311643140312
ENSG00000057608,11,decreasing,11,-0.009042639189762391,0.952315208892859
ENSG00000178951,11,decreasing,9,-0.002939383987723027,0.952315208892859
ENSG00000101266,11,decreasing,9,0.0019242187028521546,0.9523152088928589
ENSG00000134215,11,decreasing,11,-0.009052111943847736,0.9512819650125232
ENSG00000141568,11,decreasing,8,-0.0018820686108535543,0.9512819650125232
ENSG00000168615,11,decreasing,7,0.028715345442078932,0.9512819650125232
ENSG00000134900,11,decreasing,9,-0.020419927374293545,0.949466009591351
ENSG00000143156,11,decreasing,10,-0.004933552637268719,0.949466009591351
ENSG00000063978,11,decreasing,8,-0.006604748851037709,0.9494660095913509
ENSG00000082701,11,decreasing,10,-0.0052225885322160276,0.9494660095913509
ENSG00000089902,11,decreasing,8,0.0021311525406679816,0.9494660095913509
ENSG00000102753,11,decreasing,11,-0.007383460381317955,0.9494660095913509
ENSG00000114107,11,decreasing,9,-0.009420573472670828,0.9494660095913509
ENSG00000115839,11,decreasing,9,-0.0025066353758151,0.9494660095913509
ENSG00000126353,11,decreasing,11,-0.02181721877698706,0.9494660095913509
ENSG00000141084,11,decreasing,9,-0.0038588774076581274,0.9494660095913509
ENSG00000152332,11,decreasing,9,-0.023754281161886038,0.9494660095913509
ENSG00000173482,11,decreasing,9,-0.003288629170364818,0.9494660095913509
ENSG00000189430,11,decreasing,11,-0.011806531929049081,0.9494660095913509
ENSG00000222011,11,decreasing,11,-0.005101718639378964,0.9494660095913509
ENSG00000120910,11,decreasing,7,0.007502897278567672,0.9494660095913506
ENSG00000128284,11,decreasing,10,-0.03622486902594058,0.9494660095913506
ENSG00000168404,11,decreasing,10,-0.012342273933878527,0.9494660095913506
ENSG00000175105,11,decreasing,11,-0.018223578928190917,0.9494660095913506
ENSG00000196712,11,decreasing,10,-0.0018884403241139181,0.9494660095913506
ENSG00000113456,11,decreasing,7,-0.003998985468163636,0.9466168102898428
ENSG00000113742,11,decreasing,8,-0.01098473011350108,0.9466168102898428
ENSG00000120690,11,decreasing,6,-0.004275480704540373,0.9466168102898428
ENSG00000122884,11,decreasing,8,-0.007473508087653064,0.9466168102898428
ENSG00000145779,11,decreasing,7,0.0027077605142390455,0.9466168102898428
ENSG00000182606,11,increasing,6,0.005094592705359064,0.9466168102898428
ENSG00000166377,11,decreasing,6,0.003111425612213409,0.9466168102898426
ENSG00000105855,11,decreasing,11,-0.020758434674236673,0.9448008548686704
ENSG00000138081,11,decreasing,9,-4.789010451617295e-05,0.9448008548686704
ENSG00000183011,11,decreasing,11,-0.009026644581743855,0.9448008548686704
ENSG00000039123,11,decreasing,10,-0.007277331655133545,0.9448008548686702
ENSG00000054983,11,decreasing,10,-0.005992865723476645,0.9448008548686702
ENSG00000118217,11,decreasing,10,-0.02088868927208189,0.9448008548686702
ENSG00000147124,11,decreasing,11,-0.008039704411632199,0.9448008548686702
ENSG00000166233,11,decreasing,7,0.0006430867512590817,0.9448008548686702
ENSG00000183340,11,decreasing,11,-0.004774490811624363,0.9448008548686702
ENSG00000196776,11,decreasing,11,-0.01493045110639069,0.9448008548686702
ENSG00000074319,11,decreasing,11,-0.006287769463015283,0.9419516555671623
ENSG00000119541,11,decreasing,7,0.003119579930428509,0.9419516555671623
ENSG00000144426,11,decreasing,10,0.005057877792598745,0.9419516555671623
ENSG00000170776,11,decreasing,10,-0.0031368918881301273,0.9419516555671623
ENSG00000173166,11,decreasing,10,-0.008638996269170654,0.9419516555671623
ENSG00000175115,11,decreasing,7,0.004536386024225945,0.9419516555671623
ENSG00000176597,11,decreasing,11,-0.014003920088035554,0.9419516555671623
ENSG00000081985,11,increasing,6,0.026570778286929345,0.9419516555671621
ENSG00000102898,11,decreasing,11,-0.019111334031901774,0.9419516555671621
ENSG00000104219,11,decreasing,11,-0.007524790348392063,0.9419516555671621
ENSG00000121274,11,decreasing,7,0.0028426254890619273,0.9419516555671621
ENSG00000132694,11,decreasing,9,-0.011730566205501853,0.9419516555671621
ENSG00000136381,11,decreasing,9,-0.0017493360496731731,0.9419516555671621
ENSG00000138613,11,decreasing,10,-0.006748885614392692,0.9419516555671621
ENSG00000143190,11,increasing,6,0.0026364182040813995,0.9419516555671621
ENSG00000149761,11,decreasing,9,-0.009119446258321137,0.9419516555671621
ENSG00000164938,11,decreasing,11,-0.004618111962239545,0.9419516555671621
ENSG00000178974,11,decreasing,9,-0.0031113647150711366,0.9419516555671621
ENSG00000198742,11,decreasing,9,-0.0036646476057594457,0.9419516555671621
ENSG00000248905,11,decreasing,7,-0.0011670436744806634,0.9419516555671621
ENSG00000134882,11,decreasing,11,-0.006670110384319128,0.9401357001459899
ENSG00000197951,11,decreasing,11,-0.007707323991652637,0.9401357001459899
ENSG00000136603,11,decreasing,11,-0.0050176411117004,0.9401357001459897
ENSG00000007168,11,increasing,6,0.002413693284081227,0.939102456265654
ENSG00000053254,11,decreasing,11,-0.008069782986143,0.939102456265654
ENSG00000087589,11,decreasing,10,-0.004362151430994982,0.939102456265654
ENSG00000102699,11,decreasing,9,-0.0020191714269247904,0.939102456265654
ENSG00000147526,11,decreasing,9,0.041360047449003706,0.939102456265654
ENSG00000169084,11,decreasing,10,-0.03303954022940743,0.939102456265654
ENSG00000170871,11,decreasing,9,-0.0098566422419965,0.939102456265654
ENSG00000197548,11,decreasing,8,0.05209951190454056,0.939102456265654
ENSG00000051009,11,decreasing,10,-0.024245921940446627,0.9372865008444816
ENSG00000102858,11,decreasing,11,-0.0054718226907395275,0.9372865008444816
ENSG00000107929,11,decreasing,11,-0.008445153586717708,0.9372865008444816
ENSG00000110090,11,decreasing,11,-0.014122801593535217,0.9372865008444816
ENSG00000115008,11,decreasing,11,-0.006389060294844218,0.9372865008444816
ENSG00000115464,11,decreasing,9,-0.002098830629389427,0.9372865008444816
ENSG00000147421,11,decreasing,10,-0.00933589574229,0.9372865008444816
ENSG00000174796,11,decreasing,11,-0.014586058435374617,0.9372865008444816
ENSG00000234444,11,decreasing,11,-0.006043586443506172,0.9372865008444816
ENSG00000035403,11,decreasing,10,-0.0044303700897844545,0.9372865008444815
ENSG00000070770,11,decreasing,11,-0.01181107417489581,0.9372865008444815
ENSG00000082996,11,decreasing,11,-0.03159910867482482,0.9372865008444815
ENSG00000108599,11,decreasing,11,-0.006595782854529627,0.9372865008444815
ENSG00000132388,11,decreasing,10,-0.002626884727742,0.9372865008444815
ENSG00000133104,11,decreasing,11,-0.010054093771487754,0.9372865008444815
ENSG00000141198,11,decreasing,11,-0.00895642963509402,0.9372865008444815
ENSG00000154640,11,decreasing,10,-0.001985836913685691,0.9372865008444815
ENSG00000163539,11,decreasing,11,-0.016968229601390026,0.9372865008444815
ENSG00000178809,11,decreasing,11,-0.01234232754603919,0.9372865008444815
ENSG00000123104,11,decreasing,8,0.0005122500299666728,0.9344373015429736
ENSG00000161654,11,decreasing,10,-0.0053073566109549455,0.9344373015429736
ENSG00000166225,11,decreasing,7,-0.00036926873390947276,0.9344373015429736
ENSG00000174373,11,decreasing,9,-0.0039023915812330455,0.9344373015429736
ENSG00000048828,11,decreasing,9,-0.004283012119836782,0.9344373015429734
ENSG00000114416,11,increasing,6,0.0143306374815573,0.9344373015429734
ENSG00000163297,11,decreasing,11,-0.010220524075404601,0.9344373015429734
ENSG00000172578,11,decreasing,7,-0.002941028398755455,0.9344373015429734
ENSG00000130775,11,decreasing,10,-0.004628111429581082,0.9326213461218011
ENSG00000172375,11,decreasing,10,-0.02733074675776501,0.9326213461218011
ENSG00000102780,11,decreasing,11,-0.007850896483736927,0.932621346121801
ENSG00000119820,11,decreasing,10,-0.0019668881084004635,0.932621346121801
ENSG00000123329,11,decreasing,11,-0.0182872911412898,0.932621346121801
ENSG00000131263,11,decreasing,10,-0.007776331369267046,0.932621346121801
ENSG00000143106,11,decreasing,11,-0.015305999504096628,0.932621346121801
ENSG00000153310,11,decreasing,10,-0.003382638024293873,0.932621346121801
ENSG00000197965,11,decreasing,10,-0.0021054585542770276,0.932621346121801
ENSG00000198876,11,decreasing,11,-0.0023525685956399182,0.932621346121801
ENSG00000264545,11,decreasing,11,-0.005139634967959464,0.932621346121801
ENSG00000275066,11,decreasing,11,-0.0064355524183889005,0.932621346121801
ENSG00000182985,11,decreasing,9,-0.0038153885335724907,0.9297721468202931
ENSG00000100852,11,decreasing,10,-0.005296853416060754,0.929772146820293
ENSG00000117461,11,decreasing,8,-0.020930163398358594,0.929772146820293
ENSG00000131697,11,decreasing,10,-0.0022819684629492823,0.929772146820293
ENSG00000144724,11,decreasing,11,-0.019747985308848956,0.929772146820293
ENSG00000163428,11,decreasing,11,-0.013115816548887172,0.929772146820293
ENSG00000163512,11,decreasing,11,-0.005856481504923645,0.929772146820293
ENSG00000133812,11,decreasing,9,-0.005031785517726673,0.9297721468202927
ENSG00000219545,11,decreasing,11,-0.005966354888157382,0.9279561913991207
ENSG00000104812,11,decreasing,11,-0.010854960586146583,0.9279561913991206
ENSG00000128536,11,decreasing,11,-0.004203977111093609,0.9279561913991206
ENSG00000008128,11,decreasing,11,-0.028685558558875102,0.9279561913991204
ENSG00000112576,11,decreasing,11,-0.014388442666199529,0.9269229475187849
ENSG00000133962,11,decreasing,10,-0.01997368084532678,0.9269229475187849
ENSG00000154127,11,decreasing,10,-0.01654797233396009,0.9269229475187849
ENSG00000083520,11,decreasing,10,-0.0029825658184937094,0.9251069920976125
ENSG00000117713,11,decreasing,9,-0.0022608584299843456,0.9251069920976125
ENSG00000134644,11,decreasing,10,-0.009418343609987737,0.9251069920976125
ENSG00000029363,11,decreasing,11,-0.005552317948541873,0.9251069920976124
ENSG00000133112,11,decreasing,11,-0.004903491499733518,0.9222577927961043
ENSG00000005379,11,decreasing,11,-0.0022014885444969273,0.920441837374932
ENSG00000133275,11,decreasing,11,-0.0024026234635569363,0.920441837374932
ENSG00000136122,11,decreasing,11,-0.008530858519498091,0.920441837374932
ENSG00000213347,11,decreasing,11,-0.01363702248365939,0.920441837374932
ENSG00000084676,11,decreasing,11,-0.008397893279711173,0.9204418373749319
ENSG00000117091,11,decreasing,11,-0.006472078714515227,0.9204418373749319
ENSG00000186431,11,decreasing,11,-0.007474766197727564,0.9204418373749319
ENSG00000196730,11,decreasing,11,-0.003379879688996591,0.9204418373749319
ENSG00000286106,11,decreasing,10,-0.003041421827661418,0.9204418373749319
ENSG00000031081,11,decreasing,10,-0.011148939348204817,0.9175926380734238
ENSG00000003509,11,decreasing,11,-0.010671242432786837,0.9175926380734236
ENSG00000069702,11,decreasing,11,-0.005490266879419146,0.9175926380734236
ENSG00000145982,11,decreasing,11,-0.013052758163099865,0.9175926380734236
ENSG00000135297,11,decreasing,11,-0.0062946331098217454,0.9147434387719158
ENSG00000151893,11,decreasing,9,-0.004610569441343973,0.9147434387719158
ENSG00000139793,11,decreasing,6,-0.0035088408592547815,0.9147434387719156
ENSG00000117523,11,decreasing,8,0.009047526442796683,0.9129274833507434
ENSG00000197555,11,decreasing,10,-0.0033020491278773364,0.9100782840492351
ENSG00000023902,10,decreasing,9,-0.00823171901573085,1.0
ENSG00000125356,10,decreasing,9,-0.012611076977634961,1.0
ENSG00000133872,10,increasing,8,0.00830307898509785,1.0
ENSG00000116005,10,increasing,6,0.00929784693145166,0.9897366596101028
ENSG00000135373,10,decreasing,8,-0.01052961579007631,0.9897366596101028
ENSG00000141456,10,increasing,6,0.00570391827862887,0.9897366596101028
ENSG00000232593,10,decreasing,8,-0.00595285481436699,0.9897366596101028
ENSG00000047849,10,increasing,6,0.0040733266047293685,0.986602540378444
ENSG00000137337,10,decreasing,8,-0.00963575476631218,0.986602540378444
ENSG00000151466,10,decreasing,7,-0.0037273458554059518,0.986602540378444
ENSG00000198466,10,increasing,7,0.01966231131399562,0.986602540378444
ENSG00000108946,10,decreasing,9,-0.02173222900163516,0.9814708701834952
ENSG00000132676,10,increasing,5,0.020764753066160692,0.9814708701834952
ENSG00000166889,10,decreasing,7,0.00237989474516575,0.9814708701834952
ENSG00000166900,10,decreasing,10,-0.00926628937619576,0.9814708701834952
ENSG00000175348,10,increasing,7,0.025980829099598167,0.9814708701834952
ENSG00000180530,10,decreasing,10,-0.03798019594654634,0.9814708701834952
ENSG00000206560,10,increasing,5,-0.006547554559897151,0.9814708701834952
ENSG00000005187,10,decreasing,6,-0.0065759065023461,0.9763391999885467
ENSG00000107882,10,decreasing,9,-0.00738551934733047,0.9763391999885467
ENSG00000137824,10,decreasing,9,-0.00913558654158706,0.9763391999885467
ENSG00000169905,10,decreasing,6,0.00010317088060264011,0.9763391999885467
ENSG00000183943,10,decreasing,10,-0.0412052248360937,0.9763391999885467
ENSG00000035862,10,decreasing,7,-0.02441831167558873,0.9732050807568878
ENSG00000087274,10,increasing,8,0.01703958060827335,0.9732050807568878
ENSG00000103061,10,decreasing,7,-0.00026211802711237906,0.9732050807568878
ENSG00000104375,10,decreasing,6,-0.006679622604875091,0.9732050807568878
ENSG00000114933,10,increasing,6,0.0015091599429849591,0.9732050807568878
ENSG00000118985,10,decreasing,6,0.00204180297189925,0.9732050807568878
ENSG00000129083,10,increasing,6,0.007336594031377571,0.9732050807568878
ENSG00000142892,10,decreasing,5,0.007221944442144711,0.9732050807568878
ENSG00000169410,10,decreasing,9,-0.00451376792270262,0.9732050807568878
ENSG00000177156,10,decreasing,10,-0.02061197193291854,0.9732050807568878
ENSG00000205238,10,decreasing,7,-0.00670292429756769,0.9732050807568878
ENSG00000134440,10,decreasing,10,-0.007126008516230789,0.9712075297935983
ENSG00000172939,10,decreasing,6,0.00818440156121221,0.9712075297935983
ENSG00000248333,10,decreasing,7,-0.00168218651378036,0.9712075297935983
ENSG00000104872,10,decreasing,10,-0.00944086232780926,0.971207529793598
ENSG00000132716,10,decreasing,9,-0.00962993812905155,0.971207529793598
ENSG00000134744,10,increasing,5,-0.0016302498043241,0.971207529793598
ENSG00000205531,10,decreasing,8,-0.00206104615278847,0.971207529793598
ENSG00000241962,10,decreasing,8,0.00114640272984127,0.971207529793598
ENSG00000286221,10,decreasing,6,0.00039478660430649,0.971207529793598
ENSG00000072864,10,decreasing,6,-0.00322312140050401,0.9680734105619392
ENSG00000081189,10,decreasing,9,-0.00397358495465323,0.9680734105619392
ENSG00000095951,10,decreasing,6,-0.0003611466312388201,0.9680734105619392
ENSG00000099942,10,decreasing,9,-0.00809686680239485,0.9680734105619392
ENSG00000107290,10,decreasing,9,-0.01237721877034971,0.9680734105619392
ENSG00000114331,10,decreasing,6,-0.008333947666701381,0.9680734105619392
ENSG00000123268,10,decreasing,8,-0.009736772055524019,0.9680734105619392
ENSG00000135108,10,increasing,6,0.00623757723882401,0.9680734105619392
ENSG00000138078,10,decreasing,6,0.00131320932349737,0.9680734105619392
ENSG00000146094,10,decreasing,10,-0.02702248418753201,0.9680734105619392
ENSG00000146457,10,decreasing,6,0.00102465873577596,0.9680734105619392
ENSG00000156675,10,increasing,6,0.0017100505719485099,0.9680734105619392
ENSG00000163110,10,decreasing,6,0.006454625462402029,0.9680734105619392
ENSG00000163171,10,decreasing,9,0.02540315375764996,0.9680734105619392
ENSG00000163479,10,decreasing,10,-0.0623511400818658,0.9680734105619392
ENSG00000168137,10,decreasing,9,-0.02166175367984114,0.9680734105619392
ENSG00000173821,10,decreasing,8,-0.0029290343585764997,0.9680734105619392
ENSG00000189079,10,decreasing,7,-0.0021475488948323597,0.9680734105619392
ENSG00000285238,10,decreasing,5,0.012508050667298782,0.9680734105619392
ENSG00000133794,10,decreasing,9,-0.009440119005092529,0.9660758595986495
ENSG00000082212,10,decreasing,10,-0.017598579033798627,0.9660758595986494
ENSG00000071054,10,decreasing,8,-0.012470148578771389,0.9629417403669907
ENSG00000091640,10,decreasing,7,0.0017555149297544697,0.9629417403669907
ENSG00000092203,10,decreasing,6,0.0005521699112944601,0.9629417403669907
ENSG00000103319,10,decreasing,10,-0.046288338776326196,0.9629417403669907
ENSG00000110446,10,decreasing,10,-0.00582477065973041,0.9629417403669907
ENSG00000119471,10,increasing,7,0.00294689299981531,0.9629417403669907
ENSG00000137770,10,decreasing,9,-0.007748479350959539,0.9629417403669907
ENSG00000154217,10,increasing,5,0.00445253303789765,0.9629417403669907
ENSG00000166974,10,decreasing,9,-0.00738703237281358,0.9629417403669907
ENSG00000171631,10,decreasing,9,-0.0022246117090086695,0.9629417403669907
ENSG00000173692,10,decreasing,10,-0.01850934802928181,0.9629417403669907
ENSG00000177548,10,decreasing,7,0.00284606091953988,0.9629417403669907
ENSG00000204217,10,decreasing,9,-0.0166561114560527,0.9629417403669907
ENSG00000236383,10,decreasing,9,-0.0045016414335432,0.9629417403669907
ENSG00000073921,10,decreasing,10,-0.00702228634657039,0.9629417403669904
ENSG00000100345,10,decreasing,7,-0.0024410242394082406,0.9629417403669904
ENSG00000100380,10,decreasing,9,0.008163528854402,0.9629417403669904
ENSG00000103018,10,decreasing,8,-0.00370914395583198,0.9629417403669904
ENSG00000106683,10,decreasing,8,-0.00216718517619458,0.9629417403669904
ENSG00000116350,10,decreasing,7,-0.0001618101638751897,0.9629417403669904
ENSG00000119335,10,decreasing,9,-0.00509283954305811,0.9629417403669904
ENSG00000120071,10,decreasing,6,0.0031483096020800197,0.9629417403669904
ENSG00000132912,10,decreasing,6,0.00201610181285634,0.9629417403669904
ENSG00000133818,10,decreasing,6,-0.0021965690527839398,0.9629417403669904
ENSG00000141905,10,decreasing,10,-0.0261439467145959,0.9629417403669904
ENSG00000163513,10,decreasing,9,-0.04629101350321445,0.9629417403669904
ENSG00000170248,10,decreasing,9,-0.014661193991877309,0.9629417403669904
ENSG00000255872,10,decreasing,8,-0.01022927350909551,0.9629417403669904
ENSG00000111269,10,decreasing,10,-0.007517570080911281,0.9609441894037009
ENSG00000169193,10,decreasing,10,-0.08831753828266287,0.9609441894037009
ENSG00000109919,10,increasing,5,0.00246119249090077,0.9598076211353316
ENSG00000115966,10,decreasing,10,-0.01020914341463752,0.9598076211353316
ENSG00000120705,10,decreasing,6,0.0020727396704805197,0.9598076211353316
ENSG00000121390,10,decreasing,7,-0.00064035460439737,0.9598076211353316
ENSG00000132334,10,decreasing,8,-0.00207912604488914,0.9598076211353316
ENSG00000138744,10,decreasing,10,-0.015199346944673781,0.9598076211353316
ENSG00000152404,10,decreasing,8,-0.0177411800424637,0.9598076211353316
ENSG00000164609,10,decreasing,7,0.010970457932345582,0.9598076211353316
ENSG00000171853,10,decreasing,5,0.023822920190975788,0.9598076211353316
ENSG00000184432,10,decreasing,9,-0.00611891580375599,0.9598076211353316
ENSG00000112599,10,decreasing,10,-0.00959719393649804,0.9578100701720421
ENSG00000127527,10,decreasing,10,-0.006869968501347081,0.9578100701720421
ENSG00000131089,10,decreasing,8,-0.00179848970254682,0.9578100701720421
ENSG00000163811,10,decreasing,10,-0.00465743819431736,0.9578100701720421
ENSG00000187239,10,decreasing,7,-0.0022510094796988427,0.9578100701720421
ENSG00000065060,10,decreasing,10,-0.006616189292586711,0.957810070172042
ENSG00000077713,10,decreasing,7,-0.01947415139990519,0.957810070172042
ENSG00000100372,10,decreasing,10,-0.00396028609116741,0.957810070172042
ENSG00000118873,10,decreasing,7,0.023307287021320428,0.957810070172042
ENSG00000122483,10,decreasing,10,-0.006490574055568859,0.957810070172042
ENSG00000132846,10,decreasing,10,-0.03540469321038929,0.957810070172042
ENSG00000144357,10,decreasing,9,-0.00490214834154821,0.957810070172042
ENSG00000162688,10,decreasing,10,-0.00391321771070278,0.957810070172042
ENSG00000163902,10,decreasing,9,-0.00507694224047239,0.957810070172042
ENSG00000166387,10,decreasing,10,-0.0160531420508334,0.957810070172042
ENSG00000168958,10,decreasing,10,-0.028794741108753207,0.957810070172042
ENSG00000170144,10,decreasing,10,-0.0061645131838660595,0.957810070172042
ENSG00000174238,10,decreasing,8,-0.01362475037304168,0.957810070172042
ENSG00000176095,10,decreasing,9,-0.0059567999132426695,0.957810070172042
ENSG00000004897,10,decreasing,6,-9.52925914255101e-05,0.954675950940383
ENSG00000075884,10,decreasing,7,-0.00873985948905873,0.954675950940383
ENSG00000077254,10,decreasing,8,0.00731071305132034,0.954675950940383
ENSG00000079739,10,decreasing,10,-0.02191269399082193,0.954675950940383
ENSG00000084073,10,decreasing,10,-0.006753104778729389,0.954675950940383
ENSG00000091409,10,decreasing,9,-0.06139374563443083,0.954675950940383
ENSG00000102172,10,decreasing,7,-0.01564255211920097,0.954675950940383
ENSG00000103994,10,decreasing,8,-0.01134626195642334,0.954675950940383
ENSG00000113391,10,decreasing,8,-0.005491024628128749,0.954675950940383
ENSG00000131626,10,decreasing,6,-0.0023866165210029607,0.954675950940383
ENSG00000131748,10,increasing,7,0.01069974630963164,0.954675950940383
ENSG00000138029,10,decreasing,8,0.00482915421552848,0.954675950940383
ENSG00000139178,10,decreasing,8,-0.0012826847660806899,0.954675950940383
ENSG00000140941,10,increasing,7,0.01824440517263176,0.954675950940383
ENSG00000152348,10,decreasing,7,0.0018663131063814003,0.954675950940383
ENSG00000153048,10,decreasing,9,-0.004872405456589081,0.954675950940383
ENSG00000157540,10,decreasing,10,-0.007633782341189489,0.954675950940383
ENSG00000162852,10,decreasing,8,0.00013941022914817002,0.954675950940383
ENSG00000164142,10,decreasing,6,0.029006510029900973,0.954675950940383
ENSG00000164329,10,increasing,5,0.0053380082116293,0.954675950940383
ENSG00000175556,10,decreasing,6,0.0076068020725076095,0.954675950940383
ENSG00000182827,10,decreasing,9,-0.0275639431903625,0.954675950940383
ENSG00000186517,10,decreasing,10,-0.014078795641750819,0.954675950940383
ENSG00000188647,10,decreasing,6,-0.008119545879292249,0.954675950940383
ENSG00000197157,10,decreasing,6,-0.026918522761352186,0.954675950940383
ENSG00000197562,10,decreasing,9,-0.01607372561625195,0.954675950940383
ENSG00000198589,10,decreasing,7,0.0017505399842557192,0.954675950940383
ENSG00000052795,10,decreasing,8,0.0026087350830279604,0.9526783999770935
ENSG00000063601,10,decreasing,10,-0.00670915022513994,0.9526783999770935
ENSG00000073417,10,decreasing,10,-0.00409457858099818,0.9526783999770935
ENSG00000075151,10,decreasing,7,0.00878436512033399,0.9526783999770935
ENSG00000104365,10,decreasing,10,-0.01075909862701782,0.9526783999770935
ENSG00000105887,10,decreasing,10,-0.00187225401795298,0.9526783999770935
ENSG00000113328,10,decreasing,9,-0.0072674473038219,0.9526783999770935
ENSG00000117472,10,decreasing,9,0.00247052968224542,0.9526783999770935
ENSG00000122033,10,decreasing,7,0.004774816068904489,0.9526783999770935
ENSG00000170142,10,decreasing,10,-0.0069528323867657695,0.9526783999770935
ENSG00000170946,10,decreasing,10,-0.00756249680651844,0.9526783999770935
ENSG00000180773,10,decreasing,10,-0.0061911580188962,0.9526783999770935
ENSG00000189091,10,decreasing,10,-0.0033184992433448004,0.9526783999770935
ENSG00000070961,10,decreasing,10,-0.00798742773349521,0.9526783999770932
ENSG00000164754,10,decreasing,10,-0.00592284774445554,0.9526783999770932
ENSG00000271503,10,decreasing,10,-0.00588179634096192,0.9526783999770932
ENSG00000137642,10,decreasing,6,-0.0005564148692210304,0.9495442807454346
ENSG00000167323,10,decreasing,10,-0.00396274046647736,0.9495442807454346
ENSG00000062194,10,decreasing,10,-0.005744049880185479,0.9495442807454344
ENSG00000078304,10,decreasing,10,-0.00569792126471738,0.9495442807454344
ENSG00000078747,10,decreasing,9,-0.0061419352433399,0.9495442807454344
ENSG00000081026,10,decreasing,9,-0.006140874741535229,0.9495442807454344
ENSG00000110448,10,decreasing,9,-0.01019959378251486,0.9495442807454344
ENSG00000111142,10,decreasing,10,-0.01862548771441781,0.9495442807454344
ENSG00000113384,10,decreasing,10,-0.00792750944084604,0.9495442807454344
ENSG00000115760,10,decreasing,8,-0.00148794055103985,0.9495442807454344
ENSG00000123338,10,decreasing,7,0.0018502233707143802,0.9495442807454344
ENSG00000132294,10,decreasing,10,-0.02131351674378378,0.9495442807454344
ENSG00000133121,10,decreasing,9,-0.010568839491863168,0.9495442807454344
ENSG00000134545,10,decreasing,10,-0.01680540136167384,0.9495442807454344
ENSG00000138443,10,decreasing,8,0.0034217963146022197,0.9495442807454344
ENSG00000163291,10,decreasing,10,-0.03317442871727393,0.9495442807454344
ENSG00000165704,10,decreasing,10,-0.013736658966358731,0.9495442807454344
ENSG00000166439,10,decreasing,7,-0.010815150763459482,0.9495442807454344
ENSG00000173230,10,decreasing,8,0.00888969296044514,0.9495442807454344
ENSG00000177663,10,decreasing,9,0.00274497585569113,0.9495442807454344
ENSG00000186153,10,decreasing,9,-0.00378722979842867,0.9495442807454344
ENSG00000196396,10,decreasing,6,0.0007370985979803002,0.9495442807454344
ENSG00000197081,10,decreasing,8,-0.0042442462267917105,0.9495442807454344
ENSG00000242485,10,decreasing,10,-0.02618502770049886,0.9495442807454344
ENSG00000257390,10,decreasing,8,0.006007199410256151,0.9495442807454344
ENSG00000271425,10,decreasing,8,-0.009901070529784822,0.9495442807454344
ENSG00000037749,10,decreasing,10,-0.0034471561778263203,0.9475467297821449
ENSG00000126070,10,decreasing,10,-0.00297187342465598,0.9475467297821449
ENSG00000042493,10,decreasing,9,-0.06099210763332463,0.9475467297821447
ENSG00000056097,10,decreasing,9,-0.016500284120193293,0.9475467297821447
ENSG00000189337,10,decreasing,9,-0.00447636803055426,0.9475467297821447
ENSG00000006607,10,decreasing,9,-0.0054067175889515595,0.9464101615137755
ENSG00000069943,10,decreasing,6,-0.0034179404650934607,0.9464101615137755
ENSG00000088387,10,increasing,6,-0.0010503350521526198,0.9464101615137755
ENSG00000112159,10,increasing,6,0.00401229081829835,0.9464101615137755
ENSG00000121210,10,decreasing,9,0.003360510876884039,0.9464101615137755
ENSG00000121879,10,decreasing,10,-0.00735647914865948,0.9464101615137755
ENSG00000122515,10,decreasing,7,-0.0023047308018468997,0.9464101615137755
ENSG00000132964,10,decreasing,10,-0.01080845216040269,0.9464101615137755
ENSG00000140395,10,increasing,6,0.01340168309245543,0.9464101615137755
ENSG00000145725,10,decreasing,7,0.00136888345008227,0.9464101615137755
ENSG00000160710,10,decreasing,6,-0.00106559064718822,0.9464101615137755
ENSG00000175662,10,increasing,6,0.00794818185274029,0.9464101615137755
ENSG00000028277,10,decreasing,8,-0.01559606510391997,0.9444126105504859
ENSG00000099337,10,decreasing,9,-0.02313093015842621,0.9444126105504859
ENSG00000105397,10,decreasing,9,-0.00514844439002539,0.9444126105504859
ENSG00000116209,10,decreasing,10,-0.00249154540005368,0.9444126105504859
ENSG00000120519,10,decreasing,10,-0.013873694722589019,0.9444126105504859
ENSG00000122566,10,decreasing,10,-0.006508399178520941,0.9444126105504859
ENSG00000123739,10,decreasing,10,-0.00470115212320564,0.9444126105504859
ENSG00000135046,10,decreasing,9,-0.00987577843037358,0.9444126105504859
ENSG00000138756,10,decreasing,9,-0.00915610887168611,0.9444126105504859
ENSG00000139514,10,decreasing,8,-0.00570263889765261,0.9444126105504859
ENSG00000147138,10,decreasing,8,-0.01052918829831936,0.9444126105504859
ENSG00000163788,10,decreasing,10,-0.017322796328649758,0.9444126105504859
ENSG00000167202,10,decreasing,10,-0.00763408342235376,0.9444126105504859
ENSG00000167286,10,decreasing,9,-0.0023492055339203897,0.9444126105504859
ENSG00000285283,10,decreasing,10,-0.014324357677639529,0.9444126105504859
ENSG00000074416,10,decreasing,9,-0.00423312052754837,0.9444126105504858
ENSG00000107643,10,decreasing,9,0.001262419716661731,0.9444126105504858
ENSG00000116266,10,decreasing,9,-0.0035576654461597704,0.9444126105504858
ENSG00000158636,10,decreasing,10,-0.00505746796724266,0.9444126105504858
ENSG00000171132,10,decreasing,7,-0.01635952728780648,0.9444126105504858
ENSG00000196504,10,decreasing,9,-0.012835356083949489,0.9444126105504858
ENSG00000001084,10,increasing,6,-0.00411429498980862,0.941278491318827
ENSG00000004534,10,decreasing,7,0.0005684337339770401,0.941278491318827
ENSG00000031003,10,decreasing,7,0.01030857179529302,0.941278491318827
ENSG00000031698,10,decreasing,6,0.01112723041413823,0.941278491318827
ENSG00000072518,10,decreasing,9,-0.00767026950303281,0.941278491318827
ENSG00000100994,10,decreasing,6,-0.00403608650010815,0.941278491318827
ENSG00000106771,10,decreasing,9,-0.01728392885617229,0.941278491318827
ENSG00000110497,10,decreasing,7,0.00379492046939483,0.941278491318827
ENSG00000117682,10,decreasing,8,-0.0087311487524467,0.941278491318827
ENSG00000136238,10,decreasing,8,-0.00382458914878391,0.941278491318827
ENSG00000136891,10,decreasing,6,-0.00783536360555013,0.941278491318827
ENSG00000139132,10,decreasing,9,-0.006110359960167769,0.941278491318827
ENSG00000144468,10,decreasing,9,-0.00623014876861365,0.941278491318827
ENSG00000145730,10,decreasing,8,-0.00922313125446582,0.941278491318827
ENSG00000153317,10,decreasing,10,-0.010022901444194479,0.941278491318827
ENSG00000154845,10,decreasing,9,0.0024997951697779,0.941278491318827
ENSG00000158195,10,decreasing,9,-0.00420255368980141,0.941278491318827
ENSG00000169155,10,decreasing,7,-0.017553953959616158,0.941278491318827
ENSG00000198026,10,decreasing,8,-0.01157285209779574,0.941278491318827
ENSG00000064419,10,decreasing,9,0.00315122016636452,0.9412784913188268
ENSG00000085377,10,decreasing,7,-0.0114617017930862,0.9412784913188268
ENSG00000057704,10,decreasing,10,-0.0107122430714251,0.9392809403555373
ENSG00000108100,10,decreasing,9,-0.0035604060206168102,0.9392809403555373
ENSG00000112379,10,decreasing,9,-0.0096086592326483,0.9392809403555373
ENSG00000129255,10,decreasing,10,-0.00475843808688126,0.9392809403555373
ENSG00000165359,10,increasing,6,0.00422661636008207,0.9392809403555373
ENSG00000198900,10,decreasing,10,-0.007909079660590951,0.9392809403555373
ENSG00000254087,10,decreasing,9,-0.00311707837809548,0.9392809403555373
ENSG00000104218,10,decreasing,10,-0.013424274504181618,0.9392809403555372
ENSG00000104324,10,decreasing,10,-0.00246401331786885,0.9392809403555372
ENSG00000170364,10,decreasing,10,-0.00362709323710683,0.9392809403555372
ENSG00000106009,10,decreasing,9,-0.00290752652022934,0.9361468211238785
ENSG00000106829,10,decreasing,8,0.00109592366778776,0.9361468211238785
ENSG00000114127,10,decreasing,10,-0.00528888709755812,0.9361468211238785
ENSG00000120616,10,decreasing,7,0.02012348702384793,0.9361468211238785
ENSG00000084112,10,decreasing,7,-0.0012310649974235002,0.9361468211238784
ENSG00000084733,10,decreasing,9,-0.00297043341146659,0.9361468211238784
ENSG00000127220,10,decreasing,10,-0.06160754054332037,0.9361468211238784
ENSG00000129675,10,decreasing,9,-0.004682943681835141,0.9361468211238784
ENSG00000132549,10,decreasing,10,-0.00323264664202721,0.9361468211238784
ENSG00000135018,10,decreasing,9,-0.007200317080036811,0.9361468211238784
ENSG00000135250,10,decreasing,8,-0.00306447356535162,0.9361468211238784
ENSG00000150867,10,decreasing,10,-0.01854437788156072,0.9361468211238784
ENSG00000153406,10,decreasing,8,-0.009372186453133941,0.9361468211238784
ENSG00000165733,10,decreasing,10,-0.00578190445127285,0.9361468211238784
ENSG00000171843,10,decreasing,8,-0.00031728465547063017,0.9361468211238784
ENSG00000198604,10,decreasing,10,-0.01127266457874233,0.9361468211238784
ENSG00000217930,10,decreasing,8,-0.030541807451207208,0.9361468211238784
ENSG00000128815,10,decreasing,10,-0.00543309283895684,0.9341492701605887
ENSG00000132842,10,decreasing,10,-0.00540348462951602,0.9341492701605887
ENSG00000197826,10,decreasing,10,-0.00419316256795209,0.9341492701605887
ENSG00000054611,10,decreasing,8,-0.021116555977264178,0.9330127018922194
ENSG00000071242,10,decreasing,9,-0.0062701186147826994,0.9330127018922194
ENSG00000083097,10,decreasing,8,-0.00347312691031572,0.9330127018922194
ENSG00000089916,10,decreasing,6,-0.002038707925755053,0.9330127018922194
ENSG00000097007,10,decreasing,8,-0.00432560962169245,0.9330127018922194
ENSG00000099194,10,decreasing,9,-0.0080111009698032,0.9330127018922194
ENSG00000108219,10,decreasing,6,-0.0009936495752388397,0.9330127018922194
ENSG00000114120,10,decreasing,9,-0.00962131641967798,0.9330127018922194
ENSG00000125753,10,decreasing,7,-0.0005433659362768501,0.9330127018922194
ENSG00000133678,10,decreasing,9,-0.00275872672872778,0.9330127018922194
ENSG00000135968,10,decreasing,9,-0.00933573687838659,0.9330127018922194
ENSG00000136868,10,decreasing,9,-0.015708497736439862,0.9330127018922194
ENSG00000138175,10,increasing,5,-0.0035329330897948498,0.9330127018922194
ENSG00000140577,10,decreasing,10,-0.02179310697625962,0.9330127018922194
ENSG00000149179,10,decreasing,8,-0.0043748135196396195,0.9330127018922194
ENSG00000157500,10,decreasing,9,0.00856049095564051,0.9330127018922194
ENSG00000172340,10,decreasing,9,-0.015639640001660092,0.9330127018922194
ENSG00000184178,10,decreasing,10,-0.01219937868069487,0.9330127018922194
ENSG00000213639,10,decreasing,9,-0.03762187772983343,0.9330127018922194
ENSG00000215301,10,decreasing,9,-0.00944424415520503,0.9330127018922194
ENSG00000250349,10,decreasing,8,-0.00723878300682272,0.9330127018922194
ENSG00000005884,10,decreasing,6,0.0006458668271611999,0.9310151509289298
ENSG00000103056,10,decreasing,8,-0.00989985562148699,0.9310151509289298
ENSG00000105483,10,decreasing,10,-0.00975420708668862,0.9310151509289298
ENSG00000113595,10,decreasing,10,-0.00617507807450313,0.9310151509289298
ENSG00000132207,10,decreasing,9,-0.008232900510906142,0.9310151509289298
ENSG00000135077,10,decreasing,10,-0.005406577208452499,0.9310151509289298
ENSG00000164118,10,decreasing,10,-0.06627257463444339,0.9310151509289298
ENSG00000165140,10,decreasing,10,-0.0048455260836721996,0.9310151509289298
ENSG00000165959,10,decreasing,10,-0.0062276267538723205,0.9310151509289298
ENSG00000277400,10,decreasing,10,-0.00632233674403256,0.9310151509289298
ENSG00000107581,10,decreasing,10,-0.00691288855513503,0.9310151509289296
ENSG00000120798,10,decreasing,6,0.011780485487968551,0.9310151509289296
ENSG00000122482,10,decreasing,10,-0.00526426696434681,0.9310151509289296
ENSG00000125304,10,decreasing,10,-0.01030691298741921,0.9310151509289296
ENSG00000239388,10,decreasing,10,-0.04884437615962779,0.9310151509289296
ENSG00000183726,10,decreasing,10,-0.01563994308883197,0.92901759996564
ENSG00000070540,10,decreasing,9,-0.02286991994308677,0.927881031697271
ENSG00000123384,10,decreasing,10,-0.0127912268979495,0.927881031697271
ENSG00000113318,10,decreasing,8,-0.0014433304501372305,0.9278810316972708
ENSG00000133393,10,decreasing,9,-0.0005185818572069803,0.9278810316972708
ENSG00000140455,10,decreasing,6,-0.0167121119249254,0.9278810316972708
ENSG00000164169,10,decreasing,10,-0.0123830870537217,0.9278810316972708
ENSG00000198839,10,decreasing,10,-0.04570835316915623,0.9278810316972708
ENSG00000111652,10,decreasing,9,-0.014911428819351442,0.9258834807339813
ENSG00000155542,10,decreasing,10,-0.00226876102522643,0.9258834807339813
ENSG00000285043,10,decreasing,10,-0.016938737743079323,0.9258834807339813
ENSG00000114999,10,decreasing,10,-0.00516566083264917,0.9258834807339811
ENSG00000119787,10,decreasing,10,-0.02666653891861636,0.9258834807339811
ENSG00000120254,10,decreasing,10,-0.01220822380918323,0.9258834807339811
ENSG00000137075,10,decreasing,10,-0.009109286259344821,0.9258834807339811
ENSG00000148019,10,decreasing,8,-0.0007775558822823599,0.9258834807339811
ENSG00000172086,10,decreasing,10,-0.00358876764215267,0.9258834807339811
ENSG00000072858,10,decreasing,9,-0.01173100777586009,0.9227493615023222
ENSG00000120029,10,decreasing,10,-0.01024289598853847,0.9227493615023222
ENSG00000120699,10,decreasing,9,-0.0047266627992480995,0.9227493615023222
ENSG00000137266,10,decreasing,8,-0.00275040689990457,0.9227493615023222
ENSG00000156958,10,decreasing,10,-0.0039830811274021004,0.9227493615023222
ENSG00000189308,10,decreasing,10,-0.00613971875631308,0.9227493615023222
ENSG00000197312,10,decreasing,7,0.0007194622395306702,0.9227493615023222
ENSG00000197386,10,decreasing,9,-0.01427421422230934,0.9227493615023222
ENSG00000048649,10,decreasing,9,-0.00621857549359648,0.9196152422706634
ENSG00000054267,10,decreasing,10,-0.00729502304906005,0.9196152422706634
ENSG00000090905,10,decreasing,10,-0.01041624563264016,0.9196152422706634
ENSG00000095383,10,decreasing,9,-0.01275951825672689,0.9196152422706634
ENSG00000099331,10,decreasing,8,-0.04719852139097327,0.9196152422706634
ENSG00000100124,10,decreasing,8,-0.0022754948016391703,0.9196152422706634
ENSG00000105176,10,decreasing,9,-0.00318593461401801,0.9196152422706634
ENSG00000114166,10,decreasing,10,-0.00585824725451976,0.9196152422706634
ENSG00000124207,10,decreasing,7,-0.0005840368205877499,0.9196152422706634
ENSG00000131979,10,decreasing,9,-0.005680322571624969,0.9196152422706634
ENSG00000138777,10,decreasing,7,-0.00047018803786239,0.9196152422706634
ENSG00000164663,10,decreasing,10,-0.0066665937829878605,0.9196152422706634
ENSG00000170962,10,decreasing,10,-0.014215361276350239,0.9196152422706634
ENSG00000198879,10,decreasing,8,-0.0065235561534331705,0.9196152422706634
ENSG00000213066,10,decreasing,9,-0.0027709628943951995,0.9196152422706634
ENSG00000130413,10,decreasing,10,-0.00947092000760196,0.9176176913073737
ENSG00000155016,10,decreasing,10,-0.0063915061227716894,0.9176176913073737
ENSG00000164649,10,decreasing,9,-0.02024942114925457,0.9176176913073737
ENSG00000137491,10,decreasing,9,-0.00426690700617718,0.9176176913073736
ENSG00000164506,10,decreasing,10,-0.00729322727428703,0.9176176913073736
ENSG00000011405,10,decreasing,8,0.0022521566134323504,0.9144835720757147
ENSG00000033170,10,decreasing,10,-0.01404330276793308,0.9144835720757147
ENSG00000144635,10,decreasing,10,-0.008963421570527649,0.9144835720757147
ENSG00000170525,10,decreasing,6,0.004223846568061076,0.9144835720757147
ENSG00000085433,10,decreasing,10,-0.0036736334528536,0.9062177826491071
ENSG00000159086,10,decreasing,10,-0.031088526127170807,0.9062177826491071
ENSG00000160789,10,decreasing,9,-0.01289074625766283,0.9062177826491071
ENSG00000182621,10,decreasing,10,-0.053307275150793254,0.9062177826491071
ENSG00000198752,10,decreasing,9,-0.00499804844756311,0.9062177826491071
ENSG00000144455,10,decreasing,10,-0.00597155421279056,0.8928203230275511
ENSG00000065000,9,increasing,9,0.008900138599626689,1.0
ENSG00000070756,9,decreasing,7,0.006072523676617855,1.0
ENSG00000090372,9,decreasing,9,-0.032755468828572866,1.0
ENSG00000113194,9,increasing,6,0.027131088863356675,1.0
ENSG00000184903,9,increasing,5,0.007655151314544067,1.0
ENSG00000086062,9,decreasing,7,-0.0014999931654465554,0.994298144227835
ENSG00000141867,9,decreasing,5,-0.02086473293698364,0.994298144227835
ENSG00000011454,9,decreasing,5,-0.0025503186880477553,0.9851139337538266
ENSG00000101782,9,increasing,6,0.0067251171545921,0.9851139337538266
ENSG00000110713,9,decreasing,7,-0.005338326942694789,0.9851139337538266
ENSG00000114030,9,decreasing,6,0.008487004713168246,0.9851139337538266
ENSG00000121281,9,increasing,7,0.07094180712706662,0.9851139337538266
ENSG00000143393,9,increasing,6,0.03741448660189151,0.9851139337538266
ENSG00000146833,9,decreasing,5,-6.3804958339004474e-06,0.9851139337538266
ENSG00000161638,9,increasing,7,0.020868485221362146,0.9851139337538266
ENSG00000163162,9,decreasing,5,-0.006816210963468877,0.9851139337538266
ENSG00000164031,9,decreasing,7,-0.004155584646119755,0.9851139337538266
ENSG00000164463,9,increasing,6,0.004374604237312866,0.9851139337538266
ENSG00000168769,9,decreasing,5,0.021800427101096226,0.9851139337538266
ENSG00000169641,9,decreasing,7,-0.006380874760677668,0.9851139337538266
ENSG00000182022,9,decreasing,8,-0.028057510417293978,0.9851139337538266
ENSG00000183826,9,decreasing,5,-0.0004844047958985287,0.9851139337538266
ENSG00000283761,9,decreasing,6,0.0029601948340504678,0.9851139337538266
ENSG00000009307,9,decreasing,8,-0.012567165255413688,0.9828944326835045
ENSG00000067064,9,decreasing,7,-0.0029380075164370223,0.9828944326835045
ENSG00000132825,9,decreasing,8,-0.0024753190890894777,0.9828944326835045
ENSG00000135457,9,decreasing,7,0.003267674635573044,0.9828944326835045
ENSG00000165195,9,decreasing,9,-0.011119226348722111,0.9828944326835045
ENSG00000101972,9,decreasing,7,-0.04239492323145488,0.9794120779816614
ENSG00000103066,9,decreasing,5,0.0033223487090647662,0.9794120779816614
ENSG00000103248,9,decreasing,6,0.0003602016556600333,0.9794120779816614
ENSG00000108306,9,decreasing,9,-0.006673008081845389,0.9794120779816614
ENSG00000113712,9,decreasing,7,0.0008834603117831666,0.9794120779816614
ENSG00000116478,9,increasing,5,0.003866483083974622,0.9794120779816614
ENSG00000116704,9,decreasing,7,-0.000512715191993711,0.9794120779816614
ENSG00000125354,9,decreasing,6,0.0024968277125816327,0.9794120779816614
ENSG00000129657,9,increasing,6,0.0077403759195063555,0.9794120779816614
ENSG00000131507,9,decreasing,6,-0.0008162127928943555,0.9794120779816614
ENSG00000131828,9,decreasing,6,-0.014196938724186278,0.9794120779816614
ENSG00000136560,9,decreasing,5,0.0054100521931469666,0.9794120779816614
ENSG00000141279,9,decreasing,8,-0.011552294399993399,0.9794120779816614
ENSG00000145736,9,increasing,6,0.02636856223435067,0.9794120779816614
ENSG00000147912,9,decreasing,7,-0.05001432391828082,0.9794120779816614
ENSG00000156026,9,increasing,7,0.024151210797818932,0.9794120779816614
ENSG00000164190,9,increasing,5,-0.001900726157188144,0.9794120779816614
ENSG00000176261,9,decreasing,7,-0.004536321539767311,0.9794120779816614
ENSG00000196850,9,decreasing,7,-0.0027292607197041668,0.9794120779816614
ENSG00000198064,9,decreasing,5,0.0013778179585435446,0.9794120779816614
ENSG00000277117,9,decreasing,7,-0.002563039003127444,0.9794120779816614
ENSG00000288534,9,decreasing,7,0.010087793404817089,0.9794120779816614
ENSG00000205060,9,decreasing,8,-0.004944993414501489,0.9771925769113395
ENSG00000018189,9,decreasing,7,-0.0026484594521556,0.9737102222094963
ENSG00000038532,9,increasing,5,0.008010702428579,0.9737102222094963
ENSG00000081320,9,decreasing,9,-0.012046716455641144,0.9737102222094963
ENSG00000111540,9,decreasing,5,0.001953301236997466,0.9737102222094963
ENSG00000112282,9,decreasing,9,-0.005090305658999612,0.9737102222094963
ENSG00000116489,9,decreasing,7,-0.0266016506371779,0.9737102222094963
ENSG00000131966,9,decreasing,7,0.002776732684152577,0.9737102222094963
ENSG00000132589,9,decreasing,9,-0.026977322290971967,0.9737102222094963
ENSG00000138640,9,decreasing,7,-0.0034953439258059446,0.9737102222094963
ENSG00000138750,9,decreasing,7,-0.0011027280418414223,0.9737102222094963
ENSG00000143401,9,decreasing,7,-0.0055941797118274,0.9737102222094963
ENSG00000144560,9,decreasing,7,-0.0015379271256127554,0.9737102222094963
ENSG00000146872,9,decreasing,7,-0.003532438333273056,0.9737102222094963
ENSG00000153922,9,decreasing,8,-0.011638119760224866,0.9737102222094963
ENSG00000171045,9,decreasing,9,-0.005600599449527367,0.9737102222094963
ENSG00000188690,9,decreasing,8,-0.019776545509527413,0.9737102222094963
ENSG00000197622,9,decreasing,5,0.005982505806193033,0.9737102222094963
ENSG00000198792,9,decreasing,5,-0.0011569262268547667,0.9737102222094963
ENSG00000255730,9,decreasing,8,-0.009295158898879089,0.9737102222094963
ENSG00000003402,9,decreasing,5,-0.013595123950180678,0.9702278675076532
ENSG00000007341,9,decreasing,6,-0.01788202127144148,0.9702278675076532
ENSG00000023228,9,decreasing,6,-0.011119850341499933,0.9702278675076532
ENSG00000054965,9,decreasing,8,-0.015472926703273989,0.9702278675076532
ENSG00000068366,9,increasing,6,0.025700061294544448,0.9702278675076532
ENSG00000068903,9,decreasing,6,-0.009867094521712867,0.9702278675076532
ENSG00000072786,9,increasing,5,0.0122392135866473,0.9702278675076532
ENSG00000089123,9,decreasing,5,0.0007924730544464445,0.9702278675076532
ENSG00000090565,9,decreasing,5,0.007459916797062035,0.9702278675076532
ENSG00000103091,9,decreasing,7,-0.01419074650109768,0.9702278675076532
ENSG00000103187,9,decreasing,7,-0.03301935826706381,0.9702278675076532
ENSG00000107771,9,decreasing,5,0.006532437497485999,0.9702278675076532
ENSG00000109381,9,decreasing,8,-0.0130616027597871,0.9702278675076532
ENSG00000112305,9,increasing,6,0.0065390782262307,0.9702278675076532
ENSG00000114648,9,decreasing,7,-0.0007880829231376891,0.9702278675076532
ENSG00000115977,9,decreasing,6,0.0382970911436463,0.9702278675076532
ENSG00000116473,9,increasing,6,0.022856332721148512,0.9702278675076532
ENSG00000118939,9,decreasing,8,-0.017293519472172777,0.9702278675076532
ENSG00000135317,9,decreasing,7,-0.01633436088494032,0.9702278675076532
ENSG00000135341,9,decreasing,6,0.0022699873082461333,0.9702278675076532
ENSG00000141506,9,decreasing,7,-0.007123445042742121,0.9702278675076532
ENSG00000147853,9,decreasing,8,-0.0033094355101953,0.9702278675076532
ENSG00000153214,9,increasing,6,0.0036557332632339667,0.9702278675076532
ENSG00000154001,9,decreasing,9,-0.02051145428192178,0.9702278675076532
ENSG00000164924,9,increasing,5,0.018651852008235176,0.9702278675076532
ENSG00000168385,9,increasing,5,0.015670217097329613,0.9702278675076532
ENSG00000182670,9,decreasing,5,-0.00040578540935193335,0.9702278675076532
ENSG00000198814,9,decreasing,5,-0.0019877783407089445,0.9702278675076532
ENSG00000275052,9,decreasing,7,-0.034496538334046464,0.9702278675076532
ENSG00000028839,9,decreasing,8,-0.018784945649321934,0.9680083664373313
ENSG00000109943,9,decreasing,9,-0.00771149596018929,0.9680083664373313
ENSG00000124702,9,decreasing,9,-0.01140091667765889,0.9680083664373313
ENSG00000182541,9,decreasing,8,-0.0018019299355485888,0.9680083664373313
ENSG00000005893,9,decreasing,9,-0.004047332440983477,0.9680083664373311
ENSG00000070882,9,decreasing,7,0.0011773398818431219,0.9680083664373311
ENSG00000110077,9,decreasing,8,-0.0046656580408619775,0.9680083664373311
ENSG00000151014,9,decreasing,9,-0.014462234842137977,0.9680083664373311
ENSG00000172613,9,decreasing,9,-0.03078148317638081,0.9680083664373311
ENSG00000179119,9,decreasing,8,-0.016295856941740454,0.9680083664373311
ENSG00000179912,9,decreasing,9,-0.007347606422563011,0.9680083664373311
ENSG00000185619,9,decreasing,8,-0.02402578562208599,0.9680083664373311
ENSG00000205744,9,decreasing,7,-0.005061153920257088,0.9680083664373311
ENSG00000005810,9,decreasing,7,-0.007744233385767988,0.9645260117354879
ENSG00000007923,9,decreasing,8,-0.06740386486321853,0.9645260117354879
ENSG00000028203,9,decreasing,8,-0.0041804873033279445,0.9645260117354879
ENSG00000033800,9,increasing,5,-0.0022809291569573665,0.9645260117354879
ENSG00000039319,9,increasing,5,0.010047922766451712,0.9645260117354879
ENSG00000072110,9,decreasing,6,-0.005632734607890464,0.9645260117354879
ENSG00000072364,9,decreasing,7,-0.0007454008817117443,0.9645260117354879
ENSG00000092199,9,decreasing,7,-0.0019093043609487669,0.9645260117354879
ENSG00000097033,9,decreasing,7,0.0014814795223242773,0.9645260117354879
ENSG00000107938,9,decreasing,7,-0.010366404094668578,0.9645260117354879
ENSG00000110321,9,decreasing,7,-0.0075750382137133665,0.9645260117354879
ENSG00000110851,9,decreasing,9,-0.007191760398237778,0.9645260117354879
ENSG00000132953,9,decreasing,8,-0.005619836090747322,0.9645260117354879
ENSG00000151491,9,decreasing,6,-0.0012937454948693998,0.9645260117354879
ENSG00000164074,9,decreasing,6,-0.008263899861590132,0.9645260117354879
ENSG00000171681,9,decreasing,5,0.02240639164917628,0.9645260117354879
ENSG00000172785,9,increasing,5,0.0013978184143127667,0.9645260117354879
ENSG00000175727,9,decreasing,7,-0.0027579202273769776,0.9645260117354879
ENSG00000175806,9,decreasing,6,-0.003754820147057845,0.9645260117354879
ENSG00000176623,9,decreasing,7,-0.003347383846079367,0.9645260117354879
ENSG00000186566,9,decreasing,8,-0.041118839469322516,0.9645260117354879
ENSG00000221914,9,decreasing,7,-0.006183616773768688,0.9645260117354879
ENSG00000228696,9,decreasing,7,-0.013778030045146644,0.9645260117354879
ENSG00000243207,9,decreasing,9,-0.006186709126579911,0.9645260117354879
ENSG00000083720,9,decreasing,9,-0.003589364102331267,0.9623065106651661
ENSG00000131725,9,decreasing,8,-0.002926708818966189,0.9623065106651661
ENSG00000135241,9,decreasing,8,-0.005156569129591911,0.9623065106651661
ENSG00000154822,9,decreasing,8,-0.003737187844585611,0.9623065106651661
ENSG00000168792,9,decreasing,9,-0.012999955512826379,0.9623065106651661
ENSG00000100485,9,decreasing,7,0.005751950690321989,0.9623065106651659
ENSG00000107372,9,decreasing,9,-0.006767172309534099,0.9623065106651659
ENSG00000143772,9,decreasing,8,-0.0006547934847278887,0.9623065106651659
ENSG00000157916,9,decreasing,8,-0.0051456492559338995,0.9623065106651659
ENSG00000104881,9,decreasing,9,-0.004778857246519688,0.9588241559633229
ENSG00000153560,9,decreasing,8,-0.005415781978642789,0.9588241559633229
ENSG00000163349,9,decreasing,7,-0.003056015427091289,0.9588241559633229
ENSG00000165630,9,increasing,5,0.003921286593935688,0.9588241559633229
ENSG00000172349,9,decreasing,9,-0.02147673936767443,0.9588241559633229
ENSG00000198399,9,decreasing,8,-0.0016559411020615887,0.9588241559633229
ENSG00000047346,9,decreasing,8,-0.002811995305752145,0.9588241559633227
ENSG00000085224,9,decreasing,7,-0.0043557444134592555,0.9588241559633227
ENSG00000106560,9,decreasing,8,-0.0035854896240671446,0.9588241559633227
ENSG00000118596,9,decreasing,9,-0.014891172695079133,0.9588241559633227
ENSG00000120533,9,decreasing,8,-0.0046668128358961555,0.9588241559633227
ENSG00000124172,9,decreasing,8,-0.0074984298599739445,0.9588241559633227
ENSG00000124203,9,decreasing,9,-0.004205808491550989,0.9588241559633227
ENSG00000131013,9,decreasing,7,-0.0015001793733227223,0.9588241559633227
ENSG00000131171,9,decreasing,7,-0.0036538985513075778,0.9588241559633227
ENSG00000135837,9,decreasing,6,0.008703847907759223,0.9588241559633227
ENSG00000137161,9,decreasing,5,-0.0006770311692434111,0.9588241559633227
ENSG00000140836,9,decreasing,8,-0.0027987165762057556,0.9588241559633227
ENSG00000165209,9,decreasing,8,-0.0027744543978435333,0.9588241559633227
ENSG00000172183,9,decreasing,5,0.010095669883860589,0.9588241559633227
ENSG00000180628,9,decreasing,5,-0.0005642769145456888,0.9588241559633227
ENSG00000196743,9,decreasing,6,0.0005975318185851334,0.9588241559633227
ENSG00000196814,9,decreasing,7,-0.002495129200612233,0.9588241559633227
ENSG00000197912,9,decreasing,8,-0.005079027293376611,0.9588241559633227
ENSG00000198162,9,decreasing,6,-0.003319214937565455,0.9588241559633227
ENSG00000198648,9,decreasing,7,0.0021782548763000786,0.9588241559633227
ENSG00000284461,9,decreasing,6,-0.012188445707031812,0.9588241559633227
ENSG00000010278,9,decreasing,7,-0.041960954286792244,0.9553418012614796
ENSG00000018408,9,decreasing,7,0.00026424627295516725,0.9553418012614796
ENSG00000033327,9,increasing,5,-0.0018050379135606666,0.9553418012614796
ENSG00000076685,9,decreasing,8,-0.0036293274223885555,0.9553418012614796
ENSG00000092871,9,decreasing,5,-3.176717937858901e-05,0.9553418012614796
ENSG00000105053,9,decreasing,8,-0.03434151596490988,0.9553418012614796
ENSG00000112237,9,decreasing,8,-0.011987745957489878,0.9553418012614796
ENSG00000118260,9,decreasing,8,-0.005100204488075067,0.9553418012614796
ENSG00000128595,9,decreasing,9,-0.006119409250046122,0.9553418012614796
ENSG00000128607,9,increasing,8,0.01308742480141519,0.9553418012614796
ENSG00000133313,9,increasing,5,0.009094143831909533,0.9553418012614796
ENSG00000137947,9,decreasing,7,-0.006878980235062678,0.9553418012614796
ENSG00000138101,9,decreasing,7,0.008563757480251778,0.9553418012614796
ENSG00000153814,9,decreasing,6,0.0056043852517438,0.9553418012614796
ENSG00000162819,9,increasing,5,0.004577611636654089,0.9553418012614796
ENSG00000169499,9,decreasing,6,-0.001638571744280667,0.9553418012614796
ENSG00000169599,9,decreasing,8,-0.010457564309023889,0.9553418012614796
ENSG00000176809,9,decreasing,5,0.0002552845247054555,0.9553418012614796
ENSG00000181038,9,decreasing,7,-0.005549398548541934,0.9553418012614796
ENSG00000197771,9,decreasing,5,0.002381312902318489,0.9553418012614796
ENSG00000198060,9,decreasing,5,0.011177411731325212,0.9553418012614796
ENSG00000082805,9,decreasing,9,-0.006703671016804711,0.9531223001911577
ENSG00000104237,9,decreasing,9,-0.011031327365910544,0.9531223001911577
ENSG00000108055,9,decreasing,6,0.0006883126289446891,0.9531223001911577
ENSG00000113273,9,decreasing,8,-0.0017245087530571668,0.9531223001911577
ENSG00000124357,9,decreasing,9,-0.006474089362153078,0.9531223001911577
ENSG00000133195,9,decreasing,8,-0.02134239609062217,0.9531223001911577
ENSG00000135677,9,decreasing,9,-0.004563193204742856,0.9531223001911577
ENSG00000135821,9,decreasing,9,-0.0045180362318396556,0.9531223001911577
ENSG00000138835,9,decreasing,9,-0.006916936595677778,0.9531223001911577
ENSG00000148358,9,decreasing,7,0.0007297817099245108,0.9531223001911577
ENSG00000150540,9,decreasing,8,-0.0078582454044082,0.9531223001911577
ENSG00000161671,9,decreasing,8,-0.010078976661968045,0.9531223001911577
ENSG00000177575,9,decreasing,8,-0.007225005761591889,0.9531223001911577
ENSG00000181788,9,decreasing,9,-0.008646846263609667,0.9531223001911577
ENSG00000213047,9,decreasing,9,-0.005311174643489378,0.9531223001911577
ENSG00000283189,9,decreasing,6,-0.0019084393100982217,0.9531223001911577
ENSG00000054654,9,decreasing,5,-0.008624469838065855,0.9496399454893145
ENSG00000065413,9,decreasing,7,0.03588608022508829,0.9496399454893145
ENSG00000080845,9,decreasing,9,-0.017672027841976856,0.9496399454893145
ENSG00000103534,9,decreasing,6,-0.0009753539245043444,0.9496399454893145
ENSG00000108433,9,decreasing,8,-0.0026405258138064,0.9496399454893145
ENSG00000108799,9,decreasing,9,-0.010814461156615822,0.9496399454893145
ENSG00000111371,9,increasing,5,0.006669314461335834,0.9496399454893145
ENSG00000120899,9,decreasing,5,0.006728501734252655,0.9496399454893145
ENSG00000122591,9,decreasing,7,-0.004214001261826122,0.9496399454893145
ENSG00000123908,9,decreasing,7,-0.0015785682230020446,0.9496399454893145
ENSG00000127314,9,decreasing,9,-0.0148649365650201,0.9496399454893145
ENSG00000132323,9,increasing,5,0.005313967548042,0.9496399454893145
ENSG00000134152,9,decreasing,7,0.0007026933494839333,0.9496399454893145
ENSG00000134313,9,decreasing,6,0.007974821858730267,0.9496399454893145
ENSG00000135362,9,decreasing,8,-0.01053887660564889,0.9496399454893145
ENSG00000135829,9,decreasing,5,-2.8284656792211037e-05,0.9496399454893145
ENSG00000137343,9,decreasing,5,0.0013751555287016888,0.9496399454893145
ENSG00000139597,9,decreasing,8,-0.01617258394503931,0.9496399454893145
ENSG00000139687,9,decreasing,8,-0.004082218294317856,0.9496399454893145
ENSG00000144224,9,decreasing,8,-0.011846020898695778,0.9496399454893145
ENSG00000149212,9,decreasing,7,-0.004983382584847645,0.9496399454893145
ENSG00000151694,9,decreasing,7,-0.005394352879752522,0.9496399454893145
ENSG00000152291,9,decreasing,5,0.017207870279329837,0.9496399454893145
ENSG00000154124,9,decreasing,9,-0.008331013020104956,0.9496399454893145
ENSG00000156313,9,decreasing,8,0.011154321964713122,0.9496399454893145
ENSG00000163683,9,decreasing,8,0.0008203239785601667,0.9496399454893145
ENSG00000166471,9,decreasing,5,0.010897858729786535,0.9496399454893145
ENSG00000168807,9,decreasing,7,0.006155404656809001,0.9496399454893145
ENSG00000170085,9,decreasing,8,-0.008261245670875134,0.9496399454893145
ENSG00000170325,9,decreasing,7,-9.23445525892237e-06,0.9496399454893145
ENSG00000170430,9,decreasing,7,-0.024276362311567344,0.9496399454893145
ENSG00000173226,9,increasing,5,0.004644504256662745,0.9496399454893145
ENSG00000176407,9,decreasing,6,-0.004705860799604288,0.9496399454893145
ENSG00000204514,9,increasing,5,0.0019115343180422224,0.9496399454893145
ENSG00000213020,9,decreasing,6,-0.0035209421578652556,0.9496399454893145
ENSG00000023330,9,decreasing,8,-0.002704734706701989,0.9474204444189928
ENSG00000104884,9,decreasing,8,-0.005330771923844233,0.9474204444189928
ENSG00000172322,9,decreasing,9,-0.007076070019299988,0.9474204444189928
ENSG00000177879,9,decreasing,8,-0.004745711972205056,0.9474204444189928
ENSG00000179889,9,decreasing,8,-0.0122755983133409,0.9474204444189928
ENSG00000254673,9,decreasing,9,-0.019935326695812952,0.9474204444189928
ENSG00000067066,9,decreasing,8,-0.0013427252168204445,0.9439380897171495
ENSG00000113312,9,decreasing,9,-0.0070061756822022885,0.9439380897171495
ENSG00000131779,9,decreasing,9,-0.011690005636557222,0.9439380897171495
ENSG00000196782,9,decreasing,9,-0.004206719446981744,0.9439380897171495
ENSG00000007392,9,decreasing,9,-0.004271691911037622,0.9439380897171493
ENSG00000053918,9,increasing,5,-0.0007864340106144663,0.9439380897171493
ENSG00000062485,9,decreasing,6,0.00927373561927989,0.9439380897171493
ENSG00000068724,9,decreasing,7,-0.002397245632115089,0.9439380897171493
ENSG00000070476,9,decreasing,6,0.0072980496351247,0.9439380897171493
ENSG00000076554,9,decreasing,5,-0.0014716359609765553,0.9439380897171493
ENSG00000101109,9,decreasing,5,-0.002528017579999056,0.9439380897171493
ENSG00000119048,9,decreasing,9,-0.02947648840767751,0.9439380897171493
ENSG00000119953,9,decreasing,9,-0.009156336113183288,0.9439380897171493
ENSG00000122359,9,decreasing,9,-0.0043529049686177,0.9439380897171493
ENSG00000125482,9,decreasing,8,-0.006098241787371044,0.9439380897171493
ENSG00000125952,9,decreasing,8,-0.004830842353437767,0.9439380897171493
ENSG00000128699,9,decreasing,9,-0.02810833366709561,0.9439380897171493
ENSG00000130520,9,decreasing,5,-0.0009547169315358445,0.9439380897171493
ENSG00000132670,9,decreasing,9,-0.007944760442636822,0.9439380897171493
ENSG00000133193,9,decreasing,9,-0.0053306283946935006,0.9439380897171493
ENSG00000139517,9,decreasing,6,0.011465108466048889,0.9439380897171493
ENSG00000139842,9,decreasing,9,-0.010841782025528655,0.9439380897171493
ENSG00000140386,9,decreasing,5,0.012458432768188678,0.9439380897171493
ENSG00000141376,9,decreasing,9,-0.005069621599561911,0.9439380897171493
ENSG00000141968,9,decreasing,9,-0.016622809495351644,0.9439380897171493
ENSG00000144036,9,decreasing,9,-0.027609950508288225,0.9439380897171493
ENSG00000154016,9,decreasing,9,-0.012312213993670322,0.9439380897171493
ENSG00000156170,9,decreasing,8,-0.0072911094680235666,0.9439380897171493
ENSG00000162511,9,decreasing,8,-0.006426952519221488,0.9439380897171493
ENSG00000177311,9,decreasing,8,-0.003587984317029422,0.9439380897171493
ENSG00000177463,9,decreasing,8,-0.008112336195970356,0.9439380897171493
ENSG00000179454,9,decreasing,8,-0.0021194044262616996,0.9439380897171493
ENSG00000185420,9,decreasing,8,-0.005663479315833778,0.9439380897171493
ENSG00000188529,9,decreasing,8,-0.007562832540954733,0.9439380897171493
ENSG00000196182,9,decreasing,7,-0.011667467652646233,0.9439380897171493
ENSG00000197766,9,decreasing,7,-0.0026780393497307115,0.9439380897171493
ENSG00000263809,9,decreasing,9,-0.005675739411406922,0.9439380897171493
ENSG00000280987,9,decreasing,8,-0.0036621440041626663,0.9439380897171493
ENSG00000085788,9,decreasing,9,-0.01838995362454551,0.9417185886468276
ENSG00000122641,9,decreasing,8,-0.003009168892742867,0.9417185886468276
ENSG00000064313,9,increasing,5,0.011622806441957888,0.9404557350153061
ENSG00000065613,9,increasing,5,0.012416209098446578,0.9404557350153061
ENSG00000066336,9,decreasing,9,-0.02119977855887268,0.9404557350153061
ENSG00000066933,9,decreasing,5,0.0037123359384280776,0.9404557350153061
ENSG00000076641,9,decreasing,7,-0.007732027848687478,0.9404557350153061
ENSG00000078124,9,decreasing,7,-0.014582536442335755,0.9404557350153061
ENSG00000080802,9,decreasing,6,-0.0021067775411764,0.9404557350153061
ENSG00000085365,9,decreasing,9,-0.007516381495868577,0.9404557350153061
ENSG00000100731,9,decreasing,8,-0.008876783733415088,0.9404557350153061
ENSG00000105186,9,decreasing,8,-0.014801713971226578,0.9404557350153061
ENSG00000111266,9,decreasing,8,-0.006761805552895089,0.9404557350153061
ENSG00000115415,9,decreasing,8,-0.004299378226900044,0.9404557350153061
ENSG00000119318,9,decreasing,7,0.0033801169295395003,0.9404557350153061
ENSG00000119686,9,decreasing,7,-0.0005447881500090333,0.9404557350153061
ENSG00000125844,9,decreasing,6,-0.016408954759008644,0.9404557350153061
ENSG00000127804,9,decreasing,7,-0.0009028302024403553,0.9404557350153061
ENSG00000136371,9,decreasing,6,0.0004255733983686776,0.9404557350153061
ENSG00000140396,9,decreasing,8,-0.007169470567755522,0.9404557350153061
ENSG00000143376,9,decreasing,7,-0.008155905112092722,0.9404557350153061
ENSG00000146909,9,decreasing,5,-0.004878461953770201,0.9404557350153061
ENSG00000151779,9,decreasing,8,-0.006790964603599434,0.9404557350153061
ENSG00000155629,9,decreasing,9,-0.008397424895087222,0.9404557350153061
ENSG00000158019,9,decreasing,8,-0.004738527666090477,0.9404557350153061
ENSG00000162616,9,decreasing,7,0.0004291236714906666,0.9404557350153061
ENSG00000175029,9,decreasing,8,-0.01159059095511831,0.9404557350153061
ENSG00000176463,9,decreasing,9,-0.007177371975567044,0.9404557350153061
ENSG00000177853,9,decreasing,7,-0.0008319633375128221,0.9404557350153061
ENSG00000181704,9,decreasing,8,-0.008655876920666434,0.9404557350153061
ENSG00000197329,9,decreasing,7,-4.367774562752232e-05,0.9404557350153061
ENSG00000198874,9,decreasing,9,-0.0273208085077093,0.9404557350153061
ENSG00000234127,9,increasing,5,-0.0006540696068627891,0.9404557350153061
ENSG00000241399,9,decreasing,7,0.023263120344512934,0.9404557350153061
ENSG00000248592,9,decreasing,8,-0.011194154618282545,0.9404557350153061
ENSG00000249437,9,decreasing,6,-0.0005239345495632775,0.9404557350153061
ENSG00000288558,9,decreasing,9,-0.010969862478791233,0.9404557350153061
ENSG00000054118,9,decreasing,7,-0.00708574594305059,0.9382362339449843
ENSG00000070718,9,decreasing,9,-0.015028457474122967,0.9382362339449843
ENSG00000100528,9,decreasing,8,-0.004886357431948811,0.9382362339449843
ENSG00000105329,9,decreasing,8,-0.005896618069959745,0.9382362339449843
ENSG00000121766,9,decreasing,8,-0.009573699993879255,0.9382362339449843
ENSG00000122882,9,decreasing,6,-0.00840669680353371,0.9382362339449843
ENSG00000125740,9,decreasing,9,-0.005271479063509056,0.9382362339449843
ENSG00000133392,9,decreasing,9,-0.005189212196702166,0.9382362339449843
ENSG00000137842,9,decreasing,8,0.00036656597317513326,0.9382362339449843
ENSG00000138002,9,decreasing,8,-0.007910612600425733,0.9382362339449843
ENSG00000140521,9,decreasing,9,-0.0259960198085872,0.9382362339449843
ENSG00000162496,9,decreasing,8,-0.003954230349030667,0.9382362339449843
ENSG00000166478,9,decreasing,8,-0.002635962517261522,0.9382362339449843
ENSG00000166582,9,decreasing,8,-0.003031032121070622,0.9382362339449843
ENSG00000166997,9,decreasing,8,-0.004474920991287956,0.9382362339449843
ENSG00000172081,9,decreasing,9,-0.003601105082102956,0.9382362339449843
ENSG00000185591,9,decreasing,9,-0.018006468926902986,0.9382362339449843
ENSG00000103502,9,decreasing,9,-0.004518901444457466,0.9382362339449841
ENSG00000125772,9,decreasing,9,-0.010318995841136588,0.9382362339449841
ENSG00000130304,9,decreasing,8,-0.003787990558634733,0.9382362339449841
ENSG00000139354,9,decreasing,8,0.011074174335143844,0.9382362339449841
ENSG00000107736,9,decreasing,9,-0.012128180428763945,0.9360167328746625
ENSG00000007047,9,decreasing,8,-0.0028330034353157333,0.9347538792431411
ENSG00000085511,9,decreasing,6,-0.00684533987322632,0.9347538792431411
ENSG00000115998,9,decreasing,5,0.002706146295146845,0.9347538792431411
ENSG00000119231,9,decreasing,7,-0.0036054905191035885,0.9347538792431411
ENSG00000125037,9,decreasing,8,-0.0026112417092322,0.9347538792431411
ENSG00000143226,9,decreasing,6,-0.018150787764578943,0.9347538792431411
ENSG00000153201,9,decreasing,7,-0.002511474883303678,0.9347538792431411
ENSG00000154447,9,decreasing,8,-0.002840792766207078,0.9347538792431411
ENSG00000158669,9,decreasing,8,-0.004324421235450589,0.9347538792431411
ENSG00000162407,9,decreasing,8,-0.008318269018439954,0.9347538792431411
ENSG00000171928,9,decreasing,8,-0.011184159549222755,0.9347538792431411
ENSG00000185219,9,decreasing,9,-0.023448213228742854,0.9347538792431411
ENSG00000186298,9,decreasing,6,-0.001658901051158111,0.9347538792431411
ENSG00000005059,9,decreasing,9,-0.014352361034895879,0.9347538792431409
ENSG00000057663,9,decreasing,6,-0.00048395003373959974,0.9347538792431409
ENSG00000087365,9,decreasing,6,-0.0010354409508120674,0.9347538792431409
ENSG00000092439,9,decreasing,6,-0.0013577025252483445,0.9347538792431409
ENSG00000108587,9,decreasing,8,-0.01350075526794258,0.9347538792431409
ENSG00000109436,9,decreasing,9,-0.0106222893625243,0.9347538792431409
ENSG00000112685,9,decreasing,6,0.040066428068727206,0.9347538792431409
ENSG00000138674,9,decreasing,7,-0.0028917169383689224,0.9347538792431409
ENSG00000140632,9,decreasing,9,-0.0040826912671692445,0.9347538792431409
ENSG00000147996,9,decreasing,6,0.00038952438686046655,0.9347538792431409
ENSG00000150938,9,decreasing,8,-0.0007720264839432336,0.9347538792431409
ENSG00000166128,9,decreasing,9,-0.00983793922629599,0.9347538792431409
ENSG00000185716,9,decreasing,9,-0.01673398704943649,0.9347538792431409
ENSG00000189152,9,decreasing,9,-0.020343783234460712,0.9347538792431409
ENSG00000204178,9,decreasing,7,-0.001787459366384389,0.9347538792431409
ENSG00000100796,9,decreasing,9,-0.003940752685177756,0.9325343781728191
ENSG00000119801,9,decreasing,9,-0.004705438309771367,0.9325343781728191
ENSG00000130038,9,decreasing,9,-0.012537339370369344,0.9325343781728191
ENSG00000145287,9,decreasing,9,-0.003290780859980811,0.9325343781728191
ENSG00000150907,9,decreasing,9,-0.005065469914030545,0.9325343781728191
ENSG00000189190,9,decreasing,9,-0.007943853180755488,0.9325343781728191
ENSG00000056586,9,decreasing,9,-0.0049187521589669336,0.9290520234709759
ENSG00000062650,9,decreasing,9,-0.004358458677350256,0.9290520234709759
ENSG00000103978,9,decreasing,8,-0.005984175348732256,0.9290520234709759
ENSG00000105552,9,decreasing,7,-0.004540438263257211,0.9290520234709759
ENSG00000108474,9,decreasing,9,-0.01015604196874959,0.9290520234709759
ENSG00000113532,9,decreasing,8,-0.004616752273841666,0.9290520234709759
ENSG00000123146,9,decreasing,9,-0.005972442185252077,0.9290520234709759
ENSG00000131873,9,decreasing,9,-0.0553366809721021,0.9290520234709759
ENSG00000138660,9,decreasing,7,-0.0032585017887241555,0.9290520234709759
ENSG00000149541,9,decreasing,8,-0.00955638661796429,0.9290520234709759
ENSG00000161011,9,decreasing,7,0.003263938132167545,0.9290520234709759
ENSG00000163348,9,decreasing,9,-0.009462074375466211,0.9290520234709759
ENSG00000169398,9,decreasing,7,0.005460094523660268,0.9290520234709759
ENSG00000170471,9,decreasing,9,-0.02326310612749963,0.9290520234709759
ENSG00000179532,9,decreasing,9,-0.0058875958061105,0.9290520234709759
ENSG00000275740,9,decreasing,8,-0.009803402698815068,0.9290520234709759
ENSG00000188906,9,decreasing,6,0.008594355517223436,0.9268325224006541
ENSG00000044115,9,decreasing,6,-0.0012339833143680558,0.9255696687691327
ENSG00000068354,9,decreasing,8,-0.0014973189041310895,0.9255696687691327
ENSG00000069956,9,decreasing,9,-0.021329286943874308,0.9255696687691327
ENSG00000085491,9,decreasing,9,-0.005762623928978822,0.9255696687691327
ENSG00000102158,9,decreasing,6,0.023182201975820545,0.9255696687691327
ENSG00000102189,9,decreasing,9,-0.022260169981903433,0.9255696687691327
ENSG00000109689,9,decreasing,7,-0.0010988445141154,0.9255696687691327
ENSG00000118363,9,decreasing,5,-0.0011045309214443222,0.9255696687691327
ENSG00000123600,9,decreasing,8,-0.014848481744248678,0.9255696687691327
ENSG00000123636,9,decreasing,6,0.006969200639648033,0.9255696687691327
ENSG00000124198,9,decreasing,7,-0.0021466709081043667,0.9255696687691327
ENSG00000130363,9,decreasing,8,-0.007056414424534756,0.9255696687691327
ENSG00000131018,9,decreasing,7,0.006303961416540779,0.9255696687691327
ENSG00000137492,9,decreasing,8,-0.0017889392781207008,0.9255696687691327
ENSG00000140853,9,decreasing,6,0.0041506473572917,0.9255696687691327
ENSG00000143324,9,decreasing,9,-0.008296906953370622,0.9255696687691327
ENSG00000144504,9,decreasing,5,0.004350258067928666,0.9255696687691327
ENSG00000152422,9,decreasing,8,-0.010297541037343167,0.9255696687691327
ENSG00000153006,9,decreasing,8,-0.004360235717286,0.9255696687691327
ENSG00000155849,9,decreasing,8,0.008794982836702702,0.9255696687691327
ENSG00000164221,9,decreasing,8,0.004888643665862044,0.9255696687691327
ENSG00000165714,9,decreasing,9,-0.019426656935472842,0.9255696687691327
ENSG00000169118,9,decreasing,7,-0.013547627661834486,0.9255696687691327
ENSG00000182054,9,decreasing,8,-0.0019461316037064557,0.9255696687691327
ENSG00000198898,9,decreasing,7,-0.015472774696076044,0.9255696687691327
ENSG00000204842,9,decreasing,8,-0.00914047322081109,0.9255696687691327
ENSG00000238083,9,decreasing,8,-0.004921591110995333,0.9255696687691327
ENSG00000027697,9,decreasing,8,-0.0036794576546956004,0.923350167698811
ENSG00000073008,9,decreasing,8,-0.0049767268666503555,0.923350167698811
ENSG00000078674,9,decreasing,8,-0.0033123037253101556,0.923350167698811
ENSG00000124486,9,decreasing,8,-0.007121071846041644,0.923350167698811
ENSG00000144744,9,decreasing,9,-0.008729748393356867,0.923350167698811
ENSG00000156931,9,decreasing,9,-0.0035110268225744443,0.923350167698811
ENSG00000182359,9,decreasing,9,-0.0067500234690448776,0.923350167698811
ENSG00000183323,9,decreasing,9,-0.0030524797987282666,0.923350167698811
ENSG00000186088,9,decreasing,9,-0.002699472154296178,0.923350167698811
ENSG00000189350,9,decreasing,9,-0.0037532865062135778,0.923350167698811
ENSG00000197070,9,decreasing,9,-0.0041114004849797,0.923350167698811
ENSG00000068308,9,decreasing,5,0.006995581831716866,0.9198678129969675
ENSG00000101773,9,decreasing,9,-0.02203669638549362,0.9198678129969675
ENSG00000110583,9,decreasing,8,-0.011171674349875356,0.9198678129969675
ENSG00000159216,9,decreasing,6,0.023252157767486535,0.9198678129969675
ENSG00000160746,9,decreasing,8,-0.006092103625612333,0.9198678129969675
ENSG00000162434,9,decreasing,9,-0.024880545195826775,0.9198678129969675
ENSG00000164023,9,decreasing,8,-0.0032515686739330667,0.9198678129969675
ENSG00000173889,9,decreasing,8,-0.012081596601188543,0.9198678129969675
ENSG00000176102,9,decreasing,9,-0.0409624274692972,0.9198678129969675
ENSG00000196586,9,decreasing,8,-0.015774641302965575,0.9198678129969675
ENSG00000197747,9,decreasing,8,-0.0045340215206102225,0.9198678129969675
ENSG00000266412,9,decreasing,7,-0.0035346096294389226,0.9198678129969675
ENSG00000106635,9,decreasing,9,-0.004562199884876222,0.9176483119266456
ENSG00000137210,9,decreasing,9,-0.003117539782682722,0.9176483119266456
ENSG00000181381,9,decreasing,9,-0.005188824995542733,0.9176483119266456
ENSG00000103064,9,decreasing,9,-0.004166863235333055,0.9141659572248025
ENSG00000112297,9,decreasing,9,-0.006928108347922066,0.9141659572248025
ENSG00000119778,9,decreasing,9,-0.01624466270541151,0.9141659572248025
ENSG00000165071,9,decreasing,9,-0.013465029752135356,0.9141659572248025
ENSG00000169629,9,decreasing,7,-0.004973742399484622,0.9141659572248025
ENSG00000172243,9,decreasing,9,-0.008249584753083655,0.9141659572248025
ENSG00000180891,9,decreasing,9,-0.005614372932058467,0.9141659572248025
ENSG00000189171,9,decreasing,8,-0.008774744027322333,0.9141659572248025
ENSG00000128708,9,decreasing,9,-0.002750209414663378,0.9119464561544807
ENSG00000101336,9,decreasing,9,-0.005102273570121433,0.9106836025229591
ENSG00000113269,9,decreasing,9,-0.01027606886372861,0.9106836025229591
ENSG00000119906,9,decreasing,8,-0.02103363509988749,0.9106836025229591
ENSG00000137857,9,decreasing,9,-0.007232187198385855,0.9106836025229591
ENSG00000141252,9,decreasing,7,-0.010038070496372144,0.9106836025229591
ENSG00000162959,9,decreasing,8,-0.04188268388606518,0.9106836025229591
ENSG00000164815,9,decreasing,9,-0.006797762467599444,0.9106836025229591
ENSG00000169554,9,decreasing,9,-0.0032036163263647333,0.9106836025229591
ENSG00000188641,9,decreasing,9,-0.023988225663397356,0.9106836025229591
ENSG00000135655,9,decreasing,8,-0.020019551855114625,0.9084641014526373
ENSG00000080546,9,decreasing,9,-0.0040735750299677,0.9049817467507941
ENSG00000127329,9,decreasing,9,-0.002614907702198322,0.9049817467507941
ENSG00000144535,9,decreasing,6,-0.010525880617585411,0.9049817467507941
ENSG00000099250,9,decreasing,8,-0.028134586734506434,0.8957975362767857
ENSG00000101464,9,decreasing,8,-0.02715630203802719,0.8957975362767857
ENSG00000102763,9,decreasing,9,-0.014764261689633922,0.8957975362767857
ENSG00000104325,9,decreasing,8,-0.010309132670905856,0.8957975362767857
ENSG00000197943,9,decreasing,9,-0.007603359586905334,0.8957975362767857
ENSG00000114013,9,decreasing,9,-0.005230387548464322,0.8809114700306122
ENSG00000049247,8,increasing,6,0.007755094621395925,1.0
ENSG00000101745,8,increasing,5,0.0030776446972799122,1.0
ENSG00000124496,8,decreasing,8,-0.05073667887393569,1.0
ENSG00000135387,8,decreasing,5,0.0016610759317770125,1.0
ENSG00000138413,8,decreasing,5,0.0027965866952997377,1.0
ENSG00000159363,8,decreasing,4,0.01742360314256375,1.0
ENSG00000171735,8,decreasing,5,0.019944341228480014,1.0
ENSG00000009335,8,increasing,4,0.0027617711368946377,0.9935854122563142
ENSG00000065135,8,increasing,7,0.061830876068387275,0.9935854122563142
ENSG00000072501,8,increasing,4,0.05146532052459561,0.9935854122563142
ENSG00000156110,8,decreasing,8,-0.011113807584027488,0.9935854122563142
ENSG00000167657,8,decreasing,8,-0.05044458964538,0.9935854122563142
ENSG00000170581,8,decreasing,6,-0.0006123788840868372,0.9935854122563142
ENSG00000176788,8,decreasing,7,-0.01943781798155511,0.9935854122563142
ENSG00000185722,8,decreasing,8,-0.0080113034742023,0.9935854122563142
ENSG00000116898,8,decreasing,8,-0.038183120232196985,0.9871708245126285
ENSG00000014123,8,increasing,4,5.156330158227469e-05,0.9832531754730549
ENSG00000062716,8,increasing,4,-0.05433661366600475,0.9832531754730549
ENSG00000107341,8,decreasing,4,0.0034797589034820126,0.9832531754730549
ENSG00000108107,8,decreasing,4,0.002113520914205412,0.9832531754730549
ENSG00000113441,8,decreasing,4,0.014901399509293837,0.9832531754730549
ENSG00000120093,8,decreasing,8,-0.006799329946257462,0.9832531754730549
ENSG00000121579,8,decreasing,5,-0.00025388234797083767,0.9832531754730549
ENSG00000127946,8,decreasing,4,0.005360221237067024,0.9832531754730549
ENSG00000135905,8,decreasing,7,-0.0152726193680881,0.9832531754730549
ENSG00000137944,8,increasing,5,0.005560742623572575,0.9832531754730549
ENSG00000142082,8,increasing,7,0.06440233394792369,0.9832531754730549
ENSG00000159592,8,decreasing,5,0.006758691644655187,0.9832531754730549
ENSG00000160818,8,increasing,5,0.008708030653832625,0.9832531754730549
ENSG00000176783,8,increasing,5,0.00019925365766749992,0.9832531754730549
ENSG00000183291,8,decreasing,5,0.0011668388495981623,0.9832531754730549
ENSG00000189180,8,increasing,5,0.024042814020695788,0.9832531754730549
ENSG00000196141,8,increasing,6,-0.003885898719716713,0.9832531754730549
ENSG00000196199,8,decreasing,5,-0.0007557462250385752,0.9832531754730549
ENSG00000198218,8,decreasing,6,-0.020223122623831535,0.9832531754730549
ENSG00000204628,8,decreasing,5,-0.0033969409829210997,0.9832531754730549
ENSG00000265590,8,decreasing,4,0.001605908810985963,0.9832531754730549
ENSG00000272822,8,decreasing,8,-0.011049077370289689,0.9832531754730549
ENSG00000278311,8,increasing,6,0.014317310669164399,0.9832531754730549
ENSG00000076356,8,decreasing,8,-0.0024857331110879626,0.9807562367689427
ENSG00000130227,8,decreasing,8,-0.010331300726899712,0.9807562367689427
ENSG00000130414,8,decreasing,8,-0.013482600998820699,0.9807562367689427
ENSG00000181722,8,decreasing,8,-0.005189923260631987,0.9807562367689427
ENSG00000214954,8,decreasing,8,-0.00632775536965225,0.9807562367689427
ENSG00000006125,8,decreasing,8,-0.009266638598362575,0.976838587729369
ENSG00000059728,8,decreasing,5,-0.00050553217936655,0.976838587729369
ENSG00000063244,8,increasing,5,0.06393087927570838,0.976838587729369
ENSG00000069424,8,decreasing,7,-0.0031769208484848,0.976838587729369
ENSG00000074966,8,decreasing,8,-0.009047079368093576,0.976838587729369
ENSG00000080824,8,decreasing,8,-0.012198643061031,0.976838587729369
ENSG00000106603,8,decreasing,6,-0.0026739717193004246,0.976838587729369
ENSG00000112182,8,decreasing,7,-0.0030824514452177003,0.976838587729369
ENSG00000114302,8,decreasing,7,-0.009636568641303212,0.976838587729369
ENSG00000115241,8,decreasing,7,-0.0046403253256722,0.976838587729369
ENSG00000115421,8,decreasing,5,-0.003428549066580325,0.976838587729369
ENSG00000119285,8,decreasing,6,-0.009506950236649178,0.976838587729369
ENSG00000128563,8,decreasing,4,0.0075470979640220376,0.976838587729369
ENSG00000131446,8,decreasing,6,-0.007848881707062412,0.976838587729369
ENSG00000138495,8,increasing,6,0.005672225917190601,0.976838587729369
ENSG00000141367,8,decreasing,6,-0.0008595321797332875,0.976838587729369
ENSG00000148154,8,decreasing,6,-0.001072249855798138,0.976838587729369
ENSG00000151135,8,decreasing,5,-0.0035911543626416615,0.976838587729369
ENSG00000157741,8,decreasing,8,-0.005890864006594875,0.976838587729369
ENSG00000164048,8,decreasing,7,-0.007595690334972075,0.976838587729369
ENSG00000165102,8,decreasing,5,-0.005925043978145137,0.976838587729369
ENSG00000166669,8,decreasing,6,-0.005177483195317237,0.976838587729369
ENSG00000167083,8,decreasing,7,-0.007501616955717175,0.976838587729369
ENSG00000180182,8,increasing,5,0.028485762132262664,0.976838587729369
ENSG00000182481,8,decreasing,4,0.008141132952515626,0.976838587729369
ENSG00000185650,8,increasing,5,0.008041268526947226,0.976838587729369
ENSG00000185787,8,increasing,4,0.012961970518380413,0.976838587729369
ENSG00000188312,8,decreasing,4,-0.0016868223590105,0.976838587729369
ENSG00000197798,8,decreasing,6,-0.0301171474101042,0.976838587729369
ENSG00000198818,8,increasing,6,0.022155638627090777,0.976838587729369
ENSG00000213341,8,decreasing,6,-0.012110003856643224,0.976838587729369
ENSG00000215114,8,decreasing,7,-0.06037856396918366,0.976838587729369
ENSG00000019582,8,decreasing,6,-0.024245276760862536,0.9704239999856834
ENSG00000022567,8,decreasing,7,-0.005228930460849737,0.9704239999856834
ENSG00000035141,8,decreasing,5,0.001050442707100625,0.9704239999856834
ENSG00000063245,8,decreasing,7,-0.0348768427114082,0.9704239999856834
ENSG00000078142,8,decreasing,8,-0.01950342343537861,0.9704239999856834
ENSG00000108064,8,decreasing,8,-0.005873916600202075,0.9704239999856834
ENSG00000111666,8,decreasing,6,-0.00195435723758275,0.9704239999856834
ENSG00000113013,8,decreasing,6,0.006029735205453899,0.9704239999856834
ENSG00000113263,8,increasing,4,-0.0157046680261545,0.9704239999856834
ENSG00000115020,8,decreasing,7,-0.0006899690258409625,0.9704239999856834
ENSG00000115355,8,decreasing,7,-0.034241390521686635,0.9704239999856834
ENSG00000129292,8,increasing,4,0.009443317883762938,0.9704239999856834
ENSG00000131370,8,increasing,6,0.006707850293295288,0.9704239999856834
ENSG00000136754,8,decreasing,7,-0.00610385082022845,0.9704239999856834
ENSG00000137478,8,decreasing,6,-0.0011330236737537001,0.9704239999856834
ENSG00000143093,8,decreasing,8,-0.010421771469732312,0.9704239999856834
ENSG00000174738,8,decreasing,8,-0.0077651141953674375,0.9704239999856834
ENSG00000179241,8,decreasing,7,-0.0013592529980166127,0.9704239999856834
ENSG00000259112,8,decreasing,8,-0.0035945703339311,0.9704239999856834
ENSG00000036549,8,decreasing,6,0.020458892863405177,0.9665063509461097
ENSG00000049618,8,decreasing,8,-0.004120111239051013,0.9665063509461097
ENSG00000051825,8,increasing,4,0.0030179831836078374,0.9665063509461097
ENSG00000055130,8,increasing,6,0.0035358217240048376,0.9665063509461097
ENSG00000055483,8,decreasing,7,-0.0024279220079906003,0.9665063509461097
ENSG00000062725,8,increasing,7,0.012581077230655189,0.9665063509461097
ENSG00000065427,8,decreasing,4,0.056121193825618476,0.9665063509461097
ENSG00000102144,8,decreasing,5,0.004486572608612738,0.9665063509461097
ENSG00000103257,8,decreasing,6,-0.0024718246388532373,0.9665063509461097
ENSG00000104885,8,increasing,8,0.016461845847668726,0.9665063509461097
ENSG00000105810,8,increasing,4,0.012523897734139812,0.9665063509461097
ENSG00000107201,8,increasing,5,0.005301444203673013,0.9665063509461097
ENSG00000118922,8,decreasing,7,-0.012034604831589975,0.9665063509461097
ENSG00000119314,8,increasing,5,0.012559732393493925,0.9665063509461097
ENSG00000119638,8,increasing,7,0.00508880992104845,0.9665063509461097
ENSG00000126773,8,decreasing,6,-6.4272265845e-05,0.9665063509461097
ENSG00000137814,8,decreasing,6,-0.0014169900394004518,0.9665063509461097
ENSG00000138031,8,decreasing,5,-0.006775603000803913,0.9665063509461097
ENSG00000140992,8,increasing,5,0.0012293806500732127,0.9665063509461097
ENSG00000142599,8,increasing,7,0.01656374402568866,0.9665063509461097
ENSG00000147408,8,decreasing,5,-0.002108381215110488,0.9665063509461097
ENSG00000153250,8,decreasing,4,0.039796075514035,0.9665063509461097
ENSG00000162613,8,increasing,4,0.00098824556469075,0.9665063509461097
ENSG00000164300,8,decreasing,6,-0.00811505374493515,0.9665063509461097
ENSG00000165506,8,decreasing,7,-0.0137941961733272,0.9665063509461097
ENSG00000166750,8,decreasing,4,0.01249473172363405,0.9665063509461097
ENSG00000166979,8,decreasing,6,-0.020303676493754152,0.9665063509461097
ENSG00000169504,8,decreasing,7,-0.006889413103134637,0.9665063509461097
ENSG00000170234,8,increasing,4,0.03664270707332284,0.9665063509461097
ENSG00000172661,8,increasing,4,0.0007515394852144871,0.9665063509461097
ENSG00000175893,8,increasing,6,0.012570383186265938,0.9665063509461097
ENSG00000177302,8,increasing,5,0.0038864046085906874,0.9665063509461097
ENSG00000183475,8,decreasing,5,0.0006207539091956751,0.9665063509461097
ENSG00000185404,8,decreasing,5,0.04849376973201855,0.9665063509461097
ENSG00000188994,8,decreasing,7,-0.007736424589414001,0.9665063509461097
ENSG00000189042,8,decreasing,7,-0.026090718814073027,0.9665063509461097
ENSG00000197321,8,decreasing,7,-0.0034497944434907124,0.9665063509461097
ENSG00000197892,8,decreasing,7,-0.0037233136048290248,0.9665063509461097
ENSG00000198799,8,decreasing,4,0.007342643814530488,0.9665063509461097
ENSG00000205937,8,decreasing,5,-0.003172789799249375,0.9665063509461097
ENSG00000251201,8,decreasing,6,-0.00393313649412025,0.9665063509461097
ENSG00000253729,8,increasing,4,0.02178874063894775,0.9665063509461097
ENSG00000100813,8,decreasing,6,0.0021519230577039,0.9640094122419975
ENSG00000105968,8,decreasing,8,-0.0046543091116494125,0.9640094122419975
ENSG00000108262,8,decreasing,8,-0.009538919081097587,0.9640094122419975
ENSG00000133606,8,decreasing,8,-0.11580533283436273,0.9640094122419975
ENSG00000135596,8,decreasing,8,-0.008247239078092113,0.9640094122419975
ENSG00000141337,8,decreasing,8,-0.010365511702047026,0.9640094122419975
ENSG00000155959,8,decreasing,6,0.0004424364394517125,0.9640094122419975
ENSG00000164543,8,decreasing,6,0.0013750460964079127,0.9640094122419975
ENSG00000168724,8,decreasing,8,-0.0045611813842745125,0.9640094122419975
ENSG00000276600,8,decreasing,6,-0.023948880678608873,0.9640094122419975
ENSG00000007129,8,decreasing,8,-0.01413813692967365,0.960091763202424
ENSG00000019995,8,decreasing,6,-0.00509886873248355,0.960091763202424
ENSG00000022840,8,decreasing,7,-0.0021447350582109873,0.960091763202424
ENSG00000047056,8,decreasing,8,-0.0062447491167792624,0.960091763202424
ENSG00000057657,8,decreasing,6,-0.0005588606729110625,0.960091763202424
ENSG00000067225,8,decreasing,7,-0.020617868187773388,0.960091763202424
ENSG00000068971,8,decreasing,6,-0.006438498820641588,0.960091763202424
ENSG00000071189,8,decreasing,6,-0.003910492108688962,0.960091763202424
ENSG00000079335,8,decreasing,6,-0.0037030698161183376,0.960091763202424
ENSG00000083223,8,decreasing,6,-0.0009581281722670998,0.960091763202424
ENSG00000086827,8,decreasing,8,-0.014951631337472624,0.960091763202424
ENSG00000089057,8,decreasing,7,-0.007838246230807588,0.960091763202424
ENSG00000101126,8,increasing,5,0.034533064835521675,0.960091763202424
ENSG00000106546,8,decreasing,8,-0.012853484635215075,0.960091763202424
ENSG00000107099,8,decreasing,8,-0.03568719065068845,0.960091763202424
ENSG00000107164,8,decreasing,5,0.0014438298640829,0.960091763202424
ENSG00000108061,8,decreasing,8,-0.03612341329126997,0.960091763202424
ENSG00000112983,8,decreasing,8,-0.006505464564764913,0.960091763202424
ENSG00000118197,8,increasing,5,0.0040613149445092875,0.960091763202424
ENSG00000119977,8,decreasing,7,-0.003974339274695062,0.960091763202424
ENSG00000122417,8,decreasing,7,-0.008821843392811187,0.960091763202424
ENSG00000129625,8,decreasing,7,-0.017493603772199225,0.960091763202424
ENSG00000130856,8,decreasing,5,-0.0014188042194864855,0.960091763202424
ENSG00000138032,8,decreasing,6,-0.006623501310836237,0.960091763202424
ENSG00000138594,8,decreasing,5,-0.002230269984003388,0.960091763202424
ENSG00000138796,8,decreasing,6,-0.007838453647161438,0.960091763202424
ENSG00000138814,8,decreasing,8,-0.021282313509948775,0.960091763202424
ENSG00000141646,8,decreasing,5,-0.003446598873992738,0.960091763202424
ENSG00000143079,8,decreasing,5,-0.0011465797665128376,0.960091763202424
ENSG00000143420,8,decreasing,6,-0.001238078829626675,0.960091763202424
ENSG00000145703,8,decreasing,6,0.0011288289430920622,0.960091763202424
ENSG00000152520,8,decreasing,5,-0.001817012433042275,0.960091763202424
ENSG00000157216,8,increasing,4,0.005747996570524662,0.960091763202424
ENSG00000164252,8,decreasing,6,-0.0036411321551550503,0.960091763202424
ENSG00000165322,8,decreasing,7,0.0026492483800258874,0.960091763202424
ENSG00000171988,8,decreasing,8,-0.010184627488323937,0.960091763202424
ENSG00000175416,8,decreasing,6,-0.003741438359391975,0.960091763202424
ENSG00000186184,8,decreasing,5,0.001216161466104925,0.960091763202424
ENSG00000187764,8,decreasing,7,-0.0006617628749397127,0.960091763202424
ENSG00000196284,8,decreasing,6,-0.004007396110909737,0.960091763202424
ENSG00000197930,8,increasing,4,0.007513728019430538,0.960091763202424
ENSG00000198624,8,decreasing,8,-0.01961995745746741,0.960091763202424
ENSG00000204634,8,increasing,4,-0.0021558696139248375,0.960091763202424
ENSG00000266028,8,increasing,5,0.006545935906610401,0.960091763202424
ENSG00000268350,8,increasing,6,0.002212234480158375,0.960091763202424
ENSG00000275700,8,decreasing,7,-0.007128259719054188,0.960091763202424
ENSG00000071073,8,decreasing,8,-0.006151838190283587,0.9575948244983119
ENSG00000134982,8,decreasing,8,-0.004220506003769425,0.9575948244983119
ENSG00000170100,8,decreasing,8,-0.004438534982362863,0.9575948244983119
ENSG00000006715,8,decreasing,5,-0.00028924661376622486,0.9536771754587382
ENSG00000025796,8,decreasing,7,-0.0072886337656718125,0.9536771754587382
ENSG00000033627,8,decreasing,8,-0.007624098273382075,0.9536771754587382
ENSG00000051382,8,decreasing,6,-0.0066394457842830126,0.9536771754587382
ENSG00000077147,8,decreasing,6,-0.0035947735589783878,0.9536771754587382
ENSG00000077150,8,increasing,4,0.0018354185494061377,0.9536771754587382
ENSG00000077782,8,decreasing,7,-0.009607245290605812,0.9536771754587382
ENSG00000079263,8,decreasing,7,-0.004304547620550162,0.9536771754587382
ENSG00000087008,8,decreasing,7,-0.02943118436027696,0.9536771754587382
ENSG00000091317,8,decreasing,8,-0.062031830862357085,0.9536771754587382
ENSG00000104427,8,decreasing,8,-0.007556009440427237,0.9536771754587382
ENSG00000104856,8,decreasing,8,-0.0266372557296967,0.9536771754587382
ENSG00000104907,8,decreasing,6,-0.001434794297292225,0.9536771754587382
ENSG00000108861,8,decreasing,8,-0.010477211874642525,0.9536771754587382
ENSG00000108984,8,decreasing,8,-0.008310186315239363,0.9536771754587382
ENSG00000109929,8,decreasing,8,-0.046339028759314074,0.9536771754587382
ENSG00000112699,8,decreasing,8,-0.0099709586078344,0.9536771754587382
ENSG00000115239,8,decreasing,7,-0.0146098477254645,0.9536771754587382
ENSG00000115761,8,decreasing,8,-0.004342784124612275,0.9536771754587382
ENSG00000115919,8,decreasing,7,-0.0033117698449565496,0.9536771754587382
ENSG00000116667,8,decreasing,8,-0.005602205939601625,0.9536771754587382
ENSG00000118965,8,decreasing,7,-0.0123935577324065,0.9536771754587382
ENSG00000121058,8,decreasing,5,0.007681173039308913,0.9536771754587382
ENSG00000122729,8,decreasing,8,-0.005492535223068825,0.9536771754587382
ENSG00000127483,8,decreasing,6,-0.003562685073440562,0.9536771754587382
ENSG00000133028,8,decreasing,6,0.005515741145960313,0.9536771754587382
ENSG00000135048,8,decreasing,8,-0.00365591264484645,0.9536771754587382
ENSG00000138698,8,decreasing,7,-0.006111169806187738,0.9536771754587382
ENSG00000140548,8,decreasing,7,0.0019174313819211126,0.9536771754587382
ENSG00000143155,8,decreasing,7,-0.005667621929580462,0.9536771754587382
ENSG00000143507,8,decreasing,8,-0.019376416734848637,0.9536771754587382
ENSG00000148908,8,decreasing,8,-0.009505965715081825,0.9536771754587382
ENSG00000150054,8,decreasing,5,-0.013466203135543,0.9536771754587382
ENSG00000159202,8,decreasing,7,-0.014397130077623837,0.9536771754587382
ENSG00000163125,8,decreasing,5,-0.011791508080556724,0.9536771754587382
ENSG00000163939,8,decreasing,5,-0.006692561505424488,0.9536771754587382
ENSG00000164022,8,decreasing,6,-0.06095483609611753,0.9536771754587382
ENSG00000164211,8,decreasing,8,-0.01451512834625495,0.9536771754587382
ENSG00000168488,8,decreasing,6,-0.00260598704406575,0.9536771754587382
ENSG00000168917,8,decreasing,8,-0.004048533679049675,0.9536771754587382
ENSG00000170275,8,decreasing,8,-0.0069665167787268875,0.9536771754587382
ENSG00000171763,8,decreasing,6,-0.0051640466846400125,0.9536771754587382
ENSG00000171867,8,decreasing,4,0.02118403203551555,0.9536771754587382
ENSG00000173914,8,decreasing,6,0.04252151597374151,0.9536771754587382
ENSG00000178573,8,decreasing,6,-0.0034416928099188253,0.9536771754587382
ENSG00000187676,8,decreasing,8,-0.00465665309644735,0.9536771754587382
ENSG00000197323,8,decreasing,7,-0.001967659531813,0.9536771754587382
ENSG00000198663,8,decreasing,6,0.005884845889284166,0.9536771754587382
ENSG00000232112,8,decreasing,7,-0.004070279254926162,0.9536771754587382
ENSG00000254206,8,decreasing,5,-0.001903251510631511,0.9536771754587382
ENSG00000266086,8,decreasing,6,-0.0035574652310035627,0.9536771754587382
ENSG00000002549,8,increasing,6,0.005152618991297,0.9497595264191645
ENSG00000005020,8,decreasing,6,0.0033748042687781997,0.9497595264191645
ENSG00000007237,8,decreasing,7,-0.0235886020533064,0.9497595264191645
ENSG00000069974,8,decreasing,6,-0.006145169683551513,0.9497595264191645
ENSG00000095787,8,decreasing,6,-0.0020381785923848,0.9497595264191645
ENSG00000100129,8,increasing,6,0.02667494001346069,0.9497595264191645
ENSG00000101294,8,decreasing,8,-0.007129731418725887,0.9497595264191645
ENSG00000105993,8,increasing,5,0.006213598145427801,0.9497595264191645
ENSG00000106459,8,decreasing,6,0.007965158268433813,0.9497595264191645
ENSG00000112249,8,decreasing,6,0.015224339972650686,0.9497595264191645
ENSG00000117298,8,decreasing,7,-0.0030665332504251123,0.9497595264191645
ENSG00000121741,8,decreasing,5,0.004732604531621738,0.9497595264191645
ENSG00000122912,8,decreasing,6,-0.00197376658992175,0.9497595264191645
ENSG00000123124,8,increasing,5,0.0054320258098915246,0.9497595264191645
ENSG00000126858,8,decreasing,6,0.004756878387454087,0.9497595264191645
ENSG00000127666,8,decreasing,7,-0.0012417202101385999,0.9497595264191645
ENSG00000131871,8,decreasing,8,-0.011682744356697087,0.9497595264191645
ENSG00000134516,8,decreasing,7,-0.009639829787138888,0.9497595264191645
ENSG00000135899,8,decreasing,6,0.009261475647819888,0.9497595264191645
ENSG00000138190,8,decreasing,5,0.006579389378655263,0.9497595264191645
ENSG00000138468,8,decreasing,8,-0.013862412533755463,0.9497595264191645
ENSG00000141027,8,increasing,4,0.009906854044201975,0.9497595264191645
ENSG00000141580,8,decreasing,6,-0.007927931539623862,0.9497595264191645
ENSG00000143153,8,increasing,4,-0.018616640512648035,0.9497595264191645
ENSG00000146535,8,decreasing,7,-0.002276220646756325,0.9497595264191645
ENSG00000147050,8,decreasing,6,0.0010167371576477627,0.9497595264191645
ENSG00000147140,8,increasing,4,0.001715697820308975,0.9497595264191645
ENSG00000147905,8,decreasing,5,0.005425225339633076,0.9497595264191645
ENSG00000149577,8,decreasing,6,-0.004447644707965324,0.9497595264191645
ENSG00000149932,8,decreasing,6,-0.0023910327124434124,0.9497595264191645
ENSG00000156475,8,increasing,4,0.014040254235188888,0.9497595264191645
ENSG00000157823,8,decreasing,6,0.0020251105717164378,0.9497595264191645
ENSG00000159267,8,decreasing,4,-0.002767002933805175,0.9497595264191645
ENSG00000163565,8,decreasing,6,-0.004016434191025787,0.9497595264191645
ENSG00000164548,8,decreasing,4,0.014225482740606638,0.9497595264191645
ENSG00000168234,8,decreasing,5,-0.00609897596404775,0.9497595264191645
ENSG00000172890,8,decreasing,7,0.018198239692575835,0.9497595264191645
ENSG00000173085,8,decreasing,8,-0.006294596738812488,0.9497595264191645
ENSG00000175198,8,decreasing,7,-0.009252303561589988,0.9497595264191645
ENSG00000177189,8,decreasing,5,0.0008582413439170246,0.9497595264191645
ENSG00000179715,8,decreasing,8,-0.0069902481952074874,0.9497595264191645
ENSG00000182923,8,decreasing,8,-0.005732185329921475,0.9497595264191645
ENSG00000187231,8,decreasing,5,-0.0021837074304041004,0.9497595264191645
ENSG00000214113,8,increasing,4,0.025612909354481413,0.9497595264191645
ENSG00000256525,8,decreasing,8,-0.015923808151309612,0.9497595264191645
ENSG00000258311,8,increasing,5,0.006873209416575462,0.9497595264191645
ENSG00000266173,8,decreasing,6,-0.0061333081296184,0.9497595264191645
ENSG00000273398,8,decreasing,7,-0.02086586417633115,0.9497595264191645
ENSG00000084070,8,decreasing,8,-0.005550125409301838,0.9472625877150525
ENSG00000101342,8,decreasing,8,-0.005049353483859325,0.9472625877150525
ENSG00000113163,8,decreasing,8,-0.006580718340112537,0.9472625877150525
ENSG00000119866,8,decreasing,8,-0.004717186384779387,0.9472625877150525
ENSG00000121680,8,decreasing,7,-0.009500465852611275,0.9472625877150525
ENSG00000136144,8,decreasing,7,-0.014789918910303675,0.9472625877150525
ENSG00000137509,8,decreasing,7,-0.0055598113493068,0.9472625877150525
ENSG00000139990,8,decreasing,6,-0.0035520401532828,0.9472625877150525
ENSG00000159450,8,decreasing,8,-0.002807236941270425,0.9472625877150525
ENSG00000166199,8,decreasing,8,-0.008039409032583475,0.9472625877150525
ENSG00000166200,8,decreasing,8,-0.0080307578878113,0.9472625877150525
ENSG00000174485,8,decreasing,7,-0.005349155734980238,0.9472625877150525
ENSG00000197006,8,decreasing,6,-0.0024070081806247625,0.9472625877150525
ENSG00000197961,8,decreasing,8,-0.002672881126324975,0.9472625877150525
ENSG00000215126,8,decreasing,6,-0.0033620850023710126,0.9472625877150525
ENSG00000004864,8,decreasing,6,-0.0011593320795635624,0.9433449386754789
ENSG00000008853,8,decreasing,7,-0.006737466770305662,0.9433449386754789
ENSG00000009954,8,decreasing,6,0.0015716957674683373,0.9433449386754789
ENSG00000058673,8,decreasing,7,-0.007540909221965975,0.9433449386754789
ENSG00000065883,8,decreasing,6,-0.0007188738996745625,0.9433449386754789
ENSG00000071537,8,decreasing,8,-0.0032604930373482752,0.9433449386754789
ENSG00000078403,8,decreasing,8,-0.009429566878879638,0.9433449386754789
ENSG00000084234,8,decreasing,7,0.012689835542509001,0.9433449386754789
ENSG00000087088,8,decreasing,7,-0.03057879889135259,0.9433449386754789
ENSG00000090863,8,decreasing,8,-0.0064362078417143625,0.9433449386754789
ENSG00000092108,8,decreasing,7,-0.0011959209111743,0.9433449386754789
ENSG00000099968,8,decreasing,7,-0.007399123023337163,0.9433449386754789
ENSG00000105983,8,decreasing,7,-0.00450816549592715,0.9433449386754789
ENSG00000108669,8,increasing,5,0.04906297547722898,0.9433449386754789
ENSG00000113580,8,decreasing,6,-0.01578121028990269,0.9433449386754789
ENSG00000115520,8,decreasing,6,-0.004402254624602637,0.9433449386754789
ENSG00000123094,8,decreasing,7,-0.0026197460628080375,0.9433449386754789
ENSG00000124783,8,increasing,5,0.004804126447780062,0.9433449386754789
ENSG00000128585,8,decreasing,7,-0.012977013360290238,0.9433449386754789
ENSG00000130475,8,decreasing,7,-0.0031055452512102374,0.9433449386754789
ENSG00000131238,8,decreasing,8,-0.003888852542007325,0.9433449386754789
ENSG00000134531,8,decreasing,8,-0.0228921666855423,0.9433449386754789
ENSG00000135090,8,decreasing,8,-0.003929838074497837,0.9433449386754789
ENSG00000141076,8,decreasing,8,-0.018107126272989178,0.9433449386754789
ENSG00000143977,8,decreasing,6,-0.00579765554885705,0.9433449386754789
ENSG00000146963,8,increasing,5,0.010233215130124186,0.9433449386754789
ENSG00000147119,8,decreasing,8,-0.01036579241191995,0.9433449386754789
ENSG00000147894,8,decreasing,5,-0.0024102513538124624,0.9433449386754789
ENSG00000151247,8,decreasing,8,-0.033732256630662566,0.9433449386754789
ENSG00000151422,8,decreasing,6,0.0005293634468404751,0.9433449386754789
ENSG00000152767,8,decreasing,7,-0.014971552210196,0.9433449386754789
ENSG00000153774,8,decreasing,7,-0.001686731656936975,0.9433449386754789
ENSG00000154978,8,decreasing,5,0.021099267283101925,0.9433449386754789
ENSG00000161956,8,decreasing,6,0.00299409924330795,0.9433449386754789
ENSG00000163681,8,decreasing,6,0.011423542964233374,0.9433449386754789
ENSG00000168389,8,decreasing,5,0.00045496932615861265,0.9433449386754789
ENSG00000173674,8,decreasing,7,-0.03494211143797483,0.9433449386754789
ENSG00000175787,8,decreasing,8,-0.009348126568518713,0.9433449386754789
ENSG00000182866,8,increasing,4,0.0022453227965818375,0.9433449386754789
ENSG00000188786,8,decreasing,5,0.004073808929943226,0.9433449386754789
ENSG00000268043,8,decreasing,8,-0.0147300303737489,0.9433449386754789
ENSG00000090013,8,decreasing,8,-0.012550526346640462,0.9433449386754788
ENSG00000100503,8,decreasing,6,-0.0009531259967011,0.9433449386754788
ENSG00000111961,8,decreasing,8,-0.01459089953153065,0.9433449386754788
ENSG00000114439,8,decreasing,8,-0.004030025839700562,0.9433449386754788
ENSG00000135336,8,decreasing,6,-0.005565288163940125,0.9433449386754788
ENSG00000067704,8,decreasing,8,-0.0059054944010124,0.9408479999713667
ENSG00000109118,8,decreasing,8,-0.005308916705493225,0.9408479999713667
ENSG00000127507,8,decreasing,8,-0.003937430468801788,0.9408479999713667
ENSG00000137177,8,decreasing,7,-0.006793171633462025,0.9408479999713667
ENSG00000140262,8,decreasing,8,-0.014338541889174574,0.9408479999713667
ENSG00000165929,8,decreasing,7,-0.023925805776447387,0.9408479999713667
ENSG00000241878,8,decreasing,7,0.0034032226867376004,0.9408479999713667
ENSG00000000938,8,decreasing,8,-0.004619425776523125,0.936930350931793
ENSG00000011478,8,decreasing,7,-0.004423767986939213,0.936930350931793
ENSG00000058272,8,decreasing,7,-0.0023689068845239,0.936930350931793
ENSG00000067248,8,decreasing,8,-0.008927402497903924,0.936930350931793
ENSG00000082438,8,decreasing,5,0.00494786081032205,0.936930350931793
ENSG00000101445,8,decreasing,7,-0.005412155245098101,0.936930350931793
ENSG00000102054,8,decreasing,7,-0.02311620960946125,0.936930350931793
ENSG00000103966,8,decreasing,7,-0.0016097091329392997,0.936930350931793
ENSG00000107537,8,decreasing,7,-0.0014478447696235125,0.936930350931793
ENSG00000108883,8,decreasing,8,-0.010999118889174663,0.936930350931793
ENSG00000119392,8,decreasing,8,-0.0025837475200083003,0.936930350931793
ENSG00000124177,8,decreasing,8,-0.005132543708212513,0.936930350931793
ENSG00000131558,8,decreasing,8,-0.004008667474290575,0.936930350931793
ENSG00000132669,8,decreasing,7,-0.014767103893211099,0.936930350931793
ENSG00000135678,8,decreasing,6,-0.005169456142188137,0.936930350931793
ENSG00000139323,8,decreasing,8,-0.0061991858202514625,0.936930350931793
ENSG00000148773,8,decreasing,7,-0.0074745067139977625,0.936930350931793
ENSG00000149231,8,decreasing,8,-0.004560326470975762,0.936930350931793
ENSG00000156232,8,decreasing,6,-0.00011434387880466249,0.936930350931793
ENSG00000156639,8,decreasing,6,-0.008515103633888762,0.936930350931793
ENSG00000159685,8,decreasing,8,-0.009380775650051063,0.936930350931793
ENSG00000162521,8,decreasing,8,-0.02459359198273729,0.936930350931793
ENSG00000166949,8,decreasing,6,-0.013110693311414413,0.936930350931793
ENSG00000168092,8,decreasing,7,8.552116252162482e-05,0.936930350931793
ENSG00000170017,8,decreasing,5,-0.003797650610380475,0.936930350931793
ENSG00000173163,8,decreasing,7,-0.00218464158557975,0.936930350931793
ENSG00000174705,8,decreasing,8,-0.005084531988319175,0.936930350931793
ENSG00000175155,8,decreasing,7,-0.0019521022573731625,0.936930350931793
ENSG00000179583,8,decreasing,7,-0.006393627401322013,0.936930350931793
ENSG00000185561,8,decreasing,8,-0.011695182605275337,0.936930350931793
ENSG00000197024,8,decreasing,7,0.0014642526453454252,0.936930350931793
ENSG00000258064,8,decreasing,6,-0.0014689191030923749,0.936930350931793
ENSG00000005339,8,decreasing,6,-0.004077079244975613,0.9330127018922194
ENSG00000006756,8,decreasing,8,-0.022495095283469126,0.9330127018922194
ENSG00000017797,8,decreasing,8,-0.00815383438849125,0.9330127018922194
ENSG00000065882,8,decreasing,7,-0.0014196596067488874,0.9330127018922194
ENSG00000078140,8,decreasing,7,-0.00338721120319685,0.9330127018922194
ENSG00000087460,8,decreasing,6,-0.041655461918710265,0.9330127018922194
ENSG00000087470,8,decreasing,5,-0.002546053015923738,0.9330127018922194
ENSG00000094975,8,decreasing,4,0.0016215712553787878,0.9330127018922194
ENSG00000096968,8,decreasing,6,0.0031353456716671623,0.9330127018922194
ENSG00000099139,8,decreasing,8,-0.0073880596727175125,0.9330127018922194
ENSG00000101160,8,decreasing,6,-0.0033135086541166373,0.9330127018922194
ENSG00000104613,8,decreasing,8,-0.005013085284518575,0.9330127018922194
ENSG00000104973,8,decreasing,7,-0.005191753938095237,0.9330127018922194
ENSG00000105438,8,decreasing,8,-0.04463374160390779,0.9330127018922194
ENSG00000108854,8,decreasing,7,0.00230289842116095,0.9330127018922194
ENSG00000111647,8,decreasing,7,-0.013575671393961875,0.9330127018922194
ENSG00000113966,8,decreasing,5,0.004700068967586349,0.9330127018922194
ENSG00000115756,8,increasing,6,0.013517821876915526,0.9330127018922194
ENSG00000116698,8,decreasing,7,-0.011724289286459626,0.9330127018922194
ENSG00000119397,8,decreasing,6,-0.00390417884365185,0.9330127018922194
ENSG00000119729,8,decreasing,5,-0.00116936737966935,0.9330127018922194
ENSG00000123106,8,decreasing,8,-0.0036310294782226625,0.9330127018922194
ENSG00000124782,8,decreasing,7,-0.005779977077230625,0.9330127018922194
ENSG00000124813,8,decreasing,5,-0.0011920303782607877,0.9330127018922194
ENSG00000127948,8,decreasing,5,0.00045265495407638716,0.9330127018922194
ENSG00000130449,8,decreasing,7,-0.00212141551254745,0.9330127018922194
ENSG00000136932,8,decreasing,6,-0.008860730218945002,0.9330127018922194
ENSG00000138385,8,decreasing,7,-0.001823098911948775,0.9330127018922194
ENSG00000142409,8,decreasing,7,-0.004945002913817388,0.9330127018922194
ENSG00000145214,8,decreasing,8,-0.015064200748673762,0.9330127018922194
ENSG00000145416,8,decreasing,6,0.0012849849736794251,0.9330127018922194
ENSG00000148180,8,decreasing,6,0.03735467701341374,0.9330127018922194
ENSG00000155158,8,decreasing,6,-0.0100773479034069,0.9330127018922194
ENSG00000162601,8,decreasing,5,-0.006666785557451288,0.9330127018922194
ENSG00000164164,8,decreasing,7,-0.0024019069458871495,0.9330127018922194
ENSG00000165476,8,decreasing,8,-0.009714609901498437,0.9330127018922194
ENSG00000168016,8,decreasing,8,-0.0058401477756569505,0.9330127018922194
ENSG00000168434,8,decreasing,8,-0.004859078854627763,0.9330127018922194
ENSG00000169032,8,decreasing,5,-0.001159965676317475,0.9330127018922194
ENSG00000170379,8,decreasing,8,-0.007449754596412288,0.9330127018922194
ENSG00000172292,8,decreasing,7,-0.008865145437635912,0.9330127018922194
ENSG00000185345,8,decreasing,7,-0.00031635194577897454,0.9330127018922194
ENSG00000187210,8,decreasing,8,-0.009853534251108,0.9330127018922194
ENSG00000196605,8,decreasing,8,-0.02650952200470624,0.9330127018922194
ENSG00000196715,8,decreasing,5,-0.012120367486176113,0.9330127018922194
ENSG00000197969,8,decreasing,6,-0.014917834114207175,0.9330127018922194
ENSG00000198521,8,decreasing,7,-0.01982949833177869,0.9330127018922194
ENSG00000198740,8,decreasing,6,-0.003893843417444638,0.9330127018922194
ENSG00000198952,8,decreasing,6,-0.0022089857242630125,0.9330127018922194
ENSG00000205269,8,decreasing,8,-0.02083000159420905,0.9330127018922194
ENSG00000249624,8,decreasing,6,-0.003849796500730225,0.9330127018922194
ENSG00000069275,8,decreasing,8,-0.004505501765512725,0.9305157631881074
ENSG00000086848,8,decreasing,8,-0.013816647389251787,0.9305157631881074
ENSG00000090020,8,decreasing,8,-0.007167750291429262,0.9305157631881074
ENSG00000090097,8,decreasing,8,-0.010727916236749437,0.9305157631881074
ENSG00000147202,8,decreasing,8,-0.0033904231676785625,0.9305157631881074
ENSG00000154783,8,decreasing,8,-0.004815875670965262,0.9305157631881074
ENSG00000167601,8,decreasing,8,-0.0054403187045874496,0.9305157631881074
ENSG00000170348,8,decreasing,6,-0.02089898079642061,0.9305157631881074
ENSG00000172986,8,decreasing,8,-0.007334356958703625,0.9305157631881074
ENSG00000196233,8,decreasing,8,-0.013116297983335887,0.9305157631881074
ENSG00000281039,8,decreasing,7,-0.001795776573380188,0.9305157631881074
ENSG00000081791,8,decreasing,8,-0.0059496543064821005,0.9265981141485337
ENSG00000082512,8,decreasing,7,-0.004267782509859375,0.9265981141485337
ENSG00000089063,8,decreasing,7,-0.0027954622297273377,0.9265981141485337
ENSG00000104756,8,decreasing,6,-0.0017724129686538875,0.9265981141485337
ENSG00000105717,8,decreasing,6,-0.010699425607842025,0.9265981141485337
ENSG00000112335,8,decreasing,8,-0.0047809732262352,0.9265981141485337
ENSG00000113407,8,decreasing,8,-0.007503509779195049,0.9265981141485337
ENSG00000114423,8,decreasing,7,-0.008525717861192363,0.9265981141485337
ENSG00000117009,8,decreasing,8,-0.0026939881812679,0.9265981141485337
ENSG00000121774,8,decreasing,5,-0.0008974809343933876,0.9265981141485337
ENSG00000138760,8,decreasing,8,-0.0045963287724617875,0.9265981141485337
ENSG00000145390,8,decreasing,6,-0.0017233412662629498,0.9265981141485337
ENSG00000158985,8,decreasing,6,0.0002561738382905876,0.9265981141485337
ENSG00000163935,8,decreasing,8,-0.0045663650293552875,0.9265981141485337
ENSG00000164091,8,decreasing,6,-0.010590256791916199,0.9265981141485337
ENSG00000165632,8,decreasing,7,0.0002310925335389498,0.9265981141485337
ENSG00000166579,8,decreasing,8,-0.005969455049189112,0.9265981141485337
ENSG00000171488,8,decreasing,8,-0.008246584188505749,0.9265981141485337
ENSG00000172239,8,decreasing,8,-0.009035939398218075,0.9265981141485337
ENSG00000175482,8,decreasing,7,-0.010590714955481714,0.9265981141485337
ENSG00000198223,8,decreasing,8,-0.0026394633529986875,0.9265981141485337
ENSG00000077312,8,decreasing,7,-0.00252227138351345,0.9265981141485335
ENSG00000115504,8,decreasing,6,-0.008735582927690737,0.9265981141485335
ENSG00000139631,8,decreasing,8,-0.0032892426553040124,0.9265981141485335
ENSG00000143198,8,decreasing,5,-0.004035450053515575,0.9265981141485335
ENSG00000161929,8,decreasing,8,-0.00732639356324695,0.9265981141485335
ENSG00000173950,8,decreasing,8,-0.00542787967175065,0.9265981141485335
ENSG00000174282,8,decreasing,6,-0.0025708371308406,0.9265981141485335
ENSG00000185963,8,decreasing,7,-0.012484015734017574,0.9265981141485335
ENSG00000197102,8,decreasing,6,-0.002577023580983037,0.9265981141485335
ENSG00000263001,8,decreasing,7,-0.008561838262610475,0.9265981141485335
ENSG00000149923,8,decreasing,8,-0.008183084869940176,0.9241011754444215
ENSG00000038002,8,decreasing,8,-0.006335120278695275,0.9201835264048479
ENSG00000070785,8,decreasing,8,-0.0061444592383083875,0.9201835264048479
ENSG00000107625,8,decreasing,7,-0.0062717397503059755,0.9201835264048479
ENSG00000119986,8,decreasing,8,-0.0038824745611183375,0.9201835264048479
ENSG00000138246,8,decreasing,7,-0.004181869923186525,0.9201835264048479
ENSG00000145907,8,decreasing,8,-0.008806856511409687,0.9201835264048479
ENSG00000148841,8,decreasing,7,-0.005805389258669013,0.9201835264048479
ENSG00000153815,8,decreasing,8,-0.007436843263959163,0.9201835264048479
ENSG00000158714,8,decreasing,8,-0.00579849835963465,0.9201835264048479
ENSG00000167107,8,decreasing,8,-0.008245437405527975,0.9201835264048479
ENSG00000170802,8,decreasing,6,-0.001471229364471075,0.9201835264048479
ENSG00000198019,8,decreasing,7,-0.003595981777478725,0.9201835264048479
ENSG00000256591,8,decreasing,7,-0.0035876806829471127,0.9201835264048479
ENSG00000286235,8,decreasing,7,-0.0038575980096362,0.9201835264048479
ENSG00000183060,8,decreasing,8,-0.00523602273458465,0.9176865877007359
ENSG00000026652,8,increasing,4,0.005556215078151375,0.9162658773652742
ENSG00000048991,8,decreasing,8,-0.008785424276086225,0.9162658773652742
ENSG00000049860,8,decreasing,8,-0.0035463600925048624,0.9162658773652742
ENSG00000066777,8,decreasing,8,-0.0070407227429289,0.9162658773652742
ENSG00000067167,8,decreasing,8,-0.005585143024920938,0.9162658773652742
ENSG00000075223,8,decreasing,7,-0.005798958121587938,0.9162658773652742
ENSG00000086666,8,decreasing,5,-0.0018912935468835624,0.9162658773652742
ENSG00000092068,8,decreasing,7,-0.006128054757611337,0.9162658773652742
ENSG00000101040,8,decreasing,7,0.00013784912659031278,0.9162658773652742
ENSG00000104951,8,decreasing,8,-0.01024332769603705,0.9162658773652742
ENSG00000107864,8,decreasing,8,-0.0637552255469942,0.9162658773652742
ENSG00000108256,8,decreasing,7,-0.0059878914341647375,0.9162658773652742
ENSG00000110768,8,decreasing,7,-0.013106273709892799,0.9162658773652742
ENSG00000119522,8,decreasing,7,-0.00924137525275765,0.9162658773652742
ENSG00000124356,8,decreasing,8,-0.0063536176648058135,0.9162658773652742
ENSG00000124588,8,decreasing,7,-0.011631104169290262,0.9162658773652742
ENSG00000124831,8,decreasing,8,-0.00297564450272895,0.9162658773652742
ENSG00000137817,8,decreasing,8,-0.006225902811749862,0.9162658773652742
ENSG00000138802,8,decreasing,5,-0.006436225086614801,0.9162658773652742
ENSG00000139668,8,decreasing,8,-0.03575220370726638,0.9162658773652742
ENSG00000156508,8,decreasing,8,-0.016815333668628325,0.9162658773652742
ENSG00000158864,8,decreasing,7,-0.0512577968518729,0.9162658773652742
ENSG00000170634,8,decreasing,8,-0.010308658196511075,0.9162658773652742
ENSG00000175467,8,decreasing,6,-0.006364522053412525,0.9162658773652742
ENSG00000176485,8,decreasing,8,-0.006006906709542125,0.9162658773652742
ENSG00000198954,8,decreasing,8,-0.008047660745746062,0.9162658773652742
ENSG00000206190,8,decreasing,7,-0.0166920943882292,0.9162658773652742
ENSG00000104643,8,decreasing,8,-0.008539485027793014,0.9137689386611622
ENSG00000101574,8,decreasing,7,-0.005358714170844488,0.913768938661162
ENSG00000068784,8,decreasing,6,-0.014701702981167537,0.9098512896215885
ENSG00000102710,8,decreasing,8,-0.004022887311266987,0.9098512896215885
ENSG00000115514,8,decreasing,8,-0.006576065049376775,0.9098512896215885
ENSG00000119408,8,decreasing,8,-0.011065800309846288,0.9098512896215885
ENSG00000126804,8,decreasing,6,0.0005211542320623628,0.9098512896215885
ENSG00000129515,8,decreasing,7,-0.0034217013300388375,0.9098512896215885
ENSG00000137145,8,decreasing,8,-0.012666855166224789,0.9098512896215885
ENSG00000139131,8,decreasing,7,-0.003545696341331163,0.9098512896215885
ENSG00000148300,8,decreasing,5,-0.0007192800844728375,0.9098512896215885
ENSG00000153107,8,decreasing,7,-0.0023175691202633,0.9098512896215885
ENSG00000159256,8,decreasing,5,-0.0027650355568843875,0.9098512896215885
ENSG00000169180,8,decreasing,8,-0.005979705685985313,0.9098512896215885
ENSG00000169635,8,decreasing,6,0.005340242977649562,0.9098512896215885
ENSG00000180694,8,decreasing,8,-0.005324016915694725,0.9098512896215885
ENSG00000139117,8,decreasing,7,-0.001497308401996725,0.9073543509174764
ENSG00000103047,8,decreasing,8,-0.005249629742951937,0.899519052838329
ENSG00000114742,8,decreasing,6,-0.0007251979057423376,0.899519052838329
ENSG00000118508,8,decreasing,7,-0.007989213122917338,0.899519052838329
ENSG00000120008,8,decreasing,7,-0.013140247306493337,0.899519052838329
ENSG00000134352,8,decreasing,8,-0.02319419237294901,0.899519052838329
ENSG00000134490,8,decreasing,6,0.015597745613012599,0.899519052838329
ENSG00000136478,8,decreasing,8,-0.015462195075160851,0.899519052838329
ENSG00000137393,8,decreasing,8,-0.009040767858223787,0.899519052838329
ENSG00000144320,8,decreasing,8,-0.00405018878713435,0.899519052838329
ENSG00000162704,8,decreasing,8,-0.0171753586351375,0.899519052838329
ENSG00000163590,8,decreasing,8,-0.0069741995778997996,0.899519052838329
ENSG00000169813,8,decreasing,5,0.022095075717555788,0.899519052838329
ENSG00000170854,8,decreasing,7,-0.0018276503306558249,0.899519052838329
ENSG00000197471,8,decreasing,8,-0.003705615066173525,0.899519052838329
ENSG00000263465,8,decreasing,7,-0.03136169511061952,0.899519052838329
ENSG00000106780,7,decreasing,4,0.021540589763298514,1.0
ENSG00000113240,7,increasing,4,0.012367142749714144,1.0
ENSG00000113615,7,increasing,4,0.0060630349945938284,1.0
ENSG00000135185,7,increasing,4,0.002790989362424914,1.0
ENSG00000137275,7,increasing,4,0.024453787807880843,1.0
ENSG00000139496,7,decreasing,4,-0.001024015212328343,1.0
ENSG00000163131,7,decreasing,4,-0.002309804663410957,1.0
ENSG00000168005,7,decreasing,6,-0.008408316546158255,1.0
ENSG00000182150,7,decreasing,5,4.667553141262842e-05,1.0
ENSG00000182903,7,decreasing,6,-0.0032507483597032857,1.0
ENSG00000205268,7,decreasing,5,-0.0023479369904365146,1.0
ENSG00000241973,7,decreasing,4,-0.0019181265064009852,1.0
ENSG00000271793,7,increasing,4,0.000720732435800686,1.0
ENSG00000013374,7,decreasing,5,-0.00030772901881688546,0.9926690425786449
ENSG00000023909,7,increasing,4,0.0034330760377036,0.9926690425786449
ENSG00000065526,7,decreasing,6,-0.0009858433638429284,0.9926690425786449
ENSG00000079246,7,decreasing,4,-0.005084685555991915,0.9926690425786449
ENSG00000080298,7,decreasing,7,-0.011585565071588472,0.9926690425786449
ENSG00000100647,7,decreasing,5,-0.0029441974640363566,0.9926690425786449
ENSG00000101290,7,decreasing,6,-0.018481971988339597,0.9926690425786449
ENSG00000106153,7,decreasing,7,-0.008453300915080399,0.9926690425786449
ENSG00000110315,7,decreasing,4,0.011151263933102215,0.9926690425786449
ENSG00000123342,7,increasing,6,0.014099871583190829,0.9926690425786449
ENSG00000125633,7,decreasing,4,0.012101269700255685,0.9926690425786449
ENSG00000137845,7,decreasing,5,-0.010130566620764,0.9926690425786449
ENSG00000138095,7,decreasing,4,0.0038978476022990573,0.9926690425786449
ENSG00000139438,7,decreasing,4,-0.0013783533037567146,0.9926690425786449
ENSG00000156411,7,decreasing,5,-0.008615778049372858,0.9926690425786449
ENSG00000161217,7,decreasing,4,-0.02027850744954877,0.9926690425786449
ENSG00000170571,7,decreasing,6,-0.006994763460370872,0.9926690425786449
ENSG00000187742,7,decreasing,7,-0.004902832585268214,0.9926690425786449
ENSG00000206562,7,decreasing,6,-0.005483435724137286,0.9926690425786449
ENSG00000254692,7,decreasing,7,-0.009606388020057284,0.9926690425786449
ENSG00000119912,7,decreasing,5,0.0020833307835592,0.9853380851572897
ENSG00000136770,7,increasing,4,0.002233966407608014,0.9853380851572897
ENSG00000139714,7,decreasing,5,-0.00048418279574665747,0.9853380851572897
ENSG00000020633,7,decreasing,4,-0.0023324738159702573,0.9808607719692056
ENSG00000076321,7,decreasing,6,-0.0027229105234887288,0.9808607719692056
ENSG00000100461,7,decreasing,7,-0.008282588725882714,0.9808607719692056
ENSG00000103415,7,decreasing,5,0.0006583215871785146,0.9808607719692056
ENSG00000106682,7,increasing,4,0.00730055023625407,0.9808607719692056
ENSG00000108406,7,decreasing,4,0.019251049365268315,0.9808607719692056
ENSG00000119685,7,decreasing,6,-0.006581970236384129,0.9808607719692056
ENSG00000120063,7,decreasing,5,0.0133870513894361,0.9808607719692056
ENSG00000120437,7,decreasing,4,0.0016056313709880143,0.9808607719692056
ENSG00000122783,7,decreasing,4,-0.014703291936294173,0.9808607719692056
ENSG00000149084,7,decreasing,6,-0.005598578743809557,0.9808607719692056
ENSG00000152061,7,decreasing,4,-0.008637035686601242,0.9808607719692056
ENSG00000153561,7,increasing,4,-0.00020401542530542853,0.9808607719692056
ENSG00000162734,7,increasing,4,0.005807705309150757,0.9808607719692056
ENSG00000166689,7,increasing,6,0.011738725534559614,0.9808607719692056
ENSG00000167522,7,decreasing,4,0.008654787580867414,0.9808607719692056
ENSG00000168421,7,decreasing,6,0.0038454464364476573,0.9808607719692056
ENSG00000173153,7,decreasing,7,-0.016668765809999285,0.9808607719692056
ENSG00000173715,7,decreasing,5,-0.0004582526264753857,0.9808607719692056
ENSG00000175220,7,decreasing,5,-0.0007180619170335143,0.9808607719692056
ENSG00000184007,7,decreasing,6,-0.009086682835457672,0.9808607719692056
ENSG00000196843,7,decreasing,6,-0.012380482439634558,0.9808607719692056
ENSG00000198964,7,decreasing,4,-0.0038235810748647285,0.9808607719692056
ENSG00000285258,7,decreasing,5,-0.0019868734185860713,0.9808607719692056
ENSG00000002834,7,decreasing,6,-0.007800434076022586,0.9808607719692055
ENSG00000058600,7,increasing,4,0.05939977017788161,0.9808607719692055
ENSG00000077238,7,decreasing,4,-0.0005246990201997998,0.9808607719692055
ENSG00000104064,7,decreasing,6,0.002857476105446886,0.9808607719692055
ENSG00000105835,7,decreasing,5,-0.004224119458362457,0.9808607719692055
ENSG00000108561,7,decreasing,5,-0.004806814985996057,0.9808607719692055
ENSG00000111653,7,increasing,5,0.0087814063541614,0.9808607719692055
ENSG00000127914,7,decreasing,4,-0.004220912737727728,0.9808607719692055
ENSG00000129518,7,decreasing,6,0.006767459647714872,0.9808607719692055
ENSG00000138834,7,decreasing,4,0.010122016809889186,0.9808607719692055
ENSG00000143756,7,decreasing,6,-0.004104398180979572,0.9808607719692055
ENSG00000147872,7,decreasing,6,-0.0072207656599698,0.9808607719692055
ENSG00000150593,7,decreasing,4,-0.0015657052525267572,0.9808607719692055
ENSG00000151151,7,decreasing,4,0.008108466762012628,0.9808607719692055
ENSG00000157764,7,increasing,5,0.004522697026492828,0.9808607719692055
ENSG00000166920,7,decreasing,4,0.0028387817590562856,0.9808607719692055
ENSG00000171793,7,increasing,4,0.005070027040392986,0.9808607719692055
ENSG00000183889,7,decreasing,6,-0.0051937639823801274,0.9808607719692055
ENSG00000197563,7,decreasing,4,-0.0007747935817019004,0.9808607719692055
ENSG00000257923,7,increasing,5,0.022419512877308426,0.9808607719692055
ENSG00000086589,7,decreasing,5,-0.0061860339549103865,0.9780071277359346
ENSG00000157933,7,decreasing,6,-0.037968919094043506,0.9780071277359346
ENSG00000162909,7,decreasing,7,-0.00854723219688957,0.9780071277359346
ENSG00000169895,7,decreasing,5,-0.022927919488707087,0.9780071277359346
ENSG00000074696,7,decreasing,7,-0.007200330036278685,0.9735298145478505
ENSG00000099995,7,decreasing,4,-0.020570561511868986,0.9735298145478505
ENSG00000130640,7,decreasing,7,-0.012624617130336257,0.9735298145478505
ENSG00000151414,7,decreasing,7,-0.007806804425600842,0.9735298145478505
ENSG00000165264,7,decreasing,6,-0.004228895229564229,0.9735298145478505
ENSG00000178971,7,decreasing,6,-0.009776291718492728,0.9735298145478505
ENSG00000001167,7,decreasing,5,-0.002118015902177714,0.9735298145478504
ENSG00000060749,7,decreasing,6,-0.010363246815537987,0.9735298145478504
ENSG00000088367,7,decreasing,5,0.0074585645246995425,0.9735298145478504
ENSG00000091127,7,decreasing,5,-0.0009712430431665286,0.9735298145478504
ENSG00000101596,7,decreasing,5,0.006061469935944314,0.9735298145478504
ENSG00000102572,7,decreasing,6,-0.0027155509627634286,0.9735298145478504
ENSG00000103769,7,decreasing,5,0.00012432173895511446,0.9735298145478504
ENSG00000107862,7,decreasing,4,0.00011404123616672866,0.9735298145478504
ENSG00000108424,7,decreasing,6,-0.0055792890772738,0.9735298145478504
ENSG00000113387,7,increasing,4,0.0015990557569448428,0.9735298145478504
ENSG00000117500,7,decreasing,7,-0.006940638399299186,0.9735298145478504
ENSG00000122557,7,decreasing,5,-0.002379954040173614,0.9735298145478504
ENSG00000125868,7,decreasing,4,-0.000895595983512686,0.9735298145478504
ENSG00000130193,7,decreasing,7,-0.0055807766966929715,0.9735298145478504
ENSG00000141458,7,increasing,5,0.00890542535058517,0.9735298145478504
ENSG00000145740,7,decreasing,4,0.003030568023959457,0.9735298145478504
ENSG00000146757,7,increasing,4,0.03513917757295244,0.9735298145478504
ENSG00000150455,7,decreasing,5,-0.0024276604756100287,0.9735298145478504
ENSG00000153046,7,decreasing,6,-0.002667857367939943,0.9735298145478504
ENSG00000159352,7,decreasing,4,0.004849780514261943,0.9735298145478504
ENSG00000162641,7,decreasing,4,0.007100886106521957,0.9735298145478504
ENSG00000168216,7,decreasing,5,-0.004497687376998371,0.9735298145478504
ENSG00000180329,7,decreasing,4,0.009308665566798657,0.9735298145478504
ENSG00000182108,7,decreasing,6,-0.005543164770611157,0.9735298145478504
ENSG00000185158,7,decreasing,5,-0.005614754806851557,0.9735298145478504
ENSG00000198087,7,increasing,5,0.008058637743853942,0.9735298145478504
ENSG00000204435,7,decreasing,6,-0.012812889680352355,0.9735298145478504
ENSG00000215421,7,decreasing,6,-0.003144282261834914,0.9735298145478504
ENSG00000263513,7,decreasing,7,-0.0155750476914204,0.9735298145478504
ENSG00000271254,7,increasing,4,0.003475284426442214,0.9735298145478504
ENSG00000131269,7,decreasing,6,-0.012856980941382186,0.9661988571264953
ENSG00000131495,7,decreasing,5,-0.0036244675692677004,0.9661988571264953
ENSG00000160613,7,decreasing,6,-0.008686410654112487,0.9661988571264953
ENSG00000177565,7,decreasing,7,-0.006038230419650314,0.9661988571264953
ENSG00000090006,7,decreasing,7,-0.0054127354332435705,0.9661988571264952
ENSG00000102893,7,decreasing,6,-0.0019165952265322286,0.9661988571264952
ENSG00000105127,7,decreasing,4,0.0012068592077084002,0.9661988571264952
ENSG00000109606,7,decreasing,4,0.007001639119104043,0.9661988571264952
ENSG00000112763,7,decreasing,6,-0.002813474009444671,0.9661988571264952
ENSG00000118257,7,decreasing,7,-0.007731474892264457,0.9661988571264952
ENSG00000118689,7,decreasing,4,-0.00047784952396500005,0.9661988571264952
ENSG00000130816,7,decreasing,7,-0.005374349023189672,0.9661988571264952
ENSG00000139318,7,decreasing,7,-0.0064323938583904575,0.9661988571264952
ENSG00000140320,7,decreasing,5,-0.001960078892938657,0.9661988571264952
ENSG00000152127,7,decreasing,7,-0.004754178942664357,0.9661988571264952
ENSG00000153936,7,decreasing,4,0.0032854520575381144,0.9661988571264952
ENSG00000155926,7,decreasing,7,-0.0032590033683125713,0.9661988571264952
ENSG00000157107,7,decreasing,6,-0.005473464008137514,0.9661988571264952
ENSG00000165669,7,decreasing,7,-0.009386030025064085,0.9661988571264952
ENSG00000180370,7,decreasing,6,-0.0011371185340349004,0.9661988571264952
ENSG00000182220,7,decreasing,6,-0.019353011408506014,0.9661988571264952
ENSG00000185261,7,decreasing,7,-0.02514169166930616,0.9661988571264952
ENSG00000185697,7,decreasing,7,-0.011667663913267201,0.9661988571264952
ENSG00000268975,7,decreasing,5,-0.0022479128152431862,0.9661988571264952
ENSG00000028137,7,increasing,4,-0.011278571238905643,0.9617215439384111
ENSG00000057252,7,decreasing,6,-0.00045614125943291446,0.9617215439384111
ENSG00000068831,7,decreasing,5,-0.008293336551265042,0.9617215439384111
ENSG00000082153,7,decreasing,4,0.01747288952177724,0.9617215439384111
ENSG00000091592,7,decreasing,6,-0.0074090015853367,0.9617215439384111
ENSG00000100234,7,decreasing,5,-0.005647018675491014,0.9617215439384111
ENSG00000104852,7,decreasing,6,-0.0079937222003649,0.9617215439384111
ENSG00000104853,7,decreasing,6,-0.005521999573885514,0.9617215439384111
ENSG00000106266,7,decreasing,4,0.0034525721448398286,0.9617215439384111
ENSG00000109466,7,decreasing,5,0.0041896174323071715,0.9617215439384111
ENSG00000111877,7,decreasing,4,-0.009173056617188485,0.9617215439384111
ENSG00000113658,7,increasing,4,0.01644062014624344,0.9617215439384111
ENSG00000115159,7,decreasing,7,-0.05703593897254015,0.9617215439384111
ENSG00000116539,7,increasing,5,0.01682060061024457,0.9617215439384111
ENSG00000120253,7,increasing,4,0.0125452759415811,0.9617215439384111
ENSG00000120963,7,decreasing,4,0.0008311423985182427,0.9617215439384111
ENSG00000121957,7,decreasing,5,-0.010542145257186272,0.9617215439384111
ENSG00000123066,7,increasing,5,0.0018076499840485715,0.9617215439384111
ENSG00000125977,7,decreasing,5,0.006149636560124072,0.9617215439384111
ENSG00000132466,7,decreasing,5,-0.0045240355330906715,0.9617215439384111
ENSG00000133731,7,decreasing,6,-0.027466800213737985,0.9617215439384111
ENSG00000137288,7,increasing,5,0.009884445298330016,0.9617215439384111
ENSG00000140326,7,increasing,5,0.012908822792391972,0.9617215439384111
ENSG00000143322,7,decreasing,5,-0.0024897786733861288,0.9617215439384111
ENSG00000143367,7,increasing,4,-0.001948964291986957,0.9617215439384111
ENSG00000144736,7,decreasing,5,0.018324529714465403,0.9617215439384111
ENSG00000145819,7,decreasing,7,-0.010315011600660914,0.9617215439384111
ENSG00000153037,7,increasing,4,0.013941513230319657,0.9617215439384111
ENSG00000153179,7,decreasing,5,-0.0009739163426607002,0.9617215439384111
ENSG00000154144,7,increasing,4,0.0024162924883079284,0.9617215439384111
ENSG00000156515,7,decreasing,4,0.0004323276845877715,0.9617215439384111
ENSG00000158270,7,decreasing,7,-0.008218220661675029,0.9617215439384111
ENSG00000158470,7,decreasing,6,-0.007371512340077971,0.9617215439384111
ENSG00000160058,7,decreasing,5,0.0008892638123854571,0.9617215439384111
ENSG00000162971,7,decreasing,4,0.0003933375087742003,0.9617215439384111
ENSG00000164574,7,decreasing,7,-0.035179818806513045,0.9617215439384111
ENSG00000164674,7,decreasing,7,-0.010214077447515684,0.9617215439384111
ENSG00000165219,7,decreasing,4,0.012071148422601171,0.9617215439384111
ENSG00000167491,7,decreasing,4,-0.0006605548566903568,0.9617215439384111
ENSG00000168610,7,decreasing,4,0.026909314916177315,0.9617215439384111
ENSG00000169246,7,decreasing,6,-0.0032620286509529714,0.9617215439384111
ENSG00000169696,7,decreasing,7,-0.011649209891915058,0.9617215439384111
ENSG00000170293,7,decreasing,4,-0.016700979726802716,0.9617215439384111
ENSG00000170832,7,decreasing,7,-0.0032772864126876717,0.9617215439384111
ENSG00000170921,7,decreasing,6,-0.022224437458824957,0.9617215439384111
ENSG00000171503,7,decreasing,4,-0.002626562628622914,0.9617215439384111
ENSG00000172071,7,decreasing,5,-0.003120817554212157,0.9617215439384111
ENSG00000172775,7,decreasing,6,-0.012129719130032928,0.9617215439384111
ENSG00000173473,7,decreasing,5,0.0006845345426796146,0.9617215439384111
ENSG00000179832,7,decreasing,4,0.0033275573149842566,0.9617215439384111
ENSG00000180357,7,decreasing,5,-0.0032681731048956144,0.9617215439384111
ENSG00000180573,7,decreasing,4,0.0008305127332229999,0.9617215439384111
ENSG00000185122,7,decreasing,4,0.0021726909846807997,0.9617215439384111
ENSG00000196693,7,decreasing,5,-0.008588696889668129,0.9617215439384111
ENSG00000197601,7,increasing,4,0.003950932847562529,0.9617215439384111
ENSG00000198837,7,decreasing,5,0.0021895904321796284,0.9617215439384111
ENSG00000266338,7,decreasing,7,-0.011007014955534772,0.9617215439384111
ENSG00000273217,7,decreasing,6,-0.0002980839000360568,0.9617215439384111
ENSG00000285404,7,increasing,6,0.005669840932263313,0.9617215439384111
ENSG00000100722,7,decreasing,4,0.007792002481233072,0.9617215439384109
ENSG00000110367,7,increasing,5,0.005399619474882543,0.9617215439384109
ENSG00000008282,7,decreasing,7,-0.002937606185935943,0.9588678997051402
ENSG00000069399,7,decreasing,7,-0.0032879209785716713,0.9588678997051402
ENSG00000142089,7,increasing,4,0.0022470826904373714,0.9588678997051402
ENSG00000142166,7,decreasing,7,-0.026527587789264156,0.9588678997051402
ENSG00000143815,7,decreasing,6,-0.0025533236839752715,0.9588678997051402
ENSG00000144228,7,decreasing,5,-0.02606078066831854,0.9588678997051402
ENSG00000166436,7,decreasing,6,-0.008271028995313843,0.9588678997051402
ENSG00000168309,7,decreasing,7,-0.005739821793533129,0.9588678997051402
ENSG00000100784,7,decreasing,7,-0.01139422866434917,0.9588678997051401
ENSG00000103365,7,decreasing,6,-0.002096491268586271,0.9588678997051401
ENSG00000133884,7,decreasing,7,-0.0132793020138985,0.9588678997051401
ENSG00000185304,7,decreasing,6,-0.0012663760732320713,0.9588678997051401
ENSG00000008283,7,decreasing,4,0.059316406525615074,0.954390586517056
ENSG00000059758,7,increasing,4,0.022485330902016088,0.954390586517056
ENSG00000099246,7,increasing,4,0.015539394024460315,0.954390586517056
ENSG00000101350,7,decreasing,6,-0.0019734352910088858,0.954390586517056
ENSG00000104765,7,decreasing,7,-0.003933150226298586,0.954390586517056
ENSG00000105778,7,decreasing,7,-0.011074776971487557,0.954390586517056
ENSG00000117614,7,decreasing,4,-0.0067951019916379285,0.954390586517056
ENSG00000120159,7,decreasing,4,0.02416220543637383,0.954390586517056
ENSG00000120733,7,decreasing,6,-0.0040131092388856,0.954390586517056
ENSG00000134574,7,decreasing,5,-0.0033857431664136143,0.954390586517056
ENSG00000135476,7,decreasing,4,0.002537969120892771,0.954390586517056
ENSG00000136436,7,decreasing,5,-0.0032696600840928284,0.954390586517056
ENSG00000137055,7,decreasing,7,-0.03425259411261154,0.954390586517056
ENSG00000137693,7,decreasing,5,-0.004633513103497128,0.954390586517056
ENSG00000141540,7,decreasing,6,0.0017194404581797143,0.954390586517056
ENSG00000142655,7,decreasing,5,-0.0005763151155253573,0.954390586517056
ENSG00000145743,7,decreasing,5,-0.0028117515750346574,0.954390586517056
ENSG00000153551,7,decreasing,6,0.0007653829467128142,0.954390586517056
ENSG00000157191,7,decreasing,7,-0.04240438380028442,0.954390586517056
ENSG00000164587,7,decreasing,6,-0.0222473100008162,0.954390586517056
ENSG00000166451,7,decreasing,7,-0.010142584637657314,0.954390586517056
ENSG00000167550,7,decreasing,7,-0.012201833545373329,0.954390586517056
ENSG00000167588,7,decreasing,6,-0.005329892720338386,0.954390586517056
ENSG00000167747,7,decreasing,6,-0.014444930995662615,0.954390586517056
ENSG00000175104,7,decreasing,6,-0.0027714651194153572,0.954390586517056
ENSG00000182183,7,decreasing,5,-0.0005259459851375285,0.954390586517056
ENSG00000197170,7,decreasing,6,-0.0050459890807498286,0.954390586517056
ENSG00000204574,7,decreasing,7,-0.03313711639684286,0.954390586517056
ENSG00000257093,7,increasing,5,0.024084691894014642,0.954390586517056
ENSG00000047249,7,decreasing,7,-0.01649528667359353,0.9543905865170558
ENSG00000067992,7,decreasing,7,-0.006075634615906814,0.9543905865170558
ENSG00000069667,7,decreasing,6,-0.012457464266563457,0.9543905865170558
ENSG00000079332,7,decreasing,6,-0.010683662723224813,0.9543905865170558
ENSG00000087095,7,decreasing,5,-0.001823387222177343,0.9543905865170558
ENSG00000089159,7,decreasing,6,-0.02528654929147837,0.9543905865170558
ENSG00000091157,7,decreasing,5,-0.005204258182644429,0.9543905865170558
ENSG00000100077,7,decreasing,7,-0.0038751309917633855,0.9543905865170558
ENSG00000104974,7,decreasing,5,-0.002365474532304543,0.9543905865170558
ENSG00000105617,7,increasing,6,0.00897675418829647,0.9543905865170558
ENSG00000106733,7,decreasing,7,-0.004782392151617071,0.9543905865170558
ENSG00000110344,7,decreasing,5,-0.005460561341704172,0.9543905865170558
ENSG00000114861,7,decreasing,4,-0.008190881946898999,0.9543905865170558
ENSG00000116809,7,decreasing,4,-0.00021761300735791432,0.9543905865170558
ENSG00000117868,7,decreasing,5,0.0026688822900882,0.9543905865170558
ENSG00000122042,7,decreasing,7,-0.006862228986799271,0.9543905865170558
ENSG00000122643,7,decreasing,7,-0.004601891496715814,0.9543905865170558
ENSG00000123607,7,decreasing,6,-0.00025725036561405817,0.9543905865170558
ENSG00000125651,7,decreasing,5,-0.0014745679503374856,0.9543905865170558
ENSG00000125755,7,decreasing,4,-0.027277320506118856,0.9543905865170558
ENSG00000135127,7,decreasing,6,-0.008094571649629357,0.9543905865170558
ENSG00000135845,7,decreasing,6,-0.007738191598409814,0.9543905865170558
ENSG00000137500,7,decreasing,5,-0.015016340750196701,0.9543905865170558
ENSG00000154269,7,decreasing,4,0.0019486108923552857,0.9543905865170558
ENSG00000155307,7,decreasing,4,-0.0004761731462508718,0.9543905865170558
ENSG00000155962,7,decreasing,5,-6.81007612795715e-05,0.9543905865170558
ENSG00000160602,7,decreasing,7,-0.007125044705091786,0.9543905865170558
ENSG00000173960,7,decreasing,5,-0.008162725578228386,0.9543905865170558
ENSG00000182446,7,increasing,5,0.0017824797575920713,0.9543905865170558
ENSG00000196628,7,decreasing,4,-0.0011101684163030425,0.9543905865170558
ENSG00000243716,7,increasing,4,0.0017822751938092285,0.9543905865170558
ENSG00000258677,7,decreasing,7,-0.013575543056889714,0.9543905865170558
ENSG00000006062,7,decreasing,7,-0.0031161412069453287,0.9470596290957009
ENSG00000082074,7,decreasing,7,-0.006890858564037428,0.9470596290957009
ENSG00000087338,7,decreasing,7,-0.0014038616074068858,0.9470596290957009
ENSG00000091106,7,decreasing,7,-0.005118661017222957,0.9470596290957009
ENSG00000106554,7,decreasing,6,-0.0026222146196855146,0.9470596290957009
ENSG00000106991,7,decreasing,6,-0.03799437382409703,0.9470596290957009
ENSG00000113282,7,decreasing,5,0.007590296336820329,0.9470596290957009
ENSG00000114480,7,decreasing,7,-0.008147020073124714,0.9470596290957009
ENSG00000117616,7,decreasing,7,-0.006565954779053214,0.9470596290957009
ENSG00000122986,7,increasing,4,0.004176189456346714,0.9470596290957009
ENSG00000123091,7,decreasing,7,-0.005005624776036943,0.9470596290957009
ENSG00000124160,7,decreasing,6,-0.005416511750646899,0.9470596290957009
ENSG00000124570,7,decreasing,7,-0.011888102539579929,0.9470596290957009
ENSG00000131023,7,decreasing,6,-0.0027132958546689143,0.9470596290957009
ENSG00000131375,7,decreasing,5,-0.002763430827084172,0.9470596290957009
ENSG00000133226,7,decreasing,5,-0.00012317702160262852,0.9470596290957009
ENSG00000138036,7,decreasing,6,-0.002147275122005185,0.9470596290957009
ENSG00000143891,7,decreasing,6,-0.0030004972495540857,0.9470596290957009
ENSG00000149503,7,decreasing,7,-0.011926300891669144,0.9470596290957009
ENSG00000153827,7,decreasing,5,0.0011253400960367285,0.9470596290957009
ENSG00000153975,7,decreasing,5,-0.0026627723219195,0.9470596290957009
ENSG00000154655,7,decreasing,5,-0.00017167384694361413,0.9470596290957009
ENSG00000174749,7,decreasing,4,0.0007100717359799284,0.9470596290957009
ENSG00000176155,7,decreasing,7,-0.004968925322458086,0.9470596290957009
ENSG00000178104,7,decreasing,7,-0.0019004270709241141,0.9470596290957009
ENSG00000183283,7,decreasing,6,-0.005348521724027928,0.9470596290957009
ENSG00000197045,7,decreasing,6,0.003331184166246428,0.9470596290957009
ENSG00000197956,7,decreasing,7,-0.013062637904189215,0.9470596290957009
ENSG00000285708,7,decreasing,5,-0.002543440703093557,0.9470596290957009
ENSG00000065970,7,decreasing,7,-0.010956028104838686,0.9470596290957006
ENSG00000073331,7,decreasing,6,-0.001291472214059343,0.9470596290957006
ENSG00000087903,7,decreasing,6,-0.0033560165217976427,0.9470596290957006
ENSG00000100603,7,decreasing,7,-0.0023788085084137426,0.9470596290957006
ENSG00000107890,7,decreasing,7,-0.0018091192295823144,0.9470596290957006
ENSG00000108239,7,decreasing,7,-0.011451816278630013,0.9470596290957006
ENSG00000109920,7,decreasing,5,-0.003961554568501757,0.9470596290957006
ENSG00000111832,7,decreasing,6,-0.03166465255630839,0.9470596290957006
ENSG00000117597,7,decreasing,6,-0.0027662638568790717,0.9470596290957006
ENSG00000130770,7,decreasing,7,-0.005152061313066457,0.9470596290957006
ENSG00000140307,7,decreasing,5,-0.0039751913879751,0.9470596290957006
ENSG00000144401,7,decreasing,7,-0.0018398786319950857,0.9470596290957006
ENSG00000146063,7,decreasing,4,0.002613877249866157,0.9470596290957006
ENSG00000169403,7,decreasing,7,-0.005171401756343686,0.9442059848624298
ENSG00000012048,7,decreasing,7,-0.017156563860391758,0.9425823159076165
ENSG00000021355,7,decreasing,6,-0.004459346745394714,0.9425823159076165
ENSG00000034053,7,decreasing,6,-0.007332243467154056,0.9425823159076165
ENSG00000048028,7,decreasing,7,-0.005406761541611972,0.9425823159076165
ENSG00000061987,7,decreasing,6,-0.0017548474929856715,0.9425823159076165
ENSG00000065559,7,increasing,4,0.004153609990922729,0.9425823159076165
ENSG00000067208,7,decreasing,5,-0.016656067753266657,0.9425823159076165
ENSG00000067369,7,decreasing,7,-0.005792780455212471,0.9425823159076165
ENSG00000073910,7,decreasing,6,-0.002222905145018129,0.9425823159076165
ENSG00000075568,7,decreasing,6,-0.0008720077285255284,0.9425823159076165
ENSG00000079277,7,decreasing,7,-0.003467721922757357,0.9425823159076165
ENSG00000086102,7,increasing,4,0.02424913789373584,0.9425823159076165
ENSG00000103429,7,increasing,4,0.008156498644613486,0.9425823159076165
ENSG00000106052,7,decreasing,7,-0.006688367634044286,0.9425823159076165
ENSG00000107669,7,decreasing,6,-0.0008897195736105858,0.9425823159076165
ENSG00000111412,7,decreasing,7,-0.010432877334295373,0.9425823159076165
ENSG00000111581,7,decreasing,6,-3.3146095326929155e-05,0.9425823159076165
ENSG00000111860,7,decreasing,6,-0.0029866442881073857,0.9425823159076165
ENSG00000114541,7,decreasing,7,-0.0042964626019674,0.9425823159076165
ENSG00000114988,7,decreasing,4,0.012089571846090528,0.9425823159076165
ENSG00000115207,7,decreasing,4,0.005412695138668456,0.9425823159076165
ENSG00000115233,7,decreasing,6,-0.019006473180612226,0.9425823159076165
ENSG00000115685,7,decreasing,4,-0.002348279426297828,0.9425823159076165
ENSG00000116095,7,decreasing,7,-0.019062963239116958,0.9425823159076165
ENSG00000116752,7,decreasing,6,-0.00017924677972701457,0.9425823159076165
ENSG00000116824,7,decreasing,4,-0.004578925447923329,0.9425823159076165
ENSG00000117592,7,decreasing,5,0.001456348777352228,0.9425823159076165
ENSG00000120725,7,decreasing,7,-0.005860833051636857,0.9425823159076165
ENSG00000120742,7,decreasing,7,-0.0029606218714499717,0.9425823159076165
ENSG00000122008,7,decreasing,6,-0.0064115855902894285,0.9425823159076165
ENSG00000125695,7,decreasing,7,-0.003961028952502943,0.9425823159076165
ENSG00000130164,7,decreasing,6,-0.012884280621515514,0.9425823159076165
ENSG00000132434,7,decreasing,7,-0.011800741916946186,0.9425823159076165
ENSG00000132792,7,decreasing,7,-0.0034909766621775283,0.9425823159076165
ENSG00000133816,7,decreasing,4,-0.002158654491857786,0.9425823159076165
ENSG00000134250,7,decreasing,7,-0.007058626677015785,0.9425823159076165
ENSG00000135378,7,decreasing,6,-0.006749356812211657,0.9425823159076165
ENSG00000135698,7,decreasing,5,-0.0013111588197495141,0.9425823159076165
ENSG00000136111,7,decreasing,7,-0.016064334447821172,0.9425823159076165
ENSG00000136235,7,decreasing,5,0.010440183848033758,0.9425823159076165
ENSG00000138670,7,decreasing,4,0.004068542581766457,0.9425823159076165
ENSG00000139436,7,decreasing,5,-0.029983063904957145,0.9425823159076165
ENSG00000140694,7,decreasing,7,-0.004159968750327786,0.9425823159076165
ENSG00000140968,7,decreasing,5,-0.010586608097771727,0.9425823159076165
ENSG00000143110,7,decreasing,4,-0.01498070544182053,0.9425823159076165
ENSG00000143457,7,increasing,5,0.006216477079271914,0.9425823159076165
ENSG00000143499,7,decreasing,7,-0.016407776527358302,0.9425823159076165
ENSG00000144645,7,decreasing,6,-0.004775169236373515,0.9425823159076165
ENSG00000146433,7,decreasing,5,-0.007262973463565586,0.9425823159076165
ENSG00000150961,7,decreasing,4,0.002197917183725143,0.9425823159076165
ENSG00000151116,7,decreasing,7,-0.01731748536992837,0.9425823159076165
ENSG00000156052,7,decreasing,5,-0.0019934287972584,0.9425823159076165
ENSG00000156650,7,decreasing,4,0.0081752784078763,0.9425823159076165
ENSG00000156990,7,decreasing,7,-0.008953149297896658,0.9425823159076165
ENSG00000159842,7,decreasing,6,-0.004350760156872257,0.9425823159076165
ENSG00000160190,7,decreasing,5,-0.005608744803867071,0.9425823159076165
ENSG00000160218,7,increasing,4,0.08346226318366168,0.9425823159076165
ENSG00000162236,7,increasing,4,0.02282913271683953,0.9425823159076165
ENSG00000162378,7,decreasing,6,-0.008518043584059685,0.9425823159076165
ENSG00000163803,7,decreasing,5,0.0109416104465731,0.9425823159076165
ENSG00000163812,7,decreasing,4,-0.0032091219044858145,0.9425823159076165
ENSG00000165732,7,decreasing,7,-0.010016028957403528,0.9425823159076165
ENSG00000168397,7,decreasing,7,-0.010951614129272999,0.9425823159076165
ENSG00000169045,7,increasing,4,0.0015037199572640859,0.9425823159076165
ENSG00000169379,7,decreasing,4,0.002873884638986771,0.9425823159076165
ENSG00000169519,7,decreasing,6,-0.006352658421851043,0.9425823159076165
ENSG00000170852,7,decreasing,4,0.0038632876179451998,0.9425823159076165
ENSG00000171206,7,decreasing,7,-0.012006622773080957,0.9425823159076165
ENSG00000173559,7,decreasing,4,-0.0010954800564042144,0.9425823159076165
ENSG00000174953,7,decreasing,7,-0.027989496899254417,0.9425823159076165
ENSG00000175309,7,decreasing,4,0.0017469657153585145,0.9425823159076165
ENSG00000178385,7,decreasing,6,-0.0021900226480711144,0.9425823159076165
ENSG00000181467,7,decreasing,6,-0.0030138240019465285,0.9425823159076165
ENSG00000181472,7,decreasing,7,-0.0027723665134954142,0.9425823159076165
ENSG00000181894,7,decreasing,5,0.03592247655634932,0.9425823159076165
ENSG00000183474,7,decreasing,6,-0.0036922686103762425,0.9425823159076165
ENSG00000187605,7,decreasing,7,-0.0058766255758868,0.9425823159076165
ENSG00000187688,7,decreasing,6,-0.005799349122218114,0.9425823159076165
ENSG00000196367,7,decreasing,7,-0.0098181756556124,0.9425823159076165
ENSG00000196591,7,increasing,4,0.0014476505122300997,0.9425823159076165
ENSG00000198673,7,decreasing,7,-0.004734780632923372,0.9425823159076165
ENSG00000198909,7,decreasing,4,0.03321604061775889,0.9425823159076165
ENSG00000221963,7,decreasing,6,-0.005588804156473229,0.9425823159076165
ENSG00000263956,7,decreasing,5,-0.0034030033050298143,0.9425823159076165
ENSG00000086544,7,decreasing,7,-0.014611687368043386,0.9397286716743457
ENSG00000088179,7,decreasing,7,-0.0017142180071050858,0.9397286716743457
ENSG00000101474,7,decreasing,7,-0.0037918168017321142,0.9397286716743457
ENSG00000128908,7,decreasing,6,-0.002638613744486,0.9397286716743457
ENSG00000134326,7,decreasing,7,-0.0017398450537000146,0.9397286716743457
ENSG00000137513,7,decreasing,7,-0.0048991656545682855,0.9397286716743457
ENSG00000138604,7,decreasing,7,-0.006424417509284386,0.9397286716743457
ENSG00000150045,7,decreasing,7,-0.005163481088386971,0.9397286716743457
ENSG00000167895,7,decreasing,6,-0.014451526380509614,0.9397286716743457
ENSG00000170873,7,decreasing,6,-0.015829792234702114,0.9397286716743457
ENSG00000174516,7,decreasing,7,-0.012907467014786428,0.9397286716743457
ENSG00000204220,7,decreasing,7,-0.01377986728423897,0.9397286716743457
ENSG00000214944,7,decreasing,7,-0.007155027174440471,0.9397286716743457
ENSG00000284057,7,decreasing,7,-0.015793452093391645,0.9397286716743457
ENSG00000115944,7,decreasing,7,-0.016262568093827073,0.9397286716743455
ENSG00000008083,7,decreasing,5,-0.00019150479247988562,0.9352513584862614
ENSG00000072274,7,decreasing,5,-0.0071351100053863,0.9352513584862614
ENSG00000106993,7,decreasing,7,-0.014901745711343157,0.9352513584862614
ENSG00000108846,7,decreasing,6,0.0007505365955047428,0.9352513584862614
ENSG00000109332,7,decreasing,6,0.0067925804452498295,0.9352513584862614
ENSG00000112367,7,decreasing,6,-0.0003538006258102571,0.9352513584862614
ENSG00000116459,7,decreasing,7,-0.005416950685683471,0.9352513584862614
ENSG00000121067,7,decreasing,7,-0.006114790003839043,0.9352513584862614
ENSG00000128000,7,decreasing,6,-0.005770232661147743,0.9352513584862614
ENSG00000136048,7,increasing,7,0.04810513497327042,0.9352513584862614
ENSG00000139372,7,decreasing,6,-0.004154902825236357,0.9352513584862614
ENSG00000139971,7,decreasing,6,-0.0032838384624197287,0.9352513584862614
ENSG00000140153,7,decreasing,5,-0.025190672716576386,0.9352513584862614
ENSG00000142784,7,decreasing,7,-0.016850861927089872,0.9352513584862614
ENSG00000145782,7,decreasing,5,-0.0008117457114349857,0.9352513584862614
ENSG00000146729,7,decreasing,5,0.0023862615985550143,0.9352513584862614
ENSG00000148634,7,decreasing,7,-0.009418086980712014,0.9352513584862614
ENSG00000150347,7,decreasing,6,-0.0027949503083042,0.9352513584862614
ENSG00000150403,7,decreasing,5,-0.0016015383244129713,0.9352513584862614
ENSG00000153563,7,decreasing,4,-0.0002586895803308571,0.9352513584862614
ENSG00000163564,7,decreasing,7,-0.004828778040366071,0.9352513584862614
ENSG00000163624,7,decreasing,5,0.005233880183326057,0.9352513584862614
ENSG00000170088,7,decreasing,6,-0.005060263382337287,0.9352513584862614
ENSG00000187474,7,decreasing,4,0.010552404673110515,0.9352513584862614
ENSG00000196275,7,decreasing,4,0.005393680199211701,0.9352513584862614
ENSG00000196781,7,decreasing,5,-0.0002879717546700143,0.9352513584862614
ENSG00000196954,7,decreasing,6,-0.01098157192343877,0.9352513584862614
ENSG00000197779,7,decreasing,6,-0.0023095062707826283,0.9352513584862614
ENSG00000197958,7,increasing,4,0.0001130928154519286,0.9352513584862614
ENSG00000213281,7,decreasing,7,-0.0245745869264614,0.9352513584862614
ENSG00000239306,7,decreasing,6,0.004102896713063329,0.9352513584862614
ENSG00000267281,7,decreasing,6,-0.012353833494010558,0.9352513584862614
ENSG00000284512,7,decreasing,7,-0.0050423920971004715,0.9352513584862614
ENSG00000081059,7,decreasing,7,-0.023893709847736786,0.9352513584862613
ENSG00000104805,7,decreasing,4,0.0534812945742177,0.9352513584862613
ENSG00000170027,7,decreasing,6,-0.003196394857640286,0.9352513584862613
ENSG00000132359,7,decreasing,7,-0.0035107365984330713,0.9323977142529906
ENSG00000135249,7,decreasing,6,-0.003147821817528657,0.9279204010649064
ENSG00000047188,7,decreasing,5,0.00019631421042025707,0.9279204010649063
ENSG00000055211,7,decreasing,7,-0.0042364178026467565,0.9279204010649063
ENSG00000083535,7,decreasing,6,-0.003503322120168914,0.9279204010649063
ENSG00000101052,7,decreasing,7,-0.005522820197622757,0.9279204010649063
ENSG00000125149,7,decreasing,7,-0.0032539942078829,0.9279204010649063
ENSG00000126216,7,decreasing,6,-0.004724849215995972,0.9279204010649063
ENSG00000140943,7,decreasing,6,-0.003124648182984443,0.9279204010649063
ENSG00000142920,7,decreasing,7,-0.0029288196667034143,0.9279204010649063
ENSG00000149639,7,decreasing,7,-0.0016939174128791574,0.9279204010649063
ENSG00000152207,7,decreasing,7,-0.0056230263417828,0.9279204010649063
ENSG00000163006,7,decreasing,6,0.028413591229572616,0.9279204010649063
ENSG00000164253,7,decreasing,7,-0.0021132669969636856,0.9279204010649063
ENSG00000167548,7,decreasing,6,0.0057892693181451575,0.9279204010649063
ENSG00000187741,7,decreasing,7,-0.008292136475696401,0.9279204010649063
ENSG00000198551,7,decreasing,6,-0.0025625152496355284,0.9279204010649063
ENSG00000213762,7,decreasing,7,-0.005983848257411128,0.9279204010649063
ENSG00000221983,7,decreasing,5,-0.003891707812607558,0.9279204010649063
ENSG00000239704,7,decreasing,6,-0.006711267267027857,0.9279204010649063
ENSG00000038219,7,decreasing,5,-0.0028746700142378854,0.923443087876822
ENSG00000042832,7,decreasing,5,-0.0004567779030806571,0.923443087876822
ENSG00000066136,7,decreasing,7,-0.0058904118368271,0.923443087876822
ENSG00000071205,7,decreasing,7,-0.0022969192084265426,0.923443087876822
ENSG00000082269,7,decreasing,6,-0.009350012243648329,0.923443087876822
ENSG00000087502,7,decreasing,5,-0.001215208183699043,0.923443087876822
ENSG00000100344,7,decreasing,6,-0.016210308846013585,0.923443087876822
ENSG00000100991,7,decreasing,6,-0.010735622829212487,0.923443087876822
ENSG00000107077,7,decreasing,5,-0.0004944782515678713,0.923443087876822
ENSG00000111785,7,decreasing,6,-0.0064252556716879435,0.923443087876822
ENSG00000112200,7,increasing,5,0.0098404768298255,0.923443087876822
ENSG00000113597,7,decreasing,7,-0.0035011046765701143,0.923443087876822
ENSG00000114520,7,decreasing,7,-0.012558471528572899,0.923443087876822
ENSG00000115267,7,decreasing,5,-0.004042255282941257,0.923443087876822
ENSG00000117569,7,decreasing,7,-0.007874048178149457,0.923443087876822
ENSG00000117625,7,increasing,4,0.014387139496268372,0.923443087876822
ENSG00000118762,7,decreasing,6,-0.0031219956685499856,0.923443087876822
ENSG00000123131,7,decreasing,6,-0.005169517676892371,0.923443087876822
ENSG00000126653,7,increasing,4,0.008505624865652572,0.923443087876822
ENSG00000134851,7,decreasing,6,-0.0025781443490934856,0.923443087876822
ENSG00000140948,7,decreasing,6,-0.005396672821240056,0.923443087876822
ENSG00000144566,7,decreasing,6,-0.0017011242807988287,0.923443087876822
ENSG00000151718,7,decreasing,7,-0.0043332754542653,0.923443087876822
ENSG00000152229,7,decreasing,5,0.0004799827368603431,0.923443087876822
ENSG00000156671,7,decreasing,5,0.002260971038094886,0.923443087876822
ENSG00000156973,7,decreasing,6,-0.010687724825297314,0.923443087876822
ENSG00000159082,7,decreasing,5,0.007853311907387871,0.923443087876822
ENSG00000161405,7,decreasing,6,-0.0035186173078481714,0.923443087876822
ENSG00000168461,7,decreasing,5,-0.0054042735605765715,0.923443087876822
ENSG00000169139,7,decreasing,7,-0.00972247307742853,0.923443087876822
ENSG00000170310,7,decreasing,6,-0.002198171712345771,0.923443087876822
ENSG00000171862,7,decreasing,7,-0.015643281702783587,0.923443087876822
ENSG00000172380,7,decreasing,6,-0.0028845184489524572,0.923443087876822
ENSG00000173599,7,decreasing,7,-0.011885284601623159,0.923443087876822
ENSG00000181404,7,decreasing,4,0.000593392822803986,0.923443087876822
ENSG00000183576,7,decreasing,6,-0.0011256287207555857,0.923443087876822
ENSG00000185658,7,decreasing,5,-0.0039072811653110134,0.923443087876822
ENSG00000188001,7,decreasing,7,-0.003914034623154558,0.923443087876822
ENSG00000188092,7,increasing,4,0.0021618962643594713,0.923443087876822
ENSG00000198843,7,decreasing,7,-0.05642165399261944,0.923443087876822
ENSG00000204084,7,decreasing,7,-0.019742796124311845,0.923443087876822
ENSG00000213619,7,decreasing,7,-0.004038152325217472,0.923443087876822
ENSG00000109066,7,decreasing,7,-0.003184271308708057,0.9205894436435511
ENSG00000058262,7,decreasing,6,-0.003960825027441771,0.9161121304554669
ENSG00000089177,7,decreasing,4,-0.00037483407049082845,0.9161121304554669
ENSG00000108405,7,decreasing,7,-0.011569923179270844,0.9161121304554669
ENSG00000116871,7,decreasing,7,-0.008568322794382814,0.9161121304554669
ENSG00000135930,7,decreasing,4,0.015430854008852659,0.9161121304554669
ENSG00000138642,7,decreasing,7,-0.006706399462991571,0.9161121304554669
ENSG00000144362,7,decreasing,7,-0.005299790314314742,0.9161121304554669
ENSG00000148700,7,decreasing,7,-0.0028750812701635003,0.9161121304554669
ENSG00000154080,7,decreasing,7,-0.009653555013954014,0.9161121304554669
ENSG00000156599,7,decreasing,5,-0.010019562524958016,0.9161121304554669
ENSG00000158486,7,decreasing,7,-0.023345645875121813,0.9161121304554669
ENSG00000161267,7,decreasing,7,-0.004941487084814043,0.9161121304554669
ENSG00000175265,7,decreasing,7,-0.0038258008275385003,0.9161121304554669
ENSG00000181991,7,decreasing,6,-0.0037804768067816997,0.9161121304554669
ENSG00000185565,7,decreasing,7,-0.010430772128382828,0.9161121304554669
ENSG00000137936,7,decreasing,6,-0.008232587305106186,0.913258486222196
ENSG00000150681,7,decreasing,7,-0.0020260036683018286,0.9087811730341118
ENSG00000144895,7,decreasing,7,-0.006145475971996457,0.9043038598460277
ENSG00000166762,7,decreasing,7,-0.014169112605385044,0.9043038598460277
ENSG00000172575,7,decreasing,7,-0.0042807337205813,0.9043038598460277
ENSG00000174482,7,decreasing,7,-0.006075338819003786,0.9043038598460277
ENSG00000020922,7,decreasing,7,-0.011455039931224901,0.9043038598460276
ENSG00000064726,7,decreasing,6,-0.005424274283299986,0.9043038598460276
ENSG00000079482,7,decreasing,6,-0.0049014152908769424,0.9043038598460276
ENSG00000095564,7,decreasing,6,-0.0022446771482780145,0.9043038598460276
ENSG00000104154,7,decreasing,7,-0.007492848613403528,0.9043038598460276
ENSG00000105568,7,decreasing,5,-0.02502580798396133,0.9043038598460276
ENSG00000107745,7,decreasing,4,0.011677393343087,0.9043038598460276
ENSG00000108798,7,decreasing,7,-0.007947390503544014,0.9043038598460276
ENSG00000116701,7,decreasing,7,-0.014105551004785144,0.9043038598460276
ENSG00000119487,7,decreasing,6,-0.021417161212419527,0.9043038598460276
ENSG00000119899,7,decreasing,7,-0.006556399210914214,0.9043038598460276
ENSG00000126107,7,decreasing,7,-0.0031858622424528857,0.9043038598460276
ENSG00000126749,7,decreasing,7,-0.021811065588153045,0.9043038598460276
ENSG00000134318,7,decreasing,7,-0.006299551529424686,0.9043038598460276
ENSG00000134627,7,decreasing,7,-0.004038404887146728,0.9043038598460276
ENSG00000137760,7,decreasing,7,-0.004203294152576557,0.9043038598460276
ENSG00000139618,7,decreasing,7,-0.006207330109457972,0.9043038598460276
ENSG00000144681,7,decreasing,7,-0.0048597259995922714,0.9043038598460276
ENSG00000145220,7,decreasing,7,-0.004445188964048014,0.9043038598460276
ENSG00000150764,7,decreasing,7,-0.025577494466003225,0.9043038598460276
ENSG00000152492,7,decreasing,7,-0.008098168326983315,0.9043038598460276
ENSG00000154832,7,decreasing,7,-0.02026349589842247,0.9043038598460276
ENSG00000155659,7,decreasing,7,-0.011749725871520844,0.9043038598460276
ENSG00000156587,7,decreasing,7,-0.022354332224979116,0.9043038598460276
ENSG00000166068,7,decreasing,6,-0.004057839741999057,0.9043038598460276
ENSG00000167264,7,decreasing,7,-0.006363556746142801,0.9043038598460276
ENSG00000178467,7,decreasing,5,0.009366045719610928,0.9043038598460276
ENSG00000180739,7,decreasing,7,-0.0061605106032847,0.9043038598460276
ENSG00000184708,7,decreasing,7,-0.0069913363576386,0.9043038598460276
ENSG00000185305,7,decreasing,6,-0.0012579167346278856,0.9043038598460276
ENSG00000185896,7,decreasing,7,-0.00798373151989527,0.9043038598460276
ENSG00000196126,7,decreasing,7,-0.02117968392282617,0.9043038598460276
ENSG00000196498,7,decreasing,7,-0.013498663633260272,0.9043038598460276
ENSG00000196735,7,decreasing,7,-0.010010395661810001,0.9043038598460276
ENSG00000197776,7,decreasing,7,-0.059454036963205045,0.9043038598460276
ENSG00000205765,7,decreasing,7,-0.007592090103701043,0.9043038598460276
ENSG00000262461,7,decreasing,7,-0.009513793529291728,0.9043038598460276
ENSG00000285082,7,decreasing,7,-0.0041633019891259854,0.9043038598460276
ENSG00000001629,6,decreasing,3,0.0014551056800643832,1.0
ENSG00000009780,6,decreasing,6,-0.0053265881163221005,1.0
ENSG00000028116,6,decreasing,4,0.007057528540852117,1.0
ENSG00000060237,6,decreasing,5,-0.05600631467839103,1.0
ENSG00000067606,6,decreasing,4,-0.005217351190073733,1.0
ENSG00000075292,6,decreasing,4,0.0013733234053406665,1.0
ENSG00000093010,6,decreasing,4,-0.0028089295095563333,1.0
ENSG00000100764,6,decreasing,4,0.006028547733577067,1.0
ENSG00000104205,6,decreasing,6,-0.009439746193068017,1.0
ENSG00000106723,6,decreasing,5,-0.017362560506502166,1.0
ENSG00000110696,6,decreasing,4,-0.0024557233832389835,1.0
ENSG00000124541,6,decreasing,6,-0.011932041020307699,1.0
ENSG00000130779,6,increasing,3,0.003577535182584133,1.0
ENSG00000136810,6,decreasing,5,0.00023467042311600046,1.0
ENSG00000141551,6,decreasing,4,-0.00696353603288345,1.0
ENSG00000144136,6,decreasing,3,-0.0006250194683443667,1.0
ENSG00000144909,6,decreasing,6,-0.01182758441164365,1.0
ENSG00000148840,6,increasing,4,-0.0028978733833899674,1.0
ENSG00000149823,6,decreasing,6,-0.037212714937065586,1.0
ENSG00000155324,6,increasing,4,0.011703045096454567,1.0
ENSG00000160179,6,decreasing,6,-0.006425570827324883,1.0
ENSG00000166024,6,decreasing,4,0.004367725141327668,1.0
ENSG00000181852,6,decreasing,5,-0.010161699781551068,1.0
ENSG00000184220,6,decreasing,5,-0.0015151228681416166,1.0
ENSG00000187735,6,decreasing,4,-0.003964304787397284,1.0
ENSG00000188559,6,decreasing,5,-0.028723003342269602,1.0
ENSG00000039523,6,decreasing,5,-0.0024256374773089996,0.9914472163417524
ENSG00000047457,6,decreasing,5,-0.0023464884831251166,0.9914472163417524
ENSG00000057935,6,decreasing,6,-0.014334738197144899,0.9914472163417524
ENSG00000075407,6,decreasing,5,-0.0025891382010075,0.9914472163417524
ENSG00000079999,6,increasing,5,0.014382060676871916,0.9914472163417524
ENSG00000089289,6,decreasing,5,-0.013253612521327984,0.9914472163417524
ENSG00000100811,6,increasing,4,0.0020430673401415837,0.9914472163417524
ENSG00000110958,6,decreasing,3,0.0026185583019416336,0.9914472163417524
ENSG00000116497,6,decreasing,4,0.004376722605675949,0.9914472163417524
ENSG00000130311,6,decreasing,5,-0.0054313533064735174,0.9914472163417524
ENSG00000134996,6,decreasing,5,-0.0050411335348864,0.9914472163417524
ENSG00000135842,6,decreasing,5,-0.0021354249230995334,0.9914472163417524
ENSG00000140471,6,decreasing,4,-0.003529131203298701,0.9914472163417524
ENSG00000145833,6,decreasing,6,-0.0032324364103099665,0.9914472163417524
ENSG00000146414,6,decreasing,3,0.020057425990123615,0.9914472163417524
ENSG00000148672,6,decreasing,5,-0.0029820765887452,0.9914472163417524
ENSG00000160752,6,decreasing,3,0.01817723751972792,0.9914472163417524
ENSG00000162695,6,decreasing,4,-0.027104294905046688,0.9914472163417524
ENSG00000163320,6,increasing,3,0.004101755902614333,0.9914472163417524
ENSG00000163389,6,increasing,3,-0.0013015101498639334,0.9914472163417524
ENSG00000167995,6,decreasing,4,-0.008769073953375667,0.9914472163417524
ENSG00000173065,6,decreasing,5,-0.0121055124072132,0.9914472163417524
ENSG00000197226,6,decreasing,6,-0.0032871030526120336,0.9914472163417524
ENSG00000205189,6,increasing,4,0.004609162912274717,0.9914472163417524
ENSG00000205208,6,decreasing,3,0.0013258697331176338,0.9914472163417524
ENSG00000211455,6,decreasing,6,-0.002528505631993429,0.9914472163417524
ENSG00000270647,6,decreasing,5,-0.009196266674348266,0.9914472163417524
ENSG00000284952,6,decreasing,5,-0.01400580670511005,0.9914472163417524
ENSG00000009790,6,decreasing,5,-0.004857384575719217,0.9828944326835046
ENSG00000020577,6,decreasing,6,-0.003616661906869017,0.9828944326835046
ENSG00000073578,6,decreasing,3,0.012594635196344581,0.9828944326835046
ENSG00000100523,6,decreasing,5,-0.0008386756011405168,0.9828944326835046
ENSG00000104408,6,increasing,4,0.0025961211088944836,0.9828944326835046
ENSG00000106397,6,decreasing,5,-0.0039710844989815,0.9828944326835046
ENSG00000107021,6,decreasing,5,-0.00168315475292555,0.9828944326835046
ENSG00000126067,6,decreasing,4,-0.021344171048650717,0.9828944326835046
ENSG00000166224,6,decreasing,6,-0.00498325537449125,0.9828944326835046
ENSG00000166912,6,decreasing,6,-0.00473480458875085,0.9828944326835046
ENSG00000167633,6,decreasing,5,-0.0026252028823555667,0.9828944326835046
ENSG00000169239,6,decreasing,6,-0.005829630486057916,0.9828944326835046
ENSG00000175866,6,decreasing,4,-0.06770882117866951,0.9828944326835046
ENSG00000023318,6,increasing,5,0.042867513871788415,0.9776709006307399
ENSG00000068024,6,decreasing,6,-0.02291285787541422,0.9776709006307399
ENSG00000070831,6,decreasing,5,-0.004829483319144983,0.9776709006307399
ENSG00000080608,6,decreasing,5,-0.024069043100972482,0.9776709006307399
ENSG00000091039,6,decreasing,5,0.007561909351933133,0.9776709006307399
ENSG00000100084,6,decreasing,4,-0.043325101878545685,0.9776709006307399
ENSG00000101096,6,increasing,5,0.020917592278320934,0.9776709006307399
ENSG00000101752,6,decreasing,5,-0.0075978730325042656,0.9776709006307399
ENSG00000103260,6,increasing,3,0.0021206260297032,0.9776709006307399
ENSG00000104957,6,decreasing,4,0.0040683152574760495,0.9776709006307399
ENSG00000110172,6,increasing,4,0.016805573517342052,0.9776709006307399
ENSG00000113448,6,decreasing,5,-0.05690345309656816,0.9776709006307399
ENSG00000116793,6,increasing,3,0.01462756502004607,0.9776709006307399
ENSG00000117528,6,increasing,4,0.020541217660626835,0.9776709006307399
ENSG00000124226,6,decreasing,5,-0.017875498116652084,0.9776709006307399
ENSG00000126522,6,increasing,4,0.015532707979366381,0.9776709006307399
ENSG00000130177,6,decreasing,4,-0.005102755115056967,0.9776709006307399
ENSG00000136280,6,decreasing,3,0.01763810654931823,0.9776709006307399
ENSG00000136485,6,increasing,4,0.017781733731290602,0.9776709006307399
ENSG00000137713,6,decreasing,5,0.015124713427446554,0.9776709006307399
ENSG00000144674,6,decreasing,4,-0.0014575479542249664,0.9776709006307399
ENSG00000145604,6,decreasing,4,-0.0014537438845877834,0.9776709006307399
ENSG00000147439,6,increasing,4,0.014322155397722884,0.9776709006307399
ENSG00000148187,6,decreasing,5,-0.0037901267087906334,0.9776709006307399
ENSG00000149100,6,decreasing,5,-0.05218629903276373,0.9776709006307399
ENSG00000150782,6,decreasing,5,-0.04046588613277275,0.9776709006307399
ENSG00000151923,6,increasing,5,0.00464864795701445,0.9776709006307399
ENSG00000154511,6,decreasing,6,-0.013424066519785215,0.9776709006307399
ENSG00000155621,6,decreasing,6,-0.011544120362027066,0.9776709006307399
ENSG00000162869,6,decreasing,6,-0.010049312180329466,0.9776709006307399
ENSG00000162972,6,decreasing,4,-0.008274505720175932,0.9776709006307399
ENSG00000163104,6,increasing,3,-0.005907444768867533,0.9776709006307399
ENSG00000164830,6,increasing,3,0.011861708757023267,0.9776709006307399
ENSG00000166226,6,decreasing,4,-0.0033485410543932,0.9776709006307399
ENSG00000166986,6,decreasing,5,-0.003307043745116084,0.9776709006307399
ENSG00000171055,6,increasing,4,0.003606224157861483,0.9776709006307399
ENSG00000172530,6,decreasing,3,0.0021121550147040666,0.9776709006307399
ENSG00000174165,6,decreasing,5,-0.007478669354383301,0.9776709006307399
ENSG00000180376,6,decreasing,5,-0.004733198184643634,0.9776709006307399
ENSG00000181827,6,decreasing,4,7.425154240535002e-05,0.9776709006307399
ENSG00000182158,6,increasing,5,0.008154111882236635,0.9776709006307399
ENSG00000182162,6,decreasing,5,-0.044484364699943685,0.9776709006307399
ENSG00000183621,6,increasing,4,0.008126932628350467,0.9776709006307399
ENSG00000184575,6,increasing,4,0.008163744121817217,0.9776709006307399
ENSG00000187079,6,decreasing,3,0.00207042081410115,0.9776709006307399
ENSG00000196083,6,decreasing,4,-0.004955773502375149,0.9776709006307399
ENSG00000198815,6,increasing,4,0.001353908808410767,0.9776709006307399
ENSG00000203780,6,decreasing,6,-0.03783890270291804,0.9776709006307399
ENSG00000204120,6,decreasing,3,0.00022611223247886666,0.9776709006307399
ENSG00000231500,6,increasing,5,0.005582667414292566,0.9776709006307399
ENSG00000265972,6,increasing,5,0.0034162372603188337,0.9776709006307399
ENSG00000285329,6,decreasing,3,0.0014087486888187666,0.9776709006307399
ENSG00000288208,6,decreasing,4,0.07801355763418384,0.9776709006307399
ENSG00000026508,6,increasing,4,0.014714118491878767,0.9776709006307397
ENSG00000069966,6,decreasing,6,-0.010646591632368634,0.9776709006307397
ENSG00000074842,6,increasing,5,0.004797971446994967,0.9776709006307397
ENSG00000091490,6,increasing,3,-0.0041243165287281015,0.9776709006307397
ENSG00000095794,6,increasing,5,0.0056959915104310005,0.9776709006307397
ENSG00000101695,6,decreasing,4,-0.003318698265058633,0.9776709006307397
ENSG00000101849,6,decreasing,4,-0.01188112225028165,0.9776709006307397
ENSG00000101966,6,decreasing,3,0.0030323406594904164,0.9776709006307397
ENSG00000105953,6,decreasing,5,-0.0072302980212078675,0.9776709006307397
ENSG00000106799,6,decreasing,4,-0.016891741855218568,0.9776709006307397
ENSG00000107738,6,decreasing,5,-0.0012500143961636997,0.9776709006307397
ENSG00000110721,6,decreasing,4,-0.0018922096725105502,0.9776709006307397
ENSG00000112584,6,decreasing,4,-9.409338774115024e-05,0.9776709006307397
ENSG00000113649,6,decreasing,6,-0.004526740901388433,0.9776709006307397
ENSG00000116874,6,decreasing,4,0.0038940007818784,0.9776709006307397
ENSG00000122678,6,increasing,3,0.0005714085672370832,0.9776709006307397
ENSG00000124214,6,increasing,3,-0.01047002817581535,0.9776709006307397
ENSG00000127081,6,decreasing,4,-0.0025940306927251006,0.9776709006307397
ENSG00000131381,6,decreasing,3,0.008128917093050483,0.9776709006307397
ENSG00000131981,6,decreasing,3,0.0247417837899857,0.9776709006307397
ENSG00000137074,6,decreasing,5,-0.0024733030397049334,0.9776709006307397
ENSG00000138398,6,decreasing,4,-0.00041032306373758355,0.9776709006307397
ENSG00000139722,6,decreasing,4,-0.0021661403218529163,0.9776709006307397
ENSG00000150712,6,decreasing,4,-0.0024864530516836166,0.9776709006307397
ENSG00000152223,6,decreasing,5,-0.0006252795400659498,0.9776709006307397
ENSG00000156011,6,decreasing,5,-0.004133384185047517,0.9776709006307397
ENSG00000156299,6,increasing,3,0.0003008396013535498,0.9776709006307397
ENSG00000165029,6,decreasing,4,-0.028119269865021067,0.9776709006307397
ENSG00000166228,6,decreasing,5,-0.0106387806284847,0.9776709006307397
ENSG00000166435,6,decreasing,4,-0.00748451154659015,0.9776709006307397
ENSG00000167004,6,decreasing,4,-0.003663525154102967,0.9776709006307397
ENSG00000170606,6,increasing,5,0.018981513869762916,0.9776709006307397
ENSG00000183735,6,decreasing,5,-0.009733314254865283,0.9776709006307397
ENSG00000185033,6,decreasing,5,0.003868815475392817,0.9776709006307397
ENSG00000196305,6,decreasing,5,-0.00294812128023395,0.9776709006307397
ENSG00000197756,6,decreasing,4,0.031075407961719384,0.9776709006307397
ENSG00000213015,6,decreasing,4,0.0032024380962525664,0.9776709006307397
ENSG00000256206,6,decreasing,3,0.007352811604717166,0.9776709006307397
ENSG00000265241,6,decreasing,4,0.005972199989496899,0.9776709006307397
ENSG00000171302,6,decreasing,6,-0.0053041232313835495,0.974341649025257
ENSG00000204524,6,decreasing,6,-0.07474430581240636,0.974341649025257
ENSG00000204569,6,decreasing,4,0.002281327221880117,0.974341649025257
ENSG00000005486,6,decreasing,5,-0.01237258751353445,0.9691181169724922
ENSG00000086015,6,decreasing,6,-0.0055134248435695825,0.9691181169724922
ENSG00000132003,6,decreasing,5,0.005573132744712501,0.9691181169724922
ENSG00000157445,6,decreasing,6,-0.0053397729303928665,0.9691181169724922
ENSG00000175073,6,decreasing,6,-0.006027369235836084,0.9691181169724922
ENSG00000013725,6,decreasing,4,-0.009692936497686083,0.9691181169724921
ENSG00000033178,6,decreasing,6,-0.007485756805159716,0.9691181169724921
ENSG00000039068,6,decreasing,5,-0.0045448489965648495,0.9691181169724921
ENSG00000055044,6,increasing,3,0.06649834402815305,0.9691181169724921
ENSG00000059378,6,decreasing,6,-0.00660509377881205,0.9691181169724921
ENSG00000072310,6,decreasing,6,-0.0078424000920509,0.9691181169724921
ENSG00000089775,6,decreasing,5,-0.008062172348592817,0.9691181169724921
ENSG00000099290,6,decreasing,4,-0.0040209542240457665,0.9691181169724921
ENSG00000102580,6,increasing,4,0.02693394111338372,0.9691181169724921
ENSG00000110047,6,decreasing,5,-0.0077597646501998,0.9691181169724921
ENSG00000112531,6,increasing,3,-0.0022563437921699334,0.9691181169724921
ENSG00000113300,6,decreasing,5,3.565332801735001e-05,0.9691181169724921
ENSG00000115295,6,decreasing,6,-0.00475419969666475,0.9691181169724921
ENSG00000115594,6,decreasing,3,-0.0024249851970349497,0.9691181169724921
ENSG00000123358,6,decreasing,3,-0.0022619738509670503,0.9691181169724921
ENSG00000123595,6,decreasing,6,-0.029818019031565085,0.9691181169724921
ENSG00000125246,6,decreasing,6,-0.0032957292391007,0.9691181169724921
ENSG00000128739,6,decreasing,6,-0.007045017643204549,0.9691181169724921
ENSG00000129084,6,decreasing,4,-0.0010376383593170666,0.9691181169724921
ENSG00000137692,6,decreasing,4,-0.015174285985117032,0.9691181169724921
ENSG00000138496,6,decreasing,6,-0.0038060011644153497,0.9691181169724921
ENSG00000141380,6,decreasing,3,-0.004378917578340383,0.9691181169724921
ENSG00000144746,6,decreasing,5,-0.004603843186865966,0.9691181169724921
ENSG00000146376,6,decreasing,6,-0.01171549438294175,0.9691181169724921
ENSG00000146574,6,decreasing,5,-0.0038210737540589333,0.9691181169724921
ENSG00000151304,6,decreasing,5,-0.0105979016033056,0.9691181169724921
ENSG00000157600,6,decreasing,5,-0.0027459948018224833,0.9691181169724921
ENSG00000157837,6,decreasing,6,-0.0068441209318491165,0.9691181169724921
ENSG00000157911,6,decreasing,5,-0.01130016117897655,0.9691181169724921
ENSG00000159063,6,increasing,4,0.002058924970505433,0.9691181169724921
ENSG00000160087,6,increasing,4,0.01427664064627415,0.9691181169724921
ENSG00000164180,6,decreasing,5,-0.00400829956442455,0.9691181169724921
ENSG00000164430,6,decreasing,3,-0.0019888002122634336,0.9691181169724921
ENSG00000166411,6,decreasing,4,-0.0009657655018938,0.9691181169724921
ENSG00000167461,6,decreasing,5,-0.030336099447085305,0.9691181169724921
ENSG00000168310,6,decreasing,5,-0.009924207755371851,0.9691181169724921
ENSG00000173757,6,decreasing,5,-0.005833623153645751,0.9691181169724921
ENSG00000178982,6,decreasing,6,-0.0017697200976275666,0.9691181169724921
ENSG00000182534,6,decreasing,4,-0.0015083639236812667,0.9691181169724921
ENSG00000184922,6,decreasing,6,-0.011299735107601266,0.9691181169724921
ENSG00000196072,6,decreasing,5,-0.0015269748405827167,0.9691181169724921
ENSG00000204590,6,decreasing,4,-0.013191543691233968,0.9691181169724921
ENSG00000213918,6,decreasing,4,0.006687080639682267,0.9691181169724921
ENSG00000275385,6,decreasing,4,-0.017837041977430166,0.9691181169724921
ENSG00000285932,6,decreasing,5,-0.005644355862176618,0.9691181169724921
ENSG00000001461,6,decreasing,3,-0.0017672835558997333,0.9605653333142445
ENSG00000010017,6,decreasing,4,-0.011884680296834151,0.9605653333142445
ENSG00000047644,6,decreasing,5,-0.00217504132103455,0.9605653333142445
ENSG00000100650,6,decreasing,4,0.002555692340520267,0.9605653333142445
ENSG00000122741,6,decreasing,5,0.001601175986538083,0.9605653333142445
ENSG00000128923,6,decreasing,4,0.0005169935298097499,0.9605653333142445
ENSG00000134686,6,decreasing,5,-0.006708078523248933,0.9605653333142445
ENSG00000137801,6,decreasing,6,-0.004755422517281383,0.9605653333142445
ENSG00000138688,6,decreasing,6,-0.010650292413599017,0.9605653333142445
ENSG00000151150,6,decreasing,5,-0.006564011528848851,0.9605653333142445
ENSG00000167618,6,decreasing,6,-0.018743958639368414,0.9605653333142445
ENSG00000172954,6,decreasing,6,-0.0333884224078664,0.9605653333142445
ENSG00000188846,6,decreasing,5,-0.0177755583275836,0.9605653333142445
ENSG00000072134,6,decreasing,6,-0.0042827675845216,0.9605653333142444
ENSG00000104998,6,decreasing,5,-0.009643410092785833,0.9605653333142444
ENSG00000110422,6,decreasing,5,-0.008163637243735117,0.9605653333142444
ENSG00000112306,6,decreasing,3,-0.0021897042855682836,0.9605653333142444
ENSG00000116273,6,decreasing,6,-0.0033461630370797833,0.9605653333142444
ENSG00000125386,6,decreasing,5,0.0015201145782053162,0.9605653333142444
ENSG00000132002,6,decreasing,6,-0.00393231715996615,0.9605653333142444
ENSG00000132182,6,decreasing,5,-0.0018469640827010498,0.9605653333142444
ENSG00000138207,6,decreasing,6,-0.005789653665107616,0.9605653333142444
ENSG00000141384,6,decreasing,4,0.0019228327412986,0.9605653333142444
ENSG00000144029,6,decreasing,6,-0.003965802739584917,0.9605653333142444
ENSG00000165115,6,decreasing,6,-0.0036471298857051002,0.9605653333142444
ENSG00000175203,6,decreasing,6,-0.0034306725430223333,0.9605653333142444
ENSG00000180776,6,decreasing,5,-0.0005476586936120671,0.9605653333142444
ENSG00000185947,6,decreasing,5,-0.0005270599235496999,0.9605653333142444
ENSG00000197208,6,decreasing,6,-0.005229933025378434,0.9605653333142444
ENSG00000204172,6,decreasing,5,0.0004270756397954166,0.9605653333142444
ENSG00000276289,6,decreasing,6,-0.0026623360301738,0.9605653333142444
ENSG00000003400,6,decreasing,4,0.014728322641978,0.9553418012614796
ENSG00000011243,6,increasing,5,0.03732794775521805,0.9553418012614796
ENSG00000012061,6,increasing,3,0.02103458924215798,0.9553418012614796
ENSG00000013441,6,decreasing,3,0.03591804187573055,0.9553418012614796
ENSG00000040341,6,decreasing,4,0.04548267242784767,0.9553418012614796
ENSG00000055332,6,increasing,4,0.004124923693194417,0.9553418012614796
ENSG00000055917,6,increasing,3,-0.004482170842788717,0.9553418012614796
ENSG00000064607,6,decreasing,6,-0.011046395161774135,0.9553418012614796
ENSG00000078618,6,decreasing,4,-0.001234806796035651,0.9553418012614796
ENSG00000083844,6,decreasing,6,-0.006428239015952817,0.9553418012614796
ENSG00000084093,6,decreasing,4,0.0016950648221787665,0.9553418012614796
ENSG00000092036,6,decreasing,6,-0.0033558529472391837,0.9553418012614796
ENSG00000100354,6,increasing,4,0.006174059073117733,0.9553418012614796
ENSG00000100997,6,decreasing,4,-0.012256275795588566,0.9553418012614796
ENSG00000102786,6,decreasing,5,-0.0027756610787307164,0.9553418012614796
ENSG00000103194,6,decreasing,4,-0.02056001161861435,0.9553418012614796
ENSG00000103657,6,increasing,4,0.05610313562673116,0.9553418012614796
ENSG00000106948,6,decreasing,6,-0.007340888396122384,0.9553418012614796
ENSG00000107249,6,decreasing,5,-0.006146065069953434,0.9553418012614796
ENSG00000109790,6,increasing,4,0.004020361240098,0.9553418012614796
ENSG00000110880,6,decreasing,4,-0.0015474073327485002,0.9553418012614796
ENSG00000113558,6,decreasing,5,-0.007140373165120568,0.9553418012614796
ENSG00000115165,6,decreasing,4,0.014877699626946433,0.9553418012614796
ENSG00000115232,6,decreasing,5,-0.0005108946208013833,0.9553418012614796
ENSG00000115271,6,decreasing,6,-0.025661323803001384,0.9553418012614796
ENSG00000115414,6,decreasing,5,-0.0021023868064238,0.9553418012614796
ENSG00000115825,6,decreasing,4,-0.0041251262975077,0.9553418012614796
ENSG00000119844,6,decreasing,4,0.013431643671449148,0.9553418012614796
ENSG00000119878,6,decreasing,5,-0.009623602937262034,0.9553418012614796
ENSG00000121671,6,decreasing,5,0.029935099252246366,0.9553418012614796
ENSG00000122565,6,decreasing,5,-0.0011178379569996,0.9553418012614796
ENSG00000128512,6,increasing,3,0.016942053545695317,0.9553418012614796
ENSG00000130254,6,decreasing,6,-0.006697665137632917,0.9553418012614796
ENSG00000130303,6,increasing,3,0.026455223644260648,0.9553418012614796
ENSG00000130813,6,decreasing,6,-0.007211277187804416,0.9553418012614796
ENSG00000132485,6,decreasing,4,0.017056292010150468,0.9553418012614796
ENSG00000135334,6,decreasing,5,-0.0041373335652690165,0.9553418012614796
ENSG00000135679,6,decreasing,4,9.518092832751719e-05,0.9553418012614796
ENSG00000136536,6,decreasing,3,0.016737746702687167,0.9553418012614796
ENSG00000136813,6,decreasing,6,-0.004379629294797067,0.9553418012614796
ENSG00000136930,6,decreasing,4,-0.00859044232906525,0.9553418012614796
ENSG00000137819,6,decreasing,4,0.008315053430431218,0.9553418012614796
ENSG00000138162,6,decreasing,3,0.0101055574128477,0.9553418012614796
ENSG00000138378,6,increasing,3,-0.002362619815616933,0.9553418012614796
ENSG00000138764,6,decreasing,3,0.0168097111649781,0.9553418012614796
ENSG00000139505,6,decreasing,4,-0.0018955911918019667,0.9553418012614796
ENSG00000140718,6,decreasing,3,-0.004960772279938717,0.9553418012614796
ENSG00000141068,6,increasing,3,0.006178782376163583,0.9553418012614796
ENSG00000141429,6,decreasing,3,0.0592372226881214,0.9553418012614796
ENSG00000147454,6,decreasing,3,0.0011277429387685333,0.9553418012614796
ENSG00000148175,6,decreasing,4,0.005923129894278516,0.9553418012614796
ENSG00000148356,6,decreasing,4,-0.010281553418427366,0.9553418012614796
ENSG00000148925,6,increasing,4,0.010597097782691285,0.9553418012614796
ENSG00000151229,6,decreasing,4,-0.014689157708018865,0.9553418012614796
ENSG00000151883,6,increasing,4,0.0026849912305153835,0.9553418012614796
ENSG00000152102,6,decreasing,3,0.017692681234017796,0.9553418012614796
ENSG00000155313,6,decreasing,6,-0.01876128618466695,0.9553418012614796
ENSG00000155744,6,decreasing,4,-0.0045517411365103835,0.9553418012614796
ENSG00000158417,6,increasing,3,-0.0008313332792713001,0.9553418012614796
ENSG00000161533,6,increasing,3,0.002154982998548583,0.9553418012614796
ENSG00000164134,6,decreasing,4,0.011849880600624668,0.9553418012614796
ENSG00000166037,6,decreasing,4,0.009366931109595567,0.9553418012614796
ENSG00000167258,6,decreasing,4,-0.0021395653051119,0.9553418012614796
ENSG00000168010,6,decreasing,5,0.00015260525858925002,0.9553418012614796
ENSG00000168066,6,decreasing,6,-0.012355422353113599,0.9553418012614796
ENSG00000168300,6,decreasing,3,0.014718231246151967,0.9553418012614796
ENSG00000170242,6,decreasing,6,-0.004021223209738033,0.9553418012614796
ENSG00000171791,6,decreasing,4,-0.00432341034333945,0.9553418012614796
ENSG00000172673,6,decreasing,5,-0.003623978948899417,0.9553418012614796
ENSG00000173530,6,decreasing,5,-0.027679006066845032,0.9553418012614796
ENSG00000174501,6,decreasing,6,-0.007789731382269217,0.9553418012614796
ENSG00000176953,6,decreasing,4,-0.0019315611882193167,0.9553418012614796
ENSG00000177885,6,decreasing,6,-0.005247806595613934,0.9553418012614796
ENSG00000181625,6,increasing,4,0.00397645079968635,0.9553418012614796
ENSG00000182149,6,increasing,4,0.0088279606140971,0.9553418012614796
ENSG00000182247,6,decreasing,6,-0.006388825085139283,0.9553418012614796
ENSG00000183049,6,decreasing,4,-0.0029648022374163326,0.9553418012614796
ENSG00000189050,6,increasing,4,0.009817482521960883,0.9553418012614796
ENSG00000189283,6,decreasing,6,-0.0038337185626863834,0.9553418012614796
ENSG00000196189,6,decreasing,4,-0.0005300074178644331,0.9553418012614796
ENSG00000197362,6,decreasing,3,0.0034625496503045664,0.9553418012614796
ENSG00000197405,6,decreasing,5,-0.0146258846100155,0.9553418012614796
ENSG00000198169,6,decreasing,6,-0.017662544996330933,0.9553418012614796
ENSG00000198771,6,increasing,5,0.017325748289715365,0.9553418012614796
ENSG00000204713,6,decreasing,5,-0.007819101505842283,0.9553418012614796
ENSG00000250151,6,decreasing,5,-0.0034012317493772835,0.9553418012614796
ENSG00000254470,6,decreasing,6,-0.018219378603476884,0.9553418012614796
ENSG00000261371,6,decreasing,6,-0.003799413944123633,0.9553418012614796
ENSG00000277149,6,decreasing,6,-0.010885000454218266,0.9553418012614796
ENSG00000283782,6,decreasing,4,-0.0013728450050078502,0.9553418012614796
ENSG00000284292,6,decreasing,5,-0.019495494323257583,0.9553418012614796
ENSG00000107263,6,decreasing,3,-0.0042952551927509,0.9553418012614795
ENSG00000115935,6,decreasing,4,-0.00194327892131645,0.9553418012614795
ENSG00000185104,6,decreasing,5,-0.030270881890448784,0.9553418012614795
ENSG00000188811,6,increasing,5,0.008555962268064899,0.9553418012614795
ENSG00000213722,6,increasing,3,-0.0014895745423210668,0.9553418012614795
ENSG00000078114,6,decreasing,6,-0.00409045968301195,0.9520125496559969
ENSG00000115425,6,increasing,4,0.05691411397163668,0.9520125496559969
ENSG00000116525,6,decreasing,6,-0.005193378501047434,0.9520125496559969
ENSG00000120915,6,decreasing,6,-0.0026724678454788,0.9520125496559969
ENSG00000157379,6,decreasing,6,-0.006279555018061884,0.9520125496559969
ENSG00000075651,6,increasing,3,0.00218075149688435,0.9520125496559967
ENSG00000131848,6,decreasing,6,-0.002797361200468617,0.9520125496559967
ENSG00000134108,6,decreasing,4,-0.045840735257554714,0.9520125496559967
ENSG00000147162,6,decreasing,6,-0.0036790287275329,0.9520125496559967
ENSG00000156113,6,decreasing,6,-0.0024177079265332167,0.9520125496559967
ENSG00000198258,6,decreasing,6,-0.006905265058714733,0.9520125496559967
ENSG00000002822,6,decreasing,6,-0.0096402191631532,0.946789017603232
ENSG00000006576,6,decreasing,6,-0.006946990054314517,0.946789017603232
ENSG00000008394,6,decreasing,6,-0.012291331984414301,0.946789017603232
ENSG00000008838,6,decreasing,4,-0.013376203767839817,0.946789017603232
ENSG00000023734,6,decreasing,5,-0.005890779835587699,0.946789017603232
ENSG00000065978,6,decreasing,5,-0.0045551737154714,0.946789017603232
ENSG00000083544,6,decreasing,4,-0.0009090348459951334,0.946789017603232
ENSG00000095637,6,decreasing,6,-0.01533597286451605,0.946789017603232
ENSG00000100592,6,decreasing,5,-0.014427596040003834,0.946789017603232
ENSG00000102743,6,decreasing,5,-0.005187602635590534,0.946789017603232
ENSG00000105223,6,increasing,3,0.041948990640307694,0.946789017603232
ENSG00000112033,6,decreasing,6,-0.009230618762560283,0.946789017603232
ENSG00000112406,6,decreasing,6,-0.015355301843705234,0.946789017603232
ENSG00000113648,6,decreasing,6,-0.007979520866881902,0.946789017603232
ENSG00000117036,6,increasing,4,0.024819433344240718,0.946789017603232
ENSG00000117118,6,decreasing,5,-0.0108478812113792,0.946789017603232
ENSG00000121931,6,decreasing,4,0.004639455426383583,0.946789017603232
ENSG00000123213,6,decreasing,5,-0.007381252752899583,0.946789017603232
ENSG00000126467,6,decreasing,5,-0.004477469706111033,0.946789017603232
ENSG00000132205,6,decreasing,5,-0.01711210533260335,0.946789017603232
ENSG00000135956,6,decreasing,5,-0.010333843637669668,0.946789017603232
ENSG00000140563,6,decreasing,6,-0.022422926973830384,0.946789017603232
ENSG00000141560,6,decreasing,4,0.0023660917052093834,0.946789017603232
ENSG00000163946,6,decreasing,4,-0.00034011951343885003,0.946789017603232
ENSG00000166398,6,decreasing,6,-0.004514629095985249,0.946789017603232
ENSG00000169249,6,decreasing,3,0.008373869156953016,0.946789017603232
ENSG00000172602,6,decreasing,4,-0.0006391864220962167,0.946789017603232
ENSG00000186432,6,decreasing,4,0.015035855383037382,0.946789017603232
ENSG00000101421,6,decreasing,6,-0.007698870134407651,0.9467890176032318
ENSG00000105738,6,decreasing,4,0.0019505716960718335,0.9467890176032318
ENSG00000109445,6,decreasing,6,-0.02702467028434492,0.9467890176032318
ENSG00000109572,6,decreasing,6,-0.003772881224123467,0.9467890176032318
ENSG00000115128,6,decreasing,4,-0.0002736362933272002,0.9467890176032318
ENSG00000115677,6,decreasing,6,-0.00418650883461185,0.9467890176032318
ENSG00000115970,6,decreasing,5,-0.0082743067717594,0.9467890176032318
ENSG00000116260,6,decreasing,5,-0.00532619666485185,0.9467890176032318
ENSG00000126524,6,decreasing,6,-0.0038005055136831833,0.9467890176032318
ENSG00000127074,6,decreasing,6,-0.0044057620840671,0.9467890176032318
ENSG00000129521,6,decreasing,6,-0.005963795567030017,0.9467890176032318
ENSG00000131368,6,decreasing,6,-0.0028880392420730164,0.9467890176032318
ENSG00000136141,6,decreasing,5,-0.00271935385587725,0.9467890176032318
ENSG00000141979,6,decreasing,6,-0.017750994218178984,0.9467890176032318
ENSG00000146192,6,decreasing,5,0.007495360462701483,0.9467890176032318
ENSG00000148660,6,decreasing,4,0.0321828271417586,0.9467890176032318
ENSG00000155256,6,decreasing,4,-0.005234573660722334,0.9467890176032318
ENSG00000158796,6,decreasing,5,-0.0014566717547552666,0.9467890176032318
ENSG00000164941,6,decreasing,4,-0.0009965323093112835,0.9467890176032318
ENSG00000164961,6,decreasing,4,0.029603531192611065,0.9467890176032318
ENSG00000166788,6,decreasing,6,-0.04847597793807864,0.9467890176032318
ENSG00000168918,6,increasing,3,0.00930700870541575,0.9467890176032318
ENSG00000174943,6,increasing,5,0.022748112660946982,0.9467890176032318
ENSG00000180398,6,decreasing,4,0.00311198847390925,0.9467890176032318
ENSG00000198265,6,decreasing,6,-0.00663582235481885,0.9467890176032318
ENSG00000213999,6,increasing,4,0.016781810820134285,0.9467890176032318
ENSG00000218739,6,decreasing,6,-0.002655285748606367,0.9467890176032318
ENSG00000095319,6,decreasing,6,-0.004036103543356883,0.9434597659977491
ENSG00000075420,6,decreasing,5,-0.00252084262030585,0.9382362339449842
ENSG00000107566,6,decreasing,6,-0.004159476853530333,0.9382362339449842
ENSG00000108312,6,decreasing,6,-0.011399339357086183,0.9382362339449842
ENSG00000109046,6,decreasing,6,-0.0065687484723913,0.9382362339449842
ENSG00000118495,6,decreasing,6,-0.0024784899382963668,0.9382362339449842
ENSG00000118507,6,decreasing,6,-0.00899177748924395,0.9382362339449842
ENSG00000130731,6,decreasing,6,-0.0037193461210609166,0.9382362339449842
ENSG00000134308,6,decreasing,6,-0.049890959065060136,0.9382362339449842
ENSG00000135525,6,decreasing,3,0.004032734601264801,0.9382362339449842
ENSG00000138303,6,decreasing,5,-0.029625947148776168,0.9382362339449842
ENSG00000138433,6,decreasing,6,-0.006613731442830867,0.9382362339449842
ENSG00000140367,6,decreasing,5,0.00035462892983201673,0.9382362339449842
ENSG00000145349,6,decreasing,5,-0.00477064143036335,0.9382362339449842
ENSG00000149021,6,decreasing,6,-0.003717427384860183,0.9382362339449842
ENSG00000152242,6,decreasing,5,-0.0005858461564456,0.9382362339449842
ENSG00000155097,6,decreasing,5,-0.002555189136896083,0.9382362339449842
ENSG00000162636,6,decreasing,4,-0.00054472297419177,0.9382362339449842
ENSG00000163393,6,decreasing,6,-0.0038780429911082835,0.9382362339449842
ENSG00000163714,6,decreasing,5,-0.014158909338214948,0.9382362339449842
ENSG00000165240,6,decreasing,4,0.0018844638670509502,0.9382362339449842
ENSG00000166192,6,decreasing,6,-0.00984782996253155,0.9382362339449842
ENSG00000182934,6,decreasing,3,-0.0052720988841390174,0.9382362339449842
ENSG00000205339,6,increasing,3,0.0029709495136546337,0.9382362339449842
ENSG00000005889,6,decreasing,4,-0.00369696706384025,0.9330127018922193
ENSG00000035681,6,decreasing,6,-0.0034606470957042833,0.9330127018922193
ENSG00000042088,6,decreasing,3,0.0044121264239364,0.9330127018922193
ENSG00000067365,6,decreasing,6,-0.009301861512966884,0.9330127018922193
ENSG00000070413,6,decreasing,5,-0.019686518472738983,0.9330127018922193
ENSG00000077585,6,decreasing,5,-0.006218280399006334,0.9330127018922193
ENSG00000080815,6,decreasing,3,0.004423918246122383,0.9330127018922193
ENSG00000080839,6,decreasing,6,-0.00391766471840795,0.9330127018922193
ENSG00000082397,6,decreasing,4,0.029542916253506035,0.9330127018922193
ENSG00000089154,6,decreasing,5,-0.0040383382902660836,0.9330127018922193
ENSG00000092201,6,increasing,3,0.009438642148776516,0.9330127018922193
ENSG00000100580,6,decreasing,6,-0.00756383902249165,0.9330127018922193
ENSG00000101347,6,decreasing,6,-0.004878256062988134,0.9330127018922193
ENSG00000102781,6,decreasing,4,-0.00564589368927555,0.9330127018922193
ENSG00000104517,6,decreasing,4,-0.016574792320658515,0.9330127018922193
ENSG00000107957,6,decreasing,4,0.00101797610929745,0.9330127018922193
ENSG00000108950,6,decreasing,5,-0.0013245161630381834,0.9330127018922193
ENSG00000109756,6,decreasing,4,-0.003518762795126033,0.9330127018922193
ENSG00000111252,6,decreasing,5,-0.005726646903350883,0.9330127018922193
ENSG00000112679,6,decreasing,6,-0.00326420036791145,0.9330127018922193
ENSG00000112992,6,decreasing,6,-0.004051425514953017,0.9330127018922193
ENSG00000116062,6,decreasing,5,-0.00047736410451260374,0.9330127018922193
ENSG00000117481,6,decreasing,5,-6.345972109899946e-05,0.9330127018922193
ENSG00000118454,6,increasing,3,-0.0041436503686787,0.9330127018922193
ENSG00000118849,6,decreasing,6,-0.0030946477750213833,0.9330127018922193
ENSG00000119321,6,decreasing,5,-0.0039681683834711665,0.9330127018922193
ENSG00000122335,6,decreasing,4,0.08098862993461917,0.9330127018922193
ENSG00000122958,6,decreasing,6,-0.00381573191425325,0.9330127018922193
ENSG00000122965,6,decreasing,4,0.0012896943340475167,0.9330127018922193
ENSG00000124789,6,decreasing,5,-0.008520277243397201,0.9330127018922193
ENSG00000126883,6,increasing,4,0.07005881203295734,0.9330127018922193
ENSG00000127084,6,decreasing,6,-0.0084410835624988,0.9330127018922193
ENSG00000130175,6,increasing,3,-0.00030695475147411673,0.9330127018922193
ENSG00000130826,6,decreasing,5,0.00105323729383165,0.9330127018922193
ENSG00000131398,6,decreasing,4,-0.0046564247200991,0.9330127018922193
ENSG00000134243,6,decreasing,5,-0.0021894048049013667,0.9330127018922193
ENSG00000134539,6,decreasing,5,-0.0058130193407966825,0.9330127018922193
ENSG00000136167,6,decreasing,4,0.003933924043992916,0.9330127018922193
ENSG00000136250,6,decreasing,5,0.03565885154131395,0.9330127018922193
ENSG00000137486,6,increasing,4,0.05135423675177517,0.9330127018922193
ENSG00000138185,6,decreasing,4,0.011463136204641669,0.9330127018922193
ENSG00000138767,6,decreasing,4,0.00042709861294125,0.9330127018922193
ENSG00000138771,6,decreasing,5,-0.0015107315044681168,0.9330127018922193
ENSG00000138801,6,decreasing,6,-0.00553797167360405,0.9330127018922193
ENSG00000139163,6,decreasing,6,-0.004971116936041,0.9330127018922193
ENSG00000140406,6,decreasing,5,-0.008328835946354451,0.9330127018922193
ENSG00000142192,6,decreasing,6,-0.058829550205480426,0.9330127018922193
ENSG00000143549,6,decreasing,6,-0.03761814136348033,0.9330127018922193
ENSG00000143771,6,decreasing,3,0.0036961652524555334,0.9330127018922193
ENSG00000145715,6,decreasing,6,-0.013402080437604885,0.9330127018922193
ENSG00000145781,6,decreasing,6,-0.0046850285207325005,0.9330127018922193
ENSG00000145860,6,decreasing,4,5.090201021016686e-05,0.9330127018922193
ENSG00000147251,6,decreasing,6,-0.003925237844348733,0.9330127018922193
ENSG00000147533,6,decreasing,6,-0.007772397243338,0.9330127018922193
ENSG00000148429,6,decreasing,5,0.00017700012749845016,0.9330127018922193
ENSG00000148842,6,decreasing,4,-0.0026667236924821335,0.9330127018922193
ENSG00000149262,6,decreasing,4,0.08336692949695028,0.9330127018922193
ENSG00000150753,6,decreasing,3,0.00126054432647155,0.9330127018922193
ENSG00000150995,6,decreasing,5,-0.012442735994088966,0.9330127018922193
ENSG00000153789,6,decreasing,6,-0.0058239006797045,0.9330127018922193
ENSG00000154310,6,decreasing,5,-0.0003676691449539,0.9330127018922193
ENSG00000156471,6,decreasing,6,-0.00488049582416505,0.9330127018922193
ENSG00000162104,6,decreasing,3,0.006892044357476933,0.9330127018922193
ENSG00000166348,6,decreasing,6,-0.014107851386124567,0.9330127018922193
ENSG00000166710,6,decreasing,5,-0.0020892234920258665,0.9330127018922193
ENSG00000166801,6,increasing,6,0.02336780006275495,0.9330127018922193
ENSG00000168679,6,decreasing,4,0.006757093355055084,0.9330127018922193
ENSG00000171608,6,decreasing,4,-0.0014568078330070334,0.9330127018922193
ENSG00000172795,6,decreasing,5,-0.013258174367632132,0.9330127018922193
ENSG00000173681,6,decreasing,6,-0.005050747964960767,0.9330127018922193
ENSG00000176049,6,decreasing,6,-0.0025751100398900164,0.9330127018922193
ENSG00000177200,6,decreasing,4,-0.00014088780364024996,0.9330127018922193
ENSG00000182362,6,decreasing,5,-0.0006815252169646331,0.9330127018922193
ENSG00000186716,6,increasing,5,0.03193509978980825,0.9330127018922193
ENSG00000187098,6,decreasing,5,-0.0035110892289622,0.9330127018922193
ENSG00000196352,6,decreasing,5,-0.01982835240098665,0.9330127018922193
ENSG00000196862,6,decreasing,5,-0.00617333791776185,0.9330127018922193
ENSG00000213585,6,decreasing,5,-0.0021971986868931834,0.9330127018922193
ENSG00000231887,6,increasing,5,0.007952106639265034,0.9330127018922193
ENSG00000234545,6,increasing,4,0.0017865663984796502,0.9330127018922193
ENSG00000269313,6,decreasing,4,-0.019864354846987765,0.9330127018922193
ENSG00000179134,6,decreasing,5,-0.004492908159587299,0.9296834502867366
ENSG00000196505,6,decreasing,5,-0.0018569840455135832,0.9244599182339718
ENSG00000054277,6,decreasing,6,-0.013779601299962285,0.9244599182339717
ENSG00000055163,6,decreasing,5,-0.010573437456746285,0.9244599182339717
ENSG00000070367,6,decreasing,4,-0.0004460021642718667,0.9244599182339717
ENSG00000074054,6,increasing,3,-0.0001227595920610166,0.9244599182339717
ENSG00000075131,6,decreasing,5,-0.008659096755117734,0.9244599182339717
ENSG00000100596,6,decreasing,6,-0.005467591724741701,0.9244599182339717
ENSG00000107282,6,decreasing,5,-0.0002578330187745167,0.9244599182339717
ENSG00000111846,6,decreasing,6,-0.009842182457005733,0.9244599182339717
ENSG00000124882,6,decreasing,6,-0.004942627202490816,0.9244599182339717
ENSG00000125089,6,decreasing,6,-0.006528167777696367,0.9244599182339717
ENSG00000130717,6,decreasing,6,-0.00205373672151945,0.9244599182339717
ENSG00000131469,6,decreasing,4,-0.006772703401002167,0.9244599182339717
ENSG00000133246,6,decreasing,6,-0.0025551606640445168,0.9244599182339717
ENSG00000136045,6,decreasing,6,-0.007136615041103033,0.9244599182339717
ENSG00000137040,6,decreasing,5,-0.002837759515355283,0.9244599182339717
ENSG00000138646,6,decreasing,6,-0.011360005195216216,0.9244599182339717
ENSG00000140950,6,decreasing,6,-0.0028068479942984,0.9244599182339717
ENSG00000144218,6,decreasing,4,-0.0010465678619463166,0.9244599182339717
ENSG00000147133,6,decreasing,6,-0.00272609495313445,0.9244599182339717
ENSG00000149573,6,decreasing,6,-0.00409078566195015,0.9244599182339717
ENSG00000149930,6,decreasing,5,-0.0037479816002580833,0.9244599182339717
ENSG00000151503,6,decreasing,4,0.0014637958329647832,0.9244599182339717
ENSG00000157349,6,decreasing,5,-0.00037262291283515005,0.9244599182339717
ENSG00000157450,6,decreasing,6,-0.006460571533215082,0.9244599182339717
ENSG00000160208,6,decreasing,5,-0.003263312126846083,0.9244599182339717
ENSG00000164244,6,decreasing,4,-0.001993010949977117,0.9244599182339717
ENSG00000165097,6,decreasing,6,-0.002896654916871367,0.9244599182339717
ENSG00000165671,6,decreasing,5,-0.006396534727317817,0.9244599182339717
ENSG00000165914,6,decreasing,6,-0.0019871219476333,0.9244599182339717
ENSG00000166046,6,decreasing,5,-0.0008619466133412166,0.9244599182339717
ENSG00000172765,6,decreasing,6,-0.0033865990795297666,0.9244599182339717
ENSG00000175782,6,decreasing,5,-0.0038310134203161667,0.9244599182339717
ENSG00000185088,6,decreasing,4,0.002603070071919467,0.9244599182339717
ENSG00000186532,6,decreasing,6,-0.007259575157285683,0.9244599182339717
ENSG00000187189,6,decreasing,6,-0.005161355486819233,0.9244599182339717
ENSG00000196262,6,decreasing,5,-0.0022677353815740166,0.9244599182339717
ENSG00000197808,6,decreasing,6,-0.0024708569070575168,0.9244599182339717
ENSG00000206538,6,decreasing,6,-0.002742480575831117,0.9244599182339717
ENSG00000196511,6,decreasing,5,0.0019089706887534166,0.915907134575724
ENSG00000249967,6,decreasing,6,-0.003658358926758533,0.915907134575724
ENSG00000040199,6,increasing,3,-0.005448034090075583,0.9106836025229592
ENSG00000260007,6,decreasing,4,-0.0023381476762433335,0.9106836025229592
ENSG00000012232,6,decreasing,6,-0.00184640646547855,0.9106836025229591
ENSG00000012983,6,decreasing,5,-0.0038072391497474003,0.9106836025229591
ENSG00000023697,6,decreasing,6,-0.018948763631453966,0.9106836025229591
ENSG00000048540,6,decreasing,5,0.00365059379136675,0.9106836025229591
ENSG00000049541,6,increasing,3,0.0015369133371848998,0.9106836025229591
ENSG00000050438,6,decreasing,6,-0.003358799884254983,0.9106836025229591
ENSG00000054282,6,decreasing,5,-0.018605123982498868,0.9106836025229591
ENSG00000073584,6,decreasing,5,-0.0036675155495137835,0.9106836025229591
ENSG00000100504,6,decreasing,4,0.00020103942909093292,0.9106836025229591
ENSG00000102125,6,decreasing,4,0.0013975429073291165,0.9106836025229591
ENSG00000103037,6,decreasing,6,-0.004484518157038817,0.9106836025229591
ENSG00000104133,6,decreasing,5,0.026066047986199502,0.9106836025229591
ENSG00000104783,6,decreasing,6,-0.003104828277451583,0.9106836025229591
ENSG00000110318,6,decreasing,6,-0.008157592658409466,0.9106836025229591
ENSG00000111817,6,decreasing,6,-0.06306182571640291,0.9106836025229591
ENSG00000112146,6,decreasing,6,-0.006764192357519167,0.9106836025229591
ENSG00000116885,6,decreasing,6,-0.0069133749140005835,0.9106836025229591
ENSG00000116991,6,decreasing,6,-0.0046865041630274,0.9106836025229591
ENSG00000119705,6,decreasing,6,-0.008649274084796649,0.9106836025229591
ENSG00000122122,6,decreasing,6,-0.004766957623982733,0.9106836025229591
ENSG00000122435,6,decreasing,6,-0.01143094546116475,0.9106836025229591
ENSG00000124942,6,decreasing,6,-0.003134141067152617,0.9106836025229591
ENSG00000131943,6,decreasing,5,-0.03827036435673401,0.9106836025229591
ENSG00000137959,6,decreasing,4,-0.015330236352676033,0.9106836025229591
ENSG00000138061,6,decreasing,5,-0.061011754453598945,0.9106836025229591
ENSG00000141219,6,decreasing,3,0.002270429250366983,0.9106836025229591
ENSG00000141371,6,decreasing,4,0.0449917726444563,0.9106836025229591
ENSG00000142347,6,decreasing,6,-0.008027085138754117,0.9106836025229591
ENSG00000143167,6,decreasing,6,-0.004337224713174316,0.9106836025229591
ENSG00000144199,6,decreasing,6,-0.010148231634795467,0.9106836025229591
ENSG00000145491,6,decreasing,6,-0.008234113768242018,0.9106836025229591
ENSG00000147862,6,decreasing,4,-0.0011444998805056833,0.9106836025229591
ENSG00000150457,6,decreasing,5,-0.007769178141723049,0.9106836025229591
ENSG00000155530,6,decreasing,6,-0.008558780384834966,0.9106836025229591
ENSG00000156735,6,increasing,4,0.006171863753666633,0.9106836025229591
ENSG00000156869,6,decreasing,6,-0.004621075079498517,0.9106836025229591
ENSG00000157423,6,decreasing,6,-0.0048219401174816,0.9106836025229591
ENSG00000160193,6,decreasing,6,-0.012669840790789082,0.9106836025229591
ENSG00000161551,6,decreasing,5,-0.0008421036658756666,0.9106836025229591
ENSG00000162599,6,decreasing,6,-0.007064675931764901,0.9106836025229591
ENSG00000162645,6,decreasing,6,-0.0022596718618354333,0.9106836025229591
ENSG00000163154,6,decreasing,6,-0.002731493342326,0.9106836025229591
ENSG00000163312,6,decreasing,6,-0.0037515404583364,0.9106836025229591
ENSG00000163655,6,decreasing,6,-0.0023932343093370665,0.9106836025229591
ENSG00000163697,6,decreasing,6,-0.0028340613709263167,0.9106836025229591
ENSG00000164054,6,decreasing,6,-0.005840254114164184,0.9106836025229591
ENSG00000164654,6,decreasing,4,0.0010193901658226998,0.9106836025229591
ENSG00000165185,6,decreasing,5,-0.0003606020313449334,0.9106836025229591
ENSG00000166260,6,increasing,3,-0.0011788731103464832,0.9106836025229591
ENSG00000168067,6,decreasing,4,-0.004680504046162817,0.9106836025229591
ENSG00000169762,6,decreasing,4,0.010095583797462435,0.9106836025229591
ENSG00000170190,6,decreasing,6,-0.0025293909732407665,0.9106836025229591
ENSG00000171105,6,decreasing,6,-0.006580304925542566,0.9106836025229591
ENSG00000171840,6,decreasing,4,-0.004248875557312717,0.9106836025229591
ENSG00000173852,6,decreasing,3,0.003974739708204466,0.9106836025229591
ENSG00000176454,6,decreasing,6,-0.003004927039155,0.9106836025229591
ENSG00000178295,6,decreasing,6,-0.013342790447517365,0.9106836025229591
ENSG00000179104,6,decreasing,5,-0.0027908528382167334,0.9106836025229591
ENSG00000180871,6,decreasing,6,-0.0031131863562356165,0.9106836025229591
ENSG00000182552,6,decreasing,6,-0.01329315158026455,0.9106836025229591
ENSG00000186973,6,decreasing,6,-0.008435246436935733,0.9106836025229591
ENSG00000187037,6,decreasing,6,-0.005515970904632467,0.9106836025229591
ENSG00000196535,6,decreasing,4,-0.0022794020257804995,0.9106836025229591
ENSG00000197852,6,decreasing,6,-0.0019237463685111667,0.9106836025229591
ENSG00000198176,6,decreasing,5,-0.0050996794222541,0.9106836025229591
ENSG00000198842,6,decreasing,6,-0.0032245645462799168,0.9106836025229591
ENSG00000203747,6,decreasing,6,-0.0040026266420567,0.9106836025229591
ENSG00000215375,6,decreasing,6,-0.0046038430660037,0.9106836025229591
ENSG00000255432,6,decreasing,6,-0.01810320863867805,0.9106836025229591
ENSG00000256349,6,decreasing,6,-0.016060156230389717,0.9106836025229591
ENSG00000273003,6,decreasing,6,-0.0793471448795225,0.9106836025229591
ENSG00000006007,6,decreasing,6,-0.0020326465707966334,0.9073543509174763
ENSG00000100714,6,decreasing,6,-0.010398824540201168,0.9073543509174763
ENSG00000057294,6,decreasing,6,-0.007461802766228567,0.9021308188647114
ENSG00000137831,6,decreasing,6,-0.012274351848139783,0.9021308188647114
ENSG00000184500,6,decreasing,6,-0.004875902995927534,0.9021308188647114
ENSG00000133315,6,decreasing,6,-0.002843837867000034,0.8883545031536989
ENSG00000163399,6,decreasing,5,-0.0008615195719979835,0.8883545031536989
ENSG00000114956,6,decreasing,4,-0.0006056576439948167,0.8883545031536988
ENSG00000129595,6,decreasing,6,-0.0028112062878768336,0.8883545031536988
ENSG00000169926,6,decreasing,5,-0.020568385835859414,0.8883545031536988
ENSG00000171611,6,decreasing,6,-0.034844730063145736,0.8883545031536988
ENSG00000205302,6,decreasing,5,-0.007610305547937217,0.8883545031536988
ENSG00000011258,5,decreasing,3,0.017728206819890756,1.0
ENSG00000013588,5,increasing,3,-0.006864332322415299,1.0
ENSG00000018280,5,decreasing,3,0.0039738205855389015,1.0
ENSG00000064932,5,increasing,3,-0.0016425729400460199,1.0
ENSG00000074800,5,decreasing,5,-0.027680601460331522,1.0
ENSG00000075239,5,decreasing,3,-0.00920998751481866,1.0
ENSG00000077044,5,decreasing,4,-0.03069544891714974,1.0
ENSG00000102760,5,decreasing,4,-0.012916604709331859,1.0
ENSG00000107679,5,decreasing,3,-0.0036166626500755,1.0
ENSG00000112149,5,decreasing,3,-0.0192409566034735,1.0
ENSG00000112739,5,decreasing,4,-0.010521729302251401,1.0
ENSG00000116030,5,increasing,3,-0.0021380802291975365,1.0
ENSG00000118292,5,decreasing,3,0.0216347520486743,1.0
ENSG00000118816,5,increasing,3,0.05295333085065684,1.0
ENSG00000125347,5,decreasing,5,-0.00510688146631122,1.0
ENSG00000128294,5,decreasing,3,-0.0040924989032881404,1.0
ENSG00000133030,5,decreasing,4,-0.013955860953437699,1.0
ENSG00000135002,5,decreasing,3,0.006214915508552121,1.0
ENSG00000135686,5,increasing,3,-0.0005737813507549407,1.0
ENSG00000136888,5,increasing,4,0.0023842230875818597,1.0
ENSG00000141424,5,decreasing,5,-0.07152703451911564,1.0
ENSG00000142230,5,decreasing,4,-0.02679897671775916,1.0
ENSG00000143612,5,decreasing,3,-0.017141367631494306,1.0
ENSG00000145545,5,increasing,3,0.035035408076910135,1.0
ENSG00000146247,5,decreasing,5,-0.0165518099929428,1.0
ENSG00000147677,5,increasing,3,0.020457245037197182,1.0
ENSG00000152700,5,decreasing,4,0.00031875900346496,1.0
ENSG00000157483,5,decreasing,4,-0.008253906268989,1.0
ENSG00000165006,5,increasing,3,0.19142579457121114,1.0
ENSG00000165494,5,decreasing,3,-0.0025818834956413002,1.0
ENSG00000171310,5,decreasing,3,-0.00752145179969034,1.0
ENSG00000173992,5,increasing,3,0.018471389975020118,1.0
ENSG00000176681,5,decreasing,5,-0.00857238932586752,1.0
ENSG00000178607,5,decreasing,4,0.09171718867111076,1.0
ENSG00000185627,5,decreasing,5,-0.028600392843244938,1.0
ENSG00000047932,5,decreasing,5,-0.0069108589783976005,0.9897366596101028
ENSG00000100599,5,decreasing,3,-0.0003423556199952202,0.9897366596101028
ENSG00000104093,5,decreasing,4,-0.0024965622468444,0.9897366596101028
ENSG00000105220,5,decreasing,4,-0.05572669069922348,0.9897366596101028
ENSG00000109270,5,decreasing,4,-0.0032980232148960196,0.9897366596101028
ENSG00000111737,5,decreasing,4,-0.00527346856870764,0.9897366596101028
ENSG00000114491,5,decreasing,3,0.00440642518347688,0.9897366596101028
ENSG00000116299,5,decreasing,3,-0.0033955266359578795,0.9897366596101028
ENSG00000116584,5,decreasing,4,-0.0066295865421984205,0.9897366596101028
ENSG00000117335,5,decreasing,3,-0.00036311456838234005,0.9897366596101028
ENSG00000117425,5,increasing,3,0.05576273544076114,0.9897366596101028
ENSG00000119396,5,decreasing,5,-0.00425489392193958,0.9897366596101028
ENSG00000119559,5,increasing,3,0.013702202403776582,0.9897366596101028
ENSG00000120896,5,decreasing,4,-0.003910471728501759,0.9897366596101028
ENSG00000137878,5,decreasing,5,-0.0138830128325125,0.9897366596101028
ENSG00000139636,5,decreasing,4,-0.0054117865723802795,0.9897366596101028
ENSG00000160917,5,decreasing,3,-0.0056570039371029,0.9897366596101028
ENSG00000162928,5,decreasing,4,-0.01097955711713718,0.9897366596101028
ENSG00000167315,5,decreasing,5,-0.016493823460094058,0.9897366596101028
ENSG00000171606,5,decreasing,5,-0.031605618921934156,0.9897366596101028
ENSG00000184182,5,decreasing,5,-0.00501297660082434,0.9897366596101028
ENSG00000185291,5,increasing,3,-0.04265611832351118,0.9897366596101028
ENSG00000196437,5,decreasing,4,-0.011711704015736379,0.9897366596101028
ENSG00000196497,5,decreasing,4,0.0033789910783808596,0.9897366596101028
ENSG00000072849,5,decreasing,4,-0.01081229545699604,0.9794733192202056
ENSG00000086598,5,decreasing,4,-0.00521918331035946,0.9794733192202056
ENSG00000090686,5,decreasing,5,-0.00514111424652624,0.9794733192202056
ENSG00000107175,5,decreasing,4,-0.007392806439873239,0.9794733192202056
ENSG00000111880,5,decreasing,3,0.004076836478727701,0.9794733192202056
ENSG00000115568,5,decreasing,3,0.014052996505878962,0.9794733192202056
ENSG00000121542,5,decreasing,5,-0.01058666070306562,0.9794733192202056
ENSG00000127125,5,decreasing,5,-0.00417204714104518,0.9794733192202056
ENSG00000130741,5,decreasing,4,-0.0008862322592095399,0.9794733192202056
ENSG00000131236,5,decreasing,3,-0.005891248392049201,0.9794733192202056
ENSG00000135365,5,decreasing,5,-0.0020022341963990197,0.9794733192202056
ENSG00000140743,5,decreasing,3,0.005766840536081161,0.9794733192202056
ENSG00000143622,5,decreasing,3,0.0003025821513169399,0.9794733192202056
ENSG00000145375,5,decreasing,3,-0.0013150579818413998,0.9794733192202056
ENSG00000145741,5,decreasing,5,-0.0029792161112133205,0.9794733192202056
ENSG00000168374,5,decreasing,5,-0.03003175982349294,0.9794733192202056
ENSG00000172738,5,decreasing,3,0.0102576736147427,0.9794733192202056
ENSG00000196689,5,decreasing,4,-0.006334147788512561,0.9794733192202056
ENSG00000221968,5,decreasing,4,-0.01021954272979028,0.9794733192202056
ENSG00000020426,5,decreasing,5,-0.013791660130477178,0.9732050807568878
ENSG00000032219,5,decreasing,3,-0.0023319435016602398,0.9732050807568878
ENSG00000037637,5,decreasing,3,0.006684759907732081,0.9732050807568878
ENSG00000040933,5,decreasing,3,0.0037879161707861193,0.9732050807568878
ENSG00000060339,5,increasing,3,0.0017549410464858597,0.9732050807568878
ENSG00000065833,5,decreasing,3,-0.00533385854969662,0.9732050807568878
ENSG00000070610,5,increasing,3,0.01114953616315662,0.9732050807568878
ENSG00000081087,5,decreasing,5,-0.0157579618382071,0.9732050807568878
ENSG00000082258,5,decreasing,4,-0.009504847100547541,0.9732050807568878
ENSG00000085117,5,increasing,3,-0.00200826191935524,0.9732050807568878
ENSG00000085832,5,decreasing,4,-0.0032757640566516795,0.9732050807568878
ENSG00000089053,5,decreasing,3,0.00512285833873404,0.9732050807568878
ENSG00000095015,5,decreasing,4,0.011568644013319081,0.9732050807568878
ENSG00000100030,5,decreasing,5,-0.013391576127741481,0.9732050807568878
ENSG00000101391,5,increasing,4,0.006541872120883541,0.9732050807568878
ENSG00000102081,5,increasing,3,0.03674289578500088,0.9732050807568878
ENSG00000104419,5,decreasing,4,-0.04475984227967838,0.9732050807568878
ENSG00000104447,5,decreasing,5,-0.00396407622027796,0.9732050807568878
ENSG00000104763,5,decreasing,4,0.01057467229488346,0.9732050807568878
ENSG00000105619,5,increasing,3,0.0033499816593765995,0.9732050807568878
ENSG00000106355,5,increasing,3,0.0006131423375714802,0.9732050807568878
ENSG00000106443,5,decreasing,5,-0.00210419377255206,0.9732050807568878
ENSG00000106615,5,increasing,3,0.00189201115227644,0.9732050807568878
ENSG00000106952,5,decreasing,3,0.020847536724347,0.9732050807568878
ENSG00000110911,5,decreasing,3,0.005735192807492841,0.9732050807568878
ENSG00000111605,5,decreasing,3,-0.0018402632465938402,0.9732050807568878
ENSG00000111912,5,decreasing,5,-0.0146176082498841,0.9732050807568878
ENSG00000116288,5,decreasing,4,0.029752827420400318,0.9732050807568878
ENSG00000116977,5,increasing,3,0.00154424040564248,0.9732050807568878
ENSG00000117020,5,decreasing,4,-0.00927341863500854,0.9732050807568878
ENSG00000117859,5,decreasing,3,1.1447534994401143e-06,0.9732050807568878
ENSG00000120948,5,decreasing,4,-0.04018040106757192,0.9732050807568878
ENSG00000122545,5,decreasing,5,-0.030792001745231123,0.9732050807568878
ENSG00000122779,5,decreasing,3,-0.0045173984113205,0.9732050807568878
ENSG00000124731,5,decreasing,3,0.0017699855619351204,0.9732050807568878
ENSG00000125351,5,decreasing,4,-0.010908495215607682,0.9732050807568878
ENSG00000126214,5,decreasing,4,-0.00181306632902596,0.9732050807568878
ENSG00000126777,5,decreasing,3,0.00983310852173824,0.9732050807568878
ENSG00000128059,5,decreasing,4,-0.017223881965511938,0.9732050807568878
ENSG00000129562,5,decreasing,4,-0.00414585024877598,0.9732050807568878
ENSG00000134278,5,increasing,3,0.004107105482894601,0.9732050807568878
ENSG00000134684,5,decreasing,4,-0.00717597205220546,0.9732050807568878
ENSG00000135506,5,increasing,3,0.014221505666833539,0.9732050807568878
ENSG00000137154,5,increasing,4,0.00424789151385854,0.9732050807568878
ENSG00000140382,5,decreasing,4,-0.00134016115527626,0.9732050807568878
ENSG00000141030,5,decreasing,4,-0.00302040579220558,0.9732050807568878
ENSG00000141759,5,decreasing,4,-0.0022032718994413197,0.9732050807568878
ENSG00000142867,5,decreasing,5,-0.0027006189106841003,0.9732050807568878
ENSG00000142875,5,increasing,3,0.0016775529381457999,0.9732050807568878
ENSG00000143319,5,increasing,3,0.019071118281124,0.9732050807568878
ENSG00000143379,5,decreasing,5,-0.007101219678307841,0.9732050807568878
ENSG00000147164,5,increasing,3,0.01477718903317434,0.9732050807568878
ENSG00000147548,5,decreasing,3,0.0007826212309931396,0.9732050807568878
ENSG00000151413,5,decreasing,4,-0.050196424563339205,0.9732050807568878
ENSG00000151532,5,decreasing,5,-0.0049690247432045,0.9732050807568878
ENSG00000152558,5,decreasing,4,-0.00411419278911328,0.9732050807568878
ENSG00000153029,5,decreasing,3,0.01548216725813958,0.9732050807568878
ENSG00000155508,5,decreasing,4,0.014012815941373519,0.9732050807568878
ENSG00000156831,5,decreasing,3,-0.0005287325852848,0.9732050807568878
ENSG00000157617,5,decreasing,5,-0.007851797623107299,0.9732050807568878
ENSG00000158517,5,decreasing,5,-0.00640214642536346,0.9732050807568878
ENSG00000158545,5,decreasing,5,-0.00470304390881578,0.9732050807568878
ENSG00000158604,5,decreasing,3,0.00038801295539575987,0.9732050807568878
ENSG00000159140,5,decreasing,4,-0.00633513503273854,0.9732050807568878
ENSG00000160712,5,decreasing,3,-0.02127220297974704,0.9732050807568878
ENSG00000165688,5,increasing,4,0.00262395805665272,0.9732050807568878
ENSG00000166016,5,decreasing,3,0.004746919661072559,0.9732050807568878
ENSG00000168439,5,decreasing,5,-0.0035079429401216598,0.9732050807568878
ENSG00000168575,5,decreasing,4,-0.00496939799304264,0.9732050807568878
ENSG00000170677,5,decreasing,5,-0.006518011386845479,0.9732050807568878
ENSG00000175455,5,increasing,4,0.0018948653575278599,0.9732050807568878
ENSG00000175582,5,decreasing,5,-0.00274960784284118,0.9732050807568878
ENSG00000177409,5,decreasing,3,0.00030890328727835976,0.9732050807568878
ENSG00000180644,5,decreasing,5,-0.01253747224906816,0.9732050807568878
ENSG00000181045,5,decreasing,5,-0.02174475270886548,0.9732050807568878
ENSG00000182378,5,decreasing,5,-0.10606764656610719,0.9732050807568878
ENSG00000182858,5,decreasing,5,-0.016504449717892142,0.9732050807568878
ENSG00000183486,5,increasing,3,0.00346637532975022,0.9732050807568878
ENSG00000183864,5,decreasing,4,-0.052585174655319276,0.9732050807568878
ENSG00000187627,5,decreasing,4,-0.01774793033741122,0.9732050807568878
ENSG00000188976,5,decreasing,5,-0.03491506303861592,0.9732050807568878
ENSG00000196418,5,decreasing,5,-0.00988669736173426,0.9732050807568878
ENSG00000196792,5,increasing,3,0.00246619585276472,0.9732050807568878
ENSG00000197724,5,decreasing,4,-0.00133819322949134,0.9732050807568878
ENSG00000198000,5,decreasing,4,-0.0038499456468468396,0.9732050807568878
ENSG00000213923,5,decreasing,4,-0.03470387068088098,0.9732050807568878
ENSG00000229474,5,decreasing,5,-0.00628313769660444,0.9732050807568878
ENSG00000235568,5,decreasing,4,7.427912290426039e-05,0.9732050807568878
ENSG00000240065,5,increasing,3,0.00803519621997846,0.9732050807568878
ENSG00000250021,5,decreasing,5,-0.016268699594879636,0.9732050807568878
ENSG00000258472,5,increasing,3,-0.00047515838436740004,0.9732050807568878
ENSG00000259024,5,decreasing,3,0.007592413628506439,0.9732050807568878
ENSG00000105364,5,decreasing,4,-0.008974902828645579,0.9732050807568877
ENSG00000109171,5,decreasing,3,0.06981524112267658,0.9732050807568877
ENSG00000116171,5,decreasing,4,-0.00167297518553122,0.9732050807568877
ENSG00000133935,5,decreasing,3,0.008781726659477702,0.9732050807568877
ENSG00000137409,5,decreasing,5,-0.02265900963807712,0.9732050807568877
ENSG00000165661,5,increasing,4,0.013696783115017892,0.9732050807568877
ENSG00000181929,5,increasing,3,0.012086600697841081,0.9732050807568877
ENSG00000259332,5,decreasing,4,-0.0056110396134846805,0.9732050807568877
ENSG00000065361,5,decreasing,5,-0.01879495075976888,0.9692099788303083
ENSG00000105967,5,decreasing,5,-0.0162726596808463,0.9692099788303083
ENSG00000106462,5,decreasing,4,-0.037198563295008535,0.9692099788303083
ENSG00000119138,5,decreasing,5,-0.0034324426448331,0.9692099788303083
ENSG00000141576,5,decreasing,4,0.0018235896571694606,0.9692099788303083
ENSG00000157637,5,decreasing,4,-0.046306986291743756,0.9692099788303083
ENSG00000166959,5,decreasing,5,-0.02324702025883398,0.9692099788303083
ENSG00000171067,5,decreasing,4,-0.00787506872552654,0.9692099788303083
ENSG00000174885,5,decreasing,4,-0.00599347010541676,0.9692099788303083
ENSG00000008869,5,increasing,3,0.0015756709534212997,0.9629417403669904
ENSG00000011422,5,decreasing,3,6.603601343658002e-05,0.9629417403669904
ENSG00000033030,5,decreasing,4,-0.004366840678241659,0.9629417403669904
ENSG00000054523,5,decreasing,3,-0.0028779299275894805,0.9629417403669904
ENSG00000066084,5,decreasing,3,-0.0082609186640572,0.9629417403669904
ENSG00000071994,5,decreasing,5,-0.008392864263650119,0.9629417403669904
ENSG00000074370,5,decreasing,5,-0.007129436075440419,0.9629417403669904
ENSG00000075303,5,decreasing,5,-0.009194699413358199,0.9629417403669904
ENSG00000084090,5,decreasing,4,-0.0061675225690552,0.9629417403669904
ENSG00000085276,5,decreasing,5,-0.00864497412603378,0.9629417403669904
ENSG00000089234,5,increasing,3,0.00564512531845746,0.9629417403669904
ENSG00000089248,5,decreasing,4,0.009615948406752898,0.9629417403669904
ENSG00000089818,5,decreasing,5,-0.00759460720004172,0.9629417403669904
ENSG00000090487,5,decreasing,4,7.576748404758e-05,0.9629417403669904
ENSG00000092964,5,decreasing,4,-0.0028906352582537,0.9629417403669904
ENSG00000100353,5,decreasing,4,0.0010079276432901202,0.9629417403669904
ENSG00000100401,5,decreasing,3,0.0049849309811679805,0.9629417403669904
ENSG00000104472,5,decreasing,5,-0.035080271480377755,0.9629417403669904
ENSG00000108175,5,decreasing,4,-0.015038279983779457,0.9629417403669904
ENSG00000113732,5,decreasing,5,-0.00369311247587542,0.9629417403669904
ENSG00000114503,5,increasing,3,0.03929518511657774,0.9629417403669904
ENSG00000116586,5,decreasing,5,-0.09380582104437601,0.9629417403669904
ENSG00000116731,5,decreasing,3,0.0031839509688237596,0.9629417403669904
ENSG00000118900,5,decreasing,4,-0.0037685227933636793,0.9629417403669904
ENSG00000119004,5,decreasing,4,-0.006643469003815181,0.9629417403669904
ENSG00000120802,5,decreasing,5,-0.0038133561186247202,0.9629417403669904
ENSG00000128829,5,decreasing,5,-0.00457932112730004,0.9629417403669904
ENSG00000128881,5,decreasing,5,-0.00247093211713684,0.9629417403669904
ENSG00000129925,5,decreasing,5,-0.002986623614565,0.9629417403669904
ENSG00000130844,5,increasing,4,-0.030656231982430636,0.9629417403669904
ENSG00000131781,5,decreasing,5,-0.00516545378939034,0.9629417403669904
ENSG00000133302,5,decreasing,5,-0.004695628266491459,0.9629417403669904
ENSG00000135070,5,decreasing,5,-0.0032869310938818406,0.9629417403669904
ENSG00000135722,5,decreasing,5,-0.001466949387052,0.9629417403669904
ENSG00000136243,5,decreasing,5,-0.0110093453026792,0.9629417403669904
ENSG00000137265,5,decreasing,4,-0.01370319964375708,0.9629417403669904
ENSG00000139289,5,decreasing,5,-0.00899766967110798,0.9629417403669904
ENSG00000139921,5,decreasing,3,-0.00079966466846306,0.9629417403669904
ENSG00000140749,5,decreasing,3,0.0072667071894281805,0.9629417403669904
ENSG00000141524,5,increasing,3,0.00447308523398934,0.9629417403669904
ENSG00000142765,5,decreasing,3,0.00452547146019428,0.9629417403669904
ENSG00000145414,5,decreasing,3,-0.00196517011658658,0.9629417403669904
ENSG00000145734,5,decreasing,5,-0.0016289730514306802,0.9629417403669904
ENSG00000146856,5,decreasing,4,-0.0032938455817707,0.9629417403669904
ENSG00000148110,5,decreasing,5,-0.00209249382019376,0.9629417403669904
ENSG00000148200,5,decreasing,4,-2.9761550347839894e-05,0.9629417403669904
ENSG00000148339,5,decreasing,3,-0.00219922000565404,0.9629417403669904
ENSG00000149418,5,decreasing,3,0.00211113576787636,0.9629417403669904
ENSG00000152620,5,decreasing,4,-0.00261922674397122,0.9629417403669904
ENSG00000153944,5,decreasing,4,-0.00446390392558456,0.9629417403669904
ENSG00000155090,5,decreasing,3,-0.007443405856805781,0.9629417403669904
ENSG00000157181,5,decreasing,4,0.00242221317941526,0.9629417403669904
ENSG00000158435,5,decreasing,3,0.00464798956763242,0.9629417403669904
ENSG00000158615,5,decreasing,4,0.0007034017066522402,0.9629417403669904
ENSG00000163466,5,decreasing,4,-0.008811756253010599,0.9629417403669904
ENSG00000163527,5,decreasing,3,-0.0007789565542321196,0.9629417403669904
ENSG00000164916,5,decreasing,5,-0.006917683070153139,0.9629417403669904
ENSG00000165119,5,decreasing,5,-0.0049031163916483,0.9629417403669904
ENSG00000167280,5,decreasing,5,-0.01674573378211398,0.9629417403669904
ENSG00000172115,5,decreasing,5,-0.00583516762861492,0.9629417403669904
ENSG00000172171,5,decreasing,3,0.00016489780450424006,0.9629417403669904
ENSG00000173801,5,increasing,3,0.06150469486448834,0.9629417403669904
ENSG00000174780,5,decreasing,5,-0.0143751729511746,0.9629417403669904
ENSG00000177675,5,decreasing,5,-0.026907479289032483,0.9629417403669904
ENSG00000180011,5,decreasing,5,-0.00371905923841962,0.9629417403669904
ENSG00000183495,5,decreasing,5,-0.014117938883141879,0.9629417403669904
ENSG00000185201,5,increasing,4,0.00684391928580282,0.9629417403669904
ENSG00000196323,5,increasing,3,0.00900621178043156,0.9629417403669904
ENSG00000196588,5,decreasing,5,-0.0144406527285324,0.9629417403669904
ENSG00000196914,5,decreasing,3,-0.009273222983145321,0.9629417403669904
ENSG00000197603,5,decreasing,4,-0.00072279291468402,0.9629417403669904
ENSG00000204186,5,increasing,3,-0.0034805343082979596,0.9629417403669904
ENSG00000254772,5,decreasing,4,0.0013173240775553204,0.9629417403669904
ENSG00000270106,5,decreasing,5,-0.0054310559960087795,0.9629417403669904
ENSG00000285920,5,decreasing,3,0.0039048729616177605,0.9629417403669904
ENSG00000286098,5,decreasing,5,-0.014102284735336663,0.9629417403669904
ENSG00000015568,5,decreasing,5,-0.009302190360634061,0.9526783999770935
ENSG00000090061,5,decreasing,5,-0.00460237740411764,0.9526783999770935
ENSG00000093167,5,decreasing,4,-0.043141071808272605,0.9526783999770935
ENSG00000096063,5,decreasing,4,-0.01266351168150338,0.9526783999770935
ENSG00000101911,5,decreasing,5,-0.00526907648850964,0.9526783999770935
ENSG00000103197,5,decreasing,3,0.029417433471893385,0.9526783999770935
ENSG00000109320,5,decreasing,3,-0.01485507526113706,0.9526783999770935
ENSG00000115446,5,decreasing,4,-0.0147233155221111,0.9526783999770935
ENSG00000130309,5,decreasing,5,-0.00197490481030792,0.9526783999770935
ENSG00000131067,5,decreasing,5,-0.00456042318030666,0.9526783999770935
ENSG00000131711,5,decreasing,4,0.00080569018969614,0.9526783999770935
ENSG00000138399,5,decreasing,4,-0.01889513219765328,0.9526783999770935
ENSG00000138668,5,decreasing,5,-0.00308406851948874,0.9526783999770935
ENSG00000139970,5,decreasing,5,-0.0031105191950461402,0.9526783999770935
ENSG00000150337,5,decreasing,4,-0.002636935365729319,0.9526783999770935
ENSG00000151502,5,increasing,3,0.0036328132272686205,0.9526783999770935
ENSG00000153094,5,decreasing,4,-0.00227075891608428,0.9526783999770935
ENSG00000166938,5,decreasing,5,-0.00729552997391214,0.9526783999770935
ENSG00000168438,5,decreasing,5,-0.01614304334866542,0.9526783999770935
ENSG00000177830,5,decreasing,5,-0.015544639362165703,0.9526783999770935
ENSG00000184305,5,decreasing,4,-0.00210646650472966,0.9526783999770935
ENSG00000188234,5,decreasing,5,-0.02109037186975924,0.9526783999770935
ENSG00000189159,5,decreasing,3,-0.00465801715917444,0.9526783999770935
ENSG00000197345,5,decreasing,5,-0.015751119386235198,0.9526783999770935
ENSG00000198225,5,decreasing,5,-0.0034144966946536596,0.9526783999770935
ENSG00000198722,5,decreasing,5,-0.00793063463949248,0.9526783999770935
ENSG00000204138,5,decreasing,3,-0.00086435044519356,0.9526783999770935
ENSG00000256683,5,decreasing,5,-0.03204133709067404,0.9526783999770935
ENSG00000258539,5,decreasing,4,-0.0012635086310232402,0.9526783999770935
ENSG00000100296,5,decreasing,4,-0.0008267854239740399,0.9526783999770932
ENSG00000131473,5,decreasing,4,-0.0013289180259379598,0.9526783999770932
ENSG00000164597,5,decreasing,4,0.0016752116237728598,0.9526783999770932
ENSG00000004487,5,decreasing,3,-0.00114452392117762,0.9464101615137755
ENSG00000019169,5,decreasing,5,-0.01627549295577644,0.9464101615137755
ENSG00000041802,5,decreasing,3,-0.00563052862589358,0.9464101615137755
ENSG00000056972,5,decreasing,5,-0.00407154191930934,0.9464101615137755
ENSG00000060762,5,increasing,4,0.00873350465413522,0.9464101615137755
ENSG00000064999,5,decreasing,4,-0.0005878393749244799,0.9464101615137755
ENSG00000065150,5,increasing,3,0.0016015169493643357,0.9464101615137755
ENSG00000072803,5,increasing,4,0.00566329211990576,0.9464101615137755
ENSG00000074201,5,increasing,3,-0.00255045831644804,0.9464101615137755
ENSG00000074356,5,decreasing,3,0.00014623911172798016,0.9464101615137755
ENSG00000076513,5,increasing,4,0.02904167943650062,0.9464101615137755
ENSG00000089006,5,decreasing,3,-0.0005395738045523601,0.9464101615137755
ENSG00000090661,5,decreasing,3,-0.0002563573191875803,0.9464101615137755
ENSG00000096433,5,decreasing,3,-0.022264932670271083,0.9464101615137755
ENSG00000096717,5,decreasing,4,-0.00357296767628638,0.9464101615137755
ENSG00000100330,5,decreasing,4,-0.00157128257640934,0.9464101615137755
ENSG00000100601,5,decreasing,4,-0.0031900744218256007,0.9464101615137755
ENSG00000100926,5,decreasing,3,0.00628345305917046,0.9464101615137755
ENSG00000101974,5,decreasing,3,-0.00334631904607856,0.9464101615137755
ENSG00000102225,5,decreasing,5,-0.0026241387872893403,0.9464101615137755
ENSG00000103356,5,increasing,5,0.00870446355938706,0.9464101615137755
ENSG00000104412,5,decreasing,4,-0.00116660725897772,0.9464101615137755
ENSG00000106080,5,decreasing,3,0.00044695413320410443,0.9464101615137755
ENSG00000108423,5,decreasing,5,-0.013563613014467419,0.9464101615137755
ENSG00000108848,5,decreasing,5,-0.007724453259524419,0.9464101615137755
ENSG00000108932,5,decreasing,5,-0.00922333176292966,0.9464101615137755
ENSG00000109184,5,decreasing,5,-0.00234790413383428,0.9464101615137755
ENSG00000109814,5,increasing,3,0.0033262263212565806,0.9464101615137755
ENSG00000109911,5,decreasing,3,0.014086279770346637,0.9464101615137755
ENSG00000110066,5,decreasing,4,-0.023458310091829537,0.9464101615137755
ENSG00000111911,5,decreasing,5,-0.01112713803710238,0.9464101615137755
ENSG00000114744,5,decreasing,4,0.005800841099586519,0.9464101615137755
ENSG00000115561,5,decreasing,3,0.01356213176038736,0.9464101615137755
ENSG00000116016,5,decreasing,3,0.0067986843728214,0.9464101615137755
ENSG00000116830,5,decreasing,5,-0.00392434596929826,0.9464101615137755
ENSG00000119650,5,decreasing,3,0.00263445483220152,0.9464101615137755
ENSG00000120158,5,decreasing,5,-0.00494047536318868,0.9464101615137755
ENSG00000120889,5,increasing,3,0.006381874033395821,0.9464101615137755
ENSG00000120992,5,decreasing,3,-0.029006435676764464,0.9464101615137755
ENSG00000122507,5,decreasing,3,0.032356652448588916,0.9464101615137755
ENSG00000124208,5,decreasing,4,-0.00865980974718398,0.9464101615137755
ENSG00000125630,5,decreasing,5,-0.012179189099176441,0.9464101615137755
ENSG00000125746,5,decreasing,4,-0.01013771496464662,0.9464101615137755
ENSG00000126391,5,decreasing,4,-0.0037228542297545997,0.9464101615137755
ENSG00000130559,5,decreasing,4,-0.00457523123166348,0.9464101615137755
ENSG00000130818,5,decreasing,5,-0.0031633310740369998,0.9464101615137755
ENSG00000130939,5,decreasing,4,-0.00422540935259576,0.9464101615137755
ENSG00000131100,5,decreasing,4,-0.00875906741278894,0.9464101615137755
ENSG00000131788,5,increasing,3,0.01698228391821762,0.9464101615137755
ENSG00000134371,5,decreasing,3,-0.00607950301174534,0.9464101615137755
ENSG00000135205,5,decreasing,5,-0.00257554224112858,0.9464101615137755
ENSG00000136021,5,decreasing,4,0.00029884275306818,0.9464101615137755
ENSG00000136631,5,increasing,3,0.034249199842806256,0.9464101615137755
ENSG00000137502,5,decreasing,5,-0.0070482940752179995,0.9464101615137755
ENSG00000138448,5,decreasing,5,-0.038264620537407354,0.9464101615137755
ENSG00000138757,5,decreasing,5,-0.0023814723913761797,0.9464101615137755
ENSG00000139629,5,decreasing,3,0.00216251540148524,0.9464101615137755
ENSG00000140598,5,increasing,3,0.02121879962093936,0.9464101615137755
ENSG00000141258,5,increasing,4,0.00229602343529532,0.9464101615137755
ENSG00000141293,5,decreasing,4,-0.0092438166155121,0.9464101615137755
ENSG00000141446,5,decreasing,3,-0.00907459995454976,0.9464101615137755
ENSG00000141562,5,decreasing,4,-0.01093409428381476,0.9464101615137755
ENSG00000141664,5,decreasing,3,0.0007547895729815603,0.9464101615137755
ENSG00000142173,5,increasing,3,0.00790848973422778,0.9464101615137755
ENSG00000143621,5,decreasing,3,0.00415740568753586,0.9464101615137755
ENSG00000144021,5,increasing,4,0.06573508530570846,0.9464101615137755
ENSG00000145780,5,decreasing,5,-0.013301277544560198,0.9464101615137755
ENSG00000146282,5,decreasing,5,-0.00801554320179286,0.9464101615137755
ENSG00000146648,5,decreasing,4,0.0028770487856843,0.9464101615137755
ENSG00000146676,5,decreasing,4,-0.0007320905239483998,0.9464101615137755
ENSG00000147601,5,decreasing,3,-0.00484006003213768,0.9464101615137755
ENSG00000148719,5,decreasing,5,-0.010972593303061818,0.9464101615137755
ENSG00000152926,5,increasing,3,-0.0028428750076150804,0.9464101615137755
ENSG00000153015,5,decreasing,4,-0.0025855367322199204,0.9464101615137755
ENSG00000154153,5,decreasing,5,-0.0031335892054222604,0.9464101615137755
ENSG00000156049,5,increasing,4,0.00472662731656108,0.9464101615137755
ENSG00000156802,5,decreasing,4,0.015053165183130057,0.9464101615137755
ENSG00000157350,5,decreasing,4,-0.00245286584830988,0.9464101615137755
ENSG00000158158,5,decreasing,3,-0.013037852373107738,0.9464101615137755
ENSG00000159231,5,decreasing,3,0.008856795537571141,0.9464101615137755
ENSG00000159640,5,decreasing,5,-0.00395821143737458,0.9464101615137755
ENSG00000162543,5,decreasing,4,-0.00203717567311598,0.9464101615137755
ENSG00000162889,5,decreasing,5,-0.02665159341444424,0.9464101615137755
ENSG00000163328,5,decreasing,5,-0.012756090388565,0.9464101615137755
ENSG00000163380,5,decreasing,5,-0.01118456068358996,0.9464101615137755
ENSG00000164535,5,decreasing,4,-0.00215847777555876,0.9464101615137755
ENSG00000166326,5,decreasing,4,-0.0011181948568061198,0.9464101615137755
ENSG00000166902,5,decreasing,3,-0.007056178857972858,0.9464101615137755
ENSG00000166928,5,decreasing,4,-0.009013643208015159,0.9464101615137755
ENSG00000169814,5,decreasing,4,5.720508389011943e-05,0.9464101615137755
ENSG00000170365,5,decreasing,4,-0.003614937358247,0.9464101615137755
ENSG00000170584,5,decreasing,4,-0.008663267815023641,0.9464101615137755
ENSG00000171408,5,decreasing,3,0.0004149819067294398,0.9464101615137755
ENSG00000171860,5,decreasing,5,-0.00508231982145798,0.9464101615137755
ENSG00000171962,5,decreasing,4,-0.0024572199469132,0.9464101615137755
ENSG00000172716,5,decreasing,4,-0.00324832113429184,0.9464101615137755
ENSG00000174842,5,decreasing,4,-0.006737782126069744,0.9464101615137755
ENSG00000175445,5,decreasing,4,-0.00399424750469888,0.9464101615137755
ENSG00000176986,5,decreasing,4,-0.0006406448479658401,0.9464101615137755
ENSG00000177051,5,decreasing,3,0.007395498332700079,0.9464101615137755
ENSG00000178301,5,decreasing,5,-0.00430006347295286,0.9464101615137755
ENSG00000183077,5,decreasing,5,-0.03618951592302272,0.9464101615137755
ENSG00000184588,5,decreasing,5,-0.0107970011017074,0.9464101615137755
ENSG00000185215,5,decreasing,5,-0.0153692542071106,0.9464101615137755
ENSG00000185721,5,decreasing,3,-0.0050560127750485,0.9464101615137755
ENSG00000187609,5,decreasing,5,-0.00548202994845592,0.9464101615137755
ENSG00000196387,5,decreasing,5,-0.02513600153732264,0.9464101615137755
ENSG00000197142,5,decreasing,5,-0.00853138304906276,0.9464101615137755
ENSG00000197150,5,decreasing,4,0.0003001284327658803,0.9464101615137755
ENSG00000197217,5,decreasing,5,-0.00817539157293162,0.9464101615137755
ENSG00000197746,5,decreasing,4,-0.01399216278908726,0.9464101615137755
ENSG00000198089,5,increasing,3,-2.3414394822720077e-05,0.9464101615137755
ENSG00000198556,5,decreasing,4,-0.00309681422774694,0.9464101615137755
ENSG00000204463,5,decreasing,5,-0.008322430346830539,0.9464101615137755
ENSG00000259224,5,decreasing,4,-0.00501443683506018,0.9464101615137755
ENSG00000278259,5,decreasing,4,-0.0018821704558202802,0.9464101615137755
ENSG00000286239,5,decreasing,4,0.005069465715270701,0.9464101615137755
ENSG00000074755,5,decreasing,5,-0.00650043344845132,0.9424150595871961
ENSG00000079215,5,decreasing,5,-0.00192810267338932,0.9424150595871961
ENSG00000102897,5,decreasing,3,0.00118257081518902,0.9424150595871961
ENSG00000107262,5,decreasing,4,-0.050637581746239946,0.9424150595871961
ENSG00000109472,5,decreasing,3,0.0076282482102353,0.9424150595871961
ENSG00000115084,5,decreasing,4,-0.0042858562995902,0.9424150595871961
ENSG00000130935,5,decreasing,4,-0.00365207800730294,0.9424150595871961
ENSG00000153113,5,decreasing,4,-0.00197223718951724,0.9424150595871961
ENSG00000168036,5,decreasing,4,-0.0017366360566002403,0.9424150595871961
ENSG00000182718,5,decreasing,3,0.0010148650119145397,0.9424150595871961
ENSG00000283515,5,decreasing,4,-0.00532482014969956,0.9424150595871961
ENSG00000006016,5,decreasing,4,-0.0021484424986751203,0.9361468211238784
ENSG00000049239,5,decreasing,4,-0.0037097690661398396,0.9361468211238784
ENSG00000063761,5,decreasing,4,0.0008943597458884397,0.9361468211238784
ENSG00000066044,5,decreasing,4,-0.00403932252055552,0.9361468211238784
ENSG00000067955,5,decreasing,3,-0.002181086415797,0.9361468211238784
ENSG00000070614,5,decreasing,5,-0.0037110174839017603,0.9361468211238784
ENSG00000081870,5,decreasing,5,-0.005524839795754461,0.9361468211238784
ENSG00000085382,5,decreasing,4,-0.00903317853417062,0.9361468211238784
ENSG00000091073,5,decreasing,5,-0.013967672117487562,0.9361468211238784
ENSG00000103222,5,decreasing,3,-0.0009133289529229597,0.9361468211238784
ENSG00000103540,5,decreasing,3,0.0006050600961206201,0.9361468211238784
ENSG00000104490,5,decreasing,4,0.00491651663514506,0.9361468211238784
ENSG00000111615,5,decreasing,4,-0.00220029774108374,0.9361468211238784
ENSG00000115548,5,decreasing,4,-0.006620826217194601,0.9361468211238784
ENSG00000120837,5,decreasing,5,-0.00377835727141406,0.9361468211238784
ENSG00000121413,5,decreasing,4,-0.0031481852769849597,0.9361468211238784
ENSG00000121897,5,decreasing,5,-0.0033466098895345,0.9361468211238784
ENSG00000127995,5,decreasing,5,-0.006282079761280821,0.9361468211238784
ENSG00000133858,5,decreasing,3,-0.00211761746676924,0.9361468211238784
ENSG00000136143,5,increasing,4,0.00415302841775304,0.9361468211238784
ENSG00000137601,5,decreasing,4,-0.0037019089401175,0.9361468211238784
ENSG00000143850,5,decreasing,5,-0.009792370719746441,0.9361468211238784
ENSG00000145012,5,decreasing,5,-0.006642890861909461,0.9361468211238784
ENSG00000148655,5,decreasing,5,-0.007440957334186721,0.9361468211238784
ENSG00000156017,5,decreasing,4,-0.0019413343687339417,0.9361468211238784
ENSG00000159314,5,decreasing,5,-0.0016306615341136602,0.9361468211238784
ENSG00000159658,5,decreasing,5,-0.0098828677159329,0.9361468211238784
ENSG00000160226,5,decreasing,4,-0.0021965483789553,0.9361468211238784
ENSG00000160445,5,decreasing,5,-0.0028533822460665203,0.9361468211238784
ENSG00000160799,5,decreasing,3,-0.00939778097490312,0.9361468211238784
ENSG00000166126,5,decreasing,5,-0.0014909070084330402,0.9361468211238784
ENSG00000166887,5,decreasing,5,-0.0045124402088194595,0.9361468211238784
ENSG00000168003,5,decreasing,5,-0.03202807755027224,0.9361468211238784
ENSG00000172113,5,decreasing,5,-0.0090600185245469,0.9361468211238784
ENSG00000173848,5,decreasing,4,-0.00032271080839417975,0.9361468211238784
ENSG00000173905,5,decreasing,4,-0.00291570957324934,0.9361468211238784
ENSG00000174197,5,decreasing,4,-0.005932690453111381,0.9361468211238784
ENSG00000174206,5,decreasing,5,-0.00341530684298866,0.9361468211238784
ENSG00000198363,5,decreasing,4,-0.02278109862291136,0.9361468211238784
ENSG00000198429,5,increasing,3,0.013159845553801059,0.9361468211238784
ENSG00000204599,5,decreasing,4,-0.025556925012712624,0.9361468211238784
ENSG00000224531,5,decreasing,5,-0.0031475137295405202,0.9361468211238784
ENSG00000236287,5,decreasing,4,-0.00244897684448316,0.9361468211238784
ENSG00000243660,5,decreasing,5,-0.0039898600234722,0.9361468211238784
ENSG00000261609,5,decreasing,4,-0.00284729978105574,0.9361468211238784
ENSG00000285943,5,decreasing,5,-0.00538436515648784,0.9361468211238784
ENSG00000101181,5,decreasing,5,-0.00684136301102054,0.9258834807339811
ENSG00000124313,5,decreasing,5,-0.008210895828698639,0.9258834807339811
ENSG00000138709,5,decreasing,4,-0.00730590382386456,0.9258834807339811
ENSG00000143368,5,decreasing,5,-0.01922433312067456,0.9258834807339811
ENSG00000162772,5,decreasing,5,-0.00876262669372518,0.9258834807339811
ENSG00000163625,5,decreasing,4,-0.0008501553492934199,0.9258834807339811
ENSG00000165675,5,decreasing,3,-0.00776465801881792,0.9258834807339811
ENSG00000167969,5,decreasing,4,-0.0017989745827607598,0.9258834807339811
ENSG00000170485,5,decreasing,5,-0.00212965421489372,0.9258834807339811
ENSG00000171617,5,decreasing,5,-0.0100047567493595,0.9258834807339811
ENSG00000179299,5,decreasing,5,-0.00202647220133678,0.9258834807339811
ENSG00000003756,5,decreasing,5,-0.00347322717113934,0.9196152422706632
ENSG00000009694,5,decreasing,5,-0.0043446257702315794,0.9196152422706632
ENSG00000011275,5,decreasing,5,-0.04250106170893293,0.9196152422706632
ENSG00000011523,5,decreasing,3,-0.0017082571967921198,0.9196152422706632
ENSG00000014164,5,decreasing,4,-0.0023482651706492803,0.9196152422706632
ENSG00000023041,5,decreasing,5,-0.06943572620725395,0.9196152422706632
ENSG00000035115,5,decreasing,5,-0.0029939866062139,0.9196152422706632
ENSG00000047936,5,decreasing,5,-0.016799717324448397,0.9196152422706632
ENSG00000050327,5,decreasing,5,-0.010866063618768521,0.9196152422706632
ENSG00000058091,5,decreasing,5,-0.0022031062566088,0.9196152422706632
ENSG00000066427,5,decreasing,3,0.0058734742341493,0.9196152422706632
ENSG00000070366,5,decreasing,4,-0.00082125818671628,0.9196152422706632
ENSG00000072657,5,decreasing,5,-0.00206543868878742,0.9196152422706632
ENSG00000084092,5,increasing,3,0.0016816290060392002,0.9196152422706632
ENSG00000085415,5,decreasing,5,-0.0043304594724512795,0.9196152422706632
ENSG00000087266,5,decreasing,5,-0.0047740704192318194,0.9196152422706632
ENSG00000099817,5,decreasing,5,-0.00482281072823308,0.9196152422706632
ENSG00000102032,5,decreasing,5,-0.00253601111265652,0.9196152422706632
ENSG00000102524,5,decreasing,5,-0.0020074303060636,0.9196152422706632
ENSG00000104299,5,decreasing,3,-0.00383663735541086,0.9196152422706632
ENSG00000104835,5,decreasing,5,-0.00499750662531416,0.9196152422706632
ENSG00000106701,5,decreasing,5,-0.00401246244641932,0.9196152422706632
ENSG00000106868,5,decreasing,5,-0.00490698688414724,0.9196152422706632
ENSG00000107897,5,increasing,3,0.00013382406477928008,0.9196152422706632
ENSG00000112796,5,decreasing,5,-0.0030392890976057,0.9196152422706632
ENSG00000114268,5,decreasing,4,-0.0027768460287410403,0.9196152422706632
ENSG00000115808,5,decreasing,3,0.0029415633072885205,0.9196152422706632
ENSG00000116984,5,decreasing,3,-0.00431411911784416,0.9196152422706632
ENSG00000117479,5,decreasing,5,-0.0034344626662234203,0.9196152422706632
ENSG00000118420,5,decreasing,5,-0.0035146252830546205,0.9196152422706632
ENSG00000118777,5,decreasing,5,-0.00103177287076888,0.9196152422706632
ENSG00000119537,5,decreasing,5,-0.00280682589162356,0.9196152422706632
ENSG00000122257,5,decreasing,5,-0.02007225406475734,0.9196152422706632
ENSG00000124587,5,decreasing,5,-0.01535339392659844,0.9196152422706632
ENSG00000125900,5,decreasing,5,-0.0021561742349934,0.9196152422706632
ENSG00000126822,5,decreasing,5,-0.00649985021829468,0.9196152422706632
ENSG00000128335,5,decreasing,5,-0.00576812874430408,0.9196152422706632
ENSG00000130958,5,decreasing,5,-0.00621489924295364,0.9196152422706632
ENSG00000131242,5,decreasing,4,-0.0056097985567749396,0.9196152422706632
ENSG00000132275,5,decreasing,4,-0.00169707633172838,0.9196152422706632
ENSG00000133640,5,decreasing,5,-0.00900772758042382,0.9196152422706632
ENSG00000135604,5,decreasing,4,-0.00430202553501984,0.9196152422706632
ENSG00000136100,5,decreasing,5,-0.008885801096932499,0.9196152422706632
ENSG00000138592,5,decreasing,5,-0.0042914265587109795,0.9196152422706632
ENSG00000138758,5,decreasing,4,-0.00628705119085346,0.9196152422706632
ENSG00000143751,5,decreasing,4,-0.00261335527143584,0.9196152422706632
ENSG00000150760,5,decreasing,3,0.0018956836184655594,0.9196152422706632
ENSG00000151748,5,decreasing,5,-0.00711705895504042,0.9196152422706632
ENSG00000155085,5,decreasing,5,-0.0020612452992584,0.9196152422706632
ENSG00000156171,5,decreasing,5,-0.0168473918329414,0.9196152422706632
ENSG00000156253,5,decreasing,5,-0.0034477403577556,0.9196152422706632
ENSG00000161791,5,decreasing,5,-0.00526419642221264,0.9196152422706632
ENSG00000163093,5,decreasing,5,-0.006338612843679739,0.9196152422706632
ENSG00000163214,5,decreasing,5,-0.0046242093531252,0.9196152422706632
ENSG00000163322,5,decreasing,5,-0.00311505002049524,0.9196152422706632
ENSG00000163964,5,decreasing,3,-0.0005221003537548799,0.9196152422706632
ENSG00000164258,5,decreasing,4,-0.0009146792367455799,0.9196152422706632
ENSG00000165685,5,decreasing,5,-0.00401220100353694,0.9196152422706632
ENSG00000165886,5,decreasing,4,-0.016600119130116518,0.9196152422706632
ENSG00000167196,5,decreasing,4,-0.00032419523019370036,0.9196152422706632
ENSG00000168675,5,decreasing,3,0.006422843499819021,0.9196152422706632
ENSG00000169255,5,decreasing,5,-0.00162857974680708,0.9196152422706632
ENSG00000171723,5,decreasing,4,0.0008488829910720402,0.9196152422706632
ENSG00000173546,5,decreasing,5,-0.00515088824444056,0.9196152422706632
ENSG00000175354,5,decreasing,3,0.00102678731319236,0.9196152422706632
ENSG00000176542,5,decreasing,5,-0.004676896017780859,0.9196152422706632
ENSG00000179021,5,decreasing,5,-0.0024350049665214204,0.9196152422706632
ENSG00000179833,5,decreasing,5,-0.004046430683315861,0.9196152422706632
ENSG00000180354,5,increasing,3,0.0014651213951109403,0.9196152422706632
ENSG00000181036,5,increasing,3,0.01041995180572754,0.9196152422706632
ENSG00000183742,5,decreasing,3,-3.743431179774308e-05,0.9196152422706632
ENSG00000186188,5,decreasing,5,-0.0088880353893457,0.9196152422706632
ENSG00000196209,5,decreasing,4,-0.00221795035529934,0.9196152422706632
ENSG00000196678,5,decreasing,4,-0.00159094299552198,0.9196152422706632
ENSG00000197860,5,decreasing,5,-0.004126625030723139,0.9196152422706632
ENSG00000198168,5,decreasing,5,-0.0037788044211006797,0.9196152422706632
ENSG00000198189,5,decreasing,5,-0.00612842127437102,0.9196152422706632
ENSG00000205464,5,decreasing,5,-0.00386128080590696,0.9196152422706632
ENSG00000205639,5,decreasing,5,-0.004256212738282099,0.9196152422706632
ENSG00000205726,5,decreasing,5,-0.0070163574144933,0.9196152422706632
ENSG00000223865,5,decreasing,3,0.01114947419997488,0.9196152422706632
ENSG00000232653,5,decreasing,3,0.0030987637708579804,0.9196152422706632
ENSG00000259040,5,decreasing,5,-0.0025615144418059802,0.9196152422706632
ENSG00000259529,5,decreasing,5,-0.03948082151516208,0.9196152422706632
ENSG00000270629,5,decreasing,5,-0.00477711066750612,0.9196152422706632
ENSG00000271601,5,decreasing,4,-0.00369223838476168,0.9196152422706632
ENSG00000285162,5,decreasing,5,-0.01134639177565122,0.9196152422706632
ENSG00000285901,5,increasing,4,-0.01857055723475404,0.9196152422706632
ENSG00000178177,5,decreasing,4,-0.01133452919810338,0.9093519018807662
ENSG00000030582,5,decreasing,5,-0.014928447288220001,0.909351901880766
ENSG00000106066,5,decreasing,5,-0.008027242201099339,0.909351901880766
ENSG00000113460,5,decreasing,4,-0.00143566332859924,0.909351901880766
ENSG00000137656,5,decreasing,5,-0.00404916457265032,0.909351901880766
ENSG00000141627,5,decreasing,3,0.0035720099730902006,0.909351901880766
ENSG00000161920,5,increasing,3,0.0092491426200121,0.909351901880766
ENSG00000173200,5,decreasing,5,-0.00304870509625112,0.909351901880766
ENSG00000187134,5,decreasing,5,-0.00342188064759106,0.909351901880766
ENSG00000042753,5,decreasing,5,-0.00229810281925446,0.8990885614908688
ENSG00000083168,5,decreasing,5,-0.00877983584277458,0.8928203230275511
ENSG00000107651,5,decreasing,5,-0.00565699813704066,0.8928203230275511
ENSG00000121594,5,decreasing,5,-0.00366541459475098,0.8928203230275511
ENSG00000132170,5,decreasing,5,-0.00301831344153556,0.8928203230275511
ENSG00000135503,5,decreasing,5,-0.00402898926079346,0.8928203230275511
ENSG00000143643,5,decreasing,4,3.3837027824579895e-05,0.8928203230275511
ENSG00000143740,5,decreasing,4,-0.0017865957829179397,0.8928203230275511
ENSG00000149131,5,decreasing,5,-0.0191654475622792,0.8928203230275511
ENSG00000162542,5,decreasing,5,-0.0036832202723477,0.8928203230275511
ENSG00000164904,5,increasing,4,0.00334354867828634,0.8928203230275511
ENSG00000172766,5,decreasing,4,-0.0028958682300998803,0.8928203230275511
ENSG00000175792,5,decreasing,5,-0.0046179117870763205,0.8928203230275511
ENSG00000198791,5,decreasing,3,-0.010595495654080819,0.8928203230275511
ENSG00000117899,5,increasing,4,0.00991119176046264,0.8928203230275509
ENSG00000141503,5,increasing,3,0.00924001385723416,0.8928203230275509
ENSG00000260314,5,decreasing,5,-0.0038966138247687396,0.8928203230275509
ENSG00000004799,4,decreasing,4,-0.00424447421418545,1.0
ENSG00000005436,4,decreasing,4,-0.005173480714639325,1.0
ENSG00000007545,4,decreasing,3,0.0011703037510894581,1.0
ENSG00000010671,4,decreasing,3,-0.057768486442010145,1.0
ENSG00000019144,4,decreasing,3,-0.016910109040286676,1.0
ENSG00000022277,4,decreasing,4,-0.01376980743387575,1.0
ENSG00000049246,4,decreasing,3,-0.020709618283104428,1.0
ENSG00000049249,4,decreasing,4,-0.00954326438058695,1.0
ENSG00000066654,4,increasing,4,0.014330776658271725,1.0
ENSG00000066697,4,decreasing,2,0.008054917885248552,1.0
ENSG00000069329,4,decreasing,3,-0.023727039875940874,1.0
ENSG00000069493,4,decreasing,4,-0.16538182023496928,1.0
ENSG00000077549,4,decreasing,4,-0.004520861699302525,1.0
ENSG00000083099,4,increasing,3,0.0085566806733656,1.0
ENSG00000083799,4,decreasing,3,-0.0133570491994629,1.0
ENSG00000087884,4,decreasing,3,-0.006175924867033101,1.0
ENSG00000088930,4,decreasing,4,-0.0036046068650119,1.0
ENSG00000089048,4,decreasing,4,-0.003302620734187825,1.0
ENSG00000089280,4,decreasing,4,-0.04930225235920678,1.0
ENSG00000099977,4,decreasing,3,-0.17631034939754744,1.0
ENSG00000099991,4,decreasing,3,0.05909085727378452,1.0
ENSG00000106524,4,decreasing,4,-0.04597278408470535,1.0
ENSG00000107362,4,decreasing,3,-0.0038103027483083252,1.0
ENSG00000108559,4,decreasing,3,-0.0012986373173878006,1.0
ENSG00000108960,4,increasing,3,0.009043511579182,1.0
ENSG00000110048,4,decreasing,3,-0.014287737097246248,1.0
ENSG00000113048,4,decreasing,2,0.022460497716314476,1.0
ENSG00000113916,4,increasing,4,0.0656003615390549,1.0
ENSG00000114316,4,increasing,3,0.004481905422558425,1.0
ENSG00000114650,4,decreasing,2,-0.03637618129859635,1.0
ENSG00000115806,4,decreasing,3,-0.011571064221057574,1.0
ENSG00000117262,4,decreasing,3,-0.001013690355614074,1.0
ENSG00000123143,4,decreasing,3,-0.003329369279497575,1.0
ENSG00000123416,4,increasing,2,0.0249509356053125,1.0
ENSG00000124422,4,decreasing,3,-0.010247987432942075,1.0
ENSG00000125107,4,decreasing,4,-0.0036273618228057254,1.0
ENSG00000127616,4,increasing,2,-0.0009659810346611499,1.0
ENSG00000131503,4,decreasing,3,-0.020691105233598926,1.0
ENSG00000131508,4,decreasing,2,0.00025212571938075,1.0
ENSG00000134317,4,decreasing,3,-0.011055733698575125,1.0
ENSG00000134758,4,decreasing,3,1.668055481825019e-05,1.0
ENSG00000136108,4,decreasing,3,-0.005361762328334751,1.0
ENSG00000137501,4,decreasing,4,-0.019884727819082598,1.0
ENSG00000141564,4,decreasing,4,-0.023440836119657225,1.0
ENSG00000142541,4,decreasing,4,-0.09014463956775076,1.0
ENSG00000144711,4,decreasing,3,0.0022567909508141243,1.0
ENSG00000147065,4,increasing,2,0.0016046902897331747,1.0
ENSG00000148690,4,decreasing,4,-0.01863187163970375,1.0
ENSG00000151461,4,decreasing,4,-0.005475393093751825,1.0
ENSG00000152056,4,decreasing,3,-0.003060854822135349,1.0
ENSG00000154059,4,decreasing,4,-0.05408300822651123,1.0
ENSG00000155111,4,decreasing,4,-0.00783410438237965,1.0
ENSG00000156502,4,decreasing,3,-0.001029984162476451,1.0
ENSG00000159212,4,decreasing,3,-0.06179145871424038,1.0
ENSG00000160683,4,decreasing,2,-0.05356057656815465,1.0
ENSG00000162191,4,decreasing,2,0.0037887604686517497,1.0
ENSG00000162368,4,decreasing,2,0.00682455875964695,1.0
ENSG00000162642,4,decreasing,4,-0.00611488681351585,1.0
ENSG00000163719,4,increasing,2,0.055024370295691204,1.0
ENSG00000163904,4,decreasing,3,0.004308774876815776,1.0
ENSG00000165416,4,increasing,2,0.027181497473205175,1.0
ENSG00000165660,4,decreasing,2,0.02006242135910105,1.0
ENSG00000167106,4,increasing,4,0.03195304916046347,1.0
ENSG00000167625,4,decreasing,3,-0.055585965252507176,1.0
ENSG00000169682,4,increasing,3,0.00642894407473075,1.0
ENSG00000169896,4,decreasing,2,0.00928172444854115,1.0
ENSG00000170266,4,increasing,2,0.013883401542739699,1.0
ENSG00000171311,4,increasing,2,0.0035907785894130745,1.0
ENSG00000172667,4,increasing,3,0.011051211252494149,1.0
ENSG00000173273,4,decreasing,3,-0.01359966097187345,1.0
ENSG00000173611,4,decreasing,2,-0.01248343490733075,1.0
ENSG00000178234,4,decreasing,2,0.055897283564965775,1.0
ENSG00000181026,4,decreasing,2,0.007627631361869775,1.0
ENSG00000182326,4,decreasing,3,0.009643323366670075,1.0
ENSG00000183426,4,decreasing,3,-0.008793300837238699,1.0
ENSG00000184164,4,decreasing,4,-0.040587270000199724,1.0
ENSG00000185811,4,decreasing,4,-0.014153252196183125,1.0
ENSG00000185880,4,decreasing,3,-0.0044979434697404504,1.0
ENSG00000186812,4,decreasing,4,-0.008018432575053676,1.0
ENSG00000188938,4,decreasing,2,0.009921441961330574,1.0
ENSG00000196950,4,decreasing,4,-0.021209797239887525,1.0
ENSG00000197635,4,decreasing,4,-0.013532920525348324,1.0
ENSG00000204272,4,decreasing,4,-0.00413119033950285,1.0
ENSG00000204525,4,increasing,3,0.002009752215290125,1.0
ENSG00000206527,4,increasing,3,0.010527366590826325,1.0
ENSG00000213465,4,decreasing,2,0.0022810748135741995,1.0
ENSG00000228144,4,increasing,2,-0.05028769842766807,1.0
ENSG00000234857,4,decreasing,3,-0.0121912261537318,1.0
ENSG00000240230,4,decreasing,3,0.018952850818554377,1.0
ENSG00000254979,4,increasing,3,0.008303740749187325,1.0
ENSG00000256223,4,decreasing,4,-0.0190419395894538,1.0
ENSG00000257529,4,decreasing,2,0.0097435214200216,1.0
ENSG00000285713,4,decreasing,2,0.006824240911367451,1.0
ENSG00000286219,4,decreasing,3,-0.01269369380361265,1.0
ENSG00000039650,4,decreasing,3,-0.00394219675694725,0.9871708245126285
ENSG00000057757,4,decreasing,4,-0.007396536077592875,0.9871708245126285
ENSG00000060558,4,decreasing,3,-0.01123249578264445,0.9871708245126285
ENSG00000066455,4,decreasing,2,-0.00537648433340595,0.9871708245126285
ENSG00000067560,4,decreasing,3,0.022609318613369876,0.9871708245126285
ENSG00000072401,4,decreasing,4,-0.01838407102545695,0.9871708245126285
ENSG00000081154,4,decreasing,3,-0.009024807449267775,0.9871708245126285
ENSG00000100526,4,decreasing,3,-0.008013413245501224,0.9871708245126285
ENSG00000107937,4,decreasing,4,-0.013900500327635274,0.9871708245126285
ENSG00000111358,4,decreasing,4,-0.017020031236861077,0.9871708245126285
ENSG00000121749,4,increasing,2,0.0294618291184425,0.9871708245126285
ENSG00000123200,4,decreasing,4,-0.0018954395461732501,0.9871708245126285
ENSG00000125691,4,decreasing,4,-0.017549099484286027,0.9871708245126285
ENSG00000129696,4,decreasing,2,0.003710220171910375,0.9871708245126285
ENSG00000134109,4,increasing,2,-0.00023209034612095016,0.9871708245126285
ENSG00000135913,4,decreasing,3,-0.003318454762106625,0.9871708245126285
ENSG00000137076,4,decreasing,3,0.00045718477408462563,0.9871708245126285
ENSG00000137414,4,increasing,2,-0.00087260927194115,0.9871708245126285
ENSG00000137710,4,decreasing,4,-0.015456791622940374,0.9871708245126285
ENSG00000137871,4,decreasing,4,-0.029894210997722197,0.9871708245126285
ENSG00000143398,4,decreasing,4,-0.0029014763978351,0.9871708245126285
ENSG00000143870,4,decreasing,4,-0.004607165746141026,0.9871708245126285
ENSG00000147457,4,decreasing,2,0.0035682716278285505,0.9871708245126285
ENSG00000147684,4,decreasing,3,-0.038196895157516224,0.9871708245126285
ENSG00000149091,4,decreasing,3,-0.0022344138751618503,0.9871708245126285
ENSG00000151726,4,decreasing,3,-0.0143457245560279,0.9871708245126285
ENSG00000152766,4,decreasing,4,-0.005082442250550825,0.9871708245126285
ENSG00000153147,4,decreasing,4,-0.0175459186500984,0.9871708245126285
ENSG00000154065,4,decreasing,4,-0.012837867900218423,0.9871708245126285
ENSG00000159733,4,decreasing,4,-0.014441065890175674,0.9871708245126285
ENSG00000161558,4,decreasing,3,-0.005972305784130076,0.9871708245126285
ENSG00000163251,4,decreasing,2,0.009045685209343474,0.9871708245126285
ENSG00000164978,4,decreasing,4,-0.0063197887828322745,0.9871708245126285
ENSG00000166454,4,decreasing,4,-0.0215435498216663,0.9871708245126285
ENSG00000166734,4,decreasing,4,-0.006150288134847276,0.9871708245126285
ENSG00000168785,4,decreasing,3,0.005777458768562375,0.9871708245126285
ENSG00000172757,4,decreasing,3,-0.0105319474487631,0.9871708245126285
ENSG00000173281,4,increasing,3,0.021141554466167226,0.9871708245126285
ENSG00000178105,4,decreasing,4,-0.0031353689197735,0.9871708245126285
ENSG00000182400,4,decreasing,3,0.001653525743392524,0.9871708245126285
ENSG00000186063,4,decreasing,3,-0.0005748460604982999,0.9871708245126285
ENSG00000187164,4,decreasing,3,-0.013018824604248575,0.9871708245126285
ENSG00000196151,4,decreasing,2,-0.01205932902482835,0.9871708245126285
ENSG00000197302,4,decreasing,3,-0.006519896025466801,0.9871708245126285
ENSG00000198018,4,decreasing,3,-0.010018403928345224,0.9871708245126285
ENSG00000205581,4,decreasing,3,-0.003095049444593375,0.9871708245126285
ENSG00000213780,4,decreasing,3,0.0006423577050964999,0.9871708245126285
ENSG00000256806,4,decreasing,2,-0.005972703539499175,0.9871708245126285
ENSG00000266472,4,increasing,3,0.007233983041153075,0.9871708245126285
ENSG00000270882,4,increasing,3,0.016490574164583074,0.9871708245126285
ENSG00000005844,4,decreasing,4,-0.003367314186792275,0.974341649025257
ENSG00000008710,4,decreasing,3,-0.0027752984367083503,0.974341649025257
ENSG00000013523,4,decreasing,3,-0.007207237523411325,0.974341649025257
ENSG00000048392,4,decreasing,4,-0.00534098444392115,0.974341649025257
ENSG00000095485,4,decreasing,3,-0.001456220509940375,0.974341649025257
ENSG00000111962,4,decreasing,4,-0.00186799175963105,0.974341649025257
ENSG00000118503,4,decreasing,4,-0.012874084539351224,0.974341649025257
ENSG00000120727,4,decreasing,2,0.0036543452538657507,0.974341649025257
ENSG00000122861,4,decreasing,4,-0.004194119928075,0.974341649025257
ENSG00000123240,4,decreasing,3,-0.0043412052818323004,0.974341649025257
ENSG00000127481,4,decreasing,3,0.0051534973544925,0.974341649025257
ENSG00000134759,4,decreasing,3,-0.002063272808802925,0.974341649025257
ENSG00000146278,4,decreasing,3,-0.04888865589634313,0.974341649025257
ENSG00000152133,4,decreasing,3,-0.002118054252142275,0.974341649025257
ENSG00000152409,4,decreasing,4,-0.01548766978671015,0.974341649025257
ENSG00000157014,4,decreasing,4,-0.04569910049017753,0.974341649025257
ENSG00000160201,4,decreasing,3,-0.0019399288935285,0.974341649025257
ENSG00000161813,4,decreasing,3,-0.0089250315267343,0.974341649025257
ENSG00000162377,4,decreasing,4,-0.0075149429732875,0.974341649025257
ENSG00000165113,4,decreasing,3,-0.0002084143924182746,0.974341649025257
ENSG00000165810,4,decreasing,4,-0.001974173695740275,0.974341649025257
ENSG00000170836,4,decreasing,2,-0.00022163339670472479,0.974341649025257
ENSG00000171522,4,decreasing,3,-0.0007422257765174503,0.974341649025257
ENSG00000171634,4,decreasing,4,-0.003680815099126375,0.974341649025257
ENSG00000172663,4,decreasing,3,-0.00339004306727355,0.974341649025257
ENSG00000174125,4,decreasing,4,-0.007393238284898775,0.974341649025257
ENSG00000184924,4,decreasing,3,-0.012550618671162925,0.974341649025257
ENSG00000188735,4,decreasing,4,-0.0048269469268289,0.974341649025257
ENSG00000197343,4,decreasing,4,-0.02408462896985975,0.974341649025257
ENSG00000197928,4,decreasing,4,-0.01954129863369675,0.974341649025257
ENSG00000204642,4,decreasing,4,-0.006974373125354176,0.974341649025257
ENSG00000267228,4,decreasing,4,-0.0039620145673240756,0.974341649025257
ENSG00000004468,4,decreasing,2,0.0192441902033908,0.9665063509461097
ENSG00000008405,4,decreasing,4,-0.14962421406886606,0.9665063509461097
ENSG00000008513,4,decreasing,3,0.013509187968627025,0.9665063509461097
ENSG00000013563,4,decreasing,2,0.0170237865626915,0.9665063509461097
ENSG00000013810,4,decreasing,3,-0.011130730384622525,0.9665063509461097
ENSG00000026950,4,decreasing,4,-0.01197441999747165,0.9665063509461097
ENSG00000047365,4,increasing,2,0.0178160288579653,0.9665063509461097
ENSG00000048544,4,decreasing,2,0.0018997904309348002,0.9665063509461097
ENSG00000048707,4,increasing,2,0.00504883694094205,0.9665063509461097
ENSG00000051108,4,decreasing,3,-0.00547827826383965,0.9665063509461097
ENSG00000056558,4,decreasing,3,-0.005150593041762674,0.9665063509461097
ENSG00000070814,4,decreasing,3,-0.014162240895747299,0.9665063509461097
ENSG00000075785,4,increasing,2,-0.0037259107434602246,0.9665063509461097
ENSG00000076716,4,decreasing,3,0.014259738058269675,0.9665063509461097
ENSG00000091436,4,increasing,3,0.03798208218596898,0.9665063509461097
ENSG00000093072,4,increasing,3,0.0028356131615752,0.9665063509461097
ENSG00000095370,4,decreasing,3,-0.00262324659107125,0.9665063509461097
ENSG00000099219,4,increasing,2,-0.0016771790183407994,0.9665063509461097
ENSG00000099956,4,increasing,3,0.06276789150395168,0.9665063509461097
ENSG00000100209,4,decreasing,2,0.0612413916899554,0.9665063509461097
ENSG00000100266,4,increasing,3,0.008473456170816799,0.9665063509461097
ENSG00000100478,4,decreasing,4,-0.008852731315338026,0.9665063509461097
ENSG00000100644,4,decreasing,3,-0.0010382963063639502,0.9665063509461097
ENSG00000101935,4,decreasing,4,-0.004946600643755625,0.9665063509461097
ENSG00000102921,4,decreasing,3,-0.010322709097695625,0.9665063509461097
ENSG00000103245,4,increasing,2,-0.004178177250921375,0.9665063509461097
ENSG00000103342,4,increasing,2,0.027319200918150325,0.9665063509461097
ENSG00000103426,4,decreasing,3,-0.006888551995684025,0.9665063509461097
ENSG00000103512,4,decreasing,2,-0.0024090660063232254,0.9665063509461097
ENSG00000103811,4,increasing,3,0.009411458064770175,0.9665063509461097
ENSG00000104228,4,decreasing,3,-0.002332858470756175,0.9665063509461097
ENSG00000104660,4,decreasing,3,0.006861119637519125,0.9665063509461097
ENSG00000105821,4,decreasing,2,-0.0018704669084062,0.9665063509461097
ENSG00000106070,4,increasing,3,0.012677514334235548,0.9665063509461097
ENSG00000107949,4,increasing,3,0.011111459393798925,0.9665063509461097
ENSG00000108021,4,decreasing,3,0.0023356130975687246,0.9665063509461097
ENSG00000109016,4,decreasing,3,0.006032726898336726,0.9665063509461097
ENSG00000110011,4,decreasing,3,-0.00323152134254565,0.9665063509461097
ENSG00000110031,4,decreasing,2,0.06897518751417818,0.9665063509461097
ENSG00000111011,4,decreasing,3,-0.020582744730881848,0.9665063509461097
ENSG00000111144,4,decreasing,3,-0.0028126380862686,0.9665063509461097
ENSG00000111726,4,decreasing,3,-0.004706502509858801,0.9665063509461097
ENSG00000111802,4,decreasing,4,-0.010575352517519575,0.9665063509461097
ENSG00000112234,4,decreasing,3,0.01299069520363175,0.9665063509461097
ENSG00000112419,4,decreasing,3,-0.006174340089216749,0.9665063509461097
ENSG00000112972,4,decreasing,3,-0.0073407971009393745,0.9665063509461097
ENSG00000113368,4,increasing,3,0.042979136896002725,0.9665063509461097
ENSG00000114125,4,decreasing,4,-0.003371513985100425,0.9665063509461097
ENSG00000116560,4,increasing,2,-0.001512338757706175,0.9665063509461097
ENSG00000116688,4,decreasing,2,0.00300082570261975,0.9665063509461097
ENSG00000117174,4,decreasing,4,-0.0056077826977059255,0.9665063509461097
ENSG00000118246,4,decreasing,2,0.0040161868362260005,0.9665063509461097
ENSG00000118564,4,decreasing,2,0.006241739536144475,0.9665063509461097
ENSG00000118579,4,decreasing,3,0.0005782676692758252,0.9665063509461097
ENSG00000118971,4,decreasing,3,-0.015773045330775726,0.9665063509461097
ENSG00000120526,4,decreasing,3,-0.0188991315223912,0.9665063509461097
ENSG00000121481,4,decreasing,4,-0.00816270693193075,0.9665063509461097
ENSG00000122406,4,increasing,3,0.06784599720835545,0.9665063509461097
ENSG00000123684,4,decreasing,3,0.002566423856869475,0.9665063509461097
ENSG00000124145,4,decreasing,2,0.0056801445188591,0.9665063509461097
ENSG00000125676,4,decreasing,4,-0.0044116763947896495,0.9665063509461097
ENSG00000126775,4,decreasing,3,-0.01333048683061335,0.9665063509461097
ENSG00000127334,4,decreasing,4,-0.005702545668646825,0.9665063509461097
ENSG00000129158,4,decreasing,3,-0.006452022140853675,0.9665063509461097
ENSG00000130638,4,decreasing,4,-0.018303660314490926,0.9665063509461097
ENSG00000131196,4,decreasing,3,-0.004581070241895274,0.9665063509461097
ENSG00000132965,4,decreasing,4,-0.004188668048086725,0.9665063509461097
ENSG00000133983,4,increasing,3,0.018616062146874453,0.9665063509461097
ENSG00000134001,4,decreasing,2,-0.000768673014760175,0.9665063509461097
ENSG00000135426,4,increasing,2,-0.006037832902226625,0.9665063509461097
ENSG00000135945,4,decreasing,3,-0.0004930920797118249,0.9665063509461097
ENSG00000136152,4,decreasing,2,0.00528529757063655,0.9665063509461097
ENSG00000136709,4,increasing,3,0.007121580898047375,0.9665063509461097
ENSG00000136738,4,decreasing,3,-0.0071248747011946,0.9665063509461097
ENSG00000136935,4,decreasing,3,0.001425166747862425,0.9665063509461097
ENSG00000139168,4,decreasing,4,-0.00259600048111455,0.9665063509461097
ENSG00000139651,4,decreasing,3,0.0145246875838346,0.9665063509461097
ENSG00000140612,4,increasing,3,0.0080905813259921,0.9665063509461097
ENSG00000140995,4,decreasing,2,-0.0012552182703017998,0.9665063509461097
ENSG00000143437,4,decreasing,3,-0.0019843091343085253,0.9665063509461097
ENSG00000143889,4,decreasing,3,-0.0001849891512877501,0.9665063509461097
ENSG00000143951,4,decreasing,4,-0.00477356021560865,0.9665063509461097
ENSG00000144713,4,decreasing,2,0.003270569477131775,0.9665063509461097
ENSG00000144791,4,decreasing,3,-0.017894363729365526,0.9665063509461097
ENSG00000148835,4,decreasing,4,-0.0016576059054878001,0.9665063509461097
ENSG00000149196,4,increasing,3,0.014379771136095551,0.9665063509461097
ENSG00000149289,4,decreasing,2,0.0004204803388393498,0.9665063509461097
ENSG00000151092,4,decreasing,3,-0.0017890410223642748,0.9665063509461097
ENSG00000151353,4,decreasing,3,-0.033532727900632976,0.9665063509461097
ENSG00000152128,4,decreasing,2,-0.005327680091934576,0.9665063509461097
ENSG00000153339,4,increasing,2,-6.5094299730025e-05,0.9665063509461097
ENSG00000154237,4,decreasing,4,-0.01333787468824345,0.9665063509461097
ENSG00000154451,4,decreasing,3,-0.0033156863049647743,0.9665063509461097
ENSG00000154781,4,decreasing,3,-0.07308187546527461,0.9665063509461097
ENSG00000155096,4,decreasing,3,-0.0084262424557754,0.9665063509461097
ENSG00000155506,4,increasing,3,0.011969265464042176,0.9665063509461097
ENSG00000155903,4,decreasing,4,-0.008165072300810825,0.9665063509461097
ENSG00000156804,4,decreasing,3,-0.0062349555714289245,0.9665063509461097
ENSG00000157404,4,increasing,2,-0.0002312673942008,0.9665063509461097
ENSG00000159674,4,decreasing,4,-0.026303226129155748,0.9665063509461097
ENSG00000159873,4,increasing,4,0.0178804130181843,0.9665063509461097
ENSG00000160223,4,decreasing,2,0.0079881576195539,0.9665063509461097
ENSG00000160271,4,decreasing,3,0.007637882544556025,0.9665063509461097
ENSG00000160305,4,decreasing,3,-0.0036801921846576,0.9665063509461097
ENSG00000160345,4,decreasing,2,0.03880515430332268,0.9665063509461097
ENSG00000161179,4,increasing,2,-0.001115374514439225,0.9665063509461097
ENSG00000162607,4,decreasing,3,-0.00392342636022815,0.9665063509461097
ENSG00000162885,4,decreasing,3,-0.00038891534330690015,0.9665063509461097
ENSG00000163126,4,increasing,4,0.0037603054572579,0.9665063509461097
ENSG00000163249,4,increasing,3,0.0647920330468682,0.9665063509461097
ENSG00000163374,4,decreasing,2,0.0003470630627777252,0.9665063509461097
ENSG00000163728,4,decreasing,4,-0.008855584305783676,0.9665063509461097
ENSG00000163832,4,decreasing,4,-0.011950855305154575,0.9665063509461097
ENSG00000164040,4,decreasing,3,-0.005600555020926275,0.9665063509461097
ENSG00000165030,4,increasing,3,0.007365026057124375,0.9665063509461097
ENSG00000165233,4,decreasing,3,-0.00412242942725005,0.9665063509461097
ENSG00000165525,4,decreasing,3,-0.011095344889117075,0.9665063509461097
ENSG00000165943,4,increasing,3,0.02955089752564035,0.9665063509461097
ENSG00000166266,4,decreasing,3,0.0017325947129050003,0.9665063509461097
ENSG00000166295,4,increasing,2,-0.00017671770674982518,0.9665063509461097
ENSG00000168827,4,decreasing,4,-0.00303659158861475,0.9665063509461097
ENSG00000170889,4,decreasing,4,-0.01184025407857575,0.9665063509461097
ENSG00000171490,4,decreasing,2,0.00042325046061247493,0.9665063509461097
ENSG00000171552,4,decreasing,3,-0.018762661333103777,0.9665063509461097
ENSG00000171823,4,decreasing,2,0.0045858425009691495,0.9665063509461097
ENSG00000172058,4,decreasing,4,-0.0038030363557515247,0.9665063509461097
ENSG00000173542,4,decreasing,3,-0.040605364441805375,0.9665063509461097
ENSG00000173588,4,increasing,3,0.020587629624068102,0.9665063509461097
ENSG00000173926,4,decreasing,3,-0.01665332192601195,0.9665063509461097
ENSG00000175470,4,decreasing,3,0.004021547839885125,0.9665063509461097
ENSG00000176105,4,decreasing,4,-0.025579424358967123,0.9665063509461097
ENSG00000176148,4,decreasing,4,-0.0142404406988418,0.9665063509461097
ENSG00000176222,4,increasing,3,0.001845037083804325,0.9665063509461097
ENSG00000177119,4,increasing,3,0.016878329504304374,0.9665063509461097
ENSG00000178425,4,increasing,4,0.0131349158430036,0.9665063509461097
ENSG00000180998,4,decreasing,3,-0.0033524935767976997,0.9665063509461097
ENSG00000182831,4,decreasing,3,-0.014802135914286326,0.9665063509461097
ENSG00000183337,4,decreasing,3,0.0104645950541754,0.9665063509461097
ENSG00000183597,4,decreasing,2,0.006927330384431001,0.9665063509461097
ENSG00000183655,4,decreasing,3,-0.0054609275380417995,0.9665063509461097
ENSG00000184005,4,decreasing,4,-0.05795628842330562,0.9665063509461097
ENSG00000184060,4,decreasing,3,0.007122553095399374,0.9665063509461097
ENSG00000184470,4,increasing,3,0.0016551052974756498,0.9665063509461097
ENSG00000184863,4,increasing,3,0.03975916858997085,0.9665063509461097
ENSG00000185436,4,decreasing,3,-0.00711242539161755,0.9665063509461097
ENSG00000186480,4,decreasing,3,-0.0045991140509532,0.9665063509461097
ENSG00000189067,4,decreasing,3,-0.015532374619151,0.9665063509461097
ENSG00000189376,4,decreasing,3,0.0049516084392726995,0.9665063509461097
ENSG00000196975,4,increasing,2,-0.0018122160910532003,0.9665063509461097
ENSG00000197162,4,decreasing,4,-0.01773106967475165,0.9665063509461097
ENSG00000197451,4,decreasing,4,-0.0028606108854277498,0.9665063509461097
ENSG00000197971,4,decreasing,3,-0.0044054301839470756,0.9665063509461097
ENSG00000198369,4,decreasing,3,0.0014668977291766253,0.9665063509461097
ENSG00000198668,4,increasing,3,0.0012563834520859,0.9665063509461097
ENSG00000203814,4,increasing,3,0.0038425199170350754,0.9665063509461097
ENSG00000204991,4,decreasing,3,-0.0021932462377338502,0.9665063509461097
ENSG00000215252,4,decreasing,2,0.013466397581142677,0.9665063509461097
ENSG00000221874,4,decreasing,3,-0.002981256551275625,0.9665063509461097
ENSG00000230358,4,decreasing,2,0.0317779058544867,0.9665063509461097
ENSG00000232119,4,decreasing,3,-0.004602466083820625,0.9665063509461097
ENSG00000271605,4,decreasing,3,-0.003330969973526175,0.9665063509461097
ENSG00000272333,4,decreasing,4,-0.0313784254852126,0.9665063509461097
ENSG00000274322,4,increasing,2,0.00200778687287745,0.9665063509461097
ENSG00000277443,4,decreasing,3,-0.0017711848805101,0.9665063509461097
ENSG00000279170,4,decreasing,3,-0.009201278112811326,0.9665063509461097
ENSG00000287542,4,decreasing,4,-0.01138019383462055,0.9665063509461097
ENSG00000067334,4,decreasing,4,-0.07952557165565656,0.9615124735378855
ENSG00000099385,4,decreasing,3,-0.008084515548956225,0.9615124735378855
ENSG00000132122,4,decreasing,4,-0.0083167898971117,0.9615124735378855
ENSG00000137522,4,decreasing,4,-0.006737713811151225,0.9615124735378855
ENSG00000144579,4,decreasing,3,-0.0382601763846524,0.9615124735378855
ENSG00000151148,4,decreasing,3,-0.004349108647825525,0.9615124735378855
ENSG00000152583,4,decreasing,4,-0.0021322954308731,0.9615124735378855
ENSG00000179526,4,decreasing,4,-0.00458029647127325,0.9615124735378855
ENSG00000241058,4,decreasing,4,-0.0024140074820498247,0.9615124735378855
ENSG00000006652,4,decreasing,4,-0.013482971886190302,0.9536771754587382
ENSG00000036257,4,decreasing,4,-0.0018188210571330001,0.9536771754587382
ENSG00000046651,4,decreasing,2,0.0008227204282059502,0.9536771754587382
ENSG00000053371,4,decreasing,4,-0.006046665505851076,0.9536771754587382
ENSG00000071051,4,decreasing,3,-0.007754819550622175,0.9536771754587382
ENSG00000072415,4,decreasing,4,-0.007972043940252225,0.9536771754587382
ENSG00000099783,4,decreasing,4,-0.005135039670243975,0.9536771754587382
ENSG00000100263,4,decreasing,4,-0.026325640179201,0.9536771754587382
ENSG00000103226,4,decreasing,3,-0.0032970515354178,0.9536771754587382
ENSG00000104731,4,decreasing,4,-0.013286955792890173,0.9536771754587382
ENSG00000104774,4,decreasing,3,-0.005343910499513175,0.9536771754587382
ENSG00000105708,4,decreasing,2,0.003062495753938425,0.9536771754587382
ENSG00000108091,4,decreasing,3,-0.001495783280354325,0.9536771754587382
ENSG00000109452,4,decreasing,2,0.01952818745852035,0.9536771754587382
ENSG00000115275,4,decreasing,4,-0.003948387532136725,0.9536771754587382
ENSG00000115875,4,decreasing,2,0.0038125352658714747,0.9536771754587382
ENSG00000116711,4,decreasing,3,-0.002915465240263375,0.9536771754587382
ENSG00000120539,4,decreasing,3,-0.006964162160168,0.9536771754587382
ENSG00000124733,4,increasing,2,-0.0007209661368395,0.9536771754587382
ENSG00000124784,4,decreasing,3,-0.007969493003812425,0.9536771754587382
ENSG00000133019,4,decreasing,4,-0.0028627850817148246,0.9536771754587382
ENSG00000136938,4,decreasing,4,-0.007436843220238425,0.9536771754587382
ENSG00000139112,4,decreasing,4,-0.01224099380815295,0.9536771754587382
ENSG00000140199,4,decreasing,3,-0.0039960778475802,0.9536771754587382
ENSG00000140350,4,increasing,2,0.004592422456069075,0.9536771754587382
ENSG00000145990,4,decreasing,3,-0.00132133873458595,0.9536771754587382
ENSG00000146072,4,decreasing,4,-0.0083979661364841,0.9536771754587382
ENSG00000148516,4,decreasing,4,-0.009607839671576749,0.9536771754587382
ENSG00000149313,4,decreasing,2,0.0019404982701139,0.9536771754587382
ENSG00000149489,4,decreasing,4,-0.0032415456534392,0.9536771754587382
ENSG00000150401,4,decreasing,4,-0.0074214657026978005,0.9536771754587382
ENSG00000150459,4,decreasing,3,-0.024258363831711774,0.9536771754587382
ENSG00000151276,4,increasing,2,0.0060506615157076,0.9536771754587382
ENSG00000152683,4,increasing,3,0.0075774938417263,0.9536771754587382
ENSG00000152904,4,decreasing,3,0.00028052820777895024,0.9536771754587382
ENSG00000153066,4,increasing,3,0.007562510127930225,0.9536771754587382
ENSG00000156273,4,decreasing,3,-0.0005246251043315,0.9536771754587382
ENSG00000160221,4,decreasing,3,-0.00030068711008114993,0.9536771754587382
ENSG00000163472,4,decreasing,4,-0.005203882127091675,0.9536771754587382
ENSG00000164615,4,increasing,3,0.0023532497062836253,0.9536771754587382
ENSG00000164970,4,decreasing,4,-0.0873857608490779,0.9536771754587382
ENSG00000164983,4,decreasing,4,-0.0345473557060187,0.9536771754587382
ENSG00000167613,4,decreasing,4,-0.01387995834759095,0.9536771754587382
ENSG00000169062,4,decreasing,4,-0.003448627758588775,0.9536771754587382
ENSG00000169203,4,decreasing,4,-0.016835226667658774,0.9536771754587382
ENSG00000169967,4,decreasing,4,-0.017732943222538274,0.9536771754587382
ENSG00000171729,4,decreasing,2,8.706260579925012e-05,0.9536771754587382
ENSG00000172262,4,decreasing,3,-0.0026144422645292247,0.9536771754587382
ENSG00000173064,4,decreasing,4,-0.0036478047510404253,0.9536771754587382
ENSG00000173818,4,decreasing,3,-0.00097800792874865,0.9536771754587382
ENSG00000174840,4,decreasing,2,0.0006879480632147251,0.9536771754587382
ENSG00000175197,4,decreasing,3,-0.0034237229857744,0.9536771754587382
ENSG00000177954,4,decreasing,3,-0.03166422977469342,0.9536771754587382
ENSG00000183207,4,decreasing,3,-0.0011482127001723995,0.9536771754587382
ENSG00000185989,4,decreasing,3,-0.0510363122631895,0.9536771754587382
ENSG00000186283,4,decreasing,4,-0.008951822580417275,0.9536771754587382
ENSG00000186834,4,decreasing,4,-0.0362281701270833,0.9536771754587382
ENSG00000196419,4,increasing,2,0.0009212166793808501,0.9536771754587382
ENSG00000204397,4,decreasing,3,-0.002328604014774875,0.9536771754587382
ENSG00000204767,4,decreasing,4,-0.006192895957959851,0.9536771754587382
ENSG00000213190,4,decreasing,3,-0.029444227807987826,0.9536771754587382
ENSG00000214756,4,decreasing,4,-0.02103302969925945,0.9536771754587382
ENSG00000243927,4,decreasing,3,-0.011025300910832399,0.9536771754587382
ENSG00000243943,4,decreasing,4,-0.002477991318393675,0.9536771754587382
ENSG00000264187,4,decreasing,4,-0.007318367182987701,0.9536771754587382
ENSG00000276231,4,decreasing,4,-0.0188920004009676,0.9536771754587382
ENSG00000087053,4,decreasing,3,0.015162793463852298,0.9408479999713667
ENSG00000100393,4,decreasing,3,-0.00850688632903405,0.9408479999713667
ENSG00000102393,4,decreasing,4,-0.0093432797725136,0.9408479999713667
ENSG00000103569,4,decreasing,4,-0.003469226883024075,0.9408479999713667
ENSG00000129534,4,decreasing,4,-0.00391498083268535,0.9408479999713667
ENSG00000130021,4,decreasing,4,-0.0203734158967727,0.9408479999713667
ENSG00000151376,4,decreasing,3,-0.001497733526651925,0.9408479999713667
ENSG00000157869,4,decreasing,2,0.0156699719854447,0.9408479999713667
ENSG00000158079,4,decreasing,4,-0.004856997071160575,0.9408479999713667
ENSG00000164120,4,decreasing,4,-0.001363435437585525,0.9408479999713667
ENSG00000177150,4,decreasing,4,-0.019129707360530553,0.9408479999713667
ENSG00000177889,4,decreasing,4,-0.0037491514923055497,0.9408479999713667
ENSG00000184428,4,decreasing,4,-0.004750619099793475,0.9408479999713667
ENSG00000206561,4,decreasing,4,-0.0078195709988692,0.9408479999713667
ENSG00000215717,4,decreasing,2,0.012423262907461674,0.9408479999713667
ENSG00000219481,4,decreasing,2,-0.05386969748549428,0.9408479999713667
ENSG00000258465,4,decreasing,2,-0.0009747983118186501,0.9408479999713667
ENSG00000268750,4,decreasing,4,-0.010271629319146075,0.9408479999713667
ENSG00000273559,4,decreasing,4,-0.018498902092961074,0.9408479999713667
ENSG00000004478,4,increasing,3,0.0059844718133641,0.9330127018922194
ENSG00000005075,4,decreasing,4,-0.0050008745984687,0.9330127018922194
ENSG00000006625,4,decreasing,3,2.9209644534259824e-06,0.9330127018922194
ENSG00000014824,4,decreasing,3,-0.003751310796842175,0.9330127018922194
ENSG00000038945,4,decreasing,4,-0.004832459622186975,0.9330127018922194
ENSG00000049167,4,decreasing,3,-0.005393153108468225,0.9330127018922194
ENSG00000050748,4,decreasing,3,-0.004453991048263875,0.9330127018922194
ENSG00000052723,4,increasing,3,0.00721426763052925,0.9330127018922194
ENSG00000058063,4,decreasing,4,-0.008878194326442799,0.9330127018922194
ENSG00000062598,4,increasing,3,0.004798999571306175,0.9330127018922194
ENSG00000065485,4,decreasing,4,-0.003336210683135925,0.9330127018922194
ENSG00000070501,4,increasing,3,-0.0035123246303936755,0.9330127018922194
ENSG00000071282,4,decreasing,3,-0.0144349238023467,0.9330127018922194
ENSG00000071462,4,decreasing,4,-0.003955236298778225,0.9330127018922194
ENSG00000073737,4,decreasing,4,-0.00341060827933945,0.9330127018922194
ENSG00000074621,4,increasing,2,0.0377146843435352,0.9330127018922194
ENSG00000075975,4,decreasing,3,0.0118557713933738,0.9330127018922194
ENSG00000077157,4,decreasing,4,-0.0031445630529471002,0.9330127018922194
ENSG00000082068,4,decreasing,4,-0.00541219956984185,0.9330127018922194
ENSG00000085982,4,decreasing,4,-0.008142138410389275,0.9330127018922194
ENSG00000087301,4,decreasing,2,0.006679537694944476,0.9330127018922194
ENSG00000089639,4,decreasing,4,-0.020175797098976475,0.9330127018922194
ENSG00000090857,4,decreasing,4,-0.0154896908003458,0.9330127018922194
ENSG00000093183,4,decreasing,2,0.0050120447849987,0.9330127018922194
ENSG00000094880,4,decreasing,4,-0.0038331700370145003,0.9330127018922194
ENSG00000096060,4,decreasing,3,-0.00702739416792695,0.9330127018922194
ENSG00000100028,4,increasing,2,0.00370413990985525,0.9330127018922194
ENSG00000100567,4,decreasing,3,-0.00611404647744685,0.9330127018922194
ENSG00000100605,4,decreasing,4,-0.008430732277815975,0.9330127018922194
ENSG00000100897,4,decreasing,3,0.0118838865681919,0.9330127018922194
ENSG00000100916,4,decreasing,4,-0.0090988799116006,0.9330127018922194
ENSG00000101146,4,decreasing,3,-0.00346159498722425,0.9330127018922194
ENSG00000102606,4,decreasing,4,-0.004979183002736175,0.9330127018922194
ENSG00000102931,4,decreasing,4,-0.016355064004903976,0.9330127018922194
ENSG00000103707,4,decreasing,4,-0.00290552640324405,0.9330127018922194
ENSG00000103855,4,decreasing,3,-0.0007005864982119244,0.9330127018922194
ENSG00000104381,4,decreasing,2,0.00037805733834585025,0.9330127018922194
ENSG00000104689,4,decreasing,2,0.002588026308480074,0.9330127018922194
ENSG00000104804,4,decreasing,2,0.0043681374423243,0.9330127018922194
ENSG00000108443,4,increasing,3,0.003483779479026025,0.9330127018922194
ENSG00000109099,4,decreasing,3,-0.04408191739611797,0.9330127018922194
ENSG00000110046,4,decreasing,4,-0.024670008936030274,0.9330127018922194
ENSG00000111224,4,decreasing,3,0.00032059299791640004,0.9330127018922194
ENSG00000111237,4,increasing,2,-0.00015611411187504975,0.9330127018922194
ENSG00000111670,4,increasing,2,0.0015594547156480999,0.9330127018922194
ENSG00000112078,4,decreasing,4,-0.010675016038644724,0.9330127018922194
ENSG00000112343,4,decreasing,4,-0.002878647207018825,0.9330127018922194
ENSG00000113068,4,decreasing,4,-0.004232004419619625,0.9330127018922194
ENSG00000114354,4,decreasing,3,0.0014342784076975998,0.9330127018922194
ENSG00000114738,4,decreasing,4,-0.03485342324594162,0.9330127018922194
ENSG00000114841,4,decreasing,3,-0.008360445462633849,0.9330127018922194
ENSG00000115282,4,decreasing,4,-0.004388148245394449,0.9330127018922194
ENSG00000115365,4,decreasing,3,-0.022919510197355598,0.9330127018922194
ENSG00000116044,4,decreasing,4,-0.003656957834248575,0.9330127018922194
ENSG00000116205,4,decreasing,3,-0.002325044309126275,0.9330127018922194
ENSG00000117360,4,decreasing,4,-0.0035885218237482752,0.9330127018922194
ENSG00000120333,4,decreasing,4,-0.03292069177751478,0.9330127018922194
ENSG00000121644,4,decreasing,2,0.00848033181969145,0.9330127018922194
ENSG00000122203,4,decreasing,4,-0.0039918639957219,0.9330127018922194
ENSG00000123219,4,decreasing,4,-0.00165703159441675,0.9330127018922194
ENSG00000124535,4,increasing,3,-0.0007501241686258501,0.9330127018922194
ENSG00000125445,4,decreasing,4,-0.006766010693026776,0.9330127018922194
ENSG00000125611,4,decreasing,4,-0.0033474380527709247,0.9330127018922194
ENSG00000125731,4,increasing,3,0.013614195427085526,0.9330127018922194
ENSG00000126261,4,increasing,2,0.0012300862787039248,0.9330127018922194
ENSG00000126767,4,decreasing,4,-0.00355286742209435,0.9330127018922194
ENSG00000130052,4,decreasing,4,-0.003098806915583725,0.9330127018922194
ENSG00000130119,4,increasing,3,0.06701271869139577,0.9330127018922194
ENSG00000130714,4,decreasing,4,-0.002470578086862625,0.9330127018922194
ENSG00000131174,4,decreasing,4,-0.018516563654766727,0.9330127018922194
ENSG00000131378,4,decreasing,3,-0.03490913467491667,0.9330127018922194
ENSG00000132005,4,decreasing,4,-0.007904572045606299,0.9330127018922194
ENSG00000132305,4,decreasing,3,-0.003820350255302025,0.9330127018922194
ENSG00000132405,4,decreasing,4,-0.002448374341307475,0.9330127018922194
ENSG00000134905,4,decreasing,4,-0.01187181633786575,0.9330127018922194
ENSG00000135045,4,decreasing,4,-0.005183824836215925,0.9330127018922194
ENSG00000136861,4,decreasing,4,-0.0029079353185357004,0.9330127018922194
ENSG00000138382,4,decreasing,4,-0.002186096786188375,0.9330127018922194
ENSG00000138821,4,decreasing,4,-0.0049349148198146505,0.9330127018922194
ENSG00000139278,4,increasing,2,0.0014295377738304253,0.9330127018922194
ENSG00000139324,4,decreasing,4,-0.006709461764999775,0.9330127018922194
ENSG00000139624,4,increasing,2,-0.000468433856479475,0.9330127018922194
ENSG00000139641,4,decreasing,3,-0.0008750321728064499,0.9330127018922194
ENSG00000140987,4,decreasing,4,-0.003731885678774175,0.9330127018922194
ENSG00000143119,4,increasing,4,0.0446446719795192,0.9330127018922194
ENSG00000143514,4,decreasing,3,-0.017331108830426375,0.9330127018922194
ENSG00000144040,4,decreasing,3,-0.00566241643057815,0.9330127018922194
ENSG00000144445,4,decreasing,3,0.0016952385155967501,0.9330127018922194
ENSG00000144747,4,decreasing,4,-0.002984179212219375,0.9330127018922194
ENSG00000144749,4,decreasing,3,-0.006076528898566875,0.9330127018922194
ENSG00000145191,4,decreasing,3,0.006861329663587202,0.9330127018922194
ENSG00000145996,4,decreasing,4,-0.016444443853368323,0.9330127018922194
ENSG00000146463,4,decreasing,3,-0.0029187336425957502,0.9330127018922194
ENSG00000146592,4,decreasing,2,0.00228414720247915,0.9330127018922194
ENSG00000146802,4,decreasing,4,-0.00822900721965125,0.9330127018922194
ENSG00000147443,4,decreasing,4,-0.0014114339644755501,0.9330127018922194
ENSG00000149089,4,decreasing,4,-0.002729291166637875,0.9330127018922194
ENSG00000151725,4,decreasing,4,-0.02130845305414675,0.9330127018922194
ENSG00000151929,4,decreasing,4,-0.012033884351083025,0.9330127018922194
ENSG00000154479,4,increasing,2,2.9142776556350053e-05,0.9330127018922194
ENSG00000154814,4,decreasing,4,-0.004781733179433374,0.9330127018922194
ENSG00000155304,4,decreasing,4,-0.0014292704183902002,0.9330127018922194
ENSG00000155906,4,decreasing,4,-0.002953369268369325,0.9330127018922194
ENSG00000156030,4,decreasing,4,-0.013115458224596725,0.9330127018922194
ENSG00000157106,4,decreasing,3,0.0010123842376533248,0.9330127018922194
ENSG00000157426,4,decreasing,4,-0.005219555402538725,0.9330127018922194
ENSG00000159788,4,decreasing,3,-0.002220376760599275,0.9330127018922194
ENSG00000160013,4,decreasing,4,-0.007282819971288425,0.9330127018922194
ENSG00000160953,4,decreasing,4,-0.010192637782281626,0.9330127018922194
ENSG00000160999,4,decreasing,2,0.005039823200115525,0.9330127018922194
ENSG00000162222,4,decreasing,4,-0.017333758107924525,0.9330127018922194
ENSG00000163219,4,decreasing,3,-0.0016533173769022,0.9330127018922194
ENSG00000163534,4,decreasing,4,-0.0028394626668255,0.9330127018922194
ENSG00000163872,4,decreasing,4,-0.009459056430191525,0.9330127018922194
ENSG00000163932,4,decreasing,3,-0.0094768003558295,0.9330127018922194
ENSG00000164494,4,decreasing,4,-0.013928378282009976,0.9330127018922194
ENSG00000164741,4,decreasing,4,-0.01572422998857705,0.9330127018922194
ENSG00000165417,4,decreasing,4,-0.019428187177292274,0.9330127018922194
ENSG00000166164,4,decreasing,3,-0.004417000139458325,0.9330127018922194
ENSG00000167186,4,decreasing,4,-0.0070409826914989496,0.9330127018922194
ENSG00000167460,4,decreasing,3,0.0038724123447972988,0.9330127018922194
ENSG00000167904,4,increasing,2,-0.0272119171821218,0.9330127018922194
ENSG00000168028,4,decreasing,4,-0.0177638187762086,0.9330127018922194
ENSG00000168259,4,decreasing,4,-0.005086466216944225,0.9330127018922194
ENSG00000168538,4,decreasing,4,-0.01287238914519755,0.9330127018922194
ENSG00000169093,4,increasing,2,-0.0011089318065462001,0.9330127018922194
ENSG00000171136,4,decreasing,4,-0.010967749122548248,0.9330127018922194
ENSG00000171530,4,decreasing,4,-0.004182767674980225,0.9330127018922194
ENSG00000171714,4,decreasing,4,-0.003011800316177225,0.9330127018922194
ENSG00000172053,4,decreasing,2,0.005647636583197151,0.9330127018922194
ENSG00000173406,4,decreasing,3,-0.004688006100346875,0.9330127018922194
ENSG00000174004,4,decreasing,4,-0.001779235388592275,0.9330127018922194
ENSG00000177082,4,decreasing,4,-0.07787482457745623,0.9330127018922194
ENSG00000177628,4,decreasing,3,-0.003143545074305725,0.9330127018922194
ENSG00000179271,4,decreasing,4,-0.007192385910637325,0.9330127018922194
ENSG00000182287,4,decreasing,4,-0.001527529831231025,0.9330127018922194
ENSG00000182944,4,decreasing,4,-0.002672661494285425,0.9330127018922194
ENSG00000183336,4,decreasing,3,0.006769528773806724,0.9330127018922194
ENSG00000184371,4,decreasing,4,-0.0107184489717703,0.9330127018922194
ENSG00000184635,4,decreasing,4,-0.00428020073195575,0.9330127018922194
ENSG00000184743,4,decreasing,3,0.00036671877142502524,0.9330127018922194
ENSG00000185624,4,increasing,3,0.0127518347262491,0.9330127018922194
ENSG00000185917,4,increasing,2,-0.001906900012839125,0.9330127018922194
ENSG00000188659,4,decreasing,4,-0.00465379081952525,0.9330127018922194
ENSG00000196550,4,decreasing,3,-0.001132467927326325,0.9330127018922194
ENSG00000197448,4,decreasing,3,-0.0011690068222401,0.9330127018922194
ENSG00000198286,4,decreasing,3,-0.014957991858923825,0.9330127018922194
ENSG00000198689,4,decreasing,4,-0.003927750782041475,0.9330127018922194
ENSG00000198836,4,decreasing,4,-0.026263117571416528,0.9330127018922194
ENSG00000198856,4,decreasing,4,-0.011765269397213049,0.9330127018922194
ENSG00000204104,4,decreasing,3,8.261025009667503e-05,0.9330127018922194
ENSG00000204256,4,decreasing,4,-0.003418740406360075,0.9330127018922194
ENSG00000213064,4,decreasing,3,-0.01449204911781635,0.9330127018922194
ENSG00000213380,4,increasing,2,0.0002830223127301,0.9330127018922194
ENSG00000214413,4,decreasing,4,-0.00835538059399875,0.9330127018922194
ENSG00000226124,4,decreasing,4,-0.00348224653497655,0.9330127018922194
ENSG00000235750,4,decreasing,2,0.006257435173632325,0.9330127018922194
ENSG00000258881,4,decreasing,3,-0.0032313973277878,0.9330127018922194
ENSG00000273749,4,decreasing,4,-0.0100004233071607,0.9330127018922194
ENSG00000285441,4,increasing,2,-0.0050198565616449255,0.9330127018922194
ENSG00000119509,4,decreasing,3,-4.7894548317899425e-05,0.9280188244839952
ENSG00000150991,4,decreasing,4,-0.00997761200735425,0.9280188244839952
ENSG00000204592,4,decreasing,4,-0.00938382697101455,0.9280188244839952
ENSG00000006740,4,decreasing,4,-0.0088260639496007,0.9201835264048479
ENSG00000015133,4,decreasing,4,-0.021168933140217824,0.9201835264048479
ENSG00000073849,4,decreasing,2,0.004498435474749225,0.9201835264048479
ENSG00000101236,4,decreasing,4,-0.01069749739503105,0.9201835264048479
ENSG00000115170,4,decreasing,4,-0.004042348166306825,0.9201835264048479
ENSG00000115840,4,increasing,2,0.007936868303616475,0.9201835264048479
ENSG00000117222,4,decreasing,3,-0.00887687263337645,0.9201835264048479
ENSG00000118482,4,decreasing,4,-0.003183078938403225,0.9201835264048479
ENSG00000120137,4,decreasing,4,-0.018983507693603477,0.9201835264048479
ENSG00000123472,4,decreasing,4,-0.00242472289267665,0.9201835264048479
ENSG00000129116,4,decreasing,3,-0.002064248105035,0.9201835264048479
ENSG00000129295,4,increasing,3,0.004228587738211725,0.9201835264048479
ENSG00000130703,4,decreasing,3,-0.011455545333840975,0.9201835264048479
ENSG00000131845,4,decreasing,2,0.0018699708351088253,0.9201835264048479
ENSG00000134717,4,increasing,2,0.0020202522595390003,0.9201835264048479
ENSG00000135720,4,decreasing,2,-0.0017717959937820248,0.9201835264048479
ENSG00000141699,4,decreasing,3,-0.00277273143181595,0.9201835264048479
ENSG00000143157,4,decreasing,3,-0.00377171391603295,0.9201835264048479
ENSG00000153898,4,decreasing,4,-0.009948387188881726,0.9201835264048479
ENSG00000159131,4,decreasing,4,-0.00374464932479805,0.9201835264048479
ENSG00000163563,4,decreasing,4,-0.003495783792301475,0.9201835264048479
ENSG00000165355,4,decreasing,4,-0.008669086044423825,0.9201835264048479
ENSG00000168303,4,decreasing,3,0.001403690827097325,0.9201835264048479
ENSG00000169439,4,decreasing,4,-0.000689810223636325,0.9201835264048479
ENSG00000185250,4,decreasing,4,-0.008567720534553524,0.9201835264048479
ENSG00000197265,4,decreasing,4,-0.006523304592576525,0.9201835264048479
ENSG00000214078,4,decreasing,3,0.001050170896976625,0.9201835264048479
ENSG00000085871,4,decreasing,4,-0.0019274331227925499,0.9073543509174764
ENSG00000058804,4,decreasing,4,-0.004863327997845,0.8995190528383291
ENSG00000076770,4,decreasing,4,-0.0058223260338768745,0.8995190528383291
ENSG00000095139,4,decreasing,4,-0.003076619894619975,0.8995190528383291
ENSG00000099338,4,decreasing,3,-0.0007802092898967503,0.8995190528383291
ENSG00000100336,4,decreasing,4,-0.004824517465467425,0.8995190528383291
ENSG00000105662,4,decreasing,3,-0.0015510870372937755,0.8995190528383291
ENSG00000109079,4,decreasing,2,0.0023845880384152,0.8995190528383291
ENSG00000109944,4,decreasing,4,-0.008286203353034101,0.8995190528383291
ENSG00000116353,4,decreasing,4,-0.001890384961933975,0.8995190528383291
ENSG00000119771,4,decreasing,3,-0.005483131489220075,0.8995190528383291
ENSG00000121064,4,decreasing,3,-0.0012274788869085001,0.8995190528383291
ENSG00000136404,4,decreasing,4,-0.0048710166372235245,0.8995190528383291
ENSG00000140105,4,decreasing,4,-0.002839168423094475,0.8995190528383291
ENSG00000145332,4,decreasing,3,0.002755420514427825,0.8995190528383291
ENSG00000146143,4,increasing,3,0.004940968701996975,0.8995190528383291
ENSG00000156162,4,decreasing,4,-0.0028463791693378497,0.8995190528383291
ENSG00000160219,4,increasing,2,0.0007016101229270245,0.8995190528383291
ENSG00000162929,4,decreasing,4,-0.005078036930559701,0.8995190528383291
ENSG00000164035,4,increasing,2,0.010410163113910801,0.8995190528383291
ENSG00000172671,4,decreasing,3,0.0008330733674171498,0.8995190528383291
ENSG00000186625,4,decreasing,4,-0.003570158778972325,0.8995190528383291
ENSG00000188033,4,increasing,2,-0.0003473965497115501,0.8995190528383291
ENSG00000198746,4,decreasing,4,-0.002571540036998,0.8995190528383291
ENSG00000232434,4,decreasing,4,-0.003756509485070225,0.8995190528383291
ENSG00000124126,4,decreasing,4,-0.0096470249517024,0.899519052838329
ENSG00000128891,4,decreasing,4,-0.0045010454398753,0.899519052838329
ENSG00000131051,4,decreasing,3,-0.003994318756738325,0.899519052838329
ENSG00000133835,4,decreasing,4,-0.002078476824082725,0.899519052838329
ENSG00000166012,4,decreasing,3,-0.010644179228511423,0.899519052838329
ENSG00000170006,4,decreasing,4,-0.009941909125406125,0.899519052838329
ENSG00000175054,4,decreasing,4,-0.00327455955180775,0.899519052838329
ENSG00000184828,4,decreasing,4,-0.008742130002286026,0.899519052838329
ENSG00000214300,4,decreasing,2,0.023513746158472675,0.899519052838329
ENSG00000227124,4,decreasing,4,-0.00376776669665615,0.899519052838329
ENSG00000170381,4,decreasing,4,-0.00209590934764505,0.8866898773509576
ENSG00000003393,3,decreasing,2,-0.010744164140133733,1.0
ENSG00000010626,3,decreasing,3,-0.012179430904678467,1.0
ENSG00000012174,3,decreasing,2,-0.0009898623026792994,1.0
ENSG00000013573,3,decreasing,3,-0.07273616118706697,1.0
ENSG00000025293,3,decreasing,3,-0.0319734690829827,1.0
ENSG00000029993,3,increasing,3,0.016144455673568533,1.0
ENSG00000030419,3,decreasing,3,-0.0024494602261483332,1.0
ENSG00000038210,3,decreasing,3,-0.010949112016893166,1.0
ENSG00000042286,3,decreasing,3,-0.0067312960062322,1.0
ENSG00000050426,3,increasing,2,0.004714066454026701,1.0
ENSG00000059769,3,increasing,2,0.0664977613331423,1.0
ENSG00000061936,3,decreasing,3,-0.0031047086382519997,1.0
ENSG00000064201,3,decreasing,3,-0.033330265462876235,1.0
ENSG00000065491,3,decreasing,2,0.002964234573934601,1.0
ENSG00000068383,3,decreasing,2,-0.0046225053370464,1.0
ENSG00000071967,3,decreasing,3,-0.009215600009570933,1.0
ENSG00000077935,3,decreasing,3,-0.014256375765802666,1.0
ENSG00000081014,3,decreasing,3,-0.0026137893655444333,1.0
ENSG00000081721,3,decreasing,3,-0.01757633693289923,1.0
ENSG00000085563,3,increasing,2,0.0002819377634207143,1.0
ENSG00000086232,3,increasing,2,0.0084938799099833,1.0
ENSG00000090989,3,increasing,2,0.0020371701552113334,1.0
ENSG00000095574,3,decreasing,3,-0.02654589603569697,1.0
ENSG00000100221,3,decreasing,2,0.15808365800388,1.0
ENSG00000100227,3,decreasing,2,-0.0022936377649173333,1.0
ENSG00000100239,3,decreasing,2,-0.006605645671849367,1.0
ENSG00000100412,3,decreasing,2,-0.009534668088082733,1.0
ENSG00000100418,3,increasing,2,0.006710636557714866,1.0
ENSG00000100749,3,decreasing,2,0.002439589529745766,1.0
ENSG00000101888,3,decreasing,2,0.0045319751242973326,1.0
ENSG00000102241,3,increasing,2,0.0070976285153628,1.0
ENSG00000103550,3,decreasing,2,-0.0032172906486318334,1.0
ENSG00000103876,3,increasing,2,0.0090424656452099,1.0
ENSG00000104497,3,decreasing,3,-0.008268430231049334,1.0
ENSG00000105639,3,increasing,2,-0.014060875220334538,1.0
ENSG00000105671,3,decreasing,2,0.0067147669128936995,1.0
ENSG00000105851,3,decreasing,3,-0.004794244091981067,1.0
ENSG00000106399,3,increasing,2,0.027199881630820932,1.0
ENSG00000106526,3,decreasing,2,-0.0053911893629268,1.0
ENSG00000107185,3,increasing,3,0.011171108371690034,1.0
ENSG00000107742,3,decreasing,3,-0.018115470720642433,1.0
ENSG00000108590,3,decreasing,2,-0.0003033284747561667,1.0
ENSG00000108953,3,decreasing,2,-0.0010042382773522334,1.0
ENSG00000111186,3,decreasing,2,-0.02401134617568783,1.0
ENSG00000111203,3,decreasing,3,-0.008518293975916767,1.0
ENSG00000111275,3,increasing,2,0.013357557512229168,1.0
ENSG00000111897,3,decreasing,2,-0.009212065252677934,1.0
ENSG00000112561,3,decreasing,3,-0.005436558159945633,1.0
ENSG00000113638,3,decreasing,3,-0.010962876432475331,1.0
ENSG00000115091,3,decreasing,2,0.004600180403472066,1.0
ENSG00000115649,3,increasing,2,0.0218561919205806,1.0
ENSG00000115694,3,increasing,2,0.02166639266421017,1.0
ENSG00000116285,3,increasing,3,0.012423112112617601,1.0
ENSG00000116754,3,decreasing,3,-0.008157461462354767,1.0
ENSG00000117281,3,increasing,2,0.0008435145919840665,1.0
ENSG00000117505,3,decreasing,2,-0.0166909409131651,1.0
ENSG00000118600,3,increasing,2,0.001594248632336567,1.0
ENSG00000119720,3,decreasing,3,-0.008815617584498834,1.0
ENSG00000120053,3,increasing,2,0.0066533909915650995,1.0
ENSG00000120868,3,decreasing,3,-0.008790906177525966,1.0
ENSG00000121895,3,decreasing,3,-0.012469120071794565,1.0
ENSG00000124786,3,decreasing,3,-0.006333694697280567,1.0
ENSG00000125875,3,decreasing,2,-0.0012710415391784667,1.0
ENSG00000125912,3,increasing,3,0.0329456424312316,1.0
ENSG00000126814,3,decreasing,2,0.003209968617149133,1.0
ENSG00000128915,3,increasing,3,0.016033807704701367,1.0
ENSG00000129197,3,decreasing,2,0.005400856845979532,1.0
ENSG00000129351,3,decreasing,3,-0.0046936822547641,1.0
ENSG00000130332,3,decreasing,3,-0.010802242473862867,1.0
ENSG00000130592,3,decreasing,3,-0.04110114782522347,1.0
ENSG00000131148,3,decreasing,3,-0.0014855732935923334,1.0
ENSG00000131408,3,increasing,2,-0.0014397627222586008,1.0
ENSG00000131459,3,decreasing,3,-0.008435961295412533,1.0
ENSG00000132153,3,increasing,2,0.05273070128579036,1.0
ENSG00000132394,3,increasing,2,-0.0043798524195747665,1.0
ENSG00000132478,3,increasing,3,0.0336641823319409,1.0
ENSG00000134056,3,decreasing,2,0.0021884083096806333,1.0
ENSG00000134294,3,decreasing,2,0.0006113164460619663,1.0
ENSG00000134324,3,increasing,3,0.011279858385996733,1.0
ENSG00000134698,3,increasing,2,0.018668728290513865,1.0
ENSG00000134825,3,decreasing,3,-0.028429434482712037,1.0
ENSG00000135052,3,increasing,2,0.01893746630029323,1.0
ENSG00000135723,3,decreasing,2,-0.0003530272350829333,1.0
ENSG00000135929,3,increasing,2,0.013712846797751902,1.0
ENSG00000136451,3,increasing,2,0.0010048254081567998,1.0
ENSG00000136874,3,increasing,2,0.00023878593338770007,1.0
ENSG00000137462,3,decreasing,3,-0.008585294466548633,1.0
ENSG00000137806,3,decreasing,2,-0.03405886463515994,1.0
ENSG00000137815,3,decreasing,3,-0.0071412415373544,1.0
ENSG00000138069,3,decreasing,2,0.10100508657521078,1.0
ENSG00000138071,3,decreasing,2,0.0305778222752673,1.0
ENSG00000138434,3,increasing,2,0.09018700795322349,1.0
ENSG00000139146,3,decreasing,3,-0.007723367732384301,1.0
ENSG00000139644,3,increasing,2,-0.0032909371516645996,1.0
ENSG00000139826,3,decreasing,3,-0.009183349586712599,1.0
ENSG00000140259,3,increasing,2,-0.0012035226727908001,1.0
ENSG00000140403,3,increasing,2,0.010180866608683831,1.0
ENSG00000140464,3,decreasing,3,-0.0473675242237338,1.0
ENSG00000141543,3,decreasing,2,0.0009685063554447669,1.0
ENSG00000142687,3,increasing,2,0.016208812938298334,1.0
ENSG00000143164,3,increasing,2,0.0046389071208544,1.0
ENSG00000143458,3,increasing,2,0.0038351205396601334,1.0
ENSG00000144231,3,decreasing,3,-0.028117884341723798,1.0
ENSG00000144567,3,increasing,2,0.028713018167453298,1.0
ENSG00000145817,3,decreasing,2,-0.0033368608135457,1.0
ENSG00000146067,3,decreasing,2,0.011080028227767132,1.0
ENSG00000147403,3,increasing,2,0.0006886265920090333,1.0
ENSG00000147854,3,increasing,3,0.011108572159678967,1.0
ENSG00000148943,3,decreasing,3,-0.006538497567394267,1.0
ENSG00000149308,3,decreasing,3,-0.012767611990744734,1.0
ENSG00000151702,3,decreasing,3,-0.07146151027591846,1.0
ENSG00000152377,3,decreasing,3,-0.004603806203149667,1.0
ENSG00000152778,3,decreasing,2,0.006891153713581267,1.0
ENSG00000156500,3,decreasing,3,-0.0049645653407405,1.0
ENSG00000156787,3,decreasing,3,-0.0095295559428304,1.0
ENSG00000157538,3,increasing,3,0.008766482584593,1.0
ENSG00000160131,3,decreasing,3,-0.005251605688954267,1.0
ENSG00000160285,3,decreasing,3,-0.006662825937933467,1.0
ENSG00000160298,3,decreasing,2,-0.0005689919647727668,1.0
ENSG00000161010,3,increasing,3,0.009839613357897934,1.0
ENSG00000162585,3,decreasing,2,-0.013482756024637268,1.0
ENSG00000162825,3,increasing,2,0.0001703782810598669,1.0
ENSG00000162924,3,increasing,2,-0.018549779346578466,1.0
ENSG00000162927,3,decreasing,2,0.0011379560255690678,1.0
ENSG00000163344,3,increasing,2,0.0018653545675260334,1.0
ENSG00000163346,3,decreasing,3,-0.009500272189211867,1.0
ENSG00000164136,3,increasing,3,0.019961623105280935,1.0
ENSG00000165644,3,decreasing,2,-0.0055642960740391,1.0
ENSG00000166004,3,decreasing,3,-0.0146718921376584,1.0
ENSG00000166441,3,decreasing,2,-0.0018842611074415337,1.0
ENSG00000166783,3,decreasing,2,-0.004964441726730034,1.0
ENSG00000167088,3,decreasing,2,0.0013912912191547666,1.0
ENSG00000167553,3,decreasing,2,0.0023732907371771324,1.0
ENSG00000167881,3,decreasing,3,-0.004849432563637533,1.0
ENSG00000167987,3,increasing,2,0.0010215600304102998,1.0
ENSG00000168246,3,increasing,3,0.050411650964836706,1.0
ENSG00000168386,3,increasing,2,0.006934482522632933,1.0
ENSG00000168813,3,decreasing,2,0.0005722498891733333,1.0
ENSG00000169684,3,increasing,2,0.022342912599489603,1.0
ENSG00000170260,3,decreasing,2,-0.005068378605210234,1.0
ENSG00000170881,3,decreasing,2,-0.0087427421169325,1.0
ENSG00000171314,3,decreasing,2,-0.002967113099655333,1.0
ENSG00000171497,3,decreasing,2,0.005929929982594967,1.0
ENSG00000171940,3,decreasing,2,-0.0015951527091501011,1.0
ENSG00000172197,3,decreasing,3,-0.024465546190781368,1.0
ENSG00000172432,3,decreasing,2,0.006446687158617067,1.0
ENSG00000173214,3,decreasing,3,-0.004463310538509033,1.0
ENSG00000173327,3,decreasing,3,-0.0079745489433194,1.0
ENSG00000173391,3,decreasing,2,-0.0015910119676873999,1.0
ENSG00000173402,3,increasing,2,0.004622300763476598,1.0
ENSG00000173567,3,decreasing,3,-0.004838822523910134,1.0
ENSG00000173762,3,decreasing,2,-0.037344945072059064,1.0
ENSG00000174132,3,decreasing,2,-0.0029663247891310667,1.0
ENSG00000174720,3,decreasing,3,-0.0015246765226964332,1.0
ENSG00000175931,3,decreasing,2,-0.04733661113762717,1.0
ENSG00000176018,3,decreasing,3,-0.027128384343442568,1.0
ENSG00000176974,3,decreasing,2,-0.0013124692154152997,1.0
ENSG00000177479,3,increasing,2,0.0015690448483376667,1.0
ENSG00000177700,3,decreasing,3,-0.0109991671098123,1.0
ENSG00000178567,3,decreasing,2,0.0031955001497237334,1.0
ENSG00000179344,3,decreasing,2,-0.004614744766970834,1.0
ENSG00000180228,3,decreasing,3,-0.002093641180378467,1.0
ENSG00000180304,3,increasing,3,0.0031286963689906334,1.0
ENSG00000181513,3,decreasing,3,-0.0150787630108659,1.0
ENSG00000182973,3,decreasing,2,-0.0032242756225707666,1.0
ENSG00000183530,3,increasing,2,0.03482759950225674,1.0
ENSG00000184194,3,decreasing,3,-0.0224876833426108,1.0
ENSG00000185019,3,increasing,2,0.1060444806673632,1.0
ENSG00000185838,3,decreasing,3,-0.0027476449435459662,1.0
ENSG00000186074,3,decreasing,3,-0.010706964726521067,1.0
ENSG00000186106,3,decreasing,3,-0.011682845810731868,1.0
ENSG00000186417,3,decreasing,2,0.007990342343261467,1.0
ENSG00000186815,3,decreasing,2,0.0010502796747030002,1.0
ENSG00000187531,3,increasing,2,0.023783209558100565,1.0
ENSG00000188868,3,increasing,2,-0.04642703962270996,1.0
ENSG00000188897,3,increasing,2,0.013377139567063831,1.0
ENSG00000196150,3,decreasing,2,0.012294548753301701,1.0
ENSG00000196230,3,decreasing,2,-0.006844860626530832,1.0
ENSG00000196459,3,decreasing,3,-0.0384736919183154,1.0
ENSG00000196639,3,increasing,2,0.010054549849995834,1.0
ENSG00000197620,3,increasing,2,0.0007146619956480003,1.0
ENSG00000198331,3,decreasing,2,-0.0143646995127285,1.0
ENSG00000198563,3,decreasing,3,-0.0071347851968613,1.0
ENSG00000198612,3,increasing,2,0.04782411161240063,1.0
ENSG00000198911,3,increasing,2,0.0068032290856265,1.0
ENSG00000198951,3,decreasing,3,-0.0264682400159431,1.0
ENSG00000204520,3,increasing,2,0.020578637905895435,1.0
ENSG00000204977,3,increasing,2,0.0027084660853568155,1.0
ENSG00000213699,3,decreasing,3,-0.010595017559889534,1.0
ENSG00000221909,3,decreasing,2,0.00040880107655920025,1.0
ENSG00000228716,3,increasing,2,0.007293344441979466,1.0
ENSG00000231925,3,decreasing,2,-0.0014138141987369332,1.0
ENSG00000241343,3,decreasing,2,-0.0015430630223614,1.0
ENSG00000243317,3,increasing,2,0.007298014058577533,1.0
ENSG00000246922,3,increasing,2,0.009583743725316066,1.0
ENSG00000248710,3,increasing,2,0.0104115937898296,1.0
ENSG00000249773,3,increasing,2,0.025724483630555798,1.0
ENSG00000256861,3,decreasing,2,0.011684516819171799,1.0
ENSG00000258890,3,decreasing,3,-0.0092484984026694,1.0
ENSG00000275023,3,decreasing,2,-0.006547510539328467,1.0
ENSG00000283900,3,increasing,3,0.009902660326403433,1.0
ENSG00000021574,3,increasing,2,0.0068235563530296,0.9828944326835046
ENSG00000026103,3,decreasing,2,-0.002022829489327967,0.9828944326835046
ENSG00000062282,3,decreasing,2,0.00013806809364550008,0.9828944326835046
ENSG00000067057,3,decreasing,2,-0.05179222342729164,0.9828944326835046
ENSG00000075914,3,decreasing,2,-0.004881871784965033,0.9828944326835046
ENSG00000085514,3,decreasing,3,-0.04787398742523594,0.9828944326835046
ENSG00000089682,3,decreasing,3,-0.026106120832927834,0.9828944326835046
ENSG00000090376,3,decreasing,2,-0.00042292374628046664,0.9828944326835046
ENSG00000096872,3,decreasing,3,-0.007533736233015067,0.9828944326835046
ENSG00000100201,3,increasing,2,0.0050171631440221005,0.9828944326835046
ENSG00000100325,3,increasing,2,0.01692901492229153,0.9828944326835046
ENSG00000100664,3,decreasing,3,-0.0038857995382578,0.9828944326835046
ENSG00000101310,3,decreasing,3,-0.11590982127083639,0.9828944326835046
ENSG00000105321,3,increasing,2,0.02391717158781667,0.9828944326835046
ENSG00000105819,3,decreasing,3,-0.0026634574536720333,0.9828944326835046
ENSG00000106100,3,decreasing,3,-0.002680193237354867,0.9828944326835046
ENSG00000109323,3,decreasing,2,-0.0009018071602364001,0.9828944326835046
ENSG00000109854,3,decreasing,3,-0.020083965471216898,0.9828944326835046
ENSG00000111328,3,decreasing,3,-0.0082081345978563,0.9828944326835046
ENSG00000112304,3,decreasing,3,-0.009152887627881433,0.9828944326835046
ENSG00000114098,3,decreasing,3,-0.0031201102257862,0.9828944326835046
ENSG00000115073,3,decreasing,2,-0.016581613839299732,0.9828944326835046
ENSG00000116679,3,decreasing,3,-0.019799669345754133,0.9828944326835046
ENSG00000117010,3,decreasing,3,-0.013372979457746167,0.9828944326835046
ENSG00000120451,3,decreasing,2,-0.024464801155000965,0.9828944326835046
ENSG00000124067,3,decreasing,2,0.0215646633168169,0.9828944326835046
ENSG00000130997,3,decreasing,3,-0.006456524596813067,0.9828944326835046
ENSG00000136379,3,decreasing,3,-0.016416746349836933,0.9828944326835046
ENSG00000136732,3,decreasing,2,-0.016685026525675998,0.9828944326835046
ENSG00000138463,3,increasing,2,0.009133880415763566,0.9828944326835046
ENSG00000142178,3,increasing,2,0.030994646008602664,0.9828944326835046
ENSG00000142227,3,increasing,2,0.04309605588167426,0.9828944326835046
ENSG00000144580,3,decreasing,3,-0.018433613177048867,0.9828944326835046
ENSG00000147586,3,decreasing,2,-0.0026107286893309336,0.9828944326835046
ENSG00000150093,3,decreasing,2,-0.0005270200932504333,0.9828944326835046
ENSG00000158201,3,decreasing,3,-0.030979419538995367,0.9828944326835046
ENSG00000160255,3,decreasing,3,-0.0015474479728031666,0.9828944326835046
ENSG00000162139,3,decreasing,2,-0.003947960789377601,0.9828944326835046
ENSG00000162441,3,increasing,2,-0.0030415278675543327,0.9828944326835046
ENSG00000163029,3,decreasing,3,-0.007266556987605566,0.9828944326835046
ENSG00000163257,3,decreasing,3,-0.033578722580446835,0.9828944326835046
ENSG00000165118,3,decreasing,2,-0.01751300715655413,0.9828944326835046
ENSG00000165698,3,decreasing,3,-0.0101250728237504,0.9828944326835046
ENSG00000165792,3,decreasing,2,-0.0074338294334636,0.9828944326835046
ENSG00000165801,3,decreasing,2,-0.0010762002528130331,0.9828944326835046
ENSG00000167566,3,decreasing,3,-0.0077306195276807335,0.9828944326835046
ENSG00000169564,3,decreasing,2,-0.0028196948577033005,0.9828944326835046
ENSG00000172831,3,decreasing,2,-0.005376334875661866,0.9828944326835046
ENSG00000175182,3,decreasing,3,-0.0179527605539071,0.9828944326835046
ENSG00000175324,3,decreasing,3,-0.0057955940736419,0.9828944326835046
ENSG00000175544,3,decreasing,3,-0.006289509953231999,0.9828944326835046
ENSG00000176171,3,increasing,2,0.010122625094136466,0.9828944326835046
ENSG00000176845,3,increasing,2,0.036534520974401366,0.9828944326835046
ENSG00000177426,3,increasing,2,6.236466302046659e-05,0.9828944326835046
ENSG00000181481,3,decreasing,2,-0.005521162003423533,0.9828944326835046
ENSG00000184277,3,decreasing,2,-0.0022711802568576335,0.9828944326835046
ENSG00000186575,3,decreasing,3,-0.0038446633405993334,0.9828944326835046
ENSG00000186660,3,decreasing,3,-0.0022743315036443334,0.9828944326835046
ENSG00000186818,3,decreasing,2,0.0035695539443009335,0.9828944326835046
ENSG00000187257,3,decreasing,3,-0.0015103272057175668,0.9828944326835046
ENSG00000198498,3,decreasing,2,0.0002606194986212334,0.9828944326835046
ENSG00000205356,3,decreasing,3,-0.0022321371195882333,0.9828944326835046
ENSG00000217555,3,decreasing,2,-0.0032607817478020333,0.9828944326835046
ENSG00000270800,3,decreasing,2,-0.004872959854786033,0.9828944326835046
ENSG00000286261,3,decreasing,3,-0.0318883052259497,0.9828944326835046
ENSG00000001561,3,decreasing,3,-0.018427498591000034,0.9657888653670094
ENSG00000089737,3,decreasing,3,-0.008759750205554466,0.9657888653670094
ENSG00000100804,3,decreasing,2,0.002092759545760934,0.9657888653670094
ENSG00000104960,3,decreasing,2,-0.0027117826787157336,0.9657888653670094
ENSG00000112799,3,decreasing,3,-0.002495628300061767,0.9657888653670094
ENSG00000115942,3,decreasing,2,-0.013775071161560633,0.9657888653670094
ENSG00000121933,3,decreasing,2,0.00044993906713743326,0.9657888653670094
ENSG00000134910,3,decreasing,2,0.0032339578217754003,0.9657888653670094
ENSG00000136261,3,decreasing,3,-0.006927696545710134,0.9657888653670094
ENSG00000136830,3,decreasing,3,-0.06989745942404774,0.9657888653670094
ENSG00000144959,3,decreasing,3,-0.024997360119071735,0.9657888653670094
ENSG00000162032,3,decreasing,2,-0.009935959928271466,0.9657888653670094
ENSG00000165699,3,decreasing,3,-0.006019212393804867,0.9657888653670094
ENSG00000168878,3,decreasing,3,-0.0053081627484925,0.9657888653670094
ENSG00000169609,3,decreasing,2,-0.006191656994806734,0.9657888653670094
ENSG00000169871,3,decreasing,2,0.0017485597534578335,0.9657888653670094
ENSG00000181315,3,decreasing,3,-0.015716826022548865,0.9657888653670094
ENSG00000182117,3,decreasing,2,0.0040722438456131,0.9657888653670094
ENSG00000182782,3,decreasing,3,-0.010351192098134267,0.9657888653670094
ENSG00000183019,3,decreasing,3,-0.0024858303377637,0.9657888653670094
ENSG00000184602,3,decreasing,3,-0.007944963150134035,0.9657888653670094
ENSG00000187147,3,decreasing,3,-0.0036343132729817333,0.9657888653670094
ENSG00000187240,3,decreasing,3,-0.06124812002573337,0.9657888653670094
ENSG00000187954,3,decreasing,3,-0.003706666051077967,0.9657888653670094
ENSG00000197714,3,decreasing,3,-0.013789804355740932,0.9657888653670094
ENSG00000235162,3,decreasing,2,0.001970313154464033,0.9657888653670094
ENSG00000271723,3,decreasing,3,-0.003018983853716033,0.9657888653670094
ENSG00000272916,3,decreasing,2,0.001761997400143267,0.9657888653670094
ENSG00000000419,3,decreasing,2,-0.006506237324180034,0.9553418012614796
ENSG00000006194,3,decreasing,3,-0.0175111156591003,0.9553418012614796
ENSG00000010256,3,decreasing,3,-0.0038758339218545666,0.9553418012614796
ENSG00000010818,3,decreasing,3,-0.007271833074231599,0.9553418012614796
ENSG00000011114,3,decreasing,3,-0.0033238973231399667,0.9553418012614796
ENSG00000013364,3,decreasing,3,-0.0024391954303214,0.9553418012614796
ENSG00000023516,3,decreasing,3,-0.034675056374144995,0.9553418012614796
ENSG00000036054,3,decreasing,3,-0.019766699563964932,0.9553418012614796
ENSG00000048052,3,decreasing,2,0.00035577821519803345,0.9553418012614796
ENSG00000048471,3,decreasing,2,-0.0035184707006616326,0.9553418012614796
ENSG00000049192,3,decreasing,3,-0.0046303662235261,0.9553418012614796
ENSG00000053372,3,decreasing,3,-0.007750037373029535,0.9553418012614796
ENSG00000059691,3,decreasing,3,-0.0046624310866529,0.9553418012614796
ENSG00000063322,3,increasing,2,0.021355667784237503,0.9553418012614796
ENSG00000064042,3,increasing,3,0.01587156561466373,0.9553418012614796
ENSG00000064115,3,decreasing,2,-0.0011919889598861336,0.9553418012614796
ENSG00000064225,3,decreasing,2,-0.009257424123094833,0.9553418012614796
ENSG00000064989,3,decreasing,2,-0.003587240237517634,0.9553418012614796
ENSG00000065809,3,decreasing,3,-0.0026361719328631002,0.9553418012614796
ENSG00000066379,3,decreasing,2,0.006060093213307433,0.9553418012614796
ENSG00000070010,3,decreasing,2,-0.0008842557403498999,0.9553418012614796
ENSG00000070081,3,decreasing,3,-0.0015958181545719,0.9553418012614796
ENSG00000072571,3,decreasing,3,-0.036153822188420635,0.9553418012614796
ENSG00000073803,3,decreasing,3,-0.020703940230215764,0.9553418012614796
ENSG00000073969,3,decreasing,3,-0.0028242065415390667,0.9553418012614796
ENSG00000074695,3,decreasing,2,-0.0220938896902909,0.9553418012614796
ENSG00000074706,3,decreasing,2,-0.005925389377000634,0.9553418012614796
ENSG00000075391,3,decreasing,3,-0.0028329436879557667,0.9553418012614796
ENSG00000075399,3,decreasing,2,-0.0013612581855413665,0.9553418012614796
ENSG00000076067,3,increasing,2,0.0010524458500450666,0.9553418012614796
ENSG00000076706,3,decreasing,2,-0.020726669307524,0.9553418012614796
ENSG00000077420,3,decreasing,2,-0.0024822969837422332,0.9553418012614796
ENSG00000078589,3,decreasing,2,-0.003528867176262366,0.9553418012614796
ENSG00000083312,3,decreasing,2,-0.005424358389015834,0.9553418012614796
ENSG00000086300,3,decreasing,3,-0.0099802405078719,0.9553418012614796
ENSG00000086619,3,decreasing,2,0.00044464741908376666,0.9553418012614796
ENSG00000086730,3,decreasing,3,-0.0057738951984347,0.9553418012614796
ENSG00000088812,3,increasing,3,0.005220346296022467,0.9553418012614796
ENSG00000088888,3,increasing,2,0.013042046906952598,0.9553418012614796
ENSG00000089022,3,decreasing,3,-0.013912342626664367,0.9553418012614796
ENSG00000089060,3,decreasing,3,-0.0046358423186071,0.9553418012614796
ENSG00000089195,3,decreasing,3,-0.0012298355995053667,0.9553418012614796
ENSG00000089327,3,decreasing,3,-0.12394159741228312,0.9553418012614796
ENSG00000089351,3,decreasing,3,-0.0038324055994999,0.9553418012614796
ENSG00000089876,3,decreasing,3,-0.02979754311842547,0.9553418012614796
ENSG00000090621,3,decreasing,2,-0.0024533974365712335,0.9553418012614796
ENSG00000092531,3,decreasing,3,-0.007926093645759235,0.9553418012614796
ENSG00000100014,3,decreasing,2,-0.007049530524275466,0.9553418012614796
ENSG00000100023,3,increasing,3,0.04013640400097777,0.9553418012614796
ENSG00000100083,3,decreasing,3,-0.010846491424235667,0.9553418012614796
ENSG00000100207,3,decreasing,3,-0.005196494286375433,0.9553418012614796
ENSG00000100226,3,decreasing,2,-0.0312978510450427,0.9553418012614796
ENSG00000100280,3,decreasing,2,-0.002135451351385567,0.9553418012614796
ENSG00000100284,3,decreasing,3,-0.06055141675898427,0.9553418012614796
ENSG00000100351,3,decreasing,3,-0.0101205334899573,0.9553418012614796
ENSG00000100387,3,decreasing,3,-0.007591121952947233,0.9553418012614796
ENSG00000100403,3,decreasing,3,-0.0026799022113419,0.9553418012614796
ENSG00000100413,3,increasing,3,0.0629943000760891,0.9553418012614796
ENSG00000101152,3,decreasing,2,-0.004605391477840766,0.9553418012614796
ENSG00000101191,3,increasing,2,0.007314939270698266,0.9553418012614796
ENSG00000101544,3,decreasing,2,-0.0051497011496005,0.9553418012614796
ENSG00000101680,3,decreasing,3,-0.0012147674584500666,0.9553418012614796
ENSG00000101811,3,decreasing,3,-0.028135336516683932,0.9553418012614796
ENSG00000101928,3,increasing,2,0.0008219134923062005,0.9553418012614796
ENSG00000102024,3,decreasing,3,-0.0060601950015849336,0.9553418012614796
ENSG00000103202,3,decreasing,2,-0.004190967808581066,0.9553418012614796
ENSG00000103351,3,decreasing,3,-0.047633834344617994,0.9553418012614796
ENSG00000103642,3,decreasing,2,-0.0221881515714204,0.9553418012614796
ENSG00000104164,3,decreasing,2,0.0060297495871161,0.9553418012614796
ENSG00000104312,3,decreasing,2,-0.0012870800028400335,0.9553418012614796
ENSG00000104529,3,decreasing,3,-0.030712039525413636,0.9553418012614796
ENSG00000104859,3,decreasing,3,-0.0032519349006045334,0.9553418012614796
ENSG00000105699,3,decreasing,3,-0.0073196263793659675,0.9553418012614796
ENSG00000105793,3,decreasing,3,-0.029795376793057365,0.9553418012614796
ENSG00000106246,3,decreasing,3,-0.0028567002080365,0.9553418012614796
ENSG00000106261,3,increasing,2,-0.012648972760140533,0.9553418012614796
ENSG00000106299,3,decreasing,3,-0.005430246584750033,0.9553418012614796
ENSG00000106346,3,increasing,3,0.03167599765727653,0.9553418012614796
ENSG00000106348,3,decreasing,3,-0.0011844338413810333,0.9553418012614796
ENSG00000106479,3,decreasing,2,0.003707433759981,0.9553418012614796
ENSG00000106565,3,decreasing,3,-0.04755960371616147,0.9553418012614796
ENSG00000106665,3,decreasing,2,-0.00030640438742286666,0.9553418012614796
ENSG00000106686,3,decreasing,3,-0.010807265420795435,0.9553418012614796
ENSG00000106789,3,decreasing,3,-0.016694720250218033,0.9553418012614796
ENSG00000107758,3,decreasing,3,-0.012897820231491533,0.9553418012614796
ENSG00000107779,3,decreasing,2,-0.017325804719045167,0.9553418012614796
ENSG00000107959,3,increasing,2,0.007543485567270334,0.9553418012614796
ENSG00000108010,3,decreasing,3,-0.008065070593756865,0.9553418012614796
ENSG00000108622,3,decreasing,2,-0.042684456942221505,0.9553418012614796
ENSG00000109685,3,decreasing,2,-0.004904628184298734,0.9553418012614796
ENSG00000109771,3,decreasing,2,-0.0004368759769601,0.9553418012614796
ENSG00000110801,3,increasing,2,0.022784350767171734,0.9553418012614796
ENSG00000111077,3,decreasing,2,-0.0021119019172193,0.9553418012614796
ENSG00000111348,3,decreasing,3,-0.014924568693340667,0.9553418012614796
ENSG00000111450,3,decreasing,3,-0.0022170695549767333,0.9553418012614796
ENSG00000111641,3,increasing,2,0.022059532349606736,0.9553418012614796
ENSG00000112473,3,increasing,3,0.0193079152281036,0.9553418012614796
ENSG00000112977,3,decreasing,3,-0.004208034667477733,0.9553418012614796
ENSG00000113583,3,decreasing,2,-0.00046400547324983366,0.9553418012614796
ENSG00000113621,3,decreasing,2,0.0008771191860543337,0.9553418012614796
ENSG00000113643,3,decreasing,2,-0.008425765699035232,0.9553418012614796
ENSG00000113845,3,decreasing,3,-0.013028788912689568,0.9553418012614796
ENSG00000114026,3,decreasing,3,-0.0246195634454135,0.9553418012614796
ENSG00000114686,3,decreasing,3,-0.010367706081779135,0.9553418012614796
ENSG00000114904,3,decreasing,2,-0.028806528194393666,0.9553418012614796
ENSG00000114942,3,increasing,2,0.002224888354544067,0.9553418012614796
ENSG00000115053,3,increasing,2,0.006206804422558267,0.9553418012614796
ENSG00000115750,3,increasing,2,0.00017463253446779996,0.9553418012614796
ENSG00000115762,3,increasing,2,0.0031762118803874335,0.9553418012614796
ENSG00000115993,3,increasing,2,0.007154579988737667,0.9553418012614796
ENSG00000116191,3,decreasing,3,-0.010214088182123,0.9553418012614796
ENSG00000116198,3,decreasing,3,-0.014456269291179968,0.9553418012614796
ENSG00000116604,3,decreasing,2,-0.0012290943025694001,0.9553418012614796
ENSG00000117054,3,increasing,2,0.0020898721079040668,0.9553418012614796
ENSG00000117411,3,decreasing,3,-0.0267956403602658,0.9553418012614796
ENSG00000117643,3,decreasing,3,-0.003958938056889734,0.9553418012614796
ENSG00000118680,3,decreasing,2,0.008729505795764134,0.9553418012614796
ENSG00000119328,3,decreasing,3,-0.004770149304115133,0.9553418012614796
ENSG00000119616,3,decreasing,3,-0.014738387920023702,0.9553418012614796
ENSG00000120913,3,increasing,2,0.006794027342444266,0.9553418012614796
ENSG00000121289,3,decreasing,3,-0.004617844946014,0.9553418012614796
ENSG00000121578,3,decreasing,3,-0.03125423653823687,0.9553418012614796
ENSG00000121691,3,decreasing,3,-0.006073594791944599,0.9553418012614796
ENSG00000122550,3,decreasing,3,-0.0092492524184933,0.9553418012614796
ENSG00000124571,3,increasing,2,0.0037449383848585332,0.9553418012614796
ENSG00000125618,3,decreasing,3,-0.008432834340588767,0.9553418012614796
ENSG00000125629,3,decreasing,3,-0.0021103220604447,0.9553418012614796
ENSG00000125810,3,decreasing,3,-0.005624543465945466,0.9553418012614796
ENSG00000125827,3,decreasing,3,-0.0060511222618302675,0.9553418012614796
ENSG00000127083,3,decreasing,2,-0.014603672154657034,0.9553418012614796
ENSG00000128394,3,decreasing,2,-0.0044716005860078,0.9553418012614796
ENSG00000128833,3,decreasing,3,-0.002780087607810433,0.9553418012614796
ENSG00000129667,3,decreasing,2,-0.0032780858241908996,0.9553418012614796
ENSG00000130479,3,decreasing,2,-0.024567930274388198,0.9553418012614796
ENSG00000131127,3,decreasing,2,-0.00022578872124810005,0.9553418012614796
ENSG00000131504,3,increasing,3,0.1195726905640918,0.9553418012614796
ENSG00000132128,3,decreasing,2,0.0007353893066468666,0.9553418012614796
ENSG00000132376,3,decreasing,2,-0.0074188384170608005,0.9553418012614796
ENSG00000132463,3,increasing,2,0.017153000033581268,0.9553418012614796
ENSG00000132740,3,decreasing,3,-0.009275605724422133,0.9553418012614796
ENSG00000132849,3,decreasing,3,-0.027063942998300564,0.9553418012614796
ENSG00000133106,3,decreasing,3,-0.023989186620406,0.9553418012614796
ENSG00000133706,3,increasing,2,0.005691123155107366,0.9553418012614796
ENSG00000134077,3,decreasing,3,-0.005345658851925668,0.9553418012614796
ENSG00000134245,3,decreasing,2,0.0336816177666878,0.9553418012614796
ENSG00000134453,3,decreasing,3,-0.09090699748261866,0.9553418012614796
ENSG00000134508,3,decreasing,3,-0.0076200880584309,0.9553418012614796
ENSG00000134532,3,decreasing,3,-0.004849119046762233,0.9553418012614796
ENSG00000134815,3,decreasing,3,-0.004792978678670133,0.9553418012614796
ENSG00000134830,3,increasing,2,0.0810172611650621,0.9553418012614796
ENSG00000134884,3,decreasing,3,-0.0040365558301617335,0.9553418012614796
ENSG00000135094,3,decreasing,3,-0.0072068686910283335,0.9553418012614796
ENSG00000135218,3,decreasing,3,-0.007347258142172267,0.9553418012614796
ENSG00000135749,3,decreasing,3,-0.0230626472222238,0.9553418012614796
ENSG00000135823,3,decreasing,2,-0.0008788423095359667,0.9553418012614796
ENSG00000135999,3,increasing,2,-0.0032252445355518988,0.9553418012614796
ENSG00000136040,3,decreasing,2,-0.0016374821887217665,0.9553418012614796
ENSG00000136068,3,decreasing,3,-0.006196222322888867,0.9553418012614796
ENSG00000136146,3,decreasing,3,-0.027091051548088302,0.9553418012614796
ENSG00000136271,3,increasing,2,0.0061183109167298995,0.9553418012614796
ENSG00000136682,3,decreasing,3,-0.005089085014123266,0.9553418012614796
ENSG00000136807,3,increasing,2,0.0003240997931670669,0.9553418012614796
ENSG00000136878,3,decreasing,3,-0.019783816587586534,0.9553418012614796
ENSG00000136942,3,decreasing,2,0.0260498026355336,0.9553418012614796
ENSG00000137312,3,decreasing,3,-0.011790257020730601,0.9553418012614796
ENSG00000138107,3,decreasing,3,-0.02611858661486083,0.9553418012614796
ENSG00000138138,3,increasing,2,0.0101059391012943,0.9553418012614796
ENSG00000138606,3,decreasing,3,-0.0036150718466610335,0.9553418012614796
ENSG00000139190,3,decreasing,2,-8.176762203620028e-05,0.9553418012614796
ENSG00000139684,3,decreasing,3,-0.0058601490159057995,0.9553418012614796
ENSG00000139718,3,decreasing,3,-0.0098315754604511,0.9553418012614796
ENSG00000140379,3,increasing,3,0.0098721600209967,0.9553418012614796
ENSG00000140391,3,decreasing,2,-0.0036606685541713,0.9553418012614796
ENSG00000140497,3,decreasing,2,0.007089090162091301,0.9553418012614796
ENSG00000140526,3,increasing,2,0.0057203482129979345,0.9553418012614796
ENSG00000140650,3,decreasing,2,-0.0009170821868716665,0.9553418012614796
ENSG00000141002,3,increasing,2,0.002708190279543133,0.9553418012614796
ENSG00000141127,3,decreasing,2,0.001622659509688467,0.9553418012614796
ENSG00000142168,3,decreasing,3,-0.0101334056836348,0.9553418012614796
ENSG00000142751,3,increasing,2,0.0042892202919956,0.9553418012614796
ENSG00000143256,3,decreasing,2,-0.0010361817116595333,0.9553418012614796
ENSG00000143436,3,decreasing,2,0.05249392561148167,0.9553418012614796
ENSG00000144152,3,decreasing,3,-0.048239364646362796,0.9553418012614796
ENSG00000144554,3,decreasing,3,-0.010868091630252569,0.9553418012614796
ENSG00000144741,3,decreasing,2,-0.014840896612271101,0.9553418012614796
ENSG00000145241,3,decreasing,3,-0.0032402269891204003,0.9553418012614796
ENSG00000145348,3,decreasing,3,-0.0116830538797476,0.9553418012614796
ENSG00000145868,3,increasing,2,-0.014019644470859266,0.9553418012614796
ENSG00000145936,3,decreasing,3,-0.012208271303120966,0.9553418012614796
ENSG00000147679,3,increasing,2,0.0086086284084018,0.9553418012614796
ENSG00000148057,3,decreasing,3,-0.0029911188054471335,0.9553418012614796
ENSG00000148484,3,decreasing,3,-0.0152086266169564,0.9553418012614796
ENSG00000148730,3,increasing,2,0.004444865889576867,0.9553418012614796
ENSG00000148950,3,increasing,2,0.035623988620847064,0.9553418012614796
ENSG00000149483,3,decreasing,3,-0.0101332441439046,0.9553418012614796
ENSG00000151136,3,decreasing,3,-0.0035051498781778333,0.9553418012614796
ENSG00000151287,3,decreasing,2,0.0004497203441503667,0.9553418012614796
ENSG00000151849,3,decreasing,3,-0.006273208457304333,0.9553418012614796
ENSG00000152684,3,decreasing,2,-0.0008365649082183998,0.9553418012614796
ENSG00000152795,3,decreasing,2,-0.001661138535507,0.9553418012614796
ENSG00000153187,3,increasing,2,0.0077358235030663336,0.9553418012614796
ENSG00000154359,3,decreasing,3,-0.033914512241641534,0.9553418012614796
ENSG00000154473,3,increasing,2,-0.0018861502714114997,0.9553418012614796
ENSG00000155229,3,decreasing,3,-0.005546443813212833,0.9553418012614796
ENSG00000155275,3,decreasing,2,0.031681695521452065,0.9553418012614796
ENSG00000156482,3,decreasing,2,0.0008996561198025664,0.9553418012614796
ENSG00000156976,3,decreasing,3,-0.013635744513508533,0.9553418012614796
ENSG00000158292,3,increasing,2,0.003164179554895267,0.9553418012614796
ENSG00000158411,3,decreasing,3,-0.0038447000543797663,0.9553418012614796
ENSG00000158850,3,decreasing,2,-0.023521644132294864,0.9553418012614796
ENSG00000160049,3,decreasing,3,-0.001488674669032533,0.9553418012614796
ENSG00000160199,3,decreasing,3,-0.0027543037150742004,0.9553418012614796
ENSG00000160633,3,increasing,2,-0.0029704164225737334,0.9553418012614796
ENSG00000160908,3,decreasing,2,0.0005198168910139003,0.9553418012614796
ENSG00000161542,3,decreasing,3,-0.007276707517948667,0.9553418012614796
ENSG00000162408,3,increasing,2,0.0026695306001197666,0.9553418012614796
ENSG00000162413,3,increasing,3,0.017610808508013533,0.9553418012614796
ENSG00000162804,3,decreasing,2,-0.007241901053686766,0.9553418012614796
ENSG00000163191,3,increasing,2,0.0012250850431042997,0.9553418012614796
ENSG00000163453,3,decreasing,3,-0.006385953620959166,0.9553418012614796
ENSG00000163577,3,decreasing,3,-0.021335213119188633,0.9553418012614796
ENSG00000163738,3,increasing,2,0.010106728003250033,0.9553418012614796
ENSG00000163743,3,decreasing,3,-0.0118937186119159,0.9553418012614796
ENSG00000163746,3,decreasing,2,0.0006333406721741669,0.9553418012614796
ENSG00000163755,3,decreasing,2,-0.0078114602739476,0.9553418012614796
ENSG00000163823,3,decreasing,3,-0.0157130209565346,0.9553418012614796
ENSG00000163938,3,decreasing,3,-0.0547276174338252,0.9553418012614796
ENSG00000163945,3,decreasing,3,-0.027834703287616266,0.9553418012614796
ENSG00000164187,3,increasing,2,-0.0223286305087329,0.9553418012614796
ENSG00000164292,3,decreasing,2,0.004667800619952366,0.9553418012614796
ENSG00000164307,3,decreasing,2,-0.0010255327094761666,0.9553418012614796
ENSG00000164576,3,increasing,2,-0.007205293141404365,0.9553418012614796
ENSG00000164626,3,decreasing,3,-0.003867474350051667,0.9553418012614796
ENSG00000164659,3,decreasing,3,-0.006978756150808334,0.9553418012614796
ENSG00000164713,3,decreasing,3,-0.006724744290760899,0.9553418012614796
ENSG00000164715,3,increasing,2,0.003269847309935133,0.9553418012614796
ENSG00000164902,3,decreasing,2,-0.0021197069101990336,0.9553418012614796
ENSG00000164944,3,decreasing,2,0.0018694256176002334,0.9553418012614796
ENSG00000165105,3,increasing,2,0.015926634546387566,0.9553418012614796
ENSG00000165434,3,decreasing,3,-0.0112697820547657,0.9553418012614796
ENSG00000165591,3,decreasing,3,-0.0044430855359207,0.9553418012614796
ENSG00000165646,3,decreasing,3,-0.014098481364958832,0.9553418012614796
ENSG00000165650,3,decreasing,3,-0.050815689072705866,0.9553418012614796
ENSG00000165752,3,decreasing,3,-0.0019282947324339667,0.9553418012614796
ENSG00000165879,3,decreasing,2,0.0052819967987771,0.9553418012614796
ENSG00000165934,3,decreasing,2,0.019261591884051903,0.9553418012614796
ENSG00000166130,3,decreasing,3,-0.004236683991593467,0.9553418012614796
ENSG00000166197,3,decreasing,3,-0.009870531942545334,0.9553418012614796
ENSG00000166595,3,decreasing,3,-0.007872155115100733,0.9553418012614796
ENSG00000166926,3,decreasing,2,-0.0012858550852713,0.9553418012614796
ENSG00000167005,3,decreasing,3,-0.018204336582504768,0.9553418012614796
ENSG00000167094,3,decreasing,3,-0.016827966903899868,0.9553418012614796
ENSG00000167232,3,decreasing,2,-0.019296137886956367,0.9553418012614796
ENSG00000167261,3,decreasing,2,0.0266961921098645,0.9553418012614796
ENSG00000167325,3,increasing,3,0.10132960473311348,0.9553418012614796
ENSG00000167470,3,decreasing,3,-0.004950181755602367,0.9553418012614796
ENSG00000167604,3,decreasing,2,-0.023419387064122,0.9553418012614796
ENSG00000167693,3,decreasing,2,0.0024944601048287334,0.9553418012614796
ENSG00000168395,3,decreasing,2,-0.002598131837497133,0.9553418012614796
ENSG00000168734,3,decreasing,2,-0.008790634989298234,0.9553418012614796
ENSG00000168924,3,decreasing,3,-0.012360576205591266,0.9553418012614796
ENSG00000169116,3,decreasing,2,0.003841884206754367,0.9553418012614796
ENSG00000169188,3,decreasing,3,-0.000979781677714,0.9553418012614796
ENSG00000170035,3,decreasing,3,-0.0010294858082199334,0.9553418012614796
ENSG00000170270,3,decreasing,3,-0.0101711386075469,0.9553418012614796
ENSG00000170445,3,decreasing,2,0.0004436437568302,0.9553418012614796
ENSG00000171044,3,decreasing,3,-0.0061694944771137,0.9553418012614796
ENSG00000171100,3,decreasing,2,-0.0008718388825878667,0.9553418012614796
ENSG00000171222,3,increasing,2,0.0037731215517932334,0.9553418012614796
ENSG00000171456,3,decreasing,3,-0.0053179640152394006,0.9553418012614796
ENSG00000171476,3,increasing,2,0.001557687127000467,0.9553418012614796
ENSG00000172264,3,decreasing,3,-0.008365436241387234,0.9553418012614796
ENSG00000172650,3,decreasing,3,-0.017390994595559334,0.9553418012614796
ENSG00000172771,3,decreasing,3,-0.014939158395881868,0.9553418012614796
ENSG00000173020,3,decreasing,3,-0.0048803094469771335,0.9553418012614796
ENSG00000173442,3,decreasing,3,-0.007263970733755999,0.9553418012614796
ENSG00000173706,3,decreasing,3,-0.019668369880067767,0.9553418012614796
ENSG00000173875,3,decreasing,2,-0.009148675197374832,0.9553418012614796
ENSG00000174032,3,decreasing,3,-0.0017582277489216,0.9553418012614796
ENSG00000174428,3,decreasing,3,-0.0043360926990568,0.9553418012614796
ENSG00000175048,3,decreasing,3,-0.007811176131068934,0.9553418012614796
ENSG00000175390,3,decreasing,2,0.001533593530874633,0.9553418012614796
ENSG00000175606,3,decreasing,3,-0.009601183334678865,0.9553418012614796
ENSG00000176386,3,decreasing,3,-0.0250851047823993,0.9553418012614796
ENSG00000176533,3,decreasing,3,-0.007552372356002601,0.9553418012614796
ENSG00000176853,3,decreasing,3,-0.008572710446742134,0.9553418012614796
ENSG00000176915,3,increasing,3,0.014931817863025802,0.9553418012614796
ENSG00000177570,3,decreasing,2,0.0005941184078705001,0.9553418012614796
ENSG00000178053,3,decreasing,3,-0.005355071949503333,0.9553418012614796
ENSG00000178802,3,decreasing,3,-0.020959449986127532,0.9553418012614796
ENSG00000179152,3,decreasing,2,0.003092003634704133,0.9553418012614796
ENSG00000180008,3,decreasing,2,0.0064611754122409675,0.9553418012614796
ENSG00000180817,3,decreasing,3,-0.0036956082003724,0.9553418012614796
ENSG00000181631,3,decreasing,3,-0.0025485294215152666,0.9553418012614796
ENSG00000181789,3,increasing,2,0.012200059349949268,0.9553418012614796
ENSG00000182010,3,decreasing,3,-0.006708909135524,0.9553418012614796
ENSG00000182185,3,decreasing,3,-0.0024688857085076996,0.9553418012614796
ENSG00000183508,3,decreasing,3,-0.03430410666973633,0.9553418012614796
ENSG00000183624,3,decreasing,3,-0.011412365324766935,0.9553418012614796
ENSG00000183696,3,decreasing,2,0.0001999261004491,0.9553418012614796
ENSG00000184009,3,decreasing,2,-0.0099721394303277,0.9553418012614796
ENSG00000184209,3,decreasing,3,-0.025781315606704134,0.9553418012614796
ENSG00000184545,3,decreasing,3,-0.10486904473903003,0.9553418012614796
ENSG00000184613,3,decreasing,3,-0.005204858227463567,0.9553418012614796
ENSG00000185049,3,decreasing,2,-0.0016274884458228334,0.9553418012614796
ENSG00000185278,3,increasing,2,0.008166486635289768,0.9553418012614796
ENSG00000185432,3,decreasing,3,-0.002379276308177367,0.9553418012614796
ENSG00000185442,3,decreasing,3,-0.0065229424768070005,0.9553418012614796
ENSG00000185477,3,decreasing,2,0.0013259711469540004,0.9553418012614796
ENSG00000185973,3,decreasing,3,-0.0031206406085853666,0.9553418012614796
ENSG00000186104,3,decreasing,2,-0.015096203211393133,0.9553418012614796
ENSG00000186350,3,increasing,3,0.03317083294277013,0.9553418012614796
ENSG00000187775,3,decreasing,2,0.06093611861847864,0.9553418012614796
ENSG00000188321,3,decreasing,3,-0.014926496568954733,0.9553418012614796
ENSG00000188739,3,increasing,2,0.0070201383632493,0.9553418012614796
ENSG00000188997,3,decreasing,3,-0.011148614897682665,0.9553418012614796
ENSG00000196961,3,increasing,2,0.0013631584950347666,0.9553418012614796
ENSG00000197043,3,decreasing,3,-0.0027873032375260996,0.9553418012614796
ENSG00000197111,3,increasing,2,-0.00043115289383646667,0.9553418012614796
ENSG00000197124,3,decreasing,3,-0.0059667092043468,0.9553418012614796
ENSG00000197429,3,decreasing,3,-0.0038776173622034667,0.9553418012614796
ENSG00000197457,3,decreasing,3,-0.0063672855732172665,0.9553418012614796
ENSG00000197748,3,decreasing,3,-0.0011765320752051,0.9553418012614796
ENSG00000197857,3,decreasing,3,-0.0244132805585817,0.9553418012614796
ENSG00000197863,3,decreasing,3,-0.09669203271174609,0.9553418012614796
ENSG00000198160,3,decreasing,2,-0.0038497619118114334,0.9553418012614796
ENSG00000198231,3,decreasing,2,0.0007133554844296,0.9553418012614796
ENSG00000198242,3,decreasing,3,-0.0058382138540809675,0.9553418012614796
ENSG00000198408,3,decreasing,3,-0.019849775081523403,0.9553418012614796
ENSG00000198586,3,increasing,2,-0.0009401722913482668,0.9553418012614796
ENSG00000198774,3,decreasing,3,-0.0068611520946885,0.9553418012614796
ENSG00000198863,3,decreasing,2,0.00023558212905910002,0.9553418012614796
ENSG00000204516,3,decreasing,3,-0.003350858526284467,0.9553418012614796
ENSG00000213523,3,decreasing,3,-0.006759990971242801,0.9553418012614796
ENSG00000213626,3,decreasing,3,-0.026869865584597964,0.9553418012614796
ENSG00000213965,3,decreasing,2,-0.0003296711356932,0.9553418012614796
ENSG00000215193,3,decreasing,3,-0.005076884991986667,0.9553418012614796
ENSG00000226979,3,decreasing,3,-0.0098646985956559,0.9553418012614796
ENSG00000239713,3,increasing,2,0.004849369308801233,0.9553418012614796
ENSG00000239900,3,increasing,2,0.016918854591203767,0.9553418012614796
ENSG00000259066,3,increasing,3,0.017611426120203066,0.9553418012614796
ENSG00000259305,3,decreasing,2,-0.006951973106893133,0.9553418012614796
ENSG00000261832,3,decreasing,3,-0.020092872153030267,0.9553418012614796
ENSG00000265354,3,increasing,2,0.0051599669145228995,0.9553418012614796
ENSG00000268790,3,decreasing,3,-0.022944692213824534,0.9553418012614796
ENSG00000269242,3,decreasing,3,-0.016321156170391166,0.9553418012614796
ENSG00000269743,3,decreasing,3,-0.003479230364847033,0.9553418012614796
ENSG00000273331,3,decreasing,2,0.036955140755107335,0.9553418012614796
ENSG00000275895,3,increasing,2,0.001881505063375433,0.9553418012614796
ENSG00000278540,3,decreasing,3,-0.0157563355906228,0.9553418012614796
ENSG00000280433,3,decreasing,3,-0.015433960237408567,0.9553418012614796
ENSG00000284989,3,increasing,3,0.009575037560627532,0.9553418012614796
ENSG00000285188,3,decreasing,3,-0.0026578689002153,0.9553418012614796
ENSG00000285978,3,decreasing,3,-0.020582586745686835,0.9553418012614796
ENSG00000100109,3,decreasing,3,-0.0011330782914562665,0.948683298050514
ENSG00000100890,3,decreasing,3,-0.013805246481640101,0.948683298050514
ENSG00000105290,3,decreasing,3,-0.03018327132130377,0.948683298050514
ENSG00000131732,3,decreasing,3,-0.0029903018283921334,0.948683298050514
ENSG00000148308,3,decreasing,3,-0.0135421474854332,0.948683298050514
ENSG00000163879,3,decreasing,3,-0.008715522067278632,0.948683298050514
ENSG00000186468,3,decreasing,3,-0.008833492403023334,0.948683298050514
ENSG00000025434,3,decreasing,3,-0.0148533977710183,0.9382362339449842
ENSG00000078070,3,decreasing,3,-0.036444050651717096,0.9382362339449842
ENSG00000089041,3,decreasing,2,0.030041169417084998,0.9382362339449842
ENSG00000089157,3,decreasing,3,-0.0056414423510578,0.9382362339449842
ENSG00000091483,3,decreasing,2,-0.0019654459986408667,0.9382362339449842
ENSG00000100364,3,decreasing,2,0.011570135303366069,0.9382362339449842
ENSG00000104131,3,decreasing,3,-0.008810585566813701,0.9382362339449842
ENSG00000106086,3,decreasing,3,-0.0017453536488740333,0.9382362339449842
ENSG00000106105,3,decreasing,3,-0.0116118937539468,0.9382362339449842
ENSG00000112242,3,decreasing,3,-0.01122558530909,0.9382362339449842
ENSG00000114126,3,decreasing,2,0.0004454740837200998,0.9382362339449842
ENSG00000115216,3,decreasing,3,-0.026578996934305196,0.9382362339449842
ENSG00000116750,3,decreasing,3,-0.0019947924690491333,0.9382362339449842
ENSG00000118518,3,decreasing,3,-0.008686969785683634,0.9382362339449842
ENSG00000119431,3,decreasing,2,-0.002583507186078067,0.9382362339449842
ENSG00000121104,3,decreasing,3,-0.0108649280079151,0.9382362339449842
ENSG00000124098,3,decreasing,3,-0.008233798897050832,0.9382362339449842
ENSG00000124193,3,decreasing,2,0.0055234646616074,0.9382362339449842
ENSG00000126247,3,decreasing,2,0.0021665836314049332,0.9382362339449842
ENSG00000127311,3,decreasing,3,-0.003076846756851367,0.9382362339449842
ENSG00000128789,3,decreasing,2,0.006634158261728767,0.9382362339449842
ENSG00000134086,3,increasing,2,0.017289407307914333,0.9382362339449842
ENSG00000134909,3,decreasing,3,-0.081241849788879,0.9382362339449842
ENSG00000136279,3,decreasing,2,0.0004963622791836665,0.9382362339449842
ENSG00000138794,3,increasing,2,0.0037665811162068334,0.9382362339449842
ENSG00000141447,3,increasing,2,0.004578782353699967,0.9382362339449842
ENSG00000152380,3,decreasing,3,-0.0040912777548221665,0.9382362339449842
ENSG00000152413,3,decreasing,3,-0.003461420265741233,0.9382362339449842
ENSG00000153879,3,increasing,2,0.0045769852861689666,0.9382362339449842
ENSG00000153933,3,decreasing,3,-0.0136222737736595,0.9382362339449842
ENSG00000163629,3,decreasing,2,0.002998606183463499,0.9382362339449842
ENSG00000163798,3,decreasing,3,-0.0038178638928338666,0.9382362339449842
ENSG00000167515,3,decreasing,3,-0.008404448766259967,0.9382362339449842
ENSG00000167972,3,decreasing,3,-0.0041460232353564665,0.9382362339449842
ENSG00000172687,3,decreasing,3,-0.003363491821451433,0.9382362339449842
ENSG00000173812,3,decreasing,3,-0.003922756842174333,0.9382362339449842
ENSG00000178585,3,decreasing,3,-0.02505945037201747,0.9382362339449842
ENSG00000179820,3,decreasing,2,-0.0037999152961521667,0.9382362339449842
ENSG00000180104,3,decreasing,2,-0.004289953654191033,0.9382362339449842
ENSG00000180198,3,decreasing,2,0.0018501056476801332,0.9382362339449842
ENSG00000181804,3,decreasing,2,-0.004750500268127767,0.9382362339449842
ENSG00000186020,3,decreasing,3,-0.02368078968792793,0.9382362339449842
ENSG00000188313,3,increasing,2,0.0056652701787506,0.9382362339449842
ENSG00000196090,3,decreasing,3,-0.005211407999217567,0.9382362339449842
ENSG00000196839,3,decreasing,2,-0.0027861280158854667,0.9382362339449842
ENSG00000198053,3,decreasing,3,-0.0353551662300939,0.9382362339449842
ENSG00000198431,3,decreasing,3,-0.010659413127770566,0.9382362339449842
ENSG00000198918,3,decreasing,3,-0.006881926813026734,0.9382362339449842
ENSG00000204576,3,decreasing,3,-0.008733096441374367,0.9382362339449842
ENSG00000205045,3,decreasing,3,-0.006001285496937767,0.9382362339449842
ENSG00000283977,3,decreasing,2,-0.0033805620982590005,0.9382362339449842
ENSG00000079819,3,decreasing,3,-0.0032531471385070336,0.921130666628489
ENSG00000124256,3,decreasing,3,-0.006861269659010033,0.921130666628489
ENSG00000125503,3,decreasing,3,-0.0072191284541806,0.921130666628489
ENSG00000129460,3,decreasing,3,-0.009964643647756333,0.921130666628489
ENSG00000130956,3,decreasing,3,-0.0021390232175298334,0.921130666628489
ENSG00000131759,3,decreasing,2,-0.009946013128550334,0.921130666628489
ENSG00000134987,3,decreasing,2,-0.0069533713190946,0.921130666628489
ENSG00000149257,3,decreasing,3,-0.013705918423757632,0.921130666628489
ENSG00000158122,3,decreasing,3,-0.0040617573026685,0.921130666628489
ENSG00000181396,3,decreasing,3,-0.027452027169234564,0.921130666628489
ENSG00000197818,3,decreasing,3,-0.010911853315480368,0.921130666628489
ENSG00000005700,3,decreasing,3,-0.0070509390762633,0.9106836025229592
ENSG00000008256,3,increasing,2,0.024471812084013302,0.9106836025229592
ENSG00000010704,3,decreasing,2,0.00011191690489843334,0.9106836025229592
ENSG00000033867,3,decreasing,3,-0.0020241224483552333,0.9106836025229592
ENSG00000037474,3,decreasing,3,-0.006551822015857534,0.9106836025229592
ENSG00000056277,3,decreasing,3,-0.006213568386500599,0.9106836025229592
ENSG00000060138,3,decreasing,3,-0.03753759809149136,0.9106836025229592
ENSG00000064763,3,decreasing,3,-0.06181403543046304,0.9106836025229592
ENSG00000066027,3,decreasing,3,-0.0162696984937079,0.9106836025229592
ENSG00000068912,3,decreasing,3,-0.0045061953072578,0.9106836025229592
ENSG00000071127,3,decreasing,3,-0.020422270497510733,0.9106836025229592
ENSG00000073712,3,decreasing,3,-0.005400460042800033,0.9106836025229592
ENSG00000075275,3,decreasing,3,-0.012414465037514933,0.9106836025229592
ENSG00000075856,3,decreasing,2,-0.004577265681662932,0.9106836025229592
ENSG00000076242,3,increasing,3,0.004836089586875334,0.9106836025229592
ENSG00000079459,3,decreasing,2,-0.0021843771624079997,0.9106836025229592
ENSG00000083750,3,decreasing,3,-0.0051246158826535665,0.9106836025229592
ENSG00000092978,3,decreasing,3,-0.0037696838863112334,0.9106836025229592
ENSG00000095261,3,decreasing,3,-0.006622900504496966,0.9106836025229592
ENSG00000100092,3,decreasing,3,-0.0012647683680950667,0.9106836025229592
ENSG00000100320,3,decreasing,2,0.0056468566072884335,0.9106836025229592
ENSG00000100697,3,decreasing,2,-0.0013628752707143669,0.9106836025229592
ENSG00000100888,3,increasing,2,0.0005980227575002666,0.9106836025229592
ENSG00000101161,3,increasing,2,0.012372233502523,0.9106836025229592
ENSG00000101346,3,decreasing,3,-0.011028474047421633,0.9106836025229592
ENSG00000101384,3,decreasing,3,-0.039687598297929096,0.9106836025229592
ENSG00000101871,3,decreasing,3,-0.008841420906983033,0.9106836025229592
ENSG00000103043,3,increasing,2,0.007561385147970066,0.9106836025229592
ENSG00000103126,3,decreasing,2,-0.0020556959777076997,0.9106836025229592
ENSG00000104356,3,decreasing,3,-0.012049454614927966,0.9106836025229592
ENSG00000104626,3,decreasing,3,-0.0013824468047282333,0.9106836025229592
ENSG00000105202,3,decreasing,3,-0.008133918091190467,0.9106836025229592
ENSG00000107731,3,increasing,2,0.017775171910474466,0.9106836025229592
ENSG00000107863,3,decreasing,2,-0.0002066372868170666,0.9106836025229592
ENSG00000109458,3,decreasing,2,0.002971240034310733,0.9106836025229592
ENSG00000111229,3,decreasing,3,-0.0027981944497806333,0.9106836025229592
ENSG00000113140,3,decreasing,3,-0.0023923673690855666,0.9106836025229592
ENSG00000114446,3,decreasing,2,0.0005121835611972331,0.9106836025229592
ENSG00000114573,3,decreasing,3,-0.009593364009021966,0.9106836025229592
ENSG00000114867,3,decreasing,3,-0.0089314998676136,0.9106836025229592
ENSG00000115392,3,decreasing,3,-0.0024692533514947333,0.9106836025229592
ENSG00000115652,3,decreasing,2,-0.04715724811334837,0.9106836025229592
ENSG00000117115,3,decreasing,2,0.0203724424502558,0.9106836025229592
ENSG00000117139,3,decreasing,3,-0.009398733985267867,0.9106836025229592
ENSG00000117602,3,decreasing,3,-0.0028744367104524336,0.9106836025229592
ENSG00000118620,3,increasing,2,7.682482673173321e-05,0.9106836025229592
ENSG00000120645,3,decreasing,3,-0.0028975268395753334,0.9106836025229592
ENSG00000121486,3,decreasing,3,-0.003450704864969167,0.9106836025229592
ENSG00000125384,3,decreasing,3,-0.0035208827479572664,0.9106836025229592
ENSG00000125870,3,decreasing,2,-0.0166040663952669,0.9106836025229592
ENSG00000125885,3,increasing,2,0.03242807497706917,0.9106836025229592
ENSG00000125999,3,decreasing,3,-0.0006786844044239667,0.9106836025229592
ENSG00000126698,3,decreasing,3,-0.003091183621993,0.9106836025229592
ENSG00000128731,3,decreasing,2,0.0054633153613947,0.9106836025229592
ENSG00000131724,3,decreasing,2,-0.0071771997810742005,0.9106836025229592
ENSG00000132024,3,decreasing,2,-0.0024064121885385005,0.9106836025229592
ENSG00000132780,3,decreasing,3,-0.008382923209059466,0.9106836025229592
ENSG00000132824,3,decreasing,3,-0.0033794708147059003,0.9106836025229592
ENSG00000132950,3,decreasing,3,-0.0015416444413581,0.9106836025229592
ENSG00000133612,3,increasing,2,0.0008761258284956667,0.9106836025229592
ENSG00000135074,3,decreasing,3,-0.010198980795723,0.9106836025229592
ENSG00000135709,3,decreasing,2,-0.0035318449639674333,0.9106836025229592
ENSG00000135974,3,decreasing,3,-0.0117192123778264,0.9106836025229592
ENSG00000136052,3,increasing,3,0.038989528533238164,0.9106836025229592
ENSG00000136854,3,increasing,3,0.013774975052891466,0.9106836025229592
ENSG00000136936,3,decreasing,3,-0.0023379560062307334,0.9106836025229592
ENSG00000138050,3,decreasing,3,-0.008037366542870933,0.9106836025229592
ENSG00000138621,3,decreasing,2,0.0808920208747254,0.9106836025229592
ENSG00000139746,3,decreasing,2,0.0051284744987495,0.9106836025229592
ENSG00000140750,3,decreasing,3,-0.0060478926391283995,0.9106836025229592
ENSG00000142494,3,decreasing,3,-0.005425713366036766,0.9106836025229592
ENSG00000143183,3,decreasing,3,-0.0044161246003341335,0.9106836025229592
ENSG00000146540,3,decreasing,2,-0.0035243773475517326,0.9106836025229592
ENSG00000148737,3,decreasing,3,-0.005097204836920733,0.9106836025229592
ENSG00000149294,3,decreasing,3,-0.0041460562879018,0.9106836025229592
ENSG00000151233,3,increasing,2,0.0062462593514735,0.9106836025229592
ENSG00000151914,3,decreasing,2,0.0014381686308578001,0.9106836025229592
ENSG00000152137,3,decreasing,2,0.006799824564438668,0.9106836025229592
ENSG00000156535,3,decreasing,3,-0.010613482352044934,0.9106836025229592
ENSG00000158987,3,increasing,2,-0.0015270448892294333,0.9106836025229592
ENSG00000160072,3,decreasing,2,-0.00021491904703123342,0.9106836025229592
ENSG00000160209,3,increasing,2,0.0001691255691160667,0.9106836025229592
ENSG00000160216,3,decreasing,2,0.0004193847208384998,0.9106836025229592
ENSG00000160299,3,decreasing,2,0.0014797008403992333,0.9106836025229592
ENSG00000164323,3,decreasing,3,-0.004438069205684534,0.9106836025229592
ENSG00000165288,3,decreasing,3,-0.005582532079585233,0.9106836025229592
ENSG00000165775,3,decreasing,3,-0.0033952557257695,0.9106836025229592
ENSG00000166444,3,decreasing,3,-0.013694620079956468,0.9106836025229592
ENSG00000169372,3,increasing,3,0.024769213464901633,0.9106836025229592
ENSG00000170396,3,decreasing,3,-0.0016566266072027668,0.9106836025229592
ENSG00000171169,3,increasing,2,0.0034105810999325334,0.9106836025229592
ENSG00000171208,3,decreasing,2,-0.0026387743903226336,0.9106836025229592
ENSG00000173548,3,decreasing,3,-0.0037200016325204667,0.9106836025229592
ENSG00000174776,3,decreasing,3,-0.013850181201453501,0.9106836025229592
ENSG00000174891,3,decreasing,3,-0.006384363866685667,0.9106836025229592
ENSG00000176601,3,decreasing,3,-0.0011671368886778668,0.9106836025229592
ENSG00000177058,3,decreasing,3,-0.008946801424792566,0.9106836025229592
ENSG00000179361,3,decreasing,2,-0.0003281249478321666,0.9106836025229592
ENSG00000181896,3,decreasing,2,-0.05483248181330316,0.9106836025229592
ENSG00000182095,3,decreasing,2,-0.009997533783666067,0.9106836025229592
ENSG00000182118,3,decreasing,3,-0.005461189225695068,0.9106836025229592
ENSG00000184677,3,increasing,2,0.021094503005914835,0.9106836025229592
ENSG00000185010,3,decreasing,3,-0.0025836603463306,0.9106836025229592
ENSG00000185798,3,decreasing,2,-0.021793578050227067,0.9106836025229592
ENSG00000185862,3,decreasing,2,-0.0037042410201579665,0.9106836025229592
ENSG00000188707,3,decreasing,3,-0.0021489539104113,0.9106836025229592
ENSG00000213079,3,decreasing,2,-0.00036841579749449983,0.9106836025229592
ENSG00000213214,3,decreasing,3,-0.0026943115300292336,0.9106836025229592
ENSG00000214013,3,decreasing,2,0.018119969180374697,0.9106836025229592
ENSG00000249884,3,decreasing,3,-0.006211619234407867,0.9106836025229592
ENSG00000256825,3,decreasing,2,0.001532207277676799,0.9106836025229592
ENSG00000275342,3,decreasing,2,-0.0453509546372057,0.9106836025229592
ENSG00000283563,3,decreasing,2,-0.0032134491613146333,0.9106836025229592
ENSG00000049759,3,decreasing,3,-0.006979515675837766,0.8935780352064638
ENSG00000103479,3,decreasing,3,-0.01609402195562173,0.8935780352064638
ENSG00000114209,3,decreasing,3,-0.017943807174600864,0.8935780352064638
ENSG00000136527,3,decreasing,3,-0.008166752070555667,0.8935780352064638
ENSG00000066651,3,decreasing,3,-0.0377400184099123,0.8660254037844387
ENSG00000115109,3,increasing,2,0.005671836163407999,0.8660254037844387
ENSG00000135966,3,decreasing,3,-0.013026474462756668,0.8660254037844387
ENSG00000147316,3,decreasing,3,-0.003636436255850167,0.8660254037844387
ENSG00000163041,3,decreasing,3,-0.0016679711242187,0.8660254037844387
ENSG00000168118,3,decreasing,3,-0.0019123597966725669,0.8660254037844387
ENSG00000169860,3,decreasing,3,-0.010196656584351434,0.8660254037844387
ENSG00000196549,3,decreasing,3,-0.0028705468878755334,0.8660254037844387
ENSG00000278053,3,decreasing,3,-0.0035361368758373003,0.8660254037844387
ENSG00000285382,3,decreasing,3,-0.004951354194643934,0.8660254037844387
