gene_id	celltype	stage	pas_id	rank	chrom	start	end	strand	n_cells	n_cells_expr	reads
ENSG00000188641	CELL_TYPES_WANSLEEBEN_HOGAN_2013_ACTIVATED_CD8T	Normal	12766	1	1	97792345	97792757	-	392	1	4.5
ENSG00000188641	CELL_TYPES_WANSLEEBEN_HOGAN_2013_ACTIVATED_CD8T	Normal	12800	1	1	97907849	97908610	-	392	31	93.3
ENSG00000188641	CELL_TYPES_WANSLEEBEN_HOGAN_2013_ACTIVATED_CD8T	Normal	12767	1	1	97797542	97797834	-	392	2	11.4
ENSG00000188641	CELL_TYPES_WANSLEEBEN_HOGAN_2013_ACTIVATED_CD8T	Met	12596	1	1	97187222	97188304	-	662	0	0.0
ENSG00000188641	CELL_TYPES_WANSLEEBEN_HOGAN_2013_ACTIVATED_CD8T	Normal	12781	1	1	97849598	97849893	-	392	3	16.9
ENSG00000188641	CELL_TYPES_WANSLEEBEN_HOGAN_2013_ACTIVATED_CD8T	Normal	12768	1	1	97800255	97801101	-	392	2	12.2
ENSG00000188641	CELL_TYPES_WANSLEEBEN_HOGAN_2013_ACTIVATED_CD8T	Met	12617	1	1	97264168	97264734	-	662	0	0.0
ENSG00000188641	CELL_TYPES_WANSLEEBEN_HOGAN_2013_ACTIVATED_CD8T	Normal	12783	1	1	97854352	97854586	-	392	1	5.7
ENSG00000188641	CELL_TYPES_WANSLEEBEN_HOGAN_2013_ACTIVATED_CD8T	Met	12632	1	1	97314551	97314906	-	662	0	0.0
ENSG00000188641	CELL_TYPES_WANSLEEBEN_HOGAN_2013_ACTIVATED_CD8T	Normal	12571	1	1	97097421	97097688	-	392	9	28.9
ENSG00000188641	CELL_TYPES_WANSLEEBEN_HOGAN_2013_ACTIVATED_CD8T	Met	12635	1	1	97333155	97333948	-	662	1	6.6
ENSG00000188641	CELL_TYPES_WANSLEEBEN_HOGAN_2013_ACTIVATED_CD8T	Normal	12788	1	1	97873090	97873232	-	392	2	11.3
ENSG00000188641	CELL_TYPES_WANSLEEBEN_HOGAN_2013_ACTIVATED_CD8T	Met	12638	1	1	97346100	97346845	-	662	0	0.0
ENSG00000188641	CELL_TYPES_WANSLEEBEN_HOGAN_2013_ACTIVATED_CD8T	Met	12654	1	1	97390771	97391562	-	662	0	0.0
ENSG00000188641	CELL_TYPES_WANSLEEBEN_HOGAN_2013_ACTIVATED_CD8T	Normal	12578	1	1	97130731	97131216	-	392	0	0.0
ENSG00000188641	CELL_TYPES_WANSLEEBEN_HOGAN_2013_ACTIVATED_CD8T	Normal	12591	1	1	97180194	97180488	-	392	5	30.0
ENSG00000188641	CELL_TYPES_WANSLEEBEN_HOGAN_2013_ACTIVATED_CD8T	Met	12655	1	1	97392446	97392881	-	662	0	0.0
ENSG00000188641	CELL_TYPES_WANSLEEBEN_HOGAN_2013_ACTIVATED_CD8T	Normal	12579	1	1	97133097	97133761	-	392	0	0.0
ENSG00000188641	CELL_TYPES_WANSLEEBEN_HOGAN_2013_ACTIVATED_CD8T	Met	12670	1	1	97429534	97429824	-	662	0	0.0
ENSG00000188641	CELL_TYPES_WANSLEEBEN_HOGAN_2013_ACTIVATED_CD8T	Met	12672	1	1	97432354	97432942	-	662	0	0.0
ENSG00000188641	CELL_TYPES_WANSLEEBEN_HOGAN_2013_ACTIVATED_CD8T	Met	12659	1	1	97400568	97402062	-	662	0	0.0
ENSG00000188641	CELL_TYPES_WANSLEEBEN_HOGAN_2013_ACTIVATED_CD8T	Normal	12596	1	1	97187222	97188304	-	392	1	5.5
ENSG00000188641	CELL_TYPES_WANSLEEBEN_HOGAN_2013_ACTIVATED_CD8T	Normal	12617	1	1	97264168	97264734	-	392	3	16.4
ENSG00000188641	CELL_TYPES_WANSLEEBEN_HOGAN_2013_ACTIVATED_CD8T	Normal	12632	1	1	97314551	97314906	-	392	29	94.2
ENSG00000188641	CELL_TYPES_WANSLEEBEN_HOGAN_2013_ACTIVATED_CD8T	Met	12710	1	1	97557226	97557683	-	662	5	34.2
ENSG00000188641	CELL_TYPES_WANSLEEBEN_HOGAN_2013_ACTIVATED_CD8T	Met	12690	1	1	97484548	97485981	-	662	0	0.0
ENSG00000188641	CELL_TYPES_WANSLEEBEN_HOGAN_2013_ACTIVATED_CD8T	Met	12677	1	1	97440492	97441735	-	662	0	0.0
ENSG00000188641	CELL_TYPES_WANSLEEBEN_HOGAN_2013_ACTIVATED_CD8T	Met	12711	1	1	97559609	97560022	-	662	0	0.0
ENSG00000188641	CELL_TYPES_WANSLEEBEN_HOGAN_2013_ACTIVATED_CD8T	Normal	12635	1	1	97333155	97333948	-	392	0	0.0
ENSG00000188641	CELL_TYPES_WANSLEEBEN_HOGAN_2013_ACTIVATED_CD8T	Met	12692	1	1	97502158	97502737	-	662	0	0.0
ENSG00000188641	CELL_TYPES_WANSLEEBEN_HOGAN_2013_ACTIVATED_CD8T	Met	12694	1	1	97524770	97525078	-	662	0	0.0
ENSG00000188641	CELL_TYPES_WANSLEEBEN_HOGAN_2013_ACTIVATED_CD8T	Normal	12638	1	1	97346100	97346845	-	392	12	32.4
ENSG00000188641	CELL_TYPES_WANSLEEBEN_HOGAN_2013_ACTIVATED_CD8T	Met	12730	1	1	97645490	97645872	-	662	3	19.0
ENSG00000188641	CELL_TYPES_WANSLEEBEN_HOGAN_2013_ACTIVATED_CD8T	Normal	12654	1	1	97390771	97391562	-	392	3	20.5
ENSG00000188641	CELL_TYPES_WANSLEEBEN_HOGAN_2013_ACTIVATED_CD8T	Met	12731	1	1	97646370	97647021	-	662	0	0.0
ENSG00000188641	CELL_TYPES_WANSLEEBEN_HOGAN_2013_ACTIVATED_CD8T	Normal	12655	1	1	97392446	97392881	-	392	7	33.2
ENSG00000188641	CELL_TYPES_WANSLEEBEN_HOGAN_2013_ACTIVATED_CD8T	Normal	12670	1	1	97429534	97429824	-	392	0	0.0
ENSG00000188641	CELL_TYPES_WANSLEEBEN_HOGAN_2013_ACTIVATED_CD8T	Met	12735	1	1	97665486	97666723	-	662	0	0.0
ENSG00000188641	CELL_TYPES_WANSLEEBEN_HOGAN_2013_ACTIVATED_CD8T	Normal	12672	1	1	97432354	97432942	-	392	7	42.0
ENSG00000188641	CELL_TYPES_WANSLEEBEN_HOGAN_2013_ACTIVATED_CD8T	Normal	12659	1	1	97400568	97402062	-	392	3	18.5
ENSG00000188641	CELL_TYPES_WANSLEEBEN_HOGAN_2013_ACTIVATED_CD8T	Met	12736	1	1	97671696	97672517	-	662	7	47.6
ENSG00000188641	CELL_TYPES_WANSLEEBEN_HOGAN_2013_ACTIVATED_CD8T	Met	12750	1	1	97714361	97714639	-	662	0	0.0
ENSG00000188641	CELL_TYPES_WANSLEEBEN_HOGAN_2013_ACTIVATED_CD8T	Met	12753	1	1	97717950	97718705	-	662	0	0.0
ENSG00000188641	CELL_TYPES_WANSLEEBEN_HOGAN_2013_ACTIVATED_CD8T	Normal	12710	1	1	97557226	97557683	-	392	81	267.8
ENSG00000188641	CELL_TYPES_WANSLEEBEN_HOGAN_2013_ACTIVATED_CD8T	Normal	12690	1	1	97484548	97485981	-	392	14	67.4
ENSG00000188641	CELL_TYPES_WANSLEEBEN_HOGAN_2013_ACTIVATED_CD8T	Normal	12677	1	1	97440492	97441735	-	392	87	341.9
ENSG00000188641	CELL_TYPES_WANSLEEBEN_HOGAN_2013_ACTIVATED_CD8T	Normal	12711	1	1	97559609	97560022	-	392	1	4.1
ENSG00000188641	CELL_TYPES_WANSLEEBEN_HOGAN_2013_ACTIVATED_CD8T	Met	12755	1	1	97719620	97720226	-	662	0	0.0
ENSG00000188641	CELL_TYPES_WANSLEEBEN_HOGAN_2013_ACTIVATED_CD8T	Normal	12692	1	1	97502158	97502737	-	392	2	6.1
ENSG00000188641	CELL_TYPES_WANSLEEBEN_HOGAN_2013_ACTIVATED_CD8T	Met	12756	1	1	97730849	97732054	-	662	0	0.0
ENSG00000188641	CELL_TYPES_WANSLEEBEN_HOGAN_2013_ACTIVATED_CD8T	Normal	12694	1	1	97524770	97525078	-	392	12	57.2
ENSG00000092820	CELL_TYPES_WANSLEEBEN_HOGAN_2013_ACTIVATED_CD8T	Normal	249395	1	6	158783099	158784177	-	392	2	14.9
ENSG00000188641	CELL_TYPES_WANSLEEBEN_HOGAN_2013_ACTIVATED_CD8T	Met	12771	1	1	97808427	97809206	-	662	0	0.0
ENSG00000188641	CELL_TYPES_WANSLEEBEN_HOGAN_2013_ACTIVATED_CD8T	Met	12758	1	1	97738789	97739235	-	662	0	0.0
ENSG00000188641	CELL_TYPES_WANSLEEBEN_HOGAN_2013_ACTIVATED_CD8T	Normal	12730	1	1	97645490	97645872	-	392	1	5.2
ENSG00000188641	CELL_TYPES_WANSLEEBEN_HOGAN_2013_ACTIVATED_CD8T	Normal	12731	1	1	97646370	97647021	-	392	2	13.6
ENSG00000092820	CELL_TYPES_WANSLEEBEN_HOGAN_2013_ACTIVATED_CD8T	Normal	249399	1	6	158786699	158787570	-	392	0	0.0
ENSG00000188641	CELL_TYPES_WANSLEEBEN_HOGAN_2013_ACTIVATED_CD8T	Met	12776	1	1	97823152	97824427	-	662	0	0.0
ENSG00000092820	CELL_TYPES_WANSLEEBEN_HOGAN_2013_ACTIVATED_CD8T	Met	249395	1	6	158783099	158784177	-	662	0	0.0
ENSG00000188641	CELL_TYPES_WANSLEEBEN_HOGAN_2013_ACTIVATED_CD8T	Met	12778	1	1	97826430	97828108	-	662	60	180.4
ENSG00000188641	CELL_TYPES_WANSLEEBEN_HOGAN_2013_ACTIVATED_CD8T	Normal	12735	1	1	97665486	97666723	-	392	20	104.9
ENSG00000188641	CELL_TYPES_WANSLEEBEN_HOGAN_2013_ACTIVATED_CD8T	Met	12779	1	1	97829840	97830188	-	662	0	0.0
ENSG00000188641	CELL_TYPES_WANSLEEBEN_HOGAN_2013_ACTIVATED_CD8T	Normal	12736	1	1	97671696	97672517	-	392	41	92.6
ENSG00000188641	CELL_TYPES_WANSLEEBEN_HOGAN_2013_ACTIVATED_CD8T	Met	12793	1	1	97882244	97882795	-	662	5	37.5
ENSG00000188641	CELL_TYPES_WANSLEEBEN_HOGAN_2013_ACTIVATED_CD8T	Normal	12750	1	1	97714361	97714639	-	392	1	5.5
ENSG00000188641	CELL_TYPES_WANSLEEBEN_HOGAN_2013_ACTIVATED_CD8T	Met	12566	1	1	97086207	97086745	-	662	0	0.0
ENSG00000092820	CELL_TYPES_WANSLEEBEN_HOGAN_2013_ACTIVATED_CD8T	Met	249399	1	6	158786699	158787570	-	662	0	0.0
ENSG00000188641	CELL_TYPES_WANSLEEBEN_HOGAN_2013_ACTIVATED_CD8T	Met	12568	1	1	97089647	97090524	-	662	0	0.0
ENSG00000188641	CELL_TYPES_WANSLEEBEN_HOGAN_2013_ACTIVATED_CD8T	Normal	12753	1	1	97717950	97718705	-	392	13	46.1
ENSG00000188641	CELL_TYPES_WANSLEEBEN_HOGAN_2013_ACTIVATED_CD8T	Met	12602	1	1	97202005	97202302	-	662	0	0.0
ENSG00000188641	CELL_TYPES_WANSLEEBEN_HOGAN_2013_ACTIVATED_CD8T	Normal	12755	1	1	97719620	97720226	-	392	77	261.8
ENSG00000188641	CELL_TYPES_WANSLEEBEN_HOGAN_2013_ACTIVATED_CD8T	Met	12799	1	1	97899199	97899765	-	662	0	0.0
ENSG00000188641	CELL_TYPES_WANSLEEBEN_HOGAN_2013_ACTIVATED_CD8T	Normal	12756	1	1	97730849	97732054	-	392	11	55.2
ENSG00000188641	CELL_TYPES_WANSLEEBEN_HOGAN_2013_ACTIVATED_CD8T	Met	12585	1	1	97164963	97165320	-	662	0	0.0
ENSG00000188641	CELL_TYPES_WANSLEEBEN_HOGAN_2013_ACTIVATED_CD8T	Met	12605	1	1	97224607	97225130	-	662	0	0.0
ENSG00000188641	CELL_TYPES_WANSLEEBEN_HOGAN_2013_ACTIVATED_CD8T	Met	12606	1	1	97225581	97226111	-	662	10	53.7
ENSG00000188641	CELL_TYPES_WANSLEEBEN_HOGAN_2013_ACTIVATED_CD8T	Normal	12771	1	1	97808427	97809206	-	392	9	41.9
ENSG00000188641	CELL_TYPES_WANSLEEBEN_HOGAN_2013_ACTIVATED_CD8T	Normal	12758	1	1	97738789	97739235	-	392	18	78.7
ENSG00000188641	CELL_TYPES_WANSLEEBEN_HOGAN_2013_ACTIVATED_CD8T	Met	12588	1	1	97170740	97171197	-	662	24	129.5
ENSG00000188641	CELL_TYPES_WANSLEEBEN_HOGAN_2013_ACTIVATED_CD8T	Normal	12776	1	1	97823152	97824427	-	392	8	36.5
ENSG00000188641	CELL_TYPES_WANSLEEBEN_HOGAN_2013_ACTIVATED_CD8T	Met	12626	1	1	97285704	97286117	-	662	0	0.0
ENSG00000188641	CELL_TYPES_WANSLEEBEN_HOGAN_2013_ACTIVATED_CD8T	Normal	12778	1	1	97826430	97828108	-	392	0	0.0
ENSG00000188641	CELL_TYPES_WANSLEEBEN_HOGAN_2013_ACTIVATED_CD8T	Met	12627	1	1	97286483	97287361	-	662	3	20.2
ENSG00000188641	CELL_TYPES_WANSLEEBEN_HOGAN_2013_ACTIVATED_CD8T	Normal	12779	1	1	97829840	97830188	-	392	1	5.1
ENSG00000188641	CELL_TYPES_WANSLEEBEN_HOGAN_2013_ACTIVATED_CD8T	Normal	12793	1	1	97882244	97882795	-	392	7	34.3
ENSG00000188641	CELL_TYPES_WANSLEEBEN_HOGAN_2013_ACTIVATED_CD8T	Normal	12566	1	1	97086207	97086745	-	392	0	0.0
ENSG00000188641	CELL_TYPES_WANSLEEBEN_HOGAN_2013_ACTIVATED_CD8T	Met	12643	1	1	97356328	97356878	-	662	10	57.6
ENSG00000188641	CELL_TYPES_WANSLEEBEN_HOGAN_2013_ACTIVATED_CD8T	Normal	12568	1	1	97089647	97090524	-	392	6	11.0
ENSG00000188641	CELL_TYPES_WANSLEEBEN_HOGAN_2013_ACTIVATED_CD8T	Normal	12602	1	1	97202005	97202302	-	392	2	8.5
ENSG00000188641	CELL_TYPES_WANSLEEBEN_HOGAN_2013_ACTIVATED_CD8T	Normal	12799	1	1	97899199	97899765	-	392	1	5.7
ENSG00000188641	CELL_TYPES_WANSLEEBEN_HOGAN_2013_ACTIVATED_CD8T	Normal	12585	1	1	97164963	97165320	-	392	1	4.5
ENSG00000188641	CELL_TYPES_WANSLEEBEN_HOGAN_2013_ACTIVATED_CD8T	Normal	12605	1	1	97224607	97225130	-	392	5	18.2
ENSG00000188641	CELL_TYPES_WANSLEEBEN_HOGAN_2013_ACTIVATED_CD8T	Met	12649	1	1	97381174	97381542	-	662	0	0.0
ENSG00000188641	CELL_TYPES_WANSLEEBEN_HOGAN_2013_ACTIVATED_CD8T	Normal	12606	1	1	97225581	97226111	-	392	3	12.4
ENSG00000188641	CELL_TYPES_WANSLEEBEN_HOGAN_2013_ACTIVATED_CD8T	Normal	12588	1	1	97170740	97171197	-	392	42	148.4
ENSG00000188641	CELL_TYPES_WANSLEEBEN_HOGAN_2013_ACTIVATED_CD8T	Met	12680	1	1	97445823	97446216	-	662	5	26.5
ENSG00000188641	CELL_TYPES_WANSLEEBEN_HOGAN_2013_ACTIVATED_CD8T	Met	12681	1	1	97448699	97449251	-	662	0	0.0
ENSG00000188641	CELL_TYPES_WANSLEEBEN_HOGAN_2013_ACTIVATED_CD8T	Normal	12626	1	1	97285704	97286117	-	392	9	47.2
ENSG00000188641	CELL_TYPES_WANSLEEBEN_HOGAN_2013_ACTIVATED_CD8T	Normal	12627	1	1	97286483	97287361	-	392	3	18.4
ENSG00000188641	CELL_TYPES_WANSLEEBEN_HOGAN_2013_ACTIVATED_CD8T	Met	12706	1	1	97547583	97547908	-	662	0	0.0
ENSG00000188641	CELL_TYPES_WANSLEEBEN_HOGAN_2013_ACTIVATED_CD8T	Normal	12643	1	1	97356328	97356878	-	392	0	0.0
ENSG00000188641	CELL_TYPES_WANSLEEBEN_HOGAN_2013_ACTIVATED_CD8T	Met	12724	1	1	97618415	97618937	-	662	0	0.0
ENSG00000188641	CELL_TYPES_WANSLEEBEN_HOGAN_2013_ACTIVATED_CD8T	Normal	12649	1	1	97381174	97381542	-	392	0	0.0
ENSG00000188641	CELL_TYPES_WANSLEEBEN_HOGAN_2013_ACTIVATED_CD8T	Normal	12680	1	1	97445823	97446216	-	392	2	14.6
ENSG00000092820	CELL_TYPES_WANSLEEBEN_HOGAN_2013_ACTIVATED_CD8T	Normal	249401	1	6	158788671	158790603	-	392	1	6.2
ENSG00000188641	CELL_TYPES_WANSLEEBEN_HOGAN_2013_ACTIVATED_CD8T	Normal	12681	1	1	97448699	97449251	-	392	12	29.6
ENSG00000188641	CELL_TYPES_WANSLEEBEN_HOGAN_2013_ACTIVATED_CD8T	Met	12746	1	1	97708893	97709759	-	662	15	64.1
ENSG00000092820	CELL_TYPES_WANSLEEBEN_HOGAN_2013_ACTIVATED_CD8T	Normal	249385	1	6	158770712	158772080	-	392	2	12.9
ENSG00000188641	CELL_TYPES_WANSLEEBEN_HOGAN_2013_ACTIVATED_CD8T	Met	12761	1	1	97763485	97764057	-	662	0	0.0
ENSG00000188641	CELL_TYPES_WANSLEEBEN_HOGAN_2013_ACTIVATED_CD8T	Met	12748	1	1	97711899	97712915	-	662	0	0.0
ENSG00000188641	CELL_TYPES_WANSLEEBEN_HOGAN_2013_ACTIVATED_CD8T	Normal	12706	1	1	97547583	97547908	-	392	8	27.4
ENSG00000188641	CELL_TYPES_WANSLEEBEN_HOGAN_2013_ACTIVATED_CD8T	Met	12763	1	1	97776011	97776514	-	662	0	0.0
ENSG00000092820	CELL_TYPES_WANSLEEBEN_HOGAN_2013_ACTIVATED_CD8T	Normal	249421	1	6	158814458	158818266	-	392	28	108.6
ENSG00000092820	CELL_TYPES_WANSLEEBEN_HOGAN_2013_ACTIVATED_CD8T	Met	249401	1	6	158788671	158790603	-	662	2	14.4
ENSG00000092820	CELL_TYPES_WANSLEEBEN_HOGAN_2013_ACTIVATED_CD8T	Normal	249409	1	6	158797853	158801612	-	392	4	23.2
ENSG00000188641	CELL_TYPES_WANSLEEBEN_HOGAN_2013_ACTIVATED_CD8T	Met	12766	1	1	97792345	97792757	-	662	0	0.0
ENSG00000188641	CELL_TYPES_WANSLEEBEN_HOGAN_2013_ACTIVATED_CD8T	Met	12800	1	1	97907849	97908610	-	662	0	0.0
ENSG00000188641	CELL_TYPES_WANSLEEBEN_HOGAN_2013_ACTIVATED_CD8T	Met	12767	1	1	97797542	97797834	-	662	4	38.9
ENSG00000188641	CELL_TYPES_WANSLEEBEN_HOGAN_2013_ACTIVATED_CD8T	Normal	12724	1	1	97618415	97618937	-	392	1	6.6
ENSG00000092820	CELL_TYPES_WANSLEEBEN_HOGAN_2013_ACTIVATED_CD8T	Met	249385	1	6	158770712	158772080	-	662	0	0.0
ENSG00000188641	CELL_TYPES_WANSLEEBEN_HOGAN_2013_ACTIVATED_CD8T	Met	12781	1	1	97849598	97849893	-	662	0	0.0
ENSG00000188641	CELL_TYPES_WANSLEEBEN_HOGAN_2013_ACTIVATED_CD8T	Met	12768	1	1	97800255	97801101	-	662	29	130.7
ENSG00000188641	CELL_TYPES_WANSLEEBEN_HOGAN_2013_ACTIVATED_CD8T	Met	12783	1	1	97854352	97854586	-	662	0	0.0
ENSG00000092820	CELL_TYPES_WANSLEEBEN_HOGAN_2013_ACTIVATED_CD8T	Met	249421	1	6	158814458	158818266	-	662	1	7.8
ENSG00000092820	CELL_TYPES_WANSLEEBEN_HOGAN_2013_ACTIVATED_CD8T	Met	249409	1	6	158797853	158801612	-	662	3	15.0
ENSG00000188641	CELL_TYPES_WANSLEEBEN_HOGAN_2013_ACTIVATED_CD8T	Met	12571	1	1	97097421	97097688	-	662	0	0.0
ENSG00000188641	CELL_TYPES_WANSLEEBEN_HOGAN_2013_ACTIVATED_CD8T	Met	12788	1	1	97873090	97873232	-	662	0	0.0
ENSG00000188641	CELL_TYPES_WANSLEEBEN_HOGAN_2013_ACTIVATED_CD8T	Normal	12746	1	1	97708893	97709759	-	392	3	14.2
ENSG00000188641	CELL_TYPES_WANSLEEBEN_HOGAN_2013_ACTIVATED_CD8T	Normal	12761	1	1	97763485	97764057	-	392	9	51.6
ENSG00000188641	CELL_TYPES_WANSLEEBEN_HOGAN_2013_ACTIVATED_CD8T	Normal	12748	1	1	97711899	97712915	-	392	3	16.2
ENSG00000188641	CELL_TYPES_WANSLEEBEN_HOGAN_2013_ACTIVATED_CD8T	Met	12578	1	1	97130731	97131216	-	662	0	0.0
ENSG00000188641	CELL_TYPES_WANSLEEBEN_HOGAN_2013_ACTIVATED_CD8T	Met	12591	1	1	97180194	97180488	-	662	5	34.3
ENSG00000188641	CELL_TYPES_WANSLEEBEN_HOGAN_2013_ACTIVATED_CD8T	Normal	12763	1	1	97776011	97776514	-	392	1	6.9
ENSG00000188641	CELL_TYPES_WANSLEEBEN_HOGAN_2013_ACTIVATED_CD8T	Met	12579	1	1	97133097	97133761	-	662	0	0.0
ENSG00000188641	CELL_TYPES_WANSLEEBEN_HOGAN_2013_AE2	Normal	12766	1	1	97792345	97792757	-	102	2	13.7
ENSG00000188641	CELL_TYPES_WANSLEEBEN_HOGAN_2013_AE2	Normal	12800	1	1	97907849	97908610	-	102	10	36.0
ENSG00000188641	CELL_TYPES_WANSLEEBEN_HOGAN_2013_AE2	Normal	12767	1	1	97797542	97797834	-	102	0	0.0
ENSG00000188641	CELL_TYPES_WANSLEEBEN_HOGAN_2013_AE2	IVprimary	12654	1	1	97390771	97391562	-	132	26	109.0
ENSG00000188641	CELL_TYPES_WANSLEEBEN_HOGAN_2013_AE2	Met	12596	1	1	97187222	97188304	-	151	0	0.0
ENSG00000188641	CELL_TYPES_WANSLEEBEN_HOGAN_2013_AE2	Normal	12781	1	1	97849598	97849893	-	102	0	0.0
ENSG00000188641	CELL_TYPES_WANSLEEBEN_HOGAN_2013_AE2	Normal	12768	1	1	97800255	97801101	-	102	0	0.0
ENSG00000188641	CELL_TYPES_WANSLEEBEN_HOGAN_2013_AE2	IVprimary	12655	1	1	97392446	97392881	-	132	0	0.0
ENSG00000188641	CELL_TYPES_WANSLEEBEN_HOGAN_2013_AE2	Met	12617	1	1	97264168	97264734	-	151	30	64.8
ENSG00000188641	CELL_TYPES_WANSLEEBEN_HOGAN_2013_AE2	StageI	12591	1	1	97180194	97180488	-	1004	0	0.0
ENSG00000188641	CELL_TYPES_WANSLEEBEN_HOGAN_2013_AE2	StageI	12578	1	1	97130731	97131216	-	1004	30	73.7
ENSG00000188641	CELL_TYPES_WANSLEEBEN_HOGAN_2013_AE2	StageI	12579	1	1	97133097	97133761	-	1004	0	0.0
ENSG00000188641	CELL_TYPES_WANSLEEBEN_HOGAN_2013_AE2	Normal	12783	1	1	97854352	97854586	-	102	0	0.0
ENSG00000188641	CELL_TYPES_WANSLEEBEN_HOGAN_2013_AE2	IVprimary	12670	1	1	97429534	97429824	-	132	0	0.0
ENSG00000188641	CELL_TYPES_WANSLEEBEN_HOGAN_2013_AE2	Met	12632	1	1	97314551	97314906	-	151	0	0.0
ENSG00000188641	CELL_TYPES_WANSLEEBEN_HOGAN_2013_AE2	IVprimary	12672	1	1	97432354	97432942	-	132	0	0.0
ENSG00000188641	CELL_TYPES_WANSLEEBEN_HOGAN_2013_AE2	IVprimary	12659	1	1	97400568	97402062	-	132	0	0.0
ENSG00000188641	CELL_TYPES_WANSLEEBEN_HOGAN_2013_AE2	Normal	12571	1	1	97097421	97097688	-	102	4	16.0
ENSG00000188641	CELL_TYPES_WANSLEEBEN_HOGAN_2013_AE2	Met	12635	1	1	97333155	97333948	-	151	0	0.0
ENSG00000188641	CELL_TYPES_WANSLEEBEN_HOGAN_2013_AE2	StageI	12596	1	1	97187222	97188304	-	1004	0	0.0
ENSG00000188641	CELL_TYPES_WANSLEEBEN_HOGAN_2013_AE2	StageI	12617	1	1	97264168	97264734	-	1004	2	11.9
ENSG00000188641	CELL_TYPES_WANSLEEBEN_HOGAN_2013_AE2	Normal	12788	1	1	97873090	97873232	-	102	1	6.6
ENSG00000188641	CELL_TYPES_WANSLEEBEN_HOGAN_2013_AE2	Met	12638	1	1	97346100	97346845	-	151	0	0.0
ENSG00000188641	CELL_TYPES_WANSLEEBEN_HOGAN_2013_AE2	StageI	12632	1	1	97314551	97314906	-	1004	3	13.1
ENSG00000188641	CELL_TYPES_WANSLEEBEN_HOGAN_2013_AE2	IVprimary	12710	1	1	97557226	97557683	-	132	1	4.9
ENSG00000188641	CELL_TYPES_WANSLEEBEN_HOGAN_2013_AE2	IVprimary	12690	1	1	97484548	97485981	-	132	0	0.0
ENSG00000188641	CELL_TYPES_WANSLEEBEN_HOGAN_2013_AE2	IVprimary	12677	1	1	97440492	97441735	-	132	0	0.0
ENSG00000188641	CELL_TYPES_WANSLEEBEN_HOGAN_2013_AE2	IVprimary	12711	1	1	97559609	97560022	-	132	0	0.0
ENSG00000188641	CELL_TYPES_WANSLEEBEN_HOGAN_2013_AE2	IVprimary	12692	1	1	97502158	97502737	-	132	0	0.0
ENSG00000188641	CELL_TYPES_WANSLEEBEN_HOGAN_2013_AE2	Met	12654	1	1	97390771	97391562	-	151	51	112.9
ENSG00000188641	CELL_TYPES_WANSLEEBEN_HOGAN_2013_AE2	StageI	12635	1	1	97333155	97333948	-	1004	5	31.4
ENSG00000188641	CELL_TYPES_WANSLEEBEN_HOGAN_2013_AE2	Normal	12578	1	1	97130731	97131216	-	102	0	0.0
ENSG00000188641	CELL_TYPES_WANSLEEBEN_HOGAN_2013_AE2	Normal	12591	1	1	97180194	97180488	-	102	0	0.0
ENSG00000188641	CELL_TYPES_WANSLEEBEN_HOGAN_2013_AE2	Met	12655	1	1	97392446	97392881	-	151	0	0.0
ENSG00000188641	CELL_TYPES_WANSLEEBEN_HOGAN_2013_AE2	Normal	12579	1	1	97133097	97133761	-	102	2	13.4
ENSG00000188641	CELL_TYPES_WANSLEEBEN_HOGAN_2013_AE2	IVprimary	12694	1	1	97524770	97525078	-	132	30	67.5
ENSG00000188641	CELL_TYPES_WANSLEEBEN_HOGAN_2013_AE2	Met	12670	1	1	97429534	97429824	-	151	0	0.0
ENSG00000188641	CELL_TYPES_WANSLEEBEN_HOGAN_2013_AE2	StageI	12638	1	1	97346100	97346845	-	1004	4	18.8
ENSG00000188641	CELL_TYPES_WANSLEEBEN_HOGAN_2013_AE2	IVprimary	12730	1	1	97645490	97645872	-	132	0	0.0
ENSG00000188641	CELL_TYPES_WANSLEEBEN_HOGAN_2013_AE2	Met	12672	1	1	97432354	97432942	-	151	0	0.0
ENSG00000188641	CELL_TYPES_WANSLEEBEN_HOGAN_2013_AE2	Met	12659	1	1	97400568	97402062	-	151	0	0.0
ENSG00000188641	CELL_TYPES_WANSLEEBEN_HOGAN_2013_AE2	Normal	12596	1	1	97187222	97188304	-	102	0	0.0
ENSG00000188641	CELL_TYPES_WANSLEEBEN_HOGAN_2013_AE2	IVprimary	12731	1	1	97646370	97647021	-	132	0	0.0
ENSG00000188641	CELL_TYPES_WANSLEEBEN_HOGAN_2013_AE2	StageI	12654	1	1	97390771	97391562	-	1004	46	151.8
ENSG00000188641	CELL_TYPES_WANSLEEBEN_HOGAN_2013_AE2	Normal	12617	1	1	97264168	97264734	-	102	3	12.3
ENSG00000092820	CELL_TYPES_WANSLEEBEN_HOGAN_2013_AE2	IVprimary	249395	1	6	158783099	158784177	-	132	0	0.0
ENSG00000188641	CELL_TYPES_WANSLEEBEN_HOGAN_2013_AE2	StageI	12655	1	1	97392446	97392881	-	1004	16	56.8
ENSG00000188641	CELL_TYPES_WANSLEEBEN_HOGAN_2013_AE2	Normal	12632	1	1	97314551	97314906	-	102	14	43.8
ENSG00000188641	CELL_TYPES_WANSLEEBEN_HOGAN_2013_AE2	StageI	12670	1	1	97429534	97429824	-	1004	0	0.0
ENSG00000188641	CELL_TYPES_WANSLEEBEN_HOGAN_2013_AE2	IVprimary	12735	1	1	97665486	97666723	-	132	0	0.0
ENSG00000188641	CELL_TYPES_WANSLEEBEN_HOGAN_2013_AE2	Met	12710	1	1	97557226	97557683	-	151	19	42.6
ENSG00000188641	CELL_TYPES_WANSLEEBEN_HOGAN_2013_AE2	Met	12690	1	1	97484548	97485981	-	151	0	0.0
ENSG00000188641	CELL_TYPES_WANSLEEBEN_HOGAN_2013_AE2	Met	12677	1	1	97440492	97441735	-	151	0	0.0
ENSG00000092820	CELL_TYPES_WANSLEEBEN_HOGAN_2013_AE2	IVprimary	249399	1	6	158786699	158787570	-	132	0	0.0
ENSG00000188641	CELL_TYPES_WANSLEEBEN_HOGAN_2013_AE2	IVprimary	12736	1	1	97671696	97672517	-	132	0	0.0
ENSG00000188641	CELL_TYPES_WANSLEEBEN_HOGAN_2013_AE2	Met	12711	1	1	97559609	97560022	-	151	0	0.0
ENSG00000188641	CELL_TYPES_WANSLEEBEN_HOGAN_2013_AE2	StageI	12672	1	1	97432354	97432942	-	1004	0	0.0
ENSG00000188641	CELL_TYPES_WANSLEEBEN_HOGAN_2013_AE2	StageI	12659	1	1	97400568	97402062	-	1004	3	22.2
ENSG00000188641	CELL_TYPES_WANSLEEBEN_HOGAN_2013_AE2	Normal	12635	1	1	97333155	97333948	-	102	0	0.0
ENSG00000188641	CELL_TYPES_WANSLEEBEN_HOGAN_2013_AE2	IVprimary	12750	1	1	97714361	97714639	-	132	0	0.0
ENSG00000188641	CELL_TYPES_WANSLEEBEN_HOGAN_2013_AE2	Met	12692	1	1	97502158	97502737	-	151	0	0.0
ENSG00000092820	CELL_TYPES_WANSLEEBEN_HOGAN_2013_AE2	StageI	249401	1	6	158788671	158790603	-	1004	22	63.6
ENSG00000188641	CELL_TYPES_WANSLEEBEN_HOGAN_2013_AE2	Met	12694	1	1	97524770	97525078	-	151	0	0.0
ENSG00000188641	CELL_TYPES_WANSLEEBEN_HOGAN_2013_AE2	Normal	12638	1	1	97346100	97346845	-	102	25	124.2
ENSG00000188641	CELL_TYPES_WANSLEEBEN_HOGAN_2013_AE2	IVprimary	12753	1	1	97717950	97718705	-	132	0	0.0
ENSG00000188641	CELL_TYPES_WANSLEEBEN_HOGAN_2013_AE2	StageI	12710	1	1	97557226	97557683	-	1004	2	16.0
ENSG00000188641	CELL_TYPES_WANSLEEBEN_HOGAN_2013_AE2	StageI	12690	1	1	97484548	97485981	-	1004	20	76.2
ENSG00000188641	CELL_TYPES_WANSLEEBEN_HOGAN_2013_AE2	StageI	12677	1	1	97440492	97441735	-	1004	14	57.6
ENSG00000188641	CELL_TYPES_WANSLEEBEN_HOGAN_2013_AE2	IVprimary	12755	1	1	97719620	97720226	-	132	0	0.0
ENSG00000188641	CELL_TYPES_WANSLEEBEN_HOGAN_2013_AE2	Met	12730	1	1	97645490	97645872	-	151	0	0.0
ENSG00000188641	CELL_TYPES_WANSLEEBEN_HOGAN_2013_AE2	StageI	12711	1	1	97559609	97560022	-	1004	0	0.0
ENSG00000188641	CELL_TYPES_WANSLEEBEN_HOGAN_2013_AE2	Normal	12654	1	1	97390771	97391562	-	102	1	5.9
ENSG00000092820	CELL_TYPES_WANSLEEBEN_HOGAN_2013_AE2	StageI	249385	1	6	158770712	158772080	-	1004	77	321.2
ENSG00000188641	CELL_TYPES_WANSLEEBEN_HOGAN_2013_AE2	IVprimary	12756	1	1	97730849	97732054	-	132	0	0.0
ENSG00000188641	CELL_TYPES_WANSLEEBEN_HOGAN_2013_AE2	Met	12731	1	1	97646370	97647021	-	151	31	94.8
ENSG00000188641	CELL_TYPES_WANSLEEBEN_HOGAN_2013_AE2	StageI	12692	1	1	97502158	97502737	-	1004	0	0.0
ENSG00000188641	CELL_TYPES_WANSLEEBEN_HOGAN_2013_AE2	Normal	12655	1	1	97392446	97392881	-	102	0	0.0
ENSG00000188641	CELL_TYPES_WANSLEEBEN_HOGAN_2013_AE2	IVprimary	12771	1	1	97808427	97809206	-	132	0	0.0
ENSG00000188641	CELL_TYPES_WANSLEEBEN_HOGAN_2013_AE2	IVprimary	12758	1	1	97738789	97739235	-	132	4	28.6
ENSG00000188641	CELL_TYPES_WANSLEEBEN_HOGAN_2013_AE2	StageI	12694	1	1	97524770	97525078	-	1004	0	0.0
ENSG00000188641	CELL_TYPES_WANSLEEBEN_HOGAN_2013_AE2	Normal	12670	1	1	97429534	97429824	-	102	0	0.0
ENSG00000092820	CELL_TYPES_WANSLEEBEN_HOGAN_2013_AE2	StageI	249421	1	6	158814458	158818266	-	1004	36	177.4
ENSG00000092820	CELL_TYPES_WANSLEEBEN_HOGAN_2013_AE2	StageI	249409	1	6	158797853	158801612	-	1004	53	229.6
ENSG00000188641	CELL_TYPES_WANSLEEBEN_HOGAN_2013_AE2	Met	12735	1	1	97665486	97666723	-	151	15	52.1
ENSG00000188641	CELL_TYPES_WANSLEEBEN_HOGAN_2013_AE2	Normal	12672	1	1	97432354	97432942	-	102	2	11.1
ENSG00000188641	CELL_TYPES_WANSLEEBEN_HOGAN_2013_AE2	Normal	12659	1	1	97400568	97402062	-	102	0	0.0
ENSG00000188641	CELL_TYPES_WANSLEEBEN_HOGAN_2013_AE2	Met	12736	1	1	97671696	97672517	-	151	6	23.4
ENSG00000188641	CELL_TYPES_WANSLEEBEN_HOGAN_2013_AE2	StageI	12730	1	1	97645490	97645872	-	1004	12	44.3
ENSG00000188641	CELL_TYPES_WANSLEEBEN_HOGAN_2013_AE2	Met	12750	1	1	97714361	97714639	-	151	0	0.0
ENSG00000188641	CELL_TYPES_WANSLEEBEN_HOGAN_2013_AE2	StageI	12731	1	1	97646370	97647021	-	1004	108	414.8
ENSG00000188641	CELL_TYPES_WANSLEEBEN_HOGAN_2013_AE2	IVprimary	12776	1	1	97823152	97824427	-	132	0	0.0
ENSG00000188641	CELL_TYPES_WANSLEEBEN_HOGAN_2013_AE2	IVprimary	12778	1	1	97826430	97828108	-	132	0	0.0
ENSG00000188641	CELL_TYPES_WANSLEEBEN_HOGAN_2013_AE2	Met	12753	1	1	97717950	97718705	-	151	0	0.0
ENSG00000188641	CELL_TYPES_WANSLEEBEN_HOGAN_2013_AE2	Normal	12710	1	1	97557226	97557683	-	102	15	25.8
ENSG00000188641	CELL_TYPES_WANSLEEBEN_HOGAN_2013_AE2	Normal	12690	1	1	97484548	97485981	-	102	2	6.0
ENSG00000188641	CELL_TYPES_WANSLEEBEN_HOGAN_2013_AE2	Normal	12677	1	1	97440492	97441735	-	102	30	76.7
ENSG00000188641	CELL_TYPES_WANSLEEBEN_HOGAN_2013_AE2	IVprimary	12779	1	1	97829840	97830188	-	132	0	0.0
ENSG00000188641	CELL_TYPES_WANSLEEBEN_HOGAN_2013_AE2	StageI	12735	1	1	97665486	97666723	-	1004	0	0.0
ENSG00000188641	CELL_TYPES_WANSLEEBEN_HOGAN_2013_AE2	Normal	12711	1	1	97559609	97560022	-	102	2	10.0
ENSG00000188641	CELL_TYPES_WANSLEEBEN_HOGAN_2013_AE2	IVprimary	12793	1	1	97882244	97882795	-	132	59	170.8
ENSG00000188641	CELL_TYPES_WANSLEEBEN_HOGAN_2013_AE2	Met	12755	1	1	97719620	97720226	-	151	7	27.3
ENSG00000188641	CELL_TYPES_WANSLEEBEN_HOGAN_2013_AE2	StageI	12736	1	1	97671696	97672517	-	1004	2	12.9
ENSG00000188641	CELL_TYPES_WANSLEEBEN_HOGAN_2013_AE2	Normal	12692	1	1	97502158	97502737	-	102	0	0.0
ENSG00000188641	CELL_TYPES_WANSLEEBEN_HOGAN_2013_AE2	IVprimary	12566	1	1	97086207	97086745	-	132	2	6.4
ENSG00000188641	CELL_TYPES_WANSLEEBEN_HOGAN_2013_AE2	Met	12756	1	1	97730849	97732054	-	151	11	42.0
ENSG00000188641	CELL_TYPES_WANSLEEBEN_HOGAN_2013_AE2	StageI	12750	1	1	97714361	97714639	-	1004	0	0.0
ENSG00000188641	CELL_TYPES_WANSLEEBEN_HOGAN_2013_AE2	Normal	12694	1	1	97524770	97525078	-	102	0	0.0
ENSG00000188641	CELL_TYPES_WANSLEEBEN_HOGAN_2013_AE2	IVprimary	12568	1	1	97089647	97090524	-	132	0	0.0
ENSG00000092820	CELL_TYPES_WANSLEEBEN_HOGAN_2013_AE2	Normal	249395	1	6	158783099	158784177	-	102	1	7.1
ENSG00000188641	CELL_TYPES_WANSLEEBEN_HOGAN_2013_AE2	Met	12771	1	1	97808427	97809206	-	151	0	0.0
ENSG00000188641	CELL_TYPES_WANSLEEBEN_HOGAN_2013_AE2	Met	12758	1	1	97738789	97739235	-	151	0	0.0
ENSG00000188641	CELL_TYPES_WANSLEEBEN_HOGAN_2013_AE2	IVprimary	12602	1	1	97202005	97202302	-	132	7	42.1
ENSG00000188641	CELL_TYPES_WANSLEEBEN_HOGAN_2013_AE2	StageI	12753	1	1	97717950	97718705	-	1004	3	12.6
ENSG00000188641	CELL_TYPES_WANSLEEBEN_HOGAN_2013_AE2	Normal	12730	1	1	97645490	97645872	-	102	0	0.0
ENSG00000188641	CELL_TYPES_WANSLEEBEN_HOGAN_2013_AE2	IVprimary	12799	1	1	97899199	97899765	-	132	0	0.0
ENSG00000188641	CELL_TYPES_WANSLEEBEN_HOGAN_2013_AE2	StageI	12755	1	1	97719620	97720226	-	1004	0	0.0
ENSG00000188641	CELL_TYPES_WANSLEEBEN_HOGAN_2013_AE2	Normal	12731	1	1	97646370	97647021	-	102	0	0.0
ENSG00000188641	CELL_TYPES_WANSLEEBEN_HOGAN_2013_AE2	IVprimary	12605	1	1	97224607	97225130	-	132	0	0.0
ENSG00000188641	CELL_TYPES_WANSLEEBEN_HOGAN_2013_AE2	IVprimary	12585	1	1	97164963	97165320	-	132	0	0.0
ENSG00000092820	CELL_TYPES_WANSLEEBEN_HOGAN_2013_AE2	Normal	249399	1	6	158786699	158787570	-	102	0	0.0
ENSG00000188641	CELL_TYPES_WANSLEEBEN_HOGAN_2013_AE2	StageI	12756	1	1	97730849	97732054	-	1004	12	47.9
ENSG00000188641	CELL_TYPES_WANSLEEBEN_HOGAN_2013_AE2	IVprimary	12606	1	1	97225581	97226111	-	132	7	40.4
ENSG00000188641	CELL_TYPES_WANSLEEBEN_HOGAN_2013_AE2	Met	12776	1	1	97823152	97824427	-	151	3	13.1
ENSG00000188641	CELL_TYPES_WANSLEEBEN_HOGAN_2013_AE2	StageI	12771	1	1	97808427	97809206	-	1004	17	73.9
ENSG00000188641	CELL_TYPES_WANSLEEBEN_HOGAN_2013_AE2	StageI	12758	1	1	97738789	97739235	-	1004	6	28.6
ENSG00000188641	CELL_TYPES_WANSLEEBEN_HOGAN_2013_AE2	IVprimary	12588	1	1	97170740	97171197	-	132	12	70.3
ENSG00000092820	CELL_TYPES_WANSLEEBEN_HOGAN_2013_AE2	Met	249395	1	6	158783099	158784177	-	151	0	0.0
ENSG00000188641	CELL_TYPES_WANSLEEBEN_HOGAN_2013_AE2	Met	12778	1	1	97826430	97828108	-	151	0	0.0
ENSG00000188641	CELL_TYPES_WANSLEEBEN_HOGAN_2013_AE2	Normal	12735	1	1	97665486	97666723	-	102	0	0.0
ENSG00000188641	CELL_TYPES_WANSLEEBEN_HOGAN_2013_AE2	Met	12779	1	1	97829840	97830188	-	151	0	0.0
ENSG00000188641	CELL_TYPES_WANSLEEBEN_HOGAN_2013_AE2	Normal	12736	1	1	97671696	97672517	-	102	5	16.3
ENSG00000188641	CELL_TYPES_WANSLEEBEN_HOGAN_2013_AE2	Met	12793	1	1	97882244	97882795	-	151	0	0.0
ENSG00000188641	CELL_TYPES_WANSLEEBEN_HOGAN_2013_AE2	Normal	12750	1	1	97714361	97714639	-	102	2	11.0
ENSG00000188641	CELL_TYPES_WANSLEEBEN_HOGAN_2013_AE2	Met	12566	1	1	97086207	97086745	-	151	0	0.0
ENSG00000092820	CELL_TYPES_WANSLEEBEN_HOGAN_2013_AE2	Met	249399	1	6	158786699	158787570	-	151	0	0.0
ENSG00000188641	CELL_TYPES_WANSLEEBEN_HOGAN_2013_AE2	StageI	12776	1	1	97823152	97824427	-	1004	7	31.4
ENSG00000188641	CELL_TYPES_WANSLEEBEN_HOGAN_2013_AE2	IVprimary	12626	1	1	97285704	97286117	-	132	5	22.9
ENSG00000188641	CELL_TYPES_WANSLEEBEN_HOGAN_2013_AE2	Met	12568	1	1	97089647	97090524	-	151	0	0.0
ENSG00000188641	CELL_TYPES_WANSLEEBEN_HOGAN_2013_AE2	Normal	12753	1	1	97717950	97718705	-	102	1	2.0
ENSG00000188641	CELL_TYPES_WANSLEEBEN_HOGAN_2013_AE2	IVprimary	12627	1	1	97286483	97287361	-	132	0	0.0
ENSG00000188641	CELL_TYPES_WANSLEEBEN_HOGAN_2013_AE2	Met	12602	1	1	97202005	97202302	-	151	0	0.0
ENSG00000188641	CELL_TYPES_WANSLEEBEN_HOGAN_2013_AE2	StageI	12778	1	1	97826430	97828108	-	1004	0	0.0
ENSG00000188641	CELL_TYPES_WANSLEEBEN_HOGAN_2013_AE2	StageI	12779	1	1	97829840	97830188	-	1004	5	19.5
ENSG00000188641	CELL_TYPES_WANSLEEBEN_HOGAN_2013_AE2	Normal	12755	1	1	97719620	97720226	-	102	24	70.1
ENSG00000188641	CELL_TYPES_WANSLEEBEN_HOGAN_2013_AE2	Met	12799	1	1	97899199	97899765	-	151	0	0.0
ENSG00000188641	CELL_TYPES_WANSLEEBEN_HOGAN_2013_AE2	StageI	12793	1	1	97882244	97882795	-	1004	58	262.9
ENSG00000188641	CELL_TYPES_WANSLEEBEN_HOGAN_2013_AE2	Normal	12756	1	1	97730849	97732054	-	102	2	8.1
ENSG00000188641	CELL_TYPES_WANSLEEBEN_HOGAN_2013_AE2	IVprimary	12643	1	1	97356328	97356878	-	132	2	12.3
ENSG00000188641	CELL_TYPES_WANSLEEBEN_HOGAN_2013_AE2	Met	12605	1	1	97224607	97225130	-	151	0	0.0
ENSG00000188641	CELL_TYPES_WANSLEEBEN_HOGAN_2013_AE2	StageI	12566	1	1	97086207	97086745	-	1004	10	41.7
ENSG00000188641	CELL_TYPES_WANSLEEBEN_HOGAN_2013_AE2	Met	12585	1	1	97164963	97165320	-	151	7	22.5
ENSG00000188641	CELL_TYPES_WANSLEEBEN_HOGAN_2013_AE2	Met	12606	1	1	97225581	97226111	-	151	0	0.0
ENSG00000188641	CELL_TYPES_WANSLEEBEN_HOGAN_2013_AE2	Normal	12771	1	1	97808427	97809206	-	102	4	18.2
ENSG00000188641	CELL_TYPES_WANSLEEBEN_HOGAN_2013_AE2	Normal	12758	1	1	97738789	97739235	-	102	3	17.3
ENSG00000188641	CELL_TYPES_WANSLEEBEN_HOGAN_2013_AE2	StageI	12568	1	1	97089647	97090524	-	1004	0	0.0
ENSG00000188641	CELL_TYPES_WANSLEEBEN_HOGAN_2013_AE2	Met	12588	1	1	97170740	97171197	-	151	0	0.0
ENSG00000188641	CELL_TYPES_WANSLEEBEN_HOGAN_2013_AE2	StageI	12602	1	1	97202005	97202302	-	1004	0	0.0
ENSG00000188641	CELL_TYPES_WANSLEEBEN_HOGAN_2013_AE2	StageI	12799	1	1	97899199	97899765	-	1004	0	0.0
ENSG00000188641	CELL_TYPES_WANSLEEBEN_HOGAN_2013_AE2	IVprimary	12649	1	1	97381174	97381542	-	132	2	11.5
ENSG00000188641	CELL_TYPES_WANSLEEBEN_HOGAN_2013_AE2	StageI	12605	1	1	97224607	97225130	-	1004	8	40.6
ENSG00000188641	CELL_TYPES_WANSLEEBEN_HOGAN_2013_AE2	StageI	12585	1	1	97164963	97165320	-	1004	20	61.3
ENSG00000188641	CELL_TYPES_WANSLEEBEN_HOGAN_2013_AE2	Normal	12776	1	1	97823152	97824427	-	102	0	0.0
ENSG00000188641	CELL_TYPES_WANSLEEBEN_HOGAN_2013_AE2	StageI	12606	1	1	97225581	97226111	-	1004	4	25.1
ENSG00000188641	CELL_TYPES_WANSLEEBEN_HOGAN_2013_AE2	Met	12626	1	1	97285704	97286117	-	151	0	0.0
ENSG00000188641	CELL_TYPES_WANSLEEBEN_HOGAN_2013_AE2	Normal	12778	1	1	97826430	97828108	-	102	0	0.0
ENSG00000188641	CELL_TYPES_WANSLEEBEN_HOGAN_2013_AE2	Met	12627	1	1	97286483	97287361	-	151	0	0.0
ENSG00000188641	CELL_TYPES_WANSLEEBEN_HOGAN_2013_AE2	StageI	12588	1	1	97170740	97171197	-	1004	18	85.5
ENSG00000188641	CELL_TYPES_WANSLEEBEN_HOGAN_2013_AE2	Normal	12779	1	1	97829840	97830188	-	102	0	0.0
ENSG00000188641	CELL_TYPES_WANSLEEBEN_HOGAN_2013_AE2	Normal	12793	1	1	97882244	97882795	-	102	2	9.2
ENSG00000188641	CELL_TYPES_WANSLEEBEN_HOGAN_2013_AE2	IVprimary	12680	1	1	97445823	97446216	-	132	1	6.5
ENSG00000188641	CELL_TYPES_WANSLEEBEN_HOGAN_2013_AE2	Normal	12566	1	1	97086207	97086745	-	102	0	0.0
ENSG00000188641	CELL_TYPES_WANSLEEBEN_HOGAN_2013_AE2	IVprimary	12681	1	1	97448699	97449251	-	132	0	0.0
ENSG00000188641	CELL_TYPES_WANSLEEBEN_HOGAN_2013_AE2	Met	12643	1	1	97356328	97356878	-	151	0	0.0
ENSG00000188641	CELL_TYPES_WANSLEEBEN_HOGAN_2013_AE2	Normal	12568	1	1	97089647	97090524	-	102	2	4.6
ENSG00000188641	CELL_TYPES_WANSLEEBEN_HOGAN_2013_AE2	StageI	12626	1	1	97285704	97286117	-	1004	0	0.0
ENSG00000188641	CELL_TYPES_WANSLEEBEN_HOGAN_2013_AE2	Normal	12602	1	1	97202005	97202302	-	102	0	0.0
ENSG00000188641	CELL_TYPES_WANSLEEBEN_HOGAN_2013_AE2	StageI	12627	1	1	97286483	97287361	-	1004	3	12.1
ENSG00000092820	CELL_TYPES_WANSLEEBEN_HOGAN_2013_AE2	IVprimary	249401	1	6	158788671	158790603	-	132	4	19.5
ENSG00000188641	CELL_TYPES_WANSLEEBEN_HOGAN_2013_AE2	Normal	12799	1	1	97899199	97899765	-	102	0	0.0
ENSG00000188641	CELL_TYPES_WANSLEEBEN_HOGAN_2013_AE2	IVprimary	12706	1	1	97547583	97547908	-	132	0	0.0
ENSG00000188641	CELL_TYPES_WANSLEEBEN_HOGAN_2013_AE2	Normal	12605	1	1	97224607	97225130	-	102	1	6.1
ENSG00000188641	CELL_TYPES_WANSLEEBEN_HOGAN_2013_AE2	Normal	12585	1	1	97164963	97165320	-	102	0	0.0
ENSG00000188641	CELL_TYPES_WANSLEEBEN_HOGAN_2013_AE2	Met	12649	1	1	97381174	97381542	-	151	0	0.0
ENSG00000188641	CELL_TYPES_WANSLEEBEN_HOGAN_2013_AE2	StageI	12643	1	1	97356328	97356878	-	1004	1	5.8
ENSG00000188641	CELL_TYPES_WANSLEEBEN_HOGAN_2013_AE2	Normal	12606	1	1	97225581	97226111	-	102	1	3.7
ENSG00000092820	CELL_TYPES_WANSLEEBEN_HOGAN_2013_AE2	IVprimary	249385	1	6	158770712	158772080	-	132	0	0.0
ENSG00000188641	CELL_TYPES_WANSLEEBEN_HOGAN_2013_AE2	Normal	12588	1	1	97170740	97171197	-	102	6	13.6
ENSG00000188641	CELL_TYPES_WANSLEEBEN_HOGAN_2013_AE2	IVprimary	12724	1	1	97618415	97618937	-	132	0	0.0
ENSG00000092820	CELL_TYPES_WANSLEEBEN_HOGAN_2013_AE2	IVprimary	249421	1	6	158814458	158818266	-	132	0	0.0
ENSG00000188641	CELL_TYPES_WANSLEEBEN_HOGAN_2013_AE2	Met	12680	1	1	97445823	97446216	-	151	0	0.0
ENSG00000092820	CELL_TYPES_WANSLEEBEN_HOGAN_2013_AE2	IVprimary	249409	1	6	158797853	158801612	-	132	14	58.5
ENSG00000188641	CELL_TYPES_WANSLEEBEN_HOGAN_2013_AE2	Met	12681	1	1	97448699	97449251	-	151	0	0.0
ENSG00000188641	CELL_TYPES_WANSLEEBEN_HOGAN_2013_AE2	StageI	12649	1	1	97381174	97381542	-	1004	0	0.0
ENSG00000188641	CELL_TYPES_WANSLEEBEN_HOGAN_2013_AE2	Normal	12626	1	1	97285704	97286117	-	102	1	5.4
ENSG00000188641	CELL_TYPES_WANSLEEBEN_HOGAN_2013_AE2	Normal	12627	1	1	97286483	97287361	-	102	3	17.9
ENSG00000188641	CELL_TYPES_WANSLEEBEN_HOGAN_2013_AE2	Met	12706	1	1	97547583	97547908	-	151	113	280.0
ENSG00000188641	CELL_TYPES_WANSLEEBEN_HOGAN_2013_AE2	StageI	12680	1	1	97445823	97446216	-	1004	8	35.9
ENSG00000188641	CELL_TYPES_WANSLEEBEN_HOGAN_2013_AE2	Normal	12643	1	1	97356328	97356878	-	102	2	12.9
ENSG00000188641	CELL_TYPES_WANSLEEBEN_HOGAN_2013_AE2	StageI	12681	1	1	97448699	97449251	-	1004	7	38.8
ENSG00000188641	CELL_TYPES_WANSLEEBEN_HOGAN_2013_AE2	IVprimary	12746	1	1	97708893	97709759	-	132	0	0.0
ENSG00000188641	CELL_TYPES_WANSLEEBEN_HOGAN_2013_AE2	IVprimary	12761	1	1	97763485	97764057	-	132	0	0.0
ENSG00000188641	CELL_TYPES_WANSLEEBEN_HOGAN_2013_AE2	IVprimary	12748	1	1	97711899	97712915	-	132	0	0.0
ENSG00000188641	CELL_TYPES_WANSLEEBEN_HOGAN_2013_AE2	Met	12724	1	1	97618415	97618937	-	151	0	0.0
ENSG00000188641	CELL_TYPES_WANSLEEBEN_HOGAN_2013_AE2	IVprimary	12763	1	1	97776011	97776514	-	132	0	0.0
ENSG00000188641	CELL_TYPES_WANSLEEBEN_HOGAN_2013_AE2	StageI	12706	1	1	97547583	97547908	-	1004	0	0.0
ENSG00000188641	CELL_TYPES_WANSLEEBEN_HOGAN_2013_AE2	Normal	12649	1	1	97381174	97381542	-	102	1	7.8
ENSG00000092820	CELL_TYPES_WANSLEEBEN_HOGAN_2013_AE2	StageI	249395	1	6	158783099	158784177	-	1004	29	148.3
ENSG00000188641	CELL_TYPES_WANSLEEBEN_HOGAN_2013_AE2	IVprimary	12766	1	1	97792345	97792757	-	132	0	0.0
ENSG00000188641	CELL_TYPES_WANSLEEBEN_HOGAN_2013_AE2	IVprimary	12800	1	1	97907849	97908610	-	132	0	0.0
ENSG00000188641	CELL_TYPES_WANSLEEBEN_HOGAN_2013_AE2	IVprimary	12767	1	1	97797542	97797834	-	132	0	0.0
ENSG00000188641	CELL_TYPES_WANSLEEBEN_HOGAN_2013_AE2	IVprimary	12781	1	1	97849598	97849893	-	132	4	26.5
ENSG00000188641	CELL_TYPES_WANSLEEBEN_HOGAN_2013_AE2	IVprimary	12768	1	1	97800255	97801101	-	132	0	0.0
ENSG00000188641	CELL_TYPES_WANSLEEBEN_HOGAN_2013_AE2	StageI	12724	1	1	97618415	97618937	-	1004	6	35.8
ENSG00000188641	CELL_TYPES_WANSLEEBEN_HOGAN_2013_AE2	Normal	12680	1	1	97445823	97446216	-	102	2	9.5
ENSG00000092820	CELL_TYPES_WANSLEEBEN_HOGAN_2013_AE2	Normal	249401	1	6	158788671	158790603	-	102	0	0.0
ENSG00000188641	CELL_TYPES_WANSLEEBEN_HOGAN_2013_AE2	Normal	12681	1	1	97448699	97449251	-	102	2	9.7
ENSG00000092820	CELL_TYPES_WANSLEEBEN_HOGAN_2013_AE2	StageI	249399	1	6	158786699	158787570	-	1004	15	80.8
ENSG00000188641	CELL_TYPES_WANSLEEBEN_HOGAN_2013_AE2	IVprimary	12783	1	1	97854352	97854586	-	132	0	0.0
ENSG00000188641	CELL_TYPES_WANSLEEBEN_HOGAN_2013_AE2	Met	12746	1	1	97708893	97709759	-	151	0	0.0
ENSG00000188641	CELL_TYPES_WANSLEEBEN_HOGAN_2013_AE2	IVprimary	12571	1	1	97097421	97097688	-	132	0	0.0
ENSG00000092820	CELL_TYPES_WANSLEEBEN_HOGAN_2013_AE2	Normal	249385	1	6	158770712	158772080	-	102	0	0.0
ENSG00000188641	CELL_TYPES_WANSLEEBEN_HOGAN_2013_AE2	Met	12761	1	1	97763485	97764057	-	151	0	0.0
ENSG00000188641	CELL_TYPES_WANSLEEBEN_HOGAN_2013_AE2	Met	12748	1	1	97711899	97712915	-	151	0	0.0
ENSG00000188641	CELL_TYPES_WANSLEEBEN_HOGAN_2013_AE2	Normal	12706	1	1	97547583	97547908	-	102	1	5.1
ENSG00000188641	CELL_TYPES_WANSLEEBEN_HOGAN_2013_AE2	IVprimary	12788	1	1	97873090	97873232	-	132	0	0.0
ENSG00000188641	CELL_TYPES_WANSLEEBEN_HOGAN_2013_AE2	Met	12763	1	1	97776011	97776514	-	151	0	0.0
ENSG00000092820	CELL_TYPES_WANSLEEBEN_HOGAN_2013_AE2	Normal	249421	1	6	158814458	158818266	-	102	2	10.8
ENSG00000092820	CELL_TYPES_WANSLEEBEN_HOGAN_2013_AE2	Met	249401	1	6	158788671	158790603	-	151	0	0.0
ENSG00000092820	CELL_TYPES_WANSLEEBEN_HOGAN_2013_AE2	Normal	249409	1	6	158797853	158801612	-	102	0	0.0
ENSG00000188641	CELL_TYPES_WANSLEEBEN_HOGAN_2013_AE2	StageI	12746	1	1	97708893	97709759	-	1004	11	37.9
ENSG00000188641	CELL_TYPES_WANSLEEBEN_HOGAN_2013_AE2	Met	12766	1	1	97792345	97792757	-	151	5	19.6
ENSG00000188641	CELL_TYPES_WANSLEEBEN_HOGAN_2013_AE2	Met	12800	1	1	97907849	97908610	-	151	0	0.0
ENSG00000188641	CELL_TYPES_WANSLEEBEN_HOGAN_2013_AE2	Met	12767	1	1	97797542	97797834	-	151	0	0.0
ENSG00000188641	CELL_TYPES_WANSLEEBEN_HOGAN_2013_AE2	StageI	12761	1	1	97763485	97764057	-	1004	0	0.0
ENSG00000188641	CELL_TYPES_WANSLEEBEN_HOGAN_2013_AE2	StageI	12748	1	1	97711899	97712915	-	1004	2	7.3
ENSG00000188641	CELL_TYPES_WANSLEEBEN_HOGAN_2013_AE2	Normal	12724	1	1	97618415	97618937	-	102	0	0.0
ENSG00000188641	CELL_TYPES_WANSLEEBEN_HOGAN_2013_AE2	IVprimary	12591	1	1	97180194	97180488	-	132	0	0.0
ENSG00000188641	CELL_TYPES_WANSLEEBEN_HOGAN_2013_AE2	IVprimary	12578	1	1	97130731	97131216	-	132	0	0.0
ENSG00000092820	CELL_TYPES_WANSLEEBEN_HOGAN_2013_AE2	Met	249385	1	6	158770712	158772080	-	151	0	0.0
ENSG00000188641	CELL_TYPES_WANSLEEBEN_HOGAN_2013_AE2	Met	12781	1	1	97849598	97849893	-	151	0	0.0
ENSG00000188641	CELL_TYPES_WANSLEEBEN_HOGAN_2013_AE2	Met	12768	1	1	97800255	97801101	-	151	0	0.0
ENSG00000188641	CELL_TYPES_WANSLEEBEN_HOGAN_2013_AE2	IVprimary	12579	1	1	97133097	97133761	-	132	0	0.0
ENSG00000188641	CELL_TYPES_WANSLEEBEN_HOGAN_2013_AE2	StageI	12763	1	1	97776011	97776514	-	1004	0	0.0
ENSG00000188641	CELL_TYPES_WANSLEEBEN_HOGAN_2013_AE2	Met	12783	1	1	97854352	97854586	-	151	0	0.0
ENSG00000092820	CELL_TYPES_WANSLEEBEN_HOGAN_2013_AE2	Met	249421	1	6	158814458	158818266	-	151	0	0.0
ENSG00000092820	CELL_TYPES_WANSLEEBEN_HOGAN_2013_AE2	Met	249409	1	6	158797853	158801612	-	151	0	0.0
ENSG00000188641	CELL_TYPES_WANSLEEBEN_HOGAN_2013_AE2	StageI	12766	1	1	97792345	97792757	-	1004	56	233.8
ENSG00000188641	CELL_TYPES_WANSLEEBEN_HOGAN_2013_AE2	Met	12571	1	1	97097421	97097688	-	151	0	0.0
ENSG00000188641	CELL_TYPES_WANSLEEBEN_HOGAN_2013_AE2	IVprimary	12596	1	1	97187222	97188304	-	132	0	0.0
ENSG00000188641	CELL_TYPES_WANSLEEBEN_HOGAN_2013_AE2	StageI	12800	1	1	97907849	97908610	-	1004	0	0.0
ENSG00000188641	CELL_TYPES_WANSLEEBEN_HOGAN_2013_AE2	StageI	12767	1	1	97797542	97797834	-	1004	19	81.8
ENSG00000188641	CELL_TYPES_WANSLEEBEN_HOGAN_2013_AE2	IVprimary	12617	1	1	97264168	97264734	-	132	8	49.1
ENSG00000188641	CELL_TYPES_WANSLEEBEN_HOGAN_2013_AE2	StageI	12781	1	1	97849598	97849893	-	1004	9	39.6
ENSG00000188641	CELL_TYPES_WANSLEEBEN_HOGAN_2013_AE2	StageI	12768	1	1	97800255	97801101	-	1004	3	18.1
ENSG00000188641	CELL_TYPES_WANSLEEBEN_HOGAN_2013_AE2	Met	12788	1	1	97873090	97873232	-	151	0	0.0
ENSG00000188641	CELL_TYPES_WANSLEEBEN_HOGAN_2013_AE2	IVprimary	12632	1	1	97314551	97314906	-	132	2	11.7
ENSG00000188641	CELL_TYPES_WANSLEEBEN_HOGAN_2013_AE2	StageI	12783	1	1	97854352	97854586	-	1004	0	0.0
ENSG00000188641	CELL_TYPES_WANSLEEBEN_HOGAN_2013_AE2	Normal	12746	1	1	97708893	97709759	-	102	0	0.0
ENSG00000188641	CELL_TYPES_WANSLEEBEN_HOGAN_2013_AE2	Normal	12761	1	1	97763485	97764057	-	102	4	22.6
ENSG00000188641	CELL_TYPES_WANSLEEBEN_HOGAN_2013_AE2	Normal	12748	1	1	97711899	97712915	-	102	1	7.6
ENSG00000188641	CELL_TYPES_WANSLEEBEN_HOGAN_2013_AE2	IVprimary	12635	1	1	97333155	97333948	-	132	0	0.0
ENSG00000188641	CELL_TYPES_WANSLEEBEN_HOGAN_2013_AE2	StageI	12571	1	1	97097421	97097688	-	1004	0	0.0
ENSG00000188641	CELL_TYPES_WANSLEEBEN_HOGAN_2013_AE2	Met	12578	1	1	97130731	97131216	-	151	0	0.0
ENSG00000188641	CELL_TYPES_WANSLEEBEN_HOGAN_2013_AE2	Met	12591	1	1	97180194	97180488	-	151	0	0.0
ENSG00000188641	CELL_TYPES_WANSLEEBEN_HOGAN_2013_AE2	Normal	12763	1	1	97776011	97776514	-	102	0	0.0
ENSG00000188641	CELL_TYPES_WANSLEEBEN_HOGAN_2013_AE2	Met	12579	1	1	97133097	97133761	-	151	0	0.0
ENSG00000188641	CELL_TYPES_WANSLEEBEN_HOGAN_2013_AE2	StageI	12788	1	1	97873090	97873232	-	1004	1	4.4
ENSG00000188641	CELL_TYPES_WANSLEEBEN_HOGAN_2013_AE2	IVprimary	12638	1	1	97346100	97346845	-	132	8	32.6
ENSG00000188641	CELL_TYPES_WANSLEEBEN_HOGAN_2013_CILIATED_CELLS	Normal	12766	1	1	97792345	97792757	-	238	0	0.0
ENSG00000188641	CELL_TYPES_WANSLEEBEN_HOGAN_2013_CILIATED_CELLS	Normal	12800	1	1	97907849	97908610	-	238	26	80.2
ENSG00000188641	CELL_TYPES_WANSLEEBEN_HOGAN_2013_CILIATED_CELLS	Normal	12767	1	1	97797542	97797834	-	238	1	5.2
ENSG00000188641	CELL_TYPES_WANSLEEBEN_HOGAN_2013_CILIATED_CELLS	Met	12596	1	1	97187222	97188304	-	137	0	0.0
ENSG00000188641	CELL_TYPES_WANSLEEBEN_HOGAN_2013_CILIATED_CELLS	Normal	12781	1	1	97849598	97849893	-	238	1	4.1
ENSG00000188641	CELL_TYPES_WANSLEEBEN_HOGAN_2013_CILIATED_CELLS	Normal	12768	1	1	97800255	97801101	-	238	0	0.0
ENSG00000188641	CELL_TYPES_WANSLEEBEN_HOGAN_2013_CILIATED_CELLS	Met	12617	1	1	97264168	97264734	-	137	10	17.9
ENSG00000188641	CELL_TYPES_WANSLEEBEN_HOGAN_2013_CILIATED_CELLS	StageI	12591	1	1	97180194	97180488	-	165	1	5.8
ENSG00000188641	CELL_TYPES_WANSLEEBEN_HOGAN_2013_CILIATED_CELLS	StageI	12578	1	1	97130731	97131216	-	165	3	13.0
ENSG00000188641	CELL_TYPES_WANSLEEBEN_HOGAN_2013_CILIATED_CELLS	StageI	12579	1	1	97133097	97133761	-	165	0	0.0
ENSG00000188641	CELL_TYPES_WANSLEEBEN_HOGAN_2013_CILIATED_CELLS	Normal	12783	1	1	97854352	97854586	-	238	2	9.5
ENSG00000188641	CELL_TYPES_WANSLEEBEN_HOGAN_2013_CILIATED_CELLS	Met	12632	1	1	97314551	97314906	-	137	2	8.6
ENSG00000188641	CELL_TYPES_WANSLEEBEN_HOGAN_2013_CILIATED_CELLS	Normal	12571	1	1	97097421	97097688	-	238	8	25.8
ENSG00000188641	CELL_TYPES_WANSLEEBEN_HOGAN_2013_CILIATED_CELLS	Met	12635	1	1	97333155	97333948	-	137	2	13.2
ENSG00000188641	CELL_TYPES_WANSLEEBEN_HOGAN_2013_CILIATED_CELLS	StageI	12596	1	1	97187222	97188304	-	165	0	0.0
ENSG00000188641	CELL_TYPES_WANSLEEBEN_HOGAN_2013_CILIATED_CELLS	StageI	12617	1	1	97264168	97264734	-	165	2	6.6
ENSG00000188641	CELL_TYPES_WANSLEEBEN_HOGAN_2013_CILIATED_CELLS	Normal	12788	1	1	97873090	97873232	-	238	1	7.2
ENSG00000188641	CELL_TYPES_WANSLEEBEN_HOGAN_2013_CILIATED_CELLS	Met	12638	1	1	97346100	97346845	-	137	0	0.0
ENSG00000188641	CELL_TYPES_WANSLEEBEN_HOGAN_2013_CILIATED_CELLS	StageI	12632	1	1	97314551	97314906	-	165	2	6.7
ENSG00000188641	CELL_TYPES_WANSLEEBEN_HOGAN_2013_CILIATED_CELLS	Met	12654	1	1	97390771	97391562	-	137	14	27.6
ENSG00000188641	CELL_TYPES_WANSLEEBEN_HOGAN_2013_CILIATED_CELLS	StageI	12635	1	1	97333155	97333948	-	165	0	0.0
ENSG00000188641	CELL_TYPES_WANSLEEBEN_HOGAN_2013_CILIATED_CELLS	Normal	12578	1	1	97130731	97131216	-	238	0	0.0
ENSG00000188641	CELL_TYPES_WANSLEEBEN_HOGAN_2013_CILIATED_CELLS	Normal	12591	1	1	97180194	97180488	-	238	8	35.1
ENSG00000188641	CELL_TYPES_WANSLEEBEN_HOGAN_2013_CILIATED_CELLS	Met	12655	1	1	97392446	97392881	-	137	0	0.0
ENSG00000188641	CELL_TYPES_WANSLEEBEN_HOGAN_2013_CILIATED_CELLS	Normal	12579	1	1	97133097	97133761	-	238	0	0.0
ENSG00000188641	CELL_TYPES_WANSLEEBEN_HOGAN_2013_CILIATED_CELLS	Met	12670	1	1	97429534	97429824	-	137	0	0.0
ENSG00000188641	CELL_TYPES_WANSLEEBEN_HOGAN_2013_CILIATED_CELLS	StageI	12638	1	1	97346100	97346845	-	165	0	0.0
ENSG00000188641	CELL_TYPES_WANSLEEBEN_HOGAN_2013_CILIATED_CELLS	Met	12672	1	1	97432354	97432942	-	137	0	0.0
ENSG00000188641	CELL_TYPES_WANSLEEBEN_HOGAN_2013_CILIATED_CELLS	Met	12659	1	1	97400568	97402062	-	137	0	0.0
ENSG00000188641	CELL_TYPES_WANSLEEBEN_HOGAN_2013_CILIATED_CELLS	Normal	12596	1	1	97187222	97188304	-	238	3	14.0
ENSG00000188641	CELL_TYPES_WANSLEEBEN_HOGAN_2013_CILIATED_CELLS	StageI	12654	1	1	97390771	97391562	-	165	1	5.9
ENSG00000188641	CELL_TYPES_WANSLEEBEN_HOGAN_2013_CILIATED_CELLS	Normal	12617	1	1	97264168	97264734	-	238	1	5.1
ENSG00000188641	CELL_TYPES_WANSLEEBEN_HOGAN_2013_CILIATED_CELLS	StageI	12655	1	1	97392446	97392881	-	165	14	32.9
ENSG00000188641	CELL_TYPES_WANSLEEBEN_HOGAN_2013_CILIATED_CELLS	Normal	12632	1	1	97314551	97314906	-	238	10	44.9
ENSG00000188641	CELL_TYPES_WANSLEEBEN_HOGAN_2013_CILIATED_CELLS	StageI	12670	1	1	97429534	97429824	-	165	2	14.1
ENSG00000188641	CELL_TYPES_WANSLEEBEN_HOGAN_2013_CILIATED_CELLS	Met	12710	1	1	97557226	97557683	-	137	1	2.4
ENSG00000188641	CELL_TYPES_WANSLEEBEN_HOGAN_2013_CILIATED_CELLS	Met	12690	1	1	97484548	97485981	-	137	0	0.0
ENSG00000188641	CELL_TYPES_WANSLEEBEN_HOGAN_2013_CILIATED_CELLS	Met	12677	1	1	97440492	97441735	-	137	0	0.0
ENSG00000188641	CELL_TYPES_WANSLEEBEN_HOGAN_2013_CILIATED_CELLS	Met	12711	1	1	97559609	97560022	-	137	0	0.0
ENSG00000188641	CELL_TYPES_WANSLEEBEN_HOGAN_2013_CILIATED_CELLS	StageI	12672	1	1	97432354	97432942	-	165	0	0.0
ENSG00000188641	CELL_TYPES_WANSLEEBEN_HOGAN_2013_CILIATED_CELLS	StageI	12659	1	1	97400568	97402062	-	165	2	11.6
ENSG00000188641	CELL_TYPES_WANSLEEBEN_HOGAN_2013_CILIATED_CELLS	Normal	12635	1	1	97333155	97333948	-	238	1	6.9
ENSG00000188641	CELL_TYPES_WANSLEEBEN_HOGAN_2013_CILIATED_CELLS	Met	12692	1	1	97502158	97502737	-	137	0	0.0
ENSG00000092820	CELL_TYPES_WANSLEEBEN_HOGAN_2013_CILIATED_CELLS	StageI	249401	1	6	158788671	158790603	-	165	2	8.8
ENSG00000188641	CELL_TYPES_WANSLEEBEN_HOGAN_2013_CILIATED_CELLS	Met	12694	1	1	97524770	97525078	-	137	0	0.0
ENSG00000188641	CELL_TYPES_WANSLEEBEN_HOGAN_2013_CILIATED_CELLS	Normal	12638	1	1	97346100	97346845	-	238	13	34.8
ENSG00000188641	CELL_TYPES_WANSLEEBEN_HOGAN_2013_CILIATED_CELLS	StageI	12710	1	1	97557226	97557683	-	165	8	32.4
ENSG00000188641	CELL_TYPES_WANSLEEBEN_HOGAN_2013_CILIATED_CELLS	StageI	12690	1	1	97484548	97485981	-	165	15	52.2
ENSG00000188641	CELL_TYPES_WANSLEEBEN_HOGAN_2013_CILIATED_CELLS	StageI	12677	1	1	97440492	97441735	-	165	0	0.0
ENSG00000188641	CELL_TYPES_WANSLEEBEN_HOGAN_2013_CILIATED_CELLS	Met	12730	1	1	97645490	97645872	-	137	0	0.0
ENSG00000188641	CELL_TYPES_WANSLEEBEN_HOGAN_2013_CILIATED_CELLS	StageI	12711	1	1	97559609	97560022	-	165	0	0.0
ENSG00000188641	CELL_TYPES_WANSLEEBEN_HOGAN_2013_CILIATED_CELLS	Normal	12654	1	1	97390771	97391562	-	238	1	6.2
ENSG00000092820	CELL_TYPES_WANSLEEBEN_HOGAN_2013_CILIATED_CELLS	StageI	249385	1	6	158770712	158772080	-	165	0	0.0
ENSG00000188641	CELL_TYPES_WANSLEEBEN_HOGAN_2013_CILIATED_CELLS	Met	12731	1	1	97646370	97647021	-	137	6	17.9
ENSG00000188641	CELL_TYPES_WANSLEEBEN_HOGAN_2013_CILIATED_CELLS	StageI	12692	1	1	97502158	97502737	-	165	0	0.0
ENSG00000188641	CELL_TYPES_WANSLEEBEN_HOGAN_2013_CILIATED_CELLS	Normal	12655	1	1	97392446	97392881	-	238	1	4.1
ENSG00000188641	CELL_TYPES_WANSLEEBEN_HOGAN_2013_CILIATED_CELLS	StageI	12694	1	1	97524770	97525078	-	165	0	0.0
ENSG00000188641	CELL_TYPES_WANSLEEBEN_HOGAN_2013_CILIATED_CELLS	Normal	12670	1	1	97429534	97429824	-	238	0	0.0
ENSG00000092820	CELL_TYPES_WANSLEEBEN_HOGAN_2013_CILIATED_CELLS	StageI	249421	1	6	158814458	158818266	-	165	0	0.0
ENSG00000092820	CELL_TYPES_WANSLEEBEN_HOGAN_2013_CILIATED_CELLS	StageI	249409	1	6	158797853	158801612	-	165	3	9.8
ENSG00000188641	CELL_TYPES_WANSLEEBEN_HOGAN_2013_CILIATED_CELLS	Met	12735	1	1	97665486	97666723	-	137	4	9.1
ENSG00000188641	CELL_TYPES_WANSLEEBEN_HOGAN_2013_CILIATED_CELLS	Normal	12672	1	1	97432354	97432942	-	238	3	12.8
ENSG00000188641	CELL_TYPES_WANSLEEBEN_HOGAN_2013_CILIATED_CELLS	Normal	12659	1	1	97400568	97402062	-	238	4	24.8
ENSG00000188641	CELL_TYPES_WANSLEEBEN_HOGAN_2013_CILIATED_CELLS	Met	12736	1	1	97671696	97672517	-	137	0	0.0
ENSG00000188641	CELL_TYPES_WANSLEEBEN_HOGAN_2013_CILIATED_CELLS	StageI	12730	1	1	97645490	97645872	-	165	0	0.0
ENSG00000188641	CELL_TYPES_WANSLEEBEN_HOGAN_2013_CILIATED_CELLS	Met	12750	1	1	97714361	97714639	-	137	0	0.0
ENSG00000188641	CELL_TYPES_WANSLEEBEN_HOGAN_2013_CILIATED_CELLS	StageI	12731	1	1	97646370	97647021	-	165	2	8.1
ENSG00000188641	CELL_TYPES_WANSLEEBEN_HOGAN_2013_CILIATED_CELLS	Met	12753	1	1	97717950	97718705	-	137	4	11.4
ENSG00000188641	CELL_TYPES_WANSLEEBEN_HOGAN_2013_CILIATED_CELLS	Normal	12710	1	1	97557226	97557683	-	238	51	157.5
ENSG00000188641	CELL_TYPES_WANSLEEBEN_HOGAN_2013_CILIATED_CELLS	Normal	12690	1	1	97484548	97485981	-	238	2	7.6
ENSG00000188641	CELL_TYPES_WANSLEEBEN_HOGAN_2013_CILIATED_CELLS	Normal	12677	1	1	97440492	97441735	-	238	54	219.4
ENSG00000188641	CELL_TYPES_WANSLEEBEN_HOGAN_2013_CILIATED_CELLS	StageI	12735	1	1	97665486	97666723	-	165	0	0.0
ENSG00000188641	CELL_TYPES_WANSLEEBEN_HOGAN_2013_CILIATED_CELLS	Normal	12711	1	1	97559609	97560022	-	238	2	8.2
ENSG00000188641	CELL_TYPES_WANSLEEBEN_HOGAN_2013_CILIATED_CELLS	Met	12755	1	1	97719620	97720226	-	137	19	55.0
ENSG00000188641	CELL_TYPES_WANSLEEBEN_HOGAN_2013_CILIATED_CELLS	StageI	12736	1	1	97671696	97672517	-	165	0	0.0
ENSG00000188641	CELL_TYPES_WANSLEEBEN_HOGAN_2013_CILIATED_CELLS	Normal	12692	1	1	97502158	97502737	-	238	0	0.0
ENSG00000188641	CELL_TYPES_WANSLEEBEN_HOGAN_2013_CILIATED_CELLS	Met	12756	1	1	97730849	97732054	-	137	2	7.8
ENSG00000188641	CELL_TYPES_WANSLEEBEN_HOGAN_2013_CILIATED_CELLS	StageI	12750	1	1	97714361	97714639	-	165	0	0.0
ENSG00000188641	CELL_TYPES_WANSLEEBEN_HOGAN_2013_CILIATED_CELLS	Normal	12694	1	1	97524770	97525078	-	238	5	20.0
ENSG00000092820	CELL_TYPES_WANSLEEBEN_HOGAN_2013_CILIATED_CELLS	Normal	249395	1	6	158783099	158784177	-	238	1	6.6
ENSG00000188641	CELL_TYPES_WANSLEEBEN_HOGAN_2013_CILIATED_CELLS	Met	12771	1	1	97808427	97809206	-	137	4	15.8
ENSG00000188641	CELL_TYPES_WANSLEEBEN_HOGAN_2013_CILIATED_CELLS	Met	12758	1	1	97738789	97739235	-	137	0	0.0
ENSG00000188641	CELL_TYPES_WANSLEEBEN_HOGAN_2013_CILIATED_CELLS	StageI	12753	1	1	97717950	97718705	-	165	0	0.0
ENSG00000188641	CELL_TYPES_WANSLEEBEN_HOGAN_2013_CILIATED_CELLS	Normal	12730	1	1	97645490	97645872	-	238	1	4.9
ENSG00000188641	CELL_TYPES_WANSLEEBEN_HOGAN_2013_CILIATED_CELLS	StageI	12755	1	1	97719620	97720226	-	165	0	0.0
ENSG00000188641	CELL_TYPES_WANSLEEBEN_HOGAN_2013_CILIATED_CELLS	Normal	12731	1	1	97646370	97647021	-	238	20	99.7
ENSG00000092820	CELL_TYPES_WANSLEEBEN_HOGAN_2013_CILIATED_CELLS	Normal	249399	1	6	158786699	158787570	-	238	0	0.0
ENSG00000188641	CELL_TYPES_WANSLEEBEN_HOGAN_2013_CILIATED_CELLS	StageI	12756	1	1	97730849	97732054	-	165	14	51.3
ENSG00000188641	CELL_TYPES_WANSLEEBEN_HOGAN_2013_CILIATED_CELLS	Met	12776	1	1	97823152	97824427	-	137	0	0.0
ENSG00000188641	CELL_TYPES_WANSLEEBEN_HOGAN_2013_CILIATED_CELLS	StageI	12771	1	1	97808427	97809206	-	165	0	0.0
ENSG00000188641	CELL_TYPES_WANSLEEBEN_HOGAN_2013_CILIATED_CELLS	StageI	12758	1	1	97738789	97739235	-	165	0	0.0
ENSG00000092820	CELL_TYPES_WANSLEEBEN_HOGAN_2013_CILIATED_CELLS	Met	249395	1	6	158783099	158784177	-	137	0	0.0
ENSG00000188641	CELL_TYPES_WANSLEEBEN_HOGAN_2013_CILIATED_CELLS	Met	12778	1	1	97826430	97828108	-	137	9	20.5
ENSG00000188641	CELL_TYPES_WANSLEEBEN_HOGAN_2013_CILIATED_CELLS	Normal	12735	1	1	97665486	97666723	-	238	2	13.6
ENSG00000188641	CELL_TYPES_WANSLEEBEN_HOGAN_2013_CILIATED_CELLS	Met	12779	1	1	97829840	97830188	-	137	0	0.0
ENSG00000188641	CELL_TYPES_WANSLEEBEN_HOGAN_2013_CILIATED_CELLS	Normal	12736	1	1	97671696	97672517	-	238	19	34.1
ENSG00000188641	CELL_TYPES_WANSLEEBEN_HOGAN_2013_CILIATED_CELLS	Met	12793	1	1	97882244	97882795	-	137	29	72.7
ENSG00000188641	CELL_TYPES_WANSLEEBEN_HOGAN_2013_CILIATED_CELLS	Normal	12750	1	1	97714361	97714639	-	238	1	4.3
ENSG00000188641	CELL_TYPES_WANSLEEBEN_HOGAN_2013_CILIATED_CELLS	Met	12566	1	1	97086207	97086745	-	137	0	0.0
ENSG00000092820	CELL_TYPES_WANSLEEBEN_HOGAN_2013_CILIATED_CELLS	Met	249399	1	6	158786699	158787570	-	137	0	0.0
ENSG00000188641	CELL_TYPES_WANSLEEBEN_HOGAN_2013_CILIATED_CELLS	StageI	12776	1	1	97823152	97824427	-	165	6	12.4
ENSG00000188641	CELL_TYPES_WANSLEEBEN_HOGAN_2013_CILIATED_CELLS	Met	12568	1	1	97089647	97090524	-	137	0	0.0
ENSG00000188641	CELL_TYPES_WANSLEEBEN_HOGAN_2013_CILIATED_CELLS	Normal	12753	1	1	97717950	97718705	-	238	15	41.1
ENSG00000188641	CELL_TYPES_WANSLEEBEN_HOGAN_2013_CILIATED_CELLS	Met	12602	1	1	97202005	97202302	-	137	0	0.0
ENSG00000188641	CELL_TYPES_WANSLEEBEN_HOGAN_2013_CILIATED_CELLS	StageI	12778	1	1	97826430	97828108	-	165	19	50.3
ENSG00000188641	CELL_TYPES_WANSLEEBEN_HOGAN_2013_CILIATED_CELLS	StageI	12779	1	1	97829840	97830188	-	165	0	0.0
ENSG00000188641	CELL_TYPES_WANSLEEBEN_HOGAN_2013_CILIATED_CELLS	Normal	12755	1	1	97719620	97720226	-	238	47	160.7
ENSG00000188641	CELL_TYPES_WANSLEEBEN_HOGAN_2013_CILIATED_CELLS	Met	12799	1	1	97899199	97899765	-	137	0	0.0
ENSG00000188641	CELL_TYPES_WANSLEEBEN_HOGAN_2013_CILIATED_CELLS	StageI	12793	1	1	97882244	97882795	-	165	4	15.3
ENSG00000188641	CELL_TYPES_WANSLEEBEN_HOGAN_2013_CILIATED_CELLS	Normal	12756	1	1	97730849	97732054	-	238	8	31.5
ENSG00000188641	CELL_TYPES_WANSLEEBEN_HOGAN_2013_CILIATED_CELLS	StageI	12566	1	1	97086207	97086745	-	165	3	10.6
ENSG00000188641	CELL_TYPES_WANSLEEBEN_HOGAN_2013_CILIATED_CELLS	Met	12585	1	1	97164963	97165320	-	137	1	2.4
ENSG00000188641	CELL_TYPES_WANSLEEBEN_HOGAN_2013_CILIATED_CELLS	Met	12605	1	1	97224607	97225130	-	137	0	0.0
ENSG00000188641	CELL_TYPES_WANSLEEBEN_HOGAN_2013_CILIATED_CELLS	Met	12606	1	1	97225581	97226111	-	137	2	8.9
ENSG00000188641	CELL_TYPES_WANSLEEBEN_HOGAN_2013_CILIATED_CELLS	Normal	12771	1	1	97808427	97809206	-	238	2	10.3
ENSG00000188641	CELL_TYPES_WANSLEEBEN_HOGAN_2013_CILIATED_CELLS	Normal	12758	1	1	97738789	97739235	-	238	10	47.3
ENSG00000188641	CELL_TYPES_WANSLEEBEN_HOGAN_2013_CILIATED_CELLS	StageI	12568	1	1	97089647	97090524	-	165	0	0.0
ENSG00000188641	CELL_TYPES_WANSLEEBEN_HOGAN_2013_CILIATED_CELLS	Met	12588	1	1	97170740	97171197	-	137	1	5.2
ENSG00000188641	CELL_TYPES_WANSLEEBEN_HOGAN_2013_CILIATED_CELLS	StageI	12602	1	1	97202005	97202302	-	165	4	21.1
ENSG00000188641	CELL_TYPES_WANSLEEBEN_HOGAN_2013_CILIATED_CELLS	StageI	12799	1	1	97899199	97899765	-	165	0	0.0
ENSG00000188641	CELL_TYPES_WANSLEEBEN_HOGAN_2013_CILIATED_CELLS	StageI	12585	1	1	97164963	97165320	-	165	36	111.4
ENSG00000188641	CELL_TYPES_WANSLEEBEN_HOGAN_2013_CILIATED_CELLS	StageI	12605	1	1	97224607	97225130	-	165	1	5.5
ENSG00000188641	CELL_TYPES_WANSLEEBEN_HOGAN_2013_CILIATED_CELLS	Normal	12776	1	1	97823152	97824427	-	238	9	31.0
ENSG00000188641	CELL_TYPES_WANSLEEBEN_HOGAN_2013_CILIATED_CELLS	StageI	12606	1	1	97225581	97226111	-	165	1	6.0
ENSG00000188641	CELL_TYPES_WANSLEEBEN_HOGAN_2013_CILIATED_CELLS	Met	12626	1	1	97285704	97286117	-	137	0	0.0
ENSG00000188641	CELL_TYPES_WANSLEEBEN_HOGAN_2013_CILIATED_CELLS	Normal	12778	1	1	97826430	97828108	-	238	5	27.7
ENSG00000188641	CELL_TYPES_WANSLEEBEN_HOGAN_2013_CILIATED_CELLS	Met	12627	1	1	97286483	97287361	-	137	2	12.8
ENSG00000188641	CELL_TYPES_WANSLEEBEN_HOGAN_2013_CILIATED_CELLS	StageI	12588	1	1	97170740	97171197	-	165	1	6.3
ENSG00000188641	CELL_TYPES_WANSLEEBEN_HOGAN_2013_CILIATED_CELLS	Normal	12779	1	1	97829840	97830188	-	238	0	0.0
ENSG00000188641	CELL_TYPES_WANSLEEBEN_HOGAN_2013_CILIATED_CELLS	Normal	12793	1	1	97882244	97882795	-	238	2	10.9
ENSG00000188641	CELL_TYPES_WANSLEEBEN_HOGAN_2013_CILIATED_CELLS	Normal	12566	1	1	97086207	97086745	-	238	0	0.0
ENSG00000188641	CELL_TYPES_WANSLEEBEN_HOGAN_2013_CILIATED_CELLS	Met	12643	1	1	97356328	97356878	-	137	1	5.3
ENSG00000188641	CELL_TYPES_WANSLEEBEN_HOGAN_2013_CILIATED_CELLS	Normal	12568	1	1	97089647	97090524	-	238	13	29.1
ENSG00000188641	CELL_TYPES_WANSLEEBEN_HOGAN_2013_CILIATED_CELLS	StageI	12626	1	1	97285704	97286117	-	165	0	0.0
ENSG00000188641	CELL_TYPES_WANSLEEBEN_HOGAN_2013_CILIATED_CELLS	Normal	12602	1	1	97202005	97202302	-	238	1	2.9
ENSG00000188641	CELL_TYPES_WANSLEEBEN_HOGAN_2013_CILIATED_CELLS	StageI	12627	1	1	97286483	97287361	-	165	0	0.0
ENSG00000188641	CELL_TYPES_WANSLEEBEN_HOGAN_2013_CILIATED_CELLS	Normal	12799	1	1	97899199	97899765	-	238	1	3.7
ENSG00000188641	CELL_TYPES_WANSLEEBEN_HOGAN_2013_CILIATED_CELLS	Normal	12585	1	1	97164963	97165320	-	238	0	0.0
ENSG00000188641	CELL_TYPES_WANSLEEBEN_HOGAN_2013_CILIATED_CELLS	Normal	12605	1	1	97224607	97225130	-	238	4	18.8
ENSG00000188641	CELL_TYPES_WANSLEEBEN_HOGAN_2013_CILIATED_CELLS	Met	12649	1	1	97381174	97381542	-	137	0	0.0
ENSG00000188641	CELL_TYPES_WANSLEEBEN_HOGAN_2013_CILIATED_CELLS	StageI	12643	1	1	97356328	97356878	-	165	0	0.0
ENSG00000188641	CELL_TYPES_WANSLEEBEN_HOGAN_2013_CILIATED_CELLS	Normal	12606	1	1	97225581	97226111	-	238	4	19.0
ENSG00000188641	CELL_TYPES_WANSLEEBEN_HOGAN_2013_CILIATED_CELLS	Normal	12588	1	1	97170740	97171197	-	238	39	166.8
ENSG00000188641	CELL_TYPES_WANSLEEBEN_HOGAN_2013_CILIATED_CELLS	Met	12680	1	1	97445823	97446216	-	137	2	5.7
ENSG00000188641	CELL_TYPES_WANSLEEBEN_HOGAN_2013_CILIATED_CELLS	Met	12681	1	1	97448699	97449251	-	137	0	0.0
ENSG00000188641	CELL_TYPES_WANSLEEBEN_HOGAN_2013_CILIATED_CELLS	StageI	12649	1	1	97381174	97381542	-	165	2	9.4
ENSG00000188641	CELL_TYPES_WANSLEEBEN_HOGAN_2013_CILIATED_CELLS	Normal	12626	1	1	97285704	97286117	-	238	0	0.0
ENSG00000188641	CELL_TYPES_WANSLEEBEN_HOGAN_2013_CILIATED_CELLS	Normal	12627	1	1	97286483	97287361	-	238	0	0.0
ENSG00000188641	CELL_TYPES_WANSLEEBEN_HOGAN_2013_CILIATED_CELLS	Met	12706	1	1	97547583	97547908	-	137	27	64.1
ENSG00000188641	CELL_TYPES_WANSLEEBEN_HOGAN_2013_CILIATED_CELLS	StageI	12680	1	1	97445823	97446216	-	165	0	0.0
ENSG00000188641	CELL_TYPES_WANSLEEBEN_HOGAN_2013_CILIATED_CELLS	Normal	12643	1	1	97356328	97356878	-	238	2	12.6
ENSG00000188641	CELL_TYPES_WANSLEEBEN_HOGAN_2013_CILIATED_CELLS	StageI	12681	1	1	97448699	97449251	-	165	0	0.0
ENSG00000188641	CELL_TYPES_WANSLEEBEN_HOGAN_2013_CILIATED_CELLS	Met	12724	1	1	97618415	97618937	-	137	0	0.0
ENSG00000188641	CELL_TYPES_WANSLEEBEN_HOGAN_2013_CILIATED_CELLS	StageI	12706	1	1	97547583	97547908	-	165	0	0.0
ENSG00000188641	CELL_TYPES_WANSLEEBEN_HOGAN_2013_CILIATED_CELLS	Normal	12649	1	1	97381174	97381542	-	238	0	0.0
ENSG00000092820	CELL_TYPES_WANSLEEBEN_HOGAN_2013_CILIATED_CELLS	StageI	249395	1	6	158783099	158784177	-	165	2	7.0
ENSG00000188641	CELL_TYPES_WANSLEEBEN_HOGAN_2013_CILIATED_CELLS	StageI	12724	1	1	97618415	97618937	-	165	5	23.9
ENSG00000188641	CELL_TYPES_WANSLEEBEN_HOGAN_2013_CILIATED_CELLS	Normal	12680	1	1	97445823	97446216	-	238	3	9.6
ENSG00000092820	CELL_TYPES_WANSLEEBEN_HOGAN_2013_CILIATED_CELLS	Normal	249401	1	6	158788671	158790603	-	238	0	0.0
ENSG00000188641	CELL_TYPES_WANSLEEBEN_HOGAN_2013_CILIATED_CELLS	Normal	12681	1	1	97448699	97449251	-	238	14	33.8
ENSG00000092820	CELL_TYPES_WANSLEEBEN_HOGAN_2013_CILIATED_CELLS	StageI	249399	1	6	158786699	158787570	-	165	0	0.0
ENSG00000188641	CELL_TYPES_WANSLEEBEN_HOGAN_2013_CILIATED_CELLS	Met	12746	1	1	97708893	97709759	-	137	5	18.7
ENSG00000092820	CELL_TYPES_WANSLEEBEN_HOGAN_2013_CILIATED_CELLS	Normal	249385	1	6	158770712	158772080	-	238	1	6.3
ENSG00000188641	CELL_TYPES_WANSLEEBEN_HOGAN_2013_CILIATED_CELLS	Met	12761	1	1	97763485	97764057	-	137	0	0.0
ENSG00000188641	CELL_TYPES_WANSLEEBEN_HOGAN_2013_CILIATED_CELLS	Met	12748	1	1	97711899	97712915	-	137	0	0.0
ENSG00000188641	CELL_TYPES_WANSLEEBEN_HOGAN_2013_CILIATED_CELLS	Normal	12706	1	1	97547583	97547908	-	238	4	8.8
ENSG00000188641	CELL_TYPES_WANSLEEBEN_HOGAN_2013_CILIATED_CELLS	Met	12763	1	1	97776011	97776514	-	137	0	0.0
ENSG00000092820	CELL_TYPES_WANSLEEBEN_HOGAN_2013_CILIATED_CELLS	Normal	249421	1	6	158814458	158818266	-	238	8	23.7
ENSG00000092820	CELL_TYPES_WANSLEEBEN_HOGAN_2013_CILIATED_CELLS	Met	249401	1	6	158788671	158790603	-	137	0	0.0
ENSG00000092820	CELL_TYPES_WANSLEEBEN_HOGAN_2013_CILIATED_CELLS	Normal	249409	1	6	158797853	158801612	-	238	2	9.2
ENSG00000188641	CELL_TYPES_WANSLEEBEN_HOGAN_2013_CILIATED_CELLS	StageI	12746	1	1	97708893	97709759	-	165	0	0.0
ENSG00000188641	CELL_TYPES_WANSLEEBEN_HOGAN_2013_CILIATED_CELLS	Met	12766	1	1	97792345	97792757	-	137	1	4.6
ENSG00000188641	CELL_TYPES_WANSLEEBEN_HOGAN_2013_CILIATED_CELLS	Met	12800	1	1	97907849	97908610	-	137	0	0.0
ENSG00000188641	CELL_TYPES_WANSLEEBEN_HOGAN_2013_CILIATED_CELLS	Met	12767	1	1	97797542	97797834	-	137	0	0.0
ENSG00000188641	CELL_TYPES_WANSLEEBEN_HOGAN_2013_CILIATED_CELLS	StageI	12761	1	1	97763485	97764057	-	165	0	0.0
ENSG00000188641	CELL_TYPES_WANSLEEBEN_HOGAN_2013_CILIATED_CELLS	StageI	12748	1	1	97711899	97712915	-	165	0	0.0
ENSG00000188641	CELL_TYPES_WANSLEEBEN_HOGAN_2013_CILIATED_CELLS	Normal	12724	1	1	97618415	97618937	-	238	46	135.8
ENSG00000092820	CELL_TYPES_WANSLEEBEN_HOGAN_2013_CILIATED_CELLS	Met	249385	1	6	158770712	158772080	-	137	0	0.0
ENSG00000188641	CELL_TYPES_WANSLEEBEN_HOGAN_2013_CILIATED_CELLS	Met	12781	1	1	97849598	97849893	-	137	0	0.0
ENSG00000188641	CELL_TYPES_WANSLEEBEN_HOGAN_2013_CILIATED_CELLS	Met	12768	1	1	97800255	97801101	-	137	5	20.8
ENSG00000188641	CELL_TYPES_WANSLEEBEN_HOGAN_2013_CILIATED_CELLS	StageI	12763	1	1	97776011	97776514	-	165	0	0.0
ENSG00000188641	CELL_TYPES_WANSLEEBEN_HOGAN_2013_CILIATED_CELLS	Met	12783	1	1	97854352	97854586	-	137	0	0.0
ENSG00000092820	CELL_TYPES_WANSLEEBEN_HOGAN_2013_CILIATED_CELLS	Met	249421	1	6	158814458	158818266	-	137	0	0.0
ENSG00000092820	CELL_TYPES_WANSLEEBEN_HOGAN_2013_CILIATED_CELLS	Met	249409	1	6	158797853	158801612	-	137	2	10.0
ENSG00000188641	CELL_TYPES_WANSLEEBEN_HOGAN_2013_CILIATED_CELLS	StageI	12766	1	1	97792345	97792757	-	165	0	0.0
ENSG00000188641	CELL_TYPES_WANSLEEBEN_HOGAN_2013_CILIATED_CELLS	Met	12571	1	1	97097421	97097688	-	137	0	0.0
ENSG00000188641	CELL_TYPES_WANSLEEBEN_HOGAN_2013_CILIATED_CELLS	StageI	12800	1	1	97907849	97908610	-	165	0	0.0
ENSG00000188641	CELL_TYPES_WANSLEEBEN_HOGAN_2013_CILIATED_CELLS	StageI	12767	1	1	97797542	97797834	-	165	2	10.7
ENSG00000188641	CELL_TYPES_WANSLEEBEN_HOGAN_2013_CILIATED_CELLS	StageI	12781	1	1	97849598	97849893	-	165	0	0.0
ENSG00000188641	CELL_TYPES_WANSLEEBEN_HOGAN_2013_CILIATED_CELLS	StageI	12768	1	1	97800255	97801101	-	165	0	0.0
ENSG00000188641	CELL_TYPES_WANSLEEBEN_HOGAN_2013_CILIATED_CELLS	Met	12788	1	1	97873090	97873232	-	137	0	0.0
ENSG00000188641	CELL_TYPES_WANSLEEBEN_HOGAN_2013_CILIATED_CELLS	StageI	12783	1	1	97854352	97854586	-	165	0	0.0
ENSG00000188641	CELL_TYPES_WANSLEEBEN_HOGAN_2013_CILIATED_CELLS	Normal	12746	1	1	97708893	97709759	-	238	6	25.7
ENSG00000188641	CELL_TYPES_WANSLEEBEN_HOGAN_2013_CILIATED_CELLS	Normal	12761	1	1	97763485	97764057	-	238	2	8.9
ENSG00000188641	CELL_TYPES_WANSLEEBEN_HOGAN_2013_CILIATED_CELLS	Normal	12748	1	1	97711899	97712915	-	238	1	6.2
ENSG00000188641	CELL_TYPES_WANSLEEBEN_HOGAN_2013_CILIATED_CELLS	StageI	12571	1	1	97097421	97097688	-	165	0	0.0
ENSG00000188641	CELL_TYPES_WANSLEEBEN_HOGAN_2013_CILIATED_CELLS	Met	12578	1	1	97130731	97131216	-	137	0	0.0
ENSG00000188641	CELL_TYPES_WANSLEEBEN_HOGAN_2013_CILIATED_CELLS	Met	12591	1	1	97180194	97180488	-	137	0	0.0
ENSG00000188641	CELL_TYPES_WANSLEEBEN_HOGAN_2013_CILIATED_CELLS	Normal	12763	1	1	97776011	97776514	-	238	3	14.6
ENSG00000188641	CELL_TYPES_WANSLEEBEN_HOGAN_2013_CILIATED_CELLS	Met	12579	1	1	97133097	97133761	-	137	0	0.0
ENSG00000188641	CELL_TYPES_WANSLEEBEN_HOGAN_2013_CILIATED_CELLS	StageI	12788	1	1	97873090	97873232	-	165	0	0.0
ENSG00000188641	CELL_TYPES_WANSLEEBEN_HOGAN_2013_CYTOTOXIC_T_NK	Normal	12766	1	1	97792345	97792757	-	707	0	0.0
ENSG00000188641	CELL_TYPES_WANSLEEBEN_HOGAN_2013_CYTOTOXIC_T_NK	Normal	12800	1	1	97907849	97908610	-	707	10	50.8
ENSG00000188641	CELL_TYPES_WANSLEEBEN_HOGAN_2013_CYTOTOXIC_T_NK	Normal	12767	1	1	97797542	97797834	-	707	0	0.0
ENSG00000188641	CELL_TYPES_WANSLEEBEN_HOGAN_2013_CYTOTOXIC_T_NK	IVprimary	12654	1	1	97390771	97391562	-	75	8	24.1
ENSG00000188641	CELL_TYPES_WANSLEEBEN_HOGAN_2013_CYTOTOXIC_T_NK	Met	12596	1	1	97187222	97188304	-	504	0	0.0
ENSG00000188641	CELL_TYPES_WANSLEEBEN_HOGAN_2013_CYTOTOXIC_T_NK	Normal	12781	1	1	97849598	97849893	-	707	1	7.4
ENSG00000188641	CELL_TYPES_WANSLEEBEN_HOGAN_2013_CYTOTOXIC_T_NK	Normal	12768	1	1	97800255	97801101	-	707	0	0.0
ENSG00000188641	CELL_TYPES_WANSLEEBEN_HOGAN_2013_CYTOTOXIC_T_NK	IVprimary	12655	1	1	97392446	97392881	-	75	0	0.0
ENSG00000188641	CELL_TYPES_WANSLEEBEN_HOGAN_2013_CYTOTOXIC_T_NK	Met	12617	1	1	97264168	97264734	-	504	0	0.0
ENSG00000188641	CELL_TYPES_WANSLEEBEN_HOGAN_2013_CYTOTOXIC_T_NK	StageI	12591	1	1	97180194	97180488	-	152	0	0.0
ENSG00000188641	CELL_TYPES_WANSLEEBEN_HOGAN_2013_CYTOTOXIC_T_NK	StageI	12578	1	1	97130731	97131216	-	152	0	0.0
ENSG00000188641	CELL_TYPES_WANSLEEBEN_HOGAN_2013_CYTOTOXIC_T_NK	StageI	12579	1	1	97133097	97133761	-	152	0	0.0
ENSG00000188641	CELL_TYPES_WANSLEEBEN_HOGAN_2013_CYTOTOXIC_T_NK	Normal	12783	1	1	97854352	97854586	-	707	0	0.0
ENSG00000188641	CELL_TYPES_WANSLEEBEN_HOGAN_2013_CYTOTOXIC_T_NK	IVprimary	12670	1	1	97429534	97429824	-	75	0	0.0
ENSG00000188641	CELL_TYPES_WANSLEEBEN_HOGAN_2013_CYTOTOXIC_T_NK	Met	12632	1	1	97314551	97314906	-	504	0	0.0
ENSG00000188641	CELL_TYPES_WANSLEEBEN_HOGAN_2013_CYTOTOXIC_T_NK	IVprimary	12672	1	1	97432354	97432942	-	75	0	0.0
ENSG00000188641	CELL_TYPES_WANSLEEBEN_HOGAN_2013_CYTOTOXIC_T_NK	IVprimary	12659	1	1	97400568	97402062	-	75	0	0.0
ENSG00000188641	CELL_TYPES_WANSLEEBEN_HOGAN_2013_CYTOTOXIC_T_NK	Normal	12571	1	1	97097421	97097688	-	707	1	4.2
ENSG00000188641	CELL_TYPES_WANSLEEBEN_HOGAN_2013_CYTOTOXIC_T_NK	Met	12635	1	1	97333155	97333948	-	504	3	20.0
ENSG00000188641	CELL_TYPES_WANSLEEBEN_HOGAN_2013_CYTOTOXIC_T_NK	StageI	12596	1	1	97187222	97188304	-	152	0	0.0
ENSG00000188641	CELL_TYPES_WANSLEEBEN_HOGAN_2013_CYTOTOXIC_T_NK	StageI	12617	1	1	97264168	97264734	-	152	0	0.0
ENSG00000188641	CELL_TYPES_WANSLEEBEN_HOGAN_2013_CYTOTOXIC_T_NK	Normal	12788	1	1	97873090	97873232	-	707	0	0.0
ENSG00000188641	CELL_TYPES_WANSLEEBEN_HOGAN_2013_CYTOTOXIC_T_NK	Met	12638	1	1	97346100	97346845	-	504	0	0.0
ENSG00000188641	CELL_TYPES_WANSLEEBEN_HOGAN_2013_CYTOTOXIC_T_NK	StageI	12632	1	1	97314551	97314906	-	152	0	0.0
ENSG00000188641	CELL_TYPES_WANSLEEBEN_HOGAN_2013_CYTOTOXIC_T_NK	IVprimary	12710	1	1	97557226	97557683	-	75	1	5.0
ENSG00000188641	CELL_TYPES_WANSLEEBEN_HOGAN_2013_CYTOTOXIC_T_NK	IVprimary	12690	1	1	97484548	97485981	-	75	0	0.0
ENSG00000188641	CELL_TYPES_WANSLEEBEN_HOGAN_2013_CYTOTOXIC_T_NK	IVprimary	12677	1	1	97440492	97441735	-	75	0	0.0
ENSG00000188641	CELL_TYPES_WANSLEEBEN_HOGAN_2013_CYTOTOXIC_T_NK	IVprimary	12711	1	1	97559609	97560022	-	75	0	0.0
ENSG00000188641	CELL_TYPES_WANSLEEBEN_HOGAN_2013_CYTOTOXIC_T_NK	IVprimary	12692	1	1	97502158	97502737	-	75	0	0.0
ENSG00000188641	CELL_TYPES_WANSLEEBEN_HOGAN_2013_CYTOTOXIC_T_NK	Met	12654	1	1	97390771	97391562	-	504	0	0.0
ENSG00000188641	CELL_TYPES_WANSLEEBEN_HOGAN_2013_CYTOTOXIC_T_NK	StageI	12635	1	1	97333155	97333948	-	152	1	6.1
ENSG00000188641	CELL_TYPES_WANSLEEBEN_HOGAN_2013_CYTOTOXIC_T_NK	Normal	12578	1	1	97130731	97131216	-	707	0	0.0
ENSG00000188641	CELL_TYPES_WANSLEEBEN_HOGAN_2013_CYTOTOXIC_T_NK	Normal	12591	1	1	97180194	97180488	-	707	1	5.0
ENSG00000188641	CELL_TYPES_WANSLEEBEN_HOGAN_2013_CYTOTOXIC_T_NK	Met	12655	1	1	97392446	97392881	-	504	0	0.0
ENSG00000188641	CELL_TYPES_WANSLEEBEN_HOGAN_2013_CYTOTOXIC_T_NK	Normal	12579	1	1	97133097	97133761	-	707	0	0.0
ENSG00000188641	CELL_TYPES_WANSLEEBEN_HOGAN_2013_CYTOTOXIC_T_NK	IVprimary	12694	1	1	97524770	97525078	-	75	62	166.8
ENSG00000188641	CELL_TYPES_WANSLEEBEN_HOGAN_2013_CYTOTOXIC_T_NK	Met	12670	1	1	97429534	97429824	-	504	0	0.0
ENSG00000188641	CELL_TYPES_WANSLEEBEN_HOGAN_2013_CYTOTOXIC_T_NK	StageI	12638	1	1	97346100	97346845	-	152	0	0.0
ENSG00000188641	CELL_TYPES_WANSLEEBEN_HOGAN_2013_CYTOTOXIC_T_NK	IVprimary	12730	1	1	97645490	97645872	-	75	0	0.0
ENSG00000188641	CELL_TYPES_WANSLEEBEN_HOGAN_2013_CYTOTOXIC_T_NK	Met	12672	1	1	97432354	97432942	-	504	0	0.0
ENSG00000188641	CELL_TYPES_WANSLEEBEN_HOGAN_2013_CYTOTOXIC_T_NK	Met	12659	1	1	97400568	97402062	-	504	0	0.0
ENSG00000188641	CELL_TYPES_WANSLEEBEN_HOGAN_2013_CYTOTOXIC_T_NK	Normal	12596	1	1	97187222	97188304	-	707	0	0.0
ENSG00000188641	CELL_TYPES_WANSLEEBEN_HOGAN_2013_CYTOTOXIC_T_NK	IVprimary	12731	1	1	97646370	97647021	-	75	0	0.0
ENSG00000188641	CELL_TYPES_WANSLEEBEN_HOGAN_2013_CYTOTOXIC_T_NK	StageI	12654	1	1	97390771	97391562	-	152	6	21.2
ENSG00000188641	CELL_TYPES_WANSLEEBEN_HOGAN_2013_CYTOTOXIC_T_NK	Normal	12617	1	1	97264168	97264734	-	707	0	0.0
ENSG00000092820	CELL_TYPES_WANSLEEBEN_HOGAN_2013_CYTOTOXIC_T_NK	IVprimary	249395	1	6	158783099	158784177	-	75	0	0.0
ENSG00000188641	CELL_TYPES_WANSLEEBEN_HOGAN_2013_CYTOTOXIC_T_NK	StageI	12655	1	1	97392446	97392881	-	152	0	0.0
ENSG00000188641	CELL_TYPES_WANSLEEBEN_HOGAN_2013_CYTOTOXIC_T_NK	Normal	12632	1	1	97314551	97314906	-	707	19	75.4
ENSG00000188641	CELL_TYPES_WANSLEEBEN_HOGAN_2013_CYTOTOXIC_T_NK	StageI	12670	1	1	97429534	97429824	-	152	0	0.0
ENSG00000188641	CELL_TYPES_WANSLEEBEN_HOGAN_2013_CYTOTOXIC_T_NK	IVprimary	12735	1	1	97665486	97666723	-	75	0	0.0
ENSG00000188641	CELL_TYPES_WANSLEEBEN_HOGAN_2013_CYTOTOXIC_T_NK	Met	12710	1	1	97557226	97557683	-	504	4	25.1
ENSG00000188641	CELL_TYPES_WANSLEEBEN_HOGAN_2013_CYTOTOXIC_T_NK	Met	12690	1	1	97484548	97485981	-	504	0	0.0
ENSG00000188641	CELL_TYPES_WANSLEEBEN_HOGAN_2013_CYTOTOXIC_T_NK	Met	12677	1	1	97440492	97441735	-	504	0	0.0
ENSG00000092820	CELL_TYPES_WANSLEEBEN_HOGAN_2013_CYTOTOXIC_T_NK	IVprimary	249399	1	6	158786699	158787570	-	75	0	0.0
ENSG00000188641	CELL_TYPES_WANSLEEBEN_HOGAN_2013_CYTOTOXIC_T_NK	IVprimary	12736	1	1	97671696	97672517	-	75	0	0.0
ENSG00000188641	CELL_TYPES_WANSLEEBEN_HOGAN_2013_CYTOTOXIC_T_NK	Met	12711	1	1	97559609	97560022	-	504	0	0.0
ENSG00000188641	CELL_TYPES_WANSLEEBEN_HOGAN_2013_CYTOTOXIC_T_NK	StageI	12672	1	1	97432354	97432942	-	152	0	0.0
ENSG00000188641	CELL_TYPES_WANSLEEBEN_HOGAN_2013_CYTOTOXIC_T_NK	StageI	12659	1	1	97400568	97402062	-	152	0	0.0
ENSG00000188641	CELL_TYPES_WANSLEEBEN_HOGAN_2013_CYTOTOXIC_T_NK	Normal	12635	1	1	97333155	97333948	-	707	0	0.0
ENSG00000188641	CELL_TYPES_WANSLEEBEN_HOGAN_2013_CYTOTOXIC_T_NK	IVprimary	12750	1	1	97714361	97714639	-	75	23	89.1
ENSG00000188641	CELL_TYPES_WANSLEEBEN_HOGAN_2013_CYTOTOXIC_T_NK	Met	12692	1	1	97502158	97502737	-	504	0	0.0
ENSG00000092820	CELL_TYPES_WANSLEEBEN_HOGAN_2013_CYTOTOXIC_T_NK	StageI	249401	1	6	158788671	158790603	-	152	0	0.0
ENSG00000188641	CELL_TYPES_WANSLEEBEN_HOGAN_2013_CYTOTOXIC_T_NK	Met	12694	1	1	97524770	97525078	-	504	0	0.0
ENSG00000188641	CELL_TYPES_WANSLEEBEN_HOGAN_2013_CYTOTOXIC_T_NK	Normal	12638	1	1	97346100	97346845	-	707	2	6.3
ENSG00000188641	CELL_TYPES_WANSLEEBEN_HOGAN_2013_CYTOTOXIC_T_NK	IVprimary	12753	1	1	97717950	97718705	-	75	0	0.0
ENSG00000188641	CELL_TYPES_WANSLEEBEN_HOGAN_2013_CYTOTOXIC_T_NK	StageI	12710	1	1	97557226	97557683	-	152	0	0.0
ENSG00000188641	CELL_TYPES_WANSLEEBEN_HOGAN_2013_CYTOTOXIC_T_NK	StageI	12690	1	1	97484548	97485981	-	152	0	0.0
ENSG00000188641	CELL_TYPES_WANSLEEBEN_HOGAN_2013_CYTOTOXIC_T_NK	StageI	12677	1	1	97440492	97441735	-	152	2	7.3
ENSG00000188641	CELL_TYPES_WANSLEEBEN_HOGAN_2013_CYTOTOXIC_T_NK	IVprimary	12755	1	1	97719620	97720226	-	75	0	0.0
ENSG00000188641	CELL_TYPES_WANSLEEBEN_HOGAN_2013_CYTOTOXIC_T_NK	Met	12730	1	1	97645490	97645872	-	504	3	19.3
ENSG00000188641	CELL_TYPES_WANSLEEBEN_HOGAN_2013_CYTOTOXIC_T_NK	StageI	12711	1	1	97559609	97560022	-	152	0	0.0
ENSG00000188641	CELL_TYPES_WANSLEEBEN_HOGAN_2013_CYTOTOXIC_T_NK	Normal	12654	1	1	97390771	97391562	-	707	0	0.0
ENSG00000092820	CELL_TYPES_WANSLEEBEN_HOGAN_2013_CYTOTOXIC_T_NK	StageI	249385	1	6	158770712	158772080	-	152	3	15.5
ENSG00000188641	CELL_TYPES_WANSLEEBEN_HOGAN_2013_CYTOTOXIC_T_NK	IVprimary	12756	1	1	97730849	97732054	-	75	0	0.0
ENSG00000188641	CELL_TYPES_WANSLEEBEN_HOGAN_2013_CYTOTOXIC_T_NK	Met	12731	1	1	97646370	97647021	-	504	0	0.0
ENSG00000188641	CELL_TYPES_WANSLEEBEN_HOGAN_2013_CYTOTOXIC_T_NK	StageI	12692	1	1	97502158	97502737	-	152	0	0.0
ENSG00000188641	CELL_TYPES_WANSLEEBEN_HOGAN_2013_CYTOTOXIC_T_NK	Normal	12655	1	1	97392446	97392881	-	707	0	0.0
ENSG00000188641	CELL_TYPES_WANSLEEBEN_HOGAN_2013_CYTOTOXIC_T_NK	IVprimary	12771	1	1	97808427	97809206	-	75	0	0.0
ENSG00000188641	CELL_TYPES_WANSLEEBEN_HOGAN_2013_CYTOTOXIC_T_NK	IVprimary	12758	1	1	97738789	97739235	-	75	3	17.1
ENSG00000188641	CELL_TYPES_WANSLEEBEN_HOGAN_2013_CYTOTOXIC_T_NK	StageI	12694	1	1	97524770	97525078	-	152	0	0.0
ENSG00000188641	CELL_TYPES_WANSLEEBEN_HOGAN_2013_CYTOTOXIC_T_NK	Normal	12670	1	1	97429534	97429824	-	707	0	0.0
ENSG00000092820	CELL_TYPES_WANSLEEBEN_HOGAN_2013_CYTOTOXIC_T_NK	StageI	249421	1	6	158814458	158818266	-	152	8	41.0
ENSG00000092820	CELL_TYPES_WANSLEEBEN_HOGAN_2013_CYTOTOXIC_T_NK	StageI	249409	1	6	158797853	158801612	-	152	7	35.2
ENSG00000188641	CELL_TYPES_WANSLEEBEN_HOGAN_2013_CYTOTOXIC_T_NK	Met	12735	1	1	97665486	97666723	-	504	0	0.0
ENSG00000188641	CELL_TYPES_WANSLEEBEN_HOGAN_2013_CYTOTOXIC_T_NK	Normal	12672	1	1	97432354	97432942	-	707	0	0.0
ENSG00000188641	CELL_TYPES_WANSLEEBEN_HOGAN_2013_CYTOTOXIC_T_NK	Normal	12659	1	1	97400568	97402062	-	707	5	32.9
ENSG00000188641	CELL_TYPES_WANSLEEBEN_HOGAN_2013_CYTOTOXIC_T_NK	Met	12736	1	1	97671696	97672517	-	504	1	6.9
ENSG00000188641	CELL_TYPES_WANSLEEBEN_HOGAN_2013_CYTOTOXIC_T_NK	StageI	12730	1	1	97645490	97645872	-	152	0	0.0
ENSG00000188641	CELL_TYPES_WANSLEEBEN_HOGAN_2013_CYTOTOXIC_T_NK	Met	12750	1	1	97714361	97714639	-	504	0	0.0
ENSG00000188641	CELL_TYPES_WANSLEEBEN_HOGAN_2013_CYTOTOXIC_T_NK	StageI	12731	1	1	97646370	97647021	-	152	17	70.2
ENSG00000188641	CELL_TYPES_WANSLEEBEN_HOGAN_2013_CYTOTOXIC_T_NK	IVprimary	12776	1	1	97823152	97824427	-	75	0	0.0
ENSG00000188641	CELL_TYPES_WANSLEEBEN_HOGAN_2013_CYTOTOXIC_T_NK	IVprimary	12778	1	1	97826430	97828108	-	75	0	0.0
ENSG00000188641	CELL_TYPES_WANSLEEBEN_HOGAN_2013_CYTOTOXIC_T_NK	Met	12753	1	1	97717950	97718705	-	504	0	0.0
ENSG00000188641	CELL_TYPES_WANSLEEBEN_HOGAN_2013_CYTOTOXIC_T_NK	Normal	12710	1	1	97557226	97557683	-	707	5	9.2
ENSG00000188641	CELL_TYPES_WANSLEEBEN_HOGAN_2013_CYTOTOXIC_T_NK	Normal	12690	1	1	97484548	97485981	-	707	5	24.8
ENSG00000188641	CELL_TYPES_WANSLEEBEN_HOGAN_2013_CYTOTOXIC_T_NK	Normal	12677	1	1	97440492	97441735	-	707	13	53.6
ENSG00000188641	CELL_TYPES_WANSLEEBEN_HOGAN_2013_CYTOTOXIC_T_NK	IVprimary	12779	1	1	97829840	97830188	-	75	0	0.0
ENSG00000188641	CELL_TYPES_WANSLEEBEN_HOGAN_2013_CYTOTOXIC_T_NK	StageI	12735	1	1	97665486	97666723	-	152	0	0.0
ENSG00000188641	CELL_TYPES_WANSLEEBEN_HOGAN_2013_CYTOTOXIC_T_NK	Normal	12711	1	1	97559609	97560022	-	707	0	0.0
ENSG00000188641	CELL_TYPES_WANSLEEBEN_HOGAN_2013_CYTOTOXIC_T_NK	IVprimary	12793	1	1	97882244	97882795	-	75	17	44.9
ENSG00000188641	CELL_TYPES_WANSLEEBEN_HOGAN_2013_CYTOTOXIC_T_NK	Met	12755	1	1	97719620	97720226	-	504	0	0.0
ENSG00000188641	CELL_TYPES_WANSLEEBEN_HOGAN_2013_CYTOTOXIC_T_NK	StageI	12736	1	1	97671696	97672517	-	152	0	0.0
ENSG00000188641	CELL_TYPES_WANSLEEBEN_HOGAN_2013_CYTOTOXIC_T_NK	Normal	12692	1	1	97502158	97502737	-	707	1	4.3
ENSG00000188641	CELL_TYPES_WANSLEEBEN_HOGAN_2013_CYTOTOXIC_T_NK	IVprimary	12566	1	1	97086207	97086745	-	75	13	43.2
ENSG00000188641	CELL_TYPES_WANSLEEBEN_HOGAN_2013_CYTOTOXIC_T_NK	Met	12756	1	1	97730849	97732054	-	504	0	0.0
ENSG00000188641	CELL_TYPES_WANSLEEBEN_HOGAN_2013_CYTOTOXIC_T_NK	StageI	12750	1	1	97714361	97714639	-	152	0	0.0
ENSG00000188641	CELL_TYPES_WANSLEEBEN_HOGAN_2013_CYTOTOXIC_T_NK	Normal	12694	1	1	97524770	97525078	-	707	5	26.7
ENSG00000188641	CELL_TYPES_WANSLEEBEN_HOGAN_2013_CYTOTOXIC_T_NK	IVprimary	12568	1	1	97089647	97090524	-	75	0	0.0
ENSG00000092820	CELL_TYPES_WANSLEEBEN_HOGAN_2013_CYTOTOXIC_T_NK	Normal	249395	1	6	158783099	158784177	-	707	2	12.2
ENSG00000188641	CELL_TYPES_WANSLEEBEN_HOGAN_2013_CYTOTOXIC_T_NK	Met	12771	1	1	97808427	97809206	-	504	0	0.0
ENSG00000188641	CELL_TYPES_WANSLEEBEN_HOGAN_2013_CYTOTOXIC_T_NK	Met	12758	1	1	97738789	97739235	-	504	0	0.0
ENSG00000188641	CELL_TYPES_WANSLEEBEN_HOGAN_2013_CYTOTOXIC_T_NK	IVprimary	12602	1	1	97202005	97202302	-	75	0	0.0
ENSG00000188641	CELL_TYPES_WANSLEEBEN_HOGAN_2013_CYTOTOXIC_T_NK	StageI	12753	1	1	97717950	97718705	-	152	0	0.0
ENSG00000188641	CELL_TYPES_WANSLEEBEN_HOGAN_2013_CYTOTOXIC_T_NK	Normal	12730	1	1	97645490	97645872	-	707	0	0.0
ENSG00000188641	CELL_TYPES_WANSLEEBEN_HOGAN_2013_CYTOTOXIC_T_NK	IVprimary	12799	1	1	97899199	97899765	-	75	0	0.0
ENSG00000188641	CELL_TYPES_WANSLEEBEN_HOGAN_2013_CYTOTOXIC_T_NK	StageI	12755	1	1	97719620	97720226	-	152	0	0.0
ENSG00000188641	CELL_TYPES_WANSLEEBEN_HOGAN_2013_CYTOTOXIC_T_NK	Normal	12731	1	1	97646370	97647021	-	707	43	222.6
ENSG00000188641	CELL_TYPES_WANSLEEBEN_HOGAN_2013_CYTOTOXIC_T_NK	IVprimary	12605	1	1	97224607	97225130	-	75	0	0.0
ENSG00000188641	CELL_TYPES_WANSLEEBEN_HOGAN_2013_CYTOTOXIC_T_NK	IVprimary	12585	1	1	97164963	97165320	-	75	0	0.0
ENSG00000092820	CELL_TYPES_WANSLEEBEN_HOGAN_2013_CYTOTOXIC_T_NK	Normal	249399	1	6	158786699	158787570	-	707	0	0.0
ENSG00000188641	CELL_TYPES_WANSLEEBEN_HOGAN_2013_CYTOTOXIC_T_NK	StageI	12756	1	1	97730849	97732054	-	152	0	0.0
ENSG00000188641	CELL_TYPES_WANSLEEBEN_HOGAN_2013_CYTOTOXIC_T_NK	IVprimary	12606	1	1	97225581	97226111	-	75	0	0.0
ENSG00000188641	CELL_TYPES_WANSLEEBEN_HOGAN_2013_CYTOTOXIC_T_NK	Met	12776	1	1	97823152	97824427	-	504	0	0.0
ENSG00000188641	CELL_TYPES_WANSLEEBEN_HOGAN_2013_CYTOTOXIC_T_NK	StageI	12771	1	1	97808427	97809206	-	152	0	0.0
ENSG00000188641	CELL_TYPES_WANSLEEBEN_HOGAN_2013_CYTOTOXIC_T_NK	StageI	12758	1	1	97738789	97739235	-	152	0	0.0
ENSG00000188641	CELL_TYPES_WANSLEEBEN_HOGAN_2013_CYTOTOXIC_T_NK	IVprimary	12588	1	1	97170740	97171197	-	75	0	0.0
ENSG00000092820	CELL_TYPES_WANSLEEBEN_HOGAN_2013_CYTOTOXIC_T_NK	Met	249395	1	6	158783099	158784177	-	504	0	0.0
ENSG00000188641	CELL_TYPES_WANSLEEBEN_HOGAN_2013_CYTOTOXIC_T_NK	Met	12778	1	1	97826430	97828108	-	504	81	243.6
ENSG00000188641	CELL_TYPES_WANSLEEBEN_HOGAN_2013_CYTOTOXIC_T_NK	Normal	12735	1	1	97665486	97666723	-	707	6	30.9
ENSG00000188641	CELL_TYPES_WANSLEEBEN_HOGAN_2013_CYTOTOXIC_T_NK	Met	12779	1	1	97829840	97830188	-	504	0	0.0
ENSG00000188641	CELL_TYPES_WANSLEEBEN_HOGAN_2013_CYTOTOXIC_T_NK	Normal	12736	1	1	97671696	97672517	-	707	8	44.1
ENSG00000188641	CELL_TYPES_WANSLEEBEN_HOGAN_2013_CYTOTOXIC_T_NK	Met	12793	1	1	97882244	97882795	-	504	0	0.0
ENSG00000188641	CELL_TYPES_WANSLEEBEN_HOGAN_2013_CYTOTOXIC_T_NK	Normal	12750	1	1	97714361	97714639	-	707	1	4.4
ENSG00000188641	CELL_TYPES_WANSLEEBEN_HOGAN_2013_CYTOTOXIC_T_NK	Met	12566	1	1	97086207	97086745	-	504	0	0.0
ENSG00000092820	CELL_TYPES_WANSLEEBEN_HOGAN_2013_CYTOTOXIC_T_NK	Met	249399	1	6	158786699	158787570	-	504	0	0.0
ENSG00000188641	CELL_TYPES_WANSLEEBEN_HOGAN_2013_CYTOTOXIC_T_NK	StageI	12776	1	1	97823152	97824427	-	152	0	0.0
ENSG00000188641	CELL_TYPES_WANSLEEBEN_HOGAN_2013_CYTOTOXIC_T_NK	IVprimary	12626	1	1	97285704	97286117	-	75	3	12.8
ENSG00000188641	CELL_TYPES_WANSLEEBEN_HOGAN_2013_CYTOTOXIC_T_NK	Met	12568	1	1	97089647	97090524	-	504	0	0.0
ENSG00000188641	CELL_TYPES_WANSLEEBEN_HOGAN_2013_CYTOTOXIC_T_NK	Normal	12753	1	1	97717950	97718705	-	707	5	30.2
ENSG00000188641	CELL_TYPES_WANSLEEBEN_HOGAN_2013_CYTOTOXIC_T_NK	IVprimary	12627	1	1	97286483	97287361	-	75	0	0.0
ENSG00000188641	CELL_TYPES_WANSLEEBEN_HOGAN_2013_CYTOTOXIC_T_NK	Met	12602	1	1	97202005	97202302	-	504	0	0.0
ENSG00000188641	CELL_TYPES_WANSLEEBEN_HOGAN_2013_CYTOTOXIC_T_NK	StageI	12778	1	1	97826430	97828108	-	152	0	0.0
ENSG00000188641	CELL_TYPES_WANSLEEBEN_HOGAN_2013_CYTOTOXIC_T_NK	StageI	12779	1	1	97829840	97830188	-	152	0	0.0
ENSG00000188641	CELL_TYPES_WANSLEEBEN_HOGAN_2013_CYTOTOXIC_T_NK	Normal	12755	1	1	97719620	97720226	-	707	17	64.3
ENSG00000188641	CELL_TYPES_WANSLEEBEN_HOGAN_2013_CYTOTOXIC_T_NK	Met	12799	1	1	97899199	97899765	-	504	0	0.0
ENSG00000188641	CELL_TYPES_WANSLEEBEN_HOGAN_2013_CYTOTOXIC_T_NK	StageI	12793	1	1	97882244	97882795	-	152	13	58.5
ENSG00000188641	CELL_TYPES_WANSLEEBEN_HOGAN_2013_CYTOTOXIC_T_NK	Normal	12756	1	1	97730849	97732054	-	707	1	4.4
ENSG00000188641	CELL_TYPES_WANSLEEBEN_HOGAN_2013_CYTOTOXIC_T_NK	IVprimary	12643	1	1	97356328	97356878	-	75	3	15.6
ENSG00000188641	CELL_TYPES_WANSLEEBEN_HOGAN_2013_CYTOTOXIC_T_NK	Met	12605	1	1	97224607	97225130	-	504	0	0.0
ENSG00000188641	CELL_TYPES_WANSLEEBEN_HOGAN_2013_CYTOTOXIC_T_NK	StageI	12566	1	1	97086207	97086745	-	152	0	0.0
ENSG00000188641	CELL_TYPES_WANSLEEBEN_HOGAN_2013_CYTOTOXIC_T_NK	Met	12585	1	1	97164963	97165320	-	504	0	0.0
ENSG00000188641	CELL_TYPES_WANSLEEBEN_HOGAN_2013_CYTOTOXIC_T_NK	Met	12606	1	1	97225581	97226111	-	504	12	56.8
ENSG00000188641	CELL_TYPES_WANSLEEBEN_HOGAN_2013_CYTOTOXIC_T_NK	Normal	12771	1	1	97808427	97809206	-	707	8	43.1
ENSG00000188641	CELL_TYPES_WANSLEEBEN_HOGAN_2013_CYTOTOXIC_T_NK	Normal	12758	1	1	97738789	97739235	-	707	24	120.8
ENSG00000188641	CELL_TYPES_WANSLEEBEN_HOGAN_2013_CYTOTOXIC_T_NK	StageI	12568	1	1	97089647	97090524	-	152	0	0.0
ENSG00000188641	CELL_TYPES_WANSLEEBEN_HOGAN_2013_CYTOTOXIC_T_NK	Met	12588	1	1	97170740	97171197	-	504	10	49.2
ENSG00000188641	CELL_TYPES_WANSLEEBEN_HOGAN_2013_CYTOTOXIC_T_NK	StageI	12602	1	1	97202005	97202302	-	152	2	11.1
ENSG00000188641	CELL_TYPES_WANSLEEBEN_HOGAN_2013_CYTOTOXIC_T_NK	StageI	12799	1	1	97899199	97899765	-	152	0	0.0
ENSG00000188641	CELL_TYPES_WANSLEEBEN_HOGAN_2013_CYTOTOXIC_T_NK	IVprimary	12649	1	1	97381174	97381542	-	75	1	4.6
ENSG00000188641	CELL_TYPES_WANSLEEBEN_HOGAN_2013_CYTOTOXIC_T_NK	StageI	12605	1	1	97224607	97225130	-	152	0	0.0
ENSG00000188641	CELL_TYPES_WANSLEEBEN_HOGAN_2013_CYTOTOXIC_T_NK	StageI	12585	1	1	97164963	97165320	-	152	0	0.0
ENSG00000188641	CELL_TYPES_WANSLEEBEN_HOGAN_2013_CYTOTOXIC_T_NK	Normal	12776	1	1	97823152	97824427	-	707	2	12.6
ENSG00000188641	CELL_TYPES_WANSLEEBEN_HOGAN_2013_CYTOTOXIC_T_NK	StageI	12606	1	1	97225581	97226111	-	152	6	31.9
ENSG00000188641	CELL_TYPES_WANSLEEBEN_HOGAN_2013_CYTOTOXIC_T_NK	Met	12626	1	1	97285704	97286117	-	504	0	0.0
ENSG00000188641	CELL_TYPES_WANSLEEBEN_HOGAN_2013_CYTOTOXIC_T_NK	Normal	12778	1	1	97826430	97828108	-	707	12	71.3
ENSG00000188641	CELL_TYPES_WANSLEEBEN_HOGAN_2013_CYTOTOXIC_T_NK	Met	12627	1	1	97286483	97287361	-	504	1	5.4
ENSG00000188641	CELL_TYPES_WANSLEEBEN_HOGAN_2013_CYTOTOXIC_T_NK	StageI	12588	1	1	97170740	97171197	-	152	3	13.9
ENSG00000188641	CELL_TYPES_WANSLEEBEN_HOGAN_2013_CYTOTOXIC_T_NK	Normal	12779	1	1	97829840	97830188	-	707	0	0.0
ENSG00000188641	CELL_TYPES_WANSLEEBEN_HOGAN_2013_CYTOTOXIC_T_NK	Normal	12793	1	1	97882244	97882795	-	707	11	63.2
ENSG00000188641	CELL_TYPES_WANSLEEBEN_HOGAN_2013_CYTOTOXIC_T_NK	IVprimary	12680	1	1	97445823	97446216	-	75	6	26.6
ENSG00000188641	CELL_TYPES_WANSLEEBEN_HOGAN_2013_CYTOTOXIC_T_NK	Normal	12566	1	1	97086207	97086745	-	707	0	0.0
ENSG00000188641	CELL_TYPES_WANSLEEBEN_HOGAN_2013_CYTOTOXIC_T_NK	IVprimary	12681	1	1	97448699	97449251	-	75	0	0.0
ENSG00000188641	CELL_TYPES_WANSLEEBEN_HOGAN_2013_CYTOTOXIC_T_NK	Met	12643	1	1	97356328	97356878	-	504	4	23.3
ENSG00000188641	CELL_TYPES_WANSLEEBEN_HOGAN_2013_CYTOTOXIC_T_NK	Normal	12568	1	1	97089647	97090524	-	707	0	0.0
ENSG00000188641	CELL_TYPES_WANSLEEBEN_HOGAN_2013_CYTOTOXIC_T_NK	StageI	12626	1	1	97285704	97286117	-	152	0	0.0
ENSG00000188641	CELL_TYPES_WANSLEEBEN_HOGAN_2013_CYTOTOXIC_T_NK	Normal	12602	1	1	97202005	97202302	-	707	1	3.6
ENSG00000188641	CELL_TYPES_WANSLEEBEN_HOGAN_2013_CYTOTOXIC_T_NK	StageI	12627	1	1	97286483	97287361	-	152	0	0.0
ENSG00000092820	CELL_TYPES_WANSLEEBEN_HOGAN_2013_CYTOTOXIC_T_NK	IVprimary	249401	1	6	158788671	158790603	-	75	2	9.7
ENSG00000188641	CELL_TYPES_WANSLEEBEN_HOGAN_2013_CYTOTOXIC_T_NK	Normal	12799	1	1	97899199	97899765	-	707	0	0.0
ENSG00000188641	CELL_TYPES_WANSLEEBEN_HOGAN_2013_CYTOTOXIC_T_NK	IVprimary	12706	1	1	97547583	97547908	-	75	0	0.0
ENSG00000188641	CELL_TYPES_WANSLEEBEN_HOGAN_2013_CYTOTOXIC_T_NK	Normal	12605	1	1	97224607	97225130	-	707	11	60.5
ENSG00000188641	CELL_TYPES_WANSLEEBEN_HOGAN_2013_CYTOTOXIC_T_NK	Normal	12585	1	1	97164963	97165320	-	707	0	0.0
ENSG00000188641	CELL_TYPES_WANSLEEBEN_HOGAN_2013_CYTOTOXIC_T_NK	Met	12649	1	1	97381174	97381542	-	504	0	0.0
ENSG00000188641	CELL_TYPES_WANSLEEBEN_HOGAN_2013_CYTOTOXIC_T_NK	StageI	12643	1	1	97356328	97356878	-	152	0	0.0
ENSG00000188641	CELL_TYPES_WANSLEEBEN_HOGAN_2013_CYTOTOXIC_T_NK	Normal	12606	1	1	97225581	97226111	-	707	3	16.8
ENSG00000092820	CELL_TYPES_WANSLEEBEN_HOGAN_2013_CYTOTOXIC_T_NK	IVprimary	249385	1	6	158770712	158772080	-	75	0	0.0
ENSG00000188641	CELL_TYPES_WANSLEEBEN_HOGAN_2013_CYTOTOXIC_T_NK	Normal	12588	1	1	97170740	97171197	-	707	16	80.1
ENSG00000188641	CELL_TYPES_WANSLEEBEN_HOGAN_2013_CYTOTOXIC_T_NK	IVprimary	12724	1	1	97618415	97618937	-	75	3	15.6
ENSG00000092820	CELL_TYPES_WANSLEEBEN_HOGAN_2013_CYTOTOXIC_T_NK	IVprimary	249421	1	6	158814458	158818266	-	75	0	0.0
ENSG00000188641	CELL_TYPES_WANSLEEBEN_HOGAN_2013_CYTOTOXIC_T_NK	Met	12680	1	1	97445823	97446216	-	504	1	5.7
ENSG00000092820	CELL_TYPES_WANSLEEBEN_HOGAN_2013_CYTOTOXIC_T_NK	IVprimary	249409	1	6	158797853	158801612	-	75	3	11.1
ENSG00000188641	CELL_TYPES_WANSLEEBEN_HOGAN_2013_CYTOTOXIC_T_NK	Met	12681	1	1	97448699	97449251	-	504	0	0.0
ENSG00000188641	CELL_TYPES_WANSLEEBEN_HOGAN_2013_CYTOTOXIC_T_NK	StageI	12649	1	1	97381174	97381542	-	152	0	0.0
ENSG00000188641	CELL_TYPES_WANSLEEBEN_HOGAN_2013_CYTOTOXIC_T_NK	Normal	12626	1	1	97285704	97286117	-	707	3	16.3
ENSG00000188641	CELL_TYPES_WANSLEEBEN_HOGAN_2013_CYTOTOXIC_T_NK	Normal	12627	1	1	97286483	97287361	-	707	6	38.2
ENSG00000188641	CELL_TYPES_WANSLEEBEN_HOGAN_2013_CYTOTOXIC_T_NK	Met	12706	1	1	97547583	97547908	-	504	0	0.0
ENSG00000188641	CELL_TYPES_WANSLEEBEN_HOGAN_2013_CYTOTOXIC_T_NK	StageI	12680	1	1	97445823	97446216	-	152	2	10.1
ENSG00000188641	CELL_TYPES_WANSLEEBEN_HOGAN_2013_CYTOTOXIC_T_NK	Normal	12643	1	1	97356328	97356878	-	707	2	11.1
ENSG00000188641	CELL_TYPES_WANSLEEBEN_HOGAN_2013_CYTOTOXIC_T_NK	StageI	12681	1	1	97448699	97449251	-	152	0	0.0
ENSG00000188641	CELL_TYPES_WANSLEEBEN_HOGAN_2013_CYTOTOXIC_T_NK	IVprimary	12746	1	1	97708893	97709759	-	75	0	0.0
ENSG00000188641	CELL_TYPES_WANSLEEBEN_HOGAN_2013_CYTOTOXIC_T_NK	IVprimary	12761	1	1	97763485	97764057	-	75	0	0.0
ENSG00000188641	CELL_TYPES_WANSLEEBEN_HOGAN_2013_CYTOTOXIC_T_NK	IVprimary	12748	1	1	97711899	97712915	-	75	0	0.0
ENSG00000188641	CELL_TYPES_WANSLEEBEN_HOGAN_2013_CYTOTOXIC_T_NK	Met	12724	1	1	97618415	97618937	-	504	0	0.0
ENSG00000188641	CELL_TYPES_WANSLEEBEN_HOGAN_2013_CYTOTOXIC_T_NK	IVprimary	12763	1	1	97776011	97776514	-	75	0	0.0
ENSG00000188641	CELL_TYPES_WANSLEEBEN_HOGAN_2013_CYTOTOXIC_T_NK	StageI	12706	1	1	97547583	97547908	-	152	0	0.0
ENSG00000188641	CELL_TYPES_WANSLEEBEN_HOGAN_2013_CYTOTOXIC_T_NK	Normal	12649	1	1	97381174	97381542	-	707	0	0.0
ENSG00000092820	CELL_TYPES_WANSLEEBEN_HOGAN_2013_CYTOTOXIC_T_NK	StageI	249395	1	6	158783099	158784177	-	152	4	19.4
ENSG00000188641	CELL_TYPES_WANSLEEBEN_HOGAN_2013_CYTOTOXIC_T_NK	IVprimary	12766	1	1	97792345	97792757	-	75	0	0.0
ENSG00000188641	CELL_TYPES_WANSLEEBEN_HOGAN_2013_CYTOTOXIC_T_NK	IVprimary	12800	1	1	97907849	97908610	-	75	0	0.0
ENSG00000188641	CELL_TYPES_WANSLEEBEN_HOGAN_2013_CYTOTOXIC_T_NK	IVprimary	12767	1	1	97797542	97797834	-	75	0	0.0
ENSG00000188641	CELL_TYPES_WANSLEEBEN_HOGAN_2013_CYTOTOXIC_T_NK	IVprimary	12781	1	1	97849598	97849893	-	75	0	0.0
ENSG00000188641	CELL_TYPES_WANSLEEBEN_HOGAN_2013_CYTOTOXIC_T_NK	IVprimary	12768	1	1	97800255	97801101	-	75	0	0.0
ENSG00000188641	CELL_TYPES_WANSLEEBEN_HOGAN_2013_CYTOTOXIC_T_NK	StageI	12724	1	1	97618415	97618937	-	152	1	4.9
ENSG00000188641	CELL_TYPES_WANSLEEBEN_HOGAN_2013_CYTOTOXIC_T_NK	Normal	12680	1	1	97445823	97446216	-	707	1	7.1
ENSG00000092820	CELL_TYPES_WANSLEEBEN_HOGAN_2013_CYTOTOXIC_T_NK	Normal	249401	1	6	158788671	158790603	-	707	0	0.0
ENSG00000188641	CELL_TYPES_WANSLEEBEN_HOGAN_2013_CYTOTOXIC_T_NK	Normal	12681	1	1	97448699	97449251	-	707	0	0.0
ENSG00000092820	CELL_TYPES_WANSLEEBEN_HOGAN_2013_CYTOTOXIC_T_NK	StageI	249399	1	6	158786699	158787570	-	152	1	7.1
ENSG00000188641	CELL_TYPES_WANSLEEBEN_HOGAN_2013_CYTOTOXIC_T_NK	IVprimary	12783	1	1	97854352	97854586	-	75	0	0.0
ENSG00000188641	CELL_TYPES_WANSLEEBEN_HOGAN_2013_CYTOTOXIC_T_NK	Met	12746	1	1	97708893	97709759	-	504	17	74.3
ENSG00000188641	CELL_TYPES_WANSLEEBEN_HOGAN_2013_CYTOTOXIC_T_NK	IVprimary	12571	1	1	97097421	97097688	-	75	0	0.0
ENSG00000092820	CELL_TYPES_WANSLEEBEN_HOGAN_2013_CYTOTOXIC_T_NK	Normal	249385	1	6	158770712	158772080	-	707	0	0.0
ENSG00000188641	CELL_TYPES_WANSLEEBEN_HOGAN_2013_CYTOTOXIC_T_NK	Met	12761	1	1	97763485	97764057	-	504	0	0.0
ENSG00000188641	CELL_TYPES_WANSLEEBEN_HOGAN_2013_CYTOTOXIC_T_NK	Met	12748	1	1	97711899	97712915	-	504	0	0.0
ENSG00000188641	CELL_TYPES_WANSLEEBEN_HOGAN_2013_CYTOTOXIC_T_NK	Normal	12706	1	1	97547583	97547908	-	707	1	6.0
ENSG00000188641	CELL_TYPES_WANSLEEBEN_HOGAN_2013_CYTOTOXIC_T_NK	IVprimary	12788	1	1	97873090	97873232	-	75	0	0.0
ENSG00000188641	CELL_TYPES_WANSLEEBEN_HOGAN_2013_CYTOTOXIC_T_NK	Met	12763	1	1	97776011	97776514	-	504	0	0.0
ENSG00000092820	CELL_TYPES_WANSLEEBEN_HOGAN_2013_CYTOTOXIC_T_NK	Normal	249421	1	6	158814458	158818266	-	707	5	25.3
ENSG00000092820	CELL_TYPES_WANSLEEBEN_HOGAN_2013_CYTOTOXIC_T_NK	Met	249401	1	6	158788671	158790603	-	504	1	7.7
ENSG00000092820	CELL_TYPES_WANSLEEBEN_HOGAN_2013_CYTOTOXIC_T_NK	Normal	249409	1	6	158797853	158801612	-	707	1	7.1
ENSG00000188641	CELL_TYPES_WANSLEEBEN_HOGAN_2013_CYTOTOXIC_T_NK	StageI	12746	1	1	97708893	97709759	-	152	0	0.0
ENSG00000188641	CELL_TYPES_WANSLEEBEN_HOGAN_2013_CYTOTOXIC_T_NK	Met	12766	1	1	97792345	97792757	-	504	5	39.1
ENSG00000188641	CELL_TYPES_WANSLEEBEN_HOGAN_2013_CYTOTOXIC_T_NK	Met	12800	1	1	97907849	97908610	-	504	0	0.0
ENSG00000188641	CELL_TYPES_WANSLEEBEN_HOGAN_2013_CYTOTOXIC_T_NK	Met	12767	1	1	97797542	97797834	-	504	4	28.1
ENSG00000188641	CELL_TYPES_WANSLEEBEN_HOGAN_2013_CYTOTOXIC_T_NK	StageI	12761	1	1	97763485	97764057	-	152	0	0.0
ENSG00000188641	CELL_TYPES_WANSLEEBEN_HOGAN_2013_CYTOTOXIC_T_NK	StageI	12748	1	1	97711899	97712915	-	152	0	0.0
ENSG00000188641	CELL_TYPES_WANSLEEBEN_HOGAN_2013_CYTOTOXIC_T_NK	Normal	12724	1	1	97618415	97618937	-	707	124	373.3
ENSG00000188641	CELL_TYPES_WANSLEEBEN_HOGAN_2013_CYTOTOXIC_T_NK	IVprimary	12591	1	1	97180194	97180488	-	75	0	0.0
ENSG00000188641	CELL_TYPES_WANSLEEBEN_HOGAN_2013_CYTOTOXIC_T_NK	IVprimary	12578	1	1	97130731	97131216	-	75	0	0.0
ENSG00000092820	CELL_TYPES_WANSLEEBEN_HOGAN_2013_CYTOTOXIC_T_NK	Met	249385	1	6	158770712	158772080	-	504	0	0.0
ENSG00000188641	CELL_TYPES_WANSLEEBEN_HOGAN_2013_CYTOTOXIC_T_NK	Met	12781	1	1	97849598	97849893	-	504	0	0.0
ENSG00000188641	CELL_TYPES_WANSLEEBEN_HOGAN_2013_CYTOTOXIC_T_NK	Met	12768	1	1	97800255	97801101	-	504	36	169.9
ENSG00000188641	CELL_TYPES_WANSLEEBEN_HOGAN_2013_CYTOTOXIC_T_NK	IVprimary	12579	1	1	97133097	97133761	-	75	0	0.0
ENSG00000188641	CELL_TYPES_WANSLEEBEN_HOGAN_2013_CYTOTOXIC_T_NK	StageI	12763	1	1	97776011	97776514	-	152	0	0.0
ENSG00000188641	CELL_TYPES_WANSLEEBEN_HOGAN_2013_CYTOTOXIC_T_NK	Met	12783	1	1	97854352	97854586	-	504	0	0.0
ENSG00000092820	CELL_TYPES_WANSLEEBEN_HOGAN_2013_CYTOTOXIC_T_NK	Met	249421	1	6	158814458	158818266	-	504	3	20.7
ENSG00000092820	CELL_TYPES_WANSLEEBEN_HOGAN_2013_CYTOTOXIC_T_NK	Met	249409	1	6	158797853	158801612	-	504	9	52.3
ENSG00000188641	CELL_TYPES_WANSLEEBEN_HOGAN_2013_CYTOTOXIC_T_NK	StageI	12766	1	1	97792345	97792757	-	152	13	43.7
ENSG00000188641	CELL_TYPES_WANSLEEBEN_HOGAN_2013_CYTOTOXIC_T_NK	Met	12571	1	1	97097421	97097688	-	504	0	0.0
ENSG00000188641	CELL_TYPES_WANSLEEBEN_HOGAN_2013_CYTOTOXIC_T_NK	IVprimary	12596	1	1	97187222	97188304	-	75	0	0.0
ENSG00000188641	CELL_TYPES_WANSLEEBEN_HOGAN_2013_CYTOTOXIC_T_NK	StageI	12800	1	1	97907849	97908610	-	152	0	0.0
ENSG00000188641	CELL_TYPES_WANSLEEBEN_HOGAN_2013_CYTOTOXIC_T_NK	StageI	12767	1	1	97797542	97797834	-	152	3	12.7
ENSG00000188641	CELL_TYPES_WANSLEEBEN_HOGAN_2013_CYTOTOXIC_T_NK	IVprimary	12617	1	1	97264168	97264734	-	75	2	9.2
ENSG00000188641	CELL_TYPES_WANSLEEBEN_HOGAN_2013_CYTOTOXIC_T_NK	StageI	12781	1	1	97849598	97849893	-	152	0	0.0
ENSG00000188641	CELL_TYPES_WANSLEEBEN_HOGAN_2013_CYTOTOXIC_T_NK	StageI	12768	1	1	97800255	97801101	-	152	0	0.0
ENSG00000188641	CELL_TYPES_WANSLEEBEN_HOGAN_2013_CYTOTOXIC_T_NK	Met	12788	1	1	97873090	97873232	-	504	0	0.0
ENSG00000188641	CELL_TYPES_WANSLEEBEN_HOGAN_2013_CYTOTOXIC_T_NK	IVprimary	12632	1	1	97314551	97314906	-	75	0	0.0
ENSG00000188641	CELL_TYPES_WANSLEEBEN_HOGAN_2013_CYTOTOXIC_T_NK	StageI	12783	1	1	97854352	97854586	-	152	0	0.0
ENSG00000188641	CELL_TYPES_WANSLEEBEN_HOGAN_2013_CYTOTOXIC_T_NK	Normal	12746	1	1	97708893	97709759	-	707	0	0.0
ENSG00000188641	CELL_TYPES_WANSLEEBEN_HOGAN_2013_CYTOTOXIC_T_NK	Normal	12761	1	1	97763485	97764057	-	707	0	0.0
ENSG00000188641	CELL_TYPES_WANSLEEBEN_HOGAN_2013_CYTOTOXIC_T_NK	Normal	12748	1	1	97711899	97712915	-	707	0	0.0
ENSG00000188641	CELL_TYPES_WANSLEEBEN_HOGAN_2013_CYTOTOXIC_T_NK	IVprimary	12635	1	1	97333155	97333948	-	75	0	0.0
ENSG00000188641	CELL_TYPES_WANSLEEBEN_HOGAN_2013_CYTOTOXIC_T_NK	StageI	12571	1	1	97097421	97097688	-	152	0	0.0
ENSG00000188641	CELL_TYPES_WANSLEEBEN_HOGAN_2013_CYTOTOXIC_T_NK	Met	12578	1	1	97130731	97131216	-	504	0	0.0
ENSG00000188641	CELL_TYPES_WANSLEEBEN_HOGAN_2013_CYTOTOXIC_T_NK	Met	12591	1	1	97180194	97180488	-	504	2	13.2
ENSG00000188641	CELL_TYPES_WANSLEEBEN_HOGAN_2013_CYTOTOXIC_T_NK	Normal	12763	1	1	97776011	97776514	-	707	6	42.1
ENSG00000188641	CELL_TYPES_WANSLEEBEN_HOGAN_2013_CYTOTOXIC_T_NK	Met	12579	1	1	97133097	97133761	-	504	0	0.0
ENSG00000188641	CELL_TYPES_WANSLEEBEN_HOGAN_2013_CYTOTOXIC_T_NK	StageI	12788	1	1	97873090	97873232	-	152	0	0.0
ENSG00000188641	CELL_TYPES_WANSLEEBEN_HOGAN_2013_CYTOTOXIC_T_NK	IVprimary	12638	1	1	97346100	97346845	-	75	9	29.6
ENSG00000188641	CELL_TYPES_WANSLEEBEN_HOGAN_2013_DC	Normal	12766	1	1	97792345	97792757	-	245	0	0.0
ENSG00000188641	CELL_TYPES_WANSLEEBEN_HOGAN_2013_DC	Normal	12800	1	1	97907849	97908610	-	245	3	9.6
ENSG00000188641	CELL_TYPES_WANSLEEBEN_HOGAN_2013_DC	Normal	12767	1	1	97797542	97797834	-	245	0	0.0
ENSG00000188641	CELL_TYPES_WANSLEEBEN_HOGAN_2013_DC	IVprimary	12654	1	1	97390771	97391562	-	168	21	68.5
ENSG00000188641	CELL_TYPES_WANSLEEBEN_HOGAN_2013_DC	Met	12596	1	1	97187222	97188304	-	705	0	0.0
ENSG00000188641	CELL_TYPES_WANSLEEBEN_HOGAN_2013_DC	Normal	12781	1	1	97849598	97849893	-	245	0	0.0
ENSG00000188641	CELL_TYPES_WANSLEEBEN_HOGAN_2013_DC	Normal	12768	1	1	97800255	97801101	-	245	0	0.0
ENSG00000188641	CELL_TYPES_WANSLEEBEN_HOGAN_2013_DC	IVprimary	12655	1	1	97392446	97392881	-	168	0	0.0
ENSG00000188641	CELL_TYPES_WANSLEEBEN_HOGAN_2013_DC	Met	12617	1	1	97264168	97264734	-	705	0	0.0
ENSG00000188641	CELL_TYPES_WANSLEEBEN_HOGAN_2013_DC	StageI	12591	1	1	97180194	97180488	-	1651	2	15.3
ENSG00000188641	CELL_TYPES_WANSLEEBEN_HOGAN_2013_DC	StageI	12578	1	1	97130731	97131216	-	1651	8	27.3
ENSG00000188641	CELL_TYPES_WANSLEEBEN_HOGAN_2013_DC	StageI	12579	1	1	97133097	97133761	-	1651	0	0.0
ENSG00000188641	CELL_TYPES_WANSLEEBEN_HOGAN_2013_DC	Normal	12783	1	1	97854352	97854586	-	245	0	0.0
ENSG00000188641	CELL_TYPES_WANSLEEBEN_HOGAN_2013_DC	IVprimary	12670	1	1	97429534	97429824	-	168	0	0.0
ENSG00000188641	CELL_TYPES_WANSLEEBEN_HOGAN_2013_DC	Met	12632	1	1	97314551	97314906	-	705	0	0.0
ENSG00000188641	CELL_TYPES_WANSLEEBEN_HOGAN_2013_DC	IVprimary	12672	1	1	97432354	97432942	-	168	0	0.0
ENSG00000188641	CELL_TYPES_WANSLEEBEN_HOGAN_2013_DC	IVprimary	12659	1	1	97400568	97402062	-	168	0	0.0
ENSG00000188641	CELL_TYPES_WANSLEEBEN_HOGAN_2013_DC	Normal	12571	1	1	97097421	97097688	-	245	1	2.5
ENSG00000188641	CELL_TYPES_WANSLEEBEN_HOGAN_2013_DC	Met	12635	1	1	97333155	97333948	-	705	4	26.4
ENSG00000188641	CELL_TYPES_WANSLEEBEN_HOGAN_2013_DC	StageI	12596	1	1	97187222	97188304	-	1651	0	0.0
ENSG00000188641	CELL_TYPES_WANSLEEBEN_HOGAN_2013_DC	StageI	12617	1	1	97264168	97264734	-	1651	8	47.1
ENSG00000188641	CELL_TYPES_WANSLEEBEN_HOGAN_2013_DC	Normal	12788	1	1	97873090	97873232	-	245	0	0.0
ENSG00000188641	CELL_TYPES_WANSLEEBEN_HOGAN_2013_DC	Met	12638	1	1	97346100	97346845	-	705	0	0.0
ENSG00000188641	CELL_TYPES_WANSLEEBEN_HOGAN_2013_DC	StageI	12632	1	1	97314551	97314906	-	1651	8	40.4
ENSG00000188641	CELL_TYPES_WANSLEEBEN_HOGAN_2013_DC	IVprimary	12710	1	1	97557226	97557683	-	168	1	3.8
ENSG00000188641	CELL_TYPES_WANSLEEBEN_HOGAN_2013_DC	IVprimary	12690	1	1	97484548	97485981	-	168	0	0.0
ENSG00000188641	CELL_TYPES_WANSLEEBEN_HOGAN_2013_DC	IVprimary	12677	1	1	97440492	97441735	-	168	0	0.0
ENSG00000188641	CELL_TYPES_WANSLEEBEN_HOGAN_2013_DC	IVprimary	12711	1	1	97559609	97560022	-	168	0	0.0
ENSG00000188641	CELL_TYPES_WANSLEEBEN_HOGAN_2013_DC	IVprimary	12692	1	1	97502158	97502737	-	168	0	0.0
ENSG00000188641	CELL_TYPES_WANSLEEBEN_HOGAN_2013_DC	Met	12654	1	1	97390771	97391562	-	705	0	0.0
ENSG00000188641	CELL_TYPES_WANSLEEBEN_HOGAN_2013_DC	StageI	12635	1	1	97333155	97333948	-	1651	1	5.9
ENSG00000188641	CELL_TYPES_WANSLEEBEN_HOGAN_2013_DC	Normal	12578	1	1	97130731	97131216	-	245	2	14.3
ENSG00000188641	CELL_TYPES_WANSLEEBEN_HOGAN_2013_DC	Normal	12591	1	1	97180194	97180488	-	245	1	6.5
ENSG00000188641	CELL_TYPES_WANSLEEBEN_HOGAN_2013_DC	Met	12655	1	1	97392446	97392881	-	705	0	0.0
ENSG00000188641	CELL_TYPES_WANSLEEBEN_HOGAN_2013_DC	Normal	12579	1	1	97133097	97133761	-	245	0	0.0
ENSG00000188641	CELL_TYPES_WANSLEEBEN_HOGAN_2013_DC	IVprimary	12694	1	1	97524770	97525078	-	168	136	352.7
ENSG00000188641	CELL_TYPES_WANSLEEBEN_HOGAN_2013_DC	Met	12670	1	1	97429534	97429824	-	705	0	0.0
ENSG00000188641	CELL_TYPES_WANSLEEBEN_HOGAN_2013_DC	StageI	12638	1	1	97346100	97346845	-	1651	0	0.0
ENSG00000188641	CELL_TYPES_WANSLEEBEN_HOGAN_2013_DC	IVprimary	12730	1	1	97645490	97645872	-	168	0	0.0
ENSG00000188641	CELL_TYPES_WANSLEEBEN_HOGAN_2013_DC	Met	12672	1	1	97432354	97432942	-	705	0	0.0
ENSG00000188641	CELL_TYPES_WANSLEEBEN_HOGAN_2013_DC	Met	12659	1	1	97400568	97402062	-	705	0	0.0
ENSG00000188641	CELL_TYPES_WANSLEEBEN_HOGAN_2013_DC	Normal	12596	1	1	97187222	97188304	-	245	0	0.0
ENSG00000188641	CELL_TYPES_WANSLEEBEN_HOGAN_2013_DC	IVprimary	12731	1	1	97646370	97647021	-	168	0	0.0
ENSG00000188641	CELL_TYPES_WANSLEEBEN_HOGAN_2013_DC	StageI	12654	1	1	97390771	97391562	-	1651	94	320.8
ENSG00000188641	CELL_TYPES_WANSLEEBEN_HOGAN_2013_DC	Normal	12617	1	1	97264168	97264734	-	245	0	0.0
ENSG00000092820	CELL_TYPES_WANSLEEBEN_HOGAN_2013_DC	IVprimary	249395	1	6	158783099	158784177	-	168	0	0.0
ENSG00000188641	CELL_TYPES_WANSLEEBEN_HOGAN_2013_DC	StageI	12655	1	1	97392446	97392881	-	1651	46	150.9
ENSG00000188641	CELL_TYPES_WANSLEEBEN_HOGAN_2013_DC	Normal	12632	1	1	97314551	97314906	-	245	1	2.3
ENSG00000188641	CELL_TYPES_WANSLEEBEN_HOGAN_2013_DC	StageI	12670	1	1	97429534	97429824	-	1651	0	0.0
ENSG00000188641	CELL_TYPES_WANSLEEBEN_HOGAN_2013_DC	IVprimary	12735	1	1	97665486	97666723	-	168	0	0.0
ENSG00000188641	CELL_TYPES_WANSLEEBEN_HOGAN_2013_DC	Met	12710	1	1	97557226	97557683	-	705	1	7.2
ENSG00000188641	CELL_TYPES_WANSLEEBEN_HOGAN_2013_DC	Met	12690	1	1	97484548	97485981	-	705	0	0.0
ENSG00000188641	CELL_TYPES_WANSLEEBEN_HOGAN_2013_DC	Met	12677	1	1	97440492	97441735	-	705	0	0.0
ENSG00000092820	CELL_TYPES_WANSLEEBEN_HOGAN_2013_DC	IVprimary	249399	1	6	158786699	158787570	-	168	0	0.0
ENSG00000188641	CELL_TYPES_WANSLEEBEN_HOGAN_2013_DC	IVprimary	12736	1	1	97671696	97672517	-	168	0	0.0
ENSG00000188641	CELL_TYPES_WANSLEEBEN_HOGAN_2013_DC	Met	12711	1	1	97559609	97560022	-	705	0	0.0
ENSG00000188641	CELL_TYPES_WANSLEEBEN_HOGAN_2013_DC	StageI	12672	1	1	97432354	97432942	-	1651	0	0.0
ENSG00000188641	CELL_TYPES_WANSLEEBEN_HOGAN_2013_DC	StageI	12659	1	1	97400568	97402062	-	1651	4	25.5
ENSG00000188641	CELL_TYPES_WANSLEEBEN_HOGAN_2013_DC	Normal	12635	1	1	97333155	97333948	-	245	0	0.0
ENSG00000188641	CELL_TYPES_WANSLEEBEN_HOGAN_2013_DC	IVprimary	12750	1	1	97714361	97714639	-	168	5	17.2
ENSG00000188641	CELL_TYPES_WANSLEEBEN_HOGAN_2013_DC	Met	12692	1	1	97502158	97502737	-	705	0	0.0
ENSG00000092820	CELL_TYPES_WANSLEEBEN_HOGAN_2013_DC	StageI	249401	1	6	158788671	158790603	-	1651	7	28.0
ENSG00000188641	CELL_TYPES_WANSLEEBEN_HOGAN_2013_DC	Met	12694	1	1	97524770	97525078	-	705	0	0.0
ENSG00000188641	CELL_TYPES_WANSLEEBEN_HOGAN_2013_DC	Normal	12638	1	1	97346100	97346845	-	245	2	6.1
ENSG00000188641	CELL_TYPES_WANSLEEBEN_HOGAN_2013_DC	IVprimary	12753	1	1	97717950	97718705	-	168	0	0.0
ENSG00000188641	CELL_TYPES_WANSLEEBEN_HOGAN_2013_DC	StageI	12710	1	1	97557226	97557683	-	1651	14	79.4
ENSG00000188641	CELL_TYPES_WANSLEEBEN_HOGAN_2013_DC	StageI	12690	1	1	97484548	97485981	-	1651	14	60.8
ENSG00000188641	CELL_TYPES_WANSLEEBEN_HOGAN_2013_DC	StageI	12677	1	1	97440492	97441735	-	1651	27	119.0
ENSG00000188641	CELL_TYPES_WANSLEEBEN_HOGAN_2013_DC	IVprimary	12755	1	1	97719620	97720226	-	168	0	0.0
ENSG00000188641	CELL_TYPES_WANSLEEBEN_HOGAN_2013_DC	Met	12730	1	1	97645490	97645872	-	705	2	12.1
ENSG00000188641	CELL_TYPES_WANSLEEBEN_HOGAN_2013_DC	StageI	12711	1	1	97559609	97560022	-	1651	0	0.0
ENSG00000188641	CELL_TYPES_WANSLEEBEN_HOGAN_2013_DC	Normal	12654	1	1	97390771	97391562	-	245	0	0.0
ENSG00000092820	CELL_TYPES_WANSLEEBEN_HOGAN_2013_DC	StageI	249385	1	6	158770712	158772080	-	1651	9	52.5
ENSG00000188641	CELL_TYPES_WANSLEEBEN_HOGAN_2013_DC	IVprimary	12756	1	1	97730849	97732054	-	168	0	0.0
ENSG00000188641	CELL_TYPES_WANSLEEBEN_HOGAN_2013_DC	Met	12731	1	1	97646370	97647021	-	705	3	14.1
ENSG00000188641	CELL_TYPES_WANSLEEBEN_HOGAN_2013_DC	StageI	12692	1	1	97502158	97502737	-	1651	0	0.0
ENSG00000188641	CELL_TYPES_WANSLEEBEN_HOGAN_2013_DC	Normal	12655	1	1	97392446	97392881	-	245	0	0.0
ENSG00000188641	CELL_TYPES_WANSLEEBEN_HOGAN_2013_DC	IVprimary	12771	1	1	97808427	97809206	-	168	0	0.0
ENSG00000188641	CELL_TYPES_WANSLEEBEN_HOGAN_2013_DC	IVprimary	12758	1	1	97738789	97739235	-	168	1	6.6
ENSG00000188641	CELL_TYPES_WANSLEEBEN_HOGAN_2013_DC	StageI	12694	1	1	97524770	97525078	-	1651	0	0.0
ENSG00000188641	CELL_TYPES_WANSLEEBEN_HOGAN_2013_DC	Normal	12670	1	1	97429534	97429824	-	245	0	0.0
ENSG00000092820	CELL_TYPES_WANSLEEBEN_HOGAN_2013_DC	StageI	249421	1	6	158814458	158818266	-	1651	15	74.5
ENSG00000092820	CELL_TYPES_WANSLEEBEN_HOGAN_2013_DC	StageI	249409	1	6	158797853	158801612	-	1651	44	196.5
ENSG00000188641	CELL_TYPES_WANSLEEBEN_HOGAN_2013_DC	Met	12735	1	1	97665486	97666723	-	705	0	0.0
ENSG00000188641	CELL_TYPES_WANSLEEBEN_HOGAN_2013_DC	Normal	12672	1	1	97432354	97432942	-	245	1	4.4
ENSG00000188641	CELL_TYPES_WANSLEEBEN_HOGAN_2013_DC	Normal	12659	1	1	97400568	97402062	-	245	0	0.0
ENSG00000188641	CELL_TYPES_WANSLEEBEN_HOGAN_2013_DC	Met	12736	1	1	97671696	97672517	-	705	4	22.6
ENSG00000188641	CELL_TYPES_WANSLEEBEN_HOGAN_2013_DC	StageI	12730	1	1	97645490	97645872	-	1651	1	3.8
ENSG00000188641	CELL_TYPES_WANSLEEBEN_HOGAN_2013_DC	Met	12750	1	1	97714361	97714639	-	705	0	0.0
ENSG00000188641	CELL_TYPES_WANSLEEBEN_HOGAN_2013_DC	StageI	12731	1	1	97646370	97647021	-	1651	91	383.1
ENSG00000188641	CELL_TYPES_WANSLEEBEN_HOGAN_2013_DC	IVprimary	12776	1	1	97823152	97824427	-	168	0	0.0
ENSG00000188641	CELL_TYPES_WANSLEEBEN_HOGAN_2013_DC	IVprimary	12778	1	1	97826430	97828108	-	168	0	0.0
ENSG00000188641	CELL_TYPES_WANSLEEBEN_HOGAN_2013_DC	Met	12753	1	1	97717950	97718705	-	705	0	0.0
ENSG00000188641	CELL_TYPES_WANSLEEBEN_HOGAN_2013_DC	Normal	12710	1	1	97557226	97557683	-	245	21	56.5
ENSG00000188641	CELL_TYPES_WANSLEEBEN_HOGAN_2013_DC	Normal	12690	1	1	97484548	97485981	-	245	2	9.1
ENSG00000188641	CELL_TYPES_WANSLEEBEN_HOGAN_2013_DC	Normal	12677	1	1	97440492	97441735	-	245	22	68.9
ENSG00000188641	CELL_TYPES_WANSLEEBEN_HOGAN_2013_DC	IVprimary	12779	1	1	97829840	97830188	-	168	0	0.0
ENSG00000188641	CELL_TYPES_WANSLEEBEN_HOGAN_2013_DC	StageI	12735	1	1	97665486	97666723	-	1651	0	0.0
ENSG00000188641	CELL_TYPES_WANSLEEBEN_HOGAN_2013_DC	Normal	12711	1	1	97559609	97560022	-	245	5	26.6
ENSG00000188641	CELL_TYPES_WANSLEEBEN_HOGAN_2013_DC	IVprimary	12793	1	1	97882244	97882795	-	168	82	258.0
ENSG00000188641	CELL_TYPES_WANSLEEBEN_HOGAN_2013_DC	Met	12755	1	1	97719620	97720226	-	705	0	0.0
ENSG00000188641	CELL_TYPES_WANSLEEBEN_HOGAN_2013_DC	StageI	12736	1	1	97671696	97672517	-	1651	2	13.8
ENSG00000188641	CELL_TYPES_WANSLEEBEN_HOGAN_2013_DC	Normal	12692	1	1	97502158	97502737	-	245	0	0.0
ENSG00000188641	CELL_TYPES_WANSLEEBEN_HOGAN_2013_DC	IVprimary	12566	1	1	97086207	97086745	-	168	24	81.2
ENSG00000188641	CELL_TYPES_WANSLEEBEN_HOGAN_2013_DC	Met	12756	1	1	97730849	97732054	-	705	0	0.0
ENSG00000188641	CELL_TYPES_WANSLEEBEN_HOGAN_2013_DC	StageI	12750	1	1	97714361	97714639	-	1651	0	0.0
ENSG00000188641	CELL_TYPES_WANSLEEBEN_HOGAN_2013_DC	Normal	12694	1	1	97524770	97525078	-	245	1	5.7
ENSG00000188641	CELL_TYPES_WANSLEEBEN_HOGAN_2013_DC	IVprimary	12568	1	1	97089647	97090524	-	168	0	0.0
ENSG00000092820	CELL_TYPES_WANSLEEBEN_HOGAN_2013_DC	Normal	249395	1	6	158783099	158784177	-	245	5	30.5
ENSG00000188641	CELL_TYPES_WANSLEEBEN_HOGAN_2013_DC	Met	12771	1	1	97808427	97809206	-	705	0	0.0
ENSG00000188641	CELL_TYPES_WANSLEEBEN_HOGAN_2013_DC	Met	12758	1	1	97738789	97739235	-	705	11	46.0
ENSG00000188641	CELL_TYPES_WANSLEEBEN_HOGAN_2013_DC	IVprimary	12602	1	1	97202005	97202302	-	168	2	10.9
ENSG00000188641	CELL_TYPES_WANSLEEBEN_HOGAN_2013_DC	StageI	12753	1	1	97717950	97718705	-	1651	0	0.0
ENSG00000188641	CELL_TYPES_WANSLEEBEN_HOGAN_2013_DC	Normal	12730	1	1	97645490	97645872	-	245	1	5.2
ENSG00000188641	CELL_TYPES_WANSLEEBEN_HOGAN_2013_DC	IVprimary	12799	1	1	97899199	97899765	-	168	0	0.0
ENSG00000188641	CELL_TYPES_WANSLEEBEN_HOGAN_2013_DC	StageI	12755	1	1	97719620	97720226	-	1651	1	7.4
ENSG00000188641	CELL_TYPES_WANSLEEBEN_HOGAN_2013_DC	Normal	12731	1	1	97646370	97647021	-	245	3	18.4
ENSG00000188641	CELL_TYPES_WANSLEEBEN_HOGAN_2013_DC	IVprimary	12605	1	1	97224607	97225130	-	168	0	0.0
ENSG00000188641	CELL_TYPES_WANSLEEBEN_HOGAN_2013_DC	IVprimary	12585	1	1	97164963	97165320	-	168	0	0.0
ENSG00000092820	CELL_TYPES_WANSLEEBEN_HOGAN_2013_DC	Normal	249399	1	6	158786699	158787570	-	245	2	12.8
ENSG00000188641	CELL_TYPES_WANSLEEBEN_HOGAN_2013_DC	StageI	12756	1	1	97730849	97732054	-	1651	39	188.8
ENSG00000188641	CELL_TYPES_WANSLEEBEN_HOGAN_2013_DC	IVprimary	12606	1	1	97225581	97226111	-	168	1	5.1
ENSG00000188641	CELL_TYPES_WANSLEEBEN_HOGAN_2013_DC	Met	12776	1	1	97823152	97824427	-	705	0	0.0
ENSG00000188641	CELL_TYPES_WANSLEEBEN_HOGAN_2013_DC	StageI	12771	1	1	97808427	97809206	-	1651	0	0.0
ENSG00000188641	CELL_TYPES_WANSLEEBEN_HOGAN_2013_DC	StageI	12758	1	1	97738789	97739235	-	1651	0	0.0
ENSG00000188641	CELL_TYPES_WANSLEEBEN_HOGAN_2013_DC	IVprimary	12588	1	1	97170740	97171197	-	168	4	21.8
ENSG00000092820	CELL_TYPES_WANSLEEBEN_HOGAN_2013_DC	Met	249395	1	6	158783099	158784177	-	705	0	0.0
ENSG00000188641	CELL_TYPES_WANSLEEBEN_HOGAN_2013_DC	Met	12778	1	1	97826430	97828108	-	705	69	213.7
ENSG00000188641	CELL_TYPES_WANSLEEBEN_HOGAN_2013_DC	Normal	12735	1	1	97665486	97666723	-	245	17	73.6
ENSG00000188641	CELL_TYPES_WANSLEEBEN_HOGAN_2013_DC	Met	12779	1	1	97829840	97830188	-	705	0	0.0
ENSG00000188641	CELL_TYPES_WANSLEEBEN_HOGAN_2013_DC	Normal	12736	1	1	97671696	97672517	-	245	8	17.5
ENSG00000188641	CELL_TYPES_WANSLEEBEN_HOGAN_2013_DC	Met	12793	1	1	97882244	97882795	-	705	0	0.0
ENSG00000188641	CELL_TYPES_WANSLEEBEN_HOGAN_2013_DC	Normal	12750	1	1	97714361	97714639	-	245	0	0.0
ENSG00000188641	CELL_TYPES_WANSLEEBEN_HOGAN_2013_DC	Met	12566	1	1	97086207	97086745	-	705	0	0.0
ENSG00000092820	CELL_TYPES_WANSLEEBEN_HOGAN_2013_DC	Met	249399	1	6	158786699	158787570	-	705	1	7.4
ENSG00000188641	CELL_TYPES_WANSLEEBEN_HOGAN_2013_DC	StageI	12776	1	1	97823152	97824427	-	1651	1	6.6
ENSG00000188641	CELL_TYPES_WANSLEEBEN_HOGAN_2013_DC	IVprimary	12626	1	1	97285704	97286117	-	168	3	15.5
ENSG00000188641	CELL_TYPES_WANSLEEBEN_HOGAN_2013_DC	Met	12568	1	1	97089647	97090524	-	705	0	0.0
ENSG00000188641	CELL_TYPES_WANSLEEBEN_HOGAN_2013_DC	Normal	12753	1	1	97717950	97718705	-	245	2	8.4
ENSG00000188641	CELL_TYPES_WANSLEEBEN_HOGAN_2013_DC	IVprimary	12627	1	1	97286483	97287361	-	168	0	0.0
ENSG00000188641	CELL_TYPES_WANSLEEBEN_HOGAN_2013_DC	Met	12602	1	1	97202005	97202302	-	705	0	0.0
ENSG00000188641	CELL_TYPES_WANSLEEBEN_HOGAN_2013_DC	StageI	12778	1	1	97826430	97828108	-	1651	11	73.4
ENSG00000188641	CELL_TYPES_WANSLEEBEN_HOGAN_2013_DC	StageI	12779	1	1	97829840	97830188	-	1651	0	0.0
ENSG00000188641	CELL_TYPES_WANSLEEBEN_HOGAN_2013_DC	Normal	12755	1	1	97719620	97720226	-	245	15	48.5
ENSG00000188641	CELL_TYPES_WANSLEEBEN_HOGAN_2013_DC	Met	12799	1	1	97899199	97899765	-	705	0	0.0
ENSG00000188641	CELL_TYPES_WANSLEEBEN_HOGAN_2013_DC	StageI	12793	1	1	97882244	97882795	-	1651	37	196.3
ENSG00000188641	CELL_TYPES_WANSLEEBEN_HOGAN_2013_DC	Normal	12756	1	1	97730849	97732054	-	245	5	22.6
ENSG00000188641	CELL_TYPES_WANSLEEBEN_HOGAN_2013_DC	IVprimary	12643	1	1	97356328	97356878	-	168	3	15.4
ENSG00000188641	CELL_TYPES_WANSLEEBEN_HOGAN_2013_DC	Met	12605	1	1	97224607	97225130	-	705	0	0.0
ENSG00000188641	CELL_TYPES_WANSLEEBEN_HOGAN_2013_DC	StageI	12566	1	1	97086207	97086745	-	1651	18	86.3
ENSG00000188641	CELL_TYPES_WANSLEEBEN_HOGAN_2013_DC	Met	12585	1	1	97164963	97165320	-	705	0	0.0
ENSG00000188641	CELL_TYPES_WANSLEEBEN_HOGAN_2013_DC	Met	12606	1	1	97225581	97226111	-	705	12	63.0
ENSG00000188641	CELL_TYPES_WANSLEEBEN_HOGAN_2013_DC	Normal	12771	1	1	97808427	97809206	-	245	0	0.0
ENSG00000188641	CELL_TYPES_WANSLEEBEN_HOGAN_2013_DC	Normal	12758	1	1	97738789	97739235	-	245	4	15.9
ENSG00000188641	CELL_TYPES_WANSLEEBEN_HOGAN_2013_DC	StageI	12568	1	1	97089647	97090524	-	1651	0	0.0
ENSG00000188641	CELL_TYPES_WANSLEEBEN_HOGAN_2013_DC	Met	12588	1	1	97170740	97171197	-	705	3	15.8
ENSG00000188641	CELL_TYPES_WANSLEEBEN_HOGAN_2013_DC	StageI	12602	1	1	97202005	97202302	-	1651	21	113.4
ENSG00000188641	CELL_TYPES_WANSLEEBEN_HOGAN_2013_DC	StageI	12799	1	1	97899199	97899765	-	1651	0	0.0
ENSG00000188641	CELL_TYPES_WANSLEEBEN_HOGAN_2013_DC	IVprimary	12649	1	1	97381174	97381542	-	168	1	4.7
ENSG00000188641	CELL_TYPES_WANSLEEBEN_HOGAN_2013_DC	StageI	12605	1	1	97224607	97225130	-	1651	21	123.1
ENSG00000188641	CELL_TYPES_WANSLEEBEN_HOGAN_2013_DC	StageI	12585	1	1	97164963	97165320	-	1651	51	180.4
ENSG00000188641	CELL_TYPES_WANSLEEBEN_HOGAN_2013_DC	Normal	12776	1	1	97823152	97824427	-	245	4	19.2
ENSG00000188641	CELL_TYPES_WANSLEEBEN_HOGAN_2013_DC	StageI	12606	1	1	97225581	97226111	-	1651	16	84.5
ENSG00000188641	CELL_TYPES_WANSLEEBEN_HOGAN_2013_DC	Met	12626	1	1	97285704	97286117	-	705	0	0.0
ENSG00000188641	CELL_TYPES_WANSLEEBEN_HOGAN_2013_DC	Normal	12778	1	1	97826430	97828108	-	245	0	0.0
ENSG00000188641	CELL_TYPES_WANSLEEBEN_HOGAN_2013_DC	Met	12627	1	1	97286483	97287361	-	705	3	19.4
ENSG00000188641	CELL_TYPES_WANSLEEBEN_HOGAN_2013_DC	StageI	12588	1	1	97170740	97171197	-	1651	18	98.3
ENSG00000188641	CELL_TYPES_WANSLEEBEN_HOGAN_2013_DC	Normal	12779	1	1	97829840	97830188	-	245	0	0.0
ENSG00000188641	CELL_TYPES_WANSLEEBEN_HOGAN_2013_DC	Normal	12793	1	1	97882244	97882795	-	245	3	13.7
ENSG00000188641	CELL_TYPES_WANSLEEBEN_HOGAN_2013_DC	IVprimary	12680	1	1	97445823	97446216	-	168	6	25.4
ENSG00000188641	CELL_TYPES_WANSLEEBEN_HOGAN_2013_DC	Normal	12566	1	1	97086207	97086745	-	245	0	0.0
ENSG00000188641	CELL_TYPES_WANSLEEBEN_HOGAN_2013_DC	IVprimary	12681	1	1	97448699	97449251	-	168	0	0.0
ENSG00000188641	CELL_TYPES_WANSLEEBEN_HOGAN_2013_DC	Met	12643	1	1	97356328	97356878	-	705	5	27.3
ENSG00000188641	CELL_TYPES_WANSLEEBEN_HOGAN_2013_DC	Normal	12568	1	1	97089647	97090524	-	245	1	2.2
ENSG00000188641	CELL_TYPES_WANSLEEBEN_HOGAN_2013_DC	StageI	12626	1	1	97285704	97286117	-	1651	0	0.0
ENSG00000188641	CELL_TYPES_WANSLEEBEN_HOGAN_2013_DC	Normal	12602	1	1	97202005	97202302	-	245	1	5.2
ENSG00000188641	CELL_TYPES_WANSLEEBEN_HOGAN_2013_DC	StageI	12627	1	1	97286483	97287361	-	1651	0	0.0
ENSG00000092820	CELL_TYPES_WANSLEEBEN_HOGAN_2013_DC	IVprimary	249401	1	6	158788671	158790603	-	168	1	4.3
ENSG00000188641	CELL_TYPES_WANSLEEBEN_HOGAN_2013_DC	Normal	12799	1	1	97899199	97899765	-	245	0	0.0
ENSG00000188641	CELL_TYPES_WANSLEEBEN_HOGAN_2013_DC	IVprimary	12706	1	1	97547583	97547908	-	168	0	0.0
ENSG00000188641	CELL_TYPES_WANSLEEBEN_HOGAN_2013_DC	Normal	12605	1	1	97224607	97225130	-	245	0	0.0
ENSG00000188641	CELL_TYPES_WANSLEEBEN_HOGAN_2013_DC	Normal	12585	1	1	97164963	97165320	-	245	1	6.1
ENSG00000188641	CELL_TYPES_WANSLEEBEN_HOGAN_2013_DC	Met	12649	1	1	97381174	97381542	-	705	0	0.0
ENSG00000188641	CELL_TYPES_WANSLEEBEN_HOGAN_2013_DC	StageI	12643	1	1	97356328	97356878	-	1651	0	0.0
ENSG00000188641	CELL_TYPES_WANSLEEBEN_HOGAN_2013_DC	Normal	12606	1	1	97225581	97226111	-	245	13	47.4
ENSG00000092820	CELL_TYPES_WANSLEEBEN_HOGAN_2013_DC	IVprimary	249385	1	6	158770712	158772080	-	168	0	0.0
ENSG00000188641	CELL_TYPES_WANSLEEBEN_HOGAN_2013_DC	Normal	12588	1	1	97170740	97171197	-	245	8	17.0
ENSG00000188641	CELL_TYPES_WANSLEEBEN_HOGAN_2013_DC	IVprimary	12724	1	1	97618415	97618937	-	168	0	0.0
ENSG00000092820	CELL_TYPES_WANSLEEBEN_HOGAN_2013_DC	IVprimary	249421	1	6	158814458	158818266	-	168	0	0.0
ENSG00000188641	CELL_TYPES_WANSLEEBEN_HOGAN_2013_DC	Met	12680	1	1	97445823	97446216	-	705	3	18.7
ENSG00000092820	CELL_TYPES_WANSLEEBEN_HOGAN_2013_DC	IVprimary	249409	1	6	158797853	158801612	-	168	9	35.1
ENSG00000188641	CELL_TYPES_WANSLEEBEN_HOGAN_2013_DC	Met	12681	1	1	97448699	97449251	-	705	0	0.0
ENSG00000188641	CELL_TYPES_WANSLEEBEN_HOGAN_2013_DC	StageI	12649	1	1	97381174	97381542	-	1651	4	23.2
ENSG00000188641	CELL_TYPES_WANSLEEBEN_HOGAN_2013_DC	Normal	12626	1	1	97285704	97286117	-	245	0	0.0
ENSG00000188641	CELL_TYPES_WANSLEEBEN_HOGAN_2013_DC	Normal	12627	1	1	97286483	97287361	-	245	1	5.2
ENSG00000188641	CELL_TYPES_WANSLEEBEN_HOGAN_2013_DC	Met	12706	1	1	97547583	97547908	-	705	0	0.0
ENSG00000188641	CELL_TYPES_WANSLEEBEN_HOGAN_2013_DC	StageI	12680	1	1	97445823	97446216	-	1651	12	56.3
ENSG00000188641	CELL_TYPES_WANSLEEBEN_HOGAN_2013_DC	Normal	12643	1	1	97356328	97356878	-	245	0	0.0
ENSG00000188641	CELL_TYPES_WANSLEEBEN_HOGAN_2013_DC	StageI	12681	1	1	97448699	97449251	-	1651	2	10.2
ENSG00000188641	CELL_TYPES_WANSLEEBEN_HOGAN_2013_DC	IVprimary	12746	1	1	97708893	97709759	-	168	0	0.0
ENSG00000188641	CELL_TYPES_WANSLEEBEN_HOGAN_2013_DC	IVprimary	12761	1	1	97763485	97764057	-	168	0	0.0
ENSG00000188641	CELL_TYPES_WANSLEEBEN_HOGAN_2013_DC	IVprimary	12748	1	1	97711899	97712915	-	168	0	0.0
ENSG00000188641	CELL_TYPES_WANSLEEBEN_HOGAN_2013_DC	Met	12724	1	1	97618415	97618937	-	705	4	27.1
ENSG00000188641	CELL_TYPES_WANSLEEBEN_HOGAN_2013_DC	IVprimary	12763	1	1	97776011	97776514	-	168	0	0.0
ENSG00000188641	CELL_TYPES_WANSLEEBEN_HOGAN_2013_DC	StageI	12706	1	1	97547583	97547908	-	1651	0	0.0
ENSG00000188641	CELL_TYPES_WANSLEEBEN_HOGAN_2013_DC	Normal	12649	1	1	97381174	97381542	-	245	0	0.0
ENSG00000092820	CELL_TYPES_WANSLEEBEN_HOGAN_2013_DC	StageI	249395	1	6	158783099	158784177	-	1651	18	86.9
ENSG00000188641	CELL_TYPES_WANSLEEBEN_HOGAN_2013_DC	IVprimary	12766	1	1	97792345	97792757	-	168	0	0.0
ENSG00000188641	CELL_TYPES_WANSLEEBEN_HOGAN_2013_DC	IVprimary	12800	1	1	97907849	97908610	-	168	0	0.0
ENSG00000188641	CELL_TYPES_WANSLEEBEN_HOGAN_2013_DC	IVprimary	12767	1	1	97797542	97797834	-	168	0	0.0
ENSG00000188641	CELL_TYPES_WANSLEEBEN_HOGAN_2013_DC	IVprimary	12781	1	1	97849598	97849893	-	168	0	0.0
ENSG00000188641	CELL_TYPES_WANSLEEBEN_HOGAN_2013_DC	IVprimary	12768	1	1	97800255	97801101	-	168	0	0.0
ENSG00000188641	CELL_TYPES_WANSLEEBEN_HOGAN_2013_DC	StageI	12724	1	1	97618415	97618937	-	1651	20	118.6
ENSG00000188641	CELL_TYPES_WANSLEEBEN_HOGAN_2013_DC	Normal	12680	1	1	97445823	97446216	-	245	0	0.0
ENSG00000092820	CELL_TYPES_WANSLEEBEN_HOGAN_2013_DC	Normal	249401	1	6	158788671	158790603	-	245	1	6.2
ENSG00000188641	CELL_TYPES_WANSLEEBEN_HOGAN_2013_DC	Normal	12681	1	1	97448699	97449251	-	245	1	6.1
ENSG00000092820	CELL_TYPES_WANSLEEBEN_HOGAN_2013_DC	StageI	249399	1	6	158786699	158787570	-	1651	4	22.5
ENSG00000188641	CELL_TYPES_WANSLEEBEN_HOGAN_2013_DC	IVprimary	12783	1	1	97854352	97854586	-	168	0	0.0
ENSG00000188641	CELL_TYPES_WANSLEEBEN_HOGAN_2013_DC	Met	12746	1	1	97708893	97709759	-	705	13	56.2
ENSG00000188641	CELL_TYPES_WANSLEEBEN_HOGAN_2013_DC	IVprimary	12571	1	1	97097421	97097688	-	168	0	0.0
ENSG00000092820	CELL_TYPES_WANSLEEBEN_HOGAN_2013_DC	Normal	249385	1	6	158770712	158772080	-	245	2	8.8
ENSG00000188641	CELL_TYPES_WANSLEEBEN_HOGAN_2013_DC	Met	12761	1	1	97763485	97764057	-	705	0	0.0
ENSG00000188641	CELL_TYPES_WANSLEEBEN_HOGAN_2013_DC	Met	12748	1	1	97711899	97712915	-	705	0	0.0
ENSG00000188641	CELL_TYPES_WANSLEEBEN_HOGAN_2013_DC	Normal	12706	1	1	97547583	97547908	-	245	1	3.6
ENSG00000188641	CELL_TYPES_WANSLEEBEN_HOGAN_2013_DC	IVprimary	12788	1	1	97873090	97873232	-	168	0	0.0
ENSG00000188641	CELL_TYPES_WANSLEEBEN_HOGAN_2013_DC	Met	12763	1	1	97776011	97776514	-	705	0	0.0
ENSG00000092820	CELL_TYPES_WANSLEEBEN_HOGAN_2013_DC	Normal	249421	1	6	158814458	158818266	-	245	10	41.7
ENSG00000092820	CELL_TYPES_WANSLEEBEN_HOGAN_2013_DC	Met	249401	1	6	158788671	158790603	-	705	2	12.1
ENSG00000092820	CELL_TYPES_WANSLEEBEN_HOGAN_2013_DC	Normal	249409	1	6	158797853	158801612	-	245	0	0.0
ENSG00000188641	CELL_TYPES_WANSLEEBEN_HOGAN_2013_DC	StageI	12746	1	1	97708893	97709759	-	1651	0	0.0
ENSG00000188641	CELL_TYPES_WANSLEEBEN_HOGAN_2013_DC	Met	12766	1	1	97792345	97792757	-	705	0	0.0
ENSG00000188641	CELL_TYPES_WANSLEEBEN_HOGAN_2013_DC	Met	12800	1	1	97907849	97908610	-	705	0	0.0
ENSG00000188641	CELL_TYPES_WANSLEEBEN_HOGAN_2013_DC	Met	12767	1	1	97797542	97797834	-	705	1	7.5
ENSG00000188641	CELL_TYPES_WANSLEEBEN_HOGAN_2013_DC	StageI	12761	1	1	97763485	97764057	-	1651	0	0.0
ENSG00000188641	CELL_TYPES_WANSLEEBEN_HOGAN_2013_DC	StageI	12748	1	1	97711899	97712915	-	1651	2	9.0
ENSG00000188641	CELL_TYPES_WANSLEEBEN_HOGAN_2013_DC	Normal	12724	1	1	97618415	97618937	-	245	2	7.7
ENSG00000188641	CELL_TYPES_WANSLEEBEN_HOGAN_2013_DC	IVprimary	12591	1	1	97180194	97180488	-	168	0	0.0
ENSG00000188641	CELL_TYPES_WANSLEEBEN_HOGAN_2013_DC	IVprimary	12578	1	1	97130731	97131216	-	168	0	0.0
ENSG00000092820	CELL_TYPES_WANSLEEBEN_HOGAN_2013_DC	Met	249385	1	6	158770712	158772080	-	705	0	0.0
ENSG00000188641	CELL_TYPES_WANSLEEBEN_HOGAN_2013_DC	Met	12781	1	1	97849598	97849893	-	705	0	0.0
ENSG00000188641	CELL_TYPES_WANSLEEBEN_HOGAN_2013_DC	Met	12768	1	1	97800255	97801101	-	705	16	72.8
ENSG00000188641	CELL_TYPES_WANSLEEBEN_HOGAN_2013_DC	IVprimary	12579	1	1	97133097	97133761	-	168	0	0.0
ENSG00000188641	CELL_TYPES_WANSLEEBEN_HOGAN_2013_DC	StageI	12763	1	1	97776011	97776514	-	1651	0	0.0
ENSG00000188641	CELL_TYPES_WANSLEEBEN_HOGAN_2013_DC	Met	12783	1	1	97854352	97854586	-	705	0	0.0
ENSG00000092820	CELL_TYPES_WANSLEEBEN_HOGAN_2013_DC	Met	249421	1	6	158814458	158818266	-	705	0	0.0
ENSG00000092820	CELL_TYPES_WANSLEEBEN_HOGAN_2013_DC	Met	249409	1	6	158797853	158801612	-	705	6	36.9
ENSG00000188641	CELL_TYPES_WANSLEEBEN_HOGAN_2013_DC	StageI	12766	1	1	97792345	97792757	-	1651	27	108.0
ENSG00000188641	CELL_TYPES_WANSLEEBEN_HOGAN_2013_DC	Met	12571	1	1	97097421	97097688	-	705	0	0.0
ENSG00000188641	CELL_TYPES_WANSLEEBEN_HOGAN_2013_DC	IVprimary	12596	1	1	97187222	97188304	-	168	0	0.0
ENSG00000188641	CELL_TYPES_WANSLEEBEN_HOGAN_2013_DC	StageI	12800	1	1	97907849	97908610	-	1651	0	0.0
ENSG00000188641	CELL_TYPES_WANSLEEBEN_HOGAN_2013_DC	StageI	12767	1	1	97797542	97797834	-	1651	17	71.6
ENSG00000188641	CELL_TYPES_WANSLEEBEN_HOGAN_2013_DC	IVprimary	12617	1	1	97264168	97264734	-	168	2	10.7
ENSG00000188641	CELL_TYPES_WANSLEEBEN_HOGAN_2013_DC	StageI	12781	1	1	97849598	97849893	-	1651	0	0.0
ENSG00000188641	CELL_TYPES_WANSLEEBEN_HOGAN_2013_DC	StageI	12768	1	1	97800255	97801101	-	1651	0	0.0
ENSG00000188641	CELL_TYPES_WANSLEEBEN_HOGAN_2013_DC	Met	12788	1	1	97873090	97873232	-	705	0	0.0
ENSG00000188641	CELL_TYPES_WANSLEEBEN_HOGAN_2013_DC	IVprimary	12632	1	1	97314551	97314906	-	168	1	6.9
ENSG00000188641	CELL_TYPES_WANSLEEBEN_HOGAN_2013_DC	StageI	12783	1	1	97854352	97854586	-	1651	0	0.0
ENSG00000188641	CELL_TYPES_WANSLEEBEN_HOGAN_2013_DC	Normal	12746	1	1	97708893	97709759	-	245	0	0.0
ENSG00000188641	CELL_TYPES_WANSLEEBEN_HOGAN_2013_DC	Normal	12761	1	1	97763485	97764057	-	245	1	6.5
ENSG00000188641	CELL_TYPES_WANSLEEBEN_HOGAN_2013_DC	Normal	12748	1	1	97711899	97712915	-	245	1	5.0
ENSG00000188641	CELL_TYPES_WANSLEEBEN_HOGAN_2013_DC	IVprimary	12635	1	1	97333155	97333948	-	168	0	0.0
ENSG00000188641	CELL_TYPES_WANSLEEBEN_HOGAN_2013_DC	StageI	12571	1	1	97097421	97097688	-	1651	0	0.0
ENSG00000188641	CELL_TYPES_WANSLEEBEN_HOGAN_2013_DC	Met	12578	1	1	97130731	97131216	-	705	0	0.0
ENSG00000188641	CELL_TYPES_WANSLEEBEN_HOGAN_2013_DC	Met	12591	1	1	97180194	97180488	-	705	167	535.4
ENSG00000188641	CELL_TYPES_WANSLEEBEN_HOGAN_2013_DC	Normal	12763	1	1	97776011	97776514	-	245	0	0.0
ENSG00000188641	CELL_TYPES_WANSLEEBEN_HOGAN_2013_DC	Met	12579	1	1	97133097	97133761	-	705	0	0.0
ENSG00000188641	CELL_TYPES_WANSLEEBEN_HOGAN_2013_DC	StageI	12788	1	1	97873090	97873232	-	1651	0	0.0
ENSG00000188641	CELL_TYPES_WANSLEEBEN_HOGAN_2013_DC	IVprimary	12638	1	1	97346100	97346845	-	168	21	75.1
ENSG00000112137	CELL_TYPES_WANSLEEBEN_HOGAN_2013_ENDOTHELIAL	IVprimary	234965	1	6	13289253	13290416	+	87	0	0.0
ENSG00000112137	CELL_TYPES_WANSLEEBEN_HOGAN_2013_ENDOTHELIAL	Normal	234870	1	6	12957988	12959186	+	450	6	33.0
ENSG00000188641	CELL_TYPES_WANSLEEBEN_HOGAN_2013_ENDOTHELIAL	IVprimary	12654	1	1	97390771	97391562	-	87	7	17.4
ENSG00000188641	CELL_TYPES_WANSLEEBEN_HOGAN_2013_ENDOTHELIAL	StageI	12590	1	1	97177653	97178094	-	247	8	44.7
ENSG00000188641	CELL_TYPES_WANSLEEBEN_HOGAN_2013_ENDOTHELIAL	IVprimary	12656	1	1	97393167	97393723	-	87	0	0.0
ENSG00000188641	CELL_TYPES_WANSLEEBEN_HOGAN_2013_ENDOTHELIAL	Met	12631	1	1	97313721	97314145	-	400	1	4.5
ENSG00000188641	CELL_TYPES_WANSLEEBEN_HOGAN_2013_ENDOTHELIAL	StageI	12631	1	1	97313721	97314145	-	247	4	16.3
ENSG00000188641	CELL_TYPES_WANSLEEBEN_HOGAN_2013_ENDOTHELIAL	Met	12638	1	1	97346100	97346845	-	400	0	0.0
ENSG00000188641	CELL_TYPES_WANSLEEBEN_HOGAN_2013_ENDOTHELIAL	Normal	12575	1	1	97118217	97118752	-	450	4	22.3
ENSG00000188641	CELL_TYPES_WANSLEEBEN_HOGAN_2013_ENDOTHELIAL	Met	12651	1	1	97384471	97384759	-	400	0	0.0
ENSG00000188641	CELL_TYPES_WANSLEEBEN_HOGAN_2013_ENDOTHELIAL	IVprimary	12710	1	1	97557226	97557683	-	87	1	5.9
ENSG00000188641	CELL_TYPES_WANSLEEBEN_HOGAN_2013_ENDOTHELIAL	IVprimary	12677	1	1	97440492	97441735	-	87	0	0.0
ENSG00000188641	CELL_TYPES_WANSLEEBEN_HOGAN_2013_ENDOTHELIAL	IVprimary	12711	1	1	97559609	97560022	-	87	0	0.0
ENSG00000188641	CELL_TYPES_WANSLEEBEN_HOGAN_2013_ENDOTHELIAL	Normal	12590	1	1	97177653	97178094	-	450	105	273.8
ENSG00000188641	CELL_TYPES_WANSLEEBEN_HOGAN_2013_ENDOTHELIAL	IVprimary	12712	1	1	97567445	97567646	-	87	0	0.0
ENSG00000188641	CELL_TYPES_WANSLEEBEN_HOGAN_2013_ENDOTHELIAL	Met	12654	1	1	97390771	97391562	-	400	0	0.0
ENSG00000188641	CELL_TYPES_WANSLEEBEN_HOGAN_2013_ENDOTHELIAL	IVprimary	12713	1	1	97570817	97571095	-	87	0	0.0
ENSG00000188641	CELL_TYPES_WANSLEEBEN_HOGAN_2013_ENDOTHELIAL	Met	12656	1	1	97393167	97393723	-	400	0	0.0
ENSG00000188641	CELL_TYPES_WANSLEEBEN_HOGAN_2013_ENDOTHELIAL	StageI	12651	1	1	97384471	97384759	-	247	2	9.2
ENSG00000188641	CELL_TYPES_WANSLEEBEN_HOGAN_2013_ENDOTHELIAL	StageI	12638	1	1	97346100	97346845	-	247	4	20.3
ENSG00000188641	CELL_TYPES_WANSLEEBEN_HOGAN_2013_ENDOTHELIAL	StageI	12654	1	1	97390771	97391562	-	247	14	42.4
ENSG00000092820	CELL_TYPES_WANSLEEBEN_HOGAN_2013_ENDOTHELIAL	IVprimary	249395	1	6	158783099	158784177	-	87	0	0.0
ENSG00000112137	CELL_TYPES_WANSLEEBEN_HOGAN_2013_ENDOTHELIAL	StageI	234965	1	6	13289253	13290416	+	247	0	0.0
ENSG00000188641	CELL_TYPES_WANSLEEBEN_HOGAN_2013_ENDOTHELIAL	IVprimary	12732	1	1	97653324	97653990	-	87	0	0.0
ENSG00000188641	CELL_TYPES_WANSLEEBEN_HOGAN_2013_ENDOTHELIAL	IVprimary	12699	1	1	97531986	97533446	-	87	0	0.0
ENSG00000188641	CELL_TYPES_WANSLEEBEN_HOGAN_2013_ENDOTHELIAL	Normal	12631	1	1	97313721	97314145	-	450	28	106.4
ENSG00000092820	CELL_TYPES_WANSLEEBEN_HOGAN_2013_ENDOTHELIAL	IVprimary	249416	1	6	158809902	158811360	-	87	0	0.0
ENSG00000188641	CELL_TYPES_WANSLEEBEN_HOGAN_2013_ENDOTHELIAL	IVprimary	12733	1	1	97656259	97657704	-	87	0	0.0
ENSG00000188641	CELL_TYPES_WANSLEEBEN_HOGAN_2013_ENDOTHELIAL	StageI	12656	1	1	97393167	97393723	-	247	4	17.3
ENSG00000092820	CELL_TYPES_WANSLEEBEN_HOGAN_2013_ENDOTHELIAL	IVprimary	249397	1	6	158785326	158785587	-	87	5	19.4
ENSG00000112137	CELL_TYPES_WANSLEEBEN_HOGAN_2013_ENDOTHELIAL	Normal	234951	1	6	13276261	13276770	+	450	48	182.8
ENSG00000188641	CELL_TYPES_WANSLEEBEN_HOGAN_2013_ENDOTHELIAL	IVprimary	12735	1	1	97665486	97666723	-	87	0	0.0
ENSG00000188641	CELL_TYPES_WANSLEEBEN_HOGAN_2013_ENDOTHELIAL	Met	12710	1	1	97557226	97557683	-	400	8	48.3
ENSG00000188641	CELL_TYPES_WANSLEEBEN_HOGAN_2013_ENDOTHELIAL	Met	12677	1	1	97440492	97441735	-	400	0	0.0
ENSG00000092820	CELL_TYPES_WANSLEEBEN_HOGAN_2013_ENDOTHELIAL	IVprimary	249399	1	6	158786699	158787570	-	87	0	0.0
ENSG00000112137	CELL_TYPES_WANSLEEBEN_HOGAN_2013_ENDOTHELIAL	Normal	234952	1	6	13277400	13277957	+	450	26	105.0
ENSG00000188641	CELL_TYPES_WANSLEEBEN_HOGAN_2013_ENDOTHELIAL	IVprimary	12736	1	1	97671696	97672517	-	87	0	0.0
ENSG00000188641	CELL_TYPES_WANSLEEBEN_HOGAN_2013_ENDOTHELIAL	Met	12711	1	1	97559609	97560022	-	400	0	0.0
ENSG00000188641	CELL_TYPES_WANSLEEBEN_HOGAN_2013_ENDOTHELIAL	IVprimary	12737	1	1	97673171	97673529	-	87	0	0.0
ENSG00000188641	CELL_TYPES_WANSLEEBEN_HOGAN_2013_ENDOTHELIAL	Met	12712	1	1	97567445	97567646	-	400	0	0.0
ENSG00000112137	CELL_TYPES_WANSLEEBEN_HOGAN_2013_ENDOTHELIAL	Normal	234954	1	6	13278509	13278881	+	450	4	12.3
ENSG00000188641	CELL_TYPES_WANSLEEBEN_HOGAN_2013_ENDOTHELIAL	IVprimary	12738	1	1	97675800	97676224	-	87	0	0.0
ENSG00000188641	CELL_TYPES_WANSLEEBEN_HOGAN_2013_ENDOTHELIAL	Met	12713	1	1	97570817	97571095	-	400	0	0.0
ENSG00000188641	CELL_TYPES_WANSLEEBEN_HOGAN_2013_ENDOTHELIAL	Normal	12638	1	1	97346100	97346845	-	450	2	7.1
ENSG00000188641	CELL_TYPES_WANSLEEBEN_HOGAN_2013_ENDOTHELIAL	Normal	12651	1	1	97384471	97384759	-	450	74	228.7
ENSG00000092820	CELL_TYPES_WANSLEEBEN_HOGAN_2013_ENDOTHELIAL	StageI	249382	1	6	158765407	158768180	-	247	4	26.5
ENSG00000092820	CELL_TYPES_WANSLEEBEN_HOGAN_2013_ENDOTHELIAL	StageI	249403	1	6	158791381	158793011	-	247	6	20.2
ENSG00000112137	CELL_TYPES_WANSLEEBEN_HOGAN_2013_ENDOTHELIAL	Normal	234957	1	6	13281052	13281496	+	450	14	72.0
ENSG00000188641	CELL_TYPES_WANSLEEBEN_HOGAN_2013_ENDOTHELIAL	StageI	12710	1	1	97557226	97557683	-	247	0	0.0
ENSG00000188641	CELL_TYPES_WANSLEEBEN_HOGAN_2013_ENDOTHELIAL	StageI	12677	1	1	97440492	97441735	-	247	5	19.5
ENSG00000188641	CELL_TYPES_WANSLEEBEN_HOGAN_2013_ENDOTHELIAL	StageI	12711	1	1	97559609	97560022	-	247	0	0.0
ENSG00000188641	CELL_TYPES_WANSLEEBEN_HOGAN_2013_ENDOTHELIAL	Normal	12654	1	1	97390771	97391562	-	450	7	43.0
ENSG00000092820	CELL_TYPES_WANSLEEBEN_HOGAN_2013_ENDOTHELIAL	StageI	249385	1	6	158770712	158772080	-	247	4	19.5
ENSG00000112137	CELL_TYPES_WANSLEEBEN_HOGAN_2013_ENDOTHELIAL	Met	234965	1	6	13289253	13290416	+	400	0	0.0
ENSG00000188641	CELL_TYPES_WANSLEEBEN_HOGAN_2013_ENDOTHELIAL	StageI	12712	1	1	97567445	97567646	-	247	0	0.0
ENSG00000188641	CELL_TYPES_WANSLEEBEN_HOGAN_2013_ENDOTHELIAL	IVprimary	12770	1	1	97807595	97808136	-	87	0	0.0
ENSG00000188641	CELL_TYPES_WANSLEEBEN_HOGAN_2013_ENDOTHELIAL	Met	12732	1	1	97653324	97653990	-	400	0	0.0
ENSG00000188641	CELL_TYPES_WANSLEEBEN_HOGAN_2013_ENDOTHELIAL	StageI	12713	1	1	97570817	97571095	-	247	0	0.0
ENSG00000188641	CELL_TYPES_WANSLEEBEN_HOGAN_2013_ENDOTHELIAL	Met	12699	1	1	97531986	97533446	-	400	0	0.0
ENSG00000188641	CELL_TYPES_WANSLEEBEN_HOGAN_2013_ENDOTHELIAL	Normal	12656	1	1	97393167	97393723	-	450	2	11.5
ENSG00000092820	CELL_TYPES_WANSLEEBEN_HOGAN_2013_ENDOTHELIAL	StageI	249387	1	6	158774255	158777101	-	247	6	24.2
ENSG00000188641	CELL_TYPES_WANSLEEBEN_HOGAN_2013_ENDOTHELIAL	Met	12733	1	1	97656259	97657704	-	400	0	0.0
ENSG00000112137	CELL_TYPES_WANSLEEBEN_HOGAN_2013_ENDOTHELIAL	IVprimary	234870	1	6	12957988	12959186	+	87	0	0.0
ENSG00000188641	CELL_TYPES_WANSLEEBEN_HOGAN_2013_ENDOTHELIAL	Met	12735	1	1	97665486	97666723	-	400	0	0.0
ENSG00000188641	CELL_TYPES_WANSLEEBEN_HOGAN_2013_ENDOTHELIAL	Met	12736	1	1	97671696	97672517	-	400	3	14.1
ENSG00000188641	CELL_TYPES_WANSLEEBEN_HOGAN_2013_ENDOTHELIAL	Met	12737	1	1	97673171	97673529	-	400	0	0.0
ENSG00000188641	CELL_TYPES_WANSLEEBEN_HOGAN_2013_ENDOTHELIAL	Met	12738	1	1	97675800	97676224	-	400	0	0.0
ENSG00000188641	CELL_TYPES_WANSLEEBEN_HOGAN_2013_ENDOTHELIAL	StageI	12732	1	1	97653324	97653990	-	247	3	16.7
ENSG00000188641	CELL_TYPES_WANSLEEBEN_HOGAN_2013_ENDOTHELIAL	StageI	12699	1	1	97531986	97533446	-	247	0	0.0
ENSG00000188641	CELL_TYPES_WANSLEEBEN_HOGAN_2013_ENDOTHELIAL	IVprimary	12562	1	1	97077836	97078379	-	87	0	0.0
ENSG00000188641	CELL_TYPES_WANSLEEBEN_HOGAN_2013_ENDOTHELIAL	StageI	12733	1	1	97656259	97657704	-	247	3	13.3
ENSG00000188641	CELL_TYPES_WANSLEEBEN_HOGAN_2013_ENDOTHELIAL	Normal	12710	1	1	97557226	97557683	-	450	9	42.5
ENSG00000188641	CELL_TYPES_WANSLEEBEN_HOGAN_2013_ENDOTHELIAL	Normal	12677	1	1	97440492	97441735	-	450	3	14.0
ENSG00000188641	CELL_TYPES_WANSLEEBEN_HOGAN_2013_ENDOTHELIAL	StageI	12735	1	1	97665486	97666723	-	247	0	0.0
ENSG00000188641	CELL_TYPES_WANSLEEBEN_HOGAN_2013_ENDOTHELIAL	Normal	12711	1	1	97559609	97560022	-	450	1	6.6
ENSG00000188641	CELL_TYPES_WANSLEEBEN_HOGAN_2013_ENDOTHELIAL	StageI	12736	1	1	97671696	97672517	-	247	3	17.1
ENSG00000188641	CELL_TYPES_WANSLEEBEN_HOGAN_2013_ENDOTHELIAL	Normal	12712	1	1	97567445	97567646	-	450	67	209.7
ENSG00000188641	CELL_TYPES_WANSLEEBEN_HOGAN_2013_ENDOTHELIAL	StageI	12737	1	1	97673171	97673529	-	247	0	0.0
ENSG00000188641	CELL_TYPES_WANSLEEBEN_HOGAN_2013_ENDOTHELIAL	Normal	12713	1	1	97570817	97571095	-	450	12	58.0
ENSG00000188641	CELL_TYPES_WANSLEEBEN_HOGAN_2013_ENDOTHELIAL	Met	12770	1	1	97807595	97808136	-	400	0	0.0
ENSG00000188641	CELL_TYPES_WANSLEEBEN_HOGAN_2013_ENDOTHELIAL	StageI	12738	1	1	97675800	97676224	-	247	0	0.0
ENSG00000092820	CELL_TYPES_WANSLEEBEN_HOGAN_2013_ENDOTHELIAL	Normal	249395	1	6	158783099	158784177	-	450	7	38.4
ENSG00000188641	CELL_TYPES_WANSLEEBEN_HOGAN_2013_ENDOTHELIAL	IVprimary	12602	1	1	97202005	97202302	-	87	0	0.0
ENSG00000092820	CELL_TYPES_WANSLEEBEN_HOGAN_2013_ENDOTHELIAL	Normal	249416	1	6	158809902	158811360	-	450	13	61.1
ENSG00000092820	CELL_TYPES_WANSLEEBEN_HOGAN_2013_ENDOTHELIAL	Normal	249397	1	6	158785326	158785587	-	450	11	56.3
ENSG00000092820	CELL_TYPES_WANSLEEBEN_HOGAN_2013_ENDOTHELIAL	Normal	249399	1	6	158786699	158787570	-	450	6	35.7
ENSG00000188641	CELL_TYPES_WANSLEEBEN_HOGAN_2013_ENDOTHELIAL	Normal	12732	1	1	97653324	97653990	-	450	325	649.5
ENSG00000188641	CELL_TYPES_WANSLEEBEN_HOGAN_2013_ENDOTHELIAL	Normal	12699	1	1	97531986	97533446	-	450	6	28.5
ENSG00000188641	CELL_TYPES_WANSLEEBEN_HOGAN_2013_ENDOTHELIAL	IVprimary	12606	1	1	97225581	97226111	-	87	1	5.1
ENSG00000188641	CELL_TYPES_WANSLEEBEN_HOGAN_2013_ENDOTHELIAL	StageI	12770	1	1	97807595	97808136	-	247	0	0.0
ENSG00000188641	CELL_TYPES_WANSLEEBEN_HOGAN_2013_ENDOTHELIAL	Normal	12733	1	1	97656259	97657704	-	450	5	26.6
ENSG00000188641	CELL_TYPES_WANSLEEBEN_HOGAN_2013_ENDOTHELIAL	Met	12562	1	1	97077836	97078379	-	400	2	10.2
ENSG00000092820	CELL_TYPES_WANSLEEBEN_HOGAN_2013_ENDOTHELIAL	Met	249395	1	6	158783099	158784177	-	400	0	0.0
ENSG00000188641	CELL_TYPES_WANSLEEBEN_HOGAN_2013_ENDOTHELIAL	Normal	12735	1	1	97665486	97666723	-	450	21	90.2
ENSG00000092820	CELL_TYPES_WANSLEEBEN_HOGAN_2013_ENDOTHELIAL	Met	249416	1	6	158809902	158811360	-	400	0	0.0
ENSG00000188641	CELL_TYPES_WANSLEEBEN_HOGAN_2013_ENDOTHELIAL	Normal	12736	1	1	97671696	97672517	-	450	0	0.0
ENSG00000092820	CELL_TYPES_WANSLEEBEN_HOGAN_2013_ENDOTHELIAL	Met	249397	1	6	158785326	158785587	-	400	4	26.0
ENSG00000112137	CELL_TYPES_WANSLEEBEN_HOGAN_2013_ENDOTHELIAL	StageI	234870	1	6	12957988	12959186	+	247	0	0.0
ENSG00000188641	CELL_TYPES_WANSLEEBEN_HOGAN_2013_ENDOTHELIAL	Normal	12737	1	1	97673171	97673529	-	450	6	30.8
ENSG00000188641	CELL_TYPES_WANSLEEBEN_HOGAN_2013_ENDOTHELIAL	IVprimary	12624	1	1	97283105	97283800	-	87	0	0.0
ENSG00000188641	CELL_TYPES_WANSLEEBEN_HOGAN_2013_ENDOTHELIAL	Normal	12738	1	1	97675800	97676224	-	450	4	20.4
ENSG00000092820	CELL_TYPES_WANSLEEBEN_HOGAN_2013_ENDOTHELIAL	Met	249399	1	6	158786699	158787570	-	400	2	12.9
ENSG00000112137	CELL_TYPES_WANSLEEBEN_HOGAN_2013_ENDOTHELIAL	IVprimary	234951	1	6	13276261	13276770	+	87	0	0.0
ENSG00000188641	CELL_TYPES_WANSLEEBEN_HOGAN_2013_ENDOTHELIAL	StageI	12562	1	1	97077836	97078379	-	247	7	34.3
ENSG00000112137	CELL_TYPES_WANSLEEBEN_HOGAN_2013_ENDOTHELIAL	IVprimary	234952	1	6	13277400	13277957	+	87	0	0.0
ENSG00000188641	CELL_TYPES_WANSLEEBEN_HOGAN_2013_ENDOTHELIAL	Met	12602	1	1	97202005	97202302	-	400	0	0.0
ENSG00000112137	CELL_TYPES_WANSLEEBEN_HOGAN_2013_ENDOTHELIAL	IVprimary	234954	1	6	13278509	13278881	+	87	0	0.0
ENSG00000188641	CELL_TYPES_WANSLEEBEN_HOGAN_2013_ENDOTHELIAL	Normal	12770	1	1	97807595	97808136	-	450	6	27.6
ENSG00000188641	CELL_TYPES_WANSLEEBEN_HOGAN_2013_ENDOTHELIAL	Met	12606	1	1	97225581	97226111	-	400	0	0.0
ENSG00000112137	CELL_TYPES_WANSLEEBEN_HOGAN_2013_ENDOTHELIAL	IVprimary	234957	1	6	13281052	13281496	+	87	0	0.0
ENSG00000188641	CELL_TYPES_WANSLEEBEN_HOGAN_2013_ENDOTHELIAL	StageI	12602	1	1	97202005	97202302	-	247	6	25.5
ENSG00000112137	CELL_TYPES_WANSLEEBEN_HOGAN_2013_ENDOTHELIAL	Met	234870	1	6	12957988	12959186	+	400	0	0.0
ENSG00000188641	CELL_TYPES_WANSLEEBEN_HOGAN_2013_ENDOTHELIAL	Met	12624	1	1	97283105	97283800	-	400	0	0.0
ENSG00000188641	CELL_TYPES_WANSLEEBEN_HOGAN_2013_ENDOTHELIAL	IVprimary	12663	1	1	97406380	97406762	-	87	0	0.0
ENSG00000188641	CELL_TYPES_WANSLEEBEN_HOGAN_2013_ENDOTHELIAL	StageI	12606	1	1	97225581	97226111	-	247	11	43.0
ENSG00000188641	CELL_TYPES_WANSLEEBEN_HOGAN_2013_ENDOTHELIAL	Normal	12562	1	1	97077836	97078379	-	450	6	30.9
ENSG00000188641	CELL_TYPES_WANSLEEBEN_HOGAN_2013_ENDOTHELIAL	IVprimary	12667	1	1	97418335	97418847	-	87	0	0.0
ENSG00000188641	CELL_TYPES_WANSLEEBEN_HOGAN_2013_ENDOTHELIAL	IVprimary	12681	1	1	97448699	97449251	-	87	0	0.0
ENSG00000188641	CELL_TYPES_WANSLEEBEN_HOGAN_2013_ENDOTHELIAL	StageI	12624	1	1	97283105	97283800	-	247	0	0.0
ENSG00000188641	CELL_TYPES_WANSLEEBEN_HOGAN_2013_ENDOTHELIAL	IVprimary	12669	1	1	97428862	97429161	-	87	0	0.0
ENSG00000188641	CELL_TYPES_WANSLEEBEN_HOGAN_2013_ENDOTHELIAL	Normal	12602	1	1	97202005	97202302	-	450	2	10.9
ENSG00000112137	CELL_TYPES_WANSLEEBEN_HOGAN_2013_ENDOTHELIAL	StageI	234951	1	6	13276261	13276770	+	247	9	37.3
ENSG00000092820	CELL_TYPES_WANSLEEBEN_HOGAN_2013_ENDOTHELIAL	IVprimary	249382	1	6	158765407	158768180	-	87	0	0.0
ENSG00000112137	CELL_TYPES_WANSLEEBEN_HOGAN_2013_ENDOTHELIAL	StageI	234952	1	6	13277400	13277957	+	247	0	0.0
ENSG00000092820	CELL_TYPES_WANSLEEBEN_HOGAN_2013_ENDOTHELIAL	IVprimary	249403	1	6	158791381	158793011	-	87	3	15.6
ENSG00000188641	CELL_TYPES_WANSLEEBEN_HOGAN_2013_ENDOTHELIAL	IVprimary	12707	1	1	97549197	97549623	-	87	0	0.0
ENSG00000188641	CELL_TYPES_WANSLEEBEN_HOGAN_2013_ENDOTHELIAL	Normal	12606	1	1	97225581	97226111	-	450	24	90.5
ENSG00000112137	CELL_TYPES_WANSLEEBEN_HOGAN_2013_ENDOTHELIAL	StageI	234954	1	6	13278509	13278881	+	247	0	0.0
ENSG00000188641	CELL_TYPES_WANSLEEBEN_HOGAN_2013_ENDOTHELIAL	IVprimary	12708	1	1	97554986	97555538	-	87	0	0.0
ENSG00000188641	CELL_TYPES_WANSLEEBEN_HOGAN_2013_ENDOTHELIAL	Met	12663	1	1	97406380	97406762	-	400	0	0.0
ENSG00000092820	CELL_TYPES_WANSLEEBEN_HOGAN_2013_ENDOTHELIAL	IVprimary	249385	1	6	158770712	158772080	-	87	0	0.0
ENSG00000188641	CELL_TYPES_WANSLEEBEN_HOGAN_2013_ENDOTHELIAL	IVprimary	12722	1	1	97616103	97616589	-	87	0	0.0
ENSG00000188641	CELL_TYPES_WANSLEEBEN_HOGAN_2013_ENDOTHELIAL	IVprimary	12723	1	1	97617013	97617485	-	87	0	0.0
ENSG00000092820	CELL_TYPES_WANSLEEBEN_HOGAN_2013_ENDOTHELIAL	IVprimary	249387	1	6	158774255	158777101	-	87	0	0.0
ENSG00000112137	CELL_TYPES_WANSLEEBEN_HOGAN_2013_ENDOTHELIAL	StageI	234957	1	6	13281052	13281496	+	247	4	12.4
ENSG00000188641	CELL_TYPES_WANSLEEBEN_HOGAN_2013_ENDOTHELIAL	IVprimary	12724	1	1	97618415	97618937	-	87	0	0.0
ENSG00000188641	CELL_TYPES_WANSLEEBEN_HOGAN_2013_ENDOTHELIAL	Met	12667	1	1	97418335	97418847	-	400	0	0.0
ENSG00000188641	CELL_TYPES_WANSLEEBEN_HOGAN_2013_ENDOTHELIAL	Normal	12624	1	1	97283105	97283800	-	450	0	0.0
ENSG00000188641	CELL_TYPES_WANSLEEBEN_HOGAN_2013_ENDOTHELIAL	IVprimary	12726	1	1	97626966	97627228	-	87	0	0.0
ENSG00000188641	CELL_TYPES_WANSLEEBEN_HOGAN_2013_ENDOTHELIAL	Met	12681	1	1	97448699	97449251	-	400	0	0.0
ENSG00000188641	CELL_TYPES_WANSLEEBEN_HOGAN_2013_ENDOTHELIAL	Met	12669	1	1	97428862	97429161	-	400	0	0.0
ENSG00000188641	CELL_TYPES_WANSLEEBEN_HOGAN_2013_ENDOTHELIAL	StageI	12663	1	1	97406380	97406762	-	247	2	7.8
ENSG00000188641	CELL_TYPES_WANSLEEBEN_HOGAN_2013_ENDOTHELIAL	IVprimary	12728	1	1	97640339	97640798	-	87	0	0.0
ENSG00000112137	CELL_TYPES_WANSLEEBEN_HOGAN_2013_ENDOTHELIAL	Met	234951	1	6	13276261	13276770	+	400	0	0.0
ENSG00000188641	CELL_TYPES_WANSLEEBEN_HOGAN_2013_ENDOTHELIAL	IVprimary	12729	1	1	97644557	97645194	-	87	0	0.0
ENSG00000112137	CELL_TYPES_WANSLEEBEN_HOGAN_2013_ENDOTHELIAL	Met	234952	1	6	13277400	13277957	+	400	0	0.0
ENSG00000188641	CELL_TYPES_WANSLEEBEN_HOGAN_2013_ENDOTHELIAL	StageI	12667	1	1	97418335	97418847	-	247	0	0.0
ENSG00000112137	CELL_TYPES_WANSLEEBEN_HOGAN_2013_ENDOTHELIAL	Met	234954	1	6	13278509	13278881	+	400	0	0.0
ENSG00000188641	CELL_TYPES_WANSLEEBEN_HOGAN_2013_ENDOTHELIAL	Met	12707	1	1	97549197	97549623	-	400	0	0.0
ENSG00000188641	CELL_TYPES_WANSLEEBEN_HOGAN_2013_ENDOTHELIAL	StageI	12681	1	1	97448699	97449251	-	247	2	10.3
ENSG00000188641	CELL_TYPES_WANSLEEBEN_HOGAN_2013_ENDOTHELIAL	Met	12708	1	1	97554986	97555538	-	400	0	0.0
ENSG00000188641	CELL_TYPES_WANSLEEBEN_HOGAN_2013_ENDOTHELIAL	StageI	12669	1	1	97428862	97429161	-	247	0	0.0
ENSG00000188641	CELL_TYPES_WANSLEEBEN_HOGAN_2013_ENDOTHELIAL	Met	12722	1	1	97616103	97616589	-	400	0	0.0
ENSG00000112137	CELL_TYPES_WANSLEEBEN_HOGAN_2013_ENDOTHELIAL	Met	234957	1	6	13281052	13281496	+	400	0	0.0
ENSG00000188641	CELL_TYPES_WANSLEEBEN_HOGAN_2013_ENDOTHELIAL	IVprimary	12748	1	1	97711899	97712915	-	87	0	0.0
ENSG00000188641	CELL_TYPES_WANSLEEBEN_HOGAN_2013_ENDOTHELIAL	Met	12723	1	1	97617013	97617485	-	400	0	0.0
ENSG00000112137	CELL_TYPES_WANSLEEBEN_HOGAN_2013_ENDOTHELIAL	Normal	234965	1	6	13289253	13290416	+	450	15	51.0
ENSG00000188641	CELL_TYPES_WANSLEEBEN_HOGAN_2013_ENDOTHELIAL	Met	12724	1	1	97618415	97618937	-	400	5	29.4
ENSG00000188641	CELL_TYPES_WANSLEEBEN_HOGAN_2013_ENDOTHELIAL	IVprimary	12763	1	1	97776011	97776514	-	87	0	0.0
ENSG00000188641	CELL_TYPES_WANSLEEBEN_HOGAN_2013_ENDOTHELIAL	IVprimary	12764	1	1	97783468	97783998	-	87	0	0.0
ENSG00000188641	CELL_TYPES_WANSLEEBEN_HOGAN_2013_ENDOTHELIAL	Met	12726	1	1	97626966	97627228	-	400	0	0.0
ENSG00000188641	CELL_TYPES_WANSLEEBEN_HOGAN_2013_ENDOTHELIAL	StageI	12707	1	1	97549197	97549623	-	247	5	17.7
ENSG00000188641	CELL_TYPES_WANSLEEBEN_HOGAN_2013_ENDOTHELIAL	Normal	12663	1	1	97406380	97406762	-	450	3	15.2
ENSG00000188641	CELL_TYPES_WANSLEEBEN_HOGAN_2013_ENDOTHELIAL	StageI	12708	1	1	97554986	97555538	-	247	0	0.0
ENSG00000092820	CELL_TYPES_WANSLEEBEN_HOGAN_2013_ENDOTHELIAL	StageI	249395	1	6	158783099	158784177	-	247	2	9.4
ENSG00000188641	CELL_TYPES_WANSLEEBEN_HOGAN_2013_ENDOTHELIAL	Met	12728	1	1	97640339	97640798	-	400	5	33.4
ENSG00000188641	CELL_TYPES_WANSLEEBEN_HOGAN_2013_ENDOTHELIAL	StageI	12722	1	1	97616103	97616589	-	247	12	52.3
ENSG00000092820	CELL_TYPES_WANSLEEBEN_HOGAN_2013_ENDOTHELIAL	StageI	249416	1	6	158809902	158811360	-	247	3	14.6
ENSG00000188641	CELL_TYPES_WANSLEEBEN_HOGAN_2013_ENDOTHELIAL	Met	12729	1	1	97644557	97645194	-	400	0	0.0
ENSG00000188641	CELL_TYPES_WANSLEEBEN_HOGAN_2013_ENDOTHELIAL	StageI	12723	1	1	97617013	97617485	-	247	0	0.0
ENSG00000092820	CELL_TYPES_WANSLEEBEN_HOGAN_2013_ENDOTHELIAL	StageI	249397	1	6	158785326	158785587	-	247	27	60.1
ENSG00000188641	CELL_TYPES_WANSLEEBEN_HOGAN_2013_ENDOTHELIAL	StageI	12724	1	1	97618415	97618937	-	247	4	14.9
ENSG00000188641	CELL_TYPES_WANSLEEBEN_HOGAN_2013_ENDOTHELIAL	Normal	12667	1	1	97418335	97418847	-	450	4	24.8
ENSG00000188641	CELL_TYPES_WANSLEEBEN_HOGAN_2013_ENDOTHELIAL	Normal	12681	1	1	97448699	97449251	-	450	3	16.2
ENSG00000092820	CELL_TYPES_WANSLEEBEN_HOGAN_2013_ENDOTHELIAL	StageI	249399	1	6	158786699	158787570	-	247	6	23.1
ENSG00000092820	CELL_TYPES_WANSLEEBEN_HOGAN_2013_ENDOTHELIAL	Normal	249382	1	6	158765407	158768180	-	450	5	27.6
ENSG00000188641	CELL_TYPES_WANSLEEBEN_HOGAN_2013_ENDOTHELIAL	StageI	12726	1	1	97626966	97627228	-	247	1	4.6
ENSG00000188641	CELL_TYPES_WANSLEEBEN_HOGAN_2013_ENDOTHELIAL	Normal	12669	1	1	97428862	97429161	-	450	40	145.8
ENSG00000092820	CELL_TYPES_WANSLEEBEN_HOGAN_2013_ENDOTHELIAL	Normal	249403	1	6	158791381	158793011	-	450	3	15.7
ENSG00000188641	CELL_TYPES_WANSLEEBEN_HOGAN_2013_ENDOTHELIAL	StageI	12728	1	1	97640339	97640798	-	247	2	7.9
ENSG00000092820	CELL_TYPES_WANSLEEBEN_HOGAN_2013_ENDOTHELIAL	Normal	249385	1	6	158770712	158772080	-	450	10	56.8
ENSG00000188641	CELL_TYPES_WANSLEEBEN_HOGAN_2013_ENDOTHELIAL	Met	12748	1	1	97711899	97712915	-	400	0	0.0
ENSG00000188641	CELL_TYPES_WANSLEEBEN_HOGAN_2013_ENDOTHELIAL	StageI	12729	1	1	97644557	97645194	-	247	17	51.0
ENSG00000092820	CELL_TYPES_WANSLEEBEN_HOGAN_2013_ENDOTHELIAL	Normal	249387	1	6	158774255	158777101	-	450	117	329.7
ENSG00000188641	CELL_TYPES_WANSLEEBEN_HOGAN_2013_ENDOTHELIAL	Met	12763	1	1	97776011	97776514	-	400	0	0.0
ENSG00000188641	CELL_TYPES_WANSLEEBEN_HOGAN_2013_ENDOTHELIAL	Normal	12707	1	1	97549197	97549623	-	450	5	26.1
ENSG00000188641	CELL_TYPES_WANSLEEBEN_HOGAN_2013_ENDOTHELIAL	Met	12764	1	1	97783468	97783998	-	400	0	0.0
ENSG00000188641	CELL_TYPES_WANSLEEBEN_HOGAN_2013_ENDOTHELIAL	Normal	12708	1	1	97554986	97555538	-	450	5	20.5
ENSG00000188641	CELL_TYPES_WANSLEEBEN_HOGAN_2013_ENDOTHELIAL	IVprimary	12575	1	1	97118217	97118752	-	87	0	0.0
ENSG00000092820	CELL_TYPES_WANSLEEBEN_HOGAN_2013_ENDOTHELIAL	Met	249382	1	6	158765407	158768180	-	400	0	0.0
ENSG00000188641	CELL_TYPES_WANSLEEBEN_HOGAN_2013_ENDOTHELIAL	Normal	12722	1	1	97616103	97616589	-	450	9	47.5
ENSG00000092820	CELL_TYPES_WANSLEEBEN_HOGAN_2013_ENDOTHELIAL	Met	249403	1	6	158791381	158793011	-	400	5	24.8
ENSG00000188641	CELL_TYPES_WANSLEEBEN_HOGAN_2013_ENDOTHELIAL	Normal	12723	1	1	97617013	97617485	-	450	101	280.4
ENSG00000188641	CELL_TYPES_WANSLEEBEN_HOGAN_2013_ENDOTHELIAL	IVprimary	12590	1	1	97177653	97178094	-	87	2	10.9
ENSG00000188641	CELL_TYPES_WANSLEEBEN_HOGAN_2013_ENDOTHELIAL	StageI	12748	1	1	97711899	97712915	-	247	5	20.3
ENSG00000188641	CELL_TYPES_WANSLEEBEN_HOGAN_2013_ENDOTHELIAL	Normal	12724	1	1	97618415	97618937	-	450	6	37.4
ENSG00000092820	CELL_TYPES_WANSLEEBEN_HOGAN_2013_ENDOTHELIAL	Met	249385	1	6	158770712	158772080	-	400	0	0.0
ENSG00000188641	CELL_TYPES_WANSLEEBEN_HOGAN_2013_ENDOTHELIAL	StageI	12763	1	1	97776011	97776514	-	247	0	0.0
ENSG00000188641	CELL_TYPES_WANSLEEBEN_HOGAN_2013_ENDOTHELIAL	Normal	12726	1	1	97626966	97627228	-	450	4	21.5
ENSG00000092820	CELL_TYPES_WANSLEEBEN_HOGAN_2013_ENDOTHELIAL	Met	249387	1	6	158774255	158777101	-	400	0	0.0
ENSG00000188641	CELL_TYPES_WANSLEEBEN_HOGAN_2013_ENDOTHELIAL	StageI	12764	1	1	97783468	97783998	-	247	15	50.2
ENSG00000188641	CELL_TYPES_WANSLEEBEN_HOGAN_2013_ENDOTHELIAL	Normal	12728	1	1	97640339	97640798	-	450	23	97.5
ENSG00000188641	CELL_TYPES_WANSLEEBEN_HOGAN_2013_ENDOTHELIAL	Normal	12729	1	1	97644557	97645194	-	450	59	174.3
ENSG00000188641	CELL_TYPES_WANSLEEBEN_HOGAN_2013_ENDOTHELIAL	IVprimary	12631	1	1	97313721	97314145	-	87	0	0.0
ENSG00000188641	CELL_TYPES_WANSLEEBEN_HOGAN_2013_ENDOTHELIAL	Met	12575	1	1	97118217	97118752	-	400	0	0.0
ENSG00000188641	CELL_TYPES_WANSLEEBEN_HOGAN_2013_ENDOTHELIAL	Normal	12748	1	1	97711899	97712915	-	450	3	19.0
ENSG00000188641	CELL_TYPES_WANSLEEBEN_HOGAN_2013_ENDOTHELIAL	Met	12590	1	1	97177653	97178094	-	400	2	13.9
ENSG00000188641	CELL_TYPES_WANSLEEBEN_HOGAN_2013_ENDOTHELIAL	Normal	12763	1	1	97776011	97776514	-	450	1	4.6
ENSG00000188641	CELL_TYPES_WANSLEEBEN_HOGAN_2013_ENDOTHELIAL	Normal	12764	1	1	97783468	97783998	-	450	1	3.9
ENSG00000188641	CELL_TYPES_WANSLEEBEN_HOGAN_2013_ENDOTHELIAL	IVprimary	12651	1	1	97384471	97384759	-	87	0	0.0
ENSG00000188641	CELL_TYPES_WANSLEEBEN_HOGAN_2013_ENDOTHELIAL	IVprimary	12638	1	1	97346100	97346845	-	87	4	11.5
ENSG00000188641	CELL_TYPES_WANSLEEBEN_HOGAN_2013_ENDOTHELIAL	StageI	12575	1	1	97118217	97118752	-	247	1	7.6
ENSG00000112137	CELL_TYPES_WANSLEEBEN_HOGAN_2013_EPITHELIAL	IVprimary	234965	1	6	13289253	13290416	+	80	0	0.0
ENSG00000112137	CELL_TYPES_WANSLEEBEN_HOGAN_2013_EPITHELIAL	Normal	234870	1	6	12957988	12959186	+	230	0	0.0
ENSG00000188641	CELL_TYPES_WANSLEEBEN_HOGAN_2013_EPITHELIAL	IVprimary	12654	1	1	97390771	97391562	-	80	31	91.0
ENSG00000188641	CELL_TYPES_WANSLEEBEN_HOGAN_2013_EPITHELIAL	StageI	12590	1	1	97177653	97178094	-	408	8	24.5
ENSG00000188641	CELL_TYPES_WANSLEEBEN_HOGAN_2013_EPITHELIAL	IVprimary	12656	1	1	97393167	97393723	-	80	0	0.0
ENSG00000188641	CELL_TYPES_WANSLEEBEN_HOGAN_2013_EPITHELIAL	Met	12631	1	1	97313721	97314145	-	140	1	5.7
ENSG00000188641	CELL_TYPES_WANSLEEBEN_HOGAN_2013_EPITHELIAL	StageI	12631	1	1	97313721	97314145	-	408	5	26.3
ENSG00000188641	CELL_TYPES_WANSLEEBEN_HOGAN_2013_EPITHELIAL	Met	12638	1	1	97346100	97346845	-	140	0	0.0
ENSG00000188641	CELL_TYPES_WANSLEEBEN_HOGAN_2013_EPITHELIAL	Normal	12575	1	1	97118217	97118752	-	230	0	0.0
ENSG00000188641	CELL_TYPES_WANSLEEBEN_HOGAN_2013_EPITHELIAL	Met	12651	1	1	97384471	97384759	-	140	0	0.0
ENSG00000188641	CELL_TYPES_WANSLEEBEN_HOGAN_2013_EPITHELIAL	IVprimary	12710	1	1	97557226	97557683	-	80	1	3.5
ENSG00000188641	CELL_TYPES_WANSLEEBEN_HOGAN_2013_EPITHELIAL	IVprimary	12677	1	1	97440492	97441735	-	80	0	0.0
ENSG00000188641	CELL_TYPES_WANSLEEBEN_HOGAN_2013_EPITHELIAL	IVprimary	12711	1	1	97559609	97560022	-	80	0	0.0
ENSG00000188641	CELL_TYPES_WANSLEEBEN_HOGAN_2013_EPITHELIAL	Normal	12590	1	1	97177653	97178094	-	230	23	72.9
ENSG00000188641	CELL_TYPES_WANSLEEBEN_HOGAN_2013_EPITHELIAL	IVprimary	12712	1	1	97567445	97567646	-	80	0	0.0
ENSG00000188641	CELL_TYPES_WANSLEEBEN_HOGAN_2013_EPITHELIAL	Met	12654	1	1	97390771	97391562	-	140	0	0.0
ENSG00000188641	CELL_TYPES_WANSLEEBEN_HOGAN_2013_EPITHELIAL	IVprimary	12713	1	1	97570817	97571095	-	80	0	0.0
ENSG00000188641	CELL_TYPES_WANSLEEBEN_HOGAN_2013_EPITHELIAL	Met	12656	1	1	97393167	97393723	-	140	0	0.0
ENSG00000188641	CELL_TYPES_WANSLEEBEN_HOGAN_2013_EPITHELIAL	StageI	12651	1	1	97384471	97384759	-	408	4	22.2
ENSG00000188641	CELL_TYPES_WANSLEEBEN_HOGAN_2013_EPITHELIAL	StageI	12638	1	1	97346100	97346845	-	408	9	44.9
ENSG00000188641	CELL_TYPES_WANSLEEBEN_HOGAN_2013_EPITHELIAL	StageI	12654	1	1	97390771	97391562	-	408	27	79.5
ENSG00000092820	CELL_TYPES_WANSLEEBEN_HOGAN_2013_EPITHELIAL	IVprimary	249395	1	6	158783099	158784177	-	80	0	0.0
ENSG00000112137	CELL_TYPES_WANSLEEBEN_HOGAN_2013_EPITHELIAL	StageI	234965	1	6	13289253	13290416	+	408	0	0.0
ENSG00000188641	CELL_TYPES_WANSLEEBEN_HOGAN_2013_EPITHELIAL	IVprimary	12732	1	1	97653324	97653990	-	80	0	0.0
ENSG00000188641	CELL_TYPES_WANSLEEBEN_HOGAN_2013_EPITHELIAL	IVprimary	12699	1	1	97531986	97533446	-	80	0	0.0
ENSG00000188641	CELL_TYPES_WANSLEEBEN_HOGAN_2013_EPITHELIAL	Normal	12631	1	1	97313721	97314145	-	230	5	19.5
ENSG00000092820	CELL_TYPES_WANSLEEBEN_HOGAN_2013_EPITHELIAL	IVprimary	249416	1	6	158809902	158811360	-	80	0	0.0
ENSG00000188641	CELL_TYPES_WANSLEEBEN_HOGAN_2013_EPITHELIAL	IVprimary	12733	1	1	97656259	97657704	-	80	0	0.0
ENSG00000188641	CELL_TYPES_WANSLEEBEN_HOGAN_2013_EPITHELIAL	StageI	12656	1	1	97393167	97393723	-	408	3	9.9
ENSG00000092820	CELL_TYPES_WANSLEEBEN_HOGAN_2013_EPITHELIAL	IVprimary	249397	1	6	158785326	158785587	-	80	0	0.0
ENSG00000112137	CELL_TYPES_WANSLEEBEN_HOGAN_2013_EPITHELIAL	Normal	234951	1	6	13276261	13276770	+	230	0	0.0
ENSG00000188641	CELL_TYPES_WANSLEEBEN_HOGAN_2013_EPITHELIAL	IVprimary	12735	1	1	97665486	97666723	-	80	0	0.0
ENSG00000188641	CELL_TYPES_WANSLEEBEN_HOGAN_2013_EPITHELIAL	Met	12710	1	1	97557226	97557683	-	140	1	8.7
ENSG00000188641	CELL_TYPES_WANSLEEBEN_HOGAN_2013_EPITHELIAL	Met	12677	1	1	97440492	97441735	-	140	0	0.0
ENSG00000092820	CELL_TYPES_WANSLEEBEN_HOGAN_2013_EPITHELIAL	IVprimary	249399	1	6	158786699	158787570	-	80	0	0.0
ENSG00000112137	CELL_TYPES_WANSLEEBEN_HOGAN_2013_EPITHELIAL	Normal	234952	1	6	13277400	13277957	+	230	0	0.0
ENSG00000188641	CELL_TYPES_WANSLEEBEN_HOGAN_2013_EPITHELIAL	IVprimary	12736	1	1	97671696	97672517	-	80	0	0.0
ENSG00000188641	CELL_TYPES_WANSLEEBEN_HOGAN_2013_EPITHELIAL	Met	12711	1	1	97559609	97560022	-	140	0	0.0
ENSG00000188641	CELL_TYPES_WANSLEEBEN_HOGAN_2013_EPITHELIAL	IVprimary	12737	1	1	97673171	97673529	-	80	0	0.0
ENSG00000188641	CELL_TYPES_WANSLEEBEN_HOGAN_2013_EPITHELIAL	Met	12712	1	1	97567445	97567646	-	140	0	0.0
ENSG00000112137	CELL_TYPES_WANSLEEBEN_HOGAN_2013_EPITHELIAL	Normal	234954	1	6	13278509	13278881	+	230	36	164.6
ENSG00000188641	CELL_TYPES_WANSLEEBEN_HOGAN_2013_EPITHELIAL	IVprimary	12738	1	1	97675800	97676224	-	80	0	0.0
ENSG00000188641	CELL_TYPES_WANSLEEBEN_HOGAN_2013_EPITHELIAL	Met	12713	1	1	97570817	97571095	-	140	0	0.0
ENSG00000188641	CELL_TYPES_WANSLEEBEN_HOGAN_2013_EPITHELIAL	Normal	12638	1	1	97346100	97346845	-	230	20	112.9
ENSG00000188641	CELL_TYPES_WANSLEEBEN_HOGAN_2013_EPITHELIAL	Normal	12651	1	1	97384471	97384759	-	230	6	20.0
ENSG00000092820	CELL_TYPES_WANSLEEBEN_HOGAN_2013_EPITHELIAL	StageI	249382	1	6	158765407	158768180	-	408	5	24.5
ENSG00000092820	CELL_TYPES_WANSLEEBEN_HOGAN_2013_EPITHELIAL	StageI	249403	1	6	158791381	158793011	-	408	4	17.2
ENSG00000112137	CELL_TYPES_WANSLEEBEN_HOGAN_2013_EPITHELIAL	Normal	234957	1	6	13281052	13281496	+	230	2	12.6
ENSG00000188641	CELL_TYPES_WANSLEEBEN_HOGAN_2013_EPITHELIAL	StageI	12710	1	1	97557226	97557683	-	408	1	3.4
ENSG00000188641	CELL_TYPES_WANSLEEBEN_HOGAN_2013_EPITHELIAL	StageI	12677	1	1	97440492	97441735	-	408	2	4.2
ENSG00000188641	CELL_TYPES_WANSLEEBEN_HOGAN_2013_EPITHELIAL	StageI	12711	1	1	97559609	97560022	-	408	0	0.0
ENSG00000188641	CELL_TYPES_WANSLEEBEN_HOGAN_2013_EPITHELIAL	Normal	12654	1	1	97390771	97391562	-	230	0	0.0
ENSG00000092820	CELL_TYPES_WANSLEEBEN_HOGAN_2013_EPITHELIAL	StageI	249385	1	6	158770712	158772080	-	408	5	28.5
ENSG00000112137	CELL_TYPES_WANSLEEBEN_HOGAN_2013_EPITHELIAL	Met	234965	1	6	13289253	13290416	+	140	0	0.0
ENSG00000188641	CELL_TYPES_WANSLEEBEN_HOGAN_2013_EPITHELIAL	StageI	12712	1	1	97567445	97567646	-	408	0	0.0
ENSG00000188641	CELL_TYPES_WANSLEEBEN_HOGAN_2013_EPITHELIAL	IVprimary	12770	1	1	97807595	97808136	-	80	0	0.0
ENSG00000188641	CELL_TYPES_WANSLEEBEN_HOGAN_2013_EPITHELIAL	Met	12732	1	1	97653324	97653990	-	140	0	0.0
ENSG00000188641	CELL_TYPES_WANSLEEBEN_HOGAN_2013_EPITHELIAL	StageI	12713	1	1	97570817	97571095	-	408	0	0.0
ENSG00000188641	CELL_TYPES_WANSLEEBEN_HOGAN_2013_EPITHELIAL	Met	12699	1	1	97531986	97533446	-	140	1	6.3
ENSG00000188641	CELL_TYPES_WANSLEEBEN_HOGAN_2013_EPITHELIAL	Normal	12656	1	1	97393167	97393723	-	230	3	18.9
ENSG00000092820	CELL_TYPES_WANSLEEBEN_HOGAN_2013_EPITHELIAL	StageI	249387	1	6	158774255	158777101	-	408	26	107.3
ENSG00000188641	CELL_TYPES_WANSLEEBEN_HOGAN_2013_EPITHELIAL	Met	12733	1	1	97656259	97657704	-	140	0	0.0
ENSG00000112137	CELL_TYPES_WANSLEEBEN_HOGAN_2013_EPITHELIAL	IVprimary	234870	1	6	12957988	12959186	+	80	0	0.0
ENSG00000188641	CELL_TYPES_WANSLEEBEN_HOGAN_2013_EPITHELIAL	Met	12735	1	1	97665486	97666723	-	140	0	0.0
ENSG00000188641	CELL_TYPES_WANSLEEBEN_HOGAN_2013_EPITHELIAL	Met	12736	1	1	97671696	97672517	-	140	0	0.0
ENSG00000188641	CELL_TYPES_WANSLEEBEN_HOGAN_2013_EPITHELIAL	Met	12737	1	1	97673171	97673529	-	140	0	0.0
ENSG00000188641	CELL_TYPES_WANSLEEBEN_HOGAN_2013_EPITHELIAL	Met	12738	1	1	97675800	97676224	-	140	0	0.0
ENSG00000188641	CELL_TYPES_WANSLEEBEN_HOGAN_2013_EPITHELIAL	StageI	12732	1	1	97653324	97653990	-	408	1	5.8
ENSG00000188641	CELL_TYPES_WANSLEEBEN_HOGAN_2013_EPITHELIAL	StageI	12699	1	1	97531986	97533446	-	408	0	0.0
ENSG00000188641	CELL_TYPES_WANSLEEBEN_HOGAN_2013_EPITHELIAL	IVprimary	12562	1	1	97077836	97078379	-	80	0	0.0
ENSG00000188641	CELL_TYPES_WANSLEEBEN_HOGAN_2013_EPITHELIAL	StageI	12733	1	1	97656259	97657704	-	408	9	41.8
ENSG00000188641	CELL_TYPES_WANSLEEBEN_HOGAN_2013_EPITHELIAL	Normal	12710	1	1	97557226	97557683	-	230	5	24.4
ENSG00000188641	CELL_TYPES_WANSLEEBEN_HOGAN_2013_EPITHELIAL	Normal	12677	1	1	97440492	97441735	-	230	3	18.1
ENSG00000188641	CELL_TYPES_WANSLEEBEN_HOGAN_2013_EPITHELIAL	StageI	12735	1	1	97665486	97666723	-	408	0	0.0
ENSG00000188641	CELL_TYPES_WANSLEEBEN_HOGAN_2013_EPITHELIAL	Normal	12711	1	1	97559609	97560022	-	230	0	0.0
ENSG00000188641	CELL_TYPES_WANSLEEBEN_HOGAN_2013_EPITHELIAL	StageI	12736	1	1	97671696	97672517	-	408	4	16.5
ENSG00000188641	CELL_TYPES_WANSLEEBEN_HOGAN_2013_EPITHELIAL	Normal	12712	1	1	97567445	97567646	-	230	22	70.4
ENSG00000188641	CELL_TYPES_WANSLEEBEN_HOGAN_2013_EPITHELIAL	StageI	12737	1	1	97673171	97673529	-	408	0	0.0
ENSG00000188641	CELL_TYPES_WANSLEEBEN_HOGAN_2013_EPITHELIAL	Normal	12713	1	1	97570817	97571095	-	230	3	15.0
ENSG00000188641	CELL_TYPES_WANSLEEBEN_HOGAN_2013_EPITHELIAL	Met	12770	1	1	97807595	97808136	-	140	0	0.0
ENSG00000188641	CELL_TYPES_WANSLEEBEN_HOGAN_2013_EPITHELIAL	StageI	12738	1	1	97675800	97676224	-	408	0	0.0
ENSG00000092820	CELL_TYPES_WANSLEEBEN_HOGAN_2013_EPITHELIAL	Normal	249395	1	6	158783099	158784177	-	230	2	10.8
ENSG00000188641	CELL_TYPES_WANSLEEBEN_HOGAN_2013_EPITHELIAL	IVprimary	12602	1	1	97202005	97202302	-	80	4	19.0
ENSG00000092820	CELL_TYPES_WANSLEEBEN_HOGAN_2013_EPITHELIAL	Normal	249416	1	6	158809902	158811360	-	230	7	32.7
ENSG00000092820	CELL_TYPES_WANSLEEBEN_HOGAN_2013_EPITHELIAL	Normal	249397	1	6	158785326	158785587	-	230	0	0.0
ENSG00000092820	CELL_TYPES_WANSLEEBEN_HOGAN_2013_EPITHELIAL	Normal	249399	1	6	158786699	158787570	-	230	0	0.0
ENSG00000188641	CELL_TYPES_WANSLEEBEN_HOGAN_2013_EPITHELIAL	Normal	12732	1	1	97653324	97653990	-	230	65	233.4
ENSG00000188641	CELL_TYPES_WANSLEEBEN_HOGAN_2013_EPITHELIAL	Normal	12699	1	1	97531986	97533446	-	230	3	16.7
ENSG00000188641	CELL_TYPES_WANSLEEBEN_HOGAN_2013_EPITHELIAL	IVprimary	12606	1	1	97225581	97226111	-	80	4	20.1
ENSG00000188641	CELL_TYPES_WANSLEEBEN_HOGAN_2013_EPITHELIAL	StageI	12770	1	1	97807595	97808136	-	408	0	0.0
ENSG00000188641	CELL_TYPES_WANSLEEBEN_HOGAN_2013_EPITHELIAL	Normal	12733	1	1	97656259	97657704	-	230	7	39.9
ENSG00000188641	CELL_TYPES_WANSLEEBEN_HOGAN_2013_EPITHELIAL	Met	12562	1	1	97077836	97078379	-	140	0	0.0
ENSG00000092820	CELL_TYPES_WANSLEEBEN_HOGAN_2013_EPITHELIAL	Met	249395	1	6	158783099	158784177	-	140	11	43.0
ENSG00000188641	CELL_TYPES_WANSLEEBEN_HOGAN_2013_EPITHELIAL	Normal	12735	1	1	97665486	97666723	-	230	21	96.5
ENSG00000092820	CELL_TYPES_WANSLEEBEN_HOGAN_2013_EPITHELIAL	Met	249416	1	6	158809902	158811360	-	140	0	0.0
ENSG00000188641	CELL_TYPES_WANSLEEBEN_HOGAN_2013_EPITHELIAL	Normal	12736	1	1	97671696	97672517	-	230	6	38.0
ENSG00000092820	CELL_TYPES_WANSLEEBEN_HOGAN_2013_EPITHELIAL	Met	249397	1	6	158785326	158785587	-	140	2	10.8
ENSG00000112137	CELL_TYPES_WANSLEEBEN_HOGAN_2013_EPITHELIAL	StageI	234870	1	6	12957988	12959186	+	408	0	0.0
ENSG00000188641	CELL_TYPES_WANSLEEBEN_HOGAN_2013_EPITHELIAL	Normal	12737	1	1	97673171	97673529	-	230	10	48.7
ENSG00000188641	CELL_TYPES_WANSLEEBEN_HOGAN_2013_EPITHELIAL	IVprimary	12624	1	1	97283105	97283800	-	80	0	0.0
ENSG00000188641	CELL_TYPES_WANSLEEBEN_HOGAN_2013_EPITHELIAL	Normal	12738	1	1	97675800	97676224	-	230	5	29.2
ENSG00000092820	CELL_TYPES_WANSLEEBEN_HOGAN_2013_EPITHELIAL	Met	249399	1	6	158786699	158787570	-	140	0	0.0
ENSG00000112137	CELL_TYPES_WANSLEEBEN_HOGAN_2013_EPITHELIAL	IVprimary	234951	1	6	13276261	13276770	+	80	0	0.0
ENSG00000188641	CELL_TYPES_WANSLEEBEN_HOGAN_2013_EPITHELIAL	StageI	12562	1	1	97077836	97078379	-	408	1	3.8
ENSG00000112137	CELL_TYPES_WANSLEEBEN_HOGAN_2013_EPITHELIAL	IVprimary	234952	1	6	13277400	13277957	+	80	0	0.0
ENSG00000188641	CELL_TYPES_WANSLEEBEN_HOGAN_2013_EPITHELIAL	Met	12602	1	1	97202005	97202302	-	140	0	0.0
ENSG00000112137	CELL_TYPES_WANSLEEBEN_HOGAN_2013_EPITHELIAL	IVprimary	234954	1	6	13278509	13278881	+	80	0	0.0
ENSG00000188641	CELL_TYPES_WANSLEEBEN_HOGAN_2013_EPITHELIAL	Normal	12770	1	1	97807595	97808136	-	230	26	150.3
ENSG00000188641	CELL_TYPES_WANSLEEBEN_HOGAN_2013_EPITHELIAL	Met	12606	1	1	97225581	97226111	-	140	5	21.5
ENSG00000112137	CELL_TYPES_WANSLEEBEN_HOGAN_2013_EPITHELIAL	IVprimary	234957	1	6	13281052	13281496	+	80	0	0.0
ENSG00000188641	CELL_TYPES_WANSLEEBEN_HOGAN_2013_EPITHELIAL	StageI	12602	1	1	97202005	97202302	-	408	19	89.6
ENSG00000112137	CELL_TYPES_WANSLEEBEN_HOGAN_2013_EPITHELIAL	Met	234870	1	6	12957988	12959186	+	140	0	0.0
ENSG00000188641	CELL_TYPES_WANSLEEBEN_HOGAN_2013_EPITHELIAL	Met	12624	1	1	97283105	97283800	-	140	0	0.0
ENSG00000188641	CELL_TYPES_WANSLEEBEN_HOGAN_2013_EPITHELIAL	IVprimary	12663	1	1	97406380	97406762	-	80	1	2.9
ENSG00000188641	CELL_TYPES_WANSLEEBEN_HOGAN_2013_EPITHELIAL	StageI	12606	1	1	97225581	97226111	-	408	9	39.3
ENSG00000188641	CELL_TYPES_WANSLEEBEN_HOGAN_2013_EPITHELIAL	Normal	12562	1	1	97077836	97078379	-	230	3	17.7
ENSG00000188641	CELL_TYPES_WANSLEEBEN_HOGAN_2013_EPITHELIAL	IVprimary	12667	1	1	97418335	97418847	-	80	0	0.0
ENSG00000188641	CELL_TYPES_WANSLEEBEN_HOGAN_2013_EPITHELIAL	IVprimary	12681	1	1	97448699	97449251	-	80	0	0.0
ENSG00000188641	CELL_TYPES_WANSLEEBEN_HOGAN_2013_EPITHELIAL	StageI	12624	1	1	97283105	97283800	-	408	0	0.0
ENSG00000188641	CELL_TYPES_WANSLEEBEN_HOGAN_2013_EPITHELIAL	IVprimary	12669	1	1	97428862	97429161	-	80	0	0.0
ENSG00000188641	CELL_TYPES_WANSLEEBEN_HOGAN_2013_EPITHELIAL	Normal	12602	1	1	97202005	97202302	-	230	0	0.0
ENSG00000112137	CELL_TYPES_WANSLEEBEN_HOGAN_2013_EPITHELIAL	StageI	234951	1	6	13276261	13276770	+	408	16	56.7
ENSG00000092820	CELL_TYPES_WANSLEEBEN_HOGAN_2013_EPITHELIAL	IVprimary	249382	1	6	158765407	158768180	-	80	1	5.6
ENSG00000112137	CELL_TYPES_WANSLEEBEN_HOGAN_2013_EPITHELIAL	StageI	234952	1	6	13277400	13277957	+	408	0	0.0
ENSG00000092820	CELL_TYPES_WANSLEEBEN_HOGAN_2013_EPITHELIAL	IVprimary	249403	1	6	158791381	158793011	-	80	2	8.4
ENSG00000188641	CELL_TYPES_WANSLEEBEN_HOGAN_2013_EPITHELIAL	IVprimary	12707	1	1	97549197	97549623	-	80	0	0.0
ENSG00000188641	CELL_TYPES_WANSLEEBEN_HOGAN_2013_EPITHELIAL	Normal	12606	1	1	97225581	97226111	-	230	11	44.6
ENSG00000112137	CELL_TYPES_WANSLEEBEN_HOGAN_2013_EPITHELIAL	StageI	234954	1	6	13278509	13278881	+	408	0	0.0
ENSG00000188641	CELL_TYPES_WANSLEEBEN_HOGAN_2013_EPITHELIAL	IVprimary	12708	1	1	97554986	97555538	-	80	0	0.0
ENSG00000188641	CELL_TYPES_WANSLEEBEN_HOGAN_2013_EPITHELIAL	Met	12663	1	1	97406380	97406762	-	140	1	6.2
ENSG00000092820	CELL_TYPES_WANSLEEBEN_HOGAN_2013_EPITHELIAL	IVprimary	249385	1	6	158770712	158772080	-	80	0	0.0
ENSG00000188641	CELL_TYPES_WANSLEEBEN_HOGAN_2013_EPITHELIAL	IVprimary	12722	1	1	97616103	97616589	-	80	0	0.0
ENSG00000188641	CELL_TYPES_WANSLEEBEN_HOGAN_2013_EPITHELIAL	IVprimary	12723	1	1	97617013	97617485	-	80	0	0.0
ENSG00000092820	CELL_TYPES_WANSLEEBEN_HOGAN_2013_EPITHELIAL	IVprimary	249387	1	6	158774255	158777101	-	80	0	0.0
ENSG00000112137	CELL_TYPES_WANSLEEBEN_HOGAN_2013_EPITHELIAL	StageI	234957	1	6	13281052	13281496	+	408	17	38.3
ENSG00000188641	CELL_TYPES_WANSLEEBEN_HOGAN_2013_EPITHELIAL	IVprimary	12724	1	1	97618415	97618937	-	80	0	0.0
ENSG00000188641	CELL_TYPES_WANSLEEBEN_HOGAN_2013_EPITHELIAL	Met	12667	1	1	97418335	97418847	-	140	1	7.2
ENSG00000188641	CELL_TYPES_WANSLEEBEN_HOGAN_2013_EPITHELIAL	Normal	12624	1	1	97283105	97283800	-	230	3	17.0
ENSG00000188641	CELL_TYPES_WANSLEEBEN_HOGAN_2013_EPITHELIAL	IVprimary	12726	1	1	97626966	97627228	-	80	0	0.0
ENSG00000188641	CELL_TYPES_WANSLEEBEN_HOGAN_2013_EPITHELIAL	Met	12681	1	1	97448699	97449251	-	140	0	0.0
ENSG00000188641	CELL_TYPES_WANSLEEBEN_HOGAN_2013_EPITHELIAL	Met	12669	1	1	97428862	97429161	-	140	0	0.0
ENSG00000188641	CELL_TYPES_WANSLEEBEN_HOGAN_2013_EPITHELIAL	StageI	12663	1	1	97406380	97406762	-	408	0	0.0
ENSG00000188641	CELL_TYPES_WANSLEEBEN_HOGAN_2013_EPITHELIAL	IVprimary	12728	1	1	97640339	97640798	-	80	0	0.0
ENSG00000112137	CELL_TYPES_WANSLEEBEN_HOGAN_2013_EPITHELIAL	Met	234951	1	6	13276261	13276770	+	140	2	15.0
ENSG00000188641	CELL_TYPES_WANSLEEBEN_HOGAN_2013_EPITHELIAL	IVprimary	12729	1	1	97644557	97645194	-	80	0	0.0
ENSG00000112137	CELL_TYPES_WANSLEEBEN_HOGAN_2013_EPITHELIAL	Met	234952	1	6	13277400	13277957	+	140	0	0.0
ENSG00000188641	CELL_TYPES_WANSLEEBEN_HOGAN_2013_EPITHELIAL	StageI	12667	1	1	97418335	97418847	-	408	1	1.4
ENSG00000112137	CELL_TYPES_WANSLEEBEN_HOGAN_2013_EPITHELIAL	Met	234954	1	6	13278509	13278881	+	140	0	0.0
ENSG00000188641	CELL_TYPES_WANSLEEBEN_HOGAN_2013_EPITHELIAL	Met	12707	1	1	97549197	97549623	-	140	0	0.0
ENSG00000188641	CELL_TYPES_WANSLEEBEN_HOGAN_2013_EPITHELIAL	StageI	12681	1	1	97448699	97449251	-	408	12	54.0
ENSG00000188641	CELL_TYPES_WANSLEEBEN_HOGAN_2013_EPITHELIAL	Met	12708	1	1	97554986	97555538	-	140	0	0.0
ENSG00000188641	CELL_TYPES_WANSLEEBEN_HOGAN_2013_EPITHELIAL	StageI	12669	1	1	97428862	97429161	-	408	0	0.0
ENSG00000188641	CELL_TYPES_WANSLEEBEN_HOGAN_2013_EPITHELIAL	Met	12722	1	1	97616103	97616589	-	140	1	7.8
ENSG00000112137	CELL_TYPES_WANSLEEBEN_HOGAN_2013_EPITHELIAL	Met	234957	1	6	13281052	13281496	+	140	0	0.0
ENSG00000188641	CELL_TYPES_WANSLEEBEN_HOGAN_2013_EPITHELIAL	IVprimary	12748	1	1	97711899	97712915	-	80	0	0.0
ENSG00000188641	CELL_TYPES_WANSLEEBEN_HOGAN_2013_EPITHELIAL	Met	12723	1	1	97617013	97617485	-	140	0	0.0
ENSG00000112137	CELL_TYPES_WANSLEEBEN_HOGAN_2013_EPITHELIAL	Normal	234965	1	6	13289253	13290416	+	230	7	26.9
ENSG00000188641	CELL_TYPES_WANSLEEBEN_HOGAN_2013_EPITHELIAL	Met	12724	1	1	97618415	97618937	-	140	0	0.0
ENSG00000188641	CELL_TYPES_WANSLEEBEN_HOGAN_2013_EPITHELIAL	IVprimary	12763	1	1	97776011	97776514	-	80	0	0.0
ENSG00000188641	CELL_TYPES_WANSLEEBEN_HOGAN_2013_EPITHELIAL	IVprimary	12764	1	1	97783468	97783998	-	80	0	0.0
ENSG00000188641	CELL_TYPES_WANSLEEBEN_HOGAN_2013_EPITHELIAL	Met	12726	1	1	97626966	97627228	-	140	0	0.0
ENSG00000188641	CELL_TYPES_WANSLEEBEN_HOGAN_2013_EPITHELIAL	StageI	12707	1	1	97549197	97549623	-	408	5	19.0
ENSG00000188641	CELL_TYPES_WANSLEEBEN_HOGAN_2013_EPITHELIAL	Normal	12663	1	1	97406380	97406762	-	230	6	30.6
ENSG00000188641	CELL_TYPES_WANSLEEBEN_HOGAN_2013_EPITHELIAL	StageI	12708	1	1	97554986	97555538	-	408	0	0.0
ENSG00000092820	CELL_TYPES_WANSLEEBEN_HOGAN_2013_EPITHELIAL	StageI	249395	1	6	158783099	158784177	-	408	6	24.7
ENSG00000188641	CELL_TYPES_WANSLEEBEN_HOGAN_2013_EPITHELIAL	Met	12728	1	1	97640339	97640798	-	140	0	0.0
ENSG00000188641	CELL_TYPES_WANSLEEBEN_HOGAN_2013_EPITHELIAL	StageI	12722	1	1	97616103	97616589	-	408	18	67.9
ENSG00000092820	CELL_TYPES_WANSLEEBEN_HOGAN_2013_EPITHELIAL	StageI	249416	1	6	158809902	158811360	-	408	3	17.4
ENSG00000188641	CELL_TYPES_WANSLEEBEN_HOGAN_2013_EPITHELIAL	Met	12729	1	1	97644557	97645194	-	140	0	0.0
ENSG00000188641	CELL_TYPES_WANSLEEBEN_HOGAN_2013_EPITHELIAL	StageI	12723	1	1	97617013	97617485	-	408	0	0.0
ENSG00000092820	CELL_TYPES_WANSLEEBEN_HOGAN_2013_EPITHELIAL	StageI	249397	1	6	158785326	158785587	-	408	47	119.4
ENSG00000188641	CELL_TYPES_WANSLEEBEN_HOGAN_2013_EPITHELIAL	StageI	12724	1	1	97618415	97618937	-	408	1	5.2
ENSG00000188641	CELL_TYPES_WANSLEEBEN_HOGAN_2013_EPITHELIAL	Normal	12667	1	1	97418335	97418847	-	230	0	0.0
ENSG00000188641	CELL_TYPES_WANSLEEBEN_HOGAN_2013_EPITHELIAL	Normal	12681	1	1	97448699	97449251	-	230	0	0.0
ENSG00000092820	CELL_TYPES_WANSLEEBEN_HOGAN_2013_EPITHELIAL	StageI	249399	1	6	158786699	158787570	-	408	5	21.2
ENSG00000092820	CELL_TYPES_WANSLEEBEN_HOGAN_2013_EPITHELIAL	Normal	249382	1	6	158765407	158768180	-	230	1	5.7
ENSG00000188641	CELL_TYPES_WANSLEEBEN_HOGAN_2013_EPITHELIAL	StageI	12726	1	1	97626966	97627228	-	408	2	10.3
ENSG00000188641	CELL_TYPES_WANSLEEBEN_HOGAN_2013_EPITHELIAL	Normal	12669	1	1	97428862	97429161	-	230	12	50.9
ENSG00000092820	CELL_TYPES_WANSLEEBEN_HOGAN_2013_EPITHELIAL	Normal	249403	1	6	158791381	158793011	-	230	6	29.1
ENSG00000188641	CELL_TYPES_WANSLEEBEN_HOGAN_2013_EPITHELIAL	StageI	12728	1	1	97640339	97640798	-	408	10	25.9
ENSG00000092820	CELL_TYPES_WANSLEEBEN_HOGAN_2013_EPITHELIAL	Normal	249385	1	6	158770712	158772080	-	230	1	5.8
ENSG00000188641	CELL_TYPES_WANSLEEBEN_HOGAN_2013_EPITHELIAL	Met	12748	1	1	97711899	97712915	-	140	0	0.0
ENSG00000188641	CELL_TYPES_WANSLEEBEN_HOGAN_2013_EPITHELIAL	StageI	12729	1	1	97644557	97645194	-	408	6	23.3
ENSG00000092820	CELL_TYPES_WANSLEEBEN_HOGAN_2013_EPITHELIAL	Normal	249387	1	6	158774255	158777101	-	230	6	14.8
ENSG00000188641	CELL_TYPES_WANSLEEBEN_HOGAN_2013_EPITHELIAL	Met	12763	1	1	97776011	97776514	-	140	0	0.0
ENSG00000188641	CELL_TYPES_WANSLEEBEN_HOGAN_2013_EPITHELIAL	Normal	12707	1	1	97549197	97549623	-	230	4	20.3
ENSG00000188641	CELL_TYPES_WANSLEEBEN_HOGAN_2013_EPITHELIAL	Met	12764	1	1	97783468	97783998	-	140	1	5.0
ENSG00000188641	CELL_TYPES_WANSLEEBEN_HOGAN_2013_EPITHELIAL	Normal	12708	1	1	97554986	97555538	-	230	3	16.6
ENSG00000188641	CELL_TYPES_WANSLEEBEN_HOGAN_2013_EPITHELIAL	IVprimary	12575	1	1	97118217	97118752	-	80	0	0.0
ENSG00000092820	CELL_TYPES_WANSLEEBEN_HOGAN_2013_EPITHELIAL	Met	249382	1	6	158765407	158768180	-	140	0	0.0
ENSG00000188641	CELL_TYPES_WANSLEEBEN_HOGAN_2013_EPITHELIAL	Normal	12722	1	1	97616103	97616589	-	230	10	47.6
ENSG00000092820	CELL_TYPES_WANSLEEBEN_HOGAN_2013_EPITHELIAL	Met	249403	1	6	158791381	158793011	-	140	0	0.0
ENSG00000188641	CELL_TYPES_WANSLEEBEN_HOGAN_2013_EPITHELIAL	Normal	12723	1	1	97617013	97617485	-	230	26	77.1
ENSG00000188641	CELL_TYPES_WANSLEEBEN_HOGAN_2013_EPITHELIAL	IVprimary	12590	1	1	97177653	97178094	-	80	8	34.8
ENSG00000188641	CELL_TYPES_WANSLEEBEN_HOGAN_2013_EPITHELIAL	StageI	12748	1	1	97711899	97712915	-	408	11	47.6
ENSG00000188641	CELL_TYPES_WANSLEEBEN_HOGAN_2013_EPITHELIAL	Normal	12724	1	1	97618415	97618937	-	230	2	11.7
ENSG00000092820	CELL_TYPES_WANSLEEBEN_HOGAN_2013_EPITHELIAL	Met	249385	1	6	158770712	158772080	-	140	0	0.0
ENSG00000188641	CELL_TYPES_WANSLEEBEN_HOGAN_2013_EPITHELIAL	StageI	12763	1	1	97776011	97776514	-	408	0	0.0
ENSG00000188641	CELL_TYPES_WANSLEEBEN_HOGAN_2013_EPITHELIAL	Normal	12726	1	1	97626966	97627228	-	230	3	15.7
ENSG00000092820	CELL_TYPES_WANSLEEBEN_HOGAN_2013_EPITHELIAL	Met	249387	1	6	158774255	158777101	-	140	0	0.0
ENSG00000188641	CELL_TYPES_WANSLEEBEN_HOGAN_2013_EPITHELIAL	StageI	12764	1	1	97783468	97783998	-	408	13	53.7
ENSG00000188641	CELL_TYPES_WANSLEEBEN_HOGAN_2013_EPITHELIAL	Normal	12728	1	1	97640339	97640798	-	230	2	8.4
ENSG00000188641	CELL_TYPES_WANSLEEBEN_HOGAN_2013_EPITHELIAL	Normal	12729	1	1	97644557	97645194	-	230	25	85.0
ENSG00000188641	CELL_TYPES_WANSLEEBEN_HOGAN_2013_EPITHELIAL	IVprimary	12631	1	1	97313721	97314145	-	80	0	0.0
ENSG00000188641	CELL_TYPES_WANSLEEBEN_HOGAN_2013_EPITHELIAL	Met	12575	1	1	97118217	97118752	-	140	0	0.0
ENSG00000188641	CELL_TYPES_WANSLEEBEN_HOGAN_2013_EPITHELIAL	Normal	12748	1	1	97711899	97712915	-	230	6	35.3
ENSG00000188641	CELL_TYPES_WANSLEEBEN_HOGAN_2013_EPITHELIAL	Met	12590	1	1	97177653	97178094	-	140	0	0.0
ENSG00000188641	CELL_TYPES_WANSLEEBEN_HOGAN_2013_EPITHELIAL	Normal	12763	1	1	97776011	97776514	-	230	12	76.3
ENSG00000188641	CELL_TYPES_WANSLEEBEN_HOGAN_2013_EPITHELIAL	Normal	12764	1	1	97783468	97783998	-	230	20	114.9
ENSG00000188641	CELL_TYPES_WANSLEEBEN_HOGAN_2013_EPITHELIAL	IVprimary	12651	1	1	97384471	97384759	-	80	0	0.0
ENSG00000188641	CELL_TYPES_WANSLEEBEN_HOGAN_2013_EPITHELIAL	IVprimary	12638	1	1	97346100	97346845	-	80	24	66.0
ENSG00000188641	CELL_TYPES_WANSLEEBEN_HOGAN_2013_EPITHELIAL	StageI	12575	1	1	97118217	97118752	-	408	1	6.2
ENSG00000188641	CELL_TYPES_WANSLEEBEN_HOGAN_2013_EXHAUSTED_REGUL	Met	12615	1	1	97261591	97262398	-	168	0	0.0
ENSG00000188641	CELL_TYPES_WANSLEEBEN_HOGAN_2013_EXHAUSTED_REGUL	Normal	12800	1	1	97907849	97908610	-	196	11	52.3
ENSG00000188641	CELL_TYPES_WANSLEEBEN_HOGAN_2013_EXHAUSTED_REGUL	StageI	12590	1	1	97177653	97178094	-	734	5	22.2
ENSG00000188641	CELL_TYPES_WANSLEEBEN_HOGAN_2013_EXHAUSTED_REGUL	Met	12616	1	1	97262615	97263134	-	168	0	0.0
ENSG00000188641	CELL_TYPES_WANSLEEBEN_HOGAN_2013_EXHAUSTED_REGUL	StageI	12610	1	1	97234471	97235106	-	734	0	0.0
ENSG00000188641	CELL_TYPES_WANSLEEBEN_HOGAN_2013_EXHAUSTED_REGUL	Normal	12781	1	1	97849598	97849893	-	196	2	12.7
ENSG00000188641	CELL_TYPES_WANSLEEBEN_HOGAN_2013_EXHAUSTED_REGUL	StageI	12591	1	1	97180194	97180488	-	734	0	0.0
ENSG00000188641	CELL_TYPES_WANSLEEBEN_HOGAN_2013_EXHAUSTED_REGUL	Met	12617	1	1	97264168	97264734	-	168	15	30.9
ENSG00000188641	CELL_TYPES_WANSLEEBEN_HOGAN_2013_EXHAUSTED_REGUL	Met	12632	1	1	97314551	97314906	-	168	0	0.0
ENSG00000188641	CELL_TYPES_WANSLEEBEN_HOGAN_2013_EXHAUSTED_REGUL	Met	12619	1	1	97276019	97276306	-	168	0	0.0
ENSG00000112137	CELL_TYPES_WANSLEEBEN_HOGAN_2013_EXHAUSTED_REGUL	Met	234880	1	6	12996861	12997084	+	168	0	0.0
ENSG00000188641	CELL_TYPES_WANSLEEBEN_HOGAN_2013_EXHAUSTED_REGUL	StageI	12614	1	1	97255807	97256071	-	734	0	0.0
ENSG00000188641	CELL_TYPES_WANSLEEBEN_HOGAN_2013_EXHAUSTED_REGUL	StageI	12615	1	1	97261591	97262398	-	734	2	12.9
ENSG00000188641	CELL_TYPES_WANSLEEBEN_HOGAN_2013_EXHAUSTED_REGUL	StageI	12616	1	1	97262615	97263134	-	734	3	20.9
ENSG00000188641	CELL_TYPES_WANSLEEBEN_HOGAN_2013_EXHAUSTED_REGUL	StageI	12617	1	1	97264168	97264734	-	734	3	17.8
ENSG00000188641	CELL_TYPES_WANSLEEBEN_HOGAN_2013_EXHAUSTED_REGUL	StageI	12632	1	1	97314551	97314906	-	734	1	6.3
ENSG00000188641	CELL_TYPES_WANSLEEBEN_HOGAN_2013_EXHAUSTED_REGUL	StageI	12619	1	1	97276019	97276306	-	734	0	0.0
ENSG00000188641	CELL_TYPES_WANSLEEBEN_HOGAN_2013_EXHAUSTED_REGUL	Normal	12590	1	1	97177653	97178094	-	196	4	28.2
ENSG00000188641	CELL_TYPES_WANSLEEBEN_HOGAN_2013_EXHAUSTED_REGUL	Normal	12610	1	1	97234471	97235106	-	196	0	0.0
ENSG00000188641	CELL_TYPES_WANSLEEBEN_HOGAN_2013_EXHAUSTED_REGUL	Met	12654	1	1	97390771	97391562	-	168	13	30.4
ENSG00000188641	CELL_TYPES_WANSLEEBEN_HOGAN_2013_EXHAUSTED_REGUL	Normal	12591	1	1	97180194	97180488	-	196	1	6.0
ENSG00000188641	CELL_TYPES_WANSLEEBEN_HOGAN_2013_EXHAUSTED_REGUL	Met	12655	1	1	97392446	97392881	-	168	0	0.0
ENSG00000112137	CELL_TYPES_WANSLEEBEN_HOGAN_2013_EXHAUSTED_REGUL	Normal	234898	1	6	13063202	13063715	+	196	0	0.0
ENSG00000188641	CELL_TYPES_WANSLEEBEN_HOGAN_2013_EXHAUSTED_REGUL	Normal	12614	1	1	97255807	97256071	-	196	0	0.0
ENSG00000188641	CELL_TYPES_WANSLEEBEN_HOGAN_2013_EXHAUSTED_REGUL	Normal	12615	1	1	97261591	97262398	-	196	1	6.3
ENSG00000188641	CELL_TYPES_WANSLEEBEN_HOGAN_2013_EXHAUSTED_REGUL	Met	12672	1	1	97432354	97432942	-	168	0	0.0
ENSG00000188641	CELL_TYPES_WANSLEEBEN_HOGAN_2013_EXHAUSTED_REGUL	Met	12659	1	1	97400568	97402062	-	168	0	0.0
ENSG00000188641	CELL_TYPES_WANSLEEBEN_HOGAN_2013_EXHAUSTED_REGUL	Normal	12616	1	1	97262615	97263134	-	196	0	0.0
ENSG00000188641	CELL_TYPES_WANSLEEBEN_HOGAN_2013_EXHAUSTED_REGUL	StageI	12654	1	1	97390771	97391562	-	734	20	63.6
ENSG00000188641	CELL_TYPES_WANSLEEBEN_HOGAN_2013_EXHAUSTED_REGUL	Normal	12617	1	1	97264168	97264734	-	196	1	5.1
ENSG00000188641	CELL_TYPES_WANSLEEBEN_HOGAN_2013_EXHAUSTED_REGUL	StageI	12655	1	1	97392446	97392881	-	734	62	196.3
ENSG00000188641	CELL_TYPES_WANSLEEBEN_HOGAN_2013_EXHAUSTED_REGUL	Met	12675	1	1	97438655	97440174	-	168	0	0.0
ENSG00000188641	CELL_TYPES_WANSLEEBEN_HOGAN_2013_EXHAUSTED_REGUL	Normal	12632	1	1	97314551	97314906	-	196	21	68.4
ENSG00000188641	CELL_TYPES_WANSLEEBEN_HOGAN_2013_EXHAUSTED_REGUL	Normal	12619	1	1	97276019	97276306	-	196	1	6.1
ENSG00000188641	CELL_TYPES_WANSLEEBEN_HOGAN_2013_EXHAUSTED_REGUL	Met	12690	1	1	97484548	97485981	-	168	0	0.0
ENSG00000188641	CELL_TYPES_WANSLEEBEN_HOGAN_2013_EXHAUSTED_REGUL	Met	12677	1	1	97440492	97441735	-	168	0	0.0
ENSG00000188641	CELL_TYPES_WANSLEEBEN_HOGAN_2013_EXHAUSTED_REGUL	Met	12678	1	1	97442533	97442921	-	168	0	0.0
ENSG00000188641	CELL_TYPES_WANSLEEBEN_HOGAN_2013_EXHAUSTED_REGUL	StageI	12672	1	1	97432354	97432942	-	734	0	0.0
ENSG00000188641	CELL_TYPES_WANSLEEBEN_HOGAN_2013_EXHAUSTED_REGUL	StageI	12659	1	1	97400568	97402062	-	734	1	6.0
ENSG00000188641	CELL_TYPES_WANSLEEBEN_HOGAN_2013_EXHAUSTED_REGUL	Met	12694	1	1	97524770	97525078	-	168	0	0.0
ENSG00000188641	CELL_TYPES_WANSLEEBEN_HOGAN_2013_EXHAUSTED_REGUL	StageI	12675	1	1	97438655	97440174	-	734	6	26.5
ENSG00000092820	CELL_TYPES_WANSLEEBEN_HOGAN_2013_EXHAUSTED_REGUL	StageI	249403	1	6	158791381	158793011	-	734	22	93.8
ENSG00000188641	CELL_TYPES_WANSLEEBEN_HOGAN_2013_EXHAUSTED_REGUL	Met	12716	1	1	97583514	97584070	-	168	5	16.0
ENSG00000188641	CELL_TYPES_WANSLEEBEN_HOGAN_2013_EXHAUSTED_REGUL	StageI	12690	1	1	97484548	97485981	-	734	14	59.2
ENSG00000188641	CELL_TYPES_WANSLEEBEN_HOGAN_2013_EXHAUSTED_REGUL	StageI	12677	1	1	97440492	97441735	-	734	6	24.9
ENSG00000188641	CELL_TYPES_WANSLEEBEN_HOGAN_2013_EXHAUSTED_REGUL	StageI	12678	1	1	97442533	97442921	-	734	0	0.0
ENSG00000188641	CELL_TYPES_WANSLEEBEN_HOGAN_2013_EXHAUSTED_REGUL	Normal	12654	1	1	97390771	97391562	-	196	0	0.0
ENSG00000092820	CELL_TYPES_WANSLEEBEN_HOGAN_2013_EXHAUSTED_REGUL	StageI	249405	1	6	158794170	158794719	-	734	1	5.4
ENSG00000092820	CELL_TYPES_WANSLEEBEN_HOGAN_2013_EXHAUSTED_REGUL	StageI	249385	1	6	158770712	158772080	-	734	6	33.8
ENSG00000188641	CELL_TYPES_WANSLEEBEN_HOGAN_2013_EXHAUSTED_REGUL	Met	12731	1	1	97646370	97647021	-	168	10	38.7
ENSG00000188641	CELL_TYPES_WANSLEEBEN_HOGAN_2013_EXHAUSTED_REGUL	Normal	12655	1	1	97392446	97392881	-	196	1	6.4
ENSG00000188641	CELL_TYPES_WANSLEEBEN_HOGAN_2013_EXHAUSTED_REGUL	Met	12732	1	1	97653324	97653990	-	168	27	83.2
ENSG00000188641	CELL_TYPES_WANSLEEBEN_HOGAN_2013_EXHAUSTED_REGUL	Met	12699	1	1	97531986	97533446	-	168	3	12.4
ENSG00000092820	CELL_TYPES_WANSLEEBEN_HOGAN_2013_EXHAUSTED_REGUL	StageI	249407	1	6	158794997	158795766	-	734	0	0.0
ENSG00000188641	CELL_TYPES_WANSLEEBEN_HOGAN_2013_EXHAUSTED_REGUL	Met	12733	1	1	97656259	97657704	-	168	5	17.3
ENSG00000188641	CELL_TYPES_WANSLEEBEN_HOGAN_2013_EXHAUSTED_REGUL	StageI	12694	1	1	97524770	97525078	-	734	0	0.0
ENSG00000092820	CELL_TYPES_WANSLEEBEN_HOGAN_2013_EXHAUSTED_REGUL	StageI	249421	1	6	158814458	158818266	-	734	11	49.3
ENSG00000092820	CELL_TYPES_WANSLEEBEN_HOGAN_2013_EXHAUSTED_REGUL	StageI	249409	1	6	158797853	158801612	-	734	11	53.6
ENSG00000188641	CELL_TYPES_WANSLEEBEN_HOGAN_2013_EXHAUSTED_REGUL	Met	12735	1	1	97665486	97666723	-	168	7	23.4
ENSG00000188641	CELL_TYPES_WANSLEEBEN_HOGAN_2013_EXHAUSTED_REGUL	StageI	12716	1	1	97583514	97584070	-	734	2	10.7
ENSG00000188641	CELL_TYPES_WANSLEEBEN_HOGAN_2013_EXHAUSTED_REGUL	Normal	12672	1	1	97432354	97432942	-	196	3	20.7
ENSG00000188641	CELL_TYPES_WANSLEEBEN_HOGAN_2013_EXHAUSTED_REGUL	Normal	12659	1	1	97400568	97402062	-	196	1	7.1
ENSG00000188641	CELL_TYPES_WANSLEEBEN_HOGAN_2013_EXHAUSTED_REGUL	StageI	12731	1	1	97646370	97647021	-	734	64	243.2
ENSG00000188641	CELL_TYPES_WANSLEEBEN_HOGAN_2013_EXHAUSTED_REGUL	StageI	12732	1	1	97653324	97653990	-	734	1	6.9
ENSG00000188641	CELL_TYPES_WANSLEEBEN_HOGAN_2013_EXHAUSTED_REGUL	StageI	12699	1	1	97531986	97533446	-	734	0	0.0
ENSG00000188641	CELL_TYPES_WANSLEEBEN_HOGAN_2013_EXHAUSTED_REGUL	Normal	12675	1	1	97438655	97440174	-	196	1	7.3
ENSG00000188641	CELL_TYPES_WANSLEEBEN_HOGAN_2013_EXHAUSTED_REGUL	Met	12752	1	1	97717019	97717290	-	168	0	0.0
ENSG00000188641	CELL_TYPES_WANSLEEBEN_HOGAN_2013_EXHAUSTED_REGUL	StageI	12733	1	1	97656259	97657704	-	734	8	37.1
ENSG00000188641	CELL_TYPES_WANSLEEBEN_HOGAN_2013_EXHAUSTED_REGUL	Met	12753	1	1	97717950	97718705	-	168	0	0.0
ENSG00000188641	CELL_TYPES_WANSLEEBEN_HOGAN_2013_EXHAUSTED_REGUL	Normal	12690	1	1	97484548	97485981	-	196	9	41.5
ENSG00000188641	CELL_TYPES_WANSLEEBEN_HOGAN_2013_EXHAUSTED_REGUL	Normal	12677	1	1	97440492	97441735	-	196	3	17.7
ENSG00000188641	CELL_TYPES_WANSLEEBEN_HOGAN_2013_EXHAUSTED_REGUL	StageI	12735	1	1	97665486	97666723	-	734	0	0.0
ENSG00000188641	CELL_TYPES_WANSLEEBEN_HOGAN_2013_EXHAUSTED_REGUL	Normal	12678	1	1	97442533	97442921	-	196	2	12.9
ENSG00000188641	CELL_TYPES_WANSLEEBEN_HOGAN_2013_EXHAUSTED_REGUL	Met	12755	1	1	97719620	97720226	-	168	2	8.5
ENSG00000188641	CELL_TYPES_WANSLEEBEN_HOGAN_2013_EXHAUSTED_REGUL	Met	12756	1	1	97730849	97732054	-	168	4	15.5
ENSG00000188641	CELL_TYPES_WANSLEEBEN_HOGAN_2013_EXHAUSTED_REGUL	Met	12770	1	1	97807595	97808136	-	168	0	0.0
ENSG00000188641	CELL_TYPES_WANSLEEBEN_HOGAN_2013_EXHAUSTED_REGUL	Normal	12694	1	1	97524770	97525078	-	196	8	40.8
ENSG00000092820	CELL_TYPES_WANSLEEBEN_HOGAN_2013_EXHAUSTED_REGUL	Normal	249395	1	6	158783099	158784177	-	196	1	5.1
ENSG00000188641	CELL_TYPES_WANSLEEBEN_HOGAN_2013_EXHAUSTED_REGUL	Met	12771	1	1	97808427	97809206	-	168	0	0.0
ENSG00000188641	CELL_TYPES_WANSLEEBEN_HOGAN_2013_EXHAUSTED_REGUL	Met	12758	1	1	97738789	97739235	-	168	2	9.0
ENSG00000188641	CELL_TYPES_WANSLEEBEN_HOGAN_2013_EXHAUSTED_REGUL	StageI	12752	1	1	97717019	97717290	-	734	0	0.0
ENSG00000092820	CELL_TYPES_WANSLEEBEN_HOGAN_2013_EXHAUSTED_REGUL	Normal	249416	1	6	158809902	158811360	-	196	8	37.6
ENSG00000188641	CELL_TYPES_WANSLEEBEN_HOGAN_2013_EXHAUSTED_REGUL	Met	12759	1	1	97740019	97740243	-	168	0	0.0
ENSG00000188641	CELL_TYPES_WANSLEEBEN_HOGAN_2013_EXHAUSTED_REGUL	StageI	12753	1	1	97717950	97718705	-	734	0	0.0
ENSG00000188641	CELL_TYPES_WANSLEEBEN_HOGAN_2013_EXHAUSTED_REGUL	Normal	12716	1	1	97583514	97584070	-	196	3	17.1
ENSG00000188641	CELL_TYPES_WANSLEEBEN_HOGAN_2013_EXHAUSTED_REGUL	StageI	12755	1	1	97719620	97720226	-	734	0	0.0
ENSG00000188641	CELL_TYPES_WANSLEEBEN_HOGAN_2013_EXHAUSTED_REGUL	Normal	12731	1	1	97646370	97647021	-	196	0	0.0
ENSG00000188641	CELL_TYPES_WANSLEEBEN_HOGAN_2013_EXHAUSTED_REGUL	StageI	12756	1	1	97730849	97732054	-	734	7	30.1
ENSG00000188641	CELL_TYPES_WANSLEEBEN_HOGAN_2013_EXHAUSTED_REGUL	Normal	12732	1	1	97653324	97653990	-	196	3	15.5
ENSG00000188641	CELL_TYPES_WANSLEEBEN_HOGAN_2013_EXHAUSTED_REGUL	Normal	12699	1	1	97531986	97533446	-	196	2	13.0
ENSG00000188641	CELL_TYPES_WANSLEEBEN_HOGAN_2013_EXHAUSTED_REGUL	Met	12776	1	1	97823152	97824427	-	168	2	10.6
ENSG00000188641	CELL_TYPES_WANSLEEBEN_HOGAN_2013_EXHAUSTED_REGUL	StageI	12770	1	1	97807595	97808136	-	734	0	0.0
ENSG00000188641	CELL_TYPES_WANSLEEBEN_HOGAN_2013_EXHAUSTED_REGUL	Normal	12733	1	1	97656259	97657704	-	196	2	11.2
ENSG00000188641	CELL_TYPES_WANSLEEBEN_HOGAN_2013_EXHAUSTED_REGUL	StageI	12771	1	1	97808427	97809206	-	734	0	0.0
ENSG00000188641	CELL_TYPES_WANSLEEBEN_HOGAN_2013_EXHAUSTED_REGUL	StageI	12758	1	1	97738789	97739235	-	734	0	0.0
ENSG00000092820	CELL_TYPES_WANSLEEBEN_HOGAN_2013_EXHAUSTED_REGUL	Met	249395	1	6	158783099	158784177	-	168	0	0.0
ENSG00000188641	CELL_TYPES_WANSLEEBEN_HOGAN_2013_EXHAUSTED_REGUL	Met	12791	1	1	97879413	97879672	-	168	0	0.0
ENSG00000188641	CELL_TYPES_WANSLEEBEN_HOGAN_2013_EXHAUSTED_REGUL	StageI	12759	1	1	97740019	97740243	-	734	0	0.0
ENSG00000188641	CELL_TYPES_WANSLEEBEN_HOGAN_2013_EXHAUSTED_REGUL	Normal	12735	1	1	97665486	97666723	-	196	12	62.4
ENSG00000188641	CELL_TYPES_WANSLEEBEN_HOGAN_2013_EXHAUSTED_REGUL	Met	12564	1	1	97081791	97082350	-	168	0	0.0
ENSG00000092820	CELL_TYPES_WANSLEEBEN_HOGAN_2013_EXHAUSTED_REGUL	Met	249416	1	6	158809902	158811360	-	168	0	0.0
ENSG00000188641	CELL_TYPES_WANSLEEBEN_HOGAN_2013_EXHAUSTED_REGUL	Met	12793	1	1	97882244	97882795	-	168	0	0.0
ENSG00000188641	CELL_TYPES_WANSLEEBEN_HOGAN_2013_EXHAUSTED_REGUL	Met	12794	1	1	97883530	97883720	-	168	0	0.0
ENSG00000188641	CELL_TYPES_WANSLEEBEN_HOGAN_2013_EXHAUSTED_REGUL	Met	12567	1	1	97088625	97088976	-	168	1	5.8
ENSG00000188641	CELL_TYPES_WANSLEEBEN_HOGAN_2013_EXHAUSTED_REGUL	StageI	12776	1	1	97823152	97824427	-	734	3	12.9
ENSG00000188641	CELL_TYPES_WANSLEEBEN_HOGAN_2013_EXHAUSTED_REGUL	Normal	12752	1	1	97717019	97717290	-	196	11	52.5
ENSG00000188641	CELL_TYPES_WANSLEEBEN_HOGAN_2013_EXHAUSTED_REGUL	Normal	12753	1	1	97717950	97718705	-	196	5	24.7
ENSG00000188641	CELL_TYPES_WANSLEEBEN_HOGAN_2013_EXHAUSTED_REGUL	Met	12797	1	1	97897274	97897915	-	168	0	0.0
ENSG00000188641	CELL_TYPES_WANSLEEBEN_HOGAN_2013_EXHAUSTED_REGUL	StageI	12791	1	1	97879413	97879672	-	734	0	0.0
ENSG00000188641	CELL_TYPES_WANSLEEBEN_HOGAN_2013_EXHAUSTED_REGUL	StageI	12564	1	1	97081791	97082350	-	734	0	0.0
ENSG00000188641	CELL_TYPES_WANSLEEBEN_HOGAN_2013_EXHAUSTED_REGUL	Met	12798	1	1	97898670	97898909	-	168	0	0.0
ENSG00000188641	CELL_TYPES_WANSLEEBEN_HOGAN_2013_EXHAUSTED_REGUL	Normal	12755	1	1	97719620	97720226	-	196	16	65.8
ENSG00000188641	CELL_TYPES_WANSLEEBEN_HOGAN_2013_EXHAUSTED_REGUL	StageI	12793	1	1	97882244	97882795	-	734	28	131.7
ENSG00000188641	CELL_TYPES_WANSLEEBEN_HOGAN_2013_EXHAUSTED_REGUL	Normal	12756	1	1	97730849	97732054	-	196	6	30.4
ENSG00000188641	CELL_TYPES_WANSLEEBEN_HOGAN_2013_EXHAUSTED_REGUL	Met	12605	1	1	97224607	97225130	-	168	0	0.0
ENSG00000188641	CELL_TYPES_WANSLEEBEN_HOGAN_2013_EXHAUSTED_REGUL	StageI	12794	1	1	97883530	97883720	-	734	0	0.0
ENSG00000188641	CELL_TYPES_WANSLEEBEN_HOGAN_2013_EXHAUSTED_REGUL	Normal	12770	1	1	97807595	97808136	-	196	1	5.7
ENSG00000188641	CELL_TYPES_WANSLEEBEN_HOGAN_2013_EXHAUSTED_REGUL	StageI	12567	1	1	97088625	97088976	-	734	0	0.0
ENSG00000188641	CELL_TYPES_WANSLEEBEN_HOGAN_2013_EXHAUSTED_REGUL	Normal	12771	1	1	97808427	97809206	-	196	3	14.5
ENSG00000188641	CELL_TYPES_WANSLEEBEN_HOGAN_2013_EXHAUSTED_REGUL	Normal	12758	1	1	97738789	97739235	-	196	7	31.6
ENSG00000188641	CELL_TYPES_WANSLEEBEN_HOGAN_2013_EXHAUSTED_REGUL	Normal	12759	1	1	97740019	97740243	-	196	1	4.8
ENSG00000188641	CELL_TYPES_WANSLEEBEN_HOGAN_2013_EXHAUSTED_REGUL	Met	12588	1	1	97170740	97171197	-	168	0	0.0
ENSG00000188641	CELL_TYPES_WANSLEEBEN_HOGAN_2013_EXHAUSTED_REGUL	StageI	12797	1	1	97897274	97897915	-	734	0	0.0
ENSG00000188641	CELL_TYPES_WANSLEEBEN_HOGAN_2013_EXHAUSTED_REGUL	StageI	12798	1	1	97898670	97898909	-	734	5	25.2
ENSG00000188641	CELL_TYPES_WANSLEEBEN_HOGAN_2013_EXHAUSTED_REGUL	Met	12624	1	1	97283105	97283800	-	168	0	0.0
ENSG00000188641	CELL_TYPES_WANSLEEBEN_HOGAN_2013_EXHAUSTED_REGUL	StageI	12605	1	1	97224607	97225130	-	734	6	37.9
ENSG00000188641	CELL_TYPES_WANSLEEBEN_HOGAN_2013_EXHAUSTED_REGUL	Normal	12776	1	1	97823152	97824427	-	196	1	6.5
ENSG00000112137	CELL_TYPES_WANSLEEBEN_HOGAN_2013_EXHAUSTED_REGUL	Normal	234880	1	6	12996861	12997084	+	196	0	0.0
ENSG00000188641	CELL_TYPES_WANSLEEBEN_HOGAN_2013_EXHAUSTED_REGUL	Met	12626	1	1	97285704	97286117	-	168	0	0.0
ENSG00000112137	CELL_TYPES_WANSLEEBEN_HOGAN_2013_EXHAUSTED_REGUL	StageI	234898	1	6	13063202	13063715	+	734	0	0.0
ENSG00000188641	CELL_TYPES_WANSLEEBEN_HOGAN_2013_EXHAUSTED_REGUL	Normal	12791	1	1	97879413	97879672	-	196	2	12.3
ENSG00000188641	CELL_TYPES_WANSLEEBEN_HOGAN_2013_EXHAUSTED_REGUL	Met	12627	1	1	97286483	97287361	-	168	0	0.0
ENSG00000188641	CELL_TYPES_WANSLEEBEN_HOGAN_2013_EXHAUSTED_REGUL	Normal	12564	1	1	97081791	97082350	-	196	0	0.0
ENSG00000188641	CELL_TYPES_WANSLEEBEN_HOGAN_2013_EXHAUSTED_REGUL	StageI	12588	1	1	97170740	97171197	-	734	5	27.2
ENSG00000188641	CELL_TYPES_WANSLEEBEN_HOGAN_2013_EXHAUSTED_REGUL	Normal	12793	1	1	97882244	97882795	-	196	9	45.8
ENSG00000188641	CELL_TYPES_WANSLEEBEN_HOGAN_2013_EXHAUSTED_REGUL	Normal	12794	1	1	97883530	97883720	-	196	3	16.5
ENSG00000188641	CELL_TYPES_WANSLEEBEN_HOGAN_2013_EXHAUSTED_REGUL	StageI	12624	1	1	97283105	97283800	-	734	7	37.3
ENSG00000188641	CELL_TYPES_WANSLEEBEN_HOGAN_2013_EXHAUSTED_REGUL	Normal	12567	1	1	97088625	97088976	-	196	16	67.1
ENSG00000188641	CELL_TYPES_WANSLEEBEN_HOGAN_2013_EXHAUSTED_REGUL	Met	12644	1	1	97357182	97357816	-	168	0	0.0
ENSG00000188641	CELL_TYPES_WANSLEEBEN_HOGAN_2013_EXHAUSTED_REGUL	StageI	12626	1	1	97285704	97286117	-	734	0	0.0
ENSG00000188641	CELL_TYPES_WANSLEEBEN_HOGAN_2013_EXHAUSTED_REGUL	Normal	12797	1	1	97897274	97897915	-	196	1	6.0
ENSG00000188641	CELL_TYPES_WANSLEEBEN_HOGAN_2013_EXHAUSTED_REGUL	StageI	12627	1	1	97286483	97287361	-	734	0	0.0
ENSG00000188641	CELL_TYPES_WANSLEEBEN_HOGAN_2013_EXHAUSTED_REGUL	Normal	12798	1	1	97898670	97898909	-	196	10	56.8
ENSG00000188641	CELL_TYPES_WANSLEEBEN_HOGAN_2013_EXHAUSTED_REGUL	Met	12660	1	1	97402972	97403285	-	168	0	0.0
ENSG00000188641	CELL_TYPES_WANSLEEBEN_HOGAN_2013_EXHAUSTED_REGUL	Met	12661	1	1	97403812	97404383	-	168	0	0.0
ENSG00000188641	CELL_TYPES_WANSLEEBEN_HOGAN_2013_EXHAUSTED_REGUL	Normal	12605	1	1	97224607	97225130	-	196	0	0.0
ENSG00000188641	CELL_TYPES_WANSLEEBEN_HOGAN_2013_EXHAUSTED_REGUL	Met	12663	1	1	97406380	97406762	-	168	1	3.3
ENSG00000188641	CELL_TYPES_WANSLEEBEN_HOGAN_2013_EXHAUSTED_REGUL	StageI	12644	1	1	97357182	97357816	-	734	2	14.2
ENSG00000112137	CELL_TYPES_WANSLEEBEN_HOGAN_2013_EXHAUSTED_REGUL	Met	234898	1	6	13063202	13063715	+	168	0	0.0
ENSG00000188641	CELL_TYPES_WANSLEEBEN_HOGAN_2013_EXHAUSTED_REGUL	Normal	12588	1	1	97170740	97171197	-	196	1	5.7
ENSG00000188641	CELL_TYPES_WANSLEEBEN_HOGAN_2013_EXHAUSTED_REGUL	StageI	12660	1	1	97402972	97403285	-	734	0	0.0
ENSG00000188641	CELL_TYPES_WANSLEEBEN_HOGAN_2013_EXHAUSTED_REGUL	Met	12680	1	1	97445823	97446216	-	168	0	0.0
ENSG00000188641	CELL_TYPES_WANSLEEBEN_HOGAN_2013_EXHAUSTED_REGUL	StageI	12661	1	1	97403812	97404383	-	734	1	4.9
ENSG00000188641	CELL_TYPES_WANSLEEBEN_HOGAN_2013_EXHAUSTED_REGUL	Normal	12624	1	1	97283105	97283800	-	196	0	0.0
ENSG00000188641	CELL_TYPES_WANSLEEBEN_HOGAN_2013_EXHAUSTED_REGUL	Met	12669	1	1	97428862	97429161	-	168	0	0.0
ENSG00000188641	CELL_TYPES_WANSLEEBEN_HOGAN_2013_EXHAUSTED_REGUL	StageI	12663	1	1	97406380	97406762	-	734	7	29.8
ENSG00000188641	CELL_TYPES_WANSLEEBEN_HOGAN_2013_EXHAUSTED_REGUL	Normal	12626	1	1	97285704	97286117	-	196	1	6.3
ENSG00000188641	CELL_TYPES_WANSLEEBEN_HOGAN_2013_EXHAUSTED_REGUL	Met	12703	1	1	97544767	97545085	-	168	0	0.0
ENSG00000188641	CELL_TYPES_WANSLEEBEN_HOGAN_2013_EXHAUSTED_REGUL	Normal	12627	1	1	97286483	97287361	-	196	2	11.2
ENSG00000188641	CELL_TYPES_WANSLEEBEN_HOGAN_2013_EXHAUSTED_REGUL	Met	12685	1	1	97471662	97472056	-	168	0	0.0
ENSG00000188641	CELL_TYPES_WANSLEEBEN_HOGAN_2013_EXHAUSTED_REGUL	Met	12706	1	1	97547583	97547908	-	168	37	74.2
ENSG00000188641	CELL_TYPES_WANSLEEBEN_HOGAN_2013_EXHAUSTED_REGUL	StageI	12680	1	1	97445823	97446216	-	734	3	12.0
ENSG00000188641	CELL_TYPES_WANSLEEBEN_HOGAN_2013_EXHAUSTED_REGUL	Met	12707	1	1	97549197	97549623	-	168	0	0.0
ENSG00000188641	CELL_TYPES_WANSLEEBEN_HOGAN_2013_EXHAUSTED_REGUL	Normal	12644	1	1	97357182	97357816	-	196	2	14.0
ENSG00000188641	CELL_TYPES_WANSLEEBEN_HOGAN_2013_EXHAUSTED_REGUL	Met	12708	1	1	97554986	97555538	-	168	0	0.0
ENSG00000188641	CELL_TYPES_WANSLEEBEN_HOGAN_2013_EXHAUSTED_REGUL	Met	12688	1	1	97477894	97478724	-	168	6	19.3
ENSG00000188641	CELL_TYPES_WANSLEEBEN_HOGAN_2013_EXHAUSTED_REGUL	StageI	12669	1	1	97428862	97429161	-	734	0	0.0
ENSG00000188641	CELL_TYPES_WANSLEEBEN_HOGAN_2013_EXHAUSTED_REGUL	Met	12722	1	1	97616103	97616589	-	168	5	21.6
ENSG00000188641	CELL_TYPES_WANSLEEBEN_HOGAN_2013_EXHAUSTED_REGUL	StageI	12703	1	1	97544767	97545085	-	734	0	0.0
ENSG00000188641	CELL_TYPES_WANSLEEBEN_HOGAN_2013_EXHAUSTED_REGUL	Normal	12660	1	1	97402972	97403285	-	196	1	6.5
ENSG00000188641	CELL_TYPES_WANSLEEBEN_HOGAN_2013_EXHAUSTED_REGUL	StageI	12685	1	1	97471662	97472056	-	734	0	0.0
ENSG00000188641	CELL_TYPES_WANSLEEBEN_HOGAN_2013_EXHAUSTED_REGUL	Normal	12661	1	1	97403812	97404383	-	196	2	9.9
ENSG00000188641	CELL_TYPES_WANSLEEBEN_HOGAN_2013_EXHAUSTED_REGUL	StageI	12706	1	1	97547583	97547908	-	734	0	0.0
ENSG00000188641	CELL_TYPES_WANSLEEBEN_HOGAN_2013_EXHAUSTED_REGUL	StageI	12707	1	1	97549197	97549623	-	734	0	0.0
ENSG00000188641	CELL_TYPES_WANSLEEBEN_HOGAN_2013_EXHAUSTED_REGUL	Normal	12663	1	1	97406380	97406762	-	196	6	28.1
ENSG00000188641	CELL_TYPES_WANSLEEBEN_HOGAN_2013_EXHAUSTED_REGUL	StageI	12708	1	1	97554986	97555538	-	734	0	0.0
ENSG00000188641	CELL_TYPES_WANSLEEBEN_HOGAN_2013_EXHAUSTED_REGUL	StageI	12688	1	1	97477894	97478724	-	734	0	0.0
ENSG00000092820	CELL_TYPES_WANSLEEBEN_HOGAN_2013_EXHAUSTED_REGUL	StageI	249395	1	6	158783099	158784177	-	734	14	68.5
ENSG00000188641	CELL_TYPES_WANSLEEBEN_HOGAN_2013_EXHAUSTED_REGUL	Met	12728	1	1	97640339	97640798	-	168	13	33.9
ENSG00000188641	CELL_TYPES_WANSLEEBEN_HOGAN_2013_EXHAUSTED_REGUL	StageI	12722	1	1	97616103	97616589	-	734	3	17.1
ENSG00000092820	CELL_TYPES_WANSLEEBEN_HOGAN_2013_EXHAUSTED_REGUL	StageI	249416	1	6	158809902	158811360	-	734	3	17.9
ENSG00000188641	CELL_TYPES_WANSLEEBEN_HOGAN_2013_EXHAUSTED_REGUL	Met	12729	1	1	97644557	97645194	-	168	11	29.6
ENSG00000188641	CELL_TYPES_WANSLEEBEN_HOGAN_2013_EXHAUSTED_REGUL	Normal	12680	1	1	97445823	97446216	-	196	0	0.0
ENSG00000188641	CELL_TYPES_WANSLEEBEN_HOGAN_2013_EXHAUSTED_REGUL	Normal	12669	1	1	97428862	97429161	-	196	6	32.0
ENSG00000092820	CELL_TYPES_WANSLEEBEN_HOGAN_2013_EXHAUSTED_REGUL	Normal	249403	1	6	158791381	158793011	-	196	4	19.9
ENSG00000188641	CELL_TYPES_WANSLEEBEN_HOGAN_2013_EXHAUSTED_REGUL	Normal	12703	1	1	97544767	97545085	-	196	9	49.9
ENSG00000188641	CELL_TYPES_WANSLEEBEN_HOGAN_2013_EXHAUSTED_REGUL	StageI	12728	1	1	97640339	97640798	-	734	5	21.8
ENSG00000092820	CELL_TYPES_WANSLEEBEN_HOGAN_2013_EXHAUSTED_REGUL	Normal	249405	1	6	158794170	158794719	-	196	1	5.6
ENSG00000092820	CELL_TYPES_WANSLEEBEN_HOGAN_2013_EXHAUSTED_REGUL	Normal	249385	1	6	158770712	158772080	-	196	0	0.0
ENSG00000188641	CELL_TYPES_WANSLEEBEN_HOGAN_2013_EXHAUSTED_REGUL	Met	12761	1	1	97763485	97764057	-	168	0	0.0
ENSG00000188641	CELL_TYPES_WANSLEEBEN_HOGAN_2013_EXHAUSTED_REGUL	Met	12748	1	1	97711899	97712915	-	168	0	0.0
ENSG00000188641	CELL_TYPES_WANSLEEBEN_HOGAN_2013_EXHAUSTED_REGUL	StageI	12729	1	1	97644557	97645194	-	734	59	237.8
ENSG00000188641	CELL_TYPES_WANSLEEBEN_HOGAN_2013_EXHAUSTED_REGUL	Normal	12685	1	1	97471662	97472056	-	196	1	5.2
ENSG00000188641	CELL_TYPES_WANSLEEBEN_HOGAN_2013_EXHAUSTED_REGUL	Met	12762	1	1	97767853	97768232	-	168	4	15.0
ENSG00000188641	CELL_TYPES_WANSLEEBEN_HOGAN_2013_EXHAUSTED_REGUL	Normal	12706	1	1	97547583	97547908	-	196	0	0.0
ENSG00000092820	CELL_TYPES_WANSLEEBEN_HOGAN_2013_EXHAUSTED_REGUL	Normal	249407	1	6	158794997	158795766	-	196	2	12.1
ENSG00000188641	CELL_TYPES_WANSLEEBEN_HOGAN_2013_EXHAUSTED_REGUL	Normal	12707	1	1	97549197	97549623	-	196	7	39.2
ENSG00000092820	CELL_TYPES_WANSLEEBEN_HOGAN_2013_EXHAUSTED_REGUL	Normal	249421	1	6	158814458	158818266	-	196	5	28.1
ENSG00000188641	CELL_TYPES_WANSLEEBEN_HOGAN_2013_EXHAUSTED_REGUL	Met	12764	1	1	97783468	97783998	-	168	30	75.8
ENSG00000188641	CELL_TYPES_WANSLEEBEN_HOGAN_2013_EXHAUSTED_REGUL	Normal	12708	1	1	97554986	97555538	-	196	1	6.8
ENSG00000188641	CELL_TYPES_WANSLEEBEN_HOGAN_2013_EXHAUSTED_REGUL	Normal	12688	1	1	97477894	97478724	-	196	1	6.5
ENSG00000092820	CELL_TYPES_WANSLEEBEN_HOGAN_2013_EXHAUSTED_REGUL	Normal	249409	1	6	158797853	158801612	-	196	2	14.6
ENSG00000188641	CELL_TYPES_WANSLEEBEN_HOGAN_2013_EXHAUSTED_REGUL	Met	12765	1	1	97785779	97786166	-	168	35	98.7
ENSG00000188641	CELL_TYPES_WANSLEEBEN_HOGAN_2013_EXHAUSTED_REGUL	Normal	12722	1	1	97616103	97616589	-	196	9	49.5
ENSG00000092820	CELL_TYPES_WANSLEEBEN_HOGAN_2013_EXHAUSTED_REGUL	Met	249403	1	6	158791381	158793011	-	168	6	34.1
ENSG00000188641	CELL_TYPES_WANSLEEBEN_HOGAN_2013_EXHAUSTED_REGUL	Met	12800	1	1	97907849	97908610	-	168	0	0.0
ENSG00000188641	CELL_TYPES_WANSLEEBEN_HOGAN_2013_EXHAUSTED_REGUL	StageI	12761	1	1	97763485	97764057	-	734	0	0.0
ENSG00000188641	CELL_TYPES_WANSLEEBEN_HOGAN_2013_EXHAUSTED_REGUL	StageI	12748	1	1	97711899	97712915	-	734	0	0.0
ENSG00000092820	CELL_TYPES_WANSLEEBEN_HOGAN_2013_EXHAUSTED_REGUL	Met	249405	1	6	158794170	158794719	-	168	0	0.0
ENSG00000092820	CELL_TYPES_WANSLEEBEN_HOGAN_2013_EXHAUSTED_REGUL	Met	249385	1	6	158770712	158772080	-	168	0	0.0
ENSG00000188641	CELL_TYPES_WANSLEEBEN_HOGAN_2013_EXHAUSTED_REGUL	Met	12781	1	1	97849598	97849893	-	168	0	0.0
ENSG00000188641	CELL_TYPES_WANSLEEBEN_HOGAN_2013_EXHAUSTED_REGUL	StageI	12762	1	1	97767853	97768232	-	734	1	5.7
ENSG00000092820	CELL_TYPES_WANSLEEBEN_HOGAN_2013_EXHAUSTED_REGUL	Met	249407	1	6	158794997	158795766	-	168	0	0.0
ENSG00000188641	CELL_TYPES_WANSLEEBEN_HOGAN_2013_EXHAUSTED_REGUL	StageI	12764	1	1	97783468	97783998	-	734	55	211.1
ENSG00000092820	CELL_TYPES_WANSLEEBEN_HOGAN_2013_EXHAUSTED_REGUL	Met	249421	1	6	158814458	158818266	-	168	0	0.0
ENSG00000188641	CELL_TYPES_WANSLEEBEN_HOGAN_2013_EXHAUSTED_REGUL	StageI	12765	1	1	97785779	97786166	-	734	2	13.2
ENSG00000188641	CELL_TYPES_WANSLEEBEN_HOGAN_2013_EXHAUSTED_REGUL	Normal	12728	1	1	97640339	97640798	-	196	1	7.4
ENSG00000092820	CELL_TYPES_WANSLEEBEN_HOGAN_2013_EXHAUSTED_REGUL	Met	249409	1	6	158797853	158801612	-	168	0	0.0
ENSG00000188641	CELL_TYPES_WANSLEEBEN_HOGAN_2013_EXHAUSTED_REGUL	Normal	12729	1	1	97644557	97645194	-	196	2	13.6
ENSG00000188641	CELL_TYPES_WANSLEEBEN_HOGAN_2013_EXHAUSTED_REGUL	StageI	12800	1	1	97907849	97908610	-	734	0	0.0
ENSG00000188641	CELL_TYPES_WANSLEEBEN_HOGAN_2013_EXHAUSTED_REGUL	StageI	12781	1	1	97849598	97849893	-	734	0	0.0
ENSG00000112137	CELL_TYPES_WANSLEEBEN_HOGAN_2013_EXHAUSTED_REGUL	StageI	234880	1	6	12996861	12997084	+	734	0	0.0
ENSG00000188641	CELL_TYPES_WANSLEEBEN_HOGAN_2013_EXHAUSTED_REGUL	Normal	12761	1	1	97763485	97764057	-	196	4	24.9
ENSG00000188641	CELL_TYPES_WANSLEEBEN_HOGAN_2013_EXHAUSTED_REGUL	Normal	12748	1	1	97711899	97712915	-	196	5	26.7
ENSG00000188641	CELL_TYPES_WANSLEEBEN_HOGAN_2013_EXHAUSTED_REGUL	Met	12590	1	1	97177653	97178094	-	168	2	11.7
ENSG00000188641	CELL_TYPES_WANSLEEBEN_HOGAN_2013_EXHAUSTED_REGUL	Met	12610	1	1	97234471	97235106	-	168	0	0.0
ENSG00000188641	CELL_TYPES_WANSLEEBEN_HOGAN_2013_EXHAUSTED_REGUL	Normal	12762	1	1	97767853	97768232	-	196	4	22.0
ENSG00000188641	CELL_TYPES_WANSLEEBEN_HOGAN_2013_EXHAUSTED_REGUL	Met	12591	1	1	97180194	97180488	-	168	84	282.8
ENSG00000188641	CELL_TYPES_WANSLEEBEN_HOGAN_2013_EXHAUSTED_REGUL	Normal	12764	1	1	97783468	97783998	-	196	1	6.5
ENSG00000188641	CELL_TYPES_WANSLEEBEN_HOGAN_2013_EXHAUSTED_REGUL	Normal	12765	1	1	97785779	97786166	-	196	3	15.3
ENSG00000188641	CELL_TYPES_WANSLEEBEN_HOGAN_2013_EXHAUSTED_REGUL	Met	12614	1	1	97255807	97256071	-	168	0	0.0
ENSG00000092820	CELL_TYPES_WANSLEEBEN_HOGAN_2013_GOBLET_CELLS	StageI	249397	1	6	158785326	158785587	-	92	4	12.0
ENSG00000188641	CELL_TYPES_WANSLEEBEN_HOGAN_2013_GOBLET_CELLS	Met	12562	1	1	97077836	97078379	-	169	0	0.0
ENSG00000188641	CELL_TYPES_WANSLEEBEN_HOGAN_2013_GOBLET_CELLS	Met	12793	1	1	97882244	97882795	-	169	42	95.2
ENSG00000188641	CELL_TYPES_WANSLEEBEN_HOGAN_2013_GOBLET_CELLS	StageI	12599	1	1	97191635	97193144	-	92	0	0.0
ENSG00000188641	CELL_TYPES_WANSLEEBEN_HOGAN_2013_GOBLET_CELLS	Met	12590	1	1	97177653	97178094	-	169	0	0.0
ENSG00000188641	CELL_TYPES_WANSLEEBEN_HOGAN_2013_GOBLET_CELLS	Met	12776	1	1	97823152	97824427	-	169	3	12.7
ENSG00000092820	CELL_TYPES_WANSLEEBEN_HOGAN_2013_GOBLET_CELLS	IVprimary	249416	1	6	158809902	158811360	-	55	0	0.0
ENSG00000188641	CELL_TYPES_WANSLEEBEN_HOGAN_2013_GOBLET_CELLS	IVprimary	12599	1	1	97191635	97193144	-	55	4	22.9
ENSG00000092820	CELL_TYPES_WANSLEEBEN_HOGAN_2013_GOBLET_CELLS	Met	249416	1	6	158809902	158811360	-	169	0	0.0
ENSG00000188641	CELL_TYPES_WANSLEEBEN_HOGAN_2013_GOBLET_CELLS	Met	12778	1	1	97826430	97828108	-	169	0	0.0
ENSG00000188641	CELL_TYPES_WANSLEEBEN_HOGAN_2013_GOBLET_CELLS	StageI	12562	1	1	97077836	97078379	-	92	2	5.0
ENSG00000092820	CELL_TYPES_WANSLEEBEN_HOGAN_2013_GOBLET_CELLS	IVprimary	249409	1	6	158797853	158801612	-	55	5	18.5
ENSG00000092820	CELL_TYPES_WANSLEEBEN_HOGAN_2013_GOBLET_CELLS	IVprimary	249395	1	6	158783099	158784177	-	55	0	0.0
ENSG00000188641	CELL_TYPES_WANSLEEBEN_HOGAN_2013_GOBLET_CELLS	StageI	12793	1	1	97882244	97882795	-	92	5	25.4
ENSG00000188641	CELL_TYPES_WANSLEEBEN_HOGAN_2013_GOBLET_CELLS	StageI	12590	1	1	97177653	97178094	-	92	1	5.4
ENSG00000092820	CELL_TYPES_WANSLEEBEN_HOGAN_2013_GOBLET_CELLS	Met	249409	1	6	158797853	158801612	-	169	2	7.2
ENSG00000092820	CELL_TYPES_WANSLEEBEN_HOGAN_2013_GOBLET_CELLS	Met	249395	1	6	158783099	158784177	-	169	0	0.0
ENSG00000188641	CELL_TYPES_WANSLEEBEN_HOGAN_2013_GOBLET_CELLS	StageI	12776	1	1	97823152	97824427	-	92	2	4.0
ENSG00000188641	CELL_TYPES_WANSLEEBEN_HOGAN_2013_GOBLET_CELLS	IVprimary	12562	1	1	97077836	97078379	-	55	0	0.0
ENSG00000092820	CELL_TYPES_WANSLEEBEN_HOGAN_2013_GOBLET_CELLS	StageI	249416	1	6	158809902	158811360	-	92	3	9.3
ENSG00000092820	CELL_TYPES_WANSLEEBEN_HOGAN_2013_GOBLET_CELLS	IVprimary	249397	1	6	158785326	158785587	-	55	1	4.0
ENSG00000188641	CELL_TYPES_WANSLEEBEN_HOGAN_2013_GOBLET_CELLS	IVprimary	12793	1	1	97882244	97882795	-	55	35	105.6
ENSG00000188641	CELL_TYPES_WANSLEEBEN_HOGAN_2013_GOBLET_CELLS	IVprimary	12590	1	1	97177653	97178094	-	55	0	0.0
ENSG00000092820	CELL_TYPES_WANSLEEBEN_HOGAN_2013_GOBLET_CELLS	Met	249397	1	6	158785326	158785587	-	169	0	0.0
ENSG00000188641	CELL_TYPES_WANSLEEBEN_HOGAN_2013_GOBLET_CELLS	StageI	12778	1	1	97826430	97828108	-	92	7	19.5
ENSG00000188641	CELL_TYPES_WANSLEEBEN_HOGAN_2013_GOBLET_CELLS	IVprimary	12776	1	1	97823152	97824427	-	55	0	0.0
ENSG00000092820	CELL_TYPES_WANSLEEBEN_HOGAN_2013_GOBLET_CELLS	StageI	249409	1	6	158797853	158801612	-	92	1	3.1
ENSG00000092820	CELL_TYPES_WANSLEEBEN_HOGAN_2013_GOBLET_CELLS	StageI	249395	1	6	158783099	158784177	-	92	4	17.7
ENSG00000188641	CELL_TYPES_WANSLEEBEN_HOGAN_2013_GOBLET_CELLS	IVprimary	12778	1	1	97826430	97828108	-	55	0	0.0
ENSG00000188641	CELL_TYPES_WANSLEEBEN_HOGAN_2013_GOBLET_CELLS	Met	12599	1	1	97191635	97193144	-	169	6	25.8
ENSG00000188641	CELL_TYPES_WANSLEEBEN_HOGAN_2013_MACROPHAGE_M1	Normal	12766	1	1	97792345	97792757	-	285	1	4.7
ENSG00000188641	CELL_TYPES_WANSLEEBEN_HOGAN_2013_MACROPHAGE_M1	Normal	12800	1	1	97907849	97908610	-	285	11	28.8
ENSG00000188641	CELL_TYPES_WANSLEEBEN_HOGAN_2013_MACROPHAGE_M1	Normal	12767	1	1	97797542	97797834	-	285	0	0.0
ENSG00000188641	CELL_TYPES_WANSLEEBEN_HOGAN_2013_MACROPHAGE_M1	IVprimary	12654	1	1	97390771	97391562	-	94	7	24.2
ENSG00000188641	CELL_TYPES_WANSLEEBEN_HOGAN_2013_MACROPHAGE_M1	Met	12596	1	1	97187222	97188304	-	81	0	0.0
ENSG00000188641	CELL_TYPES_WANSLEEBEN_HOGAN_2013_MACROPHAGE_M1	Normal	12781	1	1	97849598	97849893	-	285	0	0.0
ENSG00000188641	CELL_TYPES_WANSLEEBEN_HOGAN_2013_MACROPHAGE_M1	Normal	12768	1	1	97800255	97801101	-	285	0	0.0
ENSG00000188641	CELL_TYPES_WANSLEEBEN_HOGAN_2013_MACROPHAGE_M1	IVprimary	12655	1	1	97392446	97392881	-	94	0	0.0
ENSG00000188641	CELL_TYPES_WANSLEEBEN_HOGAN_2013_MACROPHAGE_M1	Met	12617	1	1	97264168	97264734	-	81	0	0.0
ENSG00000188641	CELL_TYPES_WANSLEEBEN_HOGAN_2013_MACROPHAGE_M1	Normal	12783	1	1	97854352	97854586	-	285	1	4.1
ENSG00000188641	CELL_TYPES_WANSLEEBEN_HOGAN_2013_MACROPHAGE_M1	IVprimary	12670	1	1	97429534	97429824	-	94	0	0.0
ENSG00000188641	CELL_TYPES_WANSLEEBEN_HOGAN_2013_MACROPHAGE_M1	Met	12632	1	1	97314551	97314906	-	81	0	0.0
ENSG00000188641	CELL_TYPES_WANSLEEBEN_HOGAN_2013_MACROPHAGE_M1	IVprimary	12672	1	1	97432354	97432942	-	94	0	0.0
ENSG00000188641	CELL_TYPES_WANSLEEBEN_HOGAN_2013_MACROPHAGE_M1	IVprimary	12659	1	1	97400568	97402062	-	94	0	0.0
ENSG00000188641	CELL_TYPES_WANSLEEBEN_HOGAN_2013_MACROPHAGE_M1	Normal	12571	1	1	97097421	97097688	-	285	3	12.0
ENSG00000188641	CELL_TYPES_WANSLEEBEN_HOGAN_2013_MACROPHAGE_M1	Met	12635	1	1	97333155	97333948	-	81	0	0.0
ENSG00000188641	CELL_TYPES_WANSLEEBEN_HOGAN_2013_MACROPHAGE_M1	Normal	12788	1	1	97873090	97873232	-	285	0	0.0
ENSG00000188641	CELL_TYPES_WANSLEEBEN_HOGAN_2013_MACROPHAGE_M1	Met	12638	1	1	97346100	97346845	-	81	0	0.0
ENSG00000188641	CELL_TYPES_WANSLEEBEN_HOGAN_2013_MACROPHAGE_M1	IVprimary	12710	1	1	97557226	97557683	-	94	0	0.0
ENSG00000188641	CELL_TYPES_WANSLEEBEN_HOGAN_2013_MACROPHAGE_M1	IVprimary	12690	1	1	97484548	97485981	-	94	0	0.0
ENSG00000188641	CELL_TYPES_WANSLEEBEN_HOGAN_2013_MACROPHAGE_M1	IVprimary	12677	1	1	97440492	97441735	-	94	0	0.0
ENSG00000188641	CELL_TYPES_WANSLEEBEN_HOGAN_2013_MACROPHAGE_M1	IVprimary	12711	1	1	97559609	97560022	-	94	0	0.0
ENSG00000188641	CELL_TYPES_WANSLEEBEN_HOGAN_2013_MACROPHAGE_M1	IVprimary	12692	1	1	97502158	97502737	-	94	0	0.0
ENSG00000188641	CELL_TYPES_WANSLEEBEN_HOGAN_2013_MACROPHAGE_M1	Met	12654	1	1	97390771	97391562	-	81	0	0.0
ENSG00000188641	CELL_TYPES_WANSLEEBEN_HOGAN_2013_MACROPHAGE_M1	Normal	12578	1	1	97130731	97131216	-	285	2	12.7
ENSG00000188641	CELL_TYPES_WANSLEEBEN_HOGAN_2013_MACROPHAGE_M1	Normal	12591	1	1	97180194	97180488	-	285	0	0.0
ENSG00000188641	CELL_TYPES_WANSLEEBEN_HOGAN_2013_MACROPHAGE_M1	Met	12655	1	1	97392446	97392881	-	81	0	0.0
ENSG00000188641	CELL_TYPES_WANSLEEBEN_HOGAN_2013_MACROPHAGE_M1	Normal	12579	1	1	97133097	97133761	-	285	2	13.2
ENSG00000188641	CELL_TYPES_WANSLEEBEN_HOGAN_2013_MACROPHAGE_M1	IVprimary	12694	1	1	97524770	97525078	-	94	74	190.4
ENSG00000188641	CELL_TYPES_WANSLEEBEN_HOGAN_2013_MACROPHAGE_M1	Met	12670	1	1	97429534	97429824	-	81	0	0.0
ENSG00000188641	CELL_TYPES_WANSLEEBEN_HOGAN_2013_MACROPHAGE_M1	IVprimary	12730	1	1	97645490	97645872	-	94	0	0.0
ENSG00000188641	CELL_TYPES_WANSLEEBEN_HOGAN_2013_MACROPHAGE_M1	Met	12672	1	1	97432354	97432942	-	81	0	0.0
ENSG00000188641	CELL_TYPES_WANSLEEBEN_HOGAN_2013_MACROPHAGE_M1	Met	12659	1	1	97400568	97402062	-	81	0	0.0
ENSG00000188641	CELL_TYPES_WANSLEEBEN_HOGAN_2013_MACROPHAGE_M1	Normal	12596	1	1	97187222	97188304	-	285	0	0.0
ENSG00000188641	CELL_TYPES_WANSLEEBEN_HOGAN_2013_MACROPHAGE_M1	IVprimary	12731	1	1	97646370	97647021	-	94	0	0.0
ENSG00000188641	CELL_TYPES_WANSLEEBEN_HOGAN_2013_MACROPHAGE_M1	Normal	12617	1	1	97264168	97264734	-	285	0	0.0
ENSG00000092820	CELL_TYPES_WANSLEEBEN_HOGAN_2013_MACROPHAGE_M1	IVprimary	249395	1	6	158783099	158784177	-	94	0	0.0
ENSG00000188641	CELL_TYPES_WANSLEEBEN_HOGAN_2013_MACROPHAGE_M1	Normal	12632	1	1	97314551	97314906	-	285	1	6.2
ENSG00000188641	CELL_TYPES_WANSLEEBEN_HOGAN_2013_MACROPHAGE_M1	IVprimary	12735	1	1	97665486	97666723	-	94	0	0.0
ENSG00000188641	CELL_TYPES_WANSLEEBEN_HOGAN_2013_MACROPHAGE_M1	Met	12710	1	1	97557226	97557683	-	81	0	0.0
ENSG00000188641	CELL_TYPES_WANSLEEBEN_HOGAN_2013_MACROPHAGE_M1	Met	12690	1	1	97484548	97485981	-	81	0	0.0
ENSG00000188641	CELL_TYPES_WANSLEEBEN_HOGAN_2013_MACROPHAGE_M1	Met	12677	1	1	97440492	97441735	-	81	0	0.0
ENSG00000092820	CELL_TYPES_WANSLEEBEN_HOGAN_2013_MACROPHAGE_M1	IVprimary	249399	1	6	158786699	158787570	-	94	0	0.0
ENSG00000188641	CELL_TYPES_WANSLEEBEN_HOGAN_2013_MACROPHAGE_M1	IVprimary	12736	1	1	97671696	97672517	-	94	0	0.0
ENSG00000188641	CELL_TYPES_WANSLEEBEN_HOGAN_2013_MACROPHAGE_M1	Met	12711	1	1	97559609	97560022	-	81	0	0.0
ENSG00000188641	CELL_TYPES_WANSLEEBEN_HOGAN_2013_MACROPHAGE_M1	Normal	12635	1	1	97333155	97333948	-	285	0	0.0
ENSG00000188641	CELL_TYPES_WANSLEEBEN_HOGAN_2013_MACROPHAGE_M1	IVprimary	12750	1	1	97714361	97714639	-	94	3	6.8
ENSG00000188641	CELL_TYPES_WANSLEEBEN_HOGAN_2013_MACROPHAGE_M1	Met	12692	1	1	97502158	97502737	-	81	0	0.0
ENSG00000188641	CELL_TYPES_WANSLEEBEN_HOGAN_2013_MACROPHAGE_M1	Met	12694	1	1	97524770	97525078	-	81	0	0.0
ENSG00000188641	CELL_TYPES_WANSLEEBEN_HOGAN_2013_MACROPHAGE_M1	Normal	12638	1	1	97346100	97346845	-	285	13	43.0
ENSG00000188641	CELL_TYPES_WANSLEEBEN_HOGAN_2013_MACROPHAGE_M1	IVprimary	12753	1	1	97717950	97718705	-	94	0	0.0
ENSG00000188641	CELL_TYPES_WANSLEEBEN_HOGAN_2013_MACROPHAGE_M1	IVprimary	12755	1	1	97719620	97720226	-	94	0	0.0
ENSG00000188641	CELL_TYPES_WANSLEEBEN_HOGAN_2013_MACROPHAGE_M1	Met	12730	1	1	97645490	97645872	-	81	0	0.0
ENSG00000188641	CELL_TYPES_WANSLEEBEN_HOGAN_2013_MACROPHAGE_M1	Normal	12654	1	1	97390771	97391562	-	285	0	0.0
ENSG00000188641	CELL_TYPES_WANSLEEBEN_HOGAN_2013_MACROPHAGE_M1	IVprimary	12756	1	1	97730849	97732054	-	94	0	0.0
ENSG00000188641	CELL_TYPES_WANSLEEBEN_HOGAN_2013_MACROPHAGE_M1	Met	12731	1	1	97646370	97647021	-	81	0	0.0
ENSG00000188641	CELL_TYPES_WANSLEEBEN_HOGAN_2013_MACROPHAGE_M1	Normal	12655	1	1	97392446	97392881	-	285	0	0.0
ENSG00000188641	CELL_TYPES_WANSLEEBEN_HOGAN_2013_MACROPHAGE_M1	IVprimary	12771	1	1	97808427	97809206	-	94	0	0.0
ENSG00000188641	CELL_TYPES_WANSLEEBEN_HOGAN_2013_MACROPHAGE_M1	IVprimary	12758	1	1	97738789	97739235	-	94	1	5.2
ENSG00000188641	CELL_TYPES_WANSLEEBEN_HOGAN_2013_MACROPHAGE_M1	Normal	12670	1	1	97429534	97429824	-	285	0	0.0
ENSG00000188641	CELL_TYPES_WANSLEEBEN_HOGAN_2013_MACROPHAGE_M1	Met	12735	1	1	97665486	97666723	-	81	0	0.0
ENSG00000188641	CELL_TYPES_WANSLEEBEN_HOGAN_2013_MACROPHAGE_M1	Normal	12672	1	1	97432354	97432942	-	285	1	6.0
ENSG00000188641	CELL_TYPES_WANSLEEBEN_HOGAN_2013_MACROPHAGE_M1	Normal	12659	1	1	97400568	97402062	-	285	0	0.0
ENSG00000188641	CELL_TYPES_WANSLEEBEN_HOGAN_2013_MACROPHAGE_M1	Met	12736	1	1	97671696	97672517	-	81	0	0.0
ENSG00000188641	CELL_TYPES_WANSLEEBEN_HOGAN_2013_MACROPHAGE_M1	Met	12750	1	1	97714361	97714639	-	81	0	0.0
ENSG00000188641	CELL_TYPES_WANSLEEBEN_HOGAN_2013_MACROPHAGE_M1	IVprimary	12776	1	1	97823152	97824427	-	94	0	0.0
ENSG00000188641	CELL_TYPES_WANSLEEBEN_HOGAN_2013_MACROPHAGE_M1	IVprimary	12778	1	1	97826430	97828108	-	94	0	0.0
ENSG00000188641	CELL_TYPES_WANSLEEBEN_HOGAN_2013_MACROPHAGE_M1	Met	12753	1	1	97717950	97718705	-	81	0	0.0
ENSG00000188641	CELL_TYPES_WANSLEEBEN_HOGAN_2013_MACROPHAGE_M1	Normal	12710	1	1	97557226	97557683	-	285	62	207.2
ENSG00000188641	CELL_TYPES_WANSLEEBEN_HOGAN_2013_MACROPHAGE_M1	Normal	12690	1	1	97484548	97485981	-	285	1	6.7
ENSG00000188641	CELL_TYPES_WANSLEEBEN_HOGAN_2013_MACROPHAGE_M1	Normal	12677	1	1	97440492	97441735	-	285	61	256.0
ENSG00000188641	CELL_TYPES_WANSLEEBEN_HOGAN_2013_MACROPHAGE_M1	IVprimary	12779	1	1	97829840	97830188	-	94	0	0.0
ENSG00000188641	CELL_TYPES_WANSLEEBEN_HOGAN_2013_MACROPHAGE_M1	Normal	12711	1	1	97559609	97560022	-	285	0	0.0
ENSG00000188641	CELL_TYPES_WANSLEEBEN_HOGAN_2013_MACROPHAGE_M1	IVprimary	12793	1	1	97882244	97882795	-	94	40	98.2
ENSG00000188641	CELL_TYPES_WANSLEEBEN_HOGAN_2013_MACROPHAGE_M1	Met	12755	1	1	97719620	97720226	-	81	0	0.0
ENSG00000188641	CELL_TYPES_WANSLEEBEN_HOGAN_2013_MACROPHAGE_M1	Normal	12692	1	1	97502158	97502737	-	285	0	0.0
ENSG00000188641	CELL_TYPES_WANSLEEBEN_HOGAN_2013_MACROPHAGE_M1	IVprimary	12566	1	1	97086207	97086745	-	94	12	38.8
ENSG00000188641	CELL_TYPES_WANSLEEBEN_HOGAN_2013_MACROPHAGE_M1	Met	12756	1	1	97730849	97732054	-	81	0	0.0
ENSG00000188641	CELL_TYPES_WANSLEEBEN_HOGAN_2013_MACROPHAGE_M1	Normal	12694	1	1	97524770	97525078	-	285	3	13.6
ENSG00000188641	CELL_TYPES_WANSLEEBEN_HOGAN_2013_MACROPHAGE_M1	IVprimary	12568	1	1	97089647	97090524	-	94	0	0.0
ENSG00000092820	CELL_TYPES_WANSLEEBEN_HOGAN_2013_MACROPHAGE_M1	Normal	249395	1	6	158783099	158784177	-	285	4	20.9
ENSG00000188641	CELL_TYPES_WANSLEEBEN_HOGAN_2013_MACROPHAGE_M1	Met	12771	1	1	97808427	97809206	-	81	0	0.0
ENSG00000188641	CELL_TYPES_WANSLEEBEN_HOGAN_2013_MACROPHAGE_M1	Met	12758	1	1	97738789	97739235	-	81	0	0.0
ENSG00000188641	CELL_TYPES_WANSLEEBEN_HOGAN_2013_MACROPHAGE_M1	IVprimary	12602	1	1	97202005	97202302	-	94	0	0.0
ENSG00000188641	CELL_TYPES_WANSLEEBEN_HOGAN_2013_MACROPHAGE_M1	Normal	12730	1	1	97645490	97645872	-	285	1	7.1
ENSG00000188641	CELL_TYPES_WANSLEEBEN_HOGAN_2013_MACROPHAGE_M1	IVprimary	12799	1	1	97899199	97899765	-	94	0	0.0
ENSG00000188641	CELL_TYPES_WANSLEEBEN_HOGAN_2013_MACROPHAGE_M1	Normal	12731	1	1	97646370	97647021	-	285	0	0.0
ENSG00000188641	CELL_TYPES_WANSLEEBEN_HOGAN_2013_MACROPHAGE_M1	IVprimary	12605	1	1	97224607	97225130	-	94	0	0.0
ENSG00000188641	CELL_TYPES_WANSLEEBEN_HOGAN_2013_MACROPHAGE_M1	IVprimary	12585	1	1	97164963	97165320	-	94	0	0.0
ENSG00000092820	CELL_TYPES_WANSLEEBEN_HOGAN_2013_MACROPHAGE_M1	Normal	249399	1	6	158786699	158787570	-	285	4	23.4
ENSG00000188641	CELL_TYPES_WANSLEEBEN_HOGAN_2013_MACROPHAGE_M1	IVprimary	12606	1	1	97225581	97226111	-	94	0	0.0
ENSG00000188641	CELL_TYPES_WANSLEEBEN_HOGAN_2013_MACROPHAGE_M1	Met	12776	1	1	97823152	97824427	-	81	0	0.0
ENSG00000188641	CELL_TYPES_WANSLEEBEN_HOGAN_2013_MACROPHAGE_M1	IVprimary	12588	1	1	97170740	97171197	-	94	3	17.6
ENSG00000092820	CELL_TYPES_WANSLEEBEN_HOGAN_2013_MACROPHAGE_M1	Met	249395	1	6	158783099	158784177	-	81	22	116.3
ENSG00000188641	CELL_TYPES_WANSLEEBEN_HOGAN_2013_MACROPHAGE_M1	Met	12778	1	1	97826430	97828108	-	81	0	0.0
ENSG00000188641	CELL_TYPES_WANSLEEBEN_HOGAN_2013_MACROPHAGE_M1	Normal	12735	1	1	97665486	97666723	-	285	12	45.1
ENSG00000188641	CELL_TYPES_WANSLEEBEN_HOGAN_2013_MACROPHAGE_M1	Met	12779	1	1	97829840	97830188	-	81	0	0.0
ENSG00000188641	CELL_TYPES_WANSLEEBEN_HOGAN_2013_MACROPHAGE_M1	Normal	12736	1	1	97671696	97672517	-	285	22	51.1
ENSG00000188641	CELL_TYPES_WANSLEEBEN_HOGAN_2013_MACROPHAGE_M1	Met	12793	1	1	97882244	97882795	-	81	0	0.0
ENSG00000188641	CELL_TYPES_WANSLEEBEN_HOGAN_2013_MACROPHAGE_M1	Normal	12750	1	1	97714361	97714639	-	285	1	4.4
ENSG00000188641	CELL_TYPES_WANSLEEBEN_HOGAN_2013_MACROPHAGE_M1	Met	12566	1	1	97086207	97086745	-	81	0	0.0
ENSG00000092820	CELL_TYPES_WANSLEEBEN_HOGAN_2013_MACROPHAGE_M1	Met	249399	1	6	158786699	158787570	-	81	0	0.0
ENSG00000188641	CELL_TYPES_WANSLEEBEN_HOGAN_2013_MACROPHAGE_M1	IVprimary	12626	1	1	97285704	97286117	-	94	1	4.3
ENSG00000188641	CELL_TYPES_WANSLEEBEN_HOGAN_2013_MACROPHAGE_M1	Met	12568	1	1	97089647	97090524	-	81	0	0.0
ENSG00000188641	CELL_TYPES_WANSLEEBEN_HOGAN_2013_MACROPHAGE_M1	Normal	12753	1	1	97717950	97718705	-	285	3	9.1
ENSG00000188641	CELL_TYPES_WANSLEEBEN_HOGAN_2013_MACROPHAGE_M1	IVprimary	12627	1	1	97286483	97287361	-	94	0	0.0
ENSG00000188641	CELL_TYPES_WANSLEEBEN_HOGAN_2013_MACROPHAGE_M1	Met	12602	1	1	97202005	97202302	-	81	0	0.0
ENSG00000188641	CELL_TYPES_WANSLEEBEN_HOGAN_2013_MACROPHAGE_M1	Normal	12755	1	1	97719620	97720226	-	285	31	81.4
ENSG00000188641	CELL_TYPES_WANSLEEBEN_HOGAN_2013_MACROPHAGE_M1	Met	12799	1	1	97899199	97899765	-	81	0	0.0
ENSG00000188641	CELL_TYPES_WANSLEEBEN_HOGAN_2013_MACROPHAGE_M1	Normal	12756	1	1	97730849	97732054	-	285	1	3.0
ENSG00000188641	CELL_TYPES_WANSLEEBEN_HOGAN_2013_MACROPHAGE_M1	IVprimary	12643	1	1	97356328	97356878	-	94	1	6.0
ENSG00000188641	CELL_TYPES_WANSLEEBEN_HOGAN_2013_MACROPHAGE_M1	Met	12585	1	1	97164963	97165320	-	81	0	0.0
ENSG00000188641	CELL_TYPES_WANSLEEBEN_HOGAN_2013_MACROPHAGE_M1	Met	12605	1	1	97224607	97225130	-	81	0	0.0
ENSG00000188641	CELL_TYPES_WANSLEEBEN_HOGAN_2013_MACROPHAGE_M1	Met	12606	1	1	97225581	97226111	-	81	0	0.0
ENSG00000188641	CELL_TYPES_WANSLEEBEN_HOGAN_2013_MACROPHAGE_M1	Normal	12771	1	1	97808427	97809206	-	285	1	6.3
ENSG00000188641	CELL_TYPES_WANSLEEBEN_HOGAN_2013_MACROPHAGE_M1	Normal	12758	1	1	97738789	97739235	-	285	0	0.0
ENSG00000188641	CELL_TYPES_WANSLEEBEN_HOGAN_2013_MACROPHAGE_M1	Met	12588	1	1	97170740	97171197	-	81	0	0.0
ENSG00000188641	CELL_TYPES_WANSLEEBEN_HOGAN_2013_MACROPHAGE_M1	IVprimary	12649	1	1	97381174	97381542	-	94	1	4.9
ENSG00000188641	CELL_TYPES_WANSLEEBEN_HOGAN_2013_MACROPHAGE_M1	Normal	12776	1	1	97823152	97824427	-	285	5	20.2
ENSG00000188641	CELL_TYPES_WANSLEEBEN_HOGAN_2013_MACROPHAGE_M1	Met	12626	1	1	97285704	97286117	-	81	0	0.0
ENSG00000188641	CELL_TYPES_WANSLEEBEN_HOGAN_2013_MACROPHAGE_M1	Normal	12778	1	1	97826430	97828108	-	285	1	6.8
ENSG00000188641	CELL_TYPES_WANSLEEBEN_HOGAN_2013_MACROPHAGE_M1	Met	12627	1	1	97286483	97287361	-	81	0	0.0
ENSG00000188641	CELL_TYPES_WANSLEEBEN_HOGAN_2013_MACROPHAGE_M1	Normal	12779	1	1	97829840	97830188	-	285	0	0.0
ENSG00000188641	CELL_TYPES_WANSLEEBEN_HOGAN_2013_MACROPHAGE_M1	Normal	12793	1	1	97882244	97882795	-	285	7	31.4
ENSG00000188641	CELL_TYPES_WANSLEEBEN_HOGAN_2013_MACROPHAGE_M1	IVprimary	12680	1	1	97445823	97446216	-	94	6	24.3
ENSG00000188641	CELL_TYPES_WANSLEEBEN_HOGAN_2013_MACROPHAGE_M1	Normal	12566	1	1	97086207	97086745	-	285	0	0.0
ENSG00000188641	CELL_TYPES_WANSLEEBEN_HOGAN_2013_MACROPHAGE_M1	IVprimary	12681	1	1	97448699	97449251	-	94	0	0.0
ENSG00000188641	CELL_TYPES_WANSLEEBEN_HOGAN_2013_MACROPHAGE_M1	Met	12643	1	1	97356328	97356878	-	81	0	0.0
ENSG00000188641	CELL_TYPES_WANSLEEBEN_HOGAN_2013_MACROPHAGE_M1	Normal	12568	1	1	97089647	97090524	-	285	2	7.5
ENSG00000188641	CELL_TYPES_WANSLEEBEN_HOGAN_2013_MACROPHAGE_M1	Normal	12602	1	1	97202005	97202302	-	285	4	21.0
ENSG00000092820	CELL_TYPES_WANSLEEBEN_HOGAN_2013_MACROPHAGE_M1	IVprimary	249401	1	6	158788671	158790603	-	94	2	9.2
ENSG00000188641	CELL_TYPES_WANSLEEBEN_HOGAN_2013_MACROPHAGE_M1	Normal	12799	1	1	97899199	97899765	-	285	3	19.4
ENSG00000188641	CELL_TYPES_WANSLEEBEN_HOGAN_2013_MACROPHAGE_M1	IVprimary	12706	1	1	97547583	97547908	-	94	0	0.0
ENSG00000188641	CELL_TYPES_WANSLEEBEN_HOGAN_2013_MACROPHAGE_M1	Normal	12585	1	1	97164963	97165320	-	285	2	13.3
ENSG00000188641	CELL_TYPES_WANSLEEBEN_HOGAN_2013_MACROPHAGE_M1	Normal	12605	1	1	97224607	97225130	-	285	2	8.4
ENSG00000188641	CELL_TYPES_WANSLEEBEN_HOGAN_2013_MACROPHAGE_M1	Met	12649	1	1	97381174	97381542	-	81	0	0.0
ENSG00000188641	CELL_TYPES_WANSLEEBEN_HOGAN_2013_MACROPHAGE_M1	Normal	12606	1	1	97225581	97226111	-	285	27	95.8
ENSG00000092820	CELL_TYPES_WANSLEEBEN_HOGAN_2013_MACROPHAGE_M1	IVprimary	249385	1	6	158770712	158772080	-	94	0	0.0
ENSG00000188641	CELL_TYPES_WANSLEEBEN_HOGAN_2013_MACROPHAGE_M1	Normal	12588	1	1	97170740	97171197	-	285	9	25.4
ENSG00000188641	CELL_TYPES_WANSLEEBEN_HOGAN_2013_MACROPHAGE_M1	IVprimary	12724	1	1	97618415	97618937	-	94	0	0.0
ENSG00000092820	CELL_TYPES_WANSLEEBEN_HOGAN_2013_MACROPHAGE_M1	IVprimary	249421	1	6	158814458	158818266	-	94	0	0.0
ENSG00000188641	CELL_TYPES_WANSLEEBEN_HOGAN_2013_MACROPHAGE_M1	Met	12680	1	1	97445823	97446216	-	81	0	0.0
ENSG00000092820	CELL_TYPES_WANSLEEBEN_HOGAN_2013_MACROPHAGE_M1	IVprimary	249409	1	6	158797853	158801612	-	94	6	20.6
ENSG00000188641	CELL_TYPES_WANSLEEBEN_HOGAN_2013_MACROPHAGE_M1	Met	12681	1	1	97448699	97449251	-	81	0	0.0
ENSG00000188641	CELL_TYPES_WANSLEEBEN_HOGAN_2013_MACROPHAGE_M1	Normal	12626	1	1	97285704	97286117	-	285	1	5.1
ENSG00000188641	CELL_TYPES_WANSLEEBEN_HOGAN_2013_MACROPHAGE_M1	Normal	12627	1	1	97286483	97287361	-	285	0	0.0
ENSG00000188641	CELL_TYPES_WANSLEEBEN_HOGAN_2013_MACROPHAGE_M1	Met	12706	1	1	97547583	97547908	-	81	0	0.0
ENSG00000188641	CELL_TYPES_WANSLEEBEN_HOGAN_2013_MACROPHAGE_M1	Normal	12643	1	1	97356328	97356878	-	285	0	0.0
ENSG00000188641	CELL_TYPES_WANSLEEBEN_HOGAN_2013_MACROPHAGE_M1	IVprimary	12746	1	1	97708893	97709759	-	94	0	0.0
ENSG00000188641	CELL_TYPES_WANSLEEBEN_HOGAN_2013_MACROPHAGE_M1	IVprimary	12761	1	1	97763485	97764057	-	94	0	0.0
ENSG00000188641	CELL_TYPES_WANSLEEBEN_HOGAN_2013_MACROPHAGE_M1	IVprimary	12748	1	1	97711899	97712915	-	94	0	0.0
ENSG00000188641	CELL_TYPES_WANSLEEBEN_HOGAN_2013_MACROPHAGE_M1	Met	12724	1	1	97618415	97618937	-	81	0	0.0
ENSG00000188641	CELL_TYPES_WANSLEEBEN_HOGAN_2013_MACROPHAGE_M1	IVprimary	12763	1	1	97776011	97776514	-	94	0	0.0
ENSG00000188641	CELL_TYPES_WANSLEEBEN_HOGAN_2013_MACROPHAGE_M1	Normal	12649	1	1	97381174	97381542	-	285	0	0.0
ENSG00000188641	CELL_TYPES_WANSLEEBEN_HOGAN_2013_MACROPHAGE_M1	IVprimary	12766	1	1	97792345	97792757	-	94	0	0.0
ENSG00000188641	CELL_TYPES_WANSLEEBEN_HOGAN_2013_MACROPHAGE_M1	IVprimary	12800	1	1	97907849	97908610	-	94	0	0.0
ENSG00000188641	CELL_TYPES_WANSLEEBEN_HOGAN_2013_MACROPHAGE_M1	IVprimary	12767	1	1	97797542	97797834	-	94	0	0.0
ENSG00000188641	CELL_TYPES_WANSLEEBEN_HOGAN_2013_MACROPHAGE_M1	IVprimary	12781	1	1	97849598	97849893	-	94	0	0.0
ENSG00000188641	CELL_TYPES_WANSLEEBEN_HOGAN_2013_MACROPHAGE_M1	IVprimary	12768	1	1	97800255	97801101	-	94	0	0.0
ENSG00000188641	CELL_TYPES_WANSLEEBEN_HOGAN_2013_MACROPHAGE_M1	Normal	12680	1	1	97445823	97446216	-	285	0	0.0
ENSG00000092820	CELL_TYPES_WANSLEEBEN_HOGAN_2013_MACROPHAGE_M1	Normal	249401	1	6	158788671	158790603	-	285	5	25.9
ENSG00000188641	CELL_TYPES_WANSLEEBEN_HOGAN_2013_MACROPHAGE_M1	Normal	12681	1	1	97448699	97449251	-	285	17	57.3
ENSG00000188641	CELL_TYPES_WANSLEEBEN_HOGAN_2013_MACROPHAGE_M1	IVprimary	12783	1	1	97854352	97854586	-	94	0	0.0
ENSG00000188641	CELL_TYPES_WANSLEEBEN_HOGAN_2013_MACROPHAGE_M1	Met	12746	1	1	97708893	97709759	-	81	0	0.0
ENSG00000188641	CELL_TYPES_WANSLEEBEN_HOGAN_2013_MACROPHAGE_M1	IVprimary	12571	1	1	97097421	97097688	-	94	0	0.0
ENSG00000092820	CELL_TYPES_WANSLEEBEN_HOGAN_2013_MACROPHAGE_M1	Normal	249385	1	6	158770712	158772080	-	285	4	21.4
ENSG00000188641	CELL_TYPES_WANSLEEBEN_HOGAN_2013_MACROPHAGE_M1	Met	12761	1	1	97763485	97764057	-	81	0	0.0
ENSG00000188641	CELL_TYPES_WANSLEEBEN_HOGAN_2013_MACROPHAGE_M1	Met	12748	1	1	97711899	97712915	-	81	0	0.0
ENSG00000188641	CELL_TYPES_WANSLEEBEN_HOGAN_2013_MACROPHAGE_M1	Normal	12706	1	1	97547583	97547908	-	285	1	3.8
ENSG00000188641	CELL_TYPES_WANSLEEBEN_HOGAN_2013_MACROPHAGE_M1	IVprimary	12788	1	1	97873090	97873232	-	94	0	0.0
ENSG00000188641	CELL_TYPES_WANSLEEBEN_HOGAN_2013_MACROPHAGE_M1	Met	12763	1	1	97776011	97776514	-	81	0	0.0
ENSG00000092820	CELL_TYPES_WANSLEEBEN_HOGAN_2013_MACROPHAGE_M1	Normal	249421	1	6	158814458	158818266	-	285	19	76.4
ENSG00000092820	CELL_TYPES_WANSLEEBEN_HOGAN_2013_MACROPHAGE_M1	Met	249401	1	6	158788671	158790603	-	81	0	0.0
ENSG00000092820	CELL_TYPES_WANSLEEBEN_HOGAN_2013_MACROPHAGE_M1	Normal	249409	1	6	158797853	158801612	-	285	2	12.4
ENSG00000188641	CELL_TYPES_WANSLEEBEN_HOGAN_2013_MACROPHAGE_M1	Met	12766	1	1	97792345	97792757	-	81	0	0.0
ENSG00000188641	CELL_TYPES_WANSLEEBEN_HOGAN_2013_MACROPHAGE_M1	Met	12800	1	1	97907849	97908610	-	81	0	0.0
ENSG00000188641	CELL_TYPES_WANSLEEBEN_HOGAN_2013_MACROPHAGE_M1	Met	12767	1	1	97797542	97797834	-	81	0	0.0
ENSG00000188641	CELL_TYPES_WANSLEEBEN_HOGAN_2013_MACROPHAGE_M1	Normal	12724	1	1	97618415	97618937	-	285	1	4.5
ENSG00000188641	CELL_TYPES_WANSLEEBEN_HOGAN_2013_MACROPHAGE_M1	IVprimary	12591	1	1	97180194	97180488	-	94	0	0.0
ENSG00000188641	CELL_TYPES_WANSLEEBEN_HOGAN_2013_MACROPHAGE_M1	IVprimary	12578	1	1	97130731	97131216	-	94	0	0.0
ENSG00000092820	CELL_TYPES_WANSLEEBEN_HOGAN_2013_MACROPHAGE_M1	Met	249385	1	6	158770712	158772080	-	81	0	0.0
ENSG00000188641	CELL_TYPES_WANSLEEBEN_HOGAN_2013_MACROPHAGE_M1	Met	12781	1	1	97849598	97849893	-	81	0	0.0
ENSG00000188641	CELL_TYPES_WANSLEEBEN_HOGAN_2013_MACROPHAGE_M1	Met	12768	1	1	97800255	97801101	-	81	0	0.0
ENSG00000188641	CELL_TYPES_WANSLEEBEN_HOGAN_2013_MACROPHAGE_M1	IVprimary	12579	1	1	97133097	97133761	-	94	0	0.0
ENSG00000188641	CELL_TYPES_WANSLEEBEN_HOGAN_2013_MACROPHAGE_M1	Met	12783	1	1	97854352	97854586	-	81	0	0.0
ENSG00000092820	CELL_TYPES_WANSLEEBEN_HOGAN_2013_MACROPHAGE_M1	Met	249421	1	6	158814458	158818266	-	81	0	0.0
ENSG00000092820	CELL_TYPES_WANSLEEBEN_HOGAN_2013_MACROPHAGE_M1	Met	249409	1	6	158797853	158801612	-	81	0	0.0
ENSG00000188641	CELL_TYPES_WANSLEEBEN_HOGAN_2013_MACROPHAGE_M1	Met	12571	1	1	97097421	97097688	-	81	0	0.0
ENSG00000188641	CELL_TYPES_WANSLEEBEN_HOGAN_2013_MACROPHAGE_M1	IVprimary	12596	1	1	97187222	97188304	-	94	0	0.0
ENSG00000188641	CELL_TYPES_WANSLEEBEN_HOGAN_2013_MACROPHAGE_M1	IVprimary	12617	1	1	97264168	97264734	-	94	0	0.0
ENSG00000188641	CELL_TYPES_WANSLEEBEN_HOGAN_2013_MACROPHAGE_M1	Met	12788	1	1	97873090	97873232	-	81	0	0.0
ENSG00000188641	CELL_TYPES_WANSLEEBEN_HOGAN_2013_MACROPHAGE_M1	IVprimary	12632	1	1	97314551	97314906	-	94	1	6.2
ENSG00000188641	CELL_TYPES_WANSLEEBEN_HOGAN_2013_MACROPHAGE_M1	Normal	12746	1	1	97708893	97709759	-	285	1	3.9
ENSG00000188641	CELL_TYPES_WANSLEEBEN_HOGAN_2013_MACROPHAGE_M1	Normal	12761	1	1	97763485	97764057	-	285	0	0.0
ENSG00000188641	CELL_TYPES_WANSLEEBEN_HOGAN_2013_MACROPHAGE_M1	Normal	12748	1	1	97711899	97712915	-	285	1	6.8
ENSG00000188641	CELL_TYPES_WANSLEEBEN_HOGAN_2013_MACROPHAGE_M1	IVprimary	12635	1	1	97333155	97333948	-	94	0	0.0
ENSG00000188641	CELL_TYPES_WANSLEEBEN_HOGAN_2013_MACROPHAGE_M1	Met	12578	1	1	97130731	97131216	-	81	0	0.0
ENSG00000188641	CELL_TYPES_WANSLEEBEN_HOGAN_2013_MACROPHAGE_M1	Met	12591	1	1	97180194	97180488	-	81	0	0.0
ENSG00000188641	CELL_TYPES_WANSLEEBEN_HOGAN_2013_MACROPHAGE_M1	Normal	12763	1	1	97776011	97776514	-	285	0	0.0
ENSG00000188641	CELL_TYPES_WANSLEEBEN_HOGAN_2013_MACROPHAGE_M1	Met	12579	1	1	97133097	97133761	-	81	0	0.0
ENSG00000188641	CELL_TYPES_WANSLEEBEN_HOGAN_2013_MACROPHAGE_M1	IVprimary	12638	1	1	97346100	97346845	-	94	6	20.4
ENSG00000188641	CELL_TYPES_WANSLEEBEN_HOGAN_2013_MACROPHAGE_M2	Normal	12766	1	1	97792345	97792757	-	774	10	39.7
ENSG00000188641	CELL_TYPES_WANSLEEBEN_HOGAN_2013_MACROPHAGE_M2	Normal	12800	1	1	97907849	97908610	-	774	148	290.1
ENSG00000188641	CELL_TYPES_WANSLEEBEN_HOGAN_2013_MACROPHAGE_M2	Normal	12767	1	1	97797542	97797834	-	774	4	18.8
ENSG00000188641	CELL_TYPES_WANSLEEBEN_HOGAN_2013_MACROPHAGE_M2	IVprimary	12654	1	1	97390771	97391562	-	295	21	77.0
ENSG00000188641	CELL_TYPES_WANSLEEBEN_HOGAN_2013_MACROPHAGE_M2	Met	12596	1	1	97187222	97188304	-	366	0	0.0
ENSG00000188641	CELL_TYPES_WANSLEEBEN_HOGAN_2013_MACROPHAGE_M2	Normal	12781	1	1	97849598	97849893	-	774	8	34.1
ENSG00000188641	CELL_TYPES_WANSLEEBEN_HOGAN_2013_MACROPHAGE_M2	Normal	12768	1	1	97800255	97801101	-	774	6	27.1
ENSG00000188641	CELL_TYPES_WANSLEEBEN_HOGAN_2013_MACROPHAGE_M2	IVprimary	12655	1	1	97392446	97392881	-	295	0	0.0
ENSG00000188641	CELL_TYPES_WANSLEEBEN_HOGAN_2013_MACROPHAGE_M2	Met	12617	1	1	97264168	97264734	-	366	2	4.4
ENSG00000188641	CELL_TYPES_WANSLEEBEN_HOGAN_2013_MACROPHAGE_M2	StageI	12591	1	1	97180194	97180488	-	803	2	12.6
ENSG00000188641	CELL_TYPES_WANSLEEBEN_HOGAN_2013_MACROPHAGE_M2	StageI	12578	1	1	97130731	97131216	-	803	11	32.5
ENSG00000188641	CELL_TYPES_WANSLEEBEN_HOGAN_2013_MACROPHAGE_M2	StageI	12579	1	1	97133097	97133761	-	803	0	0.0
ENSG00000188641	CELL_TYPES_WANSLEEBEN_HOGAN_2013_MACROPHAGE_M2	Normal	12783	1	1	97854352	97854586	-	774	10	38.7
ENSG00000188641	CELL_TYPES_WANSLEEBEN_HOGAN_2013_MACROPHAGE_M2	IVprimary	12670	1	1	97429534	97429824	-	295	0	0.0
ENSG00000188641	CELL_TYPES_WANSLEEBEN_HOGAN_2013_MACROPHAGE_M2	Met	12632	1	1	97314551	97314906	-	366	4	20.5
ENSG00000188641	CELL_TYPES_WANSLEEBEN_HOGAN_2013_MACROPHAGE_M2	IVprimary	12672	1	1	97432354	97432942	-	295	0	0.0
ENSG00000188641	CELL_TYPES_WANSLEEBEN_HOGAN_2013_MACROPHAGE_M2	IVprimary	12659	1	1	97400568	97402062	-	295	0	0.0
ENSG00000188641	CELL_TYPES_WANSLEEBEN_HOGAN_2013_MACROPHAGE_M2	Normal	12571	1	1	97097421	97097688	-	774	75	182.0
ENSG00000188641	CELL_TYPES_WANSLEEBEN_HOGAN_2013_MACROPHAGE_M2	Met	12635	1	1	97333155	97333948	-	366	0	0.0
ENSG00000188641	CELL_TYPES_WANSLEEBEN_HOGAN_2013_MACROPHAGE_M2	StageI	12596	1	1	97187222	97188304	-	803	0	0.0
ENSG00000188641	CELL_TYPES_WANSLEEBEN_HOGAN_2013_MACROPHAGE_M2	StageI	12617	1	1	97264168	97264734	-	803	5	26.4
ENSG00000188641	CELL_TYPES_WANSLEEBEN_HOGAN_2013_MACROPHAGE_M2	Normal	12788	1	1	97873090	97873232	-	774	1	5.6
ENSG00000188641	CELL_TYPES_WANSLEEBEN_HOGAN_2013_MACROPHAGE_M2	Met	12638	1	1	97346100	97346845	-	366	0	0.0
ENSG00000188641	CELL_TYPES_WANSLEEBEN_HOGAN_2013_MACROPHAGE_M2	StageI	12632	1	1	97314551	97314906	-	803	3	16.0
ENSG00000188641	CELL_TYPES_WANSLEEBEN_HOGAN_2013_MACROPHAGE_M2	IVprimary	12710	1	1	97557226	97557683	-	295	1	4.6
ENSG00000188641	CELL_TYPES_WANSLEEBEN_HOGAN_2013_MACROPHAGE_M2	IVprimary	12690	1	1	97484548	97485981	-	295	0	0.0
ENSG00000188641	CELL_TYPES_WANSLEEBEN_HOGAN_2013_MACROPHAGE_M2	IVprimary	12677	1	1	97440492	97441735	-	295	0	0.0
ENSG00000188641	CELL_TYPES_WANSLEEBEN_HOGAN_2013_MACROPHAGE_M2	IVprimary	12711	1	1	97559609	97560022	-	295	0	0.0
ENSG00000188641	CELL_TYPES_WANSLEEBEN_HOGAN_2013_MACROPHAGE_M2	IVprimary	12692	1	1	97502158	97502737	-	295	0	0.0
ENSG00000188641	CELL_TYPES_WANSLEEBEN_HOGAN_2013_MACROPHAGE_M2	Met	12654	1	1	97390771	97391562	-	366	6	14.8
ENSG00000188641	CELL_TYPES_WANSLEEBEN_HOGAN_2013_MACROPHAGE_M2	StageI	12635	1	1	97333155	97333948	-	803	0	0.0
ENSG00000188641	CELL_TYPES_WANSLEEBEN_HOGAN_2013_MACROPHAGE_M2	Normal	12578	1	1	97130731	97131216	-	774	0	0.0
ENSG00000188641	CELL_TYPES_WANSLEEBEN_HOGAN_2013_MACROPHAGE_M2	Normal	12591	1	1	97180194	97180488	-	774	10	38.3
ENSG00000188641	CELL_TYPES_WANSLEEBEN_HOGAN_2013_MACROPHAGE_M2	Met	12655	1	1	97392446	97392881	-	366	13	64.3
ENSG00000188641	CELL_TYPES_WANSLEEBEN_HOGAN_2013_MACROPHAGE_M2	Normal	12579	1	1	97133097	97133761	-	774	0	0.0
ENSG00000188641	CELL_TYPES_WANSLEEBEN_HOGAN_2013_MACROPHAGE_M2	IVprimary	12694	1	1	97524770	97525078	-	295	217	552.2
ENSG00000188641	CELL_TYPES_WANSLEEBEN_HOGAN_2013_MACROPHAGE_M2	Met	12670	1	1	97429534	97429824	-	366	0	0.0
ENSG00000188641	CELL_TYPES_WANSLEEBEN_HOGAN_2013_MACROPHAGE_M2	StageI	12638	1	1	97346100	97346845	-	803	1	4.8
ENSG00000188641	CELL_TYPES_WANSLEEBEN_HOGAN_2013_MACROPHAGE_M2	IVprimary	12730	1	1	97645490	97645872	-	295	0	0.0
ENSG00000188641	CELL_TYPES_WANSLEEBEN_HOGAN_2013_MACROPHAGE_M2	Met	12672	1	1	97432354	97432942	-	366	0	0.0
ENSG00000188641	CELL_TYPES_WANSLEEBEN_HOGAN_2013_MACROPHAGE_M2	Met	12659	1	1	97400568	97402062	-	366	0	0.0
ENSG00000188641	CELL_TYPES_WANSLEEBEN_HOGAN_2013_MACROPHAGE_M2	Normal	12596	1	1	97187222	97188304	-	774	5	22.3
ENSG00000188641	CELL_TYPES_WANSLEEBEN_HOGAN_2013_MACROPHAGE_M2	IVprimary	12731	1	1	97646370	97647021	-	295	0	0.0
ENSG00000188641	CELL_TYPES_WANSLEEBEN_HOGAN_2013_MACROPHAGE_M2	StageI	12654	1	1	97390771	97391562	-	803	32	102.4
ENSG00000188641	CELL_TYPES_WANSLEEBEN_HOGAN_2013_MACROPHAGE_M2	Normal	12617	1	1	97264168	97264734	-	774	2	10.8
ENSG00000092820	CELL_TYPES_WANSLEEBEN_HOGAN_2013_MACROPHAGE_M2	IVprimary	249395	1	6	158783099	158784177	-	295	0	0.0
ENSG00000188641	CELL_TYPES_WANSLEEBEN_HOGAN_2013_MACROPHAGE_M2	StageI	12655	1	1	97392446	97392881	-	803	100	262.6
ENSG00000188641	CELL_TYPES_WANSLEEBEN_HOGAN_2013_MACROPHAGE_M2	Normal	12632	1	1	97314551	97314906	-	774	23	76.1
ENSG00000188641	CELL_TYPES_WANSLEEBEN_HOGAN_2013_MACROPHAGE_M2	StageI	12670	1	1	97429534	97429824	-	803	0	0.0
ENSG00000188641	CELL_TYPES_WANSLEEBEN_HOGAN_2013_MACROPHAGE_M2	IVprimary	12735	1	1	97665486	97666723	-	295	0	0.0
ENSG00000188641	CELL_TYPES_WANSLEEBEN_HOGAN_2013_MACROPHAGE_M2	Met	12710	1	1	97557226	97557683	-	366	2	10.5
ENSG00000188641	CELL_TYPES_WANSLEEBEN_HOGAN_2013_MACROPHAGE_M2	Met	12690	1	1	97484548	97485981	-	366	0	0.0
ENSG00000188641	CELL_TYPES_WANSLEEBEN_HOGAN_2013_MACROPHAGE_M2	Met	12677	1	1	97440492	97441735	-	366	0	0.0
ENSG00000092820	CELL_TYPES_WANSLEEBEN_HOGAN_2013_MACROPHAGE_M2	IVprimary	249399	1	6	158786699	158787570	-	295	0	0.0
ENSG00000188641	CELL_TYPES_WANSLEEBEN_HOGAN_2013_MACROPHAGE_M2	IVprimary	12736	1	1	97671696	97672517	-	295	0	0.0
ENSG00000188641	CELL_TYPES_WANSLEEBEN_HOGAN_2013_MACROPHAGE_M2	Met	12711	1	1	97559609	97560022	-	366	0	0.0
ENSG00000188641	CELL_TYPES_WANSLEEBEN_HOGAN_2013_MACROPHAGE_M2	StageI	12672	1	1	97432354	97432942	-	803	0	0.0
ENSG00000188641	CELL_TYPES_WANSLEEBEN_HOGAN_2013_MACROPHAGE_M2	StageI	12659	1	1	97400568	97402062	-	803	12	64.4
ENSG00000188641	CELL_TYPES_WANSLEEBEN_HOGAN_2013_MACROPHAGE_M2	Normal	12635	1	1	97333155	97333948	-	774	0	0.0
ENSG00000188641	CELL_TYPES_WANSLEEBEN_HOGAN_2013_MACROPHAGE_M2	IVprimary	12750	1	1	97714361	97714639	-	295	4	7.9
ENSG00000188641	CELL_TYPES_WANSLEEBEN_HOGAN_2013_MACROPHAGE_M2	Met	12692	1	1	97502158	97502737	-	366	0	0.0
ENSG00000092820	CELL_TYPES_WANSLEEBEN_HOGAN_2013_MACROPHAGE_M2	StageI	249401	1	6	158788671	158790603	-	803	5	26.9
ENSG00000188641	CELL_TYPES_WANSLEEBEN_HOGAN_2013_MACROPHAGE_M2	Met	12694	1	1	97524770	97525078	-	366	0	0.0
ENSG00000188641	CELL_TYPES_WANSLEEBEN_HOGAN_2013_MACROPHAGE_M2	Normal	12638	1	1	97346100	97346845	-	774	120	281.9
ENSG00000188641	CELL_TYPES_WANSLEEBEN_HOGAN_2013_MACROPHAGE_M2	IVprimary	12753	1	1	97717950	97718705	-	295	0	0.0
ENSG00000188641	CELL_TYPES_WANSLEEBEN_HOGAN_2013_MACROPHAGE_M2	StageI	12710	1	1	97557226	97557683	-	803	41	155.8
ENSG00000188641	CELL_TYPES_WANSLEEBEN_HOGAN_2013_MACROPHAGE_M2	StageI	12690	1	1	97484548	97485981	-	803	18	68.9
ENSG00000188641	CELL_TYPES_WANSLEEBEN_HOGAN_2013_MACROPHAGE_M2	StageI	12677	1	1	97440492	97441735	-	803	4	15.4
ENSG00000188641	CELL_TYPES_WANSLEEBEN_HOGAN_2013_MACROPHAGE_M2	IVprimary	12755	1	1	97719620	97720226	-	295	0	0.0
ENSG00000188641	CELL_TYPES_WANSLEEBEN_HOGAN_2013_MACROPHAGE_M2	Met	12730	1	1	97645490	97645872	-	366	5	25.8
ENSG00000188641	CELL_TYPES_WANSLEEBEN_HOGAN_2013_MACROPHAGE_M2	StageI	12711	1	1	97559609	97560022	-	803	0	0.0
ENSG00000188641	CELL_TYPES_WANSLEEBEN_HOGAN_2013_MACROPHAGE_M2	Normal	12654	1	1	97390771	97391562	-	774	1	4.2
ENSG00000092820	CELL_TYPES_WANSLEEBEN_HOGAN_2013_MACROPHAGE_M2	StageI	249385	1	6	158770712	158772080	-	803	3	16.2
ENSG00000188641	CELL_TYPES_WANSLEEBEN_HOGAN_2013_MACROPHAGE_M2	IVprimary	12756	1	1	97730849	97732054	-	295	0	0.0
ENSG00000188641	CELL_TYPES_WANSLEEBEN_HOGAN_2013_MACROPHAGE_M2	Met	12731	1	1	97646370	97647021	-	366	1	5.2
ENSG00000188641	CELL_TYPES_WANSLEEBEN_HOGAN_2013_MACROPHAGE_M2	StageI	12692	1	1	97502158	97502737	-	803	0	0.0
ENSG00000188641	CELL_TYPES_WANSLEEBEN_HOGAN_2013_MACROPHAGE_M2	Normal	12655	1	1	97392446	97392881	-	774	6	22.6
ENSG00000188641	CELL_TYPES_WANSLEEBEN_HOGAN_2013_MACROPHAGE_M2	IVprimary	12771	1	1	97808427	97809206	-	295	0	0.0
ENSG00000188641	CELL_TYPES_WANSLEEBEN_HOGAN_2013_MACROPHAGE_M2	IVprimary	12758	1	1	97738789	97739235	-	295	0	0.0
ENSG00000188641	CELL_TYPES_WANSLEEBEN_HOGAN_2013_MACROPHAGE_M2	StageI	12694	1	1	97524770	97525078	-	803	0	0.0
ENSG00000188641	CELL_TYPES_WANSLEEBEN_HOGAN_2013_MACROPHAGE_M2	Normal	12670	1	1	97429534	97429824	-	774	4	21.2
ENSG00000092820	CELL_TYPES_WANSLEEBEN_HOGAN_2013_MACROPHAGE_M2	StageI	249421	1	6	158814458	158818266	-	803	0	0.0
ENSG00000092820	CELL_TYPES_WANSLEEBEN_HOGAN_2013_MACROPHAGE_M2	StageI	249409	1	6	158797853	158801612	-	803	24	87.1
ENSG00000188641	CELL_TYPES_WANSLEEBEN_HOGAN_2013_MACROPHAGE_M2	Met	12735	1	1	97665486	97666723	-	366	0	0.0
ENSG00000188641	CELL_TYPES_WANSLEEBEN_HOGAN_2013_MACROPHAGE_M2	Normal	12672	1	1	97432354	97432942	-	774	12	47.9
ENSG00000188641	CELL_TYPES_WANSLEEBEN_HOGAN_2013_MACROPHAGE_M2	Normal	12659	1	1	97400568	97402062	-	774	1	5.4
ENSG00000188641	CELL_TYPES_WANSLEEBEN_HOGAN_2013_MACROPHAGE_M2	Met	12736	1	1	97671696	97672517	-	366	0	0.0
ENSG00000188641	CELL_TYPES_WANSLEEBEN_HOGAN_2013_MACROPHAGE_M2	StageI	12730	1	1	97645490	97645872	-	803	2	10.3
ENSG00000188641	CELL_TYPES_WANSLEEBEN_HOGAN_2013_MACROPHAGE_M2	Met	12750	1	1	97714361	97714639	-	366	0	0.0
ENSG00000188641	CELL_TYPES_WANSLEEBEN_HOGAN_2013_MACROPHAGE_M2	StageI	12731	1	1	97646370	97647021	-	803	22	98.1
ENSG00000188641	CELL_TYPES_WANSLEEBEN_HOGAN_2013_MACROPHAGE_M2	IVprimary	12776	1	1	97823152	97824427	-	295	0	0.0
ENSG00000188641	CELL_TYPES_WANSLEEBEN_HOGAN_2013_MACROPHAGE_M2	IVprimary	12778	1	1	97826430	97828108	-	295	0	0.0
ENSG00000188641	CELL_TYPES_WANSLEEBEN_HOGAN_2013_MACROPHAGE_M2	Met	12753	1	1	97717950	97718705	-	366	0	0.0
ENSG00000188641	CELL_TYPES_WANSLEEBEN_HOGAN_2013_MACROPHAGE_M2	Normal	12710	1	1	97557226	97557683	-	774	235	1001.8
ENSG00000188641	CELL_TYPES_WANSLEEBEN_HOGAN_2013_MACROPHAGE_M2	Normal	12690	1	1	97484548	97485981	-	774	10	33.1
ENSG00000188641	CELL_TYPES_WANSLEEBEN_HOGAN_2013_MACROPHAGE_M2	Normal	12677	1	1	97440492	97441735	-	774	229	1031.5
ENSG00000188641	CELL_TYPES_WANSLEEBEN_HOGAN_2013_MACROPHAGE_M2	IVprimary	12779	1	1	97829840	97830188	-	295	0	0.0
ENSG00000188641	CELL_TYPES_WANSLEEBEN_HOGAN_2013_MACROPHAGE_M2	StageI	12735	1	1	97665486	97666723	-	803	0	0.0
ENSG00000188641	CELL_TYPES_WANSLEEBEN_HOGAN_2013_MACROPHAGE_M2	Normal	12711	1	1	97559609	97560022	-	774	14	41.6
ENSG00000188641	CELL_TYPES_WANSLEEBEN_HOGAN_2013_MACROPHAGE_M2	IVprimary	12793	1	1	97882244	97882795	-	295	45	96.2
ENSG00000188641	CELL_TYPES_WANSLEEBEN_HOGAN_2013_MACROPHAGE_M2	Met	12755	1	1	97719620	97720226	-	366	14	48.3
ENSG00000188641	CELL_TYPES_WANSLEEBEN_HOGAN_2013_MACROPHAGE_M2	StageI	12736	1	1	97671696	97672517	-	803	1	3.8
ENSG00000188641	CELL_TYPES_WANSLEEBEN_HOGAN_2013_MACROPHAGE_M2	Normal	12692	1	1	97502158	97502737	-	774	18	66.7
ENSG00000188641	CELL_TYPES_WANSLEEBEN_HOGAN_2013_MACROPHAGE_M2	IVprimary	12566	1	1	97086207	97086745	-	295	20	74.0
ENSG00000188641	CELL_TYPES_WANSLEEBEN_HOGAN_2013_MACROPHAGE_M2	Met	12756	1	1	97730849	97732054	-	366	0	0.0
ENSG00000188641	CELL_TYPES_WANSLEEBEN_HOGAN_2013_MACROPHAGE_M2	StageI	12750	1	1	97714361	97714639	-	803	0	0.0
ENSG00000188641	CELL_TYPES_WANSLEEBEN_HOGAN_2013_MACROPHAGE_M2	Normal	12694	1	1	97524770	97525078	-	774	28	97.3
ENSG00000188641	CELL_TYPES_WANSLEEBEN_HOGAN_2013_MACROPHAGE_M2	IVprimary	12568	1	1	97089647	97090524	-	295	0	0.0
ENSG00000092820	CELL_TYPES_WANSLEEBEN_HOGAN_2013_MACROPHAGE_M2	Normal	249395	1	6	158783099	158784177	-	774	14	66.6
ENSG00000188641	CELL_TYPES_WANSLEEBEN_HOGAN_2013_MACROPHAGE_M2	Met	12771	1	1	97808427	97809206	-	366	8	36.3
ENSG00000188641	CELL_TYPES_WANSLEEBEN_HOGAN_2013_MACROPHAGE_M2	Met	12758	1	1	97738789	97739235	-	366	0	0.0
ENSG00000188641	CELL_TYPES_WANSLEEBEN_HOGAN_2013_MACROPHAGE_M2	IVprimary	12602	1	1	97202005	97202302	-	295	2	12.0
ENSG00000188641	CELL_TYPES_WANSLEEBEN_HOGAN_2013_MACROPHAGE_M2	StageI	12753	1	1	97717950	97718705	-	803	0	0.0
ENSG00000188641	CELL_TYPES_WANSLEEBEN_HOGAN_2013_MACROPHAGE_M2	Normal	12730	1	1	97645490	97645872	-	774	6	24.9
ENSG00000188641	CELL_TYPES_WANSLEEBEN_HOGAN_2013_MACROPHAGE_M2	IVprimary	12799	1	1	97899199	97899765	-	295	0	0.0
ENSG00000188641	CELL_TYPES_WANSLEEBEN_HOGAN_2013_MACROPHAGE_M2	StageI	12755	1	1	97719620	97720226	-	803	0	0.0
ENSG00000188641	CELL_TYPES_WANSLEEBEN_HOGAN_2013_MACROPHAGE_M2	Normal	12731	1	1	97646370	97647021	-	774	6	24.6
ENSG00000188641	CELL_TYPES_WANSLEEBEN_HOGAN_2013_MACROPHAGE_M2	IVprimary	12605	1	1	97224607	97225130	-	295	0	0.0
ENSG00000188641	CELL_TYPES_WANSLEEBEN_HOGAN_2013_MACROPHAGE_M2	IVprimary	12585	1	1	97164963	97165320	-	295	0	0.0
ENSG00000092820	CELL_TYPES_WANSLEEBEN_HOGAN_2013_MACROPHAGE_M2	Normal	249399	1	6	158786699	158787570	-	774	12	63.1
ENSG00000188641	CELL_TYPES_WANSLEEBEN_HOGAN_2013_MACROPHAGE_M2	StageI	12756	1	1	97730849	97732054	-	803	59	210.6
ENSG00000188641	CELL_TYPES_WANSLEEBEN_HOGAN_2013_MACROPHAGE_M2	IVprimary	12606	1	1	97225581	97226111	-	295	2	13.0
ENSG00000188641	CELL_TYPES_WANSLEEBEN_HOGAN_2013_MACROPHAGE_M2	Met	12776	1	1	97823152	97824427	-	366	0	0.0
ENSG00000188641	CELL_TYPES_WANSLEEBEN_HOGAN_2013_MACROPHAGE_M2	StageI	12771	1	1	97808427	97809206	-	803	1	4.9
ENSG00000188641	CELL_TYPES_WANSLEEBEN_HOGAN_2013_MACROPHAGE_M2	StageI	12758	1	1	97738789	97739235	-	803	1	4.0
ENSG00000188641	CELL_TYPES_WANSLEEBEN_HOGAN_2013_MACROPHAGE_M2	IVprimary	12588	1	1	97170740	97171197	-	295	0	0.0
ENSG00000092820	CELL_TYPES_WANSLEEBEN_HOGAN_2013_MACROPHAGE_M2	Met	249395	1	6	158783099	158784177	-	366	31	168.6
ENSG00000188641	CELL_TYPES_WANSLEEBEN_HOGAN_2013_MACROPHAGE_M2	Met	12778	1	1	97826430	97828108	-	366	2	5.8
ENSG00000188641	CELL_TYPES_WANSLEEBEN_HOGAN_2013_MACROPHAGE_M2	Normal	12735	1	1	97665486	97666723	-	774	39	152.3
ENSG00000188641	CELL_TYPES_WANSLEEBEN_HOGAN_2013_MACROPHAGE_M2	Met	12779	1	1	97829840	97830188	-	366	0	0.0
ENSG00000188641	CELL_TYPES_WANSLEEBEN_HOGAN_2013_MACROPHAGE_M2	Normal	12736	1	1	97671696	97672517	-	774	116	153.5
ENSG00000188641	CELL_TYPES_WANSLEEBEN_HOGAN_2013_MACROPHAGE_M2	Met	12793	1	1	97882244	97882795	-	366	18	59.3
ENSG00000188641	CELL_TYPES_WANSLEEBEN_HOGAN_2013_MACROPHAGE_M2	Normal	12750	1	1	97714361	97714639	-	774	13	47.0
ENSG00000188641	CELL_TYPES_WANSLEEBEN_HOGAN_2013_MACROPHAGE_M2	Met	12566	1	1	97086207	97086745	-	366	0	0.0
ENSG00000092820	CELL_TYPES_WANSLEEBEN_HOGAN_2013_MACROPHAGE_M2	Met	249399	1	6	158786699	158787570	-	366	0	0.0
ENSG00000188641	CELL_TYPES_WANSLEEBEN_HOGAN_2013_MACROPHAGE_M2	StageI	12776	1	1	97823152	97824427	-	803	0	0.0
ENSG00000188641	CELL_TYPES_WANSLEEBEN_HOGAN_2013_MACROPHAGE_M2	IVprimary	12626	1	1	97285704	97286117	-	295	3	14.6
ENSG00000188641	CELL_TYPES_WANSLEEBEN_HOGAN_2013_MACROPHAGE_M2	Met	12568	1	1	97089647	97090524	-	366	0	0.0
ENSG00000188641	CELL_TYPES_WANSLEEBEN_HOGAN_2013_MACROPHAGE_M2	Normal	12753	1	1	97717950	97718705	-	774	48	104.8
ENSG00000188641	CELL_TYPES_WANSLEEBEN_HOGAN_2013_MACROPHAGE_M2	IVprimary	12627	1	1	97286483	97287361	-	295	0	0.0
ENSG00000188641	CELL_TYPES_WANSLEEBEN_HOGAN_2013_MACROPHAGE_M2	Met	12602	1	1	97202005	97202302	-	366	0	0.0
ENSG00000188641	CELL_TYPES_WANSLEEBEN_HOGAN_2013_MACROPHAGE_M2	StageI	12778	1	1	97826430	97828108	-	803	6	29.9
ENSG00000188641	CELL_TYPES_WANSLEEBEN_HOGAN_2013_MACROPHAGE_M2	StageI	12779	1	1	97829840	97830188	-	803	0	0.0
ENSG00000188641	CELL_TYPES_WANSLEEBEN_HOGAN_2013_MACROPHAGE_M2	Normal	12755	1	1	97719620	97720226	-	774	215	528.8
ENSG00000188641	CELL_TYPES_WANSLEEBEN_HOGAN_2013_MACROPHAGE_M2	Met	12799	1	1	97899199	97899765	-	366	0	0.0
ENSG00000188641	CELL_TYPES_WANSLEEBEN_HOGAN_2013_MACROPHAGE_M2	StageI	12793	1	1	97882244	97882795	-	803	21	105.9
ENSG00000188641	CELL_TYPES_WANSLEEBEN_HOGAN_2013_MACROPHAGE_M2	Normal	12756	1	1	97730849	97732054	-	774	25	75.5
ENSG00000188641	CELL_TYPES_WANSLEEBEN_HOGAN_2013_MACROPHAGE_M2	IVprimary	12643	1	1	97356328	97356878	-	295	3	17.1
ENSG00000188641	CELL_TYPES_WANSLEEBEN_HOGAN_2013_MACROPHAGE_M2	Met	12605	1	1	97224607	97225130	-	366	0	0.0
ENSG00000188641	CELL_TYPES_WANSLEEBEN_HOGAN_2013_MACROPHAGE_M2	StageI	12566	1	1	97086207	97086745	-	803	4	15.7
ENSG00000188641	CELL_TYPES_WANSLEEBEN_HOGAN_2013_MACROPHAGE_M2	Met	12585	1	1	97164963	97165320	-	366	1	4.5
ENSG00000188641	CELL_TYPES_WANSLEEBEN_HOGAN_2013_MACROPHAGE_M2	Met	12606	1	1	97225581	97226111	-	366	3	14.1
ENSG00000188641	CELL_TYPES_WANSLEEBEN_HOGAN_2013_MACROPHAGE_M2	Normal	12771	1	1	97808427	97809206	-	774	5	25.5
ENSG00000188641	CELL_TYPES_WANSLEEBEN_HOGAN_2013_MACROPHAGE_M2	Normal	12758	1	1	97738789	97739235	-	774	9	38.0
ENSG00000188641	CELL_TYPES_WANSLEEBEN_HOGAN_2013_MACROPHAGE_M2	StageI	12568	1	1	97089647	97090524	-	803	0	0.0
ENSG00000188641	CELL_TYPES_WANSLEEBEN_HOGAN_2013_MACROPHAGE_M2	Met	12588	1	1	97170740	97171197	-	366	0	0.0
ENSG00000188641	CELL_TYPES_WANSLEEBEN_HOGAN_2013_MACROPHAGE_M2	StageI	12602	1	1	97202005	97202302	-	803	14	62.8
ENSG00000188641	CELL_TYPES_WANSLEEBEN_HOGAN_2013_MACROPHAGE_M2	StageI	12799	1	1	97899199	97899765	-	803	0	0.0
ENSG00000188641	CELL_TYPES_WANSLEEBEN_HOGAN_2013_MACROPHAGE_M2	IVprimary	12649	1	1	97381174	97381542	-	295	0	0.0
ENSG00000188641	CELL_TYPES_WANSLEEBEN_HOGAN_2013_MACROPHAGE_M2	StageI	12605	1	1	97224607	97225130	-	803	8	37.9
ENSG00000188641	CELL_TYPES_WANSLEEBEN_HOGAN_2013_MACROPHAGE_M2	StageI	12585	1	1	97164963	97165320	-	803	19	57.9
ENSG00000188641	CELL_TYPES_WANSLEEBEN_HOGAN_2013_MACROPHAGE_M2	Normal	12776	1	1	97823152	97824427	-	774	42	116.0
ENSG00000188641	CELL_TYPES_WANSLEEBEN_HOGAN_2013_MACROPHAGE_M2	StageI	12606	1	1	97225581	97226111	-	803	0	0.0
ENSG00000188641	CELL_TYPES_WANSLEEBEN_HOGAN_2013_MACROPHAGE_M2	Met	12626	1	1	97285704	97286117	-	366	0	0.0
ENSG00000188641	CELL_TYPES_WANSLEEBEN_HOGAN_2013_MACROPHAGE_M2	Normal	12778	1	1	97826430	97828108	-	774	4	19.7
ENSG00000188641	CELL_TYPES_WANSLEEBEN_HOGAN_2013_MACROPHAGE_M2	Met	12627	1	1	97286483	97287361	-	366	6	38.0
ENSG00000188641	CELL_TYPES_WANSLEEBEN_HOGAN_2013_MACROPHAGE_M2	StageI	12588	1	1	97170740	97171197	-	803	7	27.5
ENSG00000188641	CELL_TYPES_WANSLEEBEN_HOGAN_2013_MACROPHAGE_M2	Normal	12779	1	1	97829840	97830188	-	774	1	3.6
ENSG00000188641	CELL_TYPES_WANSLEEBEN_HOGAN_2013_MACROPHAGE_M2	Normal	12793	1	1	97882244	97882795	-	774	24	76.9
ENSG00000188641	CELL_TYPES_WANSLEEBEN_HOGAN_2013_MACROPHAGE_M2	IVprimary	12680	1	1	97445823	97446216	-	295	19	75.3
ENSG00000188641	CELL_TYPES_WANSLEEBEN_HOGAN_2013_MACROPHAGE_M2	Normal	12566	1	1	97086207	97086745	-	774	13	54.7
ENSG00000188641	CELL_TYPES_WANSLEEBEN_HOGAN_2013_MACROPHAGE_M2	IVprimary	12681	1	1	97448699	97449251	-	295	0	0.0
ENSG00000188641	CELL_TYPES_WANSLEEBEN_HOGAN_2013_MACROPHAGE_M2	Met	12643	1	1	97356328	97356878	-	366	1	6.0
ENSG00000188641	CELL_TYPES_WANSLEEBEN_HOGAN_2013_MACROPHAGE_M2	Normal	12568	1	1	97089647	97090524	-	774	115	266.4
ENSG00000188641	CELL_TYPES_WANSLEEBEN_HOGAN_2013_MACROPHAGE_M2	StageI	12626	1	1	97285704	97286117	-	803	0	0.0
ENSG00000188641	CELL_TYPES_WANSLEEBEN_HOGAN_2013_MACROPHAGE_M2	Normal	12602	1	1	97202005	97202302	-	774	27	92.0
ENSG00000188641	CELL_TYPES_WANSLEEBEN_HOGAN_2013_MACROPHAGE_M2	StageI	12627	1	1	97286483	97287361	-	803	0	0.0
ENSG00000092820	CELL_TYPES_WANSLEEBEN_HOGAN_2013_MACROPHAGE_M2	IVprimary	249401	1	6	158788671	158790603	-	295	3	13.6
ENSG00000188641	CELL_TYPES_WANSLEEBEN_HOGAN_2013_MACROPHAGE_M2	Normal	12799	1	1	97899199	97899765	-	774	10	37.3
ENSG00000188641	CELL_TYPES_WANSLEEBEN_HOGAN_2013_MACROPHAGE_M2	IVprimary	12706	1	1	97547583	97547908	-	295	0	0.0
ENSG00000188641	CELL_TYPES_WANSLEEBEN_HOGAN_2013_MACROPHAGE_M2	Normal	12605	1	1	97224607	97225130	-	774	38	125.5
ENSG00000188641	CELL_TYPES_WANSLEEBEN_HOGAN_2013_MACROPHAGE_M2	Normal	12585	1	1	97164963	97165320	-	774	0	0.0
ENSG00000188641	CELL_TYPES_WANSLEEBEN_HOGAN_2013_MACROPHAGE_M2	Met	12649	1	1	97381174	97381542	-	366	0	0.0
ENSG00000188641	CELL_TYPES_WANSLEEBEN_HOGAN_2013_MACROPHAGE_M2	StageI	12643	1	1	97356328	97356878	-	803	0	0.0
ENSG00000188641	CELL_TYPES_WANSLEEBEN_HOGAN_2013_MACROPHAGE_M2	Normal	12606	1	1	97225581	97226111	-	774	50	177.4
ENSG00000092820	CELL_TYPES_WANSLEEBEN_HOGAN_2013_MACROPHAGE_M2	IVprimary	249385	1	6	158770712	158772080	-	295	0	0.0
ENSG00000188641	CELL_TYPES_WANSLEEBEN_HOGAN_2013_MACROPHAGE_M2	Normal	12588	1	1	97170740	97171197	-	774	203	617.0
ENSG00000188641	CELL_TYPES_WANSLEEBEN_HOGAN_2013_MACROPHAGE_M2	IVprimary	12724	1	1	97618415	97618937	-	295	0	0.0
ENSG00000092820	CELL_TYPES_WANSLEEBEN_HOGAN_2013_MACROPHAGE_M2	IVprimary	249421	1	6	158814458	158818266	-	295	0	0.0
ENSG00000188641	CELL_TYPES_WANSLEEBEN_HOGAN_2013_MACROPHAGE_M2	Met	12680	1	1	97445823	97446216	-	366	4	20.4
ENSG00000092820	CELL_TYPES_WANSLEEBEN_HOGAN_2013_MACROPHAGE_M2	IVprimary	249409	1	6	158797853	158801612	-	295	17	61.2
ENSG00000188641	CELL_TYPES_WANSLEEBEN_HOGAN_2013_MACROPHAGE_M2	Met	12681	1	1	97448699	97449251	-	366	0	0.0
ENSG00000188641	CELL_TYPES_WANSLEEBEN_HOGAN_2013_MACROPHAGE_M2	StageI	12649	1	1	97381174	97381542	-	803	14	65.1
ENSG00000188641	CELL_TYPES_WANSLEEBEN_HOGAN_2013_MACROPHAGE_M2	Normal	12626	1	1	97285704	97286117	-	774	8	29.4
ENSG00000188641	CELL_TYPES_WANSLEEBEN_HOGAN_2013_MACROPHAGE_M2	Normal	12627	1	1	97286483	97287361	-	774	4	20.1
ENSG00000188641	CELL_TYPES_WANSLEEBEN_HOGAN_2013_MACROPHAGE_M2	Met	12706	1	1	97547583	97547908	-	366	25	64.3
ENSG00000188641	CELL_TYPES_WANSLEEBEN_HOGAN_2013_MACROPHAGE_M2	StageI	12680	1	1	97445823	97446216	-	803	1	3.8
ENSG00000188641	CELL_TYPES_WANSLEEBEN_HOGAN_2013_MACROPHAGE_M2	Normal	12643	1	1	97356328	97356878	-	774	1	3.7
ENSG00000188641	CELL_TYPES_WANSLEEBEN_HOGAN_2013_MACROPHAGE_M2	StageI	12681	1	1	97448699	97449251	-	803	2	11.6
ENSG00000188641	CELL_TYPES_WANSLEEBEN_HOGAN_2013_MACROPHAGE_M2	IVprimary	12746	1	1	97708893	97709759	-	295	0	0.0
ENSG00000188641	CELL_TYPES_WANSLEEBEN_HOGAN_2013_MACROPHAGE_M2	IVprimary	12761	1	1	97763485	97764057	-	295	0	0.0
ENSG00000188641	CELL_TYPES_WANSLEEBEN_HOGAN_2013_MACROPHAGE_M2	IVprimary	12748	1	1	97711899	97712915	-	295	0	0.0
ENSG00000188641	CELL_TYPES_WANSLEEBEN_HOGAN_2013_MACROPHAGE_M2	Met	12724	1	1	97618415	97618937	-	366	0	0.0
ENSG00000188641	CELL_TYPES_WANSLEEBEN_HOGAN_2013_MACROPHAGE_M2	IVprimary	12763	1	1	97776011	97776514	-	295	0	0.0
ENSG00000188641	CELL_TYPES_WANSLEEBEN_HOGAN_2013_MACROPHAGE_M2	StageI	12706	1	1	97547583	97547908	-	803	0	0.0
ENSG00000188641	CELL_TYPES_WANSLEEBEN_HOGAN_2013_MACROPHAGE_M2	Normal	12649	1	1	97381174	97381542	-	774	0	0.0
ENSG00000092820	CELL_TYPES_WANSLEEBEN_HOGAN_2013_MACROPHAGE_M2	StageI	249395	1	6	158783099	158784177	-	803	1	4.5
ENSG00000188641	CELL_TYPES_WANSLEEBEN_HOGAN_2013_MACROPHAGE_M2	IVprimary	12766	1	1	97792345	97792757	-	295	0	0.0
ENSG00000188641	CELL_TYPES_WANSLEEBEN_HOGAN_2013_MACROPHAGE_M2	IVprimary	12800	1	1	97907849	97908610	-	295	0	0.0
ENSG00000188641	CELL_TYPES_WANSLEEBEN_HOGAN_2013_MACROPHAGE_M2	IVprimary	12767	1	1	97797542	97797834	-	295	0	0.0
ENSG00000188641	CELL_TYPES_WANSLEEBEN_HOGAN_2013_MACROPHAGE_M2	IVprimary	12781	1	1	97849598	97849893	-	295	0	0.0
ENSG00000188641	CELL_TYPES_WANSLEEBEN_HOGAN_2013_MACROPHAGE_M2	IVprimary	12768	1	1	97800255	97801101	-	295	0	0.0
ENSG00000188641	CELL_TYPES_WANSLEEBEN_HOGAN_2013_MACROPHAGE_M2	StageI	12724	1	1	97618415	97618937	-	803	12	51.7
ENSG00000188641	CELL_TYPES_WANSLEEBEN_HOGAN_2013_MACROPHAGE_M2	Normal	12680	1	1	97445823	97446216	-	774	16	47.0
ENSG00000092820	CELL_TYPES_WANSLEEBEN_HOGAN_2013_MACROPHAGE_M2	Normal	249401	1	6	158788671	158790603	-	774	2	8.3
ENSG00000188641	CELL_TYPES_WANSLEEBEN_HOGAN_2013_MACROPHAGE_M2	Normal	12681	1	1	97448699	97449251	-	774	106	213.9
ENSG00000092820	CELL_TYPES_WANSLEEBEN_HOGAN_2013_MACROPHAGE_M2	StageI	249399	1	6	158786699	158787570	-	803	3	13.6
ENSG00000188641	CELL_TYPES_WANSLEEBEN_HOGAN_2013_MACROPHAGE_M2	IVprimary	12783	1	1	97854352	97854586	-	295	0	0.0
ENSG00000188641	CELL_TYPES_WANSLEEBEN_HOGAN_2013_MACROPHAGE_M2	Met	12746	1	1	97708893	97709759	-	366	9	34.1
ENSG00000188641	CELL_TYPES_WANSLEEBEN_HOGAN_2013_MACROPHAGE_M2	IVprimary	12571	1	1	97097421	97097688	-	295	0	0.0
ENSG00000092820	CELL_TYPES_WANSLEEBEN_HOGAN_2013_MACROPHAGE_M2	Normal	249385	1	6	158770712	158772080	-	774	21	94.3
ENSG00000188641	CELL_TYPES_WANSLEEBEN_HOGAN_2013_MACROPHAGE_M2	Met	12761	1	1	97763485	97764057	-	366	0	0.0
ENSG00000188641	CELL_TYPES_WANSLEEBEN_HOGAN_2013_MACROPHAGE_M2	Met	12748	1	1	97711899	97712915	-	366	0	0.0
ENSG00000188641	CELL_TYPES_WANSLEEBEN_HOGAN_2013_MACROPHAGE_M2	Normal	12706	1	1	97547583	97547908	-	774	43	94.1
ENSG00000188641	CELL_TYPES_WANSLEEBEN_HOGAN_2013_MACROPHAGE_M2	IVprimary	12788	1	1	97873090	97873232	-	295	0	0.0
ENSG00000188641	CELL_TYPES_WANSLEEBEN_HOGAN_2013_MACROPHAGE_M2	Met	12763	1	1	97776011	97776514	-	366	0	0.0
ENSG00000092820	CELL_TYPES_WANSLEEBEN_HOGAN_2013_MACROPHAGE_M2	Normal	249421	1	6	158814458	158818266	-	774	39	105.4
ENSG00000092820	CELL_TYPES_WANSLEEBEN_HOGAN_2013_MACROPHAGE_M2	Met	249401	1	6	158788671	158790603	-	366	0	0.0
ENSG00000092820	CELL_TYPES_WANSLEEBEN_HOGAN_2013_MACROPHAGE_M2	Normal	249409	1	6	158797853	158801612	-	774	1	4.3
ENSG00000188641	CELL_TYPES_WANSLEEBEN_HOGAN_2013_MACROPHAGE_M2	StageI	12746	1	1	97708893	97709759	-	803	1	4.3
ENSG00000188641	CELL_TYPES_WANSLEEBEN_HOGAN_2013_MACROPHAGE_M2	Met	12766	1	1	97792345	97792757	-	366	0	0.0
ENSG00000188641	CELL_TYPES_WANSLEEBEN_HOGAN_2013_MACROPHAGE_M2	Met	12800	1	1	97907849	97908610	-	366	0	0.0
ENSG00000188641	CELL_TYPES_WANSLEEBEN_HOGAN_2013_MACROPHAGE_M2	Met	12767	1	1	97797542	97797834	-	366	0	0.0
ENSG00000188641	CELL_TYPES_WANSLEEBEN_HOGAN_2013_MACROPHAGE_M2	StageI	12761	1	1	97763485	97764057	-	803	0	0.0
ENSG00000188641	CELL_TYPES_WANSLEEBEN_HOGAN_2013_MACROPHAGE_M2	StageI	12748	1	1	97711899	97712915	-	803	0	0.0
ENSG00000188641	CELL_TYPES_WANSLEEBEN_HOGAN_2013_MACROPHAGE_M2	Normal	12724	1	1	97618415	97618937	-	774	41	174.1
ENSG00000188641	CELL_TYPES_WANSLEEBEN_HOGAN_2013_MACROPHAGE_M2	IVprimary	12591	1	1	97180194	97180488	-	295	0	0.0
ENSG00000188641	CELL_TYPES_WANSLEEBEN_HOGAN_2013_MACROPHAGE_M2	IVprimary	12578	1	1	97130731	97131216	-	295	0	0.0
ENSG00000092820	CELL_TYPES_WANSLEEBEN_HOGAN_2013_MACROPHAGE_M2	Met	249385	1	6	158770712	158772080	-	366	0	0.0
ENSG00000188641	CELL_TYPES_WANSLEEBEN_HOGAN_2013_MACROPHAGE_M2	Met	12781	1	1	97849598	97849893	-	366	0	0.0
ENSG00000188641	CELL_TYPES_WANSLEEBEN_HOGAN_2013_MACROPHAGE_M2	Met	12768	1	1	97800255	97801101	-	366	6	24.1
ENSG00000188641	CELL_TYPES_WANSLEEBEN_HOGAN_2013_MACROPHAGE_M2	IVprimary	12579	1	1	97133097	97133761	-	295	0	0.0
ENSG00000188641	CELL_TYPES_WANSLEEBEN_HOGAN_2013_MACROPHAGE_M2	StageI	12763	1	1	97776011	97776514	-	803	3	16.9
ENSG00000188641	CELL_TYPES_WANSLEEBEN_HOGAN_2013_MACROPHAGE_M2	Met	12783	1	1	97854352	97854586	-	366	0	0.0
ENSG00000092820	CELL_TYPES_WANSLEEBEN_HOGAN_2013_MACROPHAGE_M2	Met	249421	1	6	158814458	158818266	-	366	0	0.0
ENSG00000092820	CELL_TYPES_WANSLEEBEN_HOGAN_2013_MACROPHAGE_M2	Met	249409	1	6	158797853	158801612	-	366	9	47.2
ENSG00000188641	CELL_TYPES_WANSLEEBEN_HOGAN_2013_MACROPHAGE_M2	StageI	12766	1	1	97792345	97792757	-	803	0	0.0
ENSG00000188641	CELL_TYPES_WANSLEEBEN_HOGAN_2013_MACROPHAGE_M2	Met	12571	1	1	97097421	97097688	-	366	0	0.0
ENSG00000188641	CELL_TYPES_WANSLEEBEN_HOGAN_2013_MACROPHAGE_M2	IVprimary	12596	1	1	97187222	97188304	-	295	0	0.0
ENSG00000188641	CELL_TYPES_WANSLEEBEN_HOGAN_2013_MACROPHAGE_M2	StageI	12800	1	1	97907849	97908610	-	803	0	0.0
ENSG00000188641	CELL_TYPES_WANSLEEBEN_HOGAN_2013_MACROPHAGE_M2	StageI	12767	1	1	97797542	97797834	-	803	34	143.2
ENSG00000188641	CELL_TYPES_WANSLEEBEN_HOGAN_2013_MACROPHAGE_M2	IVprimary	12617	1	1	97264168	97264734	-	295	3	16.0
ENSG00000188641	CELL_TYPES_WANSLEEBEN_HOGAN_2013_MACROPHAGE_M2	StageI	12781	1	1	97849598	97849893	-	803	0	0.0
ENSG00000188641	CELL_TYPES_WANSLEEBEN_HOGAN_2013_MACROPHAGE_M2	StageI	12768	1	1	97800255	97801101	-	803	1	6.5
ENSG00000188641	CELL_TYPES_WANSLEEBEN_HOGAN_2013_MACROPHAGE_M2	Met	12788	1	1	97873090	97873232	-	366	0	0.0
ENSG00000188641	CELL_TYPES_WANSLEEBEN_HOGAN_2013_MACROPHAGE_M2	IVprimary	12632	1	1	97314551	97314906	-	295	1	5.4
ENSG00000188641	CELL_TYPES_WANSLEEBEN_HOGAN_2013_MACROPHAGE_M2	StageI	12783	1	1	97854352	97854586	-	803	0	0.0
ENSG00000188641	CELL_TYPES_WANSLEEBEN_HOGAN_2013_MACROPHAGE_M2	Normal	12746	1	1	97708893	97709759	-	774	30	99.7
ENSG00000188641	CELL_TYPES_WANSLEEBEN_HOGAN_2013_MACROPHAGE_M2	Normal	12761	1	1	97763485	97764057	-	774	3	12.3
ENSG00000188641	CELL_TYPES_WANSLEEBEN_HOGAN_2013_MACROPHAGE_M2	Normal	12748	1	1	97711899	97712915	-	774	8	41.1
ENSG00000188641	CELL_TYPES_WANSLEEBEN_HOGAN_2013_MACROPHAGE_M2	IVprimary	12635	1	1	97333155	97333948	-	295	0	0.0
ENSG00000188641	CELL_TYPES_WANSLEEBEN_HOGAN_2013_MACROPHAGE_M2	StageI	12571	1	1	97097421	97097688	-	803	0	0.0
ENSG00000188641	CELL_TYPES_WANSLEEBEN_HOGAN_2013_MACROPHAGE_M2	Met	12578	1	1	97130731	97131216	-	366	0	0.0
ENSG00000188641	CELL_TYPES_WANSLEEBEN_HOGAN_2013_MACROPHAGE_M2	Met	12591	1	1	97180194	97180488	-	366	0	0.0
ENSG00000188641	CELL_TYPES_WANSLEEBEN_HOGAN_2013_MACROPHAGE_M2	Normal	12763	1	1	97776011	97776514	-	774	4	17.9
ENSG00000188641	CELL_TYPES_WANSLEEBEN_HOGAN_2013_MACROPHAGE_M2	Met	12579	1	1	97133097	97133761	-	366	0	0.0
ENSG00000188641	CELL_TYPES_WANSLEEBEN_HOGAN_2013_MACROPHAGE_M2	StageI	12788	1	1	97873090	97873232	-	803	0	0.0
ENSG00000188641	CELL_TYPES_WANSLEEBEN_HOGAN_2013_MACROPHAGE_M2	IVprimary	12638	1	1	97346100	97346845	-	295	22	83.0
ENSG00000188641	CELL_TYPES_WANSLEEBEN_HOGAN_2013_MAST	Normal	12766	1	1	97792345	97792757	-	152	0	0.0
ENSG00000188641	CELL_TYPES_WANSLEEBEN_HOGAN_2013_MAST	Normal	12800	1	1	97907849	97908610	-	152	3	11.2
ENSG00000188641	CELL_TYPES_WANSLEEBEN_HOGAN_2013_MAST	Normal	12767	1	1	97797542	97797834	-	152	1	6.2
ENSG00000188641	CELL_TYPES_WANSLEEBEN_HOGAN_2013_MAST	IVprimary	12654	1	1	97390771	97391562	-	92	7	29.5
ENSG00000188641	CELL_TYPES_WANSLEEBEN_HOGAN_2013_MAST	Normal	12781	1	1	97849598	97849893	-	152	0	0.0
ENSG00000188641	CELL_TYPES_WANSLEEBEN_HOGAN_2013_MAST	Normal	12768	1	1	97800255	97801101	-	152	0	0.0
ENSG00000188641	CELL_TYPES_WANSLEEBEN_HOGAN_2013_MAST	IVprimary	12655	1	1	97392446	97392881	-	92	0	0.0
ENSG00000188641	CELL_TYPES_WANSLEEBEN_HOGAN_2013_MAST	StageI	12591	1	1	97180194	97180488	-	209	0	0.0
ENSG00000188641	CELL_TYPES_WANSLEEBEN_HOGAN_2013_MAST	StageI	12578	1	1	97130731	97131216	-	209	15	54.0
ENSG00000188641	CELL_TYPES_WANSLEEBEN_HOGAN_2013_MAST	StageI	12579	1	1	97133097	97133761	-	209	0	0.0
ENSG00000188641	CELL_TYPES_WANSLEEBEN_HOGAN_2013_MAST	Normal	12783	1	1	97854352	97854586	-	152	0	0.0
ENSG00000188641	CELL_TYPES_WANSLEEBEN_HOGAN_2013_MAST	IVprimary	12670	1	1	97429534	97429824	-	92	0	0.0
ENSG00000188641	CELL_TYPES_WANSLEEBEN_HOGAN_2013_MAST	IVprimary	12672	1	1	97432354	97432942	-	92	0	0.0
ENSG00000188641	CELL_TYPES_WANSLEEBEN_HOGAN_2013_MAST	IVprimary	12659	1	1	97400568	97402062	-	92	0	0.0
ENSG00000188641	CELL_TYPES_WANSLEEBEN_HOGAN_2013_MAST	Normal	12571	1	1	97097421	97097688	-	152	5	21.8
ENSG00000188641	CELL_TYPES_WANSLEEBEN_HOGAN_2013_MAST	StageI	12596	1	1	97187222	97188304	-	209	0	0.0
ENSG00000188641	CELL_TYPES_WANSLEEBEN_HOGAN_2013_MAST	StageI	12617	1	1	97264168	97264734	-	209	0	0.0
ENSG00000188641	CELL_TYPES_WANSLEEBEN_HOGAN_2013_MAST	Normal	12788	1	1	97873090	97873232	-	152	0	0.0
ENSG00000188641	CELL_TYPES_WANSLEEBEN_HOGAN_2013_MAST	StageI	12632	1	1	97314551	97314906	-	209	1	6.0
ENSG00000188641	CELL_TYPES_WANSLEEBEN_HOGAN_2013_MAST	IVprimary	12710	1	1	97557226	97557683	-	92	0	0.0
ENSG00000188641	CELL_TYPES_WANSLEEBEN_HOGAN_2013_MAST	IVprimary	12690	1	1	97484548	97485981	-	92	0	0.0
ENSG00000188641	CELL_TYPES_WANSLEEBEN_HOGAN_2013_MAST	IVprimary	12677	1	1	97440492	97441735	-	92	0	0.0
ENSG00000188641	CELL_TYPES_WANSLEEBEN_HOGAN_2013_MAST	IVprimary	12711	1	1	97559609	97560022	-	92	0	0.0
ENSG00000188641	CELL_TYPES_WANSLEEBEN_HOGAN_2013_MAST	IVprimary	12692	1	1	97502158	97502737	-	92	0	0.0
ENSG00000188641	CELL_TYPES_WANSLEEBEN_HOGAN_2013_MAST	StageI	12635	1	1	97333155	97333948	-	209	0	0.0
ENSG00000188641	CELL_TYPES_WANSLEEBEN_HOGAN_2013_MAST	Normal	12578	1	1	97130731	97131216	-	152	0	0.0
ENSG00000188641	CELL_TYPES_WANSLEEBEN_HOGAN_2013_MAST	Normal	12591	1	1	97180194	97180488	-	152	0	0.0
ENSG00000188641	CELL_TYPES_WANSLEEBEN_HOGAN_2013_MAST	Normal	12579	1	1	97133097	97133761	-	152	1	7.0
ENSG00000188641	CELL_TYPES_WANSLEEBEN_HOGAN_2013_MAST	IVprimary	12694	1	1	97524770	97525078	-	92	55	142.9
ENSG00000188641	CELL_TYPES_WANSLEEBEN_HOGAN_2013_MAST	StageI	12638	1	1	97346100	97346845	-	209	1	4.3
ENSG00000188641	CELL_TYPES_WANSLEEBEN_HOGAN_2013_MAST	IVprimary	12730	1	1	97645490	97645872	-	92	0	0.0
ENSG00000188641	CELL_TYPES_WANSLEEBEN_HOGAN_2013_MAST	Normal	12596	1	1	97187222	97188304	-	152	0	0.0
ENSG00000188641	CELL_TYPES_WANSLEEBEN_HOGAN_2013_MAST	IVprimary	12731	1	1	97646370	97647021	-	92	0	0.0
ENSG00000188641	CELL_TYPES_WANSLEEBEN_HOGAN_2013_MAST	StageI	12654	1	1	97390771	97391562	-	209	7	18.4
ENSG00000188641	CELL_TYPES_WANSLEEBEN_HOGAN_2013_MAST	Normal	12617	1	1	97264168	97264734	-	152	7	50.8
ENSG00000092820	CELL_TYPES_WANSLEEBEN_HOGAN_2013_MAST	IVprimary	249395	1	6	158783099	158784177	-	92	0	0.0
ENSG00000188641	CELL_TYPES_WANSLEEBEN_HOGAN_2013_MAST	StageI	12655	1	1	97392446	97392881	-	209	12	35.8
ENSG00000188641	CELL_TYPES_WANSLEEBEN_HOGAN_2013_MAST	Normal	12632	1	1	97314551	97314906	-	152	3	9.3
ENSG00000188641	CELL_TYPES_WANSLEEBEN_HOGAN_2013_MAST	StageI	12670	1	1	97429534	97429824	-	209	0	0.0
ENSG00000188641	CELL_TYPES_WANSLEEBEN_HOGAN_2013_MAST	IVprimary	12735	1	1	97665486	97666723	-	92	0	0.0
ENSG00000092820	CELL_TYPES_WANSLEEBEN_HOGAN_2013_MAST	IVprimary	249399	1	6	158786699	158787570	-	92	0	0.0
ENSG00000188641	CELL_TYPES_WANSLEEBEN_HOGAN_2013_MAST	IVprimary	12736	1	1	97671696	97672517	-	92	0	0.0
ENSG00000188641	CELL_TYPES_WANSLEEBEN_HOGAN_2013_MAST	StageI	12672	1	1	97432354	97432942	-	209	0	0.0
ENSG00000188641	CELL_TYPES_WANSLEEBEN_HOGAN_2013_MAST	StageI	12659	1	1	97400568	97402062	-	209	0	0.0
ENSG00000188641	CELL_TYPES_WANSLEEBEN_HOGAN_2013_MAST	Normal	12635	1	1	97333155	97333948	-	152	0	0.0
ENSG00000188641	CELL_TYPES_WANSLEEBEN_HOGAN_2013_MAST	IVprimary	12750	1	1	97714361	97714639	-	92	4	12.3
ENSG00000092820	CELL_TYPES_WANSLEEBEN_HOGAN_2013_MAST	StageI	249401	1	6	158788671	158790603	-	209	2	8.1
ENSG00000188641	CELL_TYPES_WANSLEEBEN_HOGAN_2013_MAST	Normal	12638	1	1	97346100	97346845	-	152	5	17.8
ENSG00000188641	CELL_TYPES_WANSLEEBEN_HOGAN_2013_MAST	IVprimary	12753	1	1	97717950	97718705	-	92	0	0.0
ENSG00000188641	CELL_TYPES_WANSLEEBEN_HOGAN_2013_MAST	StageI	12710	1	1	97557226	97557683	-	209	0	0.0
ENSG00000188641	CELL_TYPES_WANSLEEBEN_HOGAN_2013_MAST	StageI	12690	1	1	97484548	97485981	-	209	0	0.0
ENSG00000188641	CELL_TYPES_WANSLEEBEN_HOGAN_2013_MAST	StageI	12677	1	1	97440492	97441735	-	209	4	16.7
ENSG00000188641	CELL_TYPES_WANSLEEBEN_HOGAN_2013_MAST	IVprimary	12755	1	1	97719620	97720226	-	92	0	0.0
ENSG00000188641	CELL_TYPES_WANSLEEBEN_HOGAN_2013_MAST	StageI	12711	1	1	97559609	97560022	-	209	0	0.0
ENSG00000188641	CELL_TYPES_WANSLEEBEN_HOGAN_2013_MAST	Normal	12654	1	1	97390771	97391562	-	152	1	7.2
ENSG00000092820	CELL_TYPES_WANSLEEBEN_HOGAN_2013_MAST	StageI	249385	1	6	158770712	158772080	-	209	2	11.6
ENSG00000188641	CELL_TYPES_WANSLEEBEN_HOGAN_2013_MAST	IVprimary	12756	1	1	97730849	97732054	-	92	0	0.0
ENSG00000188641	CELL_TYPES_WANSLEEBEN_HOGAN_2013_MAST	StageI	12692	1	1	97502158	97502737	-	209	0	0.0
ENSG00000188641	CELL_TYPES_WANSLEEBEN_HOGAN_2013_MAST	Normal	12655	1	1	97392446	97392881	-	152	2	13.1
ENSG00000188641	CELL_TYPES_WANSLEEBEN_HOGAN_2013_MAST	IVprimary	12771	1	1	97808427	97809206	-	92	0	0.0
ENSG00000188641	CELL_TYPES_WANSLEEBEN_HOGAN_2013_MAST	IVprimary	12758	1	1	97738789	97739235	-	92	0	0.0
ENSG00000188641	CELL_TYPES_WANSLEEBEN_HOGAN_2013_MAST	StageI	12694	1	1	97524770	97525078	-	209	0	0.0
ENSG00000188641	CELL_TYPES_WANSLEEBEN_HOGAN_2013_MAST	Normal	12670	1	1	97429534	97429824	-	152	0	0.0
ENSG00000092820	CELL_TYPES_WANSLEEBEN_HOGAN_2013_MAST	StageI	249421	1	6	158814458	158818266	-	209	6	29.5
ENSG00000092820	CELL_TYPES_WANSLEEBEN_HOGAN_2013_MAST	StageI	249409	1	6	158797853	158801612	-	209	4	16.2
ENSG00000188641	CELL_TYPES_WANSLEEBEN_HOGAN_2013_MAST	Normal	12672	1	1	97432354	97432942	-	152	2	11.4
ENSG00000188641	CELL_TYPES_WANSLEEBEN_HOGAN_2013_MAST	Normal	12659	1	1	97400568	97402062	-	152	0	0.0
ENSG00000188641	CELL_TYPES_WANSLEEBEN_HOGAN_2013_MAST	StageI	12730	1	1	97645490	97645872	-	209	2	10.1
ENSG00000188641	CELL_TYPES_WANSLEEBEN_HOGAN_2013_MAST	StageI	12731	1	1	97646370	97647021	-	209	29	105.7
ENSG00000188641	CELL_TYPES_WANSLEEBEN_HOGAN_2013_MAST	IVprimary	12776	1	1	97823152	97824427	-	92	0	0.0
ENSG00000188641	CELL_TYPES_WANSLEEBEN_HOGAN_2013_MAST	IVprimary	12778	1	1	97826430	97828108	-	92	0	0.0
ENSG00000188641	CELL_TYPES_WANSLEEBEN_HOGAN_2013_MAST	Normal	12710	1	1	97557226	97557683	-	152	29	90.7
ENSG00000188641	CELL_TYPES_WANSLEEBEN_HOGAN_2013_MAST	Normal	12690	1	1	97484548	97485981	-	152	1	5.2
ENSG00000188641	CELL_TYPES_WANSLEEBEN_HOGAN_2013_MAST	Normal	12677	1	1	97440492	97441735	-	152	41	148.0
ENSG00000188641	CELL_TYPES_WANSLEEBEN_HOGAN_2013_MAST	IVprimary	12779	1	1	97829840	97830188	-	92	0	0.0
ENSG00000188641	CELL_TYPES_WANSLEEBEN_HOGAN_2013_MAST	StageI	12735	1	1	97665486	97666723	-	209	0	0.0
ENSG00000188641	CELL_TYPES_WANSLEEBEN_HOGAN_2013_MAST	Normal	12711	1	1	97559609	97560022	-	152	0	0.0
ENSG00000188641	CELL_TYPES_WANSLEEBEN_HOGAN_2013_MAST	IVprimary	12793	1	1	97882244	97882795	-	92	22	68.6
ENSG00000188641	CELL_TYPES_WANSLEEBEN_HOGAN_2013_MAST	StageI	12736	1	1	97671696	97672517	-	209	4	23.9
ENSG00000188641	CELL_TYPES_WANSLEEBEN_HOGAN_2013_MAST	Normal	12692	1	1	97502158	97502737	-	152	0	0.0
ENSG00000188641	CELL_TYPES_WANSLEEBEN_HOGAN_2013_MAST	IVprimary	12566	1	1	97086207	97086745	-	92	0	0.0
ENSG00000188641	CELL_TYPES_WANSLEEBEN_HOGAN_2013_MAST	StageI	12750	1	1	97714361	97714639	-	209	0	0.0
ENSG00000188641	CELL_TYPES_WANSLEEBEN_HOGAN_2013_MAST	Normal	12694	1	1	97524770	97525078	-	152	0	0.0
ENSG00000188641	CELL_TYPES_WANSLEEBEN_HOGAN_2013_MAST	IVprimary	12568	1	1	97089647	97090524	-	92	0	0.0
ENSG00000092820	CELL_TYPES_WANSLEEBEN_HOGAN_2013_MAST	Normal	249395	1	6	158783099	158784177	-	152	0	0.0
ENSG00000188641	CELL_TYPES_WANSLEEBEN_HOGAN_2013_MAST	IVprimary	12602	1	1	97202005	97202302	-	92	0	0.0
ENSG00000188641	CELL_TYPES_WANSLEEBEN_HOGAN_2013_MAST	StageI	12753	1	1	97717950	97718705	-	209	0	0.0
ENSG00000188641	CELL_TYPES_WANSLEEBEN_HOGAN_2013_MAST	Normal	12730	1	1	97645490	97645872	-	152	0	0.0
ENSG00000188641	CELL_TYPES_WANSLEEBEN_HOGAN_2013_MAST	IVprimary	12799	1	1	97899199	97899765	-	92	0	0.0
ENSG00000188641	CELL_TYPES_WANSLEEBEN_HOGAN_2013_MAST	StageI	12755	1	1	97719620	97720226	-	209	0	0.0
ENSG00000188641	CELL_TYPES_WANSLEEBEN_HOGAN_2013_MAST	Normal	12731	1	1	97646370	97647021	-	152	1	5.2
ENSG00000188641	CELL_TYPES_WANSLEEBEN_HOGAN_2013_MAST	IVprimary	12605	1	1	97224607	97225130	-	92	0	0.0
ENSG00000188641	CELL_TYPES_WANSLEEBEN_HOGAN_2013_MAST	IVprimary	12585	1	1	97164963	97165320	-	92	0	0.0
ENSG00000092820	CELL_TYPES_WANSLEEBEN_HOGAN_2013_MAST	Normal	249399	1	6	158786699	158787570	-	152	0	0.0
ENSG00000188641	CELL_TYPES_WANSLEEBEN_HOGAN_2013_MAST	StageI	12756	1	1	97730849	97732054	-	209	1	4.0
ENSG00000188641	CELL_TYPES_WANSLEEBEN_HOGAN_2013_MAST	IVprimary	12606	1	1	97225581	97226111	-	92	0	0.0
ENSG00000188641	CELL_TYPES_WANSLEEBEN_HOGAN_2013_MAST	StageI	12771	1	1	97808427	97809206	-	209	0	0.0
ENSG00000188641	CELL_TYPES_WANSLEEBEN_HOGAN_2013_MAST	StageI	12758	1	1	97738789	97739235	-	209	2	12.9
ENSG00000188641	CELL_TYPES_WANSLEEBEN_HOGAN_2013_MAST	IVprimary	12588	1	1	97170740	97171197	-	92	0	0.0
ENSG00000188641	CELL_TYPES_WANSLEEBEN_HOGAN_2013_MAST	Normal	12735	1	1	97665486	97666723	-	152	1	4.5
ENSG00000188641	CELL_TYPES_WANSLEEBEN_HOGAN_2013_MAST	Normal	12736	1	1	97671696	97672517	-	152	14	30.9
ENSG00000188641	CELL_TYPES_WANSLEEBEN_HOGAN_2013_MAST	Normal	12750	1	1	97714361	97714639	-	152	1	4.7
ENSG00000188641	CELL_TYPES_WANSLEEBEN_HOGAN_2013_MAST	StageI	12776	1	1	97823152	97824427	-	209	0	0.0
ENSG00000188641	CELL_TYPES_WANSLEEBEN_HOGAN_2013_MAST	IVprimary	12626	1	1	97285704	97286117	-	92	3	15.7
ENSG00000188641	CELL_TYPES_WANSLEEBEN_HOGAN_2013_MAST	Normal	12753	1	1	97717950	97718705	-	152	3	12.7
ENSG00000188641	CELL_TYPES_WANSLEEBEN_HOGAN_2013_MAST	IVprimary	12627	1	1	97286483	97287361	-	92	0	0.0
ENSG00000188641	CELL_TYPES_WANSLEEBEN_HOGAN_2013_MAST	StageI	12778	1	1	97826430	97828108	-	209	0	0.0
ENSG00000188641	CELL_TYPES_WANSLEEBEN_HOGAN_2013_MAST	StageI	12779	1	1	97829840	97830188	-	209	0	0.0
ENSG00000188641	CELL_TYPES_WANSLEEBEN_HOGAN_2013_MAST	Normal	12755	1	1	97719620	97720226	-	152	22	67.9
ENSG00000188641	CELL_TYPES_WANSLEEBEN_HOGAN_2013_MAST	StageI	12793	1	1	97882244	97882795	-	209	6	28.4
ENSG00000188641	CELL_TYPES_WANSLEEBEN_HOGAN_2013_MAST	Normal	12756	1	1	97730849	97732054	-	152	0	0.0
ENSG00000188641	CELL_TYPES_WANSLEEBEN_HOGAN_2013_MAST	IVprimary	12643	1	1	97356328	97356878	-	92	2	13.6
ENSG00000188641	CELL_TYPES_WANSLEEBEN_HOGAN_2013_MAST	StageI	12566	1	1	97086207	97086745	-	209	4	19.4
ENSG00000188641	CELL_TYPES_WANSLEEBEN_HOGAN_2013_MAST	Normal	12771	1	1	97808427	97809206	-	152	0	0.0
ENSG00000188641	CELL_TYPES_WANSLEEBEN_HOGAN_2013_MAST	Normal	12758	1	1	97738789	97739235	-	152	5	21.9
ENSG00000188641	CELL_TYPES_WANSLEEBEN_HOGAN_2013_MAST	StageI	12568	1	1	97089647	97090524	-	209	0	0.0
ENSG00000188641	CELL_TYPES_WANSLEEBEN_HOGAN_2013_MAST	StageI	12602	1	1	97202005	97202302	-	209	1	5.0
ENSG00000188641	CELL_TYPES_WANSLEEBEN_HOGAN_2013_MAST	StageI	12799	1	1	97899199	97899765	-	209	0	0.0
ENSG00000188641	CELL_TYPES_WANSLEEBEN_HOGAN_2013_MAST	IVprimary	12649	1	1	97381174	97381542	-	92	5	33.2
ENSG00000188641	CELL_TYPES_WANSLEEBEN_HOGAN_2013_MAST	StageI	12585	1	1	97164963	97165320	-	209	3	9.1
ENSG00000188641	CELL_TYPES_WANSLEEBEN_HOGAN_2013_MAST	StageI	12605	1	1	97224607	97225130	-	209	3	21.2
ENSG00000188641	CELL_TYPES_WANSLEEBEN_HOGAN_2013_MAST	Normal	12776	1	1	97823152	97824427	-	152	2	7.6
ENSG00000188641	CELL_TYPES_WANSLEEBEN_HOGAN_2013_MAST	StageI	12606	1	1	97225581	97226111	-	209	14	69.9
ENSG00000188641	CELL_TYPES_WANSLEEBEN_HOGAN_2013_MAST	Normal	12778	1	1	97826430	97828108	-	152	0	0.0
ENSG00000188641	CELL_TYPES_WANSLEEBEN_HOGAN_2013_MAST	StageI	12588	1	1	97170740	97171197	-	209	2	11.1
ENSG00000188641	CELL_TYPES_WANSLEEBEN_HOGAN_2013_MAST	Normal	12779	1	1	97829840	97830188	-	152	0	0.0
ENSG00000188641	CELL_TYPES_WANSLEEBEN_HOGAN_2013_MAST	Normal	12793	1	1	97882244	97882795	-	152	0	0.0
ENSG00000188641	CELL_TYPES_WANSLEEBEN_HOGAN_2013_MAST	IVprimary	12680	1	1	97445823	97446216	-	92	4	18.3
ENSG00000188641	CELL_TYPES_WANSLEEBEN_HOGAN_2013_MAST	Normal	12566	1	1	97086207	97086745	-	152	0	0.0
ENSG00000188641	CELL_TYPES_WANSLEEBEN_HOGAN_2013_MAST	IVprimary	12681	1	1	97448699	97449251	-	92	0	0.0
ENSG00000188641	CELL_TYPES_WANSLEEBEN_HOGAN_2013_MAST	Normal	12568	1	1	97089647	97090524	-	152	0	0.0
ENSG00000188641	CELL_TYPES_WANSLEEBEN_HOGAN_2013_MAST	StageI	12626	1	1	97285704	97286117	-	209	0	0.0
ENSG00000188641	CELL_TYPES_WANSLEEBEN_HOGAN_2013_MAST	Normal	12602	1	1	97202005	97202302	-	152	1	5.8
ENSG00000188641	CELL_TYPES_WANSLEEBEN_HOGAN_2013_MAST	StageI	12627	1	1	97286483	97287361	-	209	0	0.0
ENSG00000092820	CELL_TYPES_WANSLEEBEN_HOGAN_2013_MAST	IVprimary	249401	1	6	158788671	158790603	-	92	1	4.5
ENSG00000188641	CELL_TYPES_WANSLEEBEN_HOGAN_2013_MAST	Normal	12799	1	1	97899199	97899765	-	152	0	0.0
ENSG00000188641	CELL_TYPES_WANSLEEBEN_HOGAN_2013_MAST	IVprimary	12706	1	1	97547583	97547908	-	92	0	0.0
ENSG00000188641	CELL_TYPES_WANSLEEBEN_HOGAN_2013_MAST	Normal	12585	1	1	97164963	97165320	-	152	0	0.0
ENSG00000188641	CELL_TYPES_WANSLEEBEN_HOGAN_2013_MAST	Normal	12605	1	1	97224607	97225130	-	152	3	12.4
ENSG00000188641	CELL_TYPES_WANSLEEBEN_HOGAN_2013_MAST	StageI	12643	1	1	97356328	97356878	-	209	1	7.1
ENSG00000188641	CELL_TYPES_WANSLEEBEN_HOGAN_2013_MAST	Normal	12606	1	1	97225581	97226111	-	152	3	14.1
ENSG00000092820	CELL_TYPES_WANSLEEBEN_HOGAN_2013_MAST	IVprimary	249385	1	6	158770712	158772080	-	92	0	0.0
ENSG00000188641	CELL_TYPES_WANSLEEBEN_HOGAN_2013_MAST	Normal	12588	1	1	97170740	97171197	-	152	33	114.8
ENSG00000188641	CELL_TYPES_WANSLEEBEN_HOGAN_2013_MAST	IVprimary	12724	1	1	97618415	97618937	-	92	1	4.5
ENSG00000092820	CELL_TYPES_WANSLEEBEN_HOGAN_2013_MAST	IVprimary	249421	1	6	158814458	158818266	-	92	0	0.0
ENSG00000092820	CELL_TYPES_WANSLEEBEN_HOGAN_2013_MAST	IVprimary	249409	1	6	158797853	158801612	-	92	5	20.9
ENSG00000188641	CELL_TYPES_WANSLEEBEN_HOGAN_2013_MAST	StageI	12649	1	1	97381174	97381542	-	209	0	0.0
ENSG00000188641	CELL_TYPES_WANSLEEBEN_HOGAN_2013_MAST	Normal	12626	1	1	97285704	97286117	-	152	2	10.1
ENSG00000188641	CELL_TYPES_WANSLEEBEN_HOGAN_2013_MAST	Normal	12627	1	1	97286483	97287361	-	152	0	0.0
ENSG00000188641	CELL_TYPES_WANSLEEBEN_HOGAN_2013_MAST	StageI	12680	1	1	97445823	97446216	-	209	3	15.8
ENSG00000188641	CELL_TYPES_WANSLEEBEN_HOGAN_2013_MAST	Normal	12643	1	1	97356328	97356878	-	152	1	6.0
ENSG00000188641	CELL_TYPES_WANSLEEBEN_HOGAN_2013_MAST	StageI	12681	1	1	97448699	97449251	-	209	0	0.0
ENSG00000188641	CELL_TYPES_WANSLEEBEN_HOGAN_2013_MAST	IVprimary	12746	1	1	97708893	97709759	-	92	0	0.0
ENSG00000188641	CELL_TYPES_WANSLEEBEN_HOGAN_2013_MAST	IVprimary	12761	1	1	97763485	97764057	-	92	0	0.0
ENSG00000188641	CELL_TYPES_WANSLEEBEN_HOGAN_2013_MAST	IVprimary	12748	1	1	97711899	97712915	-	92	0	0.0
ENSG00000188641	CELL_TYPES_WANSLEEBEN_HOGAN_2013_MAST	IVprimary	12763	1	1	97776011	97776514	-	92	0	0.0
ENSG00000188641	CELL_TYPES_WANSLEEBEN_HOGAN_2013_MAST	StageI	12706	1	1	97547583	97547908	-	209	0	0.0
ENSG00000188641	CELL_TYPES_WANSLEEBEN_HOGAN_2013_MAST	Normal	12649	1	1	97381174	97381542	-	152	0	0.0
ENSG00000092820	CELL_TYPES_WANSLEEBEN_HOGAN_2013_MAST	StageI	249395	1	6	158783099	158784177	-	209	6	29.7
ENSG00000188641	CELL_TYPES_WANSLEEBEN_HOGAN_2013_MAST	IVprimary	12766	1	1	97792345	97792757	-	92	0	0.0
ENSG00000188641	CELL_TYPES_WANSLEEBEN_HOGAN_2013_MAST	IVprimary	12800	1	1	97907849	97908610	-	92	0	0.0
ENSG00000188641	CELL_TYPES_WANSLEEBEN_HOGAN_2013_MAST	IVprimary	12767	1	1	97797542	97797834	-	92	0	0.0
ENSG00000188641	CELL_TYPES_WANSLEEBEN_HOGAN_2013_MAST	IVprimary	12781	1	1	97849598	97849893	-	92	0	0.0
ENSG00000188641	CELL_TYPES_WANSLEEBEN_HOGAN_2013_MAST	IVprimary	12768	1	1	97800255	97801101	-	92	0	0.0
ENSG00000188641	CELL_TYPES_WANSLEEBEN_HOGAN_2013_MAST	StageI	12724	1	1	97618415	97618937	-	209	2	9.7
ENSG00000188641	CELL_TYPES_WANSLEEBEN_HOGAN_2013_MAST	Normal	12680	1	1	97445823	97446216	-	152	2	7.3
ENSG00000092820	CELL_TYPES_WANSLEEBEN_HOGAN_2013_MAST	Normal	249401	1	6	158788671	158790603	-	152	0	0.0
ENSG00000188641	CELL_TYPES_WANSLEEBEN_HOGAN_2013_MAST	Normal	12681	1	1	97448699	97449251	-	152	3	7.1
ENSG00000092820	CELL_TYPES_WANSLEEBEN_HOGAN_2013_MAST	StageI	249399	1	6	158786699	158787570	-	209	0	0.0
ENSG00000188641	CELL_TYPES_WANSLEEBEN_HOGAN_2013_MAST	IVprimary	12783	1	1	97854352	97854586	-	92	0	0.0
ENSG00000188641	CELL_TYPES_WANSLEEBEN_HOGAN_2013_MAST	IVprimary	12571	1	1	97097421	97097688	-	92	0	0.0
ENSG00000092820	CELL_TYPES_WANSLEEBEN_HOGAN_2013_MAST	Normal	249385	1	6	158770712	158772080	-	152	0	0.0
ENSG00000188641	CELL_TYPES_WANSLEEBEN_HOGAN_2013_MAST	Normal	12706	1	1	97547583	97547908	-	152	3	11.3
ENSG00000188641	CELL_TYPES_WANSLEEBEN_HOGAN_2013_MAST	IVprimary	12788	1	1	97873090	97873232	-	92	0	0.0
ENSG00000092820	CELL_TYPES_WANSLEEBEN_HOGAN_2013_MAST	Normal	249421	1	6	158814458	158818266	-	152	7	26.0
ENSG00000092820	CELL_TYPES_WANSLEEBEN_HOGAN_2013_MAST	Normal	249409	1	6	158797853	158801612	-	152	0	0.0
ENSG00000188641	CELL_TYPES_WANSLEEBEN_HOGAN_2013_MAST	StageI	12746	1	1	97708893	97709759	-	209	1	4.7
ENSG00000188641	CELL_TYPES_WANSLEEBEN_HOGAN_2013_MAST	StageI	12761	1	1	97763485	97764057	-	209	0	0.0
ENSG00000188641	CELL_TYPES_WANSLEEBEN_HOGAN_2013_MAST	StageI	12748	1	1	97711899	97712915	-	209	0	0.0
ENSG00000188641	CELL_TYPES_WANSLEEBEN_HOGAN_2013_MAST	Normal	12724	1	1	97618415	97618937	-	152	18	49.4
ENSG00000188641	CELL_TYPES_WANSLEEBEN_HOGAN_2013_MAST	IVprimary	12591	1	1	97180194	97180488	-	92	0	0.0
ENSG00000188641	CELL_TYPES_WANSLEEBEN_HOGAN_2013_MAST	IVprimary	12578	1	1	97130731	97131216	-	92	0	0.0
ENSG00000188641	CELL_TYPES_WANSLEEBEN_HOGAN_2013_MAST	IVprimary	12579	1	1	97133097	97133761	-	92	0	0.0
ENSG00000188641	CELL_TYPES_WANSLEEBEN_HOGAN_2013_MAST	StageI	12763	1	1	97776011	97776514	-	209	0	0.0
ENSG00000188641	CELL_TYPES_WANSLEEBEN_HOGAN_2013_MAST	StageI	12766	1	1	97792345	97792757	-	209	18	64.9
ENSG00000188641	CELL_TYPES_WANSLEEBEN_HOGAN_2013_MAST	IVprimary	12596	1	1	97187222	97188304	-	92	0	0.0
ENSG00000188641	CELL_TYPES_WANSLEEBEN_HOGAN_2013_MAST	StageI	12800	1	1	97907849	97908610	-	209	0	0.0
ENSG00000188641	CELL_TYPES_WANSLEEBEN_HOGAN_2013_MAST	StageI	12767	1	1	97797542	97797834	-	209	1	3.1
ENSG00000188641	CELL_TYPES_WANSLEEBEN_HOGAN_2013_MAST	IVprimary	12617	1	1	97264168	97264734	-	92	3	15.2
ENSG00000188641	CELL_TYPES_WANSLEEBEN_HOGAN_2013_MAST	StageI	12781	1	1	97849598	97849893	-	209	0	0.0
ENSG00000188641	CELL_TYPES_WANSLEEBEN_HOGAN_2013_MAST	StageI	12768	1	1	97800255	97801101	-	209	0	0.0
ENSG00000188641	CELL_TYPES_WANSLEEBEN_HOGAN_2013_MAST	IVprimary	12632	1	1	97314551	97314906	-	92	0	0.0
ENSG00000188641	CELL_TYPES_WANSLEEBEN_HOGAN_2013_MAST	StageI	12783	1	1	97854352	97854586	-	209	0	0.0
ENSG00000188641	CELL_TYPES_WANSLEEBEN_HOGAN_2013_MAST	Normal	12746	1	1	97708893	97709759	-	152	1	5.3
ENSG00000188641	CELL_TYPES_WANSLEEBEN_HOGAN_2013_MAST	Normal	12761	1	1	97763485	97764057	-	152	0	0.0
ENSG00000188641	CELL_TYPES_WANSLEEBEN_HOGAN_2013_MAST	Normal	12748	1	1	97711899	97712915	-	152	0	0.0
ENSG00000188641	CELL_TYPES_WANSLEEBEN_HOGAN_2013_MAST	IVprimary	12635	1	1	97333155	97333948	-	92	0	0.0
ENSG00000188641	CELL_TYPES_WANSLEEBEN_HOGAN_2013_MAST	StageI	12571	1	1	97097421	97097688	-	209	0	0.0
ENSG00000188641	CELL_TYPES_WANSLEEBEN_HOGAN_2013_MAST	Normal	12763	1	1	97776011	97776514	-	152	0	0.0
ENSG00000188641	CELL_TYPES_WANSLEEBEN_HOGAN_2013_MAST	StageI	12788	1	1	97873090	97873232	-	209	0	0.0
ENSG00000188641	CELL_TYPES_WANSLEEBEN_HOGAN_2013_MAST	IVprimary	12638	1	1	97346100	97346845	-	92	13	53.3
ENSG00000188641	CELL_TYPES_WANSLEEBEN_HOGAN_2013_MESENCHYAL	Normal	12766	1	1	97792345	97792757	-	149	4	16.4
ENSG00000188641	CELL_TYPES_WANSLEEBEN_HOGAN_2013_MESENCHYAL	Normal	12800	1	1	97907849	97908610	-	149	66	136.4
ENSG00000188641	CELL_TYPES_WANSLEEBEN_HOGAN_2013_MESENCHYAL	Normal	12767	1	1	97797542	97797834	-	149	1	5.5
ENSG00000188641	CELL_TYPES_WANSLEEBEN_HOGAN_2013_MESENCHYAL	Met	12596	1	1	97187222	97188304	-	414	0	0.0
ENSG00000188641	CELL_TYPES_WANSLEEBEN_HOGAN_2013_MESENCHYAL	Normal	12781	1	1	97849598	97849893	-	149	8	37.4
ENSG00000188641	CELL_TYPES_WANSLEEBEN_HOGAN_2013_MESENCHYAL	Normal	12768	1	1	97800255	97801101	-	149	3	16.0
ENSG00000188641	CELL_TYPES_WANSLEEBEN_HOGAN_2013_MESENCHYAL	Met	12617	1	1	97264168	97264734	-	414	0	0.0
ENSG00000188641	CELL_TYPES_WANSLEEBEN_HOGAN_2013_MESENCHYAL	Normal	12783	1	1	97854352	97854586	-	149	6	22.6
ENSG00000188641	CELL_TYPES_WANSLEEBEN_HOGAN_2013_MESENCHYAL	Met	12632	1	1	97314551	97314906	-	414	0	0.0
ENSG00000188641	CELL_TYPES_WANSLEEBEN_HOGAN_2013_MESENCHYAL	Normal	12571	1	1	97097421	97097688	-	149	31	83.9
ENSG00000188641	CELL_TYPES_WANSLEEBEN_HOGAN_2013_MESENCHYAL	Met	12635	1	1	97333155	97333948	-	414	0	0.0
ENSG00000188641	CELL_TYPES_WANSLEEBEN_HOGAN_2013_MESENCHYAL	Normal	12788	1	1	97873090	97873232	-	149	5	28.5
ENSG00000188641	CELL_TYPES_WANSLEEBEN_HOGAN_2013_MESENCHYAL	Met	12638	1	1	97346100	97346845	-	414	0	0.0
ENSG00000188641	CELL_TYPES_WANSLEEBEN_HOGAN_2013_MESENCHYAL	Met	12654	1	1	97390771	97391562	-	414	0	0.0
ENSG00000188641	CELL_TYPES_WANSLEEBEN_HOGAN_2013_MESENCHYAL	Normal	12578	1	1	97130731	97131216	-	149	0	0.0
ENSG00000188641	CELL_TYPES_WANSLEEBEN_HOGAN_2013_MESENCHYAL	Normal	12591	1	1	97180194	97180488	-	149	4	16.5
ENSG00000188641	CELL_TYPES_WANSLEEBEN_HOGAN_2013_MESENCHYAL	Met	12655	1	1	97392446	97392881	-	414	0	0.0
ENSG00000188641	CELL_TYPES_WANSLEEBEN_HOGAN_2013_MESENCHYAL	Normal	12579	1	1	97133097	97133761	-	149	1	5.6
ENSG00000188641	CELL_TYPES_WANSLEEBEN_HOGAN_2013_MESENCHYAL	Met	12670	1	1	97429534	97429824	-	414	0	0.0
ENSG00000188641	CELL_TYPES_WANSLEEBEN_HOGAN_2013_MESENCHYAL	Met	12672	1	1	97432354	97432942	-	414	0	0.0
ENSG00000188641	CELL_TYPES_WANSLEEBEN_HOGAN_2013_MESENCHYAL	Met	12659	1	1	97400568	97402062	-	414	0	0.0
ENSG00000188641	CELL_TYPES_WANSLEEBEN_HOGAN_2013_MESENCHYAL	Normal	12596	1	1	97187222	97188304	-	149	1	4.1
ENSG00000188641	CELL_TYPES_WANSLEEBEN_HOGAN_2013_MESENCHYAL	Normal	12617	1	1	97264168	97264734	-	149	0	0.0
ENSG00000188641	CELL_TYPES_WANSLEEBEN_HOGAN_2013_MESENCHYAL	Normal	12632	1	1	97314551	97314906	-	149	4	18.3
ENSG00000188641	CELL_TYPES_WANSLEEBEN_HOGAN_2013_MESENCHYAL	Met	12710	1	1	97557226	97557683	-	414	1	10.9
ENSG00000188641	CELL_TYPES_WANSLEEBEN_HOGAN_2013_MESENCHYAL	Met	12690	1	1	97484548	97485981	-	414	0	0.0
ENSG00000188641	CELL_TYPES_WANSLEEBEN_HOGAN_2013_MESENCHYAL	Met	12677	1	1	97440492	97441735	-	414	0	0.0
ENSG00000188641	CELL_TYPES_WANSLEEBEN_HOGAN_2013_MESENCHYAL	Met	12711	1	1	97559609	97560022	-	414	0	0.0
ENSG00000188641	CELL_TYPES_WANSLEEBEN_HOGAN_2013_MESENCHYAL	Normal	12635	1	1	97333155	97333948	-	149	2	17.2
ENSG00000188641	CELL_TYPES_WANSLEEBEN_HOGAN_2013_MESENCHYAL	Met	12692	1	1	97502158	97502737	-	414	0	0.0
ENSG00000188641	CELL_TYPES_WANSLEEBEN_HOGAN_2013_MESENCHYAL	Met	12694	1	1	97524770	97525078	-	414	0	0.0
ENSG00000188641	CELL_TYPES_WANSLEEBEN_HOGAN_2013_MESENCHYAL	Normal	12638	1	1	97346100	97346845	-	149	61	157.1
ENSG00000188641	CELL_TYPES_WANSLEEBEN_HOGAN_2013_MESENCHYAL	Met	12730	1	1	97645490	97645872	-	414	0	0.0
ENSG00000188641	CELL_TYPES_WANSLEEBEN_HOGAN_2013_MESENCHYAL	Normal	12654	1	1	97390771	97391562	-	149	4	20.4
ENSG00000188641	CELL_TYPES_WANSLEEBEN_HOGAN_2013_MESENCHYAL	Met	12731	1	1	97646370	97647021	-	414	2	7.3
ENSG00000188641	CELL_TYPES_WANSLEEBEN_HOGAN_2013_MESENCHYAL	Normal	12655	1	1	97392446	97392881	-	149	0	0.0
ENSG00000188641	CELL_TYPES_WANSLEEBEN_HOGAN_2013_MESENCHYAL	Normal	12670	1	1	97429534	97429824	-	149	2	9.7
ENSG00000188641	CELL_TYPES_WANSLEEBEN_HOGAN_2013_MESENCHYAL	Met	12735	1	1	97665486	97666723	-	414	0	0.0
ENSG00000188641	CELL_TYPES_WANSLEEBEN_HOGAN_2013_MESENCHYAL	Normal	12672	1	1	97432354	97432942	-	149	4	19.8
ENSG00000188641	CELL_TYPES_WANSLEEBEN_HOGAN_2013_MESENCHYAL	Normal	12659	1	1	97400568	97402062	-	149	2	12.0
ENSG00000188641	CELL_TYPES_WANSLEEBEN_HOGAN_2013_MESENCHYAL	Met	12736	1	1	97671696	97672517	-	414	0	0.0
ENSG00000188641	CELL_TYPES_WANSLEEBEN_HOGAN_2013_MESENCHYAL	Met	12750	1	1	97714361	97714639	-	414	0	0.0
ENSG00000188641	CELL_TYPES_WANSLEEBEN_HOGAN_2013_MESENCHYAL	Met	12753	1	1	97717950	97718705	-	414	0	0.0
ENSG00000188641	CELL_TYPES_WANSLEEBEN_HOGAN_2013_MESENCHYAL	Normal	12710	1	1	97557226	97557683	-	149	136	491.8
ENSG00000188641	CELL_TYPES_WANSLEEBEN_HOGAN_2013_MESENCHYAL	Normal	12690	1	1	97484548	97485981	-	149	11	45.8
ENSG00000188641	CELL_TYPES_WANSLEEBEN_HOGAN_2013_MESENCHYAL	Normal	12677	1	1	97440492	97441735	-	149	149	670.3
ENSG00000188641	CELL_TYPES_WANSLEEBEN_HOGAN_2013_MESENCHYAL	Normal	12711	1	1	97559609	97560022	-	149	8	26.4
ENSG00000188641	CELL_TYPES_WANSLEEBEN_HOGAN_2013_MESENCHYAL	Met	12755	1	1	97719620	97720226	-	414	0	0.0
ENSG00000188641	CELL_TYPES_WANSLEEBEN_HOGAN_2013_MESENCHYAL	Normal	12692	1	1	97502158	97502737	-	149	14	57.2
ENSG00000188641	CELL_TYPES_WANSLEEBEN_HOGAN_2013_MESENCHYAL	Met	12756	1	1	97730849	97732054	-	414	0	0.0
ENSG00000188641	CELL_TYPES_WANSLEEBEN_HOGAN_2013_MESENCHYAL	Normal	12694	1	1	97524770	97525078	-	149	15	59.6
ENSG00000092820	CELL_TYPES_WANSLEEBEN_HOGAN_2013_MESENCHYAL	Normal	249395	1	6	158783099	158784177	-	149	2	9.5
ENSG00000188641	CELL_TYPES_WANSLEEBEN_HOGAN_2013_MESENCHYAL	Met	12771	1	1	97808427	97809206	-	414	0	0.0
ENSG00000188641	CELL_TYPES_WANSLEEBEN_HOGAN_2013_MESENCHYAL	Met	12758	1	1	97738789	97739235	-	414	3	10.7
ENSG00000188641	CELL_TYPES_WANSLEEBEN_HOGAN_2013_MESENCHYAL	Normal	12730	1	1	97645490	97645872	-	149	6	28.9
ENSG00000188641	CELL_TYPES_WANSLEEBEN_HOGAN_2013_MESENCHYAL	Normal	12731	1	1	97646370	97647021	-	149	2	10.5
ENSG00000092820	CELL_TYPES_WANSLEEBEN_HOGAN_2013_MESENCHYAL	Normal	249399	1	6	158786699	158787570	-	149	4	20.1
ENSG00000188641	CELL_TYPES_WANSLEEBEN_HOGAN_2013_MESENCHYAL	Met	12776	1	1	97823152	97824427	-	414	0	0.0
ENSG00000092820	CELL_TYPES_WANSLEEBEN_HOGAN_2013_MESENCHYAL	Met	249395	1	6	158783099	158784177	-	414	88	433.6
ENSG00000188641	CELL_TYPES_WANSLEEBEN_HOGAN_2013_MESENCHYAL	Met	12778	1	1	97826430	97828108	-	414	0	0.0
ENSG00000188641	CELL_TYPES_WANSLEEBEN_HOGAN_2013_MESENCHYAL	Normal	12735	1	1	97665486	97666723	-	149	3	13.5
ENSG00000188641	CELL_TYPES_WANSLEEBEN_HOGAN_2013_MESENCHYAL	Met	12779	1	1	97829840	97830188	-	414	0	0.0
ENSG00000188641	CELL_TYPES_WANSLEEBEN_HOGAN_2013_MESENCHYAL	Normal	12736	1	1	97671696	97672517	-	149	47	71.7
ENSG00000188641	CELL_TYPES_WANSLEEBEN_HOGAN_2013_MESENCHYAL	Met	12793	1	1	97882244	97882795	-	414	4	25.2
ENSG00000188641	CELL_TYPES_WANSLEEBEN_HOGAN_2013_MESENCHYAL	Normal	12750	1	1	97714361	97714639	-	149	7	29.7
ENSG00000188641	CELL_TYPES_WANSLEEBEN_HOGAN_2013_MESENCHYAL	Met	12566	1	1	97086207	97086745	-	414	0	0.0
ENSG00000092820	CELL_TYPES_WANSLEEBEN_HOGAN_2013_MESENCHYAL	Met	249399	1	6	158786699	158787570	-	414	0	0.0
ENSG00000188641	CELL_TYPES_WANSLEEBEN_HOGAN_2013_MESENCHYAL	Met	12568	1	1	97089647	97090524	-	414	0	0.0
ENSG00000188641	CELL_TYPES_WANSLEEBEN_HOGAN_2013_MESENCHYAL	Normal	12753	1	1	97717950	97718705	-	149	24	58.4
ENSG00000188641	CELL_TYPES_WANSLEEBEN_HOGAN_2013_MESENCHYAL	Met	12602	1	1	97202005	97202302	-	414	0	0.0
ENSG00000188641	CELL_TYPES_WANSLEEBEN_HOGAN_2013_MESENCHYAL	Normal	12755	1	1	97719620	97720226	-	149	136	374.8
ENSG00000188641	CELL_TYPES_WANSLEEBEN_HOGAN_2013_MESENCHYAL	Met	12799	1	1	97899199	97899765	-	414	0	0.0
ENSG00000188641	CELL_TYPES_WANSLEEBEN_HOGAN_2013_MESENCHYAL	Normal	12756	1	1	97730849	97732054	-	149	16	57.5
ENSG00000188641	CELL_TYPES_WANSLEEBEN_HOGAN_2013_MESENCHYAL	Met	12585	1	1	97164963	97165320	-	414	0	0.0
ENSG00000188641	CELL_TYPES_WANSLEEBEN_HOGAN_2013_MESENCHYAL	Met	12605	1	1	97224607	97225130	-	414	0	0.0
ENSG00000188641	CELL_TYPES_WANSLEEBEN_HOGAN_2013_MESENCHYAL	Met	12606	1	1	97225581	97226111	-	414	0	0.0
ENSG00000188641	CELL_TYPES_WANSLEEBEN_HOGAN_2013_MESENCHYAL	Normal	12771	1	1	97808427	97809206	-	149	3	14.7
ENSG00000188641	CELL_TYPES_WANSLEEBEN_HOGAN_2013_MESENCHYAL	Normal	12758	1	1	97738789	97739235	-	149	1	4.6
ENSG00000188641	CELL_TYPES_WANSLEEBEN_HOGAN_2013_MESENCHYAL	Met	12588	1	1	97170740	97171197	-	414	0	0.0
ENSG00000188641	CELL_TYPES_WANSLEEBEN_HOGAN_2013_MESENCHYAL	Normal	12776	1	1	97823152	97824427	-	149	21	69.1
ENSG00000188641	CELL_TYPES_WANSLEEBEN_HOGAN_2013_MESENCHYAL	Met	12626	1	1	97285704	97286117	-	414	9	52.7
ENSG00000188641	CELL_TYPES_WANSLEEBEN_HOGAN_2013_MESENCHYAL	Normal	12778	1	1	97826430	97828108	-	149	4	22.7
ENSG00000188641	CELL_TYPES_WANSLEEBEN_HOGAN_2013_MESENCHYAL	Met	12627	1	1	97286483	97287361	-	414	0	0.0
ENSG00000188641	CELL_TYPES_WANSLEEBEN_HOGAN_2013_MESENCHYAL	Normal	12779	1	1	97829840	97830188	-	149	1	5.4
ENSG00000188641	CELL_TYPES_WANSLEEBEN_HOGAN_2013_MESENCHYAL	Normal	12793	1	1	97882244	97882795	-	149	9	30.4
ENSG00000188641	CELL_TYPES_WANSLEEBEN_HOGAN_2013_MESENCHYAL	Normal	12566	1	1	97086207	97086745	-	149	3	14.1
ENSG00000188641	CELL_TYPES_WANSLEEBEN_HOGAN_2013_MESENCHYAL	Met	12643	1	1	97356328	97356878	-	414	1	8.0
ENSG00000188641	CELL_TYPES_WANSLEEBEN_HOGAN_2013_MESENCHYAL	Normal	12568	1	1	97089647	97090524	-	149	45	109.0
ENSG00000188641	CELL_TYPES_WANSLEEBEN_HOGAN_2013_MESENCHYAL	Normal	12602	1	1	97202005	97202302	-	149	12	47.0
ENSG00000188641	CELL_TYPES_WANSLEEBEN_HOGAN_2013_MESENCHYAL	Normal	12799	1	1	97899199	97899765	-	149	4	17.8
ENSG00000188641	CELL_TYPES_WANSLEEBEN_HOGAN_2013_MESENCHYAL	Normal	12585	1	1	97164963	97165320	-	149	2	9.7
ENSG00000188641	CELL_TYPES_WANSLEEBEN_HOGAN_2013_MESENCHYAL	Normal	12605	1	1	97224607	97225130	-	149	19	59.1
ENSG00000188641	CELL_TYPES_WANSLEEBEN_HOGAN_2013_MESENCHYAL	Met	12649	1	1	97381174	97381542	-	414	0	0.0
ENSG00000188641	CELL_TYPES_WANSLEEBEN_HOGAN_2013_MESENCHYAL	Normal	12606	1	1	97225581	97226111	-	149	1	4.2
ENSG00000188641	CELL_TYPES_WANSLEEBEN_HOGAN_2013_MESENCHYAL	Normal	12588	1	1	97170740	97171197	-	149	110	303.7
ENSG00000188641	CELL_TYPES_WANSLEEBEN_HOGAN_2013_MESENCHYAL	Met	12680	1	1	97445823	97446216	-	414	0	0.0
ENSG00000188641	CELL_TYPES_WANSLEEBEN_HOGAN_2013_MESENCHYAL	Met	12681	1	1	97448699	97449251	-	414	0	0.0
ENSG00000188641	CELL_TYPES_WANSLEEBEN_HOGAN_2013_MESENCHYAL	Normal	12626	1	1	97285704	97286117	-	149	4	17.7
ENSG00000188641	CELL_TYPES_WANSLEEBEN_HOGAN_2013_MESENCHYAL	Normal	12627	1	1	97286483	97287361	-	149	1	6.2
ENSG00000188641	CELL_TYPES_WANSLEEBEN_HOGAN_2013_MESENCHYAL	Met	12706	1	1	97547583	97547908	-	414	0	0.0
ENSG00000188641	CELL_TYPES_WANSLEEBEN_HOGAN_2013_MESENCHYAL	Normal	12643	1	1	97356328	97356878	-	149	0	0.0
ENSG00000188641	CELL_TYPES_WANSLEEBEN_HOGAN_2013_MESENCHYAL	Met	12724	1	1	97618415	97618937	-	414	1	5.3
ENSG00000188641	CELL_TYPES_WANSLEEBEN_HOGAN_2013_MESENCHYAL	Normal	12649	1	1	97381174	97381542	-	149	1	5.3
ENSG00000188641	CELL_TYPES_WANSLEEBEN_HOGAN_2013_MESENCHYAL	Normal	12680	1	1	97445823	97446216	-	149	10	33.2
ENSG00000092820	CELL_TYPES_WANSLEEBEN_HOGAN_2013_MESENCHYAL	Normal	249401	1	6	158788671	158790603	-	149	4	17.7
ENSG00000188641	CELL_TYPES_WANSLEEBEN_HOGAN_2013_MESENCHYAL	Normal	12681	1	1	97448699	97449251	-	149	50	113.2
ENSG00000188641	CELL_TYPES_WANSLEEBEN_HOGAN_2013_MESENCHYAL	Met	12746	1	1	97708893	97709759	-	414	0	0.0
ENSG00000092820	CELL_TYPES_WANSLEEBEN_HOGAN_2013_MESENCHYAL	Normal	249385	1	6	158770712	158772080	-	149	7	28.7
ENSG00000188641	CELL_TYPES_WANSLEEBEN_HOGAN_2013_MESENCHYAL	Met	12761	1	1	97763485	97764057	-	414	0	0.0
ENSG00000188641	CELL_TYPES_WANSLEEBEN_HOGAN_2013_MESENCHYAL	Met	12748	1	1	97711899	97712915	-	414	0	0.0
ENSG00000188641	CELL_TYPES_WANSLEEBEN_HOGAN_2013_MESENCHYAL	Normal	12706	1	1	97547583	97547908	-	149	18	45.0
ENSG00000188641	CELL_TYPES_WANSLEEBEN_HOGAN_2013_MESENCHYAL	Met	12763	1	1	97776011	97776514	-	414	0	0.0
ENSG00000092820	CELL_TYPES_WANSLEEBEN_HOGAN_2013_MESENCHYAL	Normal	249421	1	6	158814458	158818266	-	149	28	84.5
ENSG00000092820	CELL_TYPES_WANSLEEBEN_HOGAN_2013_MESENCHYAL	Met	249401	1	6	158788671	158790603	-	414	3	15.5
ENSG00000092820	CELL_TYPES_WANSLEEBEN_HOGAN_2013_MESENCHYAL	Normal	249409	1	6	158797853	158801612	-	149	3	14.3
ENSG00000188641	CELL_TYPES_WANSLEEBEN_HOGAN_2013_MESENCHYAL	Met	12766	1	1	97792345	97792757	-	414	0	0.0
ENSG00000188641	CELL_TYPES_WANSLEEBEN_HOGAN_2013_MESENCHYAL	Met	12800	1	1	97907849	97908610	-	414	0	0.0
ENSG00000188641	CELL_TYPES_WANSLEEBEN_HOGAN_2013_MESENCHYAL	Met	12767	1	1	97797542	97797834	-	414	0	0.0
ENSG00000188641	CELL_TYPES_WANSLEEBEN_HOGAN_2013_MESENCHYAL	Normal	12724	1	1	97618415	97618937	-	149	0	0.0
ENSG00000092820	CELL_TYPES_WANSLEEBEN_HOGAN_2013_MESENCHYAL	Met	249385	1	6	158770712	158772080	-	414	0	0.0
ENSG00000188641	CELL_TYPES_WANSLEEBEN_HOGAN_2013_MESENCHYAL	Met	12781	1	1	97849598	97849893	-	414	0	0.0
ENSG00000188641	CELL_TYPES_WANSLEEBEN_HOGAN_2013_MESENCHYAL	Met	12768	1	1	97800255	97801101	-	414	0	0.0
ENSG00000188641	CELL_TYPES_WANSLEEBEN_HOGAN_2013_MESENCHYAL	Met	12783	1	1	97854352	97854586	-	414	1	5.6
ENSG00000092820	CELL_TYPES_WANSLEEBEN_HOGAN_2013_MESENCHYAL	Met	249421	1	6	158814458	158818266	-	414	0	0.0
ENSG00000092820	CELL_TYPES_WANSLEEBEN_HOGAN_2013_MESENCHYAL	Met	249409	1	6	158797853	158801612	-	414	0	0.0
ENSG00000188641	CELL_TYPES_WANSLEEBEN_HOGAN_2013_MESENCHYAL	Met	12571	1	1	97097421	97097688	-	414	0	0.0
ENSG00000188641	CELL_TYPES_WANSLEEBEN_HOGAN_2013_MESENCHYAL	Met	12788	1	1	97873090	97873232	-	414	0	0.0
ENSG00000188641	CELL_TYPES_WANSLEEBEN_HOGAN_2013_MESENCHYAL	Normal	12746	1	1	97708893	97709759	-	149	10	40.8
ENSG00000188641	CELL_TYPES_WANSLEEBEN_HOGAN_2013_MESENCHYAL	Normal	12761	1	1	97763485	97764057	-	149	4	20.3
ENSG00000188641	CELL_TYPES_WANSLEEBEN_HOGAN_2013_MESENCHYAL	Normal	12748	1	1	97711899	97712915	-	149	3	14.7
ENSG00000188641	CELL_TYPES_WANSLEEBEN_HOGAN_2013_MESENCHYAL	Met	12578	1	1	97130731	97131216	-	414	0	0.0
ENSG00000188641	CELL_TYPES_WANSLEEBEN_HOGAN_2013_MESENCHYAL	Met	12591	1	1	97180194	97180488	-	414	55	160.6
ENSG00000188641	CELL_TYPES_WANSLEEBEN_HOGAN_2013_MESENCHYAL	Normal	12763	1	1	97776011	97776514	-	149	2	9.9
ENSG00000188641	CELL_TYPES_WANSLEEBEN_HOGAN_2013_MESENCHYAL	Met	12579	1	1	97133097	97133761	-	414	0	0.0
ENSG00000188641	CELL_TYPES_WANSLEEBEN_HOGAN_2013_MONOCYTIC	Normal	12766	1	1	97792345	97792757	-	1229	8	36.2
ENSG00000188641	CELL_TYPES_WANSLEEBEN_HOGAN_2013_MONOCYTIC	Normal	12800	1	1	97907849	97908610	-	1229	215	506.8
ENSG00000188641	CELL_TYPES_WANSLEEBEN_HOGAN_2013_MONOCYTIC	Normal	12767	1	1	97797542	97797834	-	1229	6	28.7
ENSG00000188641	CELL_TYPES_WANSLEEBEN_HOGAN_2013_MONOCYTIC	IVprimary	12654	1	1	97390771	97391562	-	99	7	29.0
ENSG00000188641	CELL_TYPES_WANSLEEBEN_HOGAN_2013_MONOCYTIC	Met	12596	1	1	97187222	97188304	-	391	0	0.0
ENSG00000188641	CELL_TYPES_WANSLEEBEN_HOGAN_2013_MONOCYTIC	Normal	12781	1	1	97849598	97849893	-	1229	14	64.6
ENSG00000188641	CELL_TYPES_WANSLEEBEN_HOGAN_2013_MONOCYTIC	Normal	12768	1	1	97800255	97801101	-	1229	7	33.0
ENSG00000188641	CELL_TYPES_WANSLEEBEN_HOGAN_2013_MONOCYTIC	IVprimary	12655	1	1	97392446	97392881	-	99	0	0.0
ENSG00000188641	CELL_TYPES_WANSLEEBEN_HOGAN_2013_MONOCYTIC	Met	12617	1	1	97264168	97264734	-	391	0	0.0
ENSG00000188641	CELL_TYPES_WANSLEEBEN_HOGAN_2013_MONOCYTIC	StageI	12591	1	1	97180194	97180488	-	1064	0	0.0
ENSG00000188641	CELL_TYPES_WANSLEEBEN_HOGAN_2013_MONOCYTIC	StageI	12578	1	1	97130731	97131216	-	1064	50	128.5
ENSG00000188641	CELL_TYPES_WANSLEEBEN_HOGAN_2013_MONOCYTIC	StageI	12579	1	1	97133097	97133761	-	1064	0	0.0
ENSG00000188641	CELL_TYPES_WANSLEEBEN_HOGAN_2013_MONOCYTIC	Normal	12783	1	1	97854352	97854586	-	1229	11	42.8
ENSG00000188641	CELL_TYPES_WANSLEEBEN_HOGAN_2013_MONOCYTIC	IVprimary	12670	1	1	97429534	97429824	-	99	0	0.0
ENSG00000188641	CELL_TYPES_WANSLEEBEN_HOGAN_2013_MONOCYTIC	Met	12632	1	1	97314551	97314906	-	391	0	0.0
ENSG00000188641	CELL_TYPES_WANSLEEBEN_HOGAN_2013_MONOCYTIC	IVprimary	12672	1	1	97432354	97432942	-	99	0	0.0
ENSG00000188641	CELL_TYPES_WANSLEEBEN_HOGAN_2013_MONOCYTIC	IVprimary	12659	1	1	97400568	97402062	-	99	0	0.0
ENSG00000188641	CELL_TYPES_WANSLEEBEN_HOGAN_2013_MONOCYTIC	Normal	12571	1	1	97097421	97097688	-	1229	76	203.5
ENSG00000188641	CELL_TYPES_WANSLEEBEN_HOGAN_2013_MONOCYTIC	Met	12635	1	1	97333155	97333948	-	391	0	0.0
ENSG00000188641	CELL_TYPES_WANSLEEBEN_HOGAN_2013_MONOCYTIC	StageI	12596	1	1	97187222	97188304	-	1064	0	0.0
ENSG00000188641	CELL_TYPES_WANSLEEBEN_HOGAN_2013_MONOCYTIC	StageI	12617	1	1	97264168	97264734	-	1064	11	59.8
ENSG00000188641	CELL_TYPES_WANSLEEBEN_HOGAN_2013_MONOCYTIC	Normal	12788	1	1	97873090	97873232	-	1229	5	27.6
ENSG00000188641	CELL_TYPES_WANSLEEBEN_HOGAN_2013_MONOCYTIC	Met	12638	1	1	97346100	97346845	-	391	0	0.0
ENSG00000188641	CELL_TYPES_WANSLEEBEN_HOGAN_2013_MONOCYTIC	StageI	12632	1	1	97314551	97314906	-	1064	6	27.2
ENSG00000188641	CELL_TYPES_WANSLEEBEN_HOGAN_2013_MONOCYTIC	IVprimary	12710	1	1	97557226	97557683	-	99	0	0.0
ENSG00000188641	CELL_TYPES_WANSLEEBEN_HOGAN_2013_MONOCYTIC	IVprimary	12690	1	1	97484548	97485981	-	99	0	0.0
ENSG00000188641	CELL_TYPES_WANSLEEBEN_HOGAN_2013_MONOCYTIC	IVprimary	12677	1	1	97440492	97441735	-	99	0	0.0
ENSG00000188641	CELL_TYPES_WANSLEEBEN_HOGAN_2013_MONOCYTIC	IVprimary	12711	1	1	97559609	97560022	-	99	0	0.0
ENSG00000188641	CELL_TYPES_WANSLEEBEN_HOGAN_2013_MONOCYTIC	IVprimary	12692	1	1	97502158	97502737	-	99	0	0.0
ENSG00000188641	CELL_TYPES_WANSLEEBEN_HOGAN_2013_MONOCYTIC	Met	12654	1	1	97390771	97391562	-	391	0	0.0
ENSG00000188641	CELL_TYPES_WANSLEEBEN_HOGAN_2013_MONOCYTIC	StageI	12635	1	1	97333155	97333948	-	1064	0	0.0
ENSG00000188641	CELL_TYPES_WANSLEEBEN_HOGAN_2013_MONOCYTIC	Normal	12578	1	1	97130731	97131216	-	1229	0	0.0
ENSG00000188641	CELL_TYPES_WANSLEEBEN_HOGAN_2013_MONOCYTIC	Normal	12591	1	1	97180194	97180488	-	1229	27	121.2
ENSG00000188641	CELL_TYPES_WANSLEEBEN_HOGAN_2013_MONOCYTIC	Met	12655	1	1	97392446	97392881	-	391	0	0.0
ENSG00000188641	CELL_TYPES_WANSLEEBEN_HOGAN_2013_MONOCYTIC	Normal	12579	1	1	97133097	97133761	-	1229	1	4.6
ENSG00000188641	CELL_TYPES_WANSLEEBEN_HOGAN_2013_MONOCYTIC	IVprimary	12694	1	1	97524770	97525078	-	99	78	215.2
ENSG00000188641	CELL_TYPES_WANSLEEBEN_HOGAN_2013_MONOCYTIC	Met	12670	1	1	97429534	97429824	-	391	0	0.0
ENSG00000188641	CELL_TYPES_WANSLEEBEN_HOGAN_2013_MONOCYTIC	StageI	12638	1	1	97346100	97346845	-	1064	3	14.2
ENSG00000188641	CELL_TYPES_WANSLEEBEN_HOGAN_2013_MONOCYTIC	IVprimary	12730	1	1	97645490	97645872	-	99	0	0.0
ENSG00000188641	CELL_TYPES_WANSLEEBEN_HOGAN_2013_MONOCYTIC	Met	12672	1	1	97432354	97432942	-	391	0	0.0
ENSG00000188641	CELL_TYPES_WANSLEEBEN_HOGAN_2013_MONOCYTIC	Met	12659	1	1	97400568	97402062	-	391	0	0.0
ENSG00000188641	CELL_TYPES_WANSLEEBEN_HOGAN_2013_MONOCYTIC	Normal	12596	1	1	97187222	97188304	-	1229	7	32.0
ENSG00000188641	CELL_TYPES_WANSLEEBEN_HOGAN_2013_MONOCYTIC	IVprimary	12731	1	1	97646370	97647021	-	99	0	0.0
ENSG00000188641	CELL_TYPES_WANSLEEBEN_HOGAN_2013_MONOCYTIC	StageI	12654	1	1	97390771	97391562	-	1064	5	24.1
ENSG00000188641	CELL_TYPES_WANSLEEBEN_HOGAN_2013_MONOCYTIC	Normal	12617	1	1	97264168	97264734	-	1229	9	45.4
ENSG00000092820	CELL_TYPES_WANSLEEBEN_HOGAN_2013_MONOCYTIC	IVprimary	249395	1	6	158783099	158784177	-	99	0	0.0
ENSG00000188641	CELL_TYPES_WANSLEEBEN_HOGAN_2013_MONOCYTIC	StageI	12655	1	1	97392446	97392881	-	1064	54	175.6
ENSG00000188641	CELL_TYPES_WANSLEEBEN_HOGAN_2013_MONOCYTIC	Normal	12632	1	1	97314551	97314906	-	1229	94	308.2
ENSG00000188641	CELL_TYPES_WANSLEEBEN_HOGAN_2013_MONOCYTIC	StageI	12670	1	1	97429534	97429824	-	1064	1	5.4
ENSG00000188641	CELL_TYPES_WANSLEEBEN_HOGAN_2013_MONOCYTIC	IVprimary	12735	1	1	97665486	97666723	-	99	0	0.0
ENSG00000188641	CELL_TYPES_WANSLEEBEN_HOGAN_2013_MONOCYTIC	Met	12710	1	1	97557226	97557683	-	391	2	13.0
ENSG00000188641	CELL_TYPES_WANSLEEBEN_HOGAN_2013_MONOCYTIC	Met	12690	1	1	97484548	97485981	-	391	0	0.0
ENSG00000188641	CELL_TYPES_WANSLEEBEN_HOGAN_2013_MONOCYTIC	Met	12677	1	1	97440492	97441735	-	391	0	0.0
ENSG00000092820	CELL_TYPES_WANSLEEBEN_HOGAN_2013_MONOCYTIC	IVprimary	249399	1	6	158786699	158787570	-	99	0	0.0
ENSG00000188641	CELL_TYPES_WANSLEEBEN_HOGAN_2013_MONOCYTIC	IVprimary	12736	1	1	97671696	97672517	-	99	0	0.0
ENSG00000188641	CELL_TYPES_WANSLEEBEN_HOGAN_2013_MONOCYTIC	Met	12711	1	1	97559609	97560022	-	391	0	0.0
ENSG00000188641	CELL_TYPES_WANSLEEBEN_HOGAN_2013_MONOCYTIC	StageI	12672	1	1	97432354	97432942	-	1064	0	0.0
ENSG00000188641	CELL_TYPES_WANSLEEBEN_HOGAN_2013_MONOCYTIC	StageI	12659	1	1	97400568	97402062	-	1064	10	57.6
ENSG00000188641	CELL_TYPES_WANSLEEBEN_HOGAN_2013_MONOCYTIC	Normal	12635	1	1	97333155	97333948	-	1229	0	0.0
ENSG00000188641	CELL_TYPES_WANSLEEBEN_HOGAN_2013_MONOCYTIC	IVprimary	12750	1	1	97714361	97714639	-	99	0	0.0
ENSG00000188641	CELL_TYPES_WANSLEEBEN_HOGAN_2013_MONOCYTIC	Met	12692	1	1	97502158	97502737	-	391	0	0.0
ENSG00000092820	CELL_TYPES_WANSLEEBEN_HOGAN_2013_MONOCYTIC	StageI	249401	1	6	158788671	158790603	-	1064	7	23.3
ENSG00000188641	CELL_TYPES_WANSLEEBEN_HOGAN_2013_MONOCYTIC	Met	12694	1	1	97524770	97525078	-	391	0	0.0
ENSG00000188641	CELL_TYPES_WANSLEEBEN_HOGAN_2013_MONOCYTIC	Normal	12638	1	1	97346100	97346845	-	1229	166	375.7
ENSG00000188641	CELL_TYPES_WANSLEEBEN_HOGAN_2013_MONOCYTIC	IVprimary	12753	1	1	97717950	97718705	-	99	0	0.0
ENSG00000188641	CELL_TYPES_WANSLEEBEN_HOGAN_2013_MONOCYTIC	StageI	12710	1	1	97557226	97557683	-	1064	24	95.9
ENSG00000188641	CELL_TYPES_WANSLEEBEN_HOGAN_2013_MONOCYTIC	StageI	12690	1	1	97484548	97485981	-	1064	17	67.9
ENSG00000188641	CELL_TYPES_WANSLEEBEN_HOGAN_2013_MONOCYTIC	StageI	12677	1	1	97440492	97441735	-	1064	0	0.0
ENSG00000188641	CELL_TYPES_WANSLEEBEN_HOGAN_2013_MONOCYTIC	IVprimary	12755	1	1	97719620	97720226	-	99	0	0.0
ENSG00000188641	CELL_TYPES_WANSLEEBEN_HOGAN_2013_MONOCYTIC	Met	12730	1	1	97645490	97645872	-	391	1	7.4
ENSG00000188641	CELL_TYPES_WANSLEEBEN_HOGAN_2013_MONOCYTIC	StageI	12711	1	1	97559609	97560022	-	1064	0	0.0
ENSG00000188641	CELL_TYPES_WANSLEEBEN_HOGAN_2013_MONOCYTIC	Normal	12654	1	1	97390771	97391562	-	1229	3	16.7
ENSG00000092820	CELL_TYPES_WANSLEEBEN_HOGAN_2013_MONOCYTIC	StageI	249385	1	6	158770712	158772080	-	1064	20	113.4
ENSG00000188641	CELL_TYPES_WANSLEEBEN_HOGAN_2013_MONOCYTIC	IVprimary	12756	1	1	97730849	97732054	-	99	0	0.0
ENSG00000188641	CELL_TYPES_WANSLEEBEN_HOGAN_2013_MONOCYTIC	Met	12731	1	1	97646370	97647021	-	391	1	4.0
ENSG00000188641	CELL_TYPES_WANSLEEBEN_HOGAN_2013_MONOCYTIC	StageI	12692	1	1	97502158	97502737	-	1064	0	0.0
ENSG00000188641	CELL_TYPES_WANSLEEBEN_HOGAN_2013_MONOCYTIC	Normal	12655	1	1	97392446	97392881	-	1229	7	30.8
ENSG00000188641	CELL_TYPES_WANSLEEBEN_HOGAN_2013_MONOCYTIC	IVprimary	12771	1	1	97808427	97809206	-	99	0	0.0
ENSG00000188641	CELL_TYPES_WANSLEEBEN_HOGAN_2013_MONOCYTIC	IVprimary	12758	1	1	97738789	97739235	-	99	0	0.0
ENSG00000188641	CELL_TYPES_WANSLEEBEN_HOGAN_2013_MONOCYTIC	StageI	12694	1	1	97524770	97525078	-	1064	0	0.0
ENSG00000188641	CELL_TYPES_WANSLEEBEN_HOGAN_2013_MONOCYTIC	Normal	12670	1	1	97429534	97429824	-	1229	1	4.9
ENSG00000092820	CELL_TYPES_WANSLEEBEN_HOGAN_2013_MONOCYTIC	StageI	249421	1	6	158814458	158818266	-	1064	33	161.8
ENSG00000092820	CELL_TYPES_WANSLEEBEN_HOGAN_2013_MONOCYTIC	StageI	249409	1	6	158797853	158801612	-	1064	56	198.4
ENSG00000188641	CELL_TYPES_WANSLEEBEN_HOGAN_2013_MONOCYTIC	Met	12735	1	1	97665486	97666723	-	391	0	0.0
ENSG00000188641	CELL_TYPES_WANSLEEBEN_HOGAN_2013_MONOCYTIC	Normal	12672	1	1	97432354	97432942	-	1229	20	85.8
ENSG00000188641	CELL_TYPES_WANSLEEBEN_HOGAN_2013_MONOCYTIC	Normal	12659	1	1	97400568	97402062	-	1229	7	39.6
ENSG00000188641	CELL_TYPES_WANSLEEBEN_HOGAN_2013_MONOCYTIC	Met	12736	1	1	97671696	97672517	-	391	0	0.0
ENSG00000188641	CELL_TYPES_WANSLEEBEN_HOGAN_2013_MONOCYTIC	StageI	12730	1	1	97645490	97645872	-	1064	5	22.5
ENSG00000188641	CELL_TYPES_WANSLEEBEN_HOGAN_2013_MONOCYTIC	Met	12750	1	1	97714361	97714639	-	391	0	0.0
ENSG00000188641	CELL_TYPES_WANSLEEBEN_HOGAN_2013_MONOCYTIC	StageI	12731	1	1	97646370	97647021	-	1064	141	520.5
ENSG00000188641	CELL_TYPES_WANSLEEBEN_HOGAN_2013_MONOCYTIC	IVprimary	12776	1	1	97823152	97824427	-	99	0	0.0
ENSG00000188641	CELL_TYPES_WANSLEEBEN_HOGAN_2013_MONOCYTIC	IVprimary	12778	1	1	97826430	97828108	-	99	0	0.0
ENSG00000188641	CELL_TYPES_WANSLEEBEN_HOGAN_2013_MONOCYTIC	Met	12753	1	1	97717950	97718705	-	391	0	0.0
ENSG00000188641	CELL_TYPES_WANSLEEBEN_HOGAN_2013_MONOCYTIC	Normal	12710	1	1	97557226	97557683	-	1229	356	1598.3
ENSG00000188641	CELL_TYPES_WANSLEEBEN_HOGAN_2013_MONOCYTIC	Normal	12690	1	1	97484548	97485981	-	1229	32	129.9
ENSG00000188641	CELL_TYPES_WANSLEEBEN_HOGAN_2013_MONOCYTIC	Normal	12677	1	1	97440492	97441735	-	1229	360	1622.1
ENSG00000188641	CELL_TYPES_WANSLEEBEN_HOGAN_2013_MONOCYTIC	IVprimary	12779	1	1	97829840	97830188	-	99	0	0.0
ENSG00000188641	CELL_TYPES_WANSLEEBEN_HOGAN_2013_MONOCYTIC	StageI	12735	1	1	97665486	97666723	-	1064	0	0.0
ENSG00000188641	CELL_TYPES_WANSLEEBEN_HOGAN_2013_MONOCYTIC	Normal	12711	1	1	97559609	97560022	-	1229	23	74.1
ENSG00000188641	CELL_TYPES_WANSLEEBEN_HOGAN_2013_MONOCYTIC	IVprimary	12793	1	1	97882244	97882795	-	99	27	81.4
ENSG00000188641	CELL_TYPES_WANSLEEBEN_HOGAN_2013_MONOCYTIC	Met	12755	1	1	97719620	97720226	-	391	0	0.0
ENSG00000188641	CELL_TYPES_WANSLEEBEN_HOGAN_2013_MONOCYTIC	StageI	12736	1	1	97671696	97672517	-	1064	7	46.0
ENSG00000188641	CELL_TYPES_WANSLEEBEN_HOGAN_2013_MONOCYTIC	Normal	12692	1	1	97502158	97502737	-	1229	31	120.2
ENSG00000188641	CELL_TYPES_WANSLEEBEN_HOGAN_2013_MONOCYTIC	IVprimary	12566	1	1	97086207	97086745	-	99	14	53.1
ENSG00000188641	CELL_TYPES_WANSLEEBEN_HOGAN_2013_MONOCYTIC	Met	12756	1	1	97730849	97732054	-	391	0	0.0
ENSG00000188641	CELL_TYPES_WANSLEEBEN_HOGAN_2013_MONOCYTIC	StageI	12750	1	1	97714361	97714639	-	1064	0	0.0
ENSG00000188641	CELL_TYPES_WANSLEEBEN_HOGAN_2013_MONOCYTIC	Normal	12694	1	1	97524770	97525078	-	1229	52	222.9
ENSG00000188641	CELL_TYPES_WANSLEEBEN_HOGAN_2013_MONOCYTIC	IVprimary	12568	1	1	97089647	97090524	-	99	0	0.0
ENSG00000092820	CELL_TYPES_WANSLEEBEN_HOGAN_2013_MONOCYTIC	Normal	249395	1	6	158783099	158784177	-	1229	12	60.2
ENSG00000188641	CELL_TYPES_WANSLEEBEN_HOGAN_2013_MONOCYTIC	Met	12771	1	1	97808427	97809206	-	391	0	0.0
ENSG00000188641	CELL_TYPES_WANSLEEBEN_HOGAN_2013_MONOCYTIC	Met	12758	1	1	97738789	97739235	-	391	0	0.0
ENSG00000188641	CELL_TYPES_WANSLEEBEN_HOGAN_2013_MONOCYTIC	IVprimary	12602	1	1	97202005	97202302	-	99	0	0.0
ENSG00000188641	CELL_TYPES_WANSLEEBEN_HOGAN_2013_MONOCYTIC	StageI	12753	1	1	97717950	97718705	-	1064	2	10.9
ENSG00000188641	CELL_TYPES_WANSLEEBEN_HOGAN_2013_MONOCYTIC	Normal	12730	1	1	97645490	97645872	-	1229	11	51.8
ENSG00000188641	CELL_TYPES_WANSLEEBEN_HOGAN_2013_MONOCYTIC	IVprimary	12799	1	1	97899199	97899765	-	99	0	0.0
ENSG00000188641	CELL_TYPES_WANSLEEBEN_HOGAN_2013_MONOCYTIC	StageI	12755	1	1	97719620	97720226	-	1064	0	0.0
ENSG00000188641	CELL_TYPES_WANSLEEBEN_HOGAN_2013_MONOCYTIC	Normal	12731	1	1	97646370	97647021	-	1229	18	87.3
ENSG00000188641	CELL_TYPES_WANSLEEBEN_HOGAN_2013_MONOCYTIC	IVprimary	12605	1	1	97224607	97225130	-	99	0	0.0
ENSG00000188641	CELL_TYPES_WANSLEEBEN_HOGAN_2013_MONOCYTIC	IVprimary	12585	1	1	97164963	97165320	-	99	0	0.0
ENSG00000092820	CELL_TYPES_WANSLEEBEN_HOGAN_2013_MONOCYTIC	Normal	249399	1	6	158786699	158787570	-	1229	8	36.9
ENSG00000188641	CELL_TYPES_WANSLEEBEN_HOGAN_2013_MONOCYTIC	StageI	12756	1	1	97730849	97732054	-	1064	45	161.0
ENSG00000188641	CELL_TYPES_WANSLEEBEN_HOGAN_2013_MONOCYTIC	IVprimary	12606	1	1	97225581	97226111	-	99	1	5.2
ENSG00000188641	CELL_TYPES_WANSLEEBEN_HOGAN_2013_MONOCYTIC	Met	12776	1	1	97823152	97824427	-	391	0	0.0
ENSG00000188641	CELL_TYPES_WANSLEEBEN_HOGAN_2013_MONOCYTIC	StageI	12771	1	1	97808427	97809206	-	1064	0	0.0
ENSG00000188641	CELL_TYPES_WANSLEEBEN_HOGAN_2013_MONOCYTIC	StageI	12758	1	1	97738789	97739235	-	1064	0	0.0
ENSG00000188641	CELL_TYPES_WANSLEEBEN_HOGAN_2013_MONOCYTIC	IVprimary	12588	1	1	97170740	97171197	-	99	1	5.7
ENSG00000092820	CELL_TYPES_WANSLEEBEN_HOGAN_2013_MONOCYTIC	Met	249395	1	6	158783099	158784177	-	391	81	379.6
ENSG00000188641	CELL_TYPES_WANSLEEBEN_HOGAN_2013_MONOCYTIC	Met	12778	1	1	97826430	97828108	-	391	4	8.0
ENSG00000188641	CELL_TYPES_WANSLEEBEN_HOGAN_2013_MONOCYTIC	Normal	12735	1	1	97665486	97666723	-	1229	29	125.4
ENSG00000188641	CELL_TYPES_WANSLEEBEN_HOGAN_2013_MONOCYTIC	Met	12779	1	1	97829840	97830188	-	391	0	0.0
ENSG00000188641	CELL_TYPES_WANSLEEBEN_HOGAN_2013_MONOCYTIC	Normal	12736	1	1	97671696	97672517	-	1229	153	233.8
ENSG00000188641	CELL_TYPES_WANSLEEBEN_HOGAN_2013_MONOCYTIC	Met	12793	1	1	97882244	97882795	-	391	2	14.5
ENSG00000188641	CELL_TYPES_WANSLEEBEN_HOGAN_2013_MONOCYTIC	Normal	12750	1	1	97714361	97714639	-	1229	12	51.1
ENSG00000188641	CELL_TYPES_WANSLEEBEN_HOGAN_2013_MONOCYTIC	Met	12566	1	1	97086207	97086745	-	391	0	0.0
ENSG00000092820	CELL_TYPES_WANSLEEBEN_HOGAN_2013_MONOCYTIC	Met	249399	1	6	158786699	158787570	-	391	0	0.0
ENSG00000188641	CELL_TYPES_WANSLEEBEN_HOGAN_2013_MONOCYTIC	StageI	12776	1	1	97823152	97824427	-	1064	6	20.5
ENSG00000188641	CELL_TYPES_WANSLEEBEN_HOGAN_2013_MONOCYTIC	IVprimary	12626	1	1	97285704	97286117	-	99	1	4.6
ENSG00000188641	CELL_TYPES_WANSLEEBEN_HOGAN_2013_MONOCYTIC	Met	12568	1	1	97089647	97090524	-	391	0	0.0
ENSG00000188641	CELL_TYPES_WANSLEEBEN_HOGAN_2013_MONOCYTIC	Normal	12753	1	1	97717950	97718705	-	1229	77	201.3
ENSG00000188641	CELL_TYPES_WANSLEEBEN_HOGAN_2013_MONOCYTIC	IVprimary	12627	1	1	97286483	97287361	-	99	0	0.0
ENSG00000188641	CELL_TYPES_WANSLEEBEN_HOGAN_2013_MONOCYTIC	Met	12602	1	1	97202005	97202302	-	391	0	0.0
ENSG00000188641	CELL_TYPES_WANSLEEBEN_HOGAN_2013_MONOCYTIC	StageI	12778	1	1	97826430	97828108	-	1064	6	23.7
ENSG00000188641	CELL_TYPES_WANSLEEBEN_HOGAN_2013_MONOCYTIC	StageI	12779	1	1	97829840	97830188	-	1064	0	0.0
ENSG00000188641	CELL_TYPES_WANSLEEBEN_HOGAN_2013_MONOCYTIC	Normal	12755	1	1	97719620	97720226	-	1229	348	988.1
ENSG00000188641	CELL_TYPES_WANSLEEBEN_HOGAN_2013_MONOCYTIC	Met	12799	1	1	97899199	97899765	-	391	0	0.0
ENSG00000188641	CELL_TYPES_WANSLEEBEN_HOGAN_2013_MONOCYTIC	StageI	12793	1	1	97882244	97882795	-	1064	42	188.8
ENSG00000188641	CELL_TYPES_WANSLEEBEN_HOGAN_2013_MONOCYTIC	Normal	12756	1	1	97730849	97732054	-	1229	34	118.9
ENSG00000188641	CELL_TYPES_WANSLEEBEN_HOGAN_2013_MONOCYTIC	IVprimary	12643	1	1	97356328	97356878	-	99	1	5.6
ENSG00000188641	CELL_TYPES_WANSLEEBEN_HOGAN_2013_MONOCYTIC	Met	12605	1	1	97224607	97225130	-	391	0	0.0
ENSG00000188641	CELL_TYPES_WANSLEEBEN_HOGAN_2013_MONOCYTIC	StageI	12566	1	1	97086207	97086745	-	1064	4	13.8
ENSG00000188641	CELL_TYPES_WANSLEEBEN_HOGAN_2013_MONOCYTIC	Met	12585	1	1	97164963	97165320	-	391	0	0.0
ENSG00000188641	CELL_TYPES_WANSLEEBEN_HOGAN_2013_MONOCYTIC	Met	12606	1	1	97225581	97226111	-	391	1	3.2
ENSG00000188641	CELL_TYPES_WANSLEEBEN_HOGAN_2013_MONOCYTIC	Normal	12771	1	1	97808427	97809206	-	1229	12	54.8
ENSG00000188641	CELL_TYPES_WANSLEEBEN_HOGAN_2013_MONOCYTIC	Normal	12758	1	1	97738789	97739235	-	1229	28	124.5
ENSG00000188641	CELL_TYPES_WANSLEEBEN_HOGAN_2013_MONOCYTIC	StageI	12568	1	1	97089647	97090524	-	1064	0	0.0
ENSG00000188641	CELL_TYPES_WANSLEEBEN_HOGAN_2013_MONOCYTIC	Met	12588	1	1	97170740	97171197	-	391	3	14.9
ENSG00000188641	CELL_TYPES_WANSLEEBEN_HOGAN_2013_MONOCYTIC	StageI	12602	1	1	97202005	97202302	-	1064	24	108.0
ENSG00000188641	CELL_TYPES_WANSLEEBEN_HOGAN_2013_MONOCYTIC	StageI	12799	1	1	97899199	97899765	-	1064	0	0.0
ENSG00000188641	CELL_TYPES_WANSLEEBEN_HOGAN_2013_MONOCYTIC	IVprimary	12649	1	1	97381174	97381542	-	99	0	0.0
ENSG00000188641	CELL_TYPES_WANSLEEBEN_HOGAN_2013_MONOCYTIC	StageI	12605	1	1	97224607	97225130	-	1064	10	63.8
ENSG00000188641	CELL_TYPES_WANSLEEBEN_HOGAN_2013_MONOCYTIC	StageI	12585	1	1	97164963	97165320	-	1064	32	106.3
ENSG00000188641	CELL_TYPES_WANSLEEBEN_HOGAN_2013_MONOCYTIC	Normal	12776	1	1	97823152	97824427	-	1229	63	201.9
ENSG00000188641	CELL_TYPES_WANSLEEBEN_HOGAN_2013_MONOCYTIC	StageI	12606	1	1	97225581	97226111	-	1064	26	130.9
ENSG00000188641	CELL_TYPES_WANSLEEBEN_HOGAN_2013_MONOCYTIC	Met	12626	1	1	97285704	97286117	-	391	0	0.0
ENSG00000188641	CELL_TYPES_WANSLEEBEN_HOGAN_2013_MONOCYTIC	Normal	12778	1	1	97826430	97828108	-	1229	10	49.4
ENSG00000188641	CELL_TYPES_WANSLEEBEN_HOGAN_2013_MONOCYTIC	Met	12627	1	1	97286483	97287361	-	391	3	27.9
ENSG00000188641	CELL_TYPES_WANSLEEBEN_HOGAN_2013_MONOCYTIC	StageI	12588	1	1	97170740	97171197	-	1064	3	18.4
ENSG00000188641	CELL_TYPES_WANSLEEBEN_HOGAN_2013_MONOCYTIC	Normal	12779	1	1	97829840	97830188	-	1229	0	0.0
ENSG00000188641	CELL_TYPES_WANSLEEBEN_HOGAN_2013_MONOCYTIC	Normal	12793	1	1	97882244	97882795	-	1229	42	150.6
ENSG00000188641	CELL_TYPES_WANSLEEBEN_HOGAN_2013_MONOCYTIC	IVprimary	12680	1	1	97445823	97446216	-	99	6	26.2
ENSG00000188641	CELL_TYPES_WANSLEEBEN_HOGAN_2013_MONOCYTIC	Normal	12566	1	1	97086207	97086745	-	1229	6	33.1
ENSG00000188641	CELL_TYPES_WANSLEEBEN_HOGAN_2013_MONOCYTIC	IVprimary	12681	1	1	97448699	97449251	-	99	0	0.0
ENSG00000188641	CELL_TYPES_WANSLEEBEN_HOGAN_2013_MONOCYTIC	Met	12643	1	1	97356328	97356878	-	391	1	5.2
ENSG00000188641	CELL_TYPES_WANSLEEBEN_HOGAN_2013_MONOCYTIC	Normal	12568	1	1	97089647	97090524	-	1229	165	402.9
ENSG00000188641	CELL_TYPES_WANSLEEBEN_HOGAN_2013_MONOCYTIC	StageI	12626	1	1	97285704	97286117	-	1064	0	0.0
ENSG00000188641	CELL_TYPES_WANSLEEBEN_HOGAN_2013_MONOCYTIC	Normal	12602	1	1	97202005	97202302	-	1229	34	128.7
ENSG00000188641	CELL_TYPES_WANSLEEBEN_HOGAN_2013_MONOCYTIC	StageI	12627	1	1	97286483	97287361	-	1064	3	14.5
ENSG00000092820	CELL_TYPES_WANSLEEBEN_HOGAN_2013_MONOCYTIC	IVprimary	249401	1	6	158788671	158790603	-	99	1	5.3
ENSG00000188641	CELL_TYPES_WANSLEEBEN_HOGAN_2013_MONOCYTIC	Normal	12799	1	1	97899199	97899765	-	1229	11	50.0
ENSG00000188641	CELL_TYPES_WANSLEEBEN_HOGAN_2013_MONOCYTIC	IVprimary	12706	1	1	97547583	97547908	-	99	0	0.0
ENSG00000188641	CELL_TYPES_WANSLEEBEN_HOGAN_2013_MONOCYTIC	Normal	12605	1	1	97224607	97225130	-	1229	56	209.7
ENSG00000188641	CELL_TYPES_WANSLEEBEN_HOGAN_2013_MONOCYTIC	Normal	12585	1	1	97164963	97165320	-	1229	1	4.3
ENSG00000188641	CELL_TYPES_WANSLEEBEN_HOGAN_2013_MONOCYTIC	Met	12649	1	1	97381174	97381542	-	391	0	0.0
ENSG00000188641	CELL_TYPES_WANSLEEBEN_HOGAN_2013_MONOCYTIC	StageI	12643	1	1	97356328	97356878	-	1064	2	13.3
ENSG00000188641	CELL_TYPES_WANSLEEBEN_HOGAN_2013_MONOCYTIC	Normal	12606	1	1	97225581	97226111	-	1229	31	129.0
ENSG00000092820	CELL_TYPES_WANSLEEBEN_HOGAN_2013_MONOCYTIC	IVprimary	249385	1	6	158770712	158772080	-	99	0	0.0
ENSG00000188641	CELL_TYPES_WANSLEEBEN_HOGAN_2013_MONOCYTIC	Normal	12588	1	1	97170740	97171197	-	1229	296	826.7
ENSG00000188641	CELL_TYPES_WANSLEEBEN_HOGAN_2013_MONOCYTIC	IVprimary	12724	1	1	97618415	97618937	-	99	0	0.0
ENSG00000092820	CELL_TYPES_WANSLEEBEN_HOGAN_2013_MONOCYTIC	IVprimary	249421	1	6	158814458	158818266	-	99	0	0.0
ENSG00000188641	CELL_TYPES_WANSLEEBEN_HOGAN_2013_MONOCYTIC	Met	12680	1	1	97445823	97446216	-	391	0	0.0
ENSG00000092820	CELL_TYPES_WANSLEEBEN_HOGAN_2013_MONOCYTIC	IVprimary	249409	1	6	158797853	158801612	-	99	3	11.6
ENSG00000188641	CELL_TYPES_WANSLEEBEN_HOGAN_2013_MONOCYTIC	Met	12681	1	1	97448699	97449251	-	391	0	0.0
ENSG00000188641	CELL_TYPES_WANSLEEBEN_HOGAN_2013_MONOCYTIC	StageI	12649	1	1	97381174	97381542	-	1064	6	27.5
ENSG00000188641	CELL_TYPES_WANSLEEBEN_HOGAN_2013_MONOCYTIC	Normal	12626	1	1	97285704	97286117	-	1229	21	89.4
ENSG00000188641	CELL_TYPES_WANSLEEBEN_HOGAN_2013_MONOCYTIC	Normal	12627	1	1	97286483	97287361	-	1229	10	50.7
ENSG00000188641	CELL_TYPES_WANSLEEBEN_HOGAN_2013_MONOCYTIC	Met	12706	1	1	97547583	97547908	-	391	0	0.0
ENSG00000188641	CELL_TYPES_WANSLEEBEN_HOGAN_2013_MONOCYTIC	StageI	12680	1	1	97445823	97446216	-	1064	2	9.4
ENSG00000188641	CELL_TYPES_WANSLEEBEN_HOGAN_2013_MONOCYTIC	Normal	12643	1	1	97356328	97356878	-	1229	3	16.7
ENSG00000188641	CELL_TYPES_WANSLEEBEN_HOGAN_2013_MONOCYTIC	StageI	12681	1	1	97448699	97449251	-	1064	1	6.9
ENSG00000188641	CELL_TYPES_WANSLEEBEN_HOGAN_2013_MONOCYTIC	IVprimary	12746	1	1	97708893	97709759	-	99	0	0.0
ENSG00000188641	CELL_TYPES_WANSLEEBEN_HOGAN_2013_MONOCYTIC	IVprimary	12761	1	1	97763485	97764057	-	99	0	0.0
ENSG00000188641	CELL_TYPES_WANSLEEBEN_HOGAN_2013_MONOCYTIC	IVprimary	12748	1	1	97711899	97712915	-	99	0	0.0
ENSG00000188641	CELL_TYPES_WANSLEEBEN_HOGAN_2013_MONOCYTIC	Met	12724	1	1	97618415	97618937	-	391	0	0.0
ENSG00000188641	CELL_TYPES_WANSLEEBEN_HOGAN_2013_MONOCYTIC	IVprimary	12763	1	1	97776011	97776514	-	99	0	0.0
ENSG00000188641	CELL_TYPES_WANSLEEBEN_HOGAN_2013_MONOCYTIC	StageI	12706	1	1	97547583	97547908	-	1064	0	0.0
ENSG00000188641	CELL_TYPES_WANSLEEBEN_HOGAN_2013_MONOCYTIC	Normal	12649	1	1	97381174	97381542	-	1229	0	0.0
ENSG00000092820	CELL_TYPES_WANSLEEBEN_HOGAN_2013_MONOCYTIC	StageI	249395	1	6	158783099	158784177	-	1064	21	106.3
ENSG00000188641	CELL_TYPES_WANSLEEBEN_HOGAN_2013_MONOCYTIC	IVprimary	12766	1	1	97792345	97792757	-	99	0	0.0
ENSG00000188641	CELL_TYPES_WANSLEEBEN_HOGAN_2013_MONOCYTIC	IVprimary	12800	1	1	97907849	97908610	-	99	0	0.0
ENSG00000188641	CELL_TYPES_WANSLEEBEN_HOGAN_2013_MONOCYTIC	IVprimary	12767	1	1	97797542	97797834	-	99	0	0.0
ENSG00000188641	CELL_TYPES_WANSLEEBEN_HOGAN_2013_MONOCYTIC	IVprimary	12781	1	1	97849598	97849893	-	99	0	0.0
ENSG00000188641	CELL_TYPES_WANSLEEBEN_HOGAN_2013_MONOCYTIC	IVprimary	12768	1	1	97800255	97801101	-	99	0	0.0
ENSG00000188641	CELL_TYPES_WANSLEEBEN_HOGAN_2013_MONOCYTIC	StageI	12724	1	1	97618415	97618937	-	1064	14	59.0
ENSG00000188641	CELL_TYPES_WANSLEEBEN_HOGAN_2013_MONOCYTIC	Normal	12680	1	1	97445823	97446216	-	1229	24	74.2
ENSG00000092820	CELL_TYPES_WANSLEEBEN_HOGAN_2013_MONOCYTIC	Normal	249401	1	6	158788671	158790603	-	1229	8	38.3
ENSG00000188641	CELL_TYPES_WANSLEEBEN_HOGAN_2013_MONOCYTIC	Normal	12681	1	1	97448699	97449251	-	1229	146	287.8
ENSG00000092820	CELL_TYPES_WANSLEEBEN_HOGAN_2013_MONOCYTIC	StageI	249399	1	6	158786699	158787570	-	1064	4	23.0
ENSG00000188641	CELL_TYPES_WANSLEEBEN_HOGAN_2013_MONOCYTIC	IVprimary	12783	1	1	97854352	97854586	-	99	0	0.0
ENSG00000188641	CELL_TYPES_WANSLEEBEN_HOGAN_2013_MONOCYTIC	Met	12746	1	1	97708893	97709759	-	391	10	39.3
ENSG00000188641	CELL_TYPES_WANSLEEBEN_HOGAN_2013_MONOCYTIC	IVprimary	12571	1	1	97097421	97097688	-	99	0	0.0
ENSG00000092820	CELL_TYPES_WANSLEEBEN_HOGAN_2013_MONOCYTIC	Normal	249385	1	6	158770712	158772080	-	1229	17	78.9
ENSG00000188641	CELL_TYPES_WANSLEEBEN_HOGAN_2013_MONOCYTIC	Met	12761	1	1	97763485	97764057	-	391	0	0.0
ENSG00000188641	CELL_TYPES_WANSLEEBEN_HOGAN_2013_MONOCYTIC	Met	12748	1	1	97711899	97712915	-	391	0	0.0
ENSG00000188641	CELL_TYPES_WANSLEEBEN_HOGAN_2013_MONOCYTIC	Normal	12706	1	1	97547583	97547908	-	1229	58	147.6
ENSG00000188641	CELL_TYPES_WANSLEEBEN_HOGAN_2013_MONOCYTIC	IVprimary	12788	1	1	97873090	97873232	-	99	0	0.0
ENSG00000188641	CELL_TYPES_WANSLEEBEN_HOGAN_2013_MONOCYTIC	Met	12763	1	1	97776011	97776514	-	391	0	0.0
ENSG00000092820	CELL_TYPES_WANSLEEBEN_HOGAN_2013_MONOCYTIC	Normal	249421	1	6	158814458	158818266	-	1229	77	256.0
ENSG00000092820	CELL_TYPES_WANSLEEBEN_HOGAN_2013_MONOCYTIC	Met	249401	1	6	158788671	158790603	-	391	0	0.0
ENSG00000092820	CELL_TYPES_WANSLEEBEN_HOGAN_2013_MONOCYTIC	Normal	249409	1	6	158797853	158801612	-	1229	8	42.4
ENSG00000188641	CELL_TYPES_WANSLEEBEN_HOGAN_2013_MONOCYTIC	StageI	12746	1	1	97708893	97709759	-	1064	4	16.4
ENSG00000188641	CELL_TYPES_WANSLEEBEN_HOGAN_2013_MONOCYTIC	Met	12766	1	1	97792345	97792757	-	391	0	0.0
ENSG00000188641	CELL_TYPES_WANSLEEBEN_HOGAN_2013_MONOCYTIC	Met	12800	1	1	97907849	97908610	-	391	0	0.0
ENSG00000188641	CELL_TYPES_WANSLEEBEN_HOGAN_2013_MONOCYTIC	Met	12767	1	1	97797542	97797834	-	391	0	0.0
ENSG00000188641	CELL_TYPES_WANSLEEBEN_HOGAN_2013_MONOCYTIC	StageI	12761	1	1	97763485	97764057	-	1064	0	0.0
ENSG00000188641	CELL_TYPES_WANSLEEBEN_HOGAN_2013_MONOCYTIC	StageI	12748	1	1	97711899	97712915	-	1064	2	9.2
ENSG00000188641	CELL_TYPES_WANSLEEBEN_HOGAN_2013_MONOCYTIC	Normal	12724	1	1	97618415	97618937	-	1229	119	386.3
ENSG00000188641	CELL_TYPES_WANSLEEBEN_HOGAN_2013_MONOCYTIC	IVprimary	12591	1	1	97180194	97180488	-	99	0	0.0
ENSG00000188641	CELL_TYPES_WANSLEEBEN_HOGAN_2013_MONOCYTIC	IVprimary	12578	1	1	97130731	97131216	-	99	0	0.0
ENSG00000092820	CELL_TYPES_WANSLEEBEN_HOGAN_2013_MONOCYTIC	Met	249385	1	6	158770712	158772080	-	391	0	0.0
ENSG00000188641	CELL_TYPES_WANSLEEBEN_HOGAN_2013_MONOCYTIC	Met	12781	1	1	97849598	97849893	-	391	0	0.0
ENSG00000188641	CELL_TYPES_WANSLEEBEN_HOGAN_2013_MONOCYTIC	Met	12768	1	1	97800255	97801101	-	391	8	31.5
ENSG00000188641	CELL_TYPES_WANSLEEBEN_HOGAN_2013_MONOCYTIC	IVprimary	12579	1	1	97133097	97133761	-	99	0	0.0
ENSG00000188641	CELL_TYPES_WANSLEEBEN_HOGAN_2013_MONOCYTIC	StageI	12763	1	1	97776011	97776514	-	1064	6	37.3
ENSG00000188641	CELL_TYPES_WANSLEEBEN_HOGAN_2013_MONOCYTIC	Met	12783	1	1	97854352	97854586	-	391	2	18.9
ENSG00000092820	CELL_TYPES_WANSLEEBEN_HOGAN_2013_MONOCYTIC	Met	249421	1	6	158814458	158818266	-	391	0	0.0
ENSG00000092820	CELL_TYPES_WANSLEEBEN_HOGAN_2013_MONOCYTIC	Met	249409	1	6	158797853	158801612	-	391	0	0.0
ENSG00000188641	CELL_TYPES_WANSLEEBEN_HOGAN_2013_MONOCYTIC	StageI	12766	1	1	97792345	97792757	-	1064	66	257.6
ENSG00000188641	CELL_TYPES_WANSLEEBEN_HOGAN_2013_MONOCYTIC	Met	12571	1	1	97097421	97097688	-	391	0	0.0
ENSG00000188641	CELL_TYPES_WANSLEEBEN_HOGAN_2013_MONOCYTIC	IVprimary	12596	1	1	97187222	97188304	-	99	0	0.0
ENSG00000188641	CELL_TYPES_WANSLEEBEN_HOGAN_2013_MONOCYTIC	StageI	12800	1	1	97907849	97908610	-	1064	0	0.0
ENSG00000188641	CELL_TYPES_WANSLEEBEN_HOGAN_2013_MONOCYTIC	StageI	12767	1	1	97797542	97797834	-	1064	2	13.4
ENSG00000188641	CELL_TYPES_WANSLEEBEN_HOGAN_2013_MONOCYTIC	IVprimary	12617	1	1	97264168	97264734	-	99	0	0.0
ENSG00000188641	CELL_TYPES_WANSLEEBEN_HOGAN_2013_MONOCYTIC	StageI	12781	1	1	97849598	97849893	-	1064	1	5.8
ENSG00000188641	CELL_TYPES_WANSLEEBEN_HOGAN_2013_MONOCYTIC	StageI	12768	1	1	97800255	97801101	-	1064	0	0.0
ENSG00000188641	CELL_TYPES_WANSLEEBEN_HOGAN_2013_MONOCYTIC	Met	12788	1	1	97873090	97873232	-	391	0	0.0
ENSG00000188641	CELL_TYPES_WANSLEEBEN_HOGAN_2013_MONOCYTIC	IVprimary	12632	1	1	97314551	97314906	-	99	0	0.0
ENSG00000188641	CELL_TYPES_WANSLEEBEN_HOGAN_2013_MONOCYTIC	StageI	12783	1	1	97854352	97854586	-	1064	0	0.0
ENSG00000188641	CELL_TYPES_WANSLEEBEN_HOGAN_2013_MONOCYTIC	Normal	12746	1	1	97708893	97709759	-	1229	40	147.8
ENSG00000188641	CELL_TYPES_WANSLEEBEN_HOGAN_2013_MONOCYTIC	Normal	12761	1	1	97763485	97764057	-	1229	8	38.0
ENSG00000188641	CELL_TYPES_WANSLEEBEN_HOGAN_2013_MONOCYTIC	Normal	12748	1	1	97711899	97712915	-	1229	13	59.4
ENSG00000188641	CELL_TYPES_WANSLEEBEN_HOGAN_2013_MONOCYTIC	IVprimary	12635	1	1	97333155	97333948	-	99	0	0.0
ENSG00000188641	CELL_TYPES_WANSLEEBEN_HOGAN_2013_MONOCYTIC	StageI	12571	1	1	97097421	97097688	-	1064	1	6.3
ENSG00000188641	CELL_TYPES_WANSLEEBEN_HOGAN_2013_MONOCYTIC	Met	12578	1	1	97130731	97131216	-	391	0	0.0
ENSG00000188641	CELL_TYPES_WANSLEEBEN_HOGAN_2013_MONOCYTIC	Met	12591	1	1	97180194	97180488	-	391	22	64.2
ENSG00000188641	CELL_TYPES_WANSLEEBEN_HOGAN_2013_MONOCYTIC	Normal	12763	1	1	97776011	97776514	-	1229	11	58.2
ENSG00000188641	CELL_TYPES_WANSLEEBEN_HOGAN_2013_MONOCYTIC	Met	12579	1	1	97133097	97133761	-	391	0	0.0
ENSG00000188641	CELL_TYPES_WANSLEEBEN_HOGAN_2013_MONOCYTIC	StageI	12788	1	1	97873090	97873232	-	1064	0	0.0
ENSG00000188641	CELL_TYPES_WANSLEEBEN_HOGAN_2013_MONOCYTIC	IVprimary	12638	1	1	97346100	97346845	-	99	7	26.6
ENSG00000188641	CELL_TYPES_WANSLEEBEN_HOGAN_2013_NE_CELLS	Met	12615	1	1	97261591	97262398	-	114	0	0.0
ENSG00000188641	CELL_TYPES_WANSLEEBEN_HOGAN_2013_NE_CELLS	Met	12616	1	1	97262615	97263134	-	114	0	0.0
ENSG00000188641	CELL_TYPES_WANSLEEBEN_HOGAN_2013_NE_CELLS	StageI	12610	1	1	97234471	97235106	-	93	0	0.0
ENSG00000188641	CELL_TYPES_WANSLEEBEN_HOGAN_2013_NE_CELLS	Met	12617	1	1	97264168	97264734	-	114	17	37.7
ENSG00000188641	CELL_TYPES_WANSLEEBEN_HOGAN_2013_NE_CELLS	Met	12630	1	1	97305861	97306245	-	114	0	0.0
ENSG00000188641	CELL_TYPES_WANSLEEBEN_HOGAN_2013_NE_CELLS	Met	12599	1	1	97191635	97193144	-	114	1	3.4
ENSG00000188641	CELL_TYPES_WANSLEEBEN_HOGAN_2013_NE_CELLS	StageI	12615	1	1	97261591	97262398	-	93	0	0.0
ENSG00000188641	CELL_TYPES_WANSLEEBEN_HOGAN_2013_NE_CELLS	StageI	12616	1	1	97262615	97263134	-	93	1	4.7
ENSG00000188641	CELL_TYPES_WANSLEEBEN_HOGAN_2013_NE_CELLS	StageI	12617	1	1	97264168	97264734	-	93	2	10.4
ENSG00000188641	CELL_TYPES_WANSLEEBEN_HOGAN_2013_NE_CELLS	Met	12636	1	1	97337750	97338091	-	114	0	0.0
ENSG00000188641	CELL_TYPES_WANSLEEBEN_HOGAN_2013_NE_CELLS	StageI	12630	1	1	97305861	97306245	-	93	0	0.0
ENSG00000188641	CELL_TYPES_WANSLEEBEN_HOGAN_2013_NE_CELLS	StageI	12599	1	1	97191635	97193144	-	93	1	4.1
ENSG00000188641	CELL_TYPES_WANSLEEBEN_HOGAN_2013_NE_CELLS	Met	12639	1	1	97347135	97348205	-	114	0	0.0
ENSG00000188641	CELL_TYPES_WANSLEEBEN_HOGAN_2013_NE_CELLS	Met	12654	1	1	97390771	97391562	-	114	24	49.8
ENSG00000188641	CELL_TYPES_WANSLEEBEN_HOGAN_2013_NE_CELLS	StageI	12636	1	1	97337750	97338091	-	93	0	0.0
ENSG00000112137	CELL_TYPES_WANSLEEBEN_HOGAN_2013_NE_CELLS	StageI	234962	1	6	13286776	13287858	+	93	1	6.6
ENSG00000188641	CELL_TYPES_WANSLEEBEN_HOGAN_2013_NE_CELLS	StageI	12639	1	1	97347135	97348205	-	93	0	0.0
ENSG00000188641	CELL_TYPES_WANSLEEBEN_HOGAN_2013_NE_CELLS	Met	12659	1	1	97400568	97402062	-	114	0	0.0
ENSG00000188641	CELL_TYPES_WANSLEEBEN_HOGAN_2013_NE_CELLS	StageI	12654	1	1	97390771	97391562	-	93	2	6.2
ENSG00000188641	CELL_TYPES_WANSLEEBEN_HOGAN_2013_NE_CELLS	Met	12675	1	1	97438655	97440174	-	114	5	26.1
ENSG00000188641	CELL_TYPES_WANSLEEBEN_HOGAN_2013_NE_CELLS	Met	12710	1	1	97557226	97557683	-	114	7	20.2
ENSG00000188641	CELL_TYPES_WANSLEEBEN_HOGAN_2013_NE_CELLS	StageI	12659	1	1	97400568	97402062	-	93	1	7.2
ENSG00000188641	CELL_TYPES_WANSLEEBEN_HOGAN_2013_NE_CELLS	Met	12712	1	1	97567445	97567646	-	114	0	0.0
ENSG00000188641	CELL_TYPES_WANSLEEBEN_HOGAN_2013_NE_CELLS	StageI	12675	1	1	97438655	97440174	-	93	2	9.4
ENSG00000092820	CELL_TYPES_WANSLEEBEN_HOGAN_2013_NE_CELLS	StageI	249382	1	6	158765407	158768180	-	93	0	0.0
ENSG00000112137	CELL_TYPES_WANSLEEBEN_HOGAN_2013_NE_CELLS	Met	234962	1	6	13286776	13287858	+	114	0	0.0
ENSG00000188641	CELL_TYPES_WANSLEEBEN_HOGAN_2013_NE_CELLS	Met	12695	1	1	97527002	97527505	-	114	0	0.0
ENSG00000188641	CELL_TYPES_WANSLEEBEN_HOGAN_2013_NE_CELLS	Met	12716	1	1	97583514	97584070	-	114	7	21.2
ENSG00000188641	CELL_TYPES_WANSLEEBEN_HOGAN_2013_NE_CELLS	StageI	12710	1	1	97557226	97557683	-	93	1	3.1
ENSG00000188641	CELL_TYPES_WANSLEEBEN_HOGAN_2013_NE_CELLS	Met	12697	1	1	97528811	97530612	-	114	2	4.3
ENSG00000092820	CELL_TYPES_WANSLEEBEN_HOGAN_2013_NE_CELLS	StageI	249385	1	6	158770712	158772080	-	93	0	0.0
ENSG00000188641	CELL_TYPES_WANSLEEBEN_HOGAN_2013_NE_CELLS	Met	12731	1	1	97646370	97647021	-	114	11	35.7
ENSG00000188641	CELL_TYPES_WANSLEEBEN_HOGAN_2013_NE_CELLS	StageI	12712	1	1	97567445	97567646	-	93	0	0.0
ENSG00000092820	CELL_TYPES_WANSLEEBEN_HOGAN_2013_NE_CELLS	StageI	249386	1	6	158772325	158772495	-	93	0	0.0
ENSG00000188641	CELL_TYPES_WANSLEEBEN_HOGAN_2013_NE_CELLS	Met	12732	1	1	97653324	97653990	-	114	38	95.8
ENSG00000188641	CELL_TYPES_WANSLEEBEN_HOGAN_2013_NE_CELLS	Met	12699	1	1	97531986	97533446	-	114	0	0.0
ENSG00000188641	CELL_TYPES_WANSLEEBEN_HOGAN_2013_NE_CELLS	Met	12733	1	1	97656259	97657704	-	114	8	20.7
ENSG00000188641	CELL_TYPES_WANSLEEBEN_HOGAN_2013_NE_CELLS	StageI	12695	1	1	97527002	97527505	-	93	0	0.0
ENSG00000092820	CELL_TYPES_WANSLEEBEN_HOGAN_2013_NE_CELLS	StageI	249409	1	6	158797853	158801612	-	93	1	3.3
ENSG00000188641	CELL_TYPES_WANSLEEBEN_HOGAN_2013_NE_CELLS	StageI	12716	1	1	97583514	97584070	-	93	2	10.8
ENSG00000188641	CELL_TYPES_WANSLEEBEN_HOGAN_2013_NE_CELLS	StageI	12697	1	1	97528811	97530612	-	93	0	0.0
ENSG00000188641	CELL_TYPES_WANSLEEBEN_HOGAN_2013_NE_CELLS	Met	12737	1	1	97673171	97673529	-	114	0	0.0
ENSG00000188641	CELL_TYPES_WANSLEEBEN_HOGAN_2013_NE_CELLS	StageI	12731	1	1	97646370	97647021	-	93	1	6.1
ENSG00000188641	CELL_TYPES_WANSLEEBEN_HOGAN_2013_NE_CELLS	Met	12738	1	1	97675800	97676224	-	114	0	0.0
ENSG00000188641	CELL_TYPES_WANSLEEBEN_HOGAN_2013_NE_CELLS	StageI	12732	1	1	97653324	97653990	-	93	0	0.0
ENSG00000188641	CELL_TYPES_WANSLEEBEN_HOGAN_2013_NE_CELLS	StageI	12699	1	1	97531986	97533446	-	93	0	0.0
ENSG00000188641	CELL_TYPES_WANSLEEBEN_HOGAN_2013_NE_CELLS	StageI	12733	1	1	97656259	97657704	-	93	1	5.4
ENSG00000188641	CELL_TYPES_WANSLEEBEN_HOGAN_2013_NE_CELLS	Met	12756	1	1	97730849	97732054	-	114	3	10.3
ENSG00000188641	CELL_TYPES_WANSLEEBEN_HOGAN_2013_NE_CELLS	StageI	12737	1	1	97673171	97673529	-	93	0	0.0
ENSG00000188641	CELL_TYPES_WANSLEEBEN_HOGAN_2013_NE_CELLS	StageI	12738	1	1	97675800	97676224	-	93	0	0.0
ENSG00000092820	CELL_TYPES_WANSLEEBEN_HOGAN_2013_NE_CELLS	Met	249392	1	6	158780475	158782352	-	114	0	0.0
ENSG00000188641	CELL_TYPES_WANSLEEBEN_HOGAN_2013_NE_CELLS	StageI	12756	1	1	97730849	97732054	-	93	1	2.5
ENSG00000092820	CELL_TYPES_WANSLEEBEN_HOGAN_2013_NE_CELLS	Met	249413	1	6	158804989	158807427	-	114	0	0.0
ENSG00000188641	CELL_TYPES_WANSLEEBEN_HOGAN_2013_NE_CELLS	Met	12778	1	1	97826430	97828108	-	114	0	0.0
ENSG00000188641	CELL_TYPES_WANSLEEBEN_HOGAN_2013_NE_CELLS	Met	12793	1	1	97882244	97882795	-	114	0	0.0
ENSG00000188641	CELL_TYPES_WANSLEEBEN_HOGAN_2013_NE_CELLS	Met	12602	1	1	97202005	97202302	-	114	0	0.0
ENSG00000188641	CELL_TYPES_WANSLEEBEN_HOGAN_2013_NE_CELLS	Met	12797	1	1	97897274	97897915	-	114	0	0.0
ENSG00000188641	CELL_TYPES_WANSLEEBEN_HOGAN_2013_NE_CELLS	StageI	12778	1	1	97826430	97828108	-	93	15	44.3
ENSG00000188641	CELL_TYPES_WANSLEEBEN_HOGAN_2013_NE_CELLS	Met	12798	1	1	97898670	97898909	-	114	0	0.0
ENSG00000188641	CELL_TYPES_WANSLEEBEN_HOGAN_2013_NE_CELLS	StageI	12793	1	1	97882244	97882795	-	93	4	15.6
ENSG00000188641	CELL_TYPES_WANSLEEBEN_HOGAN_2013_NE_CELLS	Met	12605	1	1	97224607	97225130	-	114	0	0.0
ENSG00000188641	CELL_TYPES_WANSLEEBEN_HOGAN_2013_NE_CELLS	Met	12586	1	1	97168876	97169320	-	114	4	15.8
ENSG00000188641	CELL_TYPES_WANSLEEBEN_HOGAN_2013_NE_CELLS	Met	12587	1	1	97169534	97169983	-	114	0	0.0
ENSG00000188641	CELL_TYPES_WANSLEEBEN_HOGAN_2013_NE_CELLS	Met	12588	1	1	97170740	97171197	-	114	0	0.0
ENSG00000188641	CELL_TYPES_WANSLEEBEN_HOGAN_2013_NE_CELLS	StageI	12602	1	1	97202005	97202302	-	93	1	6.7
ENSG00000188641	CELL_TYPES_WANSLEEBEN_HOGAN_2013_NE_CELLS	StageI	12797	1	1	97897274	97897915	-	93	0	0.0
ENSG00000188641	CELL_TYPES_WANSLEEBEN_HOGAN_2013_NE_CELLS	Met	12609	1	1	97232131	97233025	-	114	0	0.0
ENSG00000188641	CELL_TYPES_WANSLEEBEN_HOGAN_2013_NE_CELLS	Met	12622	1	1	97282441	97282692	-	114	0	0.0
ENSG00000188641	CELL_TYPES_WANSLEEBEN_HOGAN_2013_NE_CELLS	StageI	12798	1	1	97898670	97898909	-	93	0	0.0
ENSG00000188641	CELL_TYPES_WANSLEEBEN_HOGAN_2013_NE_CELLS	StageI	12605	1	1	97224607	97225130	-	93	2	9.6
ENSG00000188641	CELL_TYPES_WANSLEEBEN_HOGAN_2013_NE_CELLS	Met	12624	1	1	97283105	97283800	-	114	0	0.0
ENSG00000188641	CELL_TYPES_WANSLEEBEN_HOGAN_2013_NE_CELLS	StageI	12586	1	1	97168876	97169320	-	93	0	0.0
ENSG00000188641	CELL_TYPES_WANSLEEBEN_HOGAN_2013_NE_CELLS	StageI	12587	1	1	97169534	97169983	-	93	3	14.5
ENSG00000188641	CELL_TYPES_WANSLEEBEN_HOGAN_2013_NE_CELLS	StageI	12588	1	1	97170740	97171197	-	93	1	3.1
ENSG00000188641	CELL_TYPES_WANSLEEBEN_HOGAN_2013_NE_CELLS	StageI	12609	1	1	97232131	97233025	-	93	0	0.0
ENSG00000188641	CELL_TYPES_WANSLEEBEN_HOGAN_2013_NE_CELLS	StageI	12622	1	1	97282441	97282692	-	93	1	4.5
ENSG00000188641	CELL_TYPES_WANSLEEBEN_HOGAN_2013_NE_CELLS	StageI	12624	1	1	97283105	97283800	-	93	0	0.0
ENSG00000112137	CELL_TYPES_WANSLEEBEN_HOGAN_2013_NE_CELLS	StageI	234950	1	6	13275628	13276060	+	93	0	0.0
ENSG00000188641	CELL_TYPES_WANSLEEBEN_HOGAN_2013_NE_CELLS	Met	12660	1	1	97402972	97403285	-	114	0	0.0
ENSG00000188641	CELL_TYPES_WANSLEEBEN_HOGAN_2013_NE_CELLS	Met	12661	1	1	97403812	97404383	-	114	0	0.0
ENSG00000188641	CELL_TYPES_WANSLEEBEN_HOGAN_2013_NE_CELLS	Met	12649	1	1	97381174	97381542	-	114	0	0.0
ENSG00000188641	CELL_TYPES_WANSLEEBEN_HOGAN_2013_NE_CELLS	Met	12663	1	1	97406380	97406762	-	114	1	4.5
ENSG00000188641	CELL_TYPES_WANSLEEBEN_HOGAN_2013_NE_CELLS	Met	12664	1	1	97408515	97408798	-	114	0	0.0
ENSG00000112137	CELL_TYPES_WANSLEEBEN_HOGAN_2013_NE_CELLS	StageI	234957	1	6	13281052	13281496	+	93	5	19.3
ENSG00000188641	CELL_TYPES_WANSLEEBEN_HOGAN_2013_NE_CELLS	StageI	12660	1	1	97402972	97403285	-	93	0	0.0
ENSG00000188641	CELL_TYPES_WANSLEEBEN_HOGAN_2013_NE_CELLS	StageI	12661	1	1	97403812	97404383	-	93	0	0.0
ENSG00000112137	CELL_TYPES_WANSLEEBEN_HOGAN_2013_NE_CELLS	StageI	234959	1	6	13283449	13284475	+	93	1	3.6
ENSG00000188641	CELL_TYPES_WANSLEEBEN_HOGAN_2013_NE_CELLS	StageI	12649	1	1	97381174	97381542	-	93	0	0.0
ENSG00000188641	CELL_TYPES_WANSLEEBEN_HOGAN_2013_NE_CELLS	Met	12669	1	1	97428862	97429161	-	114	0	0.0
ENSG00000188641	CELL_TYPES_WANSLEEBEN_HOGAN_2013_NE_CELLS	StageI	12663	1	1	97406380	97406762	-	93	0	0.0
ENSG00000112137	CELL_TYPES_WANSLEEBEN_HOGAN_2013_NE_CELLS	Met	234950	1	6	13275628	13276060	+	114	0	0.0
ENSG00000188641	CELL_TYPES_WANSLEEBEN_HOGAN_2013_NE_CELLS	StageI	12664	1	1	97408515	97408798	-	93	0	0.0
ENSG00000188641	CELL_TYPES_WANSLEEBEN_HOGAN_2013_NE_CELLS	Met	12685	1	1	97471662	97472056	-	114	0	0.0
ENSG00000188641	CELL_TYPES_WANSLEEBEN_HOGAN_2013_NE_CELLS	Met	12721	1	1	97615693	97615895	-	114	0	0.0
ENSG00000188641	CELL_TYPES_WANSLEEBEN_HOGAN_2013_NE_CELLS	StageI	12669	1	1	97428862	97429161	-	93	0	0.0
ENSG00000112137	CELL_TYPES_WANSLEEBEN_HOGAN_2013_NE_CELLS	Met	234957	1	6	13281052	13281496	+	114	0	0.0
ENSG00000188641	CELL_TYPES_WANSLEEBEN_HOGAN_2013_NE_CELLS	Met	12724	1	1	97618415	97618937	-	114	0	0.0
ENSG00000188641	CELL_TYPES_WANSLEEBEN_HOGAN_2013_NE_CELLS	StageI	12685	1	1	97471662	97472056	-	93	0	0.0
ENSG00000092820	CELL_TYPES_WANSLEEBEN_HOGAN_2013_NE_CELLS	StageI	249392	1	6	158780475	158782352	-	93	0	0.0
ENSG00000112137	CELL_TYPES_WANSLEEBEN_HOGAN_2013_NE_CELLS	Met	234959	1	6	13283449	13284475	+	114	0	0.0
ENSG00000188641	CELL_TYPES_WANSLEEBEN_HOGAN_2013_NE_CELLS	Met	12725	1	1	97625101	97625449	-	114	0	0.0
ENSG00000092820	CELL_TYPES_WANSLEEBEN_HOGAN_2013_NE_CELLS	StageI	249413	1	6	158804989	158807427	-	93	1	4.2
ENSG00000188641	CELL_TYPES_WANSLEEBEN_HOGAN_2013_NE_CELLS	StageI	12721	1	1	97615693	97615895	-	93	0	0.0
ENSG00000188641	CELL_TYPES_WANSLEEBEN_HOGAN_2013_NE_CELLS	Met	12729	1	1	97644557	97645194	-	114	10	23.4
ENSG00000188641	CELL_TYPES_WANSLEEBEN_HOGAN_2013_NE_CELLS	StageI	12724	1	1	97618415	97618937	-	93	2	11.7
ENSG00000188641	CELL_TYPES_WANSLEEBEN_HOGAN_2013_NE_CELLS	StageI	12725	1	1	97625101	97625449	-	93	4	12.4
ENSG00000188641	CELL_TYPES_WANSLEEBEN_HOGAN_2013_NE_CELLS	StageI	12729	1	1	97644557	97645194	-	93	1	2.5
ENSG00000188641	CELL_TYPES_WANSLEEBEN_HOGAN_2013_NE_CELLS	Met	12763	1	1	97776011	97776514	-	114	0	0.0
ENSG00000188641	CELL_TYPES_WANSLEEBEN_HOGAN_2013_NE_CELLS	Met	12764	1	1	97783468	97783998	-	114	24	52.2
ENSG00000092820	CELL_TYPES_WANSLEEBEN_HOGAN_2013_NE_CELLS	Met	249382	1	6	158765407	158768180	-	114	0	0.0
ENSG00000188641	CELL_TYPES_WANSLEEBEN_HOGAN_2013_NE_CELLS	Met	12765	1	1	97785779	97786166	-	114	33	84.9
ENSG00000092820	CELL_TYPES_WANSLEEBEN_HOGAN_2013_NE_CELLS	Met	249385	1	6	158770712	158772080	-	114	0	0.0
ENSG00000092820	CELL_TYPES_WANSLEEBEN_HOGAN_2013_NE_CELLS	Met	249386	1	6	158772325	158772495	-	114	0	0.0
ENSG00000188641	CELL_TYPES_WANSLEEBEN_HOGAN_2013_NE_CELLS	StageI	12763	1	1	97776011	97776514	-	93	0	0.0
ENSG00000188641	CELL_TYPES_WANSLEEBEN_HOGAN_2013_NE_CELLS	StageI	12764	1	1	97783468	97783998	-	93	0	0.0
ENSG00000188641	CELL_TYPES_WANSLEEBEN_HOGAN_2013_NE_CELLS	StageI	12765	1	1	97785779	97786166	-	93	0	0.0
ENSG00000092820	CELL_TYPES_WANSLEEBEN_HOGAN_2013_NE_CELLS	Met	249409	1	6	158797853	158801612	-	114	0	0.0
ENSG00000188641	CELL_TYPES_WANSLEEBEN_HOGAN_2013_NE_CELLS	Met	12575	1	1	97118217	97118752	-	114	0	0.0
ENSG00000188641	CELL_TYPES_WANSLEEBEN_HOGAN_2013_NE_CELLS	Met	12610	1	1	97234471	97235106	-	114	0	0.0
ENSG00000188641	CELL_TYPES_WANSLEEBEN_HOGAN_2013_NE_CELLS	StageI	12575	1	1	97118217	97118752	-	93	0	0.0
ENSG00000188641	CELL_TYPES_WANSLEEBEN_HOGAN_2013_NK_CELLS	Met	12615	1	1	97261591	97262398	-	74	3	15.8
ENSG00000188641	CELL_TYPES_WANSLEEBEN_HOGAN_2013_NK_CELLS	Met	12616	1	1	97262615	97263134	-	74	2	13.6
ENSG00000188641	CELL_TYPES_WANSLEEBEN_HOGAN_2013_NK_CELLS	StageI	12610	1	1	97234471	97235106	-	516	0	0.0
ENSG00000188641	CELL_TYPES_WANSLEEBEN_HOGAN_2013_NK_CELLS	Met	12617	1	1	97264168	97264734	-	74	0	0.0
ENSG00000188641	CELL_TYPES_WANSLEEBEN_HOGAN_2013_NK_CELLS	Met	12630	1	1	97305861	97306245	-	74	1	5.6
ENSG00000188641	CELL_TYPES_WANSLEEBEN_HOGAN_2013_NK_CELLS	Met	12599	1	1	97191635	97193144	-	74	3	17.2
ENSG00000188641	CELL_TYPES_WANSLEEBEN_HOGAN_2013_NK_CELLS	StageI	12615	1	1	97261591	97262398	-	516	2	10.1
ENSG00000188641	CELL_TYPES_WANSLEEBEN_HOGAN_2013_NK_CELLS	StageI	12616	1	1	97262615	97263134	-	516	2	11.9
ENSG00000188641	CELL_TYPES_WANSLEEBEN_HOGAN_2013_NK_CELLS	StageI	12617	1	1	97264168	97264734	-	516	1	6.8
ENSG00000188641	CELL_TYPES_WANSLEEBEN_HOGAN_2013_NK_CELLS	Met	12636	1	1	97337750	97338091	-	74	6	29.3
ENSG00000188641	CELL_TYPES_WANSLEEBEN_HOGAN_2013_NK_CELLS	StageI	12630	1	1	97305861	97306245	-	516	3	20.2
ENSG00000188641	CELL_TYPES_WANSLEEBEN_HOGAN_2013_NK_CELLS	StageI	12599	1	1	97191635	97193144	-	516	4	18.8
ENSG00000188641	CELL_TYPES_WANSLEEBEN_HOGAN_2013_NK_CELLS	Met	12639	1	1	97347135	97348205	-	74	0	0.0
ENSG00000188641	CELL_TYPES_WANSLEEBEN_HOGAN_2013_NK_CELLS	Met	12654	1	1	97390771	97391562	-	74	0	0.0
ENSG00000188641	CELL_TYPES_WANSLEEBEN_HOGAN_2013_NK_CELLS	StageI	12636	1	1	97337750	97338091	-	516	0	0.0
ENSG00000112137	CELL_TYPES_WANSLEEBEN_HOGAN_2013_NK_CELLS	StageI	234962	1	6	13286776	13287858	+	516	0	0.0
ENSG00000188641	CELL_TYPES_WANSLEEBEN_HOGAN_2013_NK_CELLS	StageI	12639	1	1	97347135	97348205	-	516	1	7.3
ENSG00000188641	CELL_TYPES_WANSLEEBEN_HOGAN_2013_NK_CELLS	Met	12659	1	1	97400568	97402062	-	74	0	0.0
ENSG00000188641	CELL_TYPES_WANSLEEBEN_HOGAN_2013_NK_CELLS	StageI	12654	1	1	97390771	97391562	-	516	5	13.5
ENSG00000188641	CELL_TYPES_WANSLEEBEN_HOGAN_2013_NK_CELLS	Met	12675	1	1	97438655	97440174	-	74	0	0.0
ENSG00000188641	CELL_TYPES_WANSLEEBEN_HOGAN_2013_NK_CELLS	Met	12710	1	1	97557226	97557683	-	74	0	0.0
ENSG00000188641	CELL_TYPES_WANSLEEBEN_HOGAN_2013_NK_CELLS	StageI	12659	1	1	97400568	97402062	-	516	3	17.6
ENSG00000188641	CELL_TYPES_WANSLEEBEN_HOGAN_2013_NK_CELLS	Met	12712	1	1	97567445	97567646	-	74	0	0.0
ENSG00000188641	CELL_TYPES_WANSLEEBEN_HOGAN_2013_NK_CELLS	StageI	12675	1	1	97438655	97440174	-	516	2	10.7
ENSG00000092820	CELL_TYPES_WANSLEEBEN_HOGAN_2013_NK_CELLS	StageI	249382	1	6	158765407	158768180	-	516	9	57.2
ENSG00000112137	CELL_TYPES_WANSLEEBEN_HOGAN_2013_NK_CELLS	Met	234962	1	6	13286776	13287858	+	74	0	0.0
ENSG00000188641	CELL_TYPES_WANSLEEBEN_HOGAN_2013_NK_CELLS	Met	12695	1	1	97527002	97527505	-	74	0	0.0
ENSG00000188641	CELL_TYPES_WANSLEEBEN_HOGAN_2013_NK_CELLS	Met	12716	1	1	97583514	97584070	-	74	0	0.0
ENSG00000188641	CELL_TYPES_WANSLEEBEN_HOGAN_2013_NK_CELLS	StageI	12710	1	1	97557226	97557683	-	516	4	20.7
ENSG00000188641	CELL_TYPES_WANSLEEBEN_HOGAN_2013_NK_CELLS	Met	12697	1	1	97528811	97530612	-	74	1	5.2
ENSG00000092820	CELL_TYPES_WANSLEEBEN_HOGAN_2013_NK_CELLS	StageI	249385	1	6	158770712	158772080	-	516	14	80.3
ENSG00000188641	CELL_TYPES_WANSLEEBEN_HOGAN_2013_NK_CELLS	Met	12731	1	1	97646370	97647021	-	74	0	0.0
ENSG00000188641	CELL_TYPES_WANSLEEBEN_HOGAN_2013_NK_CELLS	StageI	12712	1	1	97567445	97567646	-	516	1	4.8
ENSG00000092820	CELL_TYPES_WANSLEEBEN_HOGAN_2013_NK_CELLS	StageI	249386	1	6	158772325	158772495	-	516	23	128.4
ENSG00000188641	CELL_TYPES_WANSLEEBEN_HOGAN_2013_NK_CELLS	Met	12732	1	1	97653324	97653990	-	74	0	0.0
ENSG00000188641	CELL_TYPES_WANSLEEBEN_HOGAN_2013_NK_CELLS	Met	12699	1	1	97531986	97533446	-	74	0	0.0
ENSG00000188641	CELL_TYPES_WANSLEEBEN_HOGAN_2013_NK_CELLS	Met	12733	1	1	97656259	97657704	-	74	0	0.0
ENSG00000188641	CELL_TYPES_WANSLEEBEN_HOGAN_2013_NK_CELLS	StageI	12695	1	1	97527002	97527505	-	516	1	6.2
ENSG00000092820	CELL_TYPES_WANSLEEBEN_HOGAN_2013_NK_CELLS	StageI	249409	1	6	158797853	158801612	-	516	18	95.1
ENSG00000188641	CELL_TYPES_WANSLEEBEN_HOGAN_2013_NK_CELLS	StageI	12716	1	1	97583514	97584070	-	516	1	5.5
ENSG00000188641	CELL_TYPES_WANSLEEBEN_HOGAN_2013_NK_CELLS	StageI	12697	1	1	97528811	97530612	-	516	2	10.0
ENSG00000188641	CELL_TYPES_WANSLEEBEN_HOGAN_2013_NK_CELLS	Met	12737	1	1	97673171	97673529	-	74	0	0.0
ENSG00000188641	CELL_TYPES_WANSLEEBEN_HOGAN_2013_NK_CELLS	StageI	12731	1	1	97646370	97647021	-	516	86	344.5
ENSG00000188641	CELL_TYPES_WANSLEEBEN_HOGAN_2013_NK_CELLS	Met	12738	1	1	97675800	97676224	-	74	0	0.0
ENSG00000188641	CELL_TYPES_WANSLEEBEN_HOGAN_2013_NK_CELLS	StageI	12732	1	1	97653324	97653990	-	516	1	5.7
ENSG00000188641	CELL_TYPES_WANSLEEBEN_HOGAN_2013_NK_CELLS	StageI	12699	1	1	97531986	97533446	-	516	0	0.0
ENSG00000188641	CELL_TYPES_WANSLEEBEN_HOGAN_2013_NK_CELLS	StageI	12733	1	1	97656259	97657704	-	516	9	50.8
ENSG00000188641	CELL_TYPES_WANSLEEBEN_HOGAN_2013_NK_CELLS	Met	12756	1	1	97730849	97732054	-	74	0	0.0
ENSG00000188641	CELL_TYPES_WANSLEEBEN_HOGAN_2013_NK_CELLS	StageI	12737	1	1	97673171	97673529	-	516	4	21.4
ENSG00000188641	CELL_TYPES_WANSLEEBEN_HOGAN_2013_NK_CELLS	StageI	12738	1	1	97675800	97676224	-	516	2	13.5
ENSG00000092820	CELL_TYPES_WANSLEEBEN_HOGAN_2013_NK_CELLS	Met	249392	1	6	158780475	158782352	-	74	0	0.0
ENSG00000188641	CELL_TYPES_WANSLEEBEN_HOGAN_2013_NK_CELLS	StageI	12756	1	1	97730849	97732054	-	516	8	37.6
ENSG00000092820	CELL_TYPES_WANSLEEBEN_HOGAN_2013_NK_CELLS	Met	249413	1	6	158804989	158807427	-	74	3	12.6
ENSG00000188641	CELL_TYPES_WANSLEEBEN_HOGAN_2013_NK_CELLS	Met	12778	1	1	97826430	97828108	-	74	22	70.6
ENSG00000188641	CELL_TYPES_WANSLEEBEN_HOGAN_2013_NK_CELLS	Met	12793	1	1	97882244	97882795	-	74	0	0.0
ENSG00000188641	CELL_TYPES_WANSLEEBEN_HOGAN_2013_NK_CELLS	Met	12602	1	1	97202005	97202302	-	74	0	0.0
ENSG00000188641	CELL_TYPES_WANSLEEBEN_HOGAN_2013_NK_CELLS	Met	12797	1	1	97897274	97897915	-	74	0	0.0
ENSG00000188641	CELL_TYPES_WANSLEEBEN_HOGAN_2013_NK_CELLS	StageI	12778	1	1	97826430	97828108	-	516	2	11.6
ENSG00000188641	CELL_TYPES_WANSLEEBEN_HOGAN_2013_NK_CELLS	Met	12798	1	1	97898670	97898909	-	74	0	0.0
ENSG00000188641	CELL_TYPES_WANSLEEBEN_HOGAN_2013_NK_CELLS	StageI	12793	1	1	97882244	97882795	-	516	32	142.9
ENSG00000188641	CELL_TYPES_WANSLEEBEN_HOGAN_2013_NK_CELLS	Met	12605	1	1	97224607	97225130	-	74	0	0.0
ENSG00000188641	CELL_TYPES_WANSLEEBEN_HOGAN_2013_NK_CELLS	Met	12586	1	1	97168876	97169320	-	74	0	0.0
ENSG00000188641	CELL_TYPES_WANSLEEBEN_HOGAN_2013_NK_CELLS	Met	12587	1	1	97169534	97169983	-	74	3	16.0
ENSG00000188641	CELL_TYPES_WANSLEEBEN_HOGAN_2013_NK_CELLS	Met	12588	1	1	97170740	97171197	-	74	1	6.1
ENSG00000188641	CELL_TYPES_WANSLEEBEN_HOGAN_2013_NK_CELLS	StageI	12602	1	1	97202005	97202302	-	516	5	22.2
ENSG00000188641	CELL_TYPES_WANSLEEBEN_HOGAN_2013_NK_CELLS	StageI	12797	1	1	97897274	97897915	-	516	0	0.0
ENSG00000188641	CELL_TYPES_WANSLEEBEN_HOGAN_2013_NK_CELLS	Met	12609	1	1	97232131	97233025	-	74	0	0.0
ENSG00000188641	CELL_TYPES_WANSLEEBEN_HOGAN_2013_NK_CELLS	Met	12622	1	1	97282441	97282692	-	74	0	0.0
ENSG00000188641	CELL_TYPES_WANSLEEBEN_HOGAN_2013_NK_CELLS	StageI	12798	1	1	97898670	97898909	-	516	6	31.6
ENSG00000188641	CELL_TYPES_WANSLEEBEN_HOGAN_2013_NK_CELLS	StageI	12605	1	1	97224607	97225130	-	516	4	22.5
ENSG00000188641	CELL_TYPES_WANSLEEBEN_HOGAN_2013_NK_CELLS	Met	12624	1	1	97283105	97283800	-	74	0	0.0
ENSG00000188641	CELL_TYPES_WANSLEEBEN_HOGAN_2013_NK_CELLS	StageI	12586	1	1	97168876	97169320	-	516	2	14.7
ENSG00000188641	CELL_TYPES_WANSLEEBEN_HOGAN_2013_NK_CELLS	StageI	12587	1	1	97169534	97169983	-	516	2	12.6
ENSG00000188641	CELL_TYPES_WANSLEEBEN_HOGAN_2013_NK_CELLS	StageI	12588	1	1	97170740	97171197	-	516	1	5.1
ENSG00000188641	CELL_TYPES_WANSLEEBEN_HOGAN_2013_NK_CELLS	StageI	12609	1	1	97232131	97233025	-	516	1	5.7
ENSG00000188641	CELL_TYPES_WANSLEEBEN_HOGAN_2013_NK_CELLS	StageI	12622	1	1	97282441	97282692	-	516	4	22.6
ENSG00000188641	CELL_TYPES_WANSLEEBEN_HOGAN_2013_NK_CELLS	StageI	12624	1	1	97283105	97283800	-	516	4	22.5
ENSG00000112137	CELL_TYPES_WANSLEEBEN_HOGAN_2013_NK_CELLS	StageI	234950	1	6	13275628	13276060	+	516	0	0.0
ENSG00000188641	CELL_TYPES_WANSLEEBEN_HOGAN_2013_NK_CELLS	Met	12660	1	1	97402972	97403285	-	74	0	0.0
ENSG00000188641	CELL_TYPES_WANSLEEBEN_HOGAN_2013_NK_CELLS	Met	12661	1	1	97403812	97404383	-	74	0	0.0
ENSG00000188641	CELL_TYPES_WANSLEEBEN_HOGAN_2013_NK_CELLS	Met	12649	1	1	97381174	97381542	-	74	0	0.0
ENSG00000188641	CELL_TYPES_WANSLEEBEN_HOGAN_2013_NK_CELLS	Met	12663	1	1	97406380	97406762	-	74	0	0.0
ENSG00000188641	CELL_TYPES_WANSLEEBEN_HOGAN_2013_NK_CELLS	Met	12664	1	1	97408515	97408798	-	74	0	0.0
ENSG00000112137	CELL_TYPES_WANSLEEBEN_HOGAN_2013_NK_CELLS	StageI	234957	1	6	13281052	13281496	+	516	0	0.0
ENSG00000188641	CELL_TYPES_WANSLEEBEN_HOGAN_2013_NK_CELLS	StageI	12660	1	1	97402972	97403285	-	516	0	0.0
ENSG00000188641	CELL_TYPES_WANSLEEBEN_HOGAN_2013_NK_CELLS	StageI	12661	1	1	97403812	97404383	-	516	1	3.8
ENSG00000112137	CELL_TYPES_WANSLEEBEN_HOGAN_2013_NK_CELLS	StageI	234959	1	6	13283449	13284475	+	516	7	38.7
ENSG00000188641	CELL_TYPES_WANSLEEBEN_HOGAN_2013_NK_CELLS	StageI	12649	1	1	97381174	97381542	-	516	5	31.4
ENSG00000188641	CELL_TYPES_WANSLEEBEN_HOGAN_2013_NK_CELLS	Met	12669	1	1	97428862	97429161	-	74	0	0.0
ENSG00000188641	CELL_TYPES_WANSLEEBEN_HOGAN_2013_NK_CELLS	StageI	12663	1	1	97406380	97406762	-	516	0	0.0
ENSG00000112137	CELL_TYPES_WANSLEEBEN_HOGAN_2013_NK_CELLS	Met	234950	1	6	13275628	13276060	+	74	0	0.0
ENSG00000188641	CELL_TYPES_WANSLEEBEN_HOGAN_2013_NK_CELLS	StageI	12664	1	1	97408515	97408798	-	516	0	0.0
ENSG00000188641	CELL_TYPES_WANSLEEBEN_HOGAN_2013_NK_CELLS	Met	12685	1	1	97471662	97472056	-	74	4	20.1
ENSG00000188641	CELL_TYPES_WANSLEEBEN_HOGAN_2013_NK_CELLS	Met	12721	1	1	97615693	97615895	-	74	0	0.0
ENSG00000188641	CELL_TYPES_WANSLEEBEN_HOGAN_2013_NK_CELLS	StageI	12669	1	1	97428862	97429161	-	516	1	5.8
ENSG00000112137	CELL_TYPES_WANSLEEBEN_HOGAN_2013_NK_CELLS	Met	234957	1	6	13281052	13281496	+	74	0	0.0
ENSG00000188641	CELL_TYPES_WANSLEEBEN_HOGAN_2013_NK_CELLS	Met	12724	1	1	97618415	97618937	-	74	0	0.0
ENSG00000188641	CELL_TYPES_WANSLEEBEN_HOGAN_2013_NK_CELLS	StageI	12685	1	1	97471662	97472056	-	516	1	6.5
ENSG00000092820	CELL_TYPES_WANSLEEBEN_HOGAN_2013_NK_CELLS	StageI	249392	1	6	158780475	158782352	-	516	9	61.3
ENSG00000112137	CELL_TYPES_WANSLEEBEN_HOGAN_2013_NK_CELLS	Met	234959	1	6	13283449	13284475	+	74	2	14.0
ENSG00000188641	CELL_TYPES_WANSLEEBEN_HOGAN_2013_NK_CELLS	Met	12725	1	1	97625101	97625449	-	74	0	0.0
ENSG00000092820	CELL_TYPES_WANSLEEBEN_HOGAN_2013_NK_CELLS	StageI	249413	1	6	158804989	158807427	-	516	4	22.0
ENSG00000188641	CELL_TYPES_WANSLEEBEN_HOGAN_2013_NK_CELLS	StageI	12721	1	1	97615693	97615895	-	516	2	16.9
ENSG00000188641	CELL_TYPES_WANSLEEBEN_HOGAN_2013_NK_CELLS	Met	12729	1	1	97644557	97645194	-	74	0	0.0
ENSG00000188641	CELL_TYPES_WANSLEEBEN_HOGAN_2013_NK_CELLS	StageI	12724	1	1	97618415	97618937	-	516	6	32.1
ENSG00000188641	CELL_TYPES_WANSLEEBEN_HOGAN_2013_NK_CELLS	StageI	12725	1	1	97625101	97625449	-	516	29	111.1
ENSG00000188641	CELL_TYPES_WANSLEEBEN_HOGAN_2013_NK_CELLS	StageI	12729	1	1	97644557	97645194	-	516	56	243.5
ENSG00000188641	CELL_TYPES_WANSLEEBEN_HOGAN_2013_NK_CELLS	Met	12763	1	1	97776011	97776514	-	74	0	0.0
ENSG00000188641	CELL_TYPES_WANSLEEBEN_HOGAN_2013_NK_CELLS	Met	12764	1	1	97783468	97783998	-	74	1	6.7
ENSG00000092820	CELL_TYPES_WANSLEEBEN_HOGAN_2013_NK_CELLS	Met	249382	1	6	158765407	158768180	-	74	0	0.0
ENSG00000188641	CELL_TYPES_WANSLEEBEN_HOGAN_2013_NK_CELLS	Met	12765	1	1	97785779	97786166	-	74	0	0.0
ENSG00000092820	CELL_TYPES_WANSLEEBEN_HOGAN_2013_NK_CELLS	Met	249385	1	6	158770712	158772080	-	74	0	0.0
ENSG00000092820	CELL_TYPES_WANSLEEBEN_HOGAN_2013_NK_CELLS	Met	249386	1	6	158772325	158772495	-	74	0	0.0
ENSG00000188641	CELL_TYPES_WANSLEEBEN_HOGAN_2013_NK_CELLS	StageI	12763	1	1	97776011	97776514	-	516	0	0.0
ENSG00000188641	CELL_TYPES_WANSLEEBEN_HOGAN_2013_NK_CELLS	StageI	12764	1	1	97783468	97783998	-	516	81	338.1
ENSG00000188641	CELL_TYPES_WANSLEEBEN_HOGAN_2013_NK_CELLS	StageI	12765	1	1	97785779	97786166	-	516	0	0.0
ENSG00000092820	CELL_TYPES_WANSLEEBEN_HOGAN_2013_NK_CELLS	Met	249409	1	6	158797853	158801612	-	74	1	6.6
ENSG00000188641	CELL_TYPES_WANSLEEBEN_HOGAN_2013_NK_CELLS	Met	12575	1	1	97118217	97118752	-	74	0	0.0
ENSG00000188641	CELL_TYPES_WANSLEEBEN_HOGAN_2013_NK_CELLS	Met	12610	1	1	97234471	97235106	-	74	0	0.0
ENSG00000188641	CELL_TYPES_WANSLEEBEN_HOGAN_2013_NK_CELLS	StageI	12575	1	1	97118217	97118752	-	516	2	15.0
ENSG00000188641	CELL_TYPES_WANSLEEBEN_HOGAN_2013_PERICYTES	StageI	12577	1	1	97128610	97130002	-	142	8	34.9
ENSG00000112137	CELL_TYPES_WANSLEEBEN_HOGAN_2013_PERICYTES	StageI	234921	1	6	13176832	13177054	+	142	0	0.0
ENSG00000188641	CELL_TYPES_WANSLEEBEN_HOGAN_2013_PERICYTES	IVprimary	12655	1	1	97392446	97392881	-	72	0	0.0
ENSG00000188641	CELL_TYPES_WANSLEEBEN_HOGAN_2013_PERICYTES	Met	12617	1	1	97264168	97264734	-	178	12	25.8
ENSG00000188641	CELL_TYPES_WANSLEEBEN_HOGAN_2013_PERICYTES	StageI	12578	1	1	97130731	97131216	-	142	8	26.3
ENSG00000112137	CELL_TYPES_WANSLEEBEN_HOGAN_2013_PERICYTES	StageI	234922	1	6	13185139	13185403	+	142	0	0.0
ENSG00000188641	CELL_TYPES_WANSLEEBEN_HOGAN_2013_PERICYTES	Met	12631	1	1	97313721	97314145	-	178	0	0.0
ENSG00000188641	CELL_TYPES_WANSLEEBEN_HOGAN_2013_PERICYTES	Met	12632	1	1	97314551	97314906	-	178	1	2.6
ENSG00000188641	CELL_TYPES_WANSLEEBEN_HOGAN_2013_PERICYTES	StageI	12594	1	1	97186368	97186815	-	142	0	0.0
ENSG00000112137	CELL_TYPES_WANSLEEBEN_HOGAN_2013_PERICYTES	StageI	234925	1	6	13198210	13198548	+	142	1	6.8
ENSG00000188641	CELL_TYPES_WANSLEEBEN_HOGAN_2013_PERICYTES	IVprimary	12659	1	1	97400568	97402062	-	72	0	0.0
ENSG00000112137	CELL_TYPES_WANSLEEBEN_HOGAN_2013_PERICYTES	StageI	234926	1	6	13199052	13199314	+	142	1	6.1
ENSG00000188641	CELL_TYPES_WANSLEEBEN_HOGAN_2013_PERICYTES	IVprimary	12673	1	1	97435080	97435434	-	72	0	0.0
ENSG00000188641	CELL_TYPES_WANSLEEBEN_HOGAN_2013_PERICYTES	IVprimary	12674	1	1	97437392	97438207	-	72	1	4.4
ENSG00000188641	CELL_TYPES_WANSLEEBEN_HOGAN_2013_PERICYTES	StageI	12617	1	1	97264168	97264734	-	142	0	0.0
ENSG00000112137	CELL_TYPES_WANSLEEBEN_HOGAN_2013_PERICYTES	StageI	234928	1	6	13205918	13206273	+	142	0	0.0
ENSG00000188641	CELL_TYPES_WANSLEEBEN_HOGAN_2013_PERICYTES	IVprimary	12675	1	1	97438655	97440174	-	72	0	0.0
ENSG00000188641	CELL_TYPES_WANSLEEBEN_HOGAN_2013_PERICYTES	StageI	12631	1	1	97313721	97314145	-	142	1	5.2
ENSG00000188641	CELL_TYPES_WANSLEEBEN_HOGAN_2013_PERICYTES	Met	12651	1	1	97384471	97384759	-	178	0	0.0
ENSG00000188641	CELL_TYPES_WANSLEEBEN_HOGAN_2013_PERICYTES	Met	12638	1	1	97346100	97346845	-	178	0	0.0
ENSG00000188641	CELL_TYPES_WANSLEEBEN_HOGAN_2013_PERICYTES	StageI	12632	1	1	97314551	97314906	-	142	1	6.0
ENSG00000188641	CELL_TYPES_WANSLEEBEN_HOGAN_2013_PERICYTES	Met	12639	1	1	97347135	97348205	-	178	0	0.0
ENSG00000112137	CELL_TYPES_WANSLEEBEN_HOGAN_2013_PERICYTES	Met	234921	1	6	13176832	13177054	+	178	0	0.0
ENSG00000188641	CELL_TYPES_WANSLEEBEN_HOGAN_2013_PERICYTES	IVprimary	12679	1	1	97444294	97444514	-	72	0	0.0
ENSG00000112137	CELL_TYPES_WANSLEEBEN_HOGAN_2013_PERICYTES	Met	234922	1	6	13185139	13185403	+	178	0	0.0
ENSG00000188641	CELL_TYPES_WANSLEEBEN_HOGAN_2013_PERICYTES	IVprimary	12693	1	1	97514812	97515152	-	72	2	8.5
ENSG00000188641	CELL_TYPES_WANSLEEBEN_HOGAN_2013_PERICYTES	Met	12655	1	1	97392446	97392881	-	178	0	0.0
ENSG00000188641	CELL_TYPES_WANSLEEBEN_HOGAN_2013_PERICYTES	IVprimary	12714	1	1	97577962	97578101	-	72	0	0.0
ENSG00000188641	CELL_TYPES_WANSLEEBEN_HOGAN_2013_PERICYTES	IVprimary	12695	1	1	97527002	97527505	-	72	7	32.8
ENSG00000188641	CELL_TYPES_WANSLEEBEN_HOGAN_2013_PERICYTES	StageI	12651	1	1	97384471	97384759	-	142	0	0.0
ENSG00000188641	CELL_TYPES_WANSLEEBEN_HOGAN_2013_PERICYTES	StageI	12638	1	1	97346100	97346845	-	142	0	0.0
ENSG00000112137	CELL_TYPES_WANSLEEBEN_HOGAN_2013_PERICYTES	Met	234925	1	6	13198210	13198548	+	178	0	0.0
ENSG00000188641	CELL_TYPES_WANSLEEBEN_HOGAN_2013_PERICYTES	IVprimary	12716	1	1	97583514	97584070	-	72	0	0.0
ENSG00000188641	CELL_TYPES_WANSLEEBEN_HOGAN_2013_PERICYTES	StageI	12639	1	1	97347135	97348205	-	142	0	0.0
ENSG00000112137	CELL_TYPES_WANSLEEBEN_HOGAN_2013_PERICYTES	Met	234926	1	6	13199052	13199314	+	178	0	0.0
ENSG00000188641	CELL_TYPES_WANSLEEBEN_HOGAN_2013_PERICYTES	IVprimary	12730	1	1	97645490	97645872	-	72	0	0.0
ENSG00000188641	CELL_TYPES_WANSLEEBEN_HOGAN_2013_PERICYTES	Met	12659	1	1	97400568	97402062	-	178	0	0.0
ENSG00000188641	CELL_TYPES_WANSLEEBEN_HOGAN_2013_PERICYTES	IVprimary	12698	1	1	97530998	97531416	-	72	0	0.0
ENSG00000188641	CELL_TYPES_WANSLEEBEN_HOGAN_2013_PERICYTES	Met	12673	1	1	97435080	97435434	-	178	0	0.0
ENSG00000112137	CELL_TYPES_WANSLEEBEN_HOGAN_2013_PERICYTES	Met	234928	1	6	13205918	13206273	+	178	0	0.0
ENSG00000188641	CELL_TYPES_WANSLEEBEN_HOGAN_2013_PERICYTES	IVprimary	12732	1	1	97653324	97653990	-	72	0	0.0
ENSG00000188641	CELL_TYPES_WANSLEEBEN_HOGAN_2013_PERICYTES	IVprimary	12719	1	1	97603146	97603482	-	72	0	0.0
ENSG00000188641	CELL_TYPES_WANSLEEBEN_HOGAN_2013_PERICYTES	Met	12674	1	1	97437392	97438207	-	178	0	0.0
ENSG00000188641	CELL_TYPES_WANSLEEBEN_HOGAN_2013_PERICYTES	StageI	12655	1	1	97392446	97392881	-	142	26	67.6
ENSG00000092820	CELL_TYPES_WANSLEEBEN_HOGAN_2013_PERICYTES	IVprimary	249416	1	6	158809902	158811360	-	72	0	0.0
ENSG00000188641	CELL_TYPES_WANSLEEBEN_HOGAN_2013_PERICYTES	IVprimary	12733	1	1	97656259	97657704	-	72	0	0.0
ENSG00000188641	CELL_TYPES_WANSLEEBEN_HOGAN_2013_PERICYTES	Met	12675	1	1	97438655	97440174	-	178	1	5.1
ENSG00000092820	CELL_TYPES_WANSLEEBEN_HOGAN_2013_PERICYTES	IVprimary	249397	1	6	158785326	158785587	-	72	8	36.6
ENSG00000092820	CELL_TYPES_WANSLEEBEN_HOGAN_2013_PERICYTES	IVprimary	249399	1	6	158786699	158787570	-	72	0	0.0
ENSG00000188641	CELL_TYPES_WANSLEEBEN_HOGAN_2013_PERICYTES	IVprimary	12736	1	1	97671696	97672517	-	72	0	0.0
ENSG00000188641	CELL_TYPES_WANSLEEBEN_HOGAN_2013_PERICYTES	StageI	12659	1	1	97400568	97402062	-	142	0	0.0
ENSG00000188641	CELL_TYPES_WANSLEEBEN_HOGAN_2013_PERICYTES	Met	12679	1	1	97444294	97444514	-	178	0	0.0
ENSG00000188641	CELL_TYPES_WANSLEEBEN_HOGAN_2013_PERICYTES	StageI	12673	1	1	97435080	97435434	-	142	0	0.0
ENSG00000188641	CELL_TYPES_WANSLEEBEN_HOGAN_2013_PERICYTES	Met	12693	1	1	97514812	97515152	-	178	0	0.0
ENSG00000188641	CELL_TYPES_WANSLEEBEN_HOGAN_2013_PERICYTES	StageI	12674	1	1	97437392	97438207	-	142	2	12.7
ENSG00000092820	CELL_TYPES_WANSLEEBEN_HOGAN_2013_PERICYTES	StageI	249401	1	6	158788671	158790603	-	142	0	0.0
ENSG00000188641	CELL_TYPES_WANSLEEBEN_HOGAN_2013_PERICYTES	IVprimary	12752	1	1	97717019	97717290	-	72	1	6.0
ENSG00000188641	CELL_TYPES_WANSLEEBEN_HOGAN_2013_PERICYTES	Met	12714	1	1	97577962	97578101	-	178	0	0.0
ENSG00000188641	CELL_TYPES_WANSLEEBEN_HOGAN_2013_PERICYTES	StageI	12675	1	1	97438655	97440174	-	142	2	9.5
ENSG00000092820	CELL_TYPES_WANSLEEBEN_HOGAN_2013_PERICYTES	StageI	249382	1	6	158765407	158768180	-	142	0	0.0
ENSG00000188641	CELL_TYPES_WANSLEEBEN_HOGAN_2013_PERICYTES	IVprimary	12753	1	1	97717950	97718705	-	72	0	0.0
ENSG00000188641	CELL_TYPES_WANSLEEBEN_HOGAN_2013_PERICYTES	Met	12695	1	1	97527002	97527505	-	178	0	0.0
ENSG00000092820	CELL_TYPES_WANSLEEBEN_HOGAN_2013_PERICYTES	StageI	249403	1	6	158791381	158793011	-	142	0	0.0
ENSG00000188641	CELL_TYPES_WANSLEEBEN_HOGAN_2013_PERICYTES	Met	12716	1	1	97583514	97584070	-	178	6	20.0
ENSG00000188641	CELL_TYPES_WANSLEEBEN_HOGAN_2013_PERICYTES	Met	12730	1	1	97645490	97645872	-	178	3	11.5
ENSG00000092820	CELL_TYPES_WANSLEEBEN_HOGAN_2013_PERICYTES	StageI	249405	1	6	158794170	158794719	-	142	1	4.8
ENSG00000188641	CELL_TYPES_WANSLEEBEN_HOGAN_2013_PERICYTES	IVprimary	12756	1	1	97730849	97732054	-	72	0	0.0
ENSG00000188641	CELL_TYPES_WANSLEEBEN_HOGAN_2013_PERICYTES	Met	12698	1	1	97530998	97531416	-	178	0	0.0
ENSG00000188641	CELL_TYPES_WANSLEEBEN_HOGAN_2013_PERICYTES	StageI	12679	1	1	97444294	97444514	-	142	2	10.1
ENSG00000188641	CELL_TYPES_WANSLEEBEN_HOGAN_2013_PERICYTES	Met	12732	1	1	97653324	97653990	-	178	27	64.8
ENSG00000188641	CELL_TYPES_WANSLEEBEN_HOGAN_2013_PERICYTES	Met	12719	1	1	97603146	97603482	-	178	0	0.0
ENSG00000188641	CELL_TYPES_WANSLEEBEN_HOGAN_2013_PERICYTES	StageI	12693	1	1	97514812	97515152	-	142	0	0.0
ENSG00000092820	CELL_TYPES_WANSLEEBEN_HOGAN_2013_PERICYTES	StageI	249407	1	6	158794997	158795766	-	142	0	0.0
ENSG00000092820	CELL_TYPES_WANSLEEBEN_HOGAN_2013_PERICYTES	StageI	249387	1	6	158774255	158777101	-	142	1	3.4
ENSG00000188641	CELL_TYPES_WANSLEEBEN_HOGAN_2013_PERICYTES	IVprimary	12771	1	1	97808427	97809206	-	72	0	0.0
ENSG00000188641	CELL_TYPES_WANSLEEBEN_HOGAN_2013_PERICYTES	IVprimary	12758	1	1	97738789	97739235	-	72	0	0.0
ENSG00000188641	CELL_TYPES_WANSLEEBEN_HOGAN_2013_PERICYTES	Met	12733	1	1	97656259	97657704	-	178	6	15.3
ENSG00000188641	CELL_TYPES_WANSLEEBEN_HOGAN_2013_PERICYTES	StageI	12714	1	1	97577962	97578101	-	142	3	10.5
ENSG00000092820	CELL_TYPES_WANSLEEBEN_HOGAN_2013_PERICYTES	StageI	249421	1	6	158814458	158818266	-	142	0	0.0
ENSG00000092820	CELL_TYPES_WANSLEEBEN_HOGAN_2013_PERICYTES	StageI	249408	1	6	158796639	158797588	-	142	1	3.6
ENSG00000188641	CELL_TYPES_WANSLEEBEN_HOGAN_2013_PERICYTES	StageI	12695	1	1	97527002	97527505	-	142	1	5.6
ENSG00000092820	CELL_TYPES_WANSLEEBEN_HOGAN_2013_PERICYTES	StageI	249409	1	6	158797853	158801612	-	142	1	3.3
ENSG00000188641	CELL_TYPES_WANSLEEBEN_HOGAN_2013_PERICYTES	StageI	12716	1	1	97583514	97584070	-	142	0	0.0
ENSG00000188641	CELL_TYPES_WANSLEEBEN_HOGAN_2013_PERICYTES	IVprimary	12774	1	1	97816147	97816400	-	72	2	9.6
ENSG00000188641	CELL_TYPES_WANSLEEBEN_HOGAN_2013_PERICYTES	Met	12736	1	1	97671696	97672517	-	178	2	9.0
ENSG00000188641	CELL_TYPES_WANSLEEBEN_HOGAN_2013_PERICYTES	StageI	12730	1	1	97645490	97645872	-	142	0	0.0
ENSG00000188641	CELL_TYPES_WANSLEEBEN_HOGAN_2013_PERICYTES	StageI	12698	1	1	97530998	97531416	-	142	2	9.7
ENSG00000188641	CELL_TYPES_WANSLEEBEN_HOGAN_2013_PERICYTES	IVprimary	12776	1	1	97823152	97824427	-	72	0	0.0
ENSG00000188641	CELL_TYPES_WANSLEEBEN_HOGAN_2013_PERICYTES	StageI	12732	1	1	97653324	97653990	-	142	1	8.4
ENSG00000188641	CELL_TYPES_WANSLEEBEN_HOGAN_2013_PERICYTES	StageI	12719	1	1	97603146	97603482	-	142	1	3.3
ENSG00000188641	CELL_TYPES_WANSLEEBEN_HOGAN_2013_PERICYTES	IVprimary	12562	1	1	97077836	97078379	-	72	0	0.0
ENSG00000188641	CELL_TYPES_WANSLEEBEN_HOGAN_2013_PERICYTES	IVprimary	12777	1	1	97825139	97825374	-	72	0	0.0
ENSG00000188641	CELL_TYPES_WANSLEEBEN_HOGAN_2013_PERICYTES	Met	12752	1	1	97717019	97717290	-	178	0	0.0
ENSG00000188641	CELL_TYPES_WANSLEEBEN_HOGAN_2013_PERICYTES	StageI	12733	1	1	97656259	97657704	-	142	4	19.2
ENSG00000188641	CELL_TYPES_WANSLEEBEN_HOGAN_2013_PERICYTES	Met	12753	1	1	97717950	97718705	-	178	1	2.8
ENSG00000188641	CELL_TYPES_WANSLEEBEN_HOGAN_2013_PERICYTES	IVprimary	12779	1	1	97829840	97830188	-	72	0	0.0
ENSG00000188641	CELL_TYPES_WANSLEEBEN_HOGAN_2013_PERICYTES	IVprimary	12793	1	1	97882244	97882795	-	72	32	108.2
ENSG00000188641	CELL_TYPES_WANSLEEBEN_HOGAN_2013_PERICYTES	StageI	12736	1	1	97671696	97672517	-	142	0	0.0
ENSG00000188641	CELL_TYPES_WANSLEEBEN_HOGAN_2013_PERICYTES	Met	12756	1	1	97730849	97732054	-	178	5	15.7
ENSG00000188641	CELL_TYPES_WANSLEEBEN_HOGAN_2013_PERICYTES	Met	12771	1	1	97808427	97809206	-	178	8	28.9
ENSG00000188641	CELL_TYPES_WANSLEEBEN_HOGAN_2013_PERICYTES	Met	12758	1	1	97738789	97739235	-	178	1	1.7
ENSG00000188641	CELL_TYPES_WANSLEEBEN_HOGAN_2013_PERICYTES	StageI	12752	1	1	97717019	97717290	-	142	1	5.5
ENSG00000188641	CELL_TYPES_WANSLEEBEN_HOGAN_2013_PERICYTES	IVprimary	12602	1	1	97202005	97202302	-	72	0	0.0
ENSG00000188641	CELL_TYPES_WANSLEEBEN_HOGAN_2013_PERICYTES	IVprimary	12569	1	1	97092619	97093080	-	72	0	0.0
ENSG00000112137	CELL_TYPES_WANSLEEBEN_HOGAN_2013_PERICYTES	IVprimary	234895	1	6	13058854	13059055	+	72	0	0.0
ENSG00000188641	CELL_TYPES_WANSLEEBEN_HOGAN_2013_PERICYTES	IVprimary	12797	1	1	97897274	97897915	-	72	0	0.0
ENSG00000188641	CELL_TYPES_WANSLEEBEN_HOGAN_2013_PERICYTES	StageI	12753	1	1	97717950	97718705	-	142	0	0.0
ENSG00000112137	CELL_TYPES_WANSLEEBEN_HOGAN_2013_PERICYTES	IVprimary	234930	1	6	13218443	13218690	+	72	0	0.0
ENSG00000188641	CELL_TYPES_WANSLEEBEN_HOGAN_2013_PERICYTES	Met	12774	1	1	97816147	97816400	-	178	0	0.0
ENSG00000188641	CELL_TYPES_WANSLEEBEN_HOGAN_2013_PERICYTES	StageI	12756	1	1	97730849	97732054	-	142	0	0.0
ENSG00000188641	CELL_TYPES_WANSLEEBEN_HOGAN_2013_PERICYTES	Met	12776	1	1	97823152	97824427	-	178	1	4.1
ENSG00000188641	CELL_TYPES_WANSLEEBEN_HOGAN_2013_PERICYTES	Met	12562	1	1	97077836	97078379	-	178	0	0.0
ENSG00000188641	CELL_TYPES_WANSLEEBEN_HOGAN_2013_PERICYTES	IVprimary	12587	1	1	97169534	97169983	-	72	0	0.0
ENSG00000188641	CELL_TYPES_WANSLEEBEN_HOGAN_2013_PERICYTES	Met	12777	1	1	97825139	97825374	-	178	0	0.0
ENSG00000188641	CELL_TYPES_WANSLEEBEN_HOGAN_2013_PERICYTES	StageI	12771	1	1	97808427	97809206	-	142	0	0.0
ENSG00000188641	CELL_TYPES_WANSLEEBEN_HOGAN_2013_PERICYTES	StageI	12758	1	1	97738789	97739235	-	142	1	6.2
ENSG00000112137	CELL_TYPES_WANSLEEBEN_HOGAN_2013_PERICYTES	IVprimary	234934	1	6	13234186	13234440	+	72	0	0.0
ENSG00000092820	CELL_TYPES_WANSLEEBEN_HOGAN_2013_PERICYTES	Met	249416	1	6	158809902	158811360	-	178	0	0.0
ENSG00000188641	CELL_TYPES_WANSLEEBEN_HOGAN_2013_PERICYTES	Met	12779	1	1	97829840	97830188	-	178	0	0.0
ENSG00000092820	CELL_TYPES_WANSLEEBEN_HOGAN_2013_PERICYTES	Met	249397	1	6	158785326	158785587	-	178	0	0.0
ENSG00000112137	CELL_TYPES_WANSLEEBEN_HOGAN_2013_PERICYTES	IVprimary	234936	1	6	13241608	13241880	+	72	0	0.0
ENSG00000188641	CELL_TYPES_WANSLEEBEN_HOGAN_2013_PERICYTES	Met	12793	1	1	97882244	97882795	-	178	45	99.4
ENSG00000188641	CELL_TYPES_WANSLEEBEN_HOGAN_2013_PERICYTES	StageI	12774	1	1	97816147	97816400	-	142	0	0.0
ENSG00000112137	CELL_TYPES_WANSLEEBEN_HOGAN_2013_PERICYTES	IVprimary	234937	1	6	13249453	13249702	+	72	0	0.0
ENSG00000092820	CELL_TYPES_WANSLEEBEN_HOGAN_2013_PERICYTES	Met	249399	1	6	158786699	158787570	-	178	0	0.0
ENSG00000112137	CELL_TYPES_WANSLEEBEN_HOGAN_2013_PERICYTES	IVprimary	234951	1	6	13276261	13276770	+	72	0	0.0
ENSG00000112137	CELL_TYPES_WANSLEEBEN_HOGAN_2013_PERICYTES	IVprimary	234938	1	6	13251636	13252528	+	72	0	0.0
ENSG00000188641	CELL_TYPES_WANSLEEBEN_HOGAN_2013_PERICYTES	StageI	12776	1	1	97823152	97824427	-	142	1	5.5
ENSG00000188641	CELL_TYPES_WANSLEEBEN_HOGAN_2013_PERICYTES	StageI	12562	1	1	97077836	97078379	-	142	0	0.0
ENSG00000188641	CELL_TYPES_WANSLEEBEN_HOGAN_2013_PERICYTES	StageI	12777	1	1	97825139	97825374	-	142	0	0.0
ENSG00000188641	CELL_TYPES_WANSLEEBEN_HOGAN_2013_PERICYTES	IVprimary	12640	1	1	97349410	97349688	-	72	12	45.1
ENSG00000188641	CELL_TYPES_WANSLEEBEN_HOGAN_2013_PERICYTES	Met	12569	1	1	97092619	97093080	-	178	0	0.0
ENSG00000188641	CELL_TYPES_WANSLEEBEN_HOGAN_2013_PERICYTES	Met	12602	1	1	97202005	97202302	-	178	0	0.0
ENSG00000188641	CELL_TYPES_WANSLEEBEN_HOGAN_2013_PERICYTES	IVprimary	12627	1	1	97286483	97287361	-	72	0	0.0
ENSG00000188641	CELL_TYPES_WANSLEEBEN_HOGAN_2013_PERICYTES	Met	12797	1	1	97897274	97897915	-	178	0	0.0
ENSG00000188641	CELL_TYPES_WANSLEEBEN_HOGAN_2013_PERICYTES	IVprimary	12641	1	1	97353677	97354109	-	72	1	7.0
ENSG00000188641	CELL_TYPES_WANSLEEBEN_HOGAN_2013_PERICYTES	StageI	12779	1	1	97829840	97830188	-	142	0	0.0
ENSG00000188641	CELL_TYPES_WANSLEEBEN_HOGAN_2013_PERICYTES	StageI	12793	1	1	97882244	97882795	-	142	0	0.0
ENSG00000188641	CELL_TYPES_WANSLEEBEN_HOGAN_2013_PERICYTES	IVprimary	12643	1	1	97356328	97356878	-	72	0	0.0
ENSG00000188641	CELL_TYPES_WANSLEEBEN_HOGAN_2013_PERICYTES	IVprimary	12644	1	1	97357182	97357816	-	72	0	0.0
ENSG00000188641	CELL_TYPES_WANSLEEBEN_HOGAN_2013_PERICYTES	Met	12587	1	1	97169534	97169983	-	178	0	0.0
ENSG00000188641	CELL_TYPES_WANSLEEBEN_HOGAN_2013_PERICYTES	StageI	12602	1	1	97202005	97202302	-	142	1	7.5
ENSG00000188641	CELL_TYPES_WANSLEEBEN_HOGAN_2013_PERICYTES	StageI	12569	1	1	97092619	97093080	-	142	0	0.0
ENSG00000112137	CELL_TYPES_WANSLEEBEN_HOGAN_2013_PERICYTES	IVprimary	234959	1	6	13283449	13284475	+	72	1	4.2
ENSG00000188641	CELL_TYPES_WANSLEEBEN_HOGAN_2013_PERICYTES	StageI	12797	1	1	97897274	97897915	-	142	0	0.0
ENSG00000188641	CELL_TYPES_WANSLEEBEN_HOGAN_2013_PERICYTES	IVprimary	12660	1	1	97402972	97403285	-	72	0	0.0
ENSG00000112137	CELL_TYPES_WANSLEEBEN_HOGAN_2013_PERICYTES	StageI	234895	1	6	13058854	13059055	+	142	0	0.0
ENSG00000188641	CELL_TYPES_WANSLEEBEN_HOGAN_2013_PERICYTES	IVprimary	12662	1	1	97404723	97405821	-	72	0	0.0
ENSG00000112137	CELL_TYPES_WANSLEEBEN_HOGAN_2013_PERICYTES	StageI	234930	1	6	13218443	13218690	+	142	4	13.4
ENSG00000188641	CELL_TYPES_WANSLEEBEN_HOGAN_2013_PERICYTES	StageI	12587	1	1	97169534	97169983	-	142	5	22.6
ENSG00000188641	CELL_TYPES_WANSLEEBEN_HOGAN_2013_PERICYTES	IVprimary	12665	1	1	97413616	97414133	-	72	0	0.0
ENSG00000188641	CELL_TYPES_WANSLEEBEN_HOGAN_2013_PERICYTES	Met	12640	1	1	97349410	97349688	-	178	0	0.0
ENSG00000188641	CELL_TYPES_WANSLEEBEN_HOGAN_2013_PERICYTES	Met	12627	1	1	97286483	97287361	-	178	1	5.7
ENSG00000188641	CELL_TYPES_WANSLEEBEN_HOGAN_2013_PERICYTES	Met	12641	1	1	97353677	97354109	-	178	0	0.0
ENSG00000188641	CELL_TYPES_WANSLEEBEN_HOGAN_2013_PERICYTES	IVprimary	12680	1	1	97445823	97446216	-	72	8	34.4
ENSG00000112137	CELL_TYPES_WANSLEEBEN_HOGAN_2013_PERICYTES	StageI	234934	1	6	13234186	13234440	+	142	1	5.4
ENSG00000188641	CELL_TYPES_WANSLEEBEN_HOGAN_2013_PERICYTES	IVprimary	12701	1	1	97539399	97539750	-	72	1	5.1
ENSG00000188641	CELL_TYPES_WANSLEEBEN_HOGAN_2013_PERICYTES	IVprimary	12681	1	1	97448699	97449251	-	72	0	0.0
ENSG00000188641	CELL_TYPES_WANSLEEBEN_HOGAN_2013_PERICYTES	Met	12643	1	1	97356328	97356878	-	178	0	0.0
ENSG00000188641	CELL_TYPES_WANSLEEBEN_HOGAN_2013_PERICYTES	IVprimary	12702	1	1	97542614	97542945	-	72	0	0.0
ENSG00000188641	CELL_TYPES_WANSLEEBEN_HOGAN_2013_PERICYTES	IVprimary	12682	1	1	97449712	97450269	-	72	0	0.0
ENSG00000188641	CELL_TYPES_WANSLEEBEN_HOGAN_2013_PERICYTES	Met	12644	1	1	97357182	97357816	-	178	0	0.0
ENSG00000112137	CELL_TYPES_WANSLEEBEN_HOGAN_2013_PERICYTES	StageI	234936	1	6	13241608	13241880	+	142	0	0.0
ENSG00000112137	CELL_TYPES_WANSLEEBEN_HOGAN_2013_PERICYTES	StageI	234937	1	6	13249453	13249702	+	142	0	0.0
ENSG00000188641	CELL_TYPES_WANSLEEBEN_HOGAN_2013_PERICYTES	StageI	12640	1	1	97349410	97349688	-	142	0	0.0
ENSG00000188641	CELL_TYPES_WANSLEEBEN_HOGAN_2013_PERICYTES	StageI	12627	1	1	97286483	97287361	-	142	0	0.0
ENSG00000092820	CELL_TYPES_WANSLEEBEN_HOGAN_2013_PERICYTES	IVprimary	249401	1	6	158788671	158790603	-	72	2	12.1
ENSG00000112137	CELL_TYPES_WANSLEEBEN_HOGAN_2013_PERICYTES	StageI	234951	1	6	13276261	13276770	+	142	1	5.1
ENSG00000112137	CELL_TYPES_WANSLEEBEN_HOGAN_2013_PERICYTES	StageI	234938	1	6	13251636	13252528	+	142	2	9.5
ENSG00000188641	CELL_TYPES_WANSLEEBEN_HOGAN_2013_PERICYTES	Met	12660	1	1	97402972	97403285	-	178	0	0.0
ENSG00000188641	CELL_TYPES_WANSLEEBEN_HOGAN_2013_PERICYTES	StageI	12641	1	1	97353677	97354109	-	142	0	0.0
ENSG00000092820	CELL_TYPES_WANSLEEBEN_HOGAN_2013_PERICYTES	IVprimary	249382	1	6	158765407	158768180	-	72	4	28.1
ENSG00000112137	CELL_TYPES_WANSLEEBEN_HOGAN_2013_PERICYTES	Met	234895	1	6	13058854	13059055	+	178	0	0.0
ENSG00000188641	CELL_TYPES_WANSLEEBEN_HOGAN_2013_PERICYTES	IVprimary	12686	1	1	97473455	97473646	-	72	0	0.0
ENSG00000092820	CELL_TYPES_WANSLEEBEN_HOGAN_2013_PERICYTES	IVprimary	249403	1	6	158791381	158793011	-	72	3	15.4
ENSG00000188641	CELL_TYPES_WANSLEEBEN_HOGAN_2013_PERICYTES	IVprimary	12720	1	1	97613118	97613479	-	72	0	0.0
ENSG00000188641	CELL_TYPES_WANSLEEBEN_HOGAN_2013_PERICYTES	IVprimary	12707	1	1	97549197	97549623	-	72	0	0.0
ENSG00000188641	CELL_TYPES_WANSLEEBEN_HOGAN_2013_PERICYTES	Met	12662	1	1	97404723	97405821	-	178	0	0.0
ENSG00000188641	CELL_TYPES_WANSLEEBEN_HOGAN_2013_PERICYTES	StageI	12643	1	1	97356328	97356878	-	142	0	0.0
ENSG00000112137	CELL_TYPES_WANSLEEBEN_HOGAN_2013_PERICYTES	Met	234930	1	6	13218443	13218690	+	178	0	0.0
ENSG00000188641	CELL_TYPES_WANSLEEBEN_HOGAN_2013_PERICYTES	StageI	12644	1	1	97357182	97357816	-	142	2	11.2
ENSG00000092820	CELL_TYPES_WANSLEEBEN_HOGAN_2013_PERICYTES	IVprimary	249405	1	6	158794170	158794719	-	72	0	0.0
ENSG00000188641	CELL_TYPES_WANSLEEBEN_HOGAN_2013_PERICYTES	IVprimary	12722	1	1	97616103	97616589	-	72	0	0.0
ENSG00000188641	CELL_TYPES_WANSLEEBEN_HOGAN_2013_PERICYTES	Met	12665	1	1	97413616	97414133	-	178	0	0.0
ENSG00000092820	CELL_TYPES_WANSLEEBEN_HOGAN_2013_PERICYTES	IVprimary	249407	1	6	158794997	158795766	-	72	0	0.0
ENSG00000092820	CELL_TYPES_WANSLEEBEN_HOGAN_2013_PERICYTES	IVprimary	249387	1	6	158774255	158777101	-	72	0	0.0
ENSG00000188641	CELL_TYPES_WANSLEEBEN_HOGAN_2013_PERICYTES	IVprimary	12724	1	1	97618415	97618937	-	72	0	0.0
ENSG00000188641	CELL_TYPES_WANSLEEBEN_HOGAN_2013_PERICYTES	StageI	12660	1	1	97402972	97403285	-	142	0	0.0
ENSG00000092820	CELL_TYPES_WANSLEEBEN_HOGAN_2013_PERICYTES	IVprimary	249421	1	6	158814458	158818266	-	72	0	0.0
ENSG00000092820	CELL_TYPES_WANSLEEBEN_HOGAN_2013_PERICYTES	IVprimary	249408	1	6	158796639	158797588	-	72	0	0.0
ENSG00000112137	CELL_TYPES_WANSLEEBEN_HOGAN_2013_PERICYTES	Met	234934	1	6	13234186	13234440	+	178	0	0.0
ENSG00000188641	CELL_TYPES_WANSLEEBEN_HOGAN_2013_PERICYTES	Met	12680	1	1	97445823	97446216	-	178	6	22.1
ENSG00000092820	CELL_TYPES_WANSLEEBEN_HOGAN_2013_PERICYTES	IVprimary	249409	1	6	158797853	158801612	-	72	16	65.5
ENSG00000112137	CELL_TYPES_WANSLEEBEN_HOGAN_2013_PERICYTES	StageI	234959	1	6	13283449	13284475	+	142	0	0.0
ENSG00000188641	CELL_TYPES_WANSLEEBEN_HOGAN_2013_PERICYTES	IVprimary	12726	1	1	97626966	97627228	-	72	0	0.0
ENSG00000188641	CELL_TYPES_WANSLEEBEN_HOGAN_2013_PERICYTES	Met	12701	1	1	97539399	97539750	-	178	0	0.0
ENSG00000188641	CELL_TYPES_WANSLEEBEN_HOGAN_2013_PERICYTES	Met	12681	1	1	97448699	97449251	-	178	0	0.0
ENSG00000188641	CELL_TYPES_WANSLEEBEN_HOGAN_2013_PERICYTES	StageI	12662	1	1	97404723	97405821	-	142	1	8.9
ENSG00000112137	CELL_TYPES_WANSLEEBEN_HOGAN_2013_PERICYTES	Met	234936	1	6	13241608	13241880	+	178	0	0.0
ENSG00000188641	CELL_TYPES_WANSLEEBEN_HOGAN_2013_PERICYTES	IVprimary	12740	1	1	97682895	97683028	-	72	0	0.0
ENSG00000188641	CELL_TYPES_WANSLEEBEN_HOGAN_2013_PERICYTES	Met	12702	1	1	97542614	97542945	-	178	0	0.0
ENSG00000188641	CELL_TYPES_WANSLEEBEN_HOGAN_2013_PERICYTES	Met	12682	1	1	97449712	97450269	-	178	8	21.1
ENSG00000112137	CELL_TYPES_WANSLEEBEN_HOGAN_2013_PERICYTES	Met	234937	1	6	13249453	13249702	+	178	0	0.0
ENSG00000112137	CELL_TYPES_WANSLEEBEN_HOGAN_2013_PERICYTES	Met	234951	1	6	13276261	13276770	+	178	9	21.2
ENSG00000112137	CELL_TYPES_WANSLEEBEN_HOGAN_2013_PERICYTES	Met	234938	1	6	13251636	13252528	+	178	0	0.0
ENSG00000188641	CELL_TYPES_WANSLEEBEN_HOGAN_2013_PERICYTES	IVprimary	12729	1	1	97644557	97645194	-	72	0	0.0
ENSG00000188641	CELL_TYPES_WANSLEEBEN_HOGAN_2013_PERICYTES	StageI	12665	1	1	97413616	97414133	-	142	1	5.0
ENSG00000188641	CELL_TYPES_WANSLEEBEN_HOGAN_2013_PERICYTES	Met	12686	1	1	97473455	97473646	-	178	0	0.0
ENSG00000188641	CELL_TYPES_WANSLEEBEN_HOGAN_2013_PERICYTES	StageI	12680	1	1	97445823	97446216	-	142	1	4.4
ENSG00000188641	CELL_TYPES_WANSLEEBEN_HOGAN_2013_PERICYTES	Met	12720	1	1	97613118	97613479	-	178	0	0.0
ENSG00000188641	CELL_TYPES_WANSLEEBEN_HOGAN_2013_PERICYTES	Met	12707	1	1	97549197	97549623	-	178	0	0.0
ENSG00000188641	CELL_TYPES_WANSLEEBEN_HOGAN_2013_PERICYTES	StageI	12701	1	1	97539399	97539750	-	142	0	0.0
ENSG00000188641	CELL_TYPES_WANSLEEBEN_HOGAN_2013_PERICYTES	StageI	12681	1	1	97448699	97449251	-	142	1	4.3
ENSG00000188641	CELL_TYPES_WANSLEEBEN_HOGAN_2013_PERICYTES	IVprimary	12746	1	1	97708893	97709759	-	72	0	0.0
ENSG00000188641	CELL_TYPES_WANSLEEBEN_HOGAN_2013_PERICYTES	StageI	12702	1	1	97542614	97542945	-	142	2	12.0
ENSG00000188641	CELL_TYPES_WANSLEEBEN_HOGAN_2013_PERICYTES	StageI	12682	1	1	97449712	97450269	-	142	1	5.2
ENSG00000188641	CELL_TYPES_WANSLEEBEN_HOGAN_2013_PERICYTES	IVprimary	12760	1	1	97749879	97750157	-	72	0	0.0
ENSG00000188641	CELL_TYPES_WANSLEEBEN_HOGAN_2013_PERICYTES	Met	12722	1	1	97616103	97616589	-	178	9	32.6
ENSG00000188641	CELL_TYPES_WANSLEEBEN_HOGAN_2013_PERICYTES	IVprimary	12748	1	1	97711899	97712915	-	72	0	0.0
ENSG00000188641	CELL_TYPES_WANSLEEBEN_HOGAN_2013_PERICYTES	IVprimary	12762	1	1	97767853	97768232	-	72	0	0.0
ENSG00000188641	CELL_TYPES_WANSLEEBEN_HOGAN_2013_PERICYTES	Met	12724	1	1	97618415	97618937	-	178	0	0.0
ENSG00000112137	CELL_TYPES_WANSLEEBEN_HOGAN_2013_PERICYTES	Met	234959	1	6	13283449	13284475	+	178	0	0.0
ENSG00000188641	CELL_TYPES_WANSLEEBEN_HOGAN_2013_PERICYTES	StageI	12686	1	1	97473455	97473646	-	142	1	7.4
ENSG00000188641	CELL_TYPES_WANSLEEBEN_HOGAN_2013_PERICYTES	IVprimary	12764	1	1	97783468	97783998	-	72	0	0.0
ENSG00000188641	CELL_TYPES_WANSLEEBEN_HOGAN_2013_PERICYTES	Met	12726	1	1	97626966	97627228	-	178	0	0.0
ENSG00000188641	CELL_TYPES_WANSLEEBEN_HOGAN_2013_PERICYTES	StageI	12720	1	1	97613118	97613479	-	142	0	0.0
ENSG00000188641	CELL_TYPES_WANSLEEBEN_HOGAN_2013_PERICYTES	StageI	12707	1	1	97549197	97549623	-	142	1	5.8
ENSG00000188641	CELL_TYPES_WANSLEEBEN_HOGAN_2013_PERICYTES	IVprimary	12765	1	1	97785779	97786166	-	72	0	0.0
ENSG00000188641	CELL_TYPES_WANSLEEBEN_HOGAN_2013_PERICYTES	Met	12740	1	1	97682895	97683028	-	178	0	0.0
ENSG00000188641	CELL_TYPES_WANSLEEBEN_HOGAN_2013_PERICYTES	IVprimary	12766	1	1	97792345	97792757	-	72	0	0.0
ENSG00000188641	CELL_TYPES_WANSLEEBEN_HOGAN_2013_PERICYTES	StageI	12722	1	1	97616103	97616589	-	142	4	18.0
ENSG00000092820	CELL_TYPES_WANSLEEBEN_HOGAN_2013_PERICYTES	StageI	249416	1	6	158809902	158811360	-	142	0	0.0
ENSG00000188641	CELL_TYPES_WANSLEEBEN_HOGAN_2013_PERICYTES	IVprimary	12767	1	1	97797542	97797834	-	72	0	0.0
ENSG00000188641	CELL_TYPES_WANSLEEBEN_HOGAN_2013_PERICYTES	Met	12729	1	1	97644557	97645194	-	178	11	26.4
ENSG00000092820	CELL_TYPES_WANSLEEBEN_HOGAN_2013_PERICYTES	StageI	249397	1	6	158785326	158785587	-	142	3	7.4
ENSG00000188641	CELL_TYPES_WANSLEEBEN_HOGAN_2013_PERICYTES	IVprimary	12781	1	1	97849598	97849893	-	72	1	5.7
ENSG00000188641	CELL_TYPES_WANSLEEBEN_HOGAN_2013_PERICYTES	IVprimary	12768	1	1	97800255	97801101	-	72	0	0.0
ENSG00000188641	CELL_TYPES_WANSLEEBEN_HOGAN_2013_PERICYTES	StageI	12724	1	1	97618415	97618937	-	142	0	0.0
ENSG00000092820	CELL_TYPES_WANSLEEBEN_HOGAN_2013_PERICYTES	StageI	249399	1	6	158786699	158787570	-	142	0	0.0
ENSG00000188641	CELL_TYPES_WANSLEEBEN_HOGAN_2013_PERICYTES	StageI	12726	1	1	97626966	97627228	-	142	0	0.0
ENSG00000188641	CELL_TYPES_WANSLEEBEN_HOGAN_2013_PERICYTES	Met	12746	1	1	97708893	97709759	-	178	0	0.0
ENSG00000188641	CELL_TYPES_WANSLEEBEN_HOGAN_2013_PERICYTES	StageI	12740	1	1	97682895	97683028	-	142	0	0.0
ENSG00000188641	CELL_TYPES_WANSLEEBEN_HOGAN_2013_PERICYTES	Met	12760	1	1	97749879	97750157	-	178	0	0.0
ENSG00000188641	CELL_TYPES_WANSLEEBEN_HOGAN_2013_PERICYTES	IVprimary	12571	1	1	97097421	97097688	-	72	0	0.0
ENSG00000188641	CELL_TYPES_WANSLEEBEN_HOGAN_2013_PERICYTES	Met	12748	1	1	97711899	97712915	-	178	0	0.0
ENSG00000188641	CELL_TYPES_WANSLEEBEN_HOGAN_2013_PERICYTES	StageI	12729	1	1	97644557	97645194	-	142	15	48.8
ENSG00000188641	CELL_TYPES_WANSLEEBEN_HOGAN_2013_PERICYTES	IVprimary	12787	1	1	97872341	97872767	-	72	0	0.0
ENSG00000188641	CELL_TYPES_WANSLEEBEN_HOGAN_2013_PERICYTES	Met	12762	1	1	97767853	97768232	-	178	3	11.0
ENSG00000188641	CELL_TYPES_WANSLEEBEN_HOGAN_2013_PERICYTES	IVprimary	12788	1	1	97873090	97873232	-	72	0	0.0
ENSG00000092820	CELL_TYPES_WANSLEEBEN_HOGAN_2013_PERICYTES	Met	249401	1	6	158788671	158790603	-	178	1	4.7
ENSG00000188641	CELL_TYPES_WANSLEEBEN_HOGAN_2013_PERICYTES	Met	12764	1	1	97783468	97783998	-	178	30	70.5
ENSG00000092820	CELL_TYPES_WANSLEEBEN_HOGAN_2013_PERICYTES	Met	249382	1	6	158765407	158768180	-	178	0	0.0
ENSG00000112137	CELL_TYPES_WANSLEEBEN_HOGAN_2013_PERICYTES	IVprimary	234921	1	6	13176832	13177054	+	72	0	0.0
ENSG00000188641	CELL_TYPES_WANSLEEBEN_HOGAN_2013_PERICYTES	Met	12765	1	1	97785779	97786166	-	178	30	78.3
ENSG00000188641	CELL_TYPES_WANSLEEBEN_HOGAN_2013_PERICYTES	StageI	12746	1	1	97708893	97709759	-	142	2	10.7
ENSG00000092820	CELL_TYPES_WANSLEEBEN_HOGAN_2013_PERICYTES	Met	249403	1	6	158791381	158793011	-	178	0	0.0
ENSG00000112137	CELL_TYPES_WANSLEEBEN_HOGAN_2013_PERICYTES	IVprimary	234922	1	6	13185139	13185403	+	72	1	5.9
ENSG00000188641	CELL_TYPES_WANSLEEBEN_HOGAN_2013_PERICYTES	Met	12766	1	1	97792345	97792757	-	178	0	0.0
ENSG00000188641	CELL_TYPES_WANSLEEBEN_HOGAN_2013_PERICYTES	StageI	12760	1	1	97749879	97750157	-	142	0	0.0
ENSG00000188641	CELL_TYPES_WANSLEEBEN_HOGAN_2013_PERICYTES	IVprimary	12577	1	1	97128610	97130002	-	72	0	0.0
ENSG00000188641	CELL_TYPES_WANSLEEBEN_HOGAN_2013_PERICYTES	Met	12767	1	1	97797542	97797834	-	178	0	0.0
ENSG00000188641	CELL_TYPES_WANSLEEBEN_HOGAN_2013_PERICYTES	StageI	12748	1	1	97711899	97712915	-	142	0	0.0
ENSG00000188641	CELL_TYPES_WANSLEEBEN_HOGAN_2013_PERICYTES	IVprimary	12578	1	1	97130731	97131216	-	72	0	0.0
ENSG00000092820	CELL_TYPES_WANSLEEBEN_HOGAN_2013_PERICYTES	Met	249405	1	6	158794170	158794719	-	178	0	0.0
ENSG00000188641	CELL_TYPES_WANSLEEBEN_HOGAN_2013_PERICYTES	Met	12781	1	1	97849598	97849893	-	178	0	0.0
ENSG00000188641	CELL_TYPES_WANSLEEBEN_HOGAN_2013_PERICYTES	Met	12768	1	1	97800255	97801101	-	178	0	0.0
ENSG00000188641	CELL_TYPES_WANSLEEBEN_HOGAN_2013_PERICYTES	StageI	12762	1	1	97767853	97768232	-	142	2	9.4
ENSG00000112137	CELL_TYPES_WANSLEEBEN_HOGAN_2013_PERICYTES	IVprimary	234925	1	6	13198210	13198548	+	72	0	0.0
ENSG00000092820	CELL_TYPES_WANSLEEBEN_HOGAN_2013_PERICYTES	Met	249407	1	6	158794997	158795766	-	178	0	0.0
ENSG00000092820	CELL_TYPES_WANSLEEBEN_HOGAN_2013_PERICYTES	Met	249387	1	6	158774255	158777101	-	178	0	0.0
ENSG00000112137	CELL_TYPES_WANSLEEBEN_HOGAN_2013_PERICYTES	IVprimary	234926	1	6	13199052	13199314	+	72	0	0.0
ENSG00000188641	CELL_TYPES_WANSLEEBEN_HOGAN_2013_PERICYTES	StageI	12764	1	1	97783468	97783998	-	142	1	4.4
ENSG00000188641	CELL_TYPES_WANSLEEBEN_HOGAN_2013_PERICYTES	IVprimary	12594	1	1	97186368	97186815	-	72	0	0.0
ENSG00000092820	CELL_TYPES_WANSLEEBEN_HOGAN_2013_PERICYTES	Met	249421	1	6	158814458	158818266	-	178	0	0.0
ENSG00000092820	CELL_TYPES_WANSLEEBEN_HOGAN_2013_PERICYTES	Met	249408	1	6	158796639	158797588	-	178	0	0.0
ENSG00000188641	CELL_TYPES_WANSLEEBEN_HOGAN_2013_PERICYTES	StageI	12765	1	1	97785779	97786166	-	142	0	0.0
ENSG00000092820	CELL_TYPES_WANSLEEBEN_HOGAN_2013_PERICYTES	Met	249409	1	6	158797853	158801612	-	178	0	0.0
ENSG00000112137	CELL_TYPES_WANSLEEBEN_HOGAN_2013_PERICYTES	IVprimary	234928	1	6	13205918	13206273	+	72	0	0.0
ENSG00000188641	CELL_TYPES_WANSLEEBEN_HOGAN_2013_PERICYTES	StageI	12766	1	1	97792345	97792757	-	142	1	6.7
ENSG00000188641	CELL_TYPES_WANSLEEBEN_HOGAN_2013_PERICYTES	Met	12571	1	1	97097421	97097688	-	178	0	0.0
ENSG00000188641	CELL_TYPES_WANSLEEBEN_HOGAN_2013_PERICYTES	StageI	12767	1	1	97797542	97797834	-	142	14	59.8
ENSG00000188641	CELL_TYPES_WANSLEEBEN_HOGAN_2013_PERICYTES	IVprimary	12617	1	1	97264168	97264734	-	72	0	0.0
ENSG00000188641	CELL_TYPES_WANSLEEBEN_HOGAN_2013_PERICYTES	Met	12787	1	1	97872341	97872767	-	178	0	0.0
ENSG00000188641	CELL_TYPES_WANSLEEBEN_HOGAN_2013_PERICYTES	StageI	12781	1	1	97849598	97849893	-	142	0	0.0
ENSG00000188641	CELL_TYPES_WANSLEEBEN_HOGAN_2013_PERICYTES	StageI	12768	1	1	97800255	97801101	-	142	0	0.0
ENSG00000188641	CELL_TYPES_WANSLEEBEN_HOGAN_2013_PERICYTES	IVprimary	12631	1	1	97313721	97314145	-	72	0	0.0
ENSG00000188641	CELL_TYPES_WANSLEEBEN_HOGAN_2013_PERICYTES	Met	12788	1	1	97873090	97873232	-	178	0	0.0
ENSG00000188641	CELL_TYPES_WANSLEEBEN_HOGAN_2013_PERICYTES	IVprimary	12632	1	1	97314551	97314906	-	72	0	0.0
ENSG00000188641	CELL_TYPES_WANSLEEBEN_HOGAN_2013_PERICYTES	Met	12577	1	1	97128610	97130002	-	178	0	0.0
ENSG00000188641	CELL_TYPES_WANSLEEBEN_HOGAN_2013_PERICYTES	StageI	12571	1	1	97097421	97097688	-	142	0	0.0
ENSG00000188641	CELL_TYPES_WANSLEEBEN_HOGAN_2013_PERICYTES	Met	12578	1	1	97130731	97131216	-	178	0	0.0
ENSG00000188641	CELL_TYPES_WANSLEEBEN_HOGAN_2013_PERICYTES	StageI	12787	1	1	97872341	97872767	-	142	0	0.0
ENSG00000188641	CELL_TYPES_WANSLEEBEN_HOGAN_2013_PERICYTES	StageI	12788	1	1	97873090	97873232	-	142	0	0.0
ENSG00000188641	CELL_TYPES_WANSLEEBEN_HOGAN_2013_PERICYTES	IVprimary	12651	1	1	97384471	97384759	-	72	0	0.0
ENSG00000188641	CELL_TYPES_WANSLEEBEN_HOGAN_2013_PERICYTES	IVprimary	12638	1	1	97346100	97346845	-	72	15	56.6
ENSG00000188641	CELL_TYPES_WANSLEEBEN_HOGAN_2013_PERICYTES	IVprimary	12639	1	1	97347135	97348205	-	72	1	5.4
ENSG00000188641	CELL_TYPES_WANSLEEBEN_HOGAN_2013_PERICYTES	Met	12594	1	1	97186368	97186815	-	178	0	0.0
ENSG00000188641	CELL_TYPES_WANSLEEBEN_HOGAN_2013_SEROUS_CELLS	Normal	12766	1	1	97792345	97792757	-	334	2	8.1
ENSG00000188641	CELL_TYPES_WANSLEEBEN_HOGAN_2013_SEROUS_CELLS	Normal	12800	1	1	97907849	97908610	-	334	46	108.8
ENSG00000188641	CELL_TYPES_WANSLEEBEN_HOGAN_2013_SEROUS_CELLS	Normal	12767	1	1	97797542	97797834	-	334	1	5.8
ENSG00000188641	CELL_TYPES_WANSLEEBEN_HOGAN_2013_SEROUS_CELLS	IVprimary	12654	1	1	97390771	97391562	-	118	8	23.0
ENSG00000188641	CELL_TYPES_WANSLEEBEN_HOGAN_2013_SEROUS_CELLS	Met	12596	1	1	97187222	97188304	-	102	0	0.0
ENSG00000188641	CELL_TYPES_WANSLEEBEN_HOGAN_2013_SEROUS_CELLS	Normal	12781	1	1	97849598	97849893	-	334	4	17.9
ENSG00000188641	CELL_TYPES_WANSLEEBEN_HOGAN_2013_SEROUS_CELLS	Normal	12768	1	1	97800255	97801101	-	334	0	0.0
ENSG00000188641	CELL_TYPES_WANSLEEBEN_HOGAN_2013_SEROUS_CELLS	IVprimary	12655	1	1	97392446	97392881	-	118	0	0.0
ENSG00000188641	CELL_TYPES_WANSLEEBEN_HOGAN_2013_SEROUS_CELLS	Met	12617	1	1	97264168	97264734	-	102	0	0.0
ENSG00000188641	CELL_TYPES_WANSLEEBEN_HOGAN_2013_SEROUS_CELLS	StageI	12591	1	1	97180194	97180488	-	849	3	17.7
ENSG00000188641	CELL_TYPES_WANSLEEBEN_HOGAN_2013_SEROUS_CELLS	StageI	12578	1	1	97130731	97131216	-	849	40	107.3
ENSG00000188641	CELL_TYPES_WANSLEEBEN_HOGAN_2013_SEROUS_CELLS	StageI	12579	1	1	97133097	97133761	-	849	0	0.0
ENSG00000188641	CELL_TYPES_WANSLEEBEN_HOGAN_2013_SEROUS_CELLS	Normal	12783	1	1	97854352	97854586	-	334	0	0.0
ENSG00000188641	CELL_TYPES_WANSLEEBEN_HOGAN_2013_SEROUS_CELLS	IVprimary	12670	1	1	97429534	97429824	-	118	0	0.0
ENSG00000188641	CELL_TYPES_WANSLEEBEN_HOGAN_2013_SEROUS_CELLS	Met	12632	1	1	97314551	97314906	-	102	0	0.0
ENSG00000188641	CELL_TYPES_WANSLEEBEN_HOGAN_2013_SEROUS_CELLS	IVprimary	12672	1	1	97432354	97432942	-	118	0	0.0
ENSG00000188641	CELL_TYPES_WANSLEEBEN_HOGAN_2013_SEROUS_CELLS	IVprimary	12659	1	1	97400568	97402062	-	118	0	0.0
ENSG00000188641	CELL_TYPES_WANSLEEBEN_HOGAN_2013_SEROUS_CELLS	Normal	12571	1	1	97097421	97097688	-	334	17	51.7
ENSG00000188641	CELL_TYPES_WANSLEEBEN_HOGAN_2013_SEROUS_CELLS	Met	12635	1	1	97333155	97333948	-	102	0	0.0
ENSG00000188641	CELL_TYPES_WANSLEEBEN_HOGAN_2013_SEROUS_CELLS	StageI	12596	1	1	97187222	97188304	-	849	0	0.0
ENSG00000188641	CELL_TYPES_WANSLEEBEN_HOGAN_2013_SEROUS_CELLS	StageI	12617	1	1	97264168	97264734	-	849	1	4.7
ENSG00000188641	CELL_TYPES_WANSLEEBEN_HOGAN_2013_SEROUS_CELLS	Normal	12788	1	1	97873090	97873232	-	334	0	0.0
ENSG00000188641	CELL_TYPES_WANSLEEBEN_HOGAN_2013_SEROUS_CELLS	Met	12638	1	1	97346100	97346845	-	102	0	0.0
ENSG00000188641	CELL_TYPES_WANSLEEBEN_HOGAN_2013_SEROUS_CELLS	StageI	12632	1	1	97314551	97314906	-	849	7	31.6
ENSG00000188641	CELL_TYPES_WANSLEEBEN_HOGAN_2013_SEROUS_CELLS	IVprimary	12710	1	1	97557226	97557683	-	118	0	0.0
ENSG00000188641	CELL_TYPES_WANSLEEBEN_HOGAN_2013_SEROUS_CELLS	IVprimary	12690	1	1	97484548	97485981	-	118	0	0.0
ENSG00000188641	CELL_TYPES_WANSLEEBEN_HOGAN_2013_SEROUS_CELLS	IVprimary	12677	1	1	97440492	97441735	-	118	0	0.0
ENSG00000188641	CELL_TYPES_WANSLEEBEN_HOGAN_2013_SEROUS_CELLS	IVprimary	12711	1	1	97559609	97560022	-	118	0	0.0
ENSG00000188641	CELL_TYPES_WANSLEEBEN_HOGAN_2013_SEROUS_CELLS	IVprimary	12692	1	1	97502158	97502737	-	118	0	0.0
ENSG00000188641	CELL_TYPES_WANSLEEBEN_HOGAN_2013_SEROUS_CELLS	Met	12654	1	1	97390771	97391562	-	102	0	0.0
ENSG00000188641	CELL_TYPES_WANSLEEBEN_HOGAN_2013_SEROUS_CELLS	StageI	12635	1	1	97333155	97333948	-	849	1	7.0
ENSG00000188641	CELL_TYPES_WANSLEEBEN_HOGAN_2013_SEROUS_CELLS	Normal	12578	1	1	97130731	97131216	-	334	0	0.0
ENSG00000188641	CELL_TYPES_WANSLEEBEN_HOGAN_2013_SEROUS_CELLS	Normal	12591	1	1	97180194	97180488	-	334	4	19.3
ENSG00000188641	CELL_TYPES_WANSLEEBEN_HOGAN_2013_SEROUS_CELLS	Met	12655	1	1	97392446	97392881	-	102	0	0.0
ENSG00000188641	CELL_TYPES_WANSLEEBEN_HOGAN_2013_SEROUS_CELLS	Normal	12579	1	1	97133097	97133761	-	334	0	0.0
ENSG00000188641	CELL_TYPES_WANSLEEBEN_HOGAN_2013_SEROUS_CELLS	IVprimary	12694	1	1	97524770	97525078	-	118	96	235.3
ENSG00000188641	CELL_TYPES_WANSLEEBEN_HOGAN_2013_SEROUS_CELLS	Met	12670	1	1	97429534	97429824	-	102	0	0.0
ENSG00000188641	CELL_TYPES_WANSLEEBEN_HOGAN_2013_SEROUS_CELLS	StageI	12638	1	1	97346100	97346845	-	849	0	0.0
ENSG00000188641	CELL_TYPES_WANSLEEBEN_HOGAN_2013_SEROUS_CELLS	IVprimary	12730	1	1	97645490	97645872	-	118	0	0.0
ENSG00000188641	CELL_TYPES_WANSLEEBEN_HOGAN_2013_SEROUS_CELLS	Met	12672	1	1	97432354	97432942	-	102	0	0.0
ENSG00000188641	CELL_TYPES_WANSLEEBEN_HOGAN_2013_SEROUS_CELLS	Met	12659	1	1	97400568	97402062	-	102	0	0.0
ENSG00000188641	CELL_TYPES_WANSLEEBEN_HOGAN_2013_SEROUS_CELLS	Normal	12596	1	1	97187222	97188304	-	334	0	0.0
ENSG00000188641	CELL_TYPES_WANSLEEBEN_HOGAN_2013_SEROUS_CELLS	IVprimary	12731	1	1	97646370	97647021	-	118	0	0.0
ENSG00000188641	CELL_TYPES_WANSLEEBEN_HOGAN_2013_SEROUS_CELLS	StageI	12654	1	1	97390771	97391562	-	849	52	149.6
ENSG00000188641	CELL_TYPES_WANSLEEBEN_HOGAN_2013_SEROUS_CELLS	Normal	12617	1	1	97264168	97264734	-	334	0	0.0
ENSG00000092820	CELL_TYPES_WANSLEEBEN_HOGAN_2013_SEROUS_CELLS	IVprimary	249395	1	6	158783099	158784177	-	118	0	0.0
ENSG00000188641	CELL_TYPES_WANSLEEBEN_HOGAN_2013_SEROUS_CELLS	StageI	12655	1	1	97392446	97392881	-	849	109	277.3
ENSG00000188641	CELL_TYPES_WANSLEEBEN_HOGAN_2013_SEROUS_CELLS	Normal	12632	1	1	97314551	97314906	-	334	19	63.4
ENSG00000188641	CELL_TYPES_WANSLEEBEN_HOGAN_2013_SEROUS_CELLS	StageI	12670	1	1	97429534	97429824	-	849	3	21.6
ENSG00000188641	CELL_TYPES_WANSLEEBEN_HOGAN_2013_SEROUS_CELLS	IVprimary	12735	1	1	97665486	97666723	-	118	0	0.0
ENSG00000188641	CELL_TYPES_WANSLEEBEN_HOGAN_2013_SEROUS_CELLS	Met	12710	1	1	97557226	97557683	-	102	1	7.2
ENSG00000188641	CELL_TYPES_WANSLEEBEN_HOGAN_2013_SEROUS_CELLS	Met	12690	1	1	97484548	97485981	-	102	0	0.0
ENSG00000188641	CELL_TYPES_WANSLEEBEN_HOGAN_2013_SEROUS_CELLS	Met	12677	1	1	97440492	97441735	-	102	0	0.0
ENSG00000092820	CELL_TYPES_WANSLEEBEN_HOGAN_2013_SEROUS_CELLS	IVprimary	249399	1	6	158786699	158787570	-	118	0	0.0
ENSG00000188641	CELL_TYPES_WANSLEEBEN_HOGAN_2013_SEROUS_CELLS	IVprimary	12736	1	1	97671696	97672517	-	118	0	0.0
ENSG00000188641	CELL_TYPES_WANSLEEBEN_HOGAN_2013_SEROUS_CELLS	Met	12711	1	1	97559609	97560022	-	102	0	0.0
ENSG00000188641	CELL_TYPES_WANSLEEBEN_HOGAN_2013_SEROUS_CELLS	StageI	12672	1	1	97432354	97432942	-	849	0	0.0
ENSG00000188641	CELL_TYPES_WANSLEEBEN_HOGAN_2013_SEROUS_CELLS	StageI	12659	1	1	97400568	97402062	-	849	1	5.2
ENSG00000188641	CELL_TYPES_WANSLEEBEN_HOGAN_2013_SEROUS_CELLS	Normal	12635	1	1	97333155	97333948	-	334	0	0.0
ENSG00000188641	CELL_TYPES_WANSLEEBEN_HOGAN_2013_SEROUS_CELLS	IVprimary	12750	1	1	97714361	97714639	-	118	1	1.7
ENSG00000188641	CELL_TYPES_WANSLEEBEN_HOGAN_2013_SEROUS_CELLS	Met	12692	1	1	97502158	97502737	-	102	0	0.0
ENSG00000092820	CELL_TYPES_WANSLEEBEN_HOGAN_2013_SEROUS_CELLS	StageI	249401	1	6	158788671	158790603	-	849	13	61.7
ENSG00000188641	CELL_TYPES_WANSLEEBEN_HOGAN_2013_SEROUS_CELLS	Met	12694	1	1	97524770	97525078	-	102	0	0.0
ENSG00000188641	CELL_TYPES_WANSLEEBEN_HOGAN_2013_SEROUS_CELLS	Normal	12638	1	1	97346100	97346845	-	334	32	74.2
ENSG00000188641	CELL_TYPES_WANSLEEBEN_HOGAN_2013_SEROUS_CELLS	IVprimary	12753	1	1	97717950	97718705	-	118	0	0.0
ENSG00000188641	CELL_TYPES_WANSLEEBEN_HOGAN_2013_SEROUS_CELLS	StageI	12710	1	1	97557226	97557683	-	849	0	0.0
ENSG00000188641	CELL_TYPES_WANSLEEBEN_HOGAN_2013_SEROUS_CELLS	StageI	12690	1	1	97484548	97485981	-	849	47	164.1
ENSG00000188641	CELL_TYPES_WANSLEEBEN_HOGAN_2013_SEROUS_CELLS	StageI	12677	1	1	97440492	97441735	-	849	13	44.6
ENSG00000188641	CELL_TYPES_WANSLEEBEN_HOGAN_2013_SEROUS_CELLS	IVprimary	12755	1	1	97719620	97720226	-	118	0	0.0
ENSG00000188641	CELL_TYPES_WANSLEEBEN_HOGAN_2013_SEROUS_CELLS	Met	12730	1	1	97645490	97645872	-	102	0	0.0
ENSG00000188641	CELL_TYPES_WANSLEEBEN_HOGAN_2013_SEROUS_CELLS	StageI	12711	1	1	97559609	97560022	-	849	0	0.0
ENSG00000188641	CELL_TYPES_WANSLEEBEN_HOGAN_2013_SEROUS_CELLS	Normal	12654	1	1	97390771	97391562	-	334	0	0.0
ENSG00000092820	CELL_TYPES_WANSLEEBEN_HOGAN_2013_SEROUS_CELLS	StageI	249385	1	6	158770712	158772080	-	849	3	10.8
ENSG00000188641	CELL_TYPES_WANSLEEBEN_HOGAN_2013_SEROUS_CELLS	IVprimary	12756	1	1	97730849	97732054	-	118	0	0.0
ENSG00000188641	CELL_TYPES_WANSLEEBEN_HOGAN_2013_SEROUS_CELLS	Met	12731	1	1	97646370	97647021	-	102	44	327.0
ENSG00000188641	CELL_TYPES_WANSLEEBEN_HOGAN_2013_SEROUS_CELLS	StageI	12692	1	1	97502158	97502737	-	849	0	0.0
ENSG00000188641	CELL_TYPES_WANSLEEBEN_HOGAN_2013_SEROUS_CELLS	Normal	12655	1	1	97392446	97392881	-	334	7	30.8
ENSG00000188641	CELL_TYPES_WANSLEEBEN_HOGAN_2013_SEROUS_CELLS	IVprimary	12771	1	1	97808427	97809206	-	118	0	0.0
ENSG00000188641	CELL_TYPES_WANSLEEBEN_HOGAN_2013_SEROUS_CELLS	IVprimary	12758	1	1	97738789	97739235	-	118	0	0.0
ENSG00000188641	CELL_TYPES_WANSLEEBEN_HOGAN_2013_SEROUS_CELLS	StageI	12694	1	1	97524770	97525078	-	849	0	0.0
ENSG00000188641	CELL_TYPES_WANSLEEBEN_HOGAN_2013_SEROUS_CELLS	Normal	12670	1	1	97429534	97429824	-	334	0	0.0
ENSG00000092820	CELL_TYPES_WANSLEEBEN_HOGAN_2013_SEROUS_CELLS	StageI	249421	1	6	158814458	158818266	-	849	5	22.2
ENSG00000092820	CELL_TYPES_WANSLEEBEN_HOGAN_2013_SEROUS_CELLS	StageI	249409	1	6	158797853	158801612	-	849	8	23.6
ENSG00000188641	CELL_TYPES_WANSLEEBEN_HOGAN_2013_SEROUS_CELLS	Met	12735	1	1	97665486	97666723	-	102	0	0.0
ENSG00000188641	CELL_TYPES_WANSLEEBEN_HOGAN_2013_SEROUS_CELLS	Normal	12672	1	1	97432354	97432942	-	334	6	26.3
ENSG00000188641	CELL_TYPES_WANSLEEBEN_HOGAN_2013_SEROUS_CELLS	Normal	12659	1	1	97400568	97402062	-	334	0	0.0
ENSG00000188641	CELL_TYPES_WANSLEEBEN_HOGAN_2013_SEROUS_CELLS	Met	12736	1	1	97671696	97672517	-	102	40	265.8
ENSG00000188641	CELL_TYPES_WANSLEEBEN_HOGAN_2013_SEROUS_CELLS	StageI	12730	1	1	97645490	97645872	-	849	7	30.1
ENSG00000188641	CELL_TYPES_WANSLEEBEN_HOGAN_2013_SEROUS_CELLS	Met	12750	1	1	97714361	97714639	-	102	0	0.0
ENSG00000188641	CELL_TYPES_WANSLEEBEN_HOGAN_2013_SEROUS_CELLS	StageI	12731	1	1	97646370	97647021	-	849	34	117.6
ENSG00000188641	CELL_TYPES_WANSLEEBEN_HOGAN_2013_SEROUS_CELLS	IVprimary	12776	1	1	97823152	97824427	-	118	0	0.0
ENSG00000188641	CELL_TYPES_WANSLEEBEN_HOGAN_2013_SEROUS_CELLS	IVprimary	12778	1	1	97826430	97828108	-	118	0	0.0
ENSG00000188641	CELL_TYPES_WANSLEEBEN_HOGAN_2013_SEROUS_CELLS	Met	12753	1	1	97717950	97718705	-	102	0	0.0
ENSG00000188641	CELL_TYPES_WANSLEEBEN_HOGAN_2013_SEROUS_CELLS	Normal	12710	1	1	97557226	97557683	-	334	93	410.2
ENSG00000188641	CELL_TYPES_WANSLEEBEN_HOGAN_2013_SEROUS_CELLS	Normal	12690	1	1	97484548	97485981	-	334	5	18.9
ENSG00000188641	CELL_TYPES_WANSLEEBEN_HOGAN_2013_SEROUS_CELLS	Normal	12677	1	1	97440492	97441735	-	334	95	428.0
ENSG00000188641	CELL_TYPES_WANSLEEBEN_HOGAN_2013_SEROUS_CELLS	IVprimary	12779	1	1	97829840	97830188	-	118	0	0.0
ENSG00000188641	CELL_TYPES_WANSLEEBEN_HOGAN_2013_SEROUS_CELLS	StageI	12735	1	1	97665486	97666723	-	849	0	0.0
ENSG00000188641	CELL_TYPES_WANSLEEBEN_HOGAN_2013_SEROUS_CELLS	Normal	12711	1	1	97559609	97560022	-	334	4	14.5
ENSG00000188641	CELL_TYPES_WANSLEEBEN_HOGAN_2013_SEROUS_CELLS	IVprimary	12793	1	1	97882244	97882795	-	118	12	24.6
ENSG00000188641	CELL_TYPES_WANSLEEBEN_HOGAN_2013_SEROUS_CELLS	Met	12755	1	1	97719620	97720226	-	102	0	0.0
ENSG00000188641	CELL_TYPES_WANSLEEBEN_HOGAN_2013_SEROUS_CELLS	StageI	12736	1	1	97671696	97672517	-	849	1	5.4
ENSG00000188641	CELL_TYPES_WANSLEEBEN_HOGAN_2013_SEROUS_CELLS	Normal	12692	1	1	97502158	97502737	-	334	6	24.5
ENSG00000188641	CELL_TYPES_WANSLEEBEN_HOGAN_2013_SEROUS_CELLS	IVprimary	12566	1	1	97086207	97086745	-	118	12	34.7
ENSG00000188641	CELL_TYPES_WANSLEEBEN_HOGAN_2013_SEROUS_CELLS	Met	12756	1	1	97730849	97732054	-	102	0	0.0
ENSG00000188641	CELL_TYPES_WANSLEEBEN_HOGAN_2013_SEROUS_CELLS	StageI	12750	1	1	97714361	97714639	-	849	0	0.0
ENSG00000188641	CELL_TYPES_WANSLEEBEN_HOGAN_2013_SEROUS_CELLS	Normal	12694	1	1	97524770	97525078	-	334	15	68.2
ENSG00000188641	CELL_TYPES_WANSLEEBEN_HOGAN_2013_SEROUS_CELLS	IVprimary	12568	1	1	97089647	97090524	-	118	0	0.0
ENSG00000092820	CELL_TYPES_WANSLEEBEN_HOGAN_2013_SEROUS_CELLS	Normal	249395	1	6	158783099	158784177	-	334	0	0.0
ENSG00000188641	CELL_TYPES_WANSLEEBEN_HOGAN_2013_SEROUS_CELLS	Met	12771	1	1	97808427	97809206	-	102	0	0.0
ENSG00000188641	CELL_TYPES_WANSLEEBEN_HOGAN_2013_SEROUS_CELLS	Met	12758	1	1	97738789	97739235	-	102	38	291.8
ENSG00000188641	CELL_TYPES_WANSLEEBEN_HOGAN_2013_SEROUS_CELLS	IVprimary	12602	1	1	97202005	97202302	-	118	1	5.7
ENSG00000188641	CELL_TYPES_WANSLEEBEN_HOGAN_2013_SEROUS_CELLS	StageI	12753	1	1	97717950	97718705	-	849	1	3.0
ENSG00000188641	CELL_TYPES_WANSLEEBEN_HOGAN_2013_SEROUS_CELLS	Normal	12730	1	1	97645490	97645872	-	334	5	22.4
ENSG00000188641	CELL_TYPES_WANSLEEBEN_HOGAN_2013_SEROUS_CELLS	IVprimary	12799	1	1	97899199	97899765	-	118	0	0.0
ENSG00000188641	CELL_TYPES_WANSLEEBEN_HOGAN_2013_SEROUS_CELLS	StageI	12755	1	1	97719620	97720226	-	849	1	7.0
ENSG00000188641	CELL_TYPES_WANSLEEBEN_HOGAN_2013_SEROUS_CELLS	Normal	12731	1	1	97646370	97647021	-	334	6	27.6
ENSG00000188641	CELL_TYPES_WANSLEEBEN_HOGAN_2013_SEROUS_CELLS	IVprimary	12605	1	1	97224607	97225130	-	118	0	0.0
ENSG00000188641	CELL_TYPES_WANSLEEBEN_HOGAN_2013_SEROUS_CELLS	IVprimary	12585	1	1	97164963	97165320	-	118	0	0.0
ENSG00000092820	CELL_TYPES_WANSLEEBEN_HOGAN_2013_SEROUS_CELLS	Normal	249399	1	6	158786699	158787570	-	334	1	4.6
ENSG00000188641	CELL_TYPES_WANSLEEBEN_HOGAN_2013_SEROUS_CELLS	StageI	12756	1	1	97730849	97732054	-	849	2	6.4
ENSG00000188641	CELL_TYPES_WANSLEEBEN_HOGAN_2013_SEROUS_CELLS	IVprimary	12606	1	1	97225581	97226111	-	118	1	4.2
ENSG00000188641	CELL_TYPES_WANSLEEBEN_HOGAN_2013_SEROUS_CELLS	Met	12776	1	1	97823152	97824427	-	102	0	0.0
ENSG00000188641	CELL_TYPES_WANSLEEBEN_HOGAN_2013_SEROUS_CELLS	StageI	12771	1	1	97808427	97809206	-	849	1	4.8
ENSG00000188641	CELL_TYPES_WANSLEEBEN_HOGAN_2013_SEROUS_CELLS	StageI	12758	1	1	97738789	97739235	-	849	2	7.6
ENSG00000188641	CELL_TYPES_WANSLEEBEN_HOGAN_2013_SEROUS_CELLS	IVprimary	12588	1	1	97170740	97171197	-	118	0	0.0
ENSG00000092820	CELL_TYPES_WANSLEEBEN_HOGAN_2013_SEROUS_CELLS	Met	249395	1	6	158783099	158784177	-	102	0	0.0
ENSG00000188641	CELL_TYPES_WANSLEEBEN_HOGAN_2013_SEROUS_CELLS	Met	12778	1	1	97826430	97828108	-	102	0	0.0
ENSG00000188641	CELL_TYPES_WANSLEEBEN_HOGAN_2013_SEROUS_CELLS	Normal	12735	1	1	97665486	97666723	-	334	2	10.3
ENSG00000188641	CELL_TYPES_WANSLEEBEN_HOGAN_2013_SEROUS_CELLS	Met	12779	1	1	97829840	97830188	-	102	0	0.0
ENSG00000188641	CELL_TYPES_WANSLEEBEN_HOGAN_2013_SEROUS_CELLS	Normal	12736	1	1	97671696	97672517	-	334	40	65.6
ENSG00000188641	CELL_TYPES_WANSLEEBEN_HOGAN_2013_SEROUS_CELLS	Met	12793	1	1	97882244	97882795	-	102	0	0.0
ENSG00000188641	CELL_TYPES_WANSLEEBEN_HOGAN_2013_SEROUS_CELLS	Normal	12750	1	1	97714361	97714639	-	334	5	22.1
ENSG00000188641	CELL_TYPES_WANSLEEBEN_HOGAN_2013_SEROUS_CELLS	Met	12566	1	1	97086207	97086745	-	102	0	0.0
ENSG00000092820	CELL_TYPES_WANSLEEBEN_HOGAN_2013_SEROUS_CELLS	Met	249399	1	6	158786699	158787570	-	102	1	6.0
ENSG00000188641	CELL_TYPES_WANSLEEBEN_HOGAN_2013_SEROUS_CELLS	StageI	12776	1	1	97823152	97824427	-	849	5	23.3
ENSG00000188641	CELL_TYPES_WANSLEEBEN_HOGAN_2013_SEROUS_CELLS	IVprimary	12626	1	1	97285704	97286117	-	118	0	0.0
ENSG00000188641	CELL_TYPES_WANSLEEBEN_HOGAN_2013_SEROUS_CELLS	Met	12568	1	1	97089647	97090524	-	102	0	0.0
ENSG00000188641	CELL_TYPES_WANSLEEBEN_HOGAN_2013_SEROUS_CELLS	Normal	12753	1	1	97717950	97718705	-	334	19	51.6
ENSG00000188641	CELL_TYPES_WANSLEEBEN_HOGAN_2013_SEROUS_CELLS	IVprimary	12627	1	1	97286483	97287361	-	118	0	0.0
ENSG00000188641	CELL_TYPES_WANSLEEBEN_HOGAN_2013_SEROUS_CELLS	Met	12602	1	1	97202005	97202302	-	102	0	0.0
ENSG00000188641	CELL_TYPES_WANSLEEBEN_HOGAN_2013_SEROUS_CELLS	StageI	12778	1	1	97826430	97828108	-	849	0	0.0
ENSG00000188641	CELL_TYPES_WANSLEEBEN_HOGAN_2013_SEROUS_CELLS	StageI	12779	1	1	97829840	97830188	-	849	3	13.3
ENSG00000188641	CELL_TYPES_WANSLEEBEN_HOGAN_2013_SEROUS_CELLS	Normal	12755	1	1	97719620	97720226	-	334	92	249.8
ENSG00000188641	CELL_TYPES_WANSLEEBEN_HOGAN_2013_SEROUS_CELLS	Met	12799	1	1	97899199	97899765	-	102	0	0.0
ENSG00000188641	CELL_TYPES_WANSLEEBEN_HOGAN_2013_SEROUS_CELLS	StageI	12793	1	1	97882244	97882795	-	849	12	45.5
ENSG00000188641	CELL_TYPES_WANSLEEBEN_HOGAN_2013_SEROUS_CELLS	Normal	12756	1	1	97730849	97732054	-	334	10	32.7
ENSG00000188641	CELL_TYPES_WANSLEEBEN_HOGAN_2013_SEROUS_CELLS	IVprimary	12643	1	1	97356328	97356878	-	118	0	0.0
ENSG00000188641	CELL_TYPES_WANSLEEBEN_HOGAN_2013_SEROUS_CELLS	Met	12605	1	1	97224607	97225130	-	102	0	0.0
ENSG00000188641	CELL_TYPES_WANSLEEBEN_HOGAN_2013_SEROUS_CELLS	StageI	12566	1	1	97086207	97086745	-	849	14	51.1
ENSG00000188641	CELL_TYPES_WANSLEEBEN_HOGAN_2013_SEROUS_CELLS	Met	12585	1	1	97164963	97165320	-	102	0	0.0
ENSG00000188641	CELL_TYPES_WANSLEEBEN_HOGAN_2013_SEROUS_CELLS	Met	12606	1	1	97225581	97226111	-	102	0	0.0
ENSG00000188641	CELL_TYPES_WANSLEEBEN_HOGAN_2013_SEROUS_CELLS	Normal	12771	1	1	97808427	97809206	-	334	1	5.9
ENSG00000188641	CELL_TYPES_WANSLEEBEN_HOGAN_2013_SEROUS_CELLS	Normal	12758	1	1	97738789	97739235	-	334	6	30.0
ENSG00000188641	CELL_TYPES_WANSLEEBEN_HOGAN_2013_SEROUS_CELLS	StageI	12568	1	1	97089647	97090524	-	849	0	0.0
ENSG00000188641	CELL_TYPES_WANSLEEBEN_HOGAN_2013_SEROUS_CELLS	Met	12588	1	1	97170740	97171197	-	102	0	0.0
ENSG00000188641	CELL_TYPES_WANSLEEBEN_HOGAN_2013_SEROUS_CELLS	StageI	12602	1	1	97202005	97202302	-	849	1	2.8
ENSG00000188641	CELL_TYPES_WANSLEEBEN_HOGAN_2013_SEROUS_CELLS	StageI	12799	1	1	97899199	97899765	-	849	0	0.0
ENSG00000188641	CELL_TYPES_WANSLEEBEN_HOGAN_2013_SEROUS_CELLS	IVprimary	12649	1	1	97381174	97381542	-	118	0	0.0
ENSG00000188641	CELL_TYPES_WANSLEEBEN_HOGAN_2013_SEROUS_CELLS	StageI	12605	1	1	97224607	97225130	-	849	15	68.7
ENSG00000188641	CELL_TYPES_WANSLEEBEN_HOGAN_2013_SEROUS_CELLS	StageI	12585	1	1	97164963	97165320	-	849	100	270.5
ENSG00000188641	CELL_TYPES_WANSLEEBEN_HOGAN_2013_SEROUS_CELLS	Normal	12776	1	1	97823152	97824427	-	334	14	45.1
ENSG00000188641	CELL_TYPES_WANSLEEBEN_HOGAN_2013_SEROUS_CELLS	StageI	12606	1	1	97225581	97226111	-	849	20	94.2
ENSG00000188641	CELL_TYPES_WANSLEEBEN_HOGAN_2013_SEROUS_CELLS	Met	12626	1	1	97285704	97286117	-	102	2	11.5
ENSG00000188641	CELL_TYPES_WANSLEEBEN_HOGAN_2013_SEROUS_CELLS	Normal	12778	1	1	97826430	97828108	-	334	2	10.9
ENSG00000188641	CELL_TYPES_WANSLEEBEN_HOGAN_2013_SEROUS_CELLS	Met	12627	1	1	97286483	97287361	-	102	0	0.0
ENSG00000188641	CELL_TYPES_WANSLEEBEN_HOGAN_2013_SEROUS_CELLS	StageI	12588	1	1	97170740	97171197	-	849	19	72.4
ENSG00000188641	CELL_TYPES_WANSLEEBEN_HOGAN_2013_SEROUS_CELLS	Normal	12779	1	1	97829840	97830188	-	334	0	0.0
ENSG00000188641	CELL_TYPES_WANSLEEBEN_HOGAN_2013_SEROUS_CELLS	Normal	12793	1	1	97882244	97882795	-	334	6	16.6
ENSG00000188641	CELL_TYPES_WANSLEEBEN_HOGAN_2013_SEROUS_CELLS	IVprimary	12680	1	1	97445823	97446216	-	118	17	68.1
ENSG00000188641	CELL_TYPES_WANSLEEBEN_HOGAN_2013_SEROUS_CELLS	Normal	12566	1	1	97086207	97086745	-	334	3	14.8
ENSG00000188641	CELL_TYPES_WANSLEEBEN_HOGAN_2013_SEROUS_CELLS	IVprimary	12681	1	1	97448699	97449251	-	118	0	0.0
ENSG00000188641	CELL_TYPES_WANSLEEBEN_HOGAN_2013_SEROUS_CELLS	Met	12643	1	1	97356328	97356878	-	102	0	0.0
ENSG00000188641	CELL_TYPES_WANSLEEBEN_HOGAN_2013_SEROUS_CELLS	Normal	12568	1	1	97089647	97090524	-	334	43	114.5
ENSG00000188641	CELL_TYPES_WANSLEEBEN_HOGAN_2013_SEROUS_CELLS	StageI	12626	1	1	97285704	97286117	-	849	0	0.0
ENSG00000188641	CELL_TYPES_WANSLEEBEN_HOGAN_2013_SEROUS_CELLS	Normal	12602	1	1	97202005	97202302	-	334	11	44.2
ENSG00000188641	CELL_TYPES_WANSLEEBEN_HOGAN_2013_SEROUS_CELLS	StageI	12627	1	1	97286483	97287361	-	849	1	4.5
ENSG00000092820	CELL_TYPES_WANSLEEBEN_HOGAN_2013_SEROUS_CELLS	IVprimary	249401	1	6	158788671	158790603	-	118	5	24.1
ENSG00000188641	CELL_TYPES_WANSLEEBEN_HOGAN_2013_SEROUS_CELLS	Normal	12799	1	1	97899199	97899765	-	334	1	4.5
ENSG00000188641	CELL_TYPES_WANSLEEBEN_HOGAN_2013_SEROUS_CELLS	IVprimary	12706	1	1	97547583	97547908	-	118	0	0.0
ENSG00000188641	CELL_TYPES_WANSLEEBEN_HOGAN_2013_SEROUS_CELLS	Normal	12605	1	1	97224607	97225130	-	334	15	53.6
ENSG00000188641	CELL_TYPES_WANSLEEBEN_HOGAN_2013_SEROUS_CELLS	Normal	12585	1	1	97164963	97165320	-	334	1	4.7
ENSG00000188641	CELL_TYPES_WANSLEEBEN_HOGAN_2013_SEROUS_CELLS	Met	12649	1	1	97381174	97381542	-	102	0	0.0
ENSG00000188641	CELL_TYPES_WANSLEEBEN_HOGAN_2013_SEROUS_CELLS	StageI	12643	1	1	97356328	97356878	-	849	0	0.0
ENSG00000188641	CELL_TYPES_WANSLEEBEN_HOGAN_2013_SEROUS_CELLS	Normal	12606	1	1	97225581	97226111	-	334	4	20.9
ENSG00000092820	CELL_TYPES_WANSLEEBEN_HOGAN_2013_SEROUS_CELLS	IVprimary	249385	1	6	158770712	158772080	-	118	0	0.0
ENSG00000188641	CELL_TYPES_WANSLEEBEN_HOGAN_2013_SEROUS_CELLS	Normal	12588	1	1	97170740	97171197	-	334	76	201.4
ENSG00000188641	CELL_TYPES_WANSLEEBEN_HOGAN_2013_SEROUS_CELLS	IVprimary	12724	1	1	97618415	97618937	-	118	0	0.0
ENSG00000092820	CELL_TYPES_WANSLEEBEN_HOGAN_2013_SEROUS_CELLS	IVprimary	249421	1	6	158814458	158818266	-	118	0	0.0
ENSG00000188641	CELL_TYPES_WANSLEEBEN_HOGAN_2013_SEROUS_CELLS	Met	12680	1	1	97445823	97446216	-	102	0	0.0
ENSG00000092820	CELL_TYPES_WANSLEEBEN_HOGAN_2013_SEROUS_CELLS	IVprimary	249409	1	6	158797853	158801612	-	118	6	22.3
ENSG00000188641	CELL_TYPES_WANSLEEBEN_HOGAN_2013_SEROUS_CELLS	Met	12681	1	1	97448699	97449251	-	102	0	0.0
ENSG00000188641	CELL_TYPES_WANSLEEBEN_HOGAN_2013_SEROUS_CELLS	StageI	12649	1	1	97381174	97381542	-	849	0	0.0
ENSG00000188641	CELL_TYPES_WANSLEEBEN_HOGAN_2013_SEROUS_CELLS	Normal	12626	1	1	97285704	97286117	-	334	3	13.7
ENSG00000188641	CELL_TYPES_WANSLEEBEN_HOGAN_2013_SEROUS_CELLS	Normal	12627	1	1	97286483	97287361	-	334	4	22.6
ENSG00000188641	CELL_TYPES_WANSLEEBEN_HOGAN_2013_SEROUS_CELLS	Met	12706	1	1	97547583	97547908	-	102	0	0.0
ENSG00000188641	CELL_TYPES_WANSLEEBEN_HOGAN_2013_SEROUS_CELLS	StageI	12680	1	1	97445823	97446216	-	849	6	22.4
ENSG00000188641	CELL_TYPES_WANSLEEBEN_HOGAN_2013_SEROUS_CELLS	Normal	12643	1	1	97356328	97356878	-	334	1	5.8
ENSG00000188641	CELL_TYPES_WANSLEEBEN_HOGAN_2013_SEROUS_CELLS	StageI	12681	1	1	97448699	97449251	-	849	9	43.0
ENSG00000188641	CELL_TYPES_WANSLEEBEN_HOGAN_2013_SEROUS_CELLS	IVprimary	12746	1	1	97708893	97709759	-	118	0	0.0
ENSG00000188641	CELL_TYPES_WANSLEEBEN_HOGAN_2013_SEROUS_CELLS	IVprimary	12761	1	1	97763485	97764057	-	118	0	0.0
ENSG00000188641	CELL_TYPES_WANSLEEBEN_HOGAN_2013_SEROUS_CELLS	IVprimary	12748	1	1	97711899	97712915	-	118	0	0.0
ENSG00000188641	CELL_TYPES_WANSLEEBEN_HOGAN_2013_SEROUS_CELLS	Met	12724	1	1	97618415	97618937	-	102	0	0.0
ENSG00000188641	CELL_TYPES_WANSLEEBEN_HOGAN_2013_SEROUS_CELLS	IVprimary	12763	1	1	97776011	97776514	-	118	0	0.0
ENSG00000188641	CELL_TYPES_WANSLEEBEN_HOGAN_2013_SEROUS_CELLS	StageI	12706	1	1	97547583	97547908	-	849	0	0.0
ENSG00000188641	CELL_TYPES_WANSLEEBEN_HOGAN_2013_SEROUS_CELLS	Normal	12649	1	1	97381174	97381542	-	334	0	0.0
ENSG00000092820	CELL_TYPES_WANSLEEBEN_HOGAN_2013_SEROUS_CELLS	StageI	249395	1	6	158783099	158784177	-	849	6	29.8
ENSG00000188641	CELL_TYPES_WANSLEEBEN_HOGAN_2013_SEROUS_CELLS	IVprimary	12766	1	1	97792345	97792757	-	118	0	0.0
ENSG00000188641	CELL_TYPES_WANSLEEBEN_HOGAN_2013_SEROUS_CELLS	IVprimary	12800	1	1	97907849	97908610	-	118	0	0.0
ENSG00000188641	CELL_TYPES_WANSLEEBEN_HOGAN_2013_SEROUS_CELLS	IVprimary	12767	1	1	97797542	97797834	-	118	0	0.0
ENSG00000188641	CELL_TYPES_WANSLEEBEN_HOGAN_2013_SEROUS_CELLS	IVprimary	12781	1	1	97849598	97849893	-	118	1	5.3
ENSG00000188641	CELL_TYPES_WANSLEEBEN_HOGAN_2013_SEROUS_CELLS	IVprimary	12768	1	1	97800255	97801101	-	118	0	0.0
ENSG00000188641	CELL_TYPES_WANSLEEBEN_HOGAN_2013_SEROUS_CELLS	StageI	12724	1	1	97618415	97618937	-	849	13	63.0
ENSG00000188641	CELL_TYPES_WANSLEEBEN_HOGAN_2013_SEROUS_CELLS	Normal	12680	1	1	97445823	97446216	-	334	4	12.9
ENSG00000092820	CELL_TYPES_WANSLEEBEN_HOGAN_2013_SEROUS_CELLS	Normal	249401	1	6	158788671	158790603	-	334	1	4.7
ENSG00000188641	CELL_TYPES_WANSLEEBEN_HOGAN_2013_SEROUS_CELLS	Normal	12681	1	1	97448699	97449251	-	334	30	65.3
ENSG00000092820	CELL_TYPES_WANSLEEBEN_HOGAN_2013_SEROUS_CELLS	StageI	249399	1	6	158786699	158787570	-	849	3	13.5
ENSG00000188641	CELL_TYPES_WANSLEEBEN_HOGAN_2013_SEROUS_CELLS	IVprimary	12783	1	1	97854352	97854586	-	118	0	0.0
ENSG00000188641	CELL_TYPES_WANSLEEBEN_HOGAN_2013_SEROUS_CELLS	Met	12746	1	1	97708893	97709759	-	102	0	0.0
ENSG00000188641	CELL_TYPES_WANSLEEBEN_HOGAN_2013_SEROUS_CELLS	IVprimary	12571	1	1	97097421	97097688	-	118	0	0.0
ENSG00000092820	CELL_TYPES_WANSLEEBEN_HOGAN_2013_SEROUS_CELLS	Normal	249385	1	6	158770712	158772080	-	334	5	28.5
ENSG00000188641	CELL_TYPES_WANSLEEBEN_HOGAN_2013_SEROUS_CELLS	Met	12761	1	1	97763485	97764057	-	102	0	0.0
ENSG00000188641	CELL_TYPES_WANSLEEBEN_HOGAN_2013_SEROUS_CELLS	Met	12748	1	1	97711899	97712915	-	102	0	0.0
ENSG00000188641	CELL_TYPES_WANSLEEBEN_HOGAN_2013_SEROUS_CELLS	Normal	12706	1	1	97547583	97547908	-	334	15	40.4
ENSG00000188641	CELL_TYPES_WANSLEEBEN_HOGAN_2013_SEROUS_CELLS	IVprimary	12788	1	1	97873090	97873232	-	118	0	0.0
ENSG00000188641	CELL_TYPES_WANSLEEBEN_HOGAN_2013_SEROUS_CELLS	Met	12763	1	1	97776011	97776514	-	102	0	0.0
ENSG00000092820	CELL_TYPES_WANSLEEBEN_HOGAN_2013_SEROUS_CELLS	Normal	249421	1	6	158814458	158818266	-	334	10	27.5
ENSG00000092820	CELL_TYPES_WANSLEEBEN_HOGAN_2013_SEROUS_CELLS	Met	249401	1	6	158788671	158790603	-	102	0	0.0
ENSG00000092820	CELL_TYPES_WANSLEEBEN_HOGAN_2013_SEROUS_CELLS	Normal	249409	1	6	158797853	158801612	-	334	0	0.0
ENSG00000188641	CELL_TYPES_WANSLEEBEN_HOGAN_2013_SEROUS_CELLS	StageI	12746	1	1	97708893	97709759	-	849	4	15.8
ENSG00000188641	CELL_TYPES_WANSLEEBEN_HOGAN_2013_SEROUS_CELLS	Met	12766	1	1	97792345	97792757	-	102	0	0.0
ENSG00000188641	CELL_TYPES_WANSLEEBEN_HOGAN_2013_SEROUS_CELLS	Met	12800	1	1	97907849	97908610	-	102	0	0.0
ENSG00000188641	CELL_TYPES_WANSLEEBEN_HOGAN_2013_SEROUS_CELLS	Met	12767	1	1	97797542	97797834	-	102	0	0.0
ENSG00000188641	CELL_TYPES_WANSLEEBEN_HOGAN_2013_SEROUS_CELLS	StageI	12761	1	1	97763485	97764057	-	849	0	0.0
ENSG00000188641	CELL_TYPES_WANSLEEBEN_HOGAN_2013_SEROUS_CELLS	StageI	12748	1	1	97711899	97712915	-	849	3	11.4
ENSG00000188641	CELL_TYPES_WANSLEEBEN_HOGAN_2013_SEROUS_CELLS	Normal	12724	1	1	97618415	97618937	-	334	25	81.5
ENSG00000188641	CELL_TYPES_WANSLEEBEN_HOGAN_2013_SEROUS_CELLS	IVprimary	12591	1	1	97180194	97180488	-	118	0	0.0
ENSG00000188641	CELL_TYPES_WANSLEEBEN_HOGAN_2013_SEROUS_CELLS	IVprimary	12578	1	1	97130731	97131216	-	118	0	0.0
ENSG00000092820	CELL_TYPES_WANSLEEBEN_HOGAN_2013_SEROUS_CELLS	Met	249385	1	6	158770712	158772080	-	102	0	0.0
ENSG00000188641	CELL_TYPES_WANSLEEBEN_HOGAN_2013_SEROUS_CELLS	Met	12781	1	1	97849598	97849893	-	102	0	0.0
ENSG00000188641	CELL_TYPES_WANSLEEBEN_HOGAN_2013_SEROUS_CELLS	Met	12768	1	1	97800255	97801101	-	102	0	0.0
ENSG00000188641	CELL_TYPES_WANSLEEBEN_HOGAN_2013_SEROUS_CELLS	IVprimary	12579	1	1	97133097	97133761	-	118	0	0.0
ENSG00000188641	CELL_TYPES_WANSLEEBEN_HOGAN_2013_SEROUS_CELLS	StageI	12763	1	1	97776011	97776514	-	849	0	0.0
ENSG00000188641	CELL_TYPES_WANSLEEBEN_HOGAN_2013_SEROUS_CELLS	Met	12783	1	1	97854352	97854586	-	102	0	0.0
ENSG00000092820	CELL_TYPES_WANSLEEBEN_HOGAN_2013_SEROUS_CELLS	Met	249421	1	6	158814458	158818266	-	102	0	0.0
ENSG00000092820	CELL_TYPES_WANSLEEBEN_HOGAN_2013_SEROUS_CELLS	Met	249409	1	6	158797853	158801612	-	102	0	0.0
ENSG00000188641	CELL_TYPES_WANSLEEBEN_HOGAN_2013_SEROUS_CELLS	StageI	12766	1	1	97792345	97792757	-	849	17	65.2
ENSG00000188641	CELL_TYPES_WANSLEEBEN_HOGAN_2013_SEROUS_CELLS	Met	12571	1	1	97097421	97097688	-	102	0	0.0
ENSG00000188641	CELL_TYPES_WANSLEEBEN_HOGAN_2013_SEROUS_CELLS	IVprimary	12596	1	1	97187222	97188304	-	118	0	0.0
ENSG00000188641	CELL_TYPES_WANSLEEBEN_HOGAN_2013_SEROUS_CELLS	StageI	12800	1	1	97907849	97908610	-	849	0	0.0
ENSG00000188641	CELL_TYPES_WANSLEEBEN_HOGAN_2013_SEROUS_CELLS	StageI	12767	1	1	97797542	97797834	-	849	47	205.3
ENSG00000188641	CELL_TYPES_WANSLEEBEN_HOGAN_2013_SEROUS_CELLS	IVprimary	12617	1	1	97264168	97264734	-	118	2	9.1
ENSG00000188641	CELL_TYPES_WANSLEEBEN_HOGAN_2013_SEROUS_CELLS	StageI	12781	1	1	97849598	97849893	-	849	0	0.0
ENSG00000188641	CELL_TYPES_WANSLEEBEN_HOGAN_2013_SEROUS_CELLS	StageI	12768	1	1	97800255	97801101	-	849	2	13.7
ENSG00000188641	CELL_TYPES_WANSLEEBEN_HOGAN_2013_SEROUS_CELLS	Met	12788	1	1	97873090	97873232	-	102	0	0.0
ENSG00000188641	CELL_TYPES_WANSLEEBEN_HOGAN_2013_SEROUS_CELLS	IVprimary	12632	1	1	97314551	97314906	-	118	1	5.0
ENSG00000188641	CELL_TYPES_WANSLEEBEN_HOGAN_2013_SEROUS_CELLS	StageI	12783	1	1	97854352	97854586	-	849	0	0.0
ENSG00000188641	CELL_TYPES_WANSLEEBEN_HOGAN_2013_SEROUS_CELLS	Normal	12746	1	1	97708893	97709759	-	334	5	17.5
ENSG00000188641	CELL_TYPES_WANSLEEBEN_HOGAN_2013_SEROUS_CELLS	Normal	12761	1	1	97763485	97764057	-	334	3	17.4
ENSG00000188641	CELL_TYPES_WANSLEEBEN_HOGAN_2013_SEROUS_CELLS	Normal	12748	1	1	97711899	97712915	-	334	3	13.6
ENSG00000188641	CELL_TYPES_WANSLEEBEN_HOGAN_2013_SEROUS_CELLS	IVprimary	12635	1	1	97333155	97333948	-	118	0	0.0
ENSG00000188641	CELL_TYPES_WANSLEEBEN_HOGAN_2013_SEROUS_CELLS	StageI	12571	1	1	97097421	97097688	-	849	1	4.6
ENSG00000188641	CELL_TYPES_WANSLEEBEN_HOGAN_2013_SEROUS_CELLS	Met	12578	1	1	97130731	97131216	-	102	0	0.0
ENSG00000188641	CELL_TYPES_WANSLEEBEN_HOGAN_2013_SEROUS_CELLS	Met	12591	1	1	97180194	97180488	-	102	82	289.8
ENSG00000188641	CELL_TYPES_WANSLEEBEN_HOGAN_2013_SEROUS_CELLS	Normal	12763	1	1	97776011	97776514	-	334	2	12.2
ENSG00000188641	CELL_TYPES_WANSLEEBEN_HOGAN_2013_SEROUS_CELLS	Met	12579	1	1	97133097	97133761	-	102	0	0.0
ENSG00000188641	CELL_TYPES_WANSLEEBEN_HOGAN_2013_SEROUS_CELLS	StageI	12788	1	1	97873090	97873232	-	849	0	0.0
ENSG00000188641	CELL_TYPES_WANSLEEBEN_HOGAN_2013_SEROUS_CELLS	IVprimary	12638	1	1	97346100	97346845	-	118	12	43.1
ENSG00000112137	CELL_TYPES_WANSLEEBEN_HOGAN_2013_TREG	IVprimary	234965	1	6	13289253	13290416	+	84	0	0.0
ENSG00000112137	CELL_TYPES_WANSLEEBEN_HOGAN_2013_TREG	Normal	234870	1	6	12957988	12959186	+	1516	4	22.9
ENSG00000188641	CELL_TYPES_WANSLEEBEN_HOGAN_2013_TREG	IVprimary	12654	1	1	97390771	97391562	-	84	1	5.7
ENSG00000188641	CELL_TYPES_WANSLEEBEN_HOGAN_2013_TREG	StageI	12590	1	1	97177653	97178094	-	1793	1	7.1
ENSG00000188641	CELL_TYPES_WANSLEEBEN_HOGAN_2013_TREG	IVprimary	12656	1	1	97393167	97393723	-	84	0	0.0
ENSG00000188641	CELL_TYPES_WANSLEEBEN_HOGAN_2013_TREG	Met	12631	1	1	97313721	97314145	-	397	1	6.1
ENSG00000188641	CELL_TYPES_WANSLEEBEN_HOGAN_2013_TREG	StageI	12631	1	1	97313721	97314145	-	1793	7	38.2
ENSG00000188641	CELL_TYPES_WANSLEEBEN_HOGAN_2013_TREG	Met	12638	1	1	97346100	97346845	-	397	0	0.0
ENSG00000188641	CELL_TYPES_WANSLEEBEN_HOGAN_2013_TREG	Normal	12575	1	1	97118217	97118752	-	1516	11	65.7
ENSG00000188641	CELL_TYPES_WANSLEEBEN_HOGAN_2013_TREG	Met	12651	1	1	97384471	97384759	-	397	0	0.0
ENSG00000188641	CELL_TYPES_WANSLEEBEN_HOGAN_2013_TREG	IVprimary	12710	1	1	97557226	97557683	-	84	1	5.2
ENSG00000188641	CELL_TYPES_WANSLEEBEN_HOGAN_2013_TREG	IVprimary	12677	1	1	97440492	97441735	-	84	0	0.0
ENSG00000188641	CELL_TYPES_WANSLEEBEN_HOGAN_2013_TREG	IVprimary	12711	1	1	97559609	97560022	-	84	0	0.0
ENSG00000188641	CELL_TYPES_WANSLEEBEN_HOGAN_2013_TREG	Normal	12590	1	1	97177653	97178094	-	1516	80	368.8
ENSG00000188641	CELL_TYPES_WANSLEEBEN_HOGAN_2013_TREG	IVprimary	12712	1	1	97567445	97567646	-	84	0	0.0
ENSG00000188641	CELL_TYPES_WANSLEEBEN_HOGAN_2013_TREG	Met	12654	1	1	97390771	97391562	-	397	0	0.0
ENSG00000188641	CELL_TYPES_WANSLEEBEN_HOGAN_2013_TREG	IVprimary	12713	1	1	97570817	97571095	-	84	0	0.0
ENSG00000188641	CELL_TYPES_WANSLEEBEN_HOGAN_2013_TREG	Met	12656	1	1	97393167	97393723	-	397	0	0.0
ENSG00000188641	CELL_TYPES_WANSLEEBEN_HOGAN_2013_TREG	StageI	12651	1	1	97384471	97384759	-	1793	0	0.0
ENSG00000188641	CELL_TYPES_WANSLEEBEN_HOGAN_2013_TREG	StageI	12638	1	1	97346100	97346845	-	1793	3	14.3
ENSG00000188641	CELL_TYPES_WANSLEEBEN_HOGAN_2013_TREG	StageI	12654	1	1	97390771	97391562	-	1793	5	27.0
ENSG00000092820	CELL_TYPES_WANSLEEBEN_HOGAN_2013_TREG	IVprimary	249395	1	6	158783099	158784177	-	84	0	0.0
ENSG00000112137	CELL_TYPES_WANSLEEBEN_HOGAN_2013_TREG	StageI	234965	1	6	13289253	13290416	+	1793	7	43.7
ENSG00000188641	CELL_TYPES_WANSLEEBEN_HOGAN_2013_TREG	IVprimary	12732	1	1	97653324	97653990	-	84	0	0.0
ENSG00000188641	CELL_TYPES_WANSLEEBEN_HOGAN_2013_TREG	IVprimary	12699	1	1	97531986	97533446	-	84	0	0.0
ENSG00000188641	CELL_TYPES_WANSLEEBEN_HOGAN_2013_TREG	Normal	12631	1	1	97313721	97314145	-	1516	5	23.6
ENSG00000092820	CELL_TYPES_WANSLEEBEN_HOGAN_2013_TREG	IVprimary	249416	1	6	158809902	158811360	-	84	0	0.0
ENSG00000188641	CELL_TYPES_WANSLEEBEN_HOGAN_2013_TREG	IVprimary	12733	1	1	97656259	97657704	-	84	0	0.0
ENSG00000188641	CELL_TYPES_WANSLEEBEN_HOGAN_2013_TREG	StageI	12656	1	1	97393167	97393723	-	1793	0	0.0
ENSG00000092820	CELL_TYPES_WANSLEEBEN_HOGAN_2013_TREG	IVprimary	249397	1	6	158785326	158785587	-	84	4	18.7
ENSG00000112137	CELL_TYPES_WANSLEEBEN_HOGAN_2013_TREG	Normal	234951	1	6	13276261	13276770	+	1516	4	17.2
ENSG00000188641	CELL_TYPES_WANSLEEBEN_HOGAN_2013_TREG	IVprimary	12735	1	1	97665486	97666723	-	84	0	0.0
ENSG00000188641	CELL_TYPES_WANSLEEBEN_HOGAN_2013_TREG	Met	12710	1	1	97557226	97557683	-	397	4	25.7
ENSG00000188641	CELL_TYPES_WANSLEEBEN_HOGAN_2013_TREG	Met	12677	1	1	97440492	97441735	-	397	0	0.0
ENSG00000092820	CELL_TYPES_WANSLEEBEN_HOGAN_2013_TREG	IVprimary	249399	1	6	158786699	158787570	-	84	0	0.0
ENSG00000112137	CELL_TYPES_WANSLEEBEN_HOGAN_2013_TREG	Normal	234952	1	6	13277400	13277957	+	1516	104	402.5
ENSG00000188641	CELL_TYPES_WANSLEEBEN_HOGAN_2013_TREG	IVprimary	12736	1	1	97671696	97672517	-	84	0	0.0
ENSG00000188641	CELL_TYPES_WANSLEEBEN_HOGAN_2013_TREG	Met	12711	1	1	97559609	97560022	-	397	0	0.0
ENSG00000188641	CELL_TYPES_WANSLEEBEN_HOGAN_2013_TREG	IVprimary	12737	1	1	97673171	97673529	-	84	0	0.0
ENSG00000188641	CELL_TYPES_WANSLEEBEN_HOGAN_2013_TREG	Met	12712	1	1	97567445	97567646	-	397	0	0.0
ENSG00000112137	CELL_TYPES_WANSLEEBEN_HOGAN_2013_TREG	Normal	234954	1	6	13278509	13278881	+	1516	15	77.7
ENSG00000188641	CELL_TYPES_WANSLEEBEN_HOGAN_2013_TREG	IVprimary	12738	1	1	97675800	97676224	-	84	0	0.0
ENSG00000188641	CELL_TYPES_WANSLEEBEN_HOGAN_2013_TREG	Met	12713	1	1	97570817	97571095	-	397	0	0.0
ENSG00000188641	CELL_TYPES_WANSLEEBEN_HOGAN_2013_TREG	Normal	12638	1	1	97346100	97346845	-	1516	1	5.1
ENSG00000188641	CELL_TYPES_WANSLEEBEN_HOGAN_2013_TREG	Normal	12651	1	1	97384471	97384759	-	1516	13	52.4
ENSG00000092820	CELL_TYPES_WANSLEEBEN_HOGAN_2013_TREG	StageI	249382	1	6	158765407	158768180	-	1793	9	58.7
ENSG00000092820	CELL_TYPES_WANSLEEBEN_HOGAN_2013_TREG	StageI	249403	1	6	158791381	158793011	-	1793	19	90.6
ENSG00000112137	CELL_TYPES_WANSLEEBEN_HOGAN_2013_TREG	Normal	234957	1	6	13281052	13281496	+	1516	9	55.3
ENSG00000188641	CELL_TYPES_WANSLEEBEN_HOGAN_2013_TREG	StageI	12710	1	1	97557226	97557683	-	1793	19	90.8
ENSG00000188641	CELL_TYPES_WANSLEEBEN_HOGAN_2013_TREG	StageI	12677	1	1	97440492	97441735	-	1793	0	0.0
ENSG00000188641	CELL_TYPES_WANSLEEBEN_HOGAN_2013_TREG	StageI	12711	1	1	97559609	97560022	-	1793	0	0.0
ENSG00000188641	CELL_TYPES_WANSLEEBEN_HOGAN_2013_TREG	Normal	12654	1	1	97390771	97391562	-	1516	2	13.9
ENSG00000092820	CELL_TYPES_WANSLEEBEN_HOGAN_2013_TREG	StageI	249385	1	6	158770712	158772080	-	1793	16	94.4
ENSG00000112137	CELL_TYPES_WANSLEEBEN_HOGAN_2013_TREG	Met	234965	1	6	13289253	13290416	+	397	1	6.5
ENSG00000188641	CELL_TYPES_WANSLEEBEN_HOGAN_2013_TREG	StageI	12712	1	1	97567445	97567646	-	1793	3	20.3
ENSG00000188641	CELL_TYPES_WANSLEEBEN_HOGAN_2013_TREG	IVprimary	12770	1	1	97807595	97808136	-	84	0	0.0
ENSG00000188641	CELL_TYPES_WANSLEEBEN_HOGAN_2013_TREG	Met	12732	1	1	97653324	97653990	-	397	1	7.6
ENSG00000188641	CELL_TYPES_WANSLEEBEN_HOGAN_2013_TREG	StageI	12713	1	1	97570817	97571095	-	1793	0	0.0
ENSG00000188641	CELL_TYPES_WANSLEEBEN_HOGAN_2013_TREG	Met	12699	1	1	97531986	97533446	-	397	0	0.0
ENSG00000188641	CELL_TYPES_WANSLEEBEN_HOGAN_2013_TREG	Normal	12656	1	1	97393167	97393723	-	1516	5	33.4
ENSG00000092820	CELL_TYPES_WANSLEEBEN_HOGAN_2013_TREG	StageI	249387	1	6	158774255	158777101	-	1793	9	44.5
ENSG00000188641	CELL_TYPES_WANSLEEBEN_HOGAN_2013_TREG	Met	12733	1	1	97656259	97657704	-	397	0	0.0
ENSG00000112137	CELL_TYPES_WANSLEEBEN_HOGAN_2013_TREG	IVprimary	234870	1	6	12957988	12959186	+	84	0	0.0
ENSG00000188641	CELL_TYPES_WANSLEEBEN_HOGAN_2013_TREG	Met	12735	1	1	97665486	97666723	-	397	0	0.0
ENSG00000188641	CELL_TYPES_WANSLEEBEN_HOGAN_2013_TREG	Met	12736	1	1	97671696	97672517	-	397	1	6.0
ENSG00000188641	CELL_TYPES_WANSLEEBEN_HOGAN_2013_TREG	Met	12737	1	1	97673171	97673529	-	397	0	0.0
ENSG00000188641	CELL_TYPES_WANSLEEBEN_HOGAN_2013_TREG	Met	12738	1	1	97675800	97676224	-	397	0	0.0
ENSG00000188641	CELL_TYPES_WANSLEEBEN_HOGAN_2013_TREG	StageI	12732	1	1	97653324	97653990	-	1793	3	17.5
ENSG00000188641	CELL_TYPES_WANSLEEBEN_HOGAN_2013_TREG	StageI	12699	1	1	97531986	97533446	-	1793	0	0.0
ENSG00000188641	CELL_TYPES_WANSLEEBEN_HOGAN_2013_TREG	IVprimary	12562	1	1	97077836	97078379	-	84	0	0.0
ENSG00000188641	CELL_TYPES_WANSLEEBEN_HOGAN_2013_TREG	StageI	12733	1	1	97656259	97657704	-	1793	8	44.7
ENSG00000188641	CELL_TYPES_WANSLEEBEN_HOGAN_2013_TREG	Normal	12710	1	1	97557226	97557683	-	1516	6	33.3
ENSG00000188641	CELL_TYPES_WANSLEEBEN_HOGAN_2013_TREG	Normal	12677	1	1	97440492	97441735	-	1516	13	79.1
ENSG00000188641	CELL_TYPES_WANSLEEBEN_HOGAN_2013_TREG	StageI	12735	1	1	97665486	97666723	-	1793	0	0.0
ENSG00000188641	CELL_TYPES_WANSLEEBEN_HOGAN_2013_TREG	Normal	12711	1	1	97559609	97560022	-	1516	1	6.5
ENSG00000188641	CELL_TYPES_WANSLEEBEN_HOGAN_2013_TREG	StageI	12736	1	1	97671696	97672517	-	1793	1	6.4
ENSG00000188641	CELL_TYPES_WANSLEEBEN_HOGAN_2013_TREG	Normal	12712	1	1	97567445	97567646	-	1516	27	110.8
ENSG00000188641	CELL_TYPES_WANSLEEBEN_HOGAN_2013_TREG	StageI	12737	1	1	97673171	97673529	-	1793	20	101.5
ENSG00000188641	CELL_TYPES_WANSLEEBEN_HOGAN_2013_TREG	Normal	12713	1	1	97570817	97571095	-	1516	2	11.4
ENSG00000188641	CELL_TYPES_WANSLEEBEN_HOGAN_2013_TREG	Met	12770	1	1	97807595	97808136	-	397	0	0.0
ENSG00000188641	CELL_TYPES_WANSLEEBEN_HOGAN_2013_TREG	StageI	12738	1	1	97675800	97676224	-	1793	1	6.2
ENSG00000092820	CELL_TYPES_WANSLEEBEN_HOGAN_2013_TREG	Normal	249395	1	6	158783099	158784177	-	1516	7	41.5
ENSG00000188641	CELL_TYPES_WANSLEEBEN_HOGAN_2013_TREG	IVprimary	12602	1	1	97202005	97202302	-	84	0	0.0
ENSG00000092820	CELL_TYPES_WANSLEEBEN_HOGAN_2013_TREG	Normal	249416	1	6	158809902	158811360	-	1516	15	72.3
ENSG00000092820	CELL_TYPES_WANSLEEBEN_HOGAN_2013_TREG	Normal	249397	1	6	158785326	158785587	-	1516	5	28.8
ENSG00000092820	CELL_TYPES_WANSLEEBEN_HOGAN_2013_TREG	Normal	249399	1	6	158786699	158787570	-	1516	0	0.0
ENSG00000188641	CELL_TYPES_WANSLEEBEN_HOGAN_2013_TREG	Normal	12732	1	1	97653324	97653990	-	1516	167	474.7
ENSG00000188641	CELL_TYPES_WANSLEEBEN_HOGAN_2013_TREG	Normal	12699	1	1	97531986	97533446	-	1516	6	36.8
ENSG00000188641	CELL_TYPES_WANSLEEBEN_HOGAN_2013_TREG	IVprimary	12606	1	1	97225581	97226111	-	84	0	0.0
ENSG00000188641	CELL_TYPES_WANSLEEBEN_HOGAN_2013_TREG	StageI	12770	1	1	97807595	97808136	-	1793	0	0.0
ENSG00000188641	CELL_TYPES_WANSLEEBEN_HOGAN_2013_TREG	Normal	12733	1	1	97656259	97657704	-	1516	10	53.1
ENSG00000188641	CELL_TYPES_WANSLEEBEN_HOGAN_2013_TREG	Met	12562	1	1	97077836	97078379	-	397	2	12.3
ENSG00000092820	CELL_TYPES_WANSLEEBEN_HOGAN_2013_TREG	Met	249395	1	6	158783099	158784177	-	397	0	0.0
ENSG00000188641	CELL_TYPES_WANSLEEBEN_HOGAN_2013_TREG	Normal	12735	1	1	97665486	97666723	-	1516	45	243.5
ENSG00000092820	CELL_TYPES_WANSLEEBEN_HOGAN_2013_TREG	Met	249416	1	6	158809902	158811360	-	397	0	0.0
ENSG00000188641	CELL_TYPES_WANSLEEBEN_HOGAN_2013_TREG	Normal	12736	1	1	97671696	97672517	-	1516	2	12.7
ENSG00000092820	CELL_TYPES_WANSLEEBEN_HOGAN_2013_TREG	Met	249397	1	6	158785326	158785587	-	397	0	0.0
ENSG00000112137	CELL_TYPES_WANSLEEBEN_HOGAN_2013_TREG	StageI	234870	1	6	12957988	12959186	+	1793	0	0.0
ENSG00000188641	CELL_TYPES_WANSLEEBEN_HOGAN_2013_TREG	Normal	12737	1	1	97673171	97673529	-	1516	0	0.0
ENSG00000188641	CELL_TYPES_WANSLEEBEN_HOGAN_2013_TREG	IVprimary	12624	1	1	97283105	97283800	-	84	0	0.0
ENSG00000188641	CELL_TYPES_WANSLEEBEN_HOGAN_2013_TREG	Normal	12738	1	1	97675800	97676224	-	1516	2	14.2
ENSG00000092820	CELL_TYPES_WANSLEEBEN_HOGAN_2013_TREG	Met	249399	1	6	158786699	158787570	-	397	3	20.5
ENSG00000112137	CELL_TYPES_WANSLEEBEN_HOGAN_2013_TREG	IVprimary	234951	1	6	13276261	13276770	+	84	0	0.0
ENSG00000188641	CELL_TYPES_WANSLEEBEN_HOGAN_2013_TREG	StageI	12562	1	1	97077836	97078379	-	1793	1	8.0
ENSG00000112137	CELL_TYPES_WANSLEEBEN_HOGAN_2013_TREG	IVprimary	234952	1	6	13277400	13277957	+	84	0	0.0
ENSG00000188641	CELL_TYPES_WANSLEEBEN_HOGAN_2013_TREG	Met	12602	1	1	97202005	97202302	-	397	0	0.0
ENSG00000112137	CELL_TYPES_WANSLEEBEN_HOGAN_2013_TREG	IVprimary	234954	1	6	13278509	13278881	+	84	0	0.0
ENSG00000188641	CELL_TYPES_WANSLEEBEN_HOGAN_2013_TREG	Normal	12770	1	1	97807595	97808136	-	1516	11	61.9
ENSG00000188641	CELL_TYPES_WANSLEEBEN_HOGAN_2013_TREG	Met	12606	1	1	97225581	97226111	-	397	7	32.1
ENSG00000112137	CELL_TYPES_WANSLEEBEN_HOGAN_2013_TREG	IVprimary	234957	1	6	13281052	13281496	+	84	0	0.0
ENSG00000188641	CELL_TYPES_WANSLEEBEN_HOGAN_2013_TREG	StageI	12602	1	1	97202005	97202302	-	1793	30	164.6
ENSG00000112137	CELL_TYPES_WANSLEEBEN_HOGAN_2013_TREG	Met	234870	1	6	12957988	12959186	+	397	0	0.0
ENSG00000188641	CELL_TYPES_WANSLEEBEN_HOGAN_2013_TREG	Met	12624	1	1	97283105	97283800	-	397	0	0.0
ENSG00000188641	CELL_TYPES_WANSLEEBEN_HOGAN_2013_TREG	IVprimary	12663	1	1	97406380	97406762	-	84	0	0.0
ENSG00000188641	CELL_TYPES_WANSLEEBEN_HOGAN_2013_TREG	StageI	12606	1	1	97225581	97226111	-	1793	4	22.5
ENSG00000188641	CELL_TYPES_WANSLEEBEN_HOGAN_2013_TREG	Normal	12562	1	1	97077836	97078379	-	1516	5	31.7
ENSG00000188641	CELL_TYPES_WANSLEEBEN_HOGAN_2013_TREG	IVprimary	12667	1	1	97418335	97418847	-	84	0	0.0
ENSG00000188641	CELL_TYPES_WANSLEEBEN_HOGAN_2013_TREG	IVprimary	12681	1	1	97448699	97449251	-	84	0	0.0
ENSG00000188641	CELL_TYPES_WANSLEEBEN_HOGAN_2013_TREG	StageI	12624	1	1	97283105	97283800	-	1793	15	75.8
ENSG00000188641	CELL_TYPES_WANSLEEBEN_HOGAN_2013_TREG	IVprimary	12669	1	1	97428862	97429161	-	84	0	0.0
ENSG00000188641	CELL_TYPES_WANSLEEBEN_HOGAN_2013_TREG	Normal	12602	1	1	97202005	97202302	-	1516	0	0.0
ENSG00000112137	CELL_TYPES_WANSLEEBEN_HOGAN_2013_TREG	StageI	234951	1	6	13276261	13276770	+	1793	3	13.6
ENSG00000092820	CELL_TYPES_WANSLEEBEN_HOGAN_2013_TREG	IVprimary	249382	1	6	158765407	158768180	-	84	0	0.0
ENSG00000112137	CELL_TYPES_WANSLEEBEN_HOGAN_2013_TREG	StageI	234952	1	6	13277400	13277957	+	1793	0	0.0
ENSG00000092820	CELL_TYPES_WANSLEEBEN_HOGAN_2013_TREG	IVprimary	249403	1	6	158791381	158793011	-	84	1	6.4
ENSG00000188641	CELL_TYPES_WANSLEEBEN_HOGAN_2013_TREG	IVprimary	12707	1	1	97549197	97549623	-	84	0	0.0
ENSG00000188641	CELL_TYPES_WANSLEEBEN_HOGAN_2013_TREG	Normal	12606	1	1	97225581	97226111	-	1516	14	70.4
ENSG00000112137	CELL_TYPES_WANSLEEBEN_HOGAN_2013_TREG	StageI	234954	1	6	13278509	13278881	+	1793	0	0.0
ENSG00000188641	CELL_TYPES_WANSLEEBEN_HOGAN_2013_TREG	IVprimary	12708	1	1	97554986	97555538	-	84	0	0.0
ENSG00000188641	CELL_TYPES_WANSLEEBEN_HOGAN_2013_TREG	Met	12663	1	1	97406380	97406762	-	397	1	5.9
ENSG00000092820	CELL_TYPES_WANSLEEBEN_HOGAN_2013_TREG	IVprimary	249385	1	6	158770712	158772080	-	84	0	0.0
ENSG00000188641	CELL_TYPES_WANSLEEBEN_HOGAN_2013_TREG	IVprimary	12722	1	1	97616103	97616589	-	84	0	0.0
ENSG00000188641	CELL_TYPES_WANSLEEBEN_HOGAN_2013_TREG	IVprimary	12723	1	1	97617013	97617485	-	84	0	0.0
ENSG00000092820	CELL_TYPES_WANSLEEBEN_HOGAN_2013_TREG	IVprimary	249387	1	6	158774255	158777101	-	84	0	0.0
ENSG00000112137	CELL_TYPES_WANSLEEBEN_HOGAN_2013_TREG	StageI	234957	1	6	13281052	13281496	+	1793	1	7.4
ENSG00000188641	CELL_TYPES_WANSLEEBEN_HOGAN_2013_TREG	IVprimary	12724	1	1	97618415	97618937	-	84	2	13.4
ENSG00000188641	CELL_TYPES_WANSLEEBEN_HOGAN_2013_TREG	Met	12667	1	1	97418335	97418847	-	397	0	0.0
ENSG00000188641	CELL_TYPES_WANSLEEBEN_HOGAN_2013_TREG	Normal	12624	1	1	97283105	97283800	-	1516	5	30.2
ENSG00000188641	CELL_TYPES_WANSLEEBEN_HOGAN_2013_TREG	IVprimary	12726	1	1	97626966	97627228	-	84	0	0.0
ENSG00000188641	CELL_TYPES_WANSLEEBEN_HOGAN_2013_TREG	Met	12681	1	1	97448699	97449251	-	397	0	0.0
ENSG00000188641	CELL_TYPES_WANSLEEBEN_HOGAN_2013_TREG	Met	12669	1	1	97428862	97429161	-	397	0	0.0
ENSG00000188641	CELL_TYPES_WANSLEEBEN_HOGAN_2013_TREG	StageI	12663	1	1	97406380	97406762	-	1793	13	59.1
ENSG00000188641	CELL_TYPES_WANSLEEBEN_HOGAN_2013_TREG	IVprimary	12728	1	1	97640339	97640798	-	84	0	0.0
ENSG00000112137	CELL_TYPES_WANSLEEBEN_HOGAN_2013_TREG	Met	234951	1	6	13276261	13276770	+	397	0	0.0
ENSG00000188641	CELL_TYPES_WANSLEEBEN_HOGAN_2013_TREG	IVprimary	12729	1	1	97644557	97645194	-	84	0	0.0
ENSG00000112137	CELL_TYPES_WANSLEEBEN_HOGAN_2013_TREG	Met	234952	1	6	13277400	13277957	+	397	2	13.0
ENSG00000188641	CELL_TYPES_WANSLEEBEN_HOGAN_2013_TREG	StageI	12667	1	1	97418335	97418847	-	1793	0	0.0
ENSG00000112137	CELL_TYPES_WANSLEEBEN_HOGAN_2013_TREG	Met	234954	1	6	13278509	13278881	+	397	6	32.4
ENSG00000188641	CELL_TYPES_WANSLEEBEN_HOGAN_2013_TREG	Met	12707	1	1	97549197	97549623	-	397	0	0.0
ENSG00000188641	CELL_TYPES_WANSLEEBEN_HOGAN_2013_TREG	StageI	12681	1	1	97448699	97449251	-	1793	0	0.0
ENSG00000188641	CELL_TYPES_WANSLEEBEN_HOGAN_2013_TREG	Met	12708	1	1	97554986	97555538	-	397	0	0.0
ENSG00000188641	CELL_TYPES_WANSLEEBEN_HOGAN_2013_TREG	StageI	12669	1	1	97428862	97429161	-	1793	2	13.0
ENSG00000188641	CELL_TYPES_WANSLEEBEN_HOGAN_2013_TREG	Met	12722	1	1	97616103	97616589	-	397	0	0.0
ENSG00000112137	CELL_TYPES_WANSLEEBEN_HOGAN_2013_TREG	Met	234957	1	6	13281052	13281496	+	397	0	0.0
ENSG00000188641	CELL_TYPES_WANSLEEBEN_HOGAN_2013_TREG	IVprimary	12748	1	1	97711899	97712915	-	84	0	0.0
ENSG00000188641	CELL_TYPES_WANSLEEBEN_HOGAN_2013_TREG	Met	12723	1	1	97617013	97617485	-	397	5	31.0
ENSG00000112137	CELL_TYPES_WANSLEEBEN_HOGAN_2013_TREG	Normal	234965	1	6	13289253	13290416	+	1516	41	207.6
ENSG00000188641	CELL_TYPES_WANSLEEBEN_HOGAN_2013_TREG	Met	12724	1	1	97618415	97618937	-	397	3	20.0
ENSG00000188641	CELL_TYPES_WANSLEEBEN_HOGAN_2013_TREG	IVprimary	12763	1	1	97776011	97776514	-	84	0	0.0
ENSG00000188641	CELL_TYPES_WANSLEEBEN_HOGAN_2013_TREG	IVprimary	12764	1	1	97783468	97783998	-	84	0	0.0
ENSG00000188641	CELL_TYPES_WANSLEEBEN_HOGAN_2013_TREG	Met	12726	1	1	97626966	97627228	-	397	0	0.0
ENSG00000188641	CELL_TYPES_WANSLEEBEN_HOGAN_2013_TREG	StageI	12707	1	1	97549197	97549623	-	1793	5	23.5
ENSG00000188641	CELL_TYPES_WANSLEEBEN_HOGAN_2013_TREG	Normal	12663	1	1	97406380	97406762	-	1516	27	146.0
ENSG00000188641	CELL_TYPES_WANSLEEBEN_HOGAN_2013_TREG	StageI	12708	1	1	97554986	97555538	-	1793	0	0.0
ENSG00000092820	CELL_TYPES_WANSLEEBEN_HOGAN_2013_TREG	StageI	249395	1	6	158783099	158784177	-	1793	7	38.2
ENSG00000188641	CELL_TYPES_WANSLEEBEN_HOGAN_2013_TREG	Met	12728	1	1	97640339	97640798	-	397	0	0.0
ENSG00000188641	CELL_TYPES_WANSLEEBEN_HOGAN_2013_TREG	StageI	12722	1	1	97616103	97616589	-	1793	3	17.8
ENSG00000092820	CELL_TYPES_WANSLEEBEN_HOGAN_2013_TREG	StageI	249416	1	6	158809902	158811360	-	1793	2	10.5
ENSG00000188641	CELL_TYPES_WANSLEEBEN_HOGAN_2013_TREG	Met	12729	1	1	97644557	97645194	-	397	0	0.0
ENSG00000188641	CELL_TYPES_WANSLEEBEN_HOGAN_2013_TREG	StageI	12723	1	1	97617013	97617485	-	1793	0	0.0
ENSG00000092820	CELL_TYPES_WANSLEEBEN_HOGAN_2013_TREG	StageI	249397	1	6	158785326	158785587	-	1793	32	112.5
ENSG00000188641	CELL_TYPES_WANSLEEBEN_HOGAN_2013_TREG	StageI	12724	1	1	97618415	97618937	-	1793	22	118.8
ENSG00000188641	CELL_TYPES_WANSLEEBEN_HOGAN_2013_TREG	Normal	12667	1	1	97418335	97418847	-	1516	16	70.5
ENSG00000188641	CELL_TYPES_WANSLEEBEN_HOGAN_2013_TREG	Normal	12681	1	1	97448699	97449251	-	1516	1	6.3
ENSG00000092820	CELL_TYPES_WANSLEEBEN_HOGAN_2013_TREG	StageI	249399	1	6	158786699	158787570	-	1793	1	8.1
ENSG00000092820	CELL_TYPES_WANSLEEBEN_HOGAN_2013_TREG	Normal	249382	1	6	158765407	158768180	-	1516	0	0.0
ENSG00000188641	CELL_TYPES_WANSLEEBEN_HOGAN_2013_TREG	StageI	12726	1	1	97626966	97627228	-	1793	1	5.5
ENSG00000188641	CELL_TYPES_WANSLEEBEN_HOGAN_2013_TREG	Normal	12669	1	1	97428862	97429161	-	1516	33	160.8
ENSG00000092820	CELL_TYPES_WANSLEEBEN_HOGAN_2013_TREG	Normal	249403	1	6	158791381	158793011	-	1516	27	106.7
ENSG00000188641	CELL_TYPES_WANSLEEBEN_HOGAN_2013_TREG	StageI	12728	1	1	97640339	97640798	-	1793	0	0.0
ENSG00000092820	CELL_TYPES_WANSLEEBEN_HOGAN_2013_TREG	Normal	249385	1	6	158770712	158772080	-	1516	1	7.6
ENSG00000188641	CELL_TYPES_WANSLEEBEN_HOGAN_2013_TREG	Met	12748	1	1	97711899	97712915	-	397	0	0.0
ENSG00000188641	CELL_TYPES_WANSLEEBEN_HOGAN_2013_TREG	StageI	12729	1	1	97644557	97645194	-	1793	41	190.2
ENSG00000092820	CELL_TYPES_WANSLEEBEN_HOGAN_2013_TREG	Normal	249387	1	6	158774255	158777101	-	1516	7	23.4
ENSG00000188641	CELL_TYPES_WANSLEEBEN_HOGAN_2013_TREG	Met	12763	1	1	97776011	97776514	-	397	0	0.0
ENSG00000188641	CELL_TYPES_WANSLEEBEN_HOGAN_2013_TREG	Normal	12707	1	1	97549197	97549623	-	1516	10	61.5
ENSG00000188641	CELL_TYPES_WANSLEEBEN_HOGAN_2013_TREG	Met	12764	1	1	97783468	97783998	-	397	4	21.2
ENSG00000188641	CELL_TYPES_WANSLEEBEN_HOGAN_2013_TREG	Normal	12708	1	1	97554986	97555538	-	1516	11	64.6
ENSG00000188641	CELL_TYPES_WANSLEEBEN_HOGAN_2013_TREG	IVprimary	12575	1	1	97118217	97118752	-	84	0	0.0
ENSG00000092820	CELL_TYPES_WANSLEEBEN_HOGAN_2013_TREG	Met	249382	1	6	158765407	158768180	-	397	0	0.0
ENSG00000188641	CELL_TYPES_WANSLEEBEN_HOGAN_2013_TREG	Normal	12722	1	1	97616103	97616589	-	1516	20	112.9
ENSG00000092820	CELL_TYPES_WANSLEEBEN_HOGAN_2013_TREG	Met	249403	1	6	158791381	158793011	-	397	13	66.0
ENSG00000188641	CELL_TYPES_WANSLEEBEN_HOGAN_2013_TREG	Normal	12723	1	1	97617013	97617485	-	1516	90	348.4
ENSG00000188641	CELL_TYPES_WANSLEEBEN_HOGAN_2013_TREG	IVprimary	12590	1	1	97177653	97178094	-	84	0	0.0
ENSG00000188641	CELL_TYPES_WANSLEEBEN_HOGAN_2013_TREG	StageI	12748	1	1	97711899	97712915	-	1793	3	16.8
ENSG00000188641	CELL_TYPES_WANSLEEBEN_HOGAN_2013_TREG	Normal	12724	1	1	97618415	97618937	-	1516	127	380.7
ENSG00000092820	CELL_TYPES_WANSLEEBEN_HOGAN_2013_TREG	Met	249385	1	6	158770712	158772080	-	397	0	0.0
ENSG00000188641	CELL_TYPES_WANSLEEBEN_HOGAN_2013_TREG	StageI	12763	1	1	97776011	97776514	-	1793	1	7.1
ENSG00000188641	CELL_TYPES_WANSLEEBEN_HOGAN_2013_TREG	Normal	12726	1	1	97626966	97627228	-	1516	2	14.0
ENSG00000092820	CELL_TYPES_WANSLEEBEN_HOGAN_2013_TREG	Met	249387	1	6	158774255	158777101	-	397	0	0.0
ENSG00000188641	CELL_TYPES_WANSLEEBEN_HOGAN_2013_TREG	StageI	12764	1	1	97783468	97783998	-	1793	48	195.4
ENSG00000188641	CELL_TYPES_WANSLEEBEN_HOGAN_2013_TREG	Normal	12728	1	1	97640339	97640798	-	1516	9	47.4
ENSG00000188641	CELL_TYPES_WANSLEEBEN_HOGAN_2013_TREG	Normal	12729	1	1	97644557	97645194	-	1516	48	208.9
ENSG00000188641	CELL_TYPES_WANSLEEBEN_HOGAN_2013_TREG	IVprimary	12631	1	1	97313721	97314145	-	84	0	0.0
ENSG00000188641	CELL_TYPES_WANSLEEBEN_HOGAN_2013_TREG	Met	12575	1	1	97118217	97118752	-	397	0	0.0
ENSG00000188641	CELL_TYPES_WANSLEEBEN_HOGAN_2013_TREG	Normal	12748	1	1	97711899	97712915	-	1516	5	28.9
ENSG00000188641	CELL_TYPES_WANSLEEBEN_HOGAN_2013_TREG	Met	12590	1	1	97177653	97178094	-	397	3	20.2
ENSG00000188641	CELL_TYPES_WANSLEEBEN_HOGAN_2013_TREG	Normal	12763	1	1	97776011	97776514	-	1516	6	43.8
ENSG00000188641	CELL_TYPES_WANSLEEBEN_HOGAN_2013_TREG	Normal	12764	1	1	97783468	97783998	-	1516	4	24.8
ENSG00000188641	CELL_TYPES_WANSLEEBEN_HOGAN_2013_TREG	IVprimary	12651	1	1	97384471	97384759	-	84	0	0.0
ENSG00000188641	CELL_TYPES_WANSLEEBEN_HOGAN_2013_TREG	IVprimary	12638	1	1	97346100	97346845	-	84	5	20.1
ENSG00000188641	CELL_TYPES_WANSLEEBEN_HOGAN_2013_TREG	StageI	12575	1	1	97118217	97118752	-	1793	8	46.7
ENSG00000112137	CELL_TYPES_WANSLEEBEN_HOGAN_2013_VASCULAR_ENDOTH	IVprimary	234965	1	6	13289253	13290416	+	40	0	0.0
ENSG00000188641	CELL_TYPES_WANSLEEBEN_HOGAN_2013_VASCULAR_ENDOTH	StageI	12590	1	1	97177653	97178094	-	89	0	0.0
ENSG00000188641	CELL_TYPES_WANSLEEBEN_HOGAN_2013_VASCULAR_ENDOTH	IVprimary	12654	1	1	97390771	97391562	-	40	4	15.0
ENSG00000188641	CELL_TYPES_WANSLEEBEN_HOGAN_2013_VASCULAR_ENDOTH	IVprimary	12656	1	1	97393167	97393723	-	40	0	0.0
ENSG00000188641	CELL_TYPES_WANSLEEBEN_HOGAN_2013_VASCULAR_ENDOTH	StageI	12631	1	1	97313721	97314145	-	89	0	0.0
ENSG00000188641	CELL_TYPES_WANSLEEBEN_HOGAN_2013_VASCULAR_ENDOTH	IVprimary	12710	1	1	97557226	97557683	-	40	32	212.3
ENSG00000188641	CELL_TYPES_WANSLEEBEN_HOGAN_2013_VASCULAR_ENDOTH	IVprimary	12677	1	1	97440492	97441735	-	40	0	0.0
ENSG00000188641	CELL_TYPES_WANSLEEBEN_HOGAN_2013_VASCULAR_ENDOTH	IVprimary	12711	1	1	97559609	97560022	-	40	0	0.0
ENSG00000188641	CELL_TYPES_WANSLEEBEN_HOGAN_2013_VASCULAR_ENDOTH	IVprimary	12712	1	1	97567445	97567646	-	40	0	0.0
ENSG00000188641	CELL_TYPES_WANSLEEBEN_HOGAN_2013_VASCULAR_ENDOTH	IVprimary	12713	1	1	97570817	97571095	-	40	0	0.0
ENSG00000188641	CELL_TYPES_WANSLEEBEN_HOGAN_2013_VASCULAR_ENDOTH	StageI	12651	1	1	97384471	97384759	-	89	0	0.0
ENSG00000188641	CELL_TYPES_WANSLEEBEN_HOGAN_2013_VASCULAR_ENDOTH	StageI	12638	1	1	97346100	97346845	-	89	0	0.0
ENSG00000188641	CELL_TYPES_WANSLEEBEN_HOGAN_2013_VASCULAR_ENDOTH	StageI	12654	1	1	97390771	97391562	-	89	0	0.0
ENSG00000092820	CELL_TYPES_WANSLEEBEN_HOGAN_2013_VASCULAR_ENDOTH	IVprimary	249395	1	6	158783099	158784177	-	40	0	0.0
ENSG00000112137	CELL_TYPES_WANSLEEBEN_HOGAN_2013_VASCULAR_ENDOTH	StageI	234965	1	6	13289253	13290416	+	89	0	0.0
ENSG00000188641	CELL_TYPES_WANSLEEBEN_HOGAN_2013_VASCULAR_ENDOTH	IVprimary	12732	1	1	97653324	97653990	-	40	0	0.0
ENSG00000188641	CELL_TYPES_WANSLEEBEN_HOGAN_2013_VASCULAR_ENDOTH	IVprimary	12699	1	1	97531986	97533446	-	40	0	0.0
ENSG00000092820	CELL_TYPES_WANSLEEBEN_HOGAN_2013_VASCULAR_ENDOTH	IVprimary	249416	1	6	158809902	158811360	-	40	0	0.0
ENSG00000188641	CELL_TYPES_WANSLEEBEN_HOGAN_2013_VASCULAR_ENDOTH	IVprimary	12733	1	1	97656259	97657704	-	40	0	0.0
ENSG00000188641	CELL_TYPES_WANSLEEBEN_HOGAN_2013_VASCULAR_ENDOTH	StageI	12656	1	1	97393167	97393723	-	89	0	0.0
ENSG00000092820	CELL_TYPES_WANSLEEBEN_HOGAN_2013_VASCULAR_ENDOTH	IVprimary	249397	1	6	158785326	158785587	-	40	7	33.0
ENSG00000188641	CELL_TYPES_WANSLEEBEN_HOGAN_2013_VASCULAR_ENDOTH	IVprimary	12735	1	1	97665486	97666723	-	40	0	0.0
ENSG00000092820	CELL_TYPES_WANSLEEBEN_HOGAN_2013_VASCULAR_ENDOTH	IVprimary	249399	1	6	158786699	158787570	-	40	0	0.0
ENSG00000188641	CELL_TYPES_WANSLEEBEN_HOGAN_2013_VASCULAR_ENDOTH	IVprimary	12736	1	1	97671696	97672517	-	40	0	0.0
ENSG00000188641	CELL_TYPES_WANSLEEBEN_HOGAN_2013_VASCULAR_ENDOTH	IVprimary	12737	1	1	97673171	97673529	-	40	0	0.0
ENSG00000188641	CELL_TYPES_WANSLEEBEN_HOGAN_2013_VASCULAR_ENDOTH	IVprimary	12738	1	1	97675800	97676224	-	40	0	0.0
ENSG00000092820	CELL_TYPES_WANSLEEBEN_HOGAN_2013_VASCULAR_ENDOTH	StageI	249382	1	6	158765407	158768180	-	89	0	0.0
ENSG00000092820	CELL_TYPES_WANSLEEBEN_HOGAN_2013_VASCULAR_ENDOTH	StageI	249403	1	6	158791381	158793011	-	89	0	0.0
ENSG00000188641	CELL_TYPES_WANSLEEBEN_HOGAN_2013_VASCULAR_ENDOTH	StageI	12710	1	1	97557226	97557683	-	89	0	0.0
ENSG00000188641	CELL_TYPES_WANSLEEBEN_HOGAN_2013_VASCULAR_ENDOTH	StageI	12677	1	1	97440492	97441735	-	89	0	0.0
ENSG00000188641	CELL_TYPES_WANSLEEBEN_HOGAN_2013_VASCULAR_ENDOTH	StageI	12711	1	1	97559609	97560022	-	89	0	0.0
ENSG00000092820	CELL_TYPES_WANSLEEBEN_HOGAN_2013_VASCULAR_ENDOTH	StageI	249385	1	6	158770712	158772080	-	89	0	0.0
ENSG00000188641	CELL_TYPES_WANSLEEBEN_HOGAN_2013_VASCULAR_ENDOTH	StageI	12712	1	1	97567445	97567646	-	89	0	0.0
ENSG00000188641	CELL_TYPES_WANSLEEBEN_HOGAN_2013_VASCULAR_ENDOTH	IVprimary	12770	1	1	97807595	97808136	-	40	0	0.0
ENSG00000188641	CELL_TYPES_WANSLEEBEN_HOGAN_2013_VASCULAR_ENDOTH	StageI	12713	1	1	97570817	97571095	-	89	0	0.0
ENSG00000092820	CELL_TYPES_WANSLEEBEN_HOGAN_2013_VASCULAR_ENDOTH	StageI	249387	1	6	158774255	158777101	-	89	0	0.0
ENSG00000112137	CELL_TYPES_WANSLEEBEN_HOGAN_2013_VASCULAR_ENDOTH	IVprimary	234870	1	6	12957988	12959186	+	40	0	0.0
ENSG00000188641	CELL_TYPES_WANSLEEBEN_HOGAN_2013_VASCULAR_ENDOTH	StageI	12732	1	1	97653324	97653990	-	89	0	0.0
ENSG00000188641	CELL_TYPES_WANSLEEBEN_HOGAN_2013_VASCULAR_ENDOTH	IVprimary	12562	1	1	97077836	97078379	-	40	0	0.0
ENSG00000188641	CELL_TYPES_WANSLEEBEN_HOGAN_2013_VASCULAR_ENDOTH	StageI	12699	1	1	97531986	97533446	-	89	0	0.0
ENSG00000188641	CELL_TYPES_WANSLEEBEN_HOGAN_2013_VASCULAR_ENDOTH	StageI	12733	1	1	97656259	97657704	-	89	0	0.0
ENSG00000188641	CELL_TYPES_WANSLEEBEN_HOGAN_2013_VASCULAR_ENDOTH	StageI	12735	1	1	97665486	97666723	-	89	0	0.0
ENSG00000188641	CELL_TYPES_WANSLEEBEN_HOGAN_2013_VASCULAR_ENDOTH	StageI	12736	1	1	97671696	97672517	-	89	0	0.0
ENSG00000188641	CELL_TYPES_WANSLEEBEN_HOGAN_2013_VASCULAR_ENDOTH	StageI	12737	1	1	97673171	97673529	-	89	0	0.0
ENSG00000188641	CELL_TYPES_WANSLEEBEN_HOGAN_2013_VASCULAR_ENDOTH	StageI	12738	1	1	97675800	97676224	-	89	0	0.0
ENSG00000188641	CELL_TYPES_WANSLEEBEN_HOGAN_2013_VASCULAR_ENDOTH	IVprimary	12602	1	1	97202005	97202302	-	40	0	0.0
ENSG00000188641	CELL_TYPES_WANSLEEBEN_HOGAN_2013_VASCULAR_ENDOTH	IVprimary	12606	1	1	97225581	97226111	-	40	0	0.0
ENSG00000188641	CELL_TYPES_WANSLEEBEN_HOGAN_2013_VASCULAR_ENDOTH	StageI	12770	1	1	97807595	97808136	-	89	0	0.0
ENSG00000112137	CELL_TYPES_WANSLEEBEN_HOGAN_2013_VASCULAR_ENDOTH	StageI	234870	1	6	12957988	12959186	+	89	0	0.0
ENSG00000188641	CELL_TYPES_WANSLEEBEN_HOGAN_2013_VASCULAR_ENDOTH	IVprimary	12624	1	1	97283105	97283800	-	40	0	0.0
ENSG00000112137	CELL_TYPES_WANSLEEBEN_HOGAN_2013_VASCULAR_ENDOTH	IVprimary	234951	1	6	13276261	13276770	+	40	0	0.0
ENSG00000188641	CELL_TYPES_WANSLEEBEN_HOGAN_2013_VASCULAR_ENDOTH	StageI	12562	1	1	97077836	97078379	-	89	0	0.0
ENSG00000112137	CELL_TYPES_WANSLEEBEN_HOGAN_2013_VASCULAR_ENDOTH	IVprimary	234952	1	6	13277400	13277957	+	40	0	0.0
ENSG00000112137	CELL_TYPES_WANSLEEBEN_HOGAN_2013_VASCULAR_ENDOTH	IVprimary	234954	1	6	13278509	13278881	+	40	0	0.0
ENSG00000112137	CELL_TYPES_WANSLEEBEN_HOGAN_2013_VASCULAR_ENDOTH	IVprimary	234957	1	6	13281052	13281496	+	40	0	0.0
ENSG00000188641	CELL_TYPES_WANSLEEBEN_HOGAN_2013_VASCULAR_ENDOTH	StageI	12602	1	1	97202005	97202302	-	89	0	0.0
ENSG00000188641	CELL_TYPES_WANSLEEBEN_HOGAN_2013_VASCULAR_ENDOTH	StageI	12606	1	1	97225581	97226111	-	89	0	0.0
ENSG00000188641	CELL_TYPES_WANSLEEBEN_HOGAN_2013_VASCULAR_ENDOTH	IVprimary	12663	1	1	97406380	97406762	-	40	3	11.5
ENSG00000188641	CELL_TYPES_WANSLEEBEN_HOGAN_2013_VASCULAR_ENDOTH	IVprimary	12667	1	1	97418335	97418847	-	40	0	0.0
ENSG00000188641	CELL_TYPES_WANSLEEBEN_HOGAN_2013_VASCULAR_ENDOTH	StageI	12624	1	1	97283105	97283800	-	89	0	0.0
ENSG00000188641	CELL_TYPES_WANSLEEBEN_HOGAN_2013_VASCULAR_ENDOTH	IVprimary	12681	1	1	97448699	97449251	-	40	0	0.0
ENSG00000188641	CELL_TYPES_WANSLEEBEN_HOGAN_2013_VASCULAR_ENDOTH	IVprimary	12669	1	1	97428862	97429161	-	40	0	0.0
ENSG00000112137	CELL_TYPES_WANSLEEBEN_HOGAN_2013_VASCULAR_ENDOTH	StageI	234951	1	6	13276261	13276770	+	89	0	0.0
ENSG00000092820	CELL_TYPES_WANSLEEBEN_HOGAN_2013_VASCULAR_ENDOTH	IVprimary	249382	1	6	158765407	158768180	-	40	1	6.2
ENSG00000112137	CELL_TYPES_WANSLEEBEN_HOGAN_2013_VASCULAR_ENDOTH	StageI	234952	1	6	13277400	13277957	+	89	0	0.0
ENSG00000092820	CELL_TYPES_WANSLEEBEN_HOGAN_2013_VASCULAR_ENDOTH	IVprimary	249403	1	6	158791381	158793011	-	40	6	28.4
ENSG00000188641	CELL_TYPES_WANSLEEBEN_HOGAN_2013_VASCULAR_ENDOTH	IVprimary	12707	1	1	97549197	97549623	-	40	0	0.0
ENSG00000112137	CELL_TYPES_WANSLEEBEN_HOGAN_2013_VASCULAR_ENDOTH	StageI	234954	1	6	13278509	13278881	+	89	0	0.0
ENSG00000188641	CELL_TYPES_WANSLEEBEN_HOGAN_2013_VASCULAR_ENDOTH	IVprimary	12708	1	1	97554986	97555538	-	40	0	0.0
ENSG00000092820	CELL_TYPES_WANSLEEBEN_HOGAN_2013_VASCULAR_ENDOTH	IVprimary	249385	1	6	158770712	158772080	-	40	0	0.0
ENSG00000188641	CELL_TYPES_WANSLEEBEN_HOGAN_2013_VASCULAR_ENDOTH	IVprimary	12722	1	1	97616103	97616589	-	40	0	0.0
ENSG00000188641	CELL_TYPES_WANSLEEBEN_HOGAN_2013_VASCULAR_ENDOTH	IVprimary	12723	1	1	97617013	97617485	-	40	0	0.0
ENSG00000092820	CELL_TYPES_WANSLEEBEN_HOGAN_2013_VASCULAR_ENDOTH	IVprimary	249387	1	6	158774255	158777101	-	40	0	0.0
ENSG00000112137	CELL_TYPES_WANSLEEBEN_HOGAN_2013_VASCULAR_ENDOTH	StageI	234957	1	6	13281052	13281496	+	89	0	0.0
ENSG00000188641	CELL_TYPES_WANSLEEBEN_HOGAN_2013_VASCULAR_ENDOTH	IVprimary	12724	1	1	97618415	97618937	-	40	0	0.0
ENSG00000188641	CELL_TYPES_WANSLEEBEN_HOGAN_2013_VASCULAR_ENDOTH	IVprimary	12726	1	1	97626966	97627228	-	40	0	0.0
ENSG00000188641	CELL_TYPES_WANSLEEBEN_HOGAN_2013_VASCULAR_ENDOTH	StageI	12663	1	1	97406380	97406762	-	89	0	0.0
ENSG00000188641	CELL_TYPES_WANSLEEBEN_HOGAN_2013_VASCULAR_ENDOTH	IVprimary	12728	1	1	97640339	97640798	-	40	0	0.0
ENSG00000188641	CELL_TYPES_WANSLEEBEN_HOGAN_2013_VASCULAR_ENDOTH	IVprimary	12729	1	1	97644557	97645194	-	40	0	0.0
ENSG00000188641	CELL_TYPES_WANSLEEBEN_HOGAN_2013_VASCULAR_ENDOTH	StageI	12667	1	1	97418335	97418847	-	89	0	0.0
ENSG00000188641	CELL_TYPES_WANSLEEBEN_HOGAN_2013_VASCULAR_ENDOTH	StageI	12681	1	1	97448699	97449251	-	89	0	0.0
ENSG00000188641	CELL_TYPES_WANSLEEBEN_HOGAN_2013_VASCULAR_ENDOTH	StageI	12669	1	1	97428862	97429161	-	89	0	0.0
ENSG00000188641	CELL_TYPES_WANSLEEBEN_HOGAN_2013_VASCULAR_ENDOTH	IVprimary	12748	1	1	97711899	97712915	-	40	0	0.0
ENSG00000188641	CELL_TYPES_WANSLEEBEN_HOGAN_2013_VASCULAR_ENDOTH	IVprimary	12763	1	1	97776011	97776514	-	40	0	0.0
ENSG00000188641	CELL_TYPES_WANSLEEBEN_HOGAN_2013_VASCULAR_ENDOTH	IVprimary	12764	1	1	97783468	97783998	-	40	0	0.0
ENSG00000188641	CELL_TYPES_WANSLEEBEN_HOGAN_2013_VASCULAR_ENDOTH	StageI	12707	1	1	97549197	97549623	-	89	0	0.0
ENSG00000188641	CELL_TYPES_WANSLEEBEN_HOGAN_2013_VASCULAR_ENDOTH	StageI	12708	1	1	97554986	97555538	-	89	0	0.0
ENSG00000092820	CELL_TYPES_WANSLEEBEN_HOGAN_2013_VASCULAR_ENDOTH	StageI	249395	1	6	158783099	158784177	-	89	2	9.9
ENSG00000188641	CELL_TYPES_WANSLEEBEN_HOGAN_2013_VASCULAR_ENDOTH	StageI	12722	1	1	97616103	97616589	-	89	0	0.0
ENSG00000092820	CELL_TYPES_WANSLEEBEN_HOGAN_2013_VASCULAR_ENDOTH	StageI	249416	1	6	158809902	158811360	-	89	0	0.0
ENSG00000188641	CELL_TYPES_WANSLEEBEN_HOGAN_2013_VASCULAR_ENDOTH	StageI	12723	1	1	97617013	97617485	-	89	0	0.0
ENSG00000092820	CELL_TYPES_WANSLEEBEN_HOGAN_2013_VASCULAR_ENDOTH	StageI	249397	1	6	158785326	158785587	-	89	0	0.0
ENSG00000188641	CELL_TYPES_WANSLEEBEN_HOGAN_2013_VASCULAR_ENDOTH	StageI	12724	1	1	97618415	97618937	-	89	0	0.0
ENSG00000092820	CELL_TYPES_WANSLEEBEN_HOGAN_2013_VASCULAR_ENDOTH	StageI	249399	1	6	158786699	158787570	-	89	0	0.0
ENSG00000188641	CELL_TYPES_WANSLEEBEN_HOGAN_2013_VASCULAR_ENDOTH	StageI	12726	1	1	97626966	97627228	-	89	0	0.0
ENSG00000188641	CELL_TYPES_WANSLEEBEN_HOGAN_2013_VASCULAR_ENDOTH	StageI	12728	1	1	97640339	97640798	-	89	0	0.0
ENSG00000188641	CELL_TYPES_WANSLEEBEN_HOGAN_2013_VASCULAR_ENDOTH	StageI	12729	1	1	97644557	97645194	-	89	0	0.0
ENSG00000188641	CELL_TYPES_WANSLEEBEN_HOGAN_2013_VASCULAR_ENDOTH	IVprimary	12575	1	1	97118217	97118752	-	40	0	0.0
ENSG00000188641	CELL_TYPES_WANSLEEBEN_HOGAN_2013_VASCULAR_ENDOTH	IVprimary	12590	1	1	97177653	97178094	-	40	1	4.7
ENSG00000188641	CELL_TYPES_WANSLEEBEN_HOGAN_2013_VASCULAR_ENDOTH	StageI	12748	1	1	97711899	97712915	-	89	0	0.0
ENSG00000188641	CELL_TYPES_WANSLEEBEN_HOGAN_2013_VASCULAR_ENDOTH	StageI	12763	1	1	97776011	97776514	-	89	0	0.0
ENSG00000188641	CELL_TYPES_WANSLEEBEN_HOGAN_2013_VASCULAR_ENDOTH	StageI	12764	1	1	97783468	97783998	-	89	0	0.0
ENSG00000188641	CELL_TYPES_WANSLEEBEN_HOGAN_2013_VASCULAR_ENDOTH	IVprimary	12631	1	1	97313721	97314145	-	40	0	0.0
ENSG00000188641	CELL_TYPES_WANSLEEBEN_HOGAN_2013_VASCULAR_ENDOTH	IVprimary	12651	1	1	97384471	97384759	-	40	0	0.0
ENSG00000188641	CELL_TYPES_WANSLEEBEN_HOGAN_2013_VASCULAR_ENDOTH	IVprimary	12638	1	1	97346100	97346845	-	40	3	10.5
ENSG00000188641	CELL_TYPES_WANSLEEBEN_HOGAN_2013_VASCULAR_ENDOTH	StageI	12575	1	1	97118217	97118752	-	89	0	0.0
ENSG00000188641	lung_epithelial_lineage_signatures_LECTIN_KRT5_B	Normal	12766	1	1	97792345	97792757	-	115	1	4.9
ENSG00000188641	lung_epithelial_lineage_signatures_LECTIN_KRT5_B	Normal	12800	1	1	97907849	97908610	-	115	10	29.3
ENSG00000188641	lung_epithelial_lineage_signatures_LECTIN_KRT5_B	Normal	12767	1	1	97797542	97797834	-	115	0	0.0
ENSG00000188641	lung_epithelial_lineage_signatures_LECTIN_KRT5_B	IVprimary	12654	1	1	97390771	97391562	-	182	22	86.1
ENSG00000188641	lung_epithelial_lineage_signatures_LECTIN_KRT5_B	Normal	12781	1	1	97849598	97849893	-	115	2	10.3
ENSG00000188641	lung_epithelial_lineage_signatures_LECTIN_KRT5_B	Normal	12768	1	1	97800255	97801101	-	115	3	16.7
ENSG00000188641	lung_epithelial_lineage_signatures_LECTIN_KRT5_B	IVprimary	12655	1	1	97392446	97392881	-	182	0	0.0
ENSG00000188641	lung_epithelial_lineage_signatures_LECTIN_KRT5_B	StageI	12591	1	1	97180194	97180488	-	123	0	0.0
ENSG00000188641	lung_epithelial_lineage_signatures_LECTIN_KRT5_B	StageI	12578	1	1	97130731	97131216	-	123	0	0.0
ENSG00000188641	lung_epithelial_lineage_signatures_LECTIN_KRT5_B	StageI	12579	1	1	97133097	97133761	-	123	0	0.0
ENSG00000188641	lung_epithelial_lineage_signatures_LECTIN_KRT5_B	Normal	12783	1	1	97854352	97854586	-	115	4	18.9
ENSG00000188641	lung_epithelial_lineage_signatures_LECTIN_KRT5_B	IVprimary	12670	1	1	97429534	97429824	-	182	0	0.0
ENSG00000188641	lung_epithelial_lineage_signatures_LECTIN_KRT5_B	IVprimary	12672	1	1	97432354	97432942	-	182	0	0.0
ENSG00000188641	lung_epithelial_lineage_signatures_LECTIN_KRT5_B	IVprimary	12659	1	1	97400568	97402062	-	182	0	0.0
ENSG00000188641	lung_epithelial_lineage_signatures_LECTIN_KRT5_B	Normal	12571	1	1	97097421	97097688	-	115	1	4.0
ENSG00000188641	lung_epithelial_lineage_signatures_LECTIN_KRT5_B	StageI	12596	1	1	97187222	97188304	-	123	0	0.0
ENSG00000188641	lung_epithelial_lineage_signatures_LECTIN_KRT5_B	StageI	12617	1	1	97264168	97264734	-	123	1	8.2
ENSG00000188641	lung_epithelial_lineage_signatures_LECTIN_KRT5_B	Normal	12788	1	1	97873090	97873232	-	115	1	6.8
ENSG00000188641	lung_epithelial_lineage_signatures_LECTIN_KRT5_B	StageI	12632	1	1	97314551	97314906	-	123	0	0.0
ENSG00000188641	lung_epithelial_lineage_signatures_LECTIN_KRT5_B	IVprimary	12710	1	1	97557226	97557683	-	182	6	28.5
ENSG00000188641	lung_epithelial_lineage_signatures_LECTIN_KRT5_B	IVprimary	12690	1	1	97484548	97485981	-	182	0	0.0
ENSG00000188641	lung_epithelial_lineage_signatures_LECTIN_KRT5_B	IVprimary	12677	1	1	97440492	97441735	-	182	0	0.0
ENSG00000188641	lung_epithelial_lineage_signatures_LECTIN_KRT5_B	IVprimary	12711	1	1	97559609	97560022	-	182	0	0.0
ENSG00000188641	lung_epithelial_lineage_signatures_LECTIN_KRT5_B	IVprimary	12692	1	1	97502158	97502737	-	182	0	0.0
ENSG00000188641	lung_epithelial_lineage_signatures_LECTIN_KRT5_B	StageI	12635	1	1	97333155	97333948	-	123	3	21.0
ENSG00000188641	lung_epithelial_lineage_signatures_LECTIN_KRT5_B	Normal	12578	1	1	97130731	97131216	-	115	0	0.0
ENSG00000188641	lung_epithelial_lineage_signatures_LECTIN_KRT5_B	Normal	12591	1	1	97180194	97180488	-	115	0	0.0
ENSG00000188641	lung_epithelial_lineage_signatures_LECTIN_KRT5_B	Normal	12579	1	1	97133097	97133761	-	115	0	0.0
ENSG00000188641	lung_epithelial_lineage_signatures_LECTIN_KRT5_B	IVprimary	12694	1	1	97524770	97525078	-	182	149	401.6
ENSG00000188641	lung_epithelial_lineage_signatures_LECTIN_KRT5_B	StageI	12638	1	1	97346100	97346845	-	123	0	0.0
ENSG00000188641	lung_epithelial_lineage_signatures_LECTIN_KRT5_B	IVprimary	12730	1	1	97645490	97645872	-	182	0	0.0
ENSG00000188641	lung_epithelial_lineage_signatures_LECTIN_KRT5_B	Normal	12596	1	1	97187222	97188304	-	115	0	0.0
ENSG00000188641	lung_epithelial_lineage_signatures_LECTIN_KRT5_B	IVprimary	12731	1	1	97646370	97647021	-	182	0	0.0
ENSG00000188641	lung_epithelial_lineage_signatures_LECTIN_KRT5_B	StageI	12654	1	1	97390771	97391562	-	123	2	17.3
ENSG00000188641	lung_epithelial_lineage_signatures_LECTIN_KRT5_B	Normal	12617	1	1	97264168	97264734	-	115	0	0.0
ENSG00000092820	lung_epithelial_lineage_signatures_LECTIN_KRT5_B	IVprimary	249395	1	6	158783099	158784177	-	182	0	0.0
ENSG00000188641	lung_epithelial_lineage_signatures_LECTIN_KRT5_B	StageI	12655	1	1	97392446	97392881	-	123	34	75.5
ENSG00000188641	lung_epithelial_lineage_signatures_LECTIN_KRT5_B	Normal	12632	1	1	97314551	97314906	-	115	0	0.0
ENSG00000188641	lung_epithelial_lineage_signatures_LECTIN_KRT5_B	StageI	12670	1	1	97429534	97429824	-	123	6	38.0
ENSG00000188641	lung_epithelial_lineage_signatures_LECTIN_KRT5_B	IVprimary	12735	1	1	97665486	97666723	-	182	0	0.0
ENSG00000092820	lung_epithelial_lineage_signatures_LECTIN_KRT5_B	IVprimary	249399	1	6	158786699	158787570	-	182	0	0.0
ENSG00000188641	lung_epithelial_lineage_signatures_LECTIN_KRT5_B	IVprimary	12736	1	1	97671696	97672517	-	182	0	0.0
ENSG00000188641	lung_epithelial_lineage_signatures_LECTIN_KRT5_B	StageI	12672	1	1	97432354	97432942	-	123	0	0.0
ENSG00000188641	lung_epithelial_lineage_signatures_LECTIN_KRT5_B	StageI	12659	1	1	97400568	97402062	-	123	0	0.0
ENSG00000188641	lung_epithelial_lineage_signatures_LECTIN_KRT5_B	Normal	12635	1	1	97333155	97333948	-	115	0	0.0
ENSG00000188641	lung_epithelial_lineage_signatures_LECTIN_KRT5_B	IVprimary	12750	1	1	97714361	97714639	-	182	6	14.5
ENSG00000092820	lung_epithelial_lineage_signatures_LECTIN_KRT5_B	StageI	249401	1	6	158788671	158790603	-	123	2	11.4
ENSG00000188641	lung_epithelial_lineage_signatures_LECTIN_KRT5_B	Normal	12638	1	1	97346100	97346845	-	115	3	10.5
ENSG00000188641	lung_epithelial_lineage_signatures_LECTIN_KRT5_B	IVprimary	12753	1	1	97717950	97718705	-	182	0	0.0
ENSG00000188641	lung_epithelial_lineage_signatures_LECTIN_KRT5_B	StageI	12710	1	1	97557226	97557683	-	123	0	0.0
ENSG00000188641	lung_epithelial_lineage_signatures_LECTIN_KRT5_B	StageI	12690	1	1	97484548	97485981	-	123	0	0.0
ENSG00000188641	lung_epithelial_lineage_signatures_LECTIN_KRT5_B	StageI	12677	1	1	97440492	97441735	-	123	0	0.0
ENSG00000188641	lung_epithelial_lineage_signatures_LECTIN_KRT5_B	IVprimary	12755	1	1	97719620	97720226	-	182	0	0.0
ENSG00000188641	lung_epithelial_lineage_signatures_LECTIN_KRT5_B	StageI	12711	1	1	97559609	97560022	-	123	0	0.0
ENSG00000188641	lung_epithelial_lineage_signatures_LECTIN_KRT5_B	Normal	12654	1	1	97390771	97391562	-	115	4	23.0
ENSG00000092820	lung_epithelial_lineage_signatures_LECTIN_KRT5_B	StageI	249385	1	6	158770712	158772080	-	123	1	5.1
ENSG00000188641	lung_epithelial_lineage_signatures_LECTIN_KRT5_B	IVprimary	12756	1	1	97730849	97732054	-	182	0	0.0
ENSG00000188641	lung_epithelial_lineage_signatures_LECTIN_KRT5_B	StageI	12692	1	1	97502158	97502737	-	123	0	0.0
ENSG00000188641	lung_epithelial_lineage_signatures_LECTIN_KRT5_B	Normal	12655	1	1	97392446	97392881	-	115	1	5.1
ENSG00000188641	lung_epithelial_lineage_signatures_LECTIN_KRT5_B	IVprimary	12771	1	1	97808427	97809206	-	182	0	0.0
ENSG00000188641	lung_epithelial_lineage_signatures_LECTIN_KRT5_B	IVprimary	12758	1	1	97738789	97739235	-	182	1	7.0
ENSG00000188641	lung_epithelial_lineage_signatures_LECTIN_KRT5_B	StageI	12694	1	1	97524770	97525078	-	123	0	0.0
ENSG00000188641	lung_epithelial_lineage_signatures_LECTIN_KRT5_B	Normal	12670	1	1	97429534	97429824	-	115	0	0.0
ENSG00000092820	lung_epithelial_lineage_signatures_LECTIN_KRT5_B	StageI	249421	1	6	158814458	158818266	-	123	0	0.0
ENSG00000092820	lung_epithelial_lineage_signatures_LECTIN_KRT5_B	StageI	249409	1	6	158797853	158801612	-	123	0	0.0
ENSG00000188641	lung_epithelial_lineage_signatures_LECTIN_KRT5_B	Normal	12672	1	1	97432354	97432942	-	115	1	3.9
ENSG00000188641	lung_epithelial_lineage_signatures_LECTIN_KRT5_B	Normal	12659	1	1	97400568	97402062	-	115	1	6.2
ENSG00000188641	lung_epithelial_lineage_signatures_LECTIN_KRT5_B	StageI	12730	1	1	97645490	97645872	-	123	0	0.0
ENSG00000188641	lung_epithelial_lineage_signatures_LECTIN_KRT5_B	StageI	12731	1	1	97646370	97647021	-	123	0	0.0
ENSG00000188641	lung_epithelial_lineage_signatures_LECTIN_KRT5_B	IVprimary	12776	1	1	97823152	97824427	-	182	0	0.0
ENSG00000188641	lung_epithelial_lineage_signatures_LECTIN_KRT5_B	IVprimary	12778	1	1	97826430	97828108	-	182	0	0.0
ENSG00000188641	lung_epithelial_lineage_signatures_LECTIN_KRT5_B	Normal	12710	1	1	97557226	97557683	-	115	29	74.6
ENSG00000188641	lung_epithelial_lineage_signatures_LECTIN_KRT5_B	Normal	12690	1	1	97484548	97485981	-	115	2	10.2
ENSG00000188641	lung_epithelial_lineage_signatures_LECTIN_KRT5_B	Normal	12677	1	1	97440492	97441735	-	115	27	68.6
ENSG00000188641	lung_epithelial_lineage_signatures_LECTIN_KRT5_B	IVprimary	12779	1	1	97829840	97830188	-	182	0	0.0
ENSG00000188641	lung_epithelial_lineage_signatures_LECTIN_KRT5_B	StageI	12735	1	1	97665486	97666723	-	123	0	0.0
ENSG00000188641	lung_epithelial_lineage_signatures_LECTIN_KRT5_B	Normal	12711	1	1	97559609	97560022	-	115	2	11.0
ENSG00000188641	lung_epithelial_lineage_signatures_LECTIN_KRT5_B	IVprimary	12793	1	1	97882244	97882795	-	182	125	393.0
ENSG00000188641	lung_epithelial_lineage_signatures_LECTIN_KRT5_B	StageI	12736	1	1	97671696	97672517	-	123	0	0.0
ENSG00000188641	lung_epithelial_lineage_signatures_LECTIN_KRT5_B	Normal	12692	1	1	97502158	97502737	-	115	6	29.0
ENSG00000188641	lung_epithelial_lineage_signatures_LECTIN_KRT5_B	IVprimary	12566	1	1	97086207	97086745	-	182	38	137.4
ENSG00000188641	lung_epithelial_lineage_signatures_LECTIN_KRT5_B	StageI	12750	1	1	97714361	97714639	-	123	0	0.0
ENSG00000188641	lung_epithelial_lineage_signatures_LECTIN_KRT5_B	Normal	12694	1	1	97524770	97525078	-	115	5	26.4
ENSG00000188641	lung_epithelial_lineage_signatures_LECTIN_KRT5_B	IVprimary	12568	1	1	97089647	97090524	-	182	0	0.0
ENSG00000092820	lung_epithelial_lineage_signatures_LECTIN_KRT5_B	Normal	249395	1	6	158783099	158784177	-	115	2	11.0
ENSG00000188641	lung_epithelial_lineage_signatures_LECTIN_KRT5_B	IVprimary	12602	1	1	97202005	97202302	-	182	1	4.2
ENSG00000188641	lung_epithelial_lineage_signatures_LECTIN_KRT5_B	StageI	12753	1	1	97717950	97718705	-	123	0	0.0
ENSG00000188641	lung_epithelial_lineage_signatures_LECTIN_KRT5_B	Normal	12730	1	1	97645490	97645872	-	115	1	6.2
ENSG00000188641	lung_epithelial_lineage_signatures_LECTIN_KRT5_B	IVprimary	12799	1	1	97899199	97899765	-	182	0	0.0
ENSG00000188641	lung_epithelial_lineage_signatures_LECTIN_KRT5_B	StageI	12755	1	1	97719620	97720226	-	123	0	0.0
ENSG00000188641	lung_epithelial_lineage_signatures_LECTIN_KRT5_B	Normal	12731	1	1	97646370	97647021	-	115	0	0.0
ENSG00000188641	lung_epithelial_lineage_signatures_LECTIN_KRT5_B	IVprimary	12605	1	1	97224607	97225130	-	182	0	0.0
ENSG00000188641	lung_epithelial_lineage_signatures_LECTIN_KRT5_B	IVprimary	12585	1	1	97164963	97165320	-	182	0	0.0
ENSG00000092820	lung_epithelial_lineage_signatures_LECTIN_KRT5_B	Normal	249399	1	6	158786699	158787570	-	115	1	7.8
ENSG00000188641	lung_epithelial_lineage_signatures_LECTIN_KRT5_B	StageI	12756	1	1	97730849	97732054	-	123	0	0.0
ENSG00000188641	lung_epithelial_lineage_signatures_LECTIN_KRT5_B	IVprimary	12606	1	1	97225581	97226111	-	182	5	25.4
ENSG00000188641	lung_epithelial_lineage_signatures_LECTIN_KRT5_B	StageI	12771	1	1	97808427	97809206	-	123	0	0.0
ENSG00000188641	lung_epithelial_lineage_signatures_LECTIN_KRT5_B	StageI	12758	1	1	97738789	97739235	-	123	0	0.0
ENSG00000188641	lung_epithelial_lineage_signatures_LECTIN_KRT5_B	IVprimary	12588	1	1	97170740	97171197	-	182	0	0.0
ENSG00000188641	lung_epithelial_lineage_signatures_LECTIN_KRT5_B	Normal	12735	1	1	97665486	97666723	-	115	4	19.1
ENSG00000188641	lung_epithelial_lineage_signatures_LECTIN_KRT5_B	Normal	12736	1	1	97671696	97672517	-	115	2	4.9
ENSG00000188641	lung_epithelial_lineage_signatures_LECTIN_KRT5_B	Normal	12750	1	1	97714361	97714639	-	115	1	5.6
ENSG00000188641	lung_epithelial_lineage_signatures_LECTIN_KRT5_B	StageI	12776	1	1	97823152	97824427	-	123	0	0.0
ENSG00000188641	lung_epithelial_lineage_signatures_LECTIN_KRT5_B	IVprimary	12626	1	1	97285704	97286117	-	182	7	29.7
ENSG00000188641	lung_epithelial_lineage_signatures_LECTIN_KRT5_B	Normal	12753	1	1	97717950	97718705	-	115	0	0.0
ENSG00000188641	lung_epithelial_lineage_signatures_LECTIN_KRT5_B	IVprimary	12627	1	1	97286483	97287361	-	182	0	0.0
ENSG00000188641	lung_epithelial_lineage_signatures_LECTIN_KRT5_B	StageI	12778	1	1	97826430	97828108	-	123	0	0.0
ENSG00000188641	lung_epithelial_lineage_signatures_LECTIN_KRT5_B	StageI	12779	1	1	97829840	97830188	-	123	0	0.0
ENSG00000188641	lung_epithelial_lineage_signatures_LECTIN_KRT5_B	Normal	12755	1	1	97719620	97720226	-	115	11	24.1
ENSG00000188641	lung_epithelial_lineage_signatures_LECTIN_KRT5_B	StageI	12793	1	1	97882244	97882795	-	123	5	26.1
ENSG00000188641	lung_epithelial_lineage_signatures_LECTIN_KRT5_B	Normal	12756	1	1	97730849	97732054	-	115	0	0.0
ENSG00000188641	lung_epithelial_lineage_signatures_LECTIN_KRT5_B	IVprimary	12643	1	1	97356328	97356878	-	182	1	5.3
ENSG00000188641	lung_epithelial_lineage_signatures_LECTIN_KRT5_B	StageI	12566	1	1	97086207	97086745	-	123	0	0.0
ENSG00000188641	lung_epithelial_lineage_signatures_LECTIN_KRT5_B	Normal	12771	1	1	97808427	97809206	-	115	1	6.3
ENSG00000188641	lung_epithelial_lineage_signatures_LECTIN_KRT5_B	Normal	12758	1	1	97738789	97739235	-	115	0	0.0
ENSG00000188641	lung_epithelial_lineage_signatures_LECTIN_KRT5_B	StageI	12568	1	1	97089647	97090524	-	123	0	0.0
ENSG00000188641	lung_epithelial_lineage_signatures_LECTIN_KRT5_B	StageI	12602	1	1	97202005	97202302	-	123	2	10.5
ENSG00000188641	lung_epithelial_lineage_signatures_LECTIN_KRT5_B	StageI	12799	1	1	97899199	97899765	-	123	0	0.0
ENSG00000188641	lung_epithelial_lineage_signatures_LECTIN_KRT5_B	IVprimary	12649	1	1	97381174	97381542	-	182	1	5.9
ENSG00000188641	lung_epithelial_lineage_signatures_LECTIN_KRT5_B	StageI	12585	1	1	97164963	97165320	-	123	2	11.9
ENSG00000188641	lung_epithelial_lineage_signatures_LECTIN_KRT5_B	StageI	12605	1	1	97224607	97225130	-	123	0	0.0
ENSG00000188641	lung_epithelial_lineage_signatures_LECTIN_KRT5_B	Normal	12776	1	1	97823152	97824427	-	115	4	14.6
ENSG00000188641	lung_epithelial_lineage_signatures_LECTIN_KRT5_B	StageI	12606	1	1	97225581	97226111	-	123	0	0.0
ENSG00000188641	lung_epithelial_lineage_signatures_LECTIN_KRT5_B	Normal	12778	1	1	97826430	97828108	-	115	1	5.6
ENSG00000188641	lung_epithelial_lineage_signatures_LECTIN_KRT5_B	StageI	12588	1	1	97170740	97171197	-	123	0	0.0
ENSG00000188641	lung_epithelial_lineage_signatures_LECTIN_KRT5_B	Normal	12779	1	1	97829840	97830188	-	115	0	0.0
ENSG00000188641	lung_epithelial_lineage_signatures_LECTIN_KRT5_B	Normal	12793	1	1	97882244	97882795	-	115	5	21.8
ENSG00000188641	lung_epithelial_lineage_signatures_LECTIN_KRT5_B	IVprimary	12680	1	1	97445823	97446216	-	182	30	130.9
ENSG00000188641	lung_epithelial_lineage_signatures_LECTIN_KRT5_B	Normal	12566	1	1	97086207	97086745	-	115	0	0.0
ENSG00000188641	lung_epithelial_lineage_signatures_LECTIN_KRT5_B	IVprimary	12681	1	1	97448699	97449251	-	182	0	0.0
ENSG00000188641	lung_epithelial_lineage_signatures_LECTIN_KRT5_B	Normal	12568	1	1	97089647	97090524	-	115	7	20.1
ENSG00000188641	lung_epithelial_lineage_signatures_LECTIN_KRT5_B	StageI	12626	1	1	97285704	97286117	-	123	0	0.0
ENSG00000188641	lung_epithelial_lineage_signatures_LECTIN_KRT5_B	Normal	12602	1	1	97202005	97202302	-	115	2	9.8
ENSG00000188641	lung_epithelial_lineage_signatures_LECTIN_KRT5_B	StageI	12627	1	1	97286483	97287361	-	123	0	0.0
ENSG00000092820	lung_epithelial_lineage_signatures_LECTIN_KRT5_B	IVprimary	249401	1	6	158788671	158790603	-	182	12	60.3
ENSG00000188641	lung_epithelial_lineage_signatures_LECTIN_KRT5_B	Normal	12799	1	1	97899199	97899765	-	115	0	0.0
ENSG00000188641	lung_epithelial_lineage_signatures_LECTIN_KRT5_B	IVprimary	12706	1	1	97547583	97547908	-	182	0	0.0
ENSG00000188641	lung_epithelial_lineage_signatures_LECTIN_KRT5_B	Normal	12585	1	1	97164963	97165320	-	115	0	0.0
ENSG00000188641	lung_epithelial_lineage_signatures_LECTIN_KRT5_B	Normal	12605	1	1	97224607	97225130	-	115	2	6.4
ENSG00000188641	lung_epithelial_lineage_signatures_LECTIN_KRT5_B	StageI	12643	1	1	97356328	97356878	-	123	0	0.0
ENSG00000188641	lung_epithelial_lineage_signatures_LECTIN_KRT5_B	Normal	12606	1	1	97225581	97226111	-	115	10	40.2
ENSG00000092820	lung_epithelial_lineage_signatures_LECTIN_KRT5_B	IVprimary	249385	1	6	158770712	158772080	-	182	0	0.0
ENSG00000188641	lung_epithelial_lineage_signatures_LECTIN_KRT5_B	Normal	12588	1	1	97170740	97171197	-	115	12	31.7
ENSG00000188641	lung_epithelial_lineage_signatures_LECTIN_KRT5_B	IVprimary	12724	1	1	97618415	97618937	-	182	0	0.0
ENSG00000092820	lung_epithelial_lineage_signatures_LECTIN_KRT5_B	IVprimary	249421	1	6	158814458	158818266	-	182	0	0.0
ENSG00000092820	lung_epithelial_lineage_signatures_LECTIN_KRT5_B	IVprimary	249409	1	6	158797853	158801612	-	182	34	137.1
ENSG00000188641	lung_epithelial_lineage_signatures_LECTIN_KRT5_B	StageI	12649	1	1	97381174	97381542	-	123	0	0.0
ENSG00000188641	lung_epithelial_lineage_signatures_LECTIN_KRT5_B	Normal	12626	1	1	97285704	97286117	-	115	0	0.0
ENSG00000188641	lung_epithelial_lineage_signatures_LECTIN_KRT5_B	Normal	12627	1	1	97286483	97287361	-	115	1	6.6
ENSG00000188641	lung_epithelial_lineage_signatures_LECTIN_KRT5_B	StageI	12680	1	1	97445823	97446216	-	123	0	0.0
ENSG00000188641	lung_epithelial_lineage_signatures_LECTIN_KRT5_B	Normal	12643	1	1	97356328	97356878	-	115	0	0.0
ENSG00000188641	lung_epithelial_lineage_signatures_LECTIN_KRT5_B	StageI	12681	1	1	97448699	97449251	-	123	0	0.0
ENSG00000188641	lung_epithelial_lineage_signatures_LECTIN_KRT5_B	IVprimary	12746	1	1	97708893	97709759	-	182	0	0.0
ENSG00000188641	lung_epithelial_lineage_signatures_LECTIN_KRT5_B	IVprimary	12761	1	1	97763485	97764057	-	182	0	0.0
ENSG00000188641	lung_epithelial_lineage_signatures_LECTIN_KRT5_B	IVprimary	12748	1	1	97711899	97712915	-	182	0	0.0
ENSG00000188641	lung_epithelial_lineage_signatures_LECTIN_KRT5_B	IVprimary	12763	1	1	97776011	97776514	-	182	0	0.0
ENSG00000188641	lung_epithelial_lineage_signatures_LECTIN_KRT5_B	StageI	12706	1	1	97547583	97547908	-	123	0	0.0
ENSG00000188641	lung_epithelial_lineage_signatures_LECTIN_KRT5_B	Normal	12649	1	1	97381174	97381542	-	115	0	0.0
ENSG00000092820	lung_epithelial_lineage_signatures_LECTIN_KRT5_B	StageI	249395	1	6	158783099	158784177	-	123	0	0.0
ENSG00000188641	lung_epithelial_lineage_signatures_LECTIN_KRT5_B	IVprimary	12766	1	1	97792345	97792757	-	182	0	0.0
ENSG00000188641	lung_epithelial_lineage_signatures_LECTIN_KRT5_B	IVprimary	12800	1	1	97907849	97908610	-	182	0	0.0
ENSG00000188641	lung_epithelial_lineage_signatures_LECTIN_KRT5_B	IVprimary	12767	1	1	97797542	97797834	-	182	0	0.0
ENSG00000188641	lung_epithelial_lineage_signatures_LECTIN_KRT5_B	IVprimary	12781	1	1	97849598	97849893	-	182	2	10.9
ENSG00000188641	lung_epithelial_lineage_signatures_LECTIN_KRT5_B	IVprimary	12768	1	1	97800255	97801101	-	182	0	0.0
ENSG00000188641	lung_epithelial_lineage_signatures_LECTIN_KRT5_B	StageI	12724	1	1	97618415	97618937	-	123	0	0.0
ENSG00000188641	lung_epithelial_lineage_signatures_LECTIN_KRT5_B	Normal	12680	1	1	97445823	97446216	-	115	1	4.9
ENSG00000092820	lung_epithelial_lineage_signatures_LECTIN_KRT5_B	Normal	249401	1	6	158788671	158790603	-	115	0	0.0
ENSG00000188641	lung_epithelial_lineage_signatures_LECTIN_KRT5_B	Normal	12681	1	1	97448699	97449251	-	115	4	10.5
ENSG00000092820	lung_epithelial_lineage_signatures_LECTIN_KRT5_B	StageI	249399	1	6	158786699	158787570	-	123	0	0.0
ENSG00000188641	lung_epithelial_lineage_signatures_LECTIN_KRT5_B	IVprimary	12783	1	1	97854352	97854586	-	182	0	0.0
ENSG00000188641	lung_epithelial_lineage_signatures_LECTIN_KRT5_B	IVprimary	12571	1	1	97097421	97097688	-	182	0	0.0
ENSG00000092820	lung_epithelial_lineage_signatures_LECTIN_KRT5_B	Normal	249385	1	6	158770712	158772080	-	115	3	17.3
ENSG00000188641	lung_epithelial_lineage_signatures_LECTIN_KRT5_B	Normal	12706	1	1	97547583	97547908	-	115	1	3.2
ENSG00000188641	lung_epithelial_lineage_signatures_LECTIN_KRT5_B	IVprimary	12788	1	1	97873090	97873232	-	182	0	0.0
ENSG00000092820	lung_epithelial_lineage_signatures_LECTIN_KRT5_B	Normal	249421	1	6	158814458	158818266	-	115	5	20.1
ENSG00000092820	lung_epithelial_lineage_signatures_LECTIN_KRT5_B	Normal	249409	1	6	158797853	158801612	-	115	0	0.0
ENSG00000188641	lung_epithelial_lineage_signatures_LECTIN_KRT5_B	StageI	12746	1	1	97708893	97709759	-	123	0	0.0
ENSG00000188641	lung_epithelial_lineage_signatures_LECTIN_KRT5_B	StageI	12761	1	1	97763485	97764057	-	123	0	0.0
ENSG00000188641	lung_epithelial_lineage_signatures_LECTIN_KRT5_B	StageI	12748	1	1	97711899	97712915	-	123	0	0.0
ENSG00000188641	lung_epithelial_lineage_signatures_LECTIN_KRT5_B	Normal	12724	1	1	97618415	97618937	-	115	0	0.0
ENSG00000188641	lung_epithelial_lineage_signatures_LECTIN_KRT5_B	IVprimary	12591	1	1	97180194	97180488	-	182	0	0.0
ENSG00000188641	lung_epithelial_lineage_signatures_LECTIN_KRT5_B	IVprimary	12578	1	1	97130731	97131216	-	182	0	0.0
ENSG00000188641	lung_epithelial_lineage_signatures_LECTIN_KRT5_B	IVprimary	12579	1	1	97133097	97133761	-	182	0	0.0
ENSG00000188641	lung_epithelial_lineage_signatures_LECTIN_KRT5_B	StageI	12763	1	1	97776011	97776514	-	123	0	0.0
ENSG00000188641	lung_epithelial_lineage_signatures_LECTIN_KRT5_B	StageI	12766	1	1	97792345	97792757	-	123	0	0.0
ENSG00000188641	lung_epithelial_lineage_signatures_LECTIN_KRT5_B	IVprimary	12596	1	1	97187222	97188304	-	182	0	0.0
ENSG00000188641	lung_epithelial_lineage_signatures_LECTIN_KRT5_B	StageI	12800	1	1	97907849	97908610	-	123	0	0.0
ENSG00000188641	lung_epithelial_lineage_signatures_LECTIN_KRT5_B	StageI	12767	1	1	97797542	97797834	-	123	0	0.0
ENSG00000188641	lung_epithelial_lineage_signatures_LECTIN_KRT5_B	IVprimary	12617	1	1	97264168	97264734	-	182	1	5.5
ENSG00000188641	lung_epithelial_lineage_signatures_LECTIN_KRT5_B	StageI	12781	1	1	97849598	97849893	-	123	0	0.0
ENSG00000188641	lung_epithelial_lineage_signatures_LECTIN_KRT5_B	StageI	12768	1	1	97800255	97801101	-	123	0	0.0
ENSG00000188641	lung_epithelial_lineage_signatures_LECTIN_KRT5_B	IVprimary	12632	1	1	97314551	97314906	-	182	3	16.9
ENSG00000188641	lung_epithelial_lineage_signatures_LECTIN_KRT5_B	StageI	12783	1	1	97854352	97854586	-	123	0	0.0
ENSG00000188641	lung_epithelial_lineage_signatures_LECTIN_KRT5_B	Normal	12746	1	1	97708893	97709759	-	115	0	0.0
ENSG00000188641	lung_epithelial_lineage_signatures_LECTIN_KRT5_B	Normal	12761	1	1	97763485	97764057	-	115	2	12.0
ENSG00000188641	lung_epithelial_lineage_signatures_LECTIN_KRT5_B	Normal	12748	1	1	97711899	97712915	-	115	1	5.8
ENSG00000188641	lung_epithelial_lineage_signatures_LECTIN_KRT5_B	IVprimary	12635	1	1	97333155	97333948	-	182	0	0.0
ENSG00000188641	lung_epithelial_lineage_signatures_LECTIN_KRT5_B	StageI	12571	1	1	97097421	97097688	-	123	0	0.0
ENSG00000188641	lung_epithelial_lineage_signatures_LECTIN_KRT5_B	Normal	12763	1	1	97776011	97776514	-	115	1	5.5
ENSG00000188641	lung_epithelial_lineage_signatures_LECTIN_KRT5_B	StageI	12788	1	1	97873090	97873232	-	123	0	0.0
ENSG00000188641	lung_epithelial_lineage_signatures_LECTIN_KRT5_B	IVprimary	12638	1	1	97346100	97346845	-	182	44	159.0
ENSG00000188641	lung_epithelial_lineage_signatures_MUCINOUS	Normal	12766	1	1	97792345	97792757	-	308	2	8.9
ENSG00000188641	lung_epithelial_lineage_signatures_MUCINOUS	Normal	12800	1	1	97907849	97908610	-	308	9	30.2
ENSG00000188641	lung_epithelial_lineage_signatures_MUCINOUS	Normal	12767	1	1	97797542	97797834	-	308	0	0.0
ENSG00000188641	lung_epithelial_lineage_signatures_MUCINOUS	IVprimary	12654	1	1	97390771	97391562	-	128	32	109.0
ENSG00000188641	lung_epithelial_lineage_signatures_MUCINOUS	Met	12596	1	1	97187222	97188304	-	883	0	0.0
ENSG00000188641	lung_epithelial_lineage_signatures_MUCINOUS	Normal	12781	1	1	97849598	97849893	-	308	1	4.7
ENSG00000188641	lung_epithelial_lineage_signatures_MUCINOUS	Normal	12768	1	1	97800255	97801101	-	308	0	0.0
ENSG00000188641	lung_epithelial_lineage_signatures_MUCINOUS	IVprimary	12655	1	1	97392446	97392881	-	128	0	0.0
ENSG00000188641	lung_epithelial_lineage_signatures_MUCINOUS	Met	12617	1	1	97264168	97264734	-	883	24	48.0
ENSG00000188641	lung_epithelial_lineage_signatures_MUCINOUS	StageI	12591	1	1	97180194	97180488	-	746	1	6.5
ENSG00000188641	lung_epithelial_lineage_signatures_MUCINOUS	StageI	12578	1	1	97130731	97131216	-	746	32	83.4
ENSG00000188641	lung_epithelial_lineage_signatures_MUCINOUS	StageI	12579	1	1	97133097	97133761	-	746	0	0.0
ENSG00000188641	lung_epithelial_lineage_signatures_MUCINOUS	Normal	12783	1	1	97854352	97854586	-	308	1	5.1
ENSG00000188641	lung_epithelial_lineage_signatures_MUCINOUS	IVprimary	12670	1	1	97429534	97429824	-	128	0	0.0
ENSG00000188641	lung_epithelial_lineage_signatures_MUCINOUS	Met	12632	1	1	97314551	97314906	-	883	18	71.2
ENSG00000188641	lung_epithelial_lineage_signatures_MUCINOUS	IVprimary	12672	1	1	97432354	97432942	-	128	0	0.0
ENSG00000188641	lung_epithelial_lineage_signatures_MUCINOUS	IVprimary	12659	1	1	97400568	97402062	-	128	0	0.0
ENSG00000188641	lung_epithelial_lineage_signatures_MUCINOUS	Normal	12571	1	1	97097421	97097688	-	308	3	10.4
ENSG00000188641	lung_epithelial_lineage_signatures_MUCINOUS	Met	12635	1	1	97333155	97333948	-	883	0	0.0
ENSG00000188641	lung_epithelial_lineage_signatures_MUCINOUS	StageI	12596	1	1	97187222	97188304	-	746	0	0.0
ENSG00000188641	lung_epithelial_lineage_signatures_MUCINOUS	StageI	12617	1	1	97264168	97264734	-	746	5	28.8
ENSG00000188641	lung_epithelial_lineage_signatures_MUCINOUS	Normal	12788	1	1	97873090	97873232	-	308	0	0.0
ENSG00000188641	lung_epithelial_lineage_signatures_MUCINOUS	Met	12638	1	1	97346100	97346845	-	883	0	0.0
ENSG00000188641	lung_epithelial_lineage_signatures_MUCINOUS	StageI	12632	1	1	97314551	97314906	-	746	13	65.7
ENSG00000188641	lung_epithelial_lineage_signatures_MUCINOUS	IVprimary	12710	1	1	97557226	97557683	-	128	1	4.0
ENSG00000188641	lung_epithelial_lineage_signatures_MUCINOUS	IVprimary	12690	1	1	97484548	97485981	-	128	0	0.0
ENSG00000188641	lung_epithelial_lineage_signatures_MUCINOUS	IVprimary	12677	1	1	97440492	97441735	-	128	0	0.0
ENSG00000188641	lung_epithelial_lineage_signatures_MUCINOUS	IVprimary	12711	1	1	97559609	97560022	-	128	0	0.0
ENSG00000188641	lung_epithelial_lineage_signatures_MUCINOUS	IVprimary	12692	1	1	97502158	97502737	-	128	0	0.0
ENSG00000188641	lung_epithelial_lineage_signatures_MUCINOUS	Met	12654	1	1	97390771	97391562	-	883	37	85.8
ENSG00000188641	lung_epithelial_lineage_signatures_MUCINOUS	StageI	12635	1	1	97333155	97333948	-	746	3	18.9
ENSG00000188641	lung_epithelial_lineage_signatures_MUCINOUS	Normal	12578	1	1	97130731	97131216	-	308	1	6.9
ENSG00000188641	lung_epithelial_lineage_signatures_MUCINOUS	Normal	12591	1	1	97180194	97180488	-	308	1	5.0
ENSG00000188641	lung_epithelial_lineage_signatures_MUCINOUS	Met	12655	1	1	97392446	97392881	-	883	2	6.5
ENSG00000188641	lung_epithelial_lineage_signatures_MUCINOUS	Normal	12579	1	1	97133097	97133761	-	308	0	0.0
ENSG00000188641	lung_epithelial_lineage_signatures_MUCINOUS	IVprimary	12694	1	1	97524770	97525078	-	128	113	318.1
ENSG00000188641	lung_epithelial_lineage_signatures_MUCINOUS	Met	12670	1	1	97429534	97429824	-	883	0	0.0
ENSG00000188641	lung_epithelial_lineage_signatures_MUCINOUS	StageI	12638	1	1	97346100	97346845	-	746	9	42.0
ENSG00000188641	lung_epithelial_lineage_signatures_MUCINOUS	IVprimary	12730	1	1	97645490	97645872	-	128	0	0.0
ENSG00000188641	lung_epithelial_lineage_signatures_MUCINOUS	Met	12672	1	1	97432354	97432942	-	883	0	0.0
ENSG00000188641	lung_epithelial_lineage_signatures_MUCINOUS	Met	12659	1	1	97400568	97402062	-	883	0	0.0
ENSG00000188641	lung_epithelial_lineage_signatures_MUCINOUS	Normal	12596	1	1	97187222	97188304	-	308	0	0.0
ENSG00000188641	lung_epithelial_lineage_signatures_MUCINOUS	IVprimary	12731	1	1	97646370	97647021	-	128	0	0.0
ENSG00000188641	lung_epithelial_lineage_signatures_MUCINOUS	StageI	12654	1	1	97390771	97391562	-	746	31	99.1
ENSG00000188641	lung_epithelial_lineage_signatures_MUCINOUS	Normal	12617	1	1	97264168	97264734	-	308	2	10.3
ENSG00000092820	lung_epithelial_lineage_signatures_MUCINOUS	IVprimary	249395	1	6	158783099	158784177	-	128	0	0.0
ENSG00000188641	lung_epithelial_lineage_signatures_MUCINOUS	StageI	12655	1	1	97392446	97392881	-	746	113	271.1
ENSG00000188641	lung_epithelial_lineage_signatures_MUCINOUS	Normal	12632	1	1	97314551	97314906	-	308	24	76.5
ENSG00000188641	lung_epithelial_lineage_signatures_MUCINOUS	StageI	12670	1	1	97429534	97429824	-	746	2	15.7
ENSG00000188641	lung_epithelial_lineage_signatures_MUCINOUS	IVprimary	12735	1	1	97665486	97666723	-	128	0	0.0
ENSG00000188641	lung_epithelial_lineage_signatures_MUCINOUS	Met	12710	1	1	97557226	97557683	-	883	25	96.9
ENSG00000188641	lung_epithelial_lineage_signatures_MUCINOUS	Met	12690	1	1	97484548	97485981	-	883	0	0.0
ENSG00000188641	lung_epithelial_lineage_signatures_MUCINOUS	Met	12677	1	1	97440492	97441735	-	883	0	0.0
ENSG00000092820	lung_epithelial_lineage_signatures_MUCINOUS	IVprimary	249399	1	6	158786699	158787570	-	128	0	0.0
ENSG00000188641	lung_epithelial_lineage_signatures_MUCINOUS	IVprimary	12736	1	1	97671696	97672517	-	128	0	0.0
ENSG00000188641	lung_epithelial_lineage_signatures_MUCINOUS	Met	12711	1	1	97559609	97560022	-	883	0	0.0
ENSG00000188641	lung_epithelial_lineage_signatures_MUCINOUS	StageI	12672	1	1	97432354	97432942	-	746	0	0.0
ENSG00000188641	lung_epithelial_lineage_signatures_MUCINOUS	StageI	12659	1	1	97400568	97402062	-	746	6	33.9
ENSG00000188641	lung_epithelial_lineage_signatures_MUCINOUS	Normal	12635	1	1	97333155	97333948	-	308	0	0.0
ENSG00000188641	lung_epithelial_lineage_signatures_MUCINOUS	IVprimary	12750	1	1	97714361	97714639	-	128	2	3.4
ENSG00000188641	lung_epithelial_lineage_signatures_MUCINOUS	Met	12692	1	1	97502158	97502737	-	883	0	0.0
ENSG00000092820	lung_epithelial_lineage_signatures_MUCINOUS	StageI	249401	1	6	158788671	158790603	-	746	30	121.9
ENSG00000188641	lung_epithelial_lineage_signatures_MUCINOUS	Met	12694	1	1	97524770	97525078	-	883	0	0.0
ENSG00000188641	lung_epithelial_lineage_signatures_MUCINOUS	Normal	12638	1	1	97346100	97346845	-	308	31	143.1
ENSG00000188641	lung_epithelial_lineage_signatures_MUCINOUS	IVprimary	12753	1	1	97717950	97718705	-	128	0	0.0
ENSG00000188641	lung_epithelial_lineage_signatures_MUCINOUS	StageI	12710	1	1	97557226	97557683	-	746	15	69.8
ENSG00000188641	lung_epithelial_lineage_signatures_MUCINOUS	StageI	12690	1	1	97484548	97485981	-	746	19	69.6
ENSG00000188641	lung_epithelial_lineage_signatures_MUCINOUS	StageI	12677	1	1	97440492	97441735	-	746	5	11.7
ENSG00000188641	lung_epithelial_lineage_signatures_MUCINOUS	IVprimary	12755	1	1	97719620	97720226	-	128	0	0.0
ENSG00000188641	lung_epithelial_lineage_signatures_MUCINOUS	Met	12730	1	1	97645490	97645872	-	883	18	59.3
ENSG00000188641	lung_epithelial_lineage_signatures_MUCINOUS	StageI	12711	1	1	97559609	97560022	-	746	0	0.0
ENSG00000188641	lung_epithelial_lineage_signatures_MUCINOUS	Normal	12654	1	1	97390771	97391562	-	308	2	12.8
ENSG00000092820	lung_epithelial_lineage_signatures_MUCINOUS	StageI	249385	1	6	158770712	158772080	-	746	148	613.4
ENSG00000188641	lung_epithelial_lineage_signatures_MUCINOUS	IVprimary	12756	1	1	97730849	97732054	-	128	0	0.0
ENSG00000188641	lung_epithelial_lineage_signatures_MUCINOUS	Met	12731	1	1	97646370	97647021	-	883	58	193.9
ENSG00000188641	lung_epithelial_lineage_signatures_MUCINOUS	StageI	12692	1	1	97502158	97502737	-	746	0	0.0
ENSG00000188641	lung_epithelial_lineage_signatures_MUCINOUS	Normal	12655	1	1	97392446	97392881	-	308	2	7.3
ENSG00000188641	lung_epithelial_lineage_signatures_MUCINOUS	IVprimary	12771	1	1	97808427	97809206	-	128	0	0.0
ENSG00000188641	lung_epithelial_lineage_signatures_MUCINOUS	IVprimary	12758	1	1	97738789	97739235	-	128	0	0.0
ENSG00000188641	lung_epithelial_lineage_signatures_MUCINOUS	StageI	12694	1	1	97524770	97525078	-	746	0	0.0
ENSG00000188641	lung_epithelial_lineage_signatures_MUCINOUS	Normal	12670	1	1	97429534	97429824	-	308	1	5.5
ENSG00000092820	lung_epithelial_lineage_signatures_MUCINOUS	StageI	249421	1	6	158814458	158818266	-	746	11	65.8
ENSG00000092820	lung_epithelial_lineage_signatures_MUCINOUS	StageI	249409	1	6	158797853	158801612	-	746	112	493.9
ENSG00000188641	lung_epithelial_lineage_signatures_MUCINOUS	Met	12735	1	1	97665486	97666723	-	883	20	70.5
ENSG00000188641	lung_epithelial_lineage_signatures_MUCINOUS	Normal	12672	1	1	97432354	97432942	-	308	1	5.7
ENSG00000188641	lung_epithelial_lineage_signatures_MUCINOUS	Normal	12659	1	1	97400568	97402062	-	308	3	18.4
ENSG00000188641	lung_epithelial_lineage_signatures_MUCINOUS	Met	12736	1	1	97671696	97672517	-	883	3	13.3
ENSG00000188641	lung_epithelial_lineage_signatures_MUCINOUS	StageI	12730	1	1	97645490	97645872	-	746	18	79.6
ENSG00000188641	lung_epithelial_lineage_signatures_MUCINOUS	Met	12750	1	1	97714361	97714639	-	883	0	0.0
ENSG00000188641	lung_epithelial_lineage_signatures_MUCINOUS	StageI	12731	1	1	97646370	97647021	-	746	9	41.6
ENSG00000188641	lung_epithelial_lineage_signatures_MUCINOUS	IVprimary	12776	1	1	97823152	97824427	-	128	0	0.0
ENSG00000188641	lung_epithelial_lineage_signatures_MUCINOUS	IVprimary	12778	1	1	97826430	97828108	-	128	0	0.0
ENSG00000188641	lung_epithelial_lineage_signatures_MUCINOUS	Met	12753	1	1	97717950	97718705	-	883	21	76.1
ENSG00000188641	lung_epithelial_lineage_signatures_MUCINOUS	Normal	12710	1	1	97557226	97557683	-	308	26	40.6
ENSG00000188641	lung_epithelial_lineage_signatures_MUCINOUS	Normal	12690	1	1	97484548	97485981	-	308	4	18.7
ENSG00000188641	lung_epithelial_lineage_signatures_MUCINOUS	Normal	12677	1	1	97440492	97441735	-	308	33	74.1
ENSG00000188641	lung_epithelial_lineage_signatures_MUCINOUS	IVprimary	12779	1	1	97829840	97830188	-	128	0	0.0
ENSG00000188641	lung_epithelial_lineage_signatures_MUCINOUS	StageI	12735	1	1	97665486	97666723	-	746	0	0.0
ENSG00000188641	lung_epithelial_lineage_signatures_MUCINOUS	Normal	12711	1	1	97559609	97560022	-	308	1	4.7
ENSG00000188641	lung_epithelial_lineage_signatures_MUCINOUS	IVprimary	12793	1	1	97882244	97882795	-	128	112	419.8
ENSG00000188641	lung_epithelial_lineage_signatures_MUCINOUS	Met	12755	1	1	97719620	97720226	-	883	86	224.0
ENSG00000188641	lung_epithelial_lineage_signatures_MUCINOUS	StageI	12736	1	1	97671696	97672517	-	746	4	20.5
ENSG00000188641	lung_epithelial_lineage_signatures_MUCINOUS	Normal	12692	1	1	97502158	97502737	-	308	8	40.2
ENSG00000188641	lung_epithelial_lineage_signatures_MUCINOUS	IVprimary	12566	1	1	97086207	97086745	-	128	28	90.3
ENSG00000188641	lung_epithelial_lineage_signatures_MUCINOUS	Met	12756	1	1	97730849	97732054	-	883	7	23.7
ENSG00000188641	lung_epithelial_lineage_signatures_MUCINOUS	StageI	12750	1	1	97714361	97714639	-	746	0	0.0
ENSG00000188641	lung_epithelial_lineage_signatures_MUCINOUS	Normal	12694	1	1	97524770	97525078	-	308	10	41.2
ENSG00000188641	lung_epithelial_lineage_signatures_MUCINOUS	IVprimary	12568	1	1	97089647	97090524	-	128	0	0.0
ENSG00000092820	lung_epithelial_lineage_signatures_MUCINOUS	Normal	249395	1	6	158783099	158784177	-	308	3	17.0
ENSG00000188641	lung_epithelial_lineage_signatures_MUCINOUS	Met	12771	1	1	97808427	97809206	-	883	32	111.3
ENSG00000188641	lung_epithelial_lineage_signatures_MUCINOUS	Met	12758	1	1	97738789	97739235	-	883	14	58.1
ENSG00000188641	lung_epithelial_lineage_signatures_MUCINOUS	IVprimary	12602	1	1	97202005	97202302	-	128	5	25.9
ENSG00000188641	lung_epithelial_lineage_signatures_MUCINOUS	StageI	12753	1	1	97717950	97718705	-	746	6	30.8
ENSG00000188641	lung_epithelial_lineage_signatures_MUCINOUS	Normal	12730	1	1	97645490	97645872	-	308	0	0.0
ENSG00000188641	lung_epithelial_lineage_signatures_MUCINOUS	IVprimary	12799	1	1	97899199	97899765	-	128	0	0.0
ENSG00000188641	lung_epithelial_lineage_signatures_MUCINOUS	StageI	12755	1	1	97719620	97720226	-	746	2	12.4
ENSG00000188641	lung_epithelial_lineage_signatures_MUCINOUS	Normal	12731	1	1	97646370	97647021	-	308	4	17.0
ENSG00000188641	lung_epithelial_lineage_signatures_MUCINOUS	IVprimary	12605	1	1	97224607	97225130	-	128	0	0.0
ENSG00000188641	lung_epithelial_lineage_signatures_MUCINOUS	IVprimary	12585	1	1	97164963	97165320	-	128	0	0.0
ENSG00000092820	lung_epithelial_lineage_signatures_MUCINOUS	Normal	249399	1	6	158786699	158787570	-	308	0	0.0
ENSG00000188641	lung_epithelial_lineage_signatures_MUCINOUS	StageI	12756	1	1	97730849	97732054	-	746	44	189.6
ENSG00000188641	lung_epithelial_lineage_signatures_MUCINOUS	IVprimary	12606	1	1	97225581	97226111	-	128	3	13.3
ENSG00000188641	lung_epithelial_lineage_signatures_MUCINOUS	Met	12776	1	1	97823152	97824427	-	883	0	0.0
ENSG00000188641	lung_epithelial_lineage_signatures_MUCINOUS	StageI	12771	1	1	97808427	97809206	-	746	13	60.1
ENSG00000188641	lung_epithelial_lineage_signatures_MUCINOUS	StageI	12758	1	1	97738789	97739235	-	746	3	16.5
ENSG00000188641	lung_epithelial_lineage_signatures_MUCINOUS	IVprimary	12588	1	1	97170740	97171197	-	128	4	15.4
ENSG00000092820	lung_epithelial_lineage_signatures_MUCINOUS	Met	249395	1	6	158783099	158784177	-	883	1	6.3
ENSG00000188641	lung_epithelial_lineage_signatures_MUCINOUS	Met	12778	1	1	97826430	97828108	-	883	19	34.6
ENSG00000188641	lung_epithelial_lineage_signatures_MUCINOUS	Normal	12735	1	1	97665486	97666723	-	308	2	8.1
ENSG00000188641	lung_epithelial_lineage_signatures_MUCINOUS	Met	12779	1	1	97829840	97830188	-	883	0	0.0
ENSG00000188641	lung_epithelial_lineage_signatures_MUCINOUS	Normal	12736	1	1	97671696	97672517	-	308	14	35.8
ENSG00000188641	lung_epithelial_lineage_signatures_MUCINOUS	Met	12793	1	1	97882244	97882795	-	883	263	537.8
ENSG00000188641	lung_epithelial_lineage_signatures_MUCINOUS	Normal	12750	1	1	97714361	97714639	-	308	0	0.0
ENSG00000188641	lung_epithelial_lineage_signatures_MUCINOUS	Met	12566	1	1	97086207	97086745	-	883	0	0.0
ENSG00000092820	lung_epithelial_lineage_signatures_MUCINOUS	Met	249399	1	6	158786699	158787570	-	883	2	9.2
ENSG00000188641	lung_epithelial_lineage_signatures_MUCINOUS	StageI	12776	1	1	97823152	97824427	-	746	1	5.8
ENSG00000188641	lung_epithelial_lineage_signatures_MUCINOUS	IVprimary	12626	1	1	97285704	97286117	-	128	7	29.6
ENSG00000188641	lung_epithelial_lineage_signatures_MUCINOUS	Met	12568	1	1	97089647	97090524	-	883	0	0.0
ENSG00000188641	lung_epithelial_lineage_signatures_MUCINOUS	Normal	12753	1	1	97717950	97718705	-	308	6	21.3
ENSG00000188641	lung_epithelial_lineage_signatures_MUCINOUS	IVprimary	12627	1	1	97286483	97287361	-	128	0	0.0
ENSG00000188641	lung_epithelial_lineage_signatures_MUCINOUS	Met	12602	1	1	97202005	97202302	-	883	0	0.0
ENSG00000188641	lung_epithelial_lineage_signatures_MUCINOUS	StageI	12778	1	1	97826430	97828108	-	746	2	14.3
ENSG00000188641	lung_epithelial_lineage_signatures_MUCINOUS	StageI	12779	1	1	97829840	97830188	-	746	12	70.0
ENSG00000188641	lung_epithelial_lineage_signatures_MUCINOUS	Normal	12755	1	1	97719620	97720226	-	308	32	97.8
ENSG00000188641	lung_epithelial_lineage_signatures_MUCINOUS	Met	12799	1	1	97899199	97899765	-	883	0	0.0
ENSG00000188641	lung_epithelial_lineage_signatures_MUCINOUS	StageI	12793	1	1	97882244	97882795	-	746	27	120.7
ENSG00000188641	lung_epithelial_lineage_signatures_MUCINOUS	Normal	12756	1	1	97730849	97732054	-	308	7	29.3
ENSG00000188641	lung_epithelial_lineage_signatures_MUCINOUS	IVprimary	12643	1	1	97356328	97356878	-	128	5	27.8
ENSG00000188641	lung_epithelial_lineage_signatures_MUCINOUS	Met	12605	1	1	97224607	97225130	-	883	0	0.0
ENSG00000188641	lung_epithelial_lineage_signatures_MUCINOUS	StageI	12566	1	1	97086207	97086745	-	746	20	75.0
ENSG00000188641	lung_epithelial_lineage_signatures_MUCINOUS	Met	12585	1	1	97164963	97165320	-	883	2	8.7
ENSG00000188641	lung_epithelial_lineage_signatures_MUCINOUS	Met	12606	1	1	97225581	97226111	-	883	1	3.7
ENSG00000188641	lung_epithelial_lineage_signatures_MUCINOUS	Normal	12771	1	1	97808427	97809206	-	308	3	19.2
ENSG00000188641	lung_epithelial_lineage_signatures_MUCINOUS	Normal	12758	1	1	97738789	97739235	-	308	10	46.0
ENSG00000188641	lung_epithelial_lineage_signatures_MUCINOUS	StageI	12568	1	1	97089647	97090524	-	746	0	0.0
ENSG00000188641	lung_epithelial_lineage_signatures_MUCINOUS	Met	12588	1	1	97170740	97171197	-	883	2	9.6
ENSG00000188641	lung_epithelial_lineage_signatures_MUCINOUS	StageI	12602	1	1	97202005	97202302	-	746	19	92.4
ENSG00000188641	lung_epithelial_lineage_signatures_MUCINOUS	StageI	12799	1	1	97899199	97899765	-	746	0	0.0
ENSG00000188641	lung_epithelial_lineage_signatures_MUCINOUS	IVprimary	12649	1	1	97381174	97381542	-	128	1	4.6
ENSG00000188641	lung_epithelial_lineage_signatures_MUCINOUS	StageI	12605	1	1	97224607	97225130	-	746	7	30.6
ENSG00000188641	lung_epithelial_lineage_signatures_MUCINOUS	StageI	12585	1	1	97164963	97165320	-	746	43	137.8
ENSG00000188641	lung_epithelial_lineage_signatures_MUCINOUS	Normal	12776	1	1	97823152	97824427	-	308	2	7.5
ENSG00000188641	lung_epithelial_lineage_signatures_MUCINOUS	StageI	12606	1	1	97225581	97226111	-	746	12	66.2
ENSG00000188641	lung_epithelial_lineage_signatures_MUCINOUS	Met	12626	1	1	97285704	97286117	-	883	0	0.0
ENSG00000188641	lung_epithelial_lineage_signatures_MUCINOUS	Normal	12778	1	1	97826430	97828108	-	308	3	20.3
ENSG00000188641	lung_epithelial_lineage_signatures_MUCINOUS	Met	12627	1	1	97286483	97287361	-	883	3	13.1
ENSG00000188641	lung_epithelial_lineage_signatures_MUCINOUS	StageI	12588	1	1	97170740	97171197	-	746	10	37.4
ENSG00000188641	lung_epithelial_lineage_signatures_MUCINOUS	Normal	12779	1	1	97829840	97830188	-	308	1	6.4
ENSG00000188641	lung_epithelial_lineage_signatures_MUCINOUS	Normal	12793	1	1	97882244	97882795	-	308	3	14.5
ENSG00000188641	lung_epithelial_lineage_signatures_MUCINOUS	IVprimary	12680	1	1	97445823	97446216	-	128	6	19.8
ENSG00000188641	lung_epithelial_lineage_signatures_MUCINOUS	Normal	12566	1	1	97086207	97086745	-	308	1	5.1
ENSG00000188641	lung_epithelial_lineage_signatures_MUCINOUS	IVprimary	12681	1	1	97448699	97449251	-	128	0	0.0
ENSG00000188641	lung_epithelial_lineage_signatures_MUCINOUS	Met	12643	1	1	97356328	97356878	-	883	1	2.9
ENSG00000188641	lung_epithelial_lineage_signatures_MUCINOUS	Normal	12568	1	1	97089647	97090524	-	308	4	9.6
ENSG00000188641	lung_epithelial_lineage_signatures_MUCINOUS	StageI	12626	1	1	97285704	97286117	-	746	0	0.0
ENSG00000188641	lung_epithelial_lineage_signatures_MUCINOUS	Normal	12602	1	1	97202005	97202302	-	308	3	13.6
ENSG00000188641	lung_epithelial_lineage_signatures_MUCINOUS	StageI	12627	1	1	97286483	97287361	-	746	7	33.2
ENSG00000092820	lung_epithelial_lineage_signatures_MUCINOUS	IVprimary	249401	1	6	158788671	158790603	-	128	2	9.2
ENSG00000188641	lung_epithelial_lineage_signatures_MUCINOUS	Normal	12799	1	1	97899199	97899765	-	308	2	10.7
ENSG00000188641	lung_epithelial_lineage_signatures_MUCINOUS	IVprimary	12706	1	1	97547583	97547908	-	128	0	0.0
ENSG00000188641	lung_epithelial_lineage_signatures_MUCINOUS	Normal	12605	1	1	97224607	97225130	-	308	5	22.0
ENSG00000188641	lung_epithelial_lineage_signatures_MUCINOUS	Normal	12585	1	1	97164963	97165320	-	308	2	12.3
ENSG00000188641	lung_epithelial_lineage_signatures_MUCINOUS	Met	12649	1	1	97381174	97381542	-	883	0	0.0
ENSG00000188641	lung_epithelial_lineage_signatures_MUCINOUS	StageI	12643	1	1	97356328	97356878	-	746	2	13.1
ENSG00000188641	lung_epithelial_lineage_signatures_MUCINOUS	Normal	12606	1	1	97225581	97226111	-	308	6	28.7
ENSG00000092820	lung_epithelial_lineage_signatures_MUCINOUS	IVprimary	249385	1	6	158770712	158772080	-	128	0	0.0
ENSG00000188641	lung_epithelial_lineage_signatures_MUCINOUS	Normal	12588	1	1	97170740	97171197	-	308	17	52.8
ENSG00000188641	lung_epithelial_lineage_signatures_MUCINOUS	IVprimary	12724	1	1	97618415	97618937	-	128	1	5.5
ENSG00000092820	lung_epithelial_lineage_signatures_MUCINOUS	IVprimary	249421	1	6	158814458	158818266	-	128	0	0.0
ENSG00000188641	lung_epithelial_lineage_signatures_MUCINOUS	Met	12680	1	1	97445823	97446216	-	883	37	122.4
ENSG00000092820	lung_epithelial_lineage_signatures_MUCINOUS	IVprimary	249409	1	6	158797853	158801612	-	128	9	29.8
ENSG00000188641	lung_epithelial_lineage_signatures_MUCINOUS	Met	12681	1	1	97448699	97449251	-	883	0	0.0
ENSG00000188641	lung_epithelial_lineage_signatures_MUCINOUS	StageI	12649	1	1	97381174	97381542	-	746	0	0.0
ENSG00000188641	lung_epithelial_lineage_signatures_MUCINOUS	Normal	12626	1	1	97285704	97286117	-	308	2	10.8
ENSG00000188641	lung_epithelial_lineage_signatures_MUCINOUS	Normal	12627	1	1	97286483	97287361	-	308	0	0.0
ENSG00000188641	lung_epithelial_lineage_signatures_MUCINOUS	Met	12706	1	1	97547583	97547908	-	883	116	262.6
ENSG00000188641	lung_epithelial_lineage_signatures_MUCINOUS	StageI	12680	1	1	97445823	97446216	-	746	9	36.0
ENSG00000188641	lung_epithelial_lineage_signatures_MUCINOUS	Normal	12643	1	1	97356328	97356878	-	308	9	53.4
ENSG00000188641	lung_epithelial_lineage_signatures_MUCINOUS	StageI	12681	1	1	97448699	97449251	-	746	10	54.3
ENSG00000188641	lung_epithelial_lineage_signatures_MUCINOUS	IVprimary	12746	1	1	97708893	97709759	-	128	0	0.0
ENSG00000188641	lung_epithelial_lineage_signatures_MUCINOUS	IVprimary	12761	1	1	97763485	97764057	-	128	0	0.0
ENSG00000188641	lung_epithelial_lineage_signatures_MUCINOUS	IVprimary	12748	1	1	97711899	97712915	-	128	0	0.0
ENSG00000188641	lung_epithelial_lineage_signatures_MUCINOUS	Met	12724	1	1	97618415	97618937	-	883	0	0.0
ENSG00000188641	lung_epithelial_lineage_signatures_MUCINOUS	IVprimary	12763	1	1	97776011	97776514	-	128	0	0.0
ENSG00000188641	lung_epithelial_lineage_signatures_MUCINOUS	StageI	12706	1	1	97547583	97547908	-	746	0	0.0
ENSG00000188641	lung_epithelial_lineage_signatures_MUCINOUS	Normal	12649	1	1	97381174	97381542	-	308	5	31.2
ENSG00000092820	lung_epithelial_lineage_signatures_MUCINOUS	StageI	249395	1	6	158783099	158784177	-	746	1	4.4
ENSG00000188641	lung_epithelial_lineage_signatures_MUCINOUS	IVprimary	12766	1	1	97792345	97792757	-	128	0	0.0
ENSG00000188641	lung_epithelial_lineage_signatures_MUCINOUS	IVprimary	12800	1	1	97907849	97908610	-	128	0	0.0
ENSG00000188641	lung_epithelial_lineage_signatures_MUCINOUS	IVprimary	12767	1	1	97797542	97797834	-	128	0	0.0
ENSG00000188641	lung_epithelial_lineage_signatures_MUCINOUS	IVprimary	12781	1	1	97849598	97849893	-	128	6	33.0
ENSG00000188641	lung_epithelial_lineage_signatures_MUCINOUS	IVprimary	12768	1	1	97800255	97801101	-	128	0	0.0
ENSG00000188641	lung_epithelial_lineage_signatures_MUCINOUS	StageI	12724	1	1	97618415	97618937	-	746	12	62.9
ENSG00000188641	lung_epithelial_lineage_signatures_MUCINOUS	Normal	12680	1	1	97445823	97446216	-	308	0	0.0
ENSG00000092820	lung_epithelial_lineage_signatures_MUCINOUS	Normal	249401	1	6	158788671	158790603	-	308	2	10.1
ENSG00000188641	lung_epithelial_lineage_signatures_MUCINOUS	Normal	12681	1	1	97448699	97449251	-	308	12	39.4
ENSG00000092820	lung_epithelial_lineage_signatures_MUCINOUS	StageI	249399	1	6	158786699	158787570	-	746	17	95.9
ENSG00000188641	lung_epithelial_lineage_signatures_MUCINOUS	IVprimary	12783	1	1	97854352	97854586	-	128	0	0.0
ENSG00000188641	lung_epithelial_lineage_signatures_MUCINOUS	Met	12746	1	1	97708893	97709759	-	883	3	5.5
ENSG00000188641	lung_epithelial_lineage_signatures_MUCINOUS	IVprimary	12571	1	1	97097421	97097688	-	128	0	0.0
ENSG00000092820	lung_epithelial_lineage_signatures_MUCINOUS	Normal	249385	1	6	158770712	158772080	-	308	5	23.5
ENSG00000188641	lung_epithelial_lineage_signatures_MUCINOUS	Met	12761	1	1	97763485	97764057	-	883	0	0.0
ENSG00000188641	lung_epithelial_lineage_signatures_MUCINOUS	Met	12748	1	1	97711899	97712915	-	883	0	0.0
ENSG00000188641	lung_epithelial_lineage_signatures_MUCINOUS	Normal	12706	1	1	97547583	97547908	-	308	0	0.0
ENSG00000188641	lung_epithelial_lineage_signatures_MUCINOUS	IVprimary	12788	1	1	97873090	97873232	-	128	0	0.0
ENSG00000188641	lung_epithelial_lineage_signatures_MUCINOUS	Met	12763	1	1	97776011	97776514	-	883	0	0.0
ENSG00000092820	lung_epithelial_lineage_signatures_MUCINOUS	Normal	249421	1	6	158814458	158818266	-	308	5	17.8
ENSG00000092820	lung_epithelial_lineage_signatures_MUCINOUS	Met	249401	1	6	158788671	158790603	-	883	3	15.1
ENSG00000092820	lung_epithelial_lineage_signatures_MUCINOUS	Normal	249409	1	6	158797853	158801612	-	308	0	0.0
ENSG00000188641	lung_epithelial_lineage_signatures_MUCINOUS	StageI	12746	1	1	97708893	97709759	-	746	23	96.6
ENSG00000188641	lung_epithelial_lineage_signatures_MUCINOUS	Met	12766	1	1	97792345	97792757	-	883	8	35.1
ENSG00000188641	lung_epithelial_lineage_signatures_MUCINOUS	Met	12800	1	1	97907849	97908610	-	883	0	0.0
ENSG00000188641	lung_epithelial_lineage_signatures_MUCINOUS	Met	12767	1	1	97797542	97797834	-	883	0	0.0
ENSG00000188641	lung_epithelial_lineage_signatures_MUCINOUS	StageI	12761	1	1	97763485	97764057	-	746	0	0.0
ENSG00000188641	lung_epithelial_lineage_signatures_MUCINOUS	StageI	12748	1	1	97711899	97712915	-	746	13	63.7
ENSG00000188641	lung_epithelial_lineage_signatures_MUCINOUS	Normal	12724	1	1	97618415	97618937	-	308	20	55.4
ENSG00000188641	lung_epithelial_lineage_signatures_MUCINOUS	IVprimary	12591	1	1	97180194	97180488	-	128	0	0.0
ENSG00000188641	lung_epithelial_lineage_signatures_MUCINOUS	IVprimary	12578	1	1	97130731	97131216	-	128	0	0.0
ENSG00000092820	lung_epithelial_lineage_signatures_MUCINOUS	Met	249385	1	6	158770712	158772080	-	883	0	0.0
ENSG00000188641	lung_epithelial_lineage_signatures_MUCINOUS	Met	12781	1	1	97849598	97849893	-	883	0	0.0
ENSG00000188641	lung_epithelial_lineage_signatures_MUCINOUS	Met	12768	1	1	97800255	97801101	-	883	5	14.2
ENSG00000188641	lung_epithelial_lineage_signatures_MUCINOUS	IVprimary	12579	1	1	97133097	97133761	-	128	0	0.0
ENSG00000188641	lung_epithelial_lineage_signatures_MUCINOUS	StageI	12763	1	1	97776011	97776514	-	746	1	6.9
ENSG00000188641	lung_epithelial_lineage_signatures_MUCINOUS	Met	12783	1	1	97854352	97854586	-	883	0	0.0
ENSG00000092820	lung_epithelial_lineage_signatures_MUCINOUS	Met	249421	1	6	158814458	158818266	-	883	0	0.0
ENSG00000092820	lung_epithelial_lineage_signatures_MUCINOUS	Met	249409	1	6	158797853	158801612	-	883	18	66.8
ENSG00000188641	lung_epithelial_lineage_signatures_MUCINOUS	StageI	12766	1	1	97792345	97792757	-	746	2	11.0
ENSG00000188641	lung_epithelial_lineage_signatures_MUCINOUS	Met	12571	1	1	97097421	97097688	-	883	0	0.0
ENSG00000188641	lung_epithelial_lineage_signatures_MUCINOUS	IVprimary	12596	1	1	97187222	97188304	-	128	0	0.0
ENSG00000188641	lung_epithelial_lineage_signatures_MUCINOUS	StageI	12800	1	1	97907849	97908610	-	746	0	0.0
ENSG00000188641	lung_epithelial_lineage_signatures_MUCINOUS	StageI	12767	1	1	97797542	97797834	-	746	10	36.9
ENSG00000188641	lung_epithelial_lineage_signatures_MUCINOUS	IVprimary	12617	1	1	97264168	97264734	-	128	1	4.5
ENSG00000188641	lung_epithelial_lineage_signatures_MUCINOUS	StageI	12781	1	1	97849598	97849893	-	746	10	54.0
ENSG00000188641	lung_epithelial_lineage_signatures_MUCINOUS	StageI	12768	1	1	97800255	97801101	-	746	4	22.9
ENSG00000188641	lung_epithelial_lineage_signatures_MUCINOUS	Met	12788	1	1	97873090	97873232	-	883	0	0.0
ENSG00000188641	lung_epithelial_lineage_signatures_MUCINOUS	IVprimary	12632	1	1	97314551	97314906	-	128	7	36.6
ENSG00000188641	lung_epithelial_lineage_signatures_MUCINOUS	StageI	12783	1	1	97854352	97854586	-	746	0	0.0
ENSG00000188641	lung_epithelial_lineage_signatures_MUCINOUS	Normal	12746	1	1	97708893	97709759	-	308	0	0.0
ENSG00000188641	lung_epithelial_lineage_signatures_MUCINOUS	Normal	12761	1	1	97763485	97764057	-	308	3	14.0
ENSG00000188641	lung_epithelial_lineage_signatures_MUCINOUS	Normal	12748	1	1	97711899	97712915	-	308	3	13.6
ENSG00000188641	lung_epithelial_lineage_signatures_MUCINOUS	IVprimary	12635	1	1	97333155	97333948	-	128	0	0.0
ENSG00000188641	lung_epithelial_lineage_signatures_MUCINOUS	StageI	12571	1	1	97097421	97097688	-	746	1	7.0
ENSG00000188641	lung_epithelial_lineage_signatures_MUCINOUS	Met	12578	1	1	97130731	97131216	-	883	0	0.0
ENSG00000188641	lung_epithelial_lineage_signatures_MUCINOUS	Met	12591	1	1	97180194	97180488	-	883	32	97.7
ENSG00000188641	lung_epithelial_lineage_signatures_MUCINOUS	Normal	12763	1	1	97776011	97776514	-	308	6	37.2
ENSG00000188641	lung_epithelial_lineage_signatures_MUCINOUS	Met	12579	1	1	97133097	97133761	-	883	0	0.0
ENSG00000188641	lung_epithelial_lineage_signatures_MUCINOUS	StageI	12788	1	1	97873090	97873232	-	746	1	6.9
ENSG00000188641	lung_epithelial_lineage_signatures_MUCINOUS	IVprimary	12638	1	1	97346100	97346845	-	128	20	63.4
ENSG00000188641	lung_epithelial_lineage_signatures_PNECS	StageI	12590	1	1	97177653	97178094	-	84	2	11.3
ENSG00000188641	lung_epithelial_lineage_signatures_PNECS	Met	12631	1	1	97313721	97314145	-	308	1	4.7
ENSG00000188641	lung_epithelial_lineage_signatures_PNECS	StageI	12631	1	1	97313721	97314145	-	84	0	0.0
ENSG00000188641	lung_epithelial_lineage_signatures_PNECS	Met	12638	1	1	97346100	97346845	-	308	0	0.0
ENSG00000188641	lung_epithelial_lineage_signatures_PNECS	Met	12651	1	1	97384471	97384759	-	308	0	0.0
ENSG00000188641	lung_epithelial_lineage_signatures_PNECS	Met	12654	1	1	97390771	97391562	-	308	53	122.6
ENSG00000188641	lung_epithelial_lineage_signatures_PNECS	Met	12656	1	1	97393167	97393723	-	308	0	0.0
ENSG00000188641	lung_epithelial_lineage_signatures_PNECS	StageI	12651	1	1	97384471	97384759	-	84	0	0.0
ENSG00000188641	lung_epithelial_lineage_signatures_PNECS	StageI	12638	1	1	97346100	97346845	-	84	0	0.0
ENSG00000188641	lung_epithelial_lineage_signatures_PNECS	StageI	12654	1	1	97390771	97391562	-	84	0	0.0
ENSG00000112137	lung_epithelial_lineage_signatures_PNECS	StageI	234965	1	6	13289253	13290416	+	84	0	0.0
ENSG00000188641	lung_epithelial_lineage_signatures_PNECS	StageI	12656	1	1	97393167	97393723	-	84	0	0.0
ENSG00000188641	lung_epithelial_lineage_signatures_PNECS	Met	12710	1	1	97557226	97557683	-	308	13	37.8
ENSG00000188641	lung_epithelial_lineage_signatures_PNECS	Met	12677	1	1	97440492	97441735	-	308	0	0.0
ENSG00000188641	lung_epithelial_lineage_signatures_PNECS	Met	12711	1	1	97559609	97560022	-	308	0	0.0
ENSG00000188641	lung_epithelial_lineage_signatures_PNECS	Met	12712	1	1	97567445	97567646	-	308	0	0.0
ENSG00000188641	lung_epithelial_lineage_signatures_PNECS	Met	12713	1	1	97570817	97571095	-	308	0	0.0
ENSG00000092820	lung_epithelial_lineage_signatures_PNECS	StageI	249382	1	6	158765407	158768180	-	84	0	0.0
ENSG00000092820	lung_epithelial_lineage_signatures_PNECS	StageI	249403	1	6	158791381	158793011	-	84	0	0.0
ENSG00000188641	lung_epithelial_lineage_signatures_PNECS	StageI	12710	1	1	97557226	97557683	-	84	0	0.0
ENSG00000188641	lung_epithelial_lineage_signatures_PNECS	StageI	12677	1	1	97440492	97441735	-	84	0	0.0
ENSG00000188641	lung_epithelial_lineage_signatures_PNECS	StageI	12711	1	1	97559609	97560022	-	84	0	0.0
ENSG00000092820	lung_epithelial_lineage_signatures_PNECS	StageI	249385	1	6	158770712	158772080	-	84	0	0.0
ENSG00000112137	lung_epithelial_lineage_signatures_PNECS	Met	234965	1	6	13289253	13290416	+	308	1	6.6
ENSG00000188641	lung_epithelial_lineage_signatures_PNECS	StageI	12712	1	1	97567445	97567646	-	84	0	0.0
ENSG00000188641	lung_epithelial_lineage_signatures_PNECS	Met	12732	1	1	97653324	97653990	-	308	43	100.9
ENSG00000188641	lung_epithelial_lineage_signatures_PNECS	StageI	12713	1	1	97570817	97571095	-	84	0	0.0
ENSG00000188641	lung_epithelial_lineage_signatures_PNECS	Met	12699	1	1	97531986	97533446	-	308	3	9.7
ENSG00000092820	lung_epithelial_lineage_signatures_PNECS	StageI	249387	1	6	158774255	158777101	-	84	0	0.0
ENSG00000188641	lung_epithelial_lineage_signatures_PNECS	Met	12733	1	1	97656259	97657704	-	308	18	42.1
ENSG00000188641	lung_epithelial_lineage_signatures_PNECS	Met	12735	1	1	97665486	97666723	-	308	8	26.7
ENSG00000188641	lung_epithelial_lineage_signatures_PNECS	Met	12736	1	1	97671696	97672517	-	308	6	25.0
ENSG00000188641	lung_epithelial_lineage_signatures_PNECS	Met	12737	1	1	97673171	97673529	-	308	0	0.0
ENSG00000188641	lung_epithelial_lineage_signatures_PNECS	Met	12738	1	1	97675800	97676224	-	308	0	0.0
ENSG00000188641	lung_epithelial_lineage_signatures_PNECS	StageI	12732	1	1	97653324	97653990	-	84	0	0.0
ENSG00000188641	lung_epithelial_lineage_signatures_PNECS	StageI	12699	1	1	97531986	97533446	-	84	0	0.0
ENSG00000188641	lung_epithelial_lineage_signatures_PNECS	StageI	12733	1	1	97656259	97657704	-	84	0	0.0
ENSG00000188641	lung_epithelial_lineage_signatures_PNECS	StageI	12735	1	1	97665486	97666723	-	84	0	0.0
ENSG00000188641	lung_epithelial_lineage_signatures_PNECS	StageI	12736	1	1	97671696	97672517	-	84	0	0.0
ENSG00000188641	lung_epithelial_lineage_signatures_PNECS	StageI	12737	1	1	97673171	97673529	-	84	0	0.0
ENSG00000188641	lung_epithelial_lineage_signatures_PNECS	Met	12770	1	1	97807595	97808136	-	308	0	0.0
ENSG00000188641	lung_epithelial_lineage_signatures_PNECS	StageI	12738	1	1	97675800	97676224	-	84	0	0.0
ENSG00000188641	lung_epithelial_lineage_signatures_PNECS	StageI	12770	1	1	97807595	97808136	-	84	0	0.0
ENSG00000188641	lung_epithelial_lineage_signatures_PNECS	Met	12562	1	1	97077836	97078379	-	308	0	0.0
ENSG00000092820	lung_epithelial_lineage_signatures_PNECS	Met	249395	1	6	158783099	158784177	-	308	0	0.0
ENSG00000092820	lung_epithelial_lineage_signatures_PNECS	Met	249416	1	6	158809902	158811360	-	308	0	0.0
ENSG00000092820	lung_epithelial_lineage_signatures_PNECS	Met	249397	1	6	158785326	158785587	-	308	0	0.0
ENSG00000112137	lung_epithelial_lineage_signatures_PNECS	StageI	234870	1	6	12957988	12959186	+	84	0	0.0
ENSG00000092820	lung_epithelial_lineage_signatures_PNECS	Met	249399	1	6	158786699	158787570	-	308	0	0.0
ENSG00000188641	lung_epithelial_lineage_signatures_PNECS	StageI	12562	1	1	97077836	97078379	-	84	13	39.5
ENSG00000188641	lung_epithelial_lineage_signatures_PNECS	Met	12602	1	1	97202005	97202302	-	308	0	0.0
ENSG00000188641	lung_epithelial_lineage_signatures_PNECS	Met	12606	1	1	97225581	97226111	-	308	0	0.0
ENSG00000188641	lung_epithelial_lineage_signatures_PNECS	StageI	12602	1	1	97202005	97202302	-	84	0	0.0
ENSG00000112137	lung_epithelial_lineage_signatures_PNECS	Met	234870	1	6	12957988	12959186	+	308	1	5.2
ENSG00000188641	lung_epithelial_lineage_signatures_PNECS	Met	12624	1	1	97283105	97283800	-	308	0	0.0
ENSG00000188641	lung_epithelial_lineage_signatures_PNECS	StageI	12606	1	1	97225581	97226111	-	84	0	0.0
ENSG00000188641	lung_epithelial_lineage_signatures_PNECS	StageI	12624	1	1	97283105	97283800	-	84	0	0.0
ENSG00000112137	lung_epithelial_lineage_signatures_PNECS	StageI	234951	1	6	13276261	13276770	+	84	0	0.0
ENSG00000112137	lung_epithelial_lineage_signatures_PNECS	StageI	234952	1	6	13277400	13277957	+	84	0	0.0
ENSG00000112137	lung_epithelial_lineage_signatures_PNECS	StageI	234954	1	6	13278509	13278881	+	84	0	0.0
ENSG00000188641	lung_epithelial_lineage_signatures_PNECS	Met	12663	1	1	97406380	97406762	-	308	6	22.6
ENSG00000112137	lung_epithelial_lineage_signatures_PNECS	StageI	234957	1	6	13281052	13281496	+	84	0	0.0
ENSG00000188641	lung_epithelial_lineage_signatures_PNECS	Met	12667	1	1	97418335	97418847	-	308	0	0.0
ENSG00000188641	lung_epithelial_lineage_signatures_PNECS	Met	12681	1	1	97448699	97449251	-	308	0	0.0
ENSG00000188641	lung_epithelial_lineage_signatures_PNECS	StageI	12663	1	1	97406380	97406762	-	84	0	0.0
ENSG00000188641	lung_epithelial_lineage_signatures_PNECS	Met	12669	1	1	97428862	97429161	-	308	0	0.0
ENSG00000112137	lung_epithelial_lineage_signatures_PNECS	Met	234951	1	6	13276261	13276770	+	308	4	15.6
ENSG00000112137	lung_epithelial_lineage_signatures_PNECS	Met	234952	1	6	13277400	13277957	+	308	26	91.0
ENSG00000188641	lung_epithelial_lineage_signatures_PNECS	StageI	12667	1	1	97418335	97418847	-	84	0	0.0
ENSG00000112137	lung_epithelial_lineage_signatures_PNECS	Met	234954	1	6	13278509	13278881	+	308	1	6.9
ENSG00000188641	lung_epithelial_lineage_signatures_PNECS	StageI	12681	1	1	97448699	97449251	-	84	0	0.0
ENSG00000188641	lung_epithelial_lineage_signatures_PNECS	Met	12707	1	1	97549197	97549623	-	308	1	6.8
ENSG00000188641	lung_epithelial_lineage_signatures_PNECS	Met	12708	1	1	97554986	97555538	-	308	0	0.0
ENSG00000188641	lung_epithelial_lineage_signatures_PNECS	StageI	12669	1	1	97428862	97429161	-	84	0	0.0
ENSG00000188641	lung_epithelial_lineage_signatures_PNECS	Met	12722	1	1	97616103	97616589	-	308	7	20.4
ENSG00000112137	lung_epithelial_lineage_signatures_PNECS	Met	234957	1	6	13281052	13281496	+	308	0	0.0
ENSG00000188641	lung_epithelial_lineage_signatures_PNECS	Met	12723	1	1	97617013	97617485	-	308	1	3.9
ENSG00000188641	lung_epithelial_lineage_signatures_PNECS	Met	12724	1	1	97618415	97618937	-	308	0	0.0
ENSG00000188641	lung_epithelial_lineage_signatures_PNECS	Met	12726	1	1	97626966	97627228	-	308	0	0.0
ENSG00000188641	lung_epithelial_lineage_signatures_PNECS	StageI	12707	1	1	97549197	97549623	-	84	0	0.0
ENSG00000188641	lung_epithelial_lineage_signatures_PNECS	StageI	12708	1	1	97554986	97555538	-	84	0	0.0
ENSG00000092820	lung_epithelial_lineage_signatures_PNECS	StageI	249395	1	6	158783099	158784177	-	84	0	0.0
ENSG00000188641	lung_epithelial_lineage_signatures_PNECS	Met	12728	1	1	97640339	97640798	-	308	17	42.9
ENSG00000188641	lung_epithelial_lineage_signatures_PNECS	StageI	12722	1	1	97616103	97616589	-	84	0	0.0
ENSG00000092820	lung_epithelial_lineage_signatures_PNECS	StageI	249416	1	6	158809902	158811360	-	84	6	20.7
ENSG00000188641	lung_epithelial_lineage_signatures_PNECS	Met	12729	1	1	97644557	97645194	-	308	23	56.4
ENSG00000188641	lung_epithelial_lineage_signatures_PNECS	StageI	12723	1	1	97617013	97617485	-	84	0	0.0
ENSG00000092820	lung_epithelial_lineage_signatures_PNECS	StageI	249397	1	6	158785326	158785587	-	84	3	9.8
ENSG00000188641	lung_epithelial_lineage_signatures_PNECS	StageI	12724	1	1	97618415	97618937	-	84	0	0.0
ENSG00000092820	lung_epithelial_lineage_signatures_PNECS	StageI	249399	1	6	158786699	158787570	-	84	0	0.0
ENSG00000188641	lung_epithelial_lineage_signatures_PNECS	StageI	12726	1	1	97626966	97627228	-	84	0	0.0
ENSG00000188641	lung_epithelial_lineage_signatures_PNECS	StageI	12728	1	1	97640339	97640798	-	84	0	0.0
ENSG00000188641	lung_epithelial_lineage_signatures_PNECS	Met	12748	1	1	97711899	97712915	-	308	0	0.0
ENSG00000188641	lung_epithelial_lineage_signatures_PNECS	StageI	12729	1	1	97644557	97645194	-	84	0	0.0
ENSG00000188641	lung_epithelial_lineage_signatures_PNECS	Met	12763	1	1	97776011	97776514	-	308	0	0.0
ENSG00000188641	lung_epithelial_lineage_signatures_PNECS	Met	12764	1	1	97783468	97783998	-	308	44	107.6
ENSG00000092820	lung_epithelial_lineage_signatures_PNECS	Met	249382	1	6	158765407	158768180	-	308	0	0.0
ENSG00000092820	lung_epithelial_lineage_signatures_PNECS	Met	249403	1	6	158791381	158793011	-	308	4	20.2
ENSG00000188641	lung_epithelial_lineage_signatures_PNECS	StageI	12748	1	1	97711899	97712915	-	84	0	0.0
ENSG00000092820	lung_epithelial_lineage_signatures_PNECS	Met	249385	1	6	158770712	158772080	-	308	0	0.0
ENSG00000188641	lung_epithelial_lineage_signatures_PNECS	StageI	12763	1	1	97776011	97776514	-	84	0	0.0
ENSG00000092820	lung_epithelial_lineage_signatures_PNECS	Met	249387	1	6	158774255	158777101	-	308	0	0.0
ENSG00000188641	lung_epithelial_lineage_signatures_PNECS	StageI	12764	1	1	97783468	97783998	-	84	0	0.0
ENSG00000188641	lung_epithelial_lineage_signatures_PNECS	Met	12575	1	1	97118217	97118752	-	308	0	0.0
ENSG00000188641	lung_epithelial_lineage_signatures_PNECS	Met	12590	1	1	97177653	97178094	-	308	0	0.0
ENSG00000188641	lung_epithelial_lineage_signatures_PNECS	StageI	12575	1	1	97118217	97118752	-	84	0	0.0
ENSG00000188641	stem_cell_signatures_merged_NK_CELL_SPECIFIC_MAR	Normal	12766	1	1	97792345	97792757	-	951	0	0.0
ENSG00000188641	stem_cell_signatures_merged_NK_CELL_SPECIFIC_MAR	Normal	12800	1	1	97907849	97908610	-	951	47	214.8
ENSG00000188641	stem_cell_signatures_merged_NK_CELL_SPECIFIC_MAR	Normal	12767	1	1	97797542	97797834	-	951	0	0.0
ENSG00000188641	stem_cell_signatures_merged_NK_CELL_SPECIFIC_MAR	Met	12596	1	1	97187222	97188304	-	224	0	0.0
ENSG00000188641	stem_cell_signatures_merged_NK_CELL_SPECIFIC_MAR	Normal	12781	1	1	97849598	97849893	-	951	6	41.8
ENSG00000188641	stem_cell_signatures_merged_NK_CELL_SPECIFIC_MAR	Normal	12768	1	1	97800255	97801101	-	951	1	5.8
ENSG00000188641	stem_cell_signatures_merged_NK_CELL_SPECIFIC_MAR	Met	12617	1	1	97264168	97264734	-	224	0	0.0
ENSG00000188641	stem_cell_signatures_merged_NK_CELL_SPECIFIC_MAR	StageI	12591	1	1	97180194	97180488	-	917	0	0.0
ENSG00000188641	stem_cell_signatures_merged_NK_CELL_SPECIFIC_MAR	StageI	12578	1	1	97130731	97131216	-	917	0	0.0
ENSG00000188641	stem_cell_signatures_merged_NK_CELL_SPECIFIC_MAR	StageI	12579	1	1	97133097	97133761	-	917	0	0.0
ENSG00000188641	stem_cell_signatures_merged_NK_CELL_SPECIFIC_MAR	Normal	12783	1	1	97854352	97854586	-	951	2	10.0
ENSG00000188641	stem_cell_signatures_merged_NK_CELL_SPECIFIC_MAR	Met	12632	1	1	97314551	97314906	-	224	0	0.0
ENSG00000188641	stem_cell_signatures_merged_NK_CELL_SPECIFIC_MAR	Normal	12571	1	1	97097421	97097688	-	951	3	11.4
ENSG00000188641	stem_cell_signatures_merged_NK_CELL_SPECIFIC_MAR	Met	12635	1	1	97333155	97333948	-	224	2	14.2
ENSG00000188641	stem_cell_signatures_merged_NK_CELL_SPECIFIC_MAR	StageI	12596	1	1	97187222	97188304	-	917	0	0.0
ENSG00000188641	stem_cell_signatures_merged_NK_CELL_SPECIFIC_MAR	StageI	12617	1	1	97264168	97264734	-	917	9	54.9
ENSG00000188641	stem_cell_signatures_merged_NK_CELL_SPECIFIC_MAR	Normal	12788	1	1	97873090	97873232	-	951	2	12.6
ENSG00000188641	stem_cell_signatures_merged_NK_CELL_SPECIFIC_MAR	Met	12638	1	1	97346100	97346845	-	224	0	0.0
ENSG00000188641	stem_cell_signatures_merged_NK_CELL_SPECIFIC_MAR	StageI	12632	1	1	97314551	97314906	-	917	2	11.9
ENSG00000188641	stem_cell_signatures_merged_NK_CELL_SPECIFIC_MAR	Met	12654	1	1	97390771	97391562	-	224	0	0.0
ENSG00000188641	stem_cell_signatures_merged_NK_CELL_SPECIFIC_MAR	StageI	12635	1	1	97333155	97333948	-	917	0	0.0
ENSG00000188641	stem_cell_signatures_merged_NK_CELL_SPECIFIC_MAR	Normal	12578	1	1	97130731	97131216	-	951	1	6.8
ENSG00000188641	stem_cell_signatures_merged_NK_CELL_SPECIFIC_MAR	Normal	12591	1	1	97180194	97180488	-	951	4	25.2
ENSG00000188641	stem_cell_signatures_merged_NK_CELL_SPECIFIC_MAR	Met	12655	1	1	97392446	97392881	-	224	0	0.0
ENSG00000188641	stem_cell_signatures_merged_NK_CELL_SPECIFIC_MAR	Normal	12579	1	1	97133097	97133761	-	951	2	13.1
ENSG00000188641	stem_cell_signatures_merged_NK_CELL_SPECIFIC_MAR	Met	12670	1	1	97429534	97429824	-	224	0	0.0
ENSG00000188641	stem_cell_signatures_merged_NK_CELL_SPECIFIC_MAR	StageI	12638	1	1	97346100	97346845	-	917	0	0.0
ENSG00000188641	stem_cell_signatures_merged_NK_CELL_SPECIFIC_MAR	Met	12672	1	1	97432354	97432942	-	224	0	0.0
ENSG00000188641	stem_cell_signatures_merged_NK_CELL_SPECIFIC_MAR	Met	12659	1	1	97400568	97402062	-	224	0	0.0
ENSG00000188641	stem_cell_signatures_merged_NK_CELL_SPECIFIC_MAR	Normal	12596	1	1	97187222	97188304	-	951	0	0.0
ENSG00000188641	stem_cell_signatures_merged_NK_CELL_SPECIFIC_MAR	StageI	12654	1	1	97390771	97391562	-	917	60	193.7
ENSG00000188641	stem_cell_signatures_merged_NK_CELL_SPECIFIC_MAR	Normal	12617	1	1	97264168	97264734	-	951	3	14.6
ENSG00000188641	stem_cell_signatures_merged_NK_CELL_SPECIFIC_MAR	StageI	12655	1	1	97392446	97392881	-	917	0	0.0
ENSG00000188641	stem_cell_signatures_merged_NK_CELL_SPECIFIC_MAR	Normal	12632	1	1	97314551	97314906	-	951	91	344.6
ENSG00000188641	stem_cell_signatures_merged_NK_CELL_SPECIFIC_MAR	StageI	12670	1	1	97429534	97429824	-	917	0	0.0
ENSG00000188641	stem_cell_signatures_merged_NK_CELL_SPECIFIC_MAR	Met	12710	1	1	97557226	97557683	-	224	2	13.2
ENSG00000188641	stem_cell_signatures_merged_NK_CELL_SPECIFIC_MAR	Met	12690	1	1	97484548	97485981	-	224	0	0.0
ENSG00000188641	stem_cell_signatures_merged_NK_CELL_SPECIFIC_MAR	Met	12677	1	1	97440492	97441735	-	224	0	0.0
ENSG00000188641	stem_cell_signatures_merged_NK_CELL_SPECIFIC_MAR	Met	12711	1	1	97559609	97560022	-	224	0	0.0
ENSG00000188641	stem_cell_signatures_merged_NK_CELL_SPECIFIC_MAR	StageI	12672	1	1	97432354	97432942	-	917	0	0.0
ENSG00000188641	stem_cell_signatures_merged_NK_CELL_SPECIFIC_MAR	StageI	12659	1	1	97400568	97402062	-	917	1	5.1
ENSG00000188641	stem_cell_signatures_merged_NK_CELL_SPECIFIC_MAR	Normal	12635	1	1	97333155	97333948	-	951	0	0.0
ENSG00000188641	stem_cell_signatures_merged_NK_CELL_SPECIFIC_MAR	Met	12692	1	1	97502158	97502737	-	224	0	0.0
ENSG00000092820	stem_cell_signatures_merged_NK_CELL_SPECIFIC_MAR	StageI	249401	1	6	158788671	158790603	-	917	0	0.0
ENSG00000188641	stem_cell_signatures_merged_NK_CELL_SPECIFIC_MAR	Met	12694	1	1	97524770	97525078	-	224	0	0.0
ENSG00000188641	stem_cell_signatures_merged_NK_CELL_SPECIFIC_MAR	Normal	12638	1	1	97346100	97346845	-	951	8	24.4
ENSG00000188641	stem_cell_signatures_merged_NK_CELL_SPECIFIC_MAR	StageI	12710	1	1	97557226	97557683	-	917	8	42.2
ENSG00000188641	stem_cell_signatures_merged_NK_CELL_SPECIFIC_MAR	StageI	12690	1	1	97484548	97485981	-	917	6	26.9
ENSG00000188641	stem_cell_signatures_merged_NK_CELL_SPECIFIC_MAR	StageI	12677	1	1	97440492	97441735	-	917	17	69.5
ENSG00000188641	stem_cell_signatures_merged_NK_CELL_SPECIFIC_MAR	Met	12730	1	1	97645490	97645872	-	224	0	0.0
ENSG00000188641	stem_cell_signatures_merged_NK_CELL_SPECIFIC_MAR	StageI	12711	1	1	97559609	97560022	-	917	0	0.0
ENSG00000188641	stem_cell_signatures_merged_NK_CELL_SPECIFIC_MAR	Normal	12654	1	1	97390771	97391562	-	951	2	14.7
ENSG00000092820	stem_cell_signatures_merged_NK_CELL_SPECIFIC_MAR	StageI	249385	1	6	158770712	158772080	-	917	12	63.3
ENSG00000188641	stem_cell_signatures_merged_NK_CELL_SPECIFIC_MAR	Met	12731	1	1	97646370	97647021	-	224	1	2.9
ENSG00000188641	stem_cell_signatures_merged_NK_CELL_SPECIFIC_MAR	StageI	12692	1	1	97502158	97502737	-	917	0	0.0
ENSG00000188641	stem_cell_signatures_merged_NK_CELL_SPECIFIC_MAR	Normal	12655	1	1	97392446	97392881	-	951	8	56.2
ENSG00000188641	stem_cell_signatures_merged_NK_CELL_SPECIFIC_MAR	StageI	12694	1	1	97524770	97525078	-	917	0	0.0
ENSG00000188641	stem_cell_signatures_merged_NK_CELL_SPECIFIC_MAR	Normal	12670	1	1	97429534	97429824	-	951	1	7.0
ENSG00000092820	stem_cell_signatures_merged_NK_CELL_SPECIFIC_MAR	StageI	249421	1	6	158814458	158818266	-	917	11	51.7
ENSG00000092820	stem_cell_signatures_merged_NK_CELL_SPECIFIC_MAR	StageI	249409	1	6	158797853	158801612	-	917	18	90.3
ENSG00000188641	stem_cell_signatures_merged_NK_CELL_SPECIFIC_MAR	Met	12735	1	1	97665486	97666723	-	224	0	0.0
ENSG00000188641	stem_cell_signatures_merged_NK_CELL_SPECIFIC_MAR	Normal	12672	1	1	97432354	97432942	-	951	19	112.2
ENSG00000188641	stem_cell_signatures_merged_NK_CELL_SPECIFIC_MAR	Normal	12659	1	1	97400568	97402062	-	951	5	34.3
ENSG00000188641	stem_cell_signatures_merged_NK_CELL_SPECIFIC_MAR	Met	12736	1	1	97671696	97672517	-	224	0	0.0
ENSG00000188641	stem_cell_signatures_merged_NK_CELL_SPECIFIC_MAR	StageI	12730	1	1	97645490	97645872	-	917	0	0.0
ENSG00000188641	stem_cell_signatures_merged_NK_CELL_SPECIFIC_MAR	Met	12750	1	1	97714361	97714639	-	224	0	0.0
ENSG00000188641	stem_cell_signatures_merged_NK_CELL_SPECIFIC_MAR	StageI	12731	1	1	97646370	97647021	-	917	82	337.8
ENSG00000188641	stem_cell_signatures_merged_NK_CELL_SPECIFIC_MAR	Met	12753	1	1	97717950	97718705	-	224	0	0.0
ENSG00000188641	stem_cell_signatures_merged_NK_CELL_SPECIFIC_MAR	Normal	12710	1	1	97557226	97557683	-	951	34	126.9
ENSG00000188641	stem_cell_signatures_merged_NK_CELL_SPECIFIC_MAR	Normal	12690	1	1	97484548	97485981	-	951	39	195.6
ENSG00000188641	stem_cell_signatures_merged_NK_CELL_SPECIFIC_MAR	Normal	12677	1	1	97440492	97441735	-	951	52	236.9
ENSG00000188641	stem_cell_signatures_merged_NK_CELL_SPECIFIC_MAR	StageI	12735	1	1	97665486	97666723	-	917	0	0.0
ENSG00000188641	stem_cell_signatures_merged_NK_CELL_SPECIFIC_MAR	Normal	12711	1	1	97559609	97560022	-	951	1	4.3
ENSG00000188641	stem_cell_signatures_merged_NK_CELL_SPECIFIC_MAR	Met	12755	1	1	97719620	97720226	-	224	0	0.0
ENSG00000188641	stem_cell_signatures_merged_NK_CELL_SPECIFIC_MAR	StageI	12736	1	1	97671696	97672517	-	917	0	0.0
ENSG00000188641	stem_cell_signatures_merged_NK_CELL_SPECIFIC_MAR	Normal	12692	1	1	97502158	97502737	-	951	0	0.0
ENSG00000188641	stem_cell_signatures_merged_NK_CELL_SPECIFIC_MAR	Met	12756	1	1	97730849	97732054	-	224	0	0.0
ENSG00000188641	stem_cell_signatures_merged_NK_CELL_SPECIFIC_MAR	StageI	12750	1	1	97714361	97714639	-	917	0	0.0
ENSG00000188641	stem_cell_signatures_merged_NK_CELL_SPECIFIC_MAR	Normal	12694	1	1	97524770	97525078	-	951	32	182.5
ENSG00000092820	stem_cell_signatures_merged_NK_CELL_SPECIFIC_MAR	Normal	249395	1	6	158783099	158784177	-	951	5	31.2
ENSG00000188641	stem_cell_signatures_merged_NK_CELL_SPECIFIC_MAR	Met	12771	1	1	97808427	97809206	-	224	0	0.0
ENSG00000188641	stem_cell_signatures_merged_NK_CELL_SPECIFIC_MAR	Met	12758	1	1	97738789	97739235	-	224	0	0.0
ENSG00000188641	stem_cell_signatures_merged_NK_CELL_SPECIFIC_MAR	StageI	12753	1	1	97717950	97718705	-	917	0	0.0
ENSG00000188641	stem_cell_signatures_merged_NK_CELL_SPECIFIC_MAR	Normal	12730	1	1	97645490	97645872	-	951	0	0.0
ENSG00000188641	stem_cell_signatures_merged_NK_CELL_SPECIFIC_MAR	StageI	12755	1	1	97719620	97720226	-	917	0	0.0
ENSG00000188641	stem_cell_signatures_merged_NK_CELL_SPECIFIC_MAR	Normal	12731	1	1	97646370	97647021	-	951	18	97.6
ENSG00000092820	stem_cell_signatures_merged_NK_CELL_SPECIFIC_MAR	Normal	249399	1	6	158786699	158787570	-	951	1	7.2
ENSG00000188641	stem_cell_signatures_merged_NK_CELL_SPECIFIC_MAR	StageI	12756	1	1	97730849	97732054	-	917	15	66.6
ENSG00000188641	stem_cell_signatures_merged_NK_CELL_SPECIFIC_MAR	Met	12776	1	1	97823152	97824427	-	224	0	0.0
ENSG00000188641	stem_cell_signatures_merged_NK_CELL_SPECIFIC_MAR	StageI	12771	1	1	97808427	97809206	-	917	0	0.0
ENSG00000188641	stem_cell_signatures_merged_NK_CELL_SPECIFIC_MAR	StageI	12758	1	1	97738789	97739235	-	917	0	0.0
ENSG00000092820	stem_cell_signatures_merged_NK_CELL_SPECIFIC_MAR	Met	249395	1	6	158783099	158784177	-	224	0	0.0
ENSG00000188641	stem_cell_signatures_merged_NK_CELL_SPECIFIC_MAR	Met	12778	1	1	97826430	97828108	-	224	16	50.4
ENSG00000188641	stem_cell_signatures_merged_NK_CELL_SPECIFIC_MAR	Normal	12735	1	1	97665486	97666723	-	951	29	161.3
ENSG00000188641	stem_cell_signatures_merged_NK_CELL_SPECIFIC_MAR	Met	12779	1	1	97829840	97830188	-	224	0	0.0
ENSG00000188641	stem_cell_signatures_merged_NK_CELL_SPECIFIC_MAR	Normal	12736	1	1	97671696	97672517	-	951	14	34.4
ENSG00000188641	stem_cell_signatures_merged_NK_CELL_SPECIFIC_MAR	Met	12793	1	1	97882244	97882795	-	224	0	0.0
ENSG00000188641	stem_cell_signatures_merged_NK_CELL_SPECIFIC_MAR	Normal	12750	1	1	97714361	97714639	-	951	1	5.7
ENSG00000188641	stem_cell_signatures_merged_NK_CELL_SPECIFIC_MAR	Met	12566	1	1	97086207	97086745	-	224	0	0.0
ENSG00000092820	stem_cell_signatures_merged_NK_CELL_SPECIFIC_MAR	Met	249399	1	6	158786699	158787570	-	224	0	0.0
ENSG00000188641	stem_cell_signatures_merged_NK_CELL_SPECIFIC_MAR	StageI	12776	1	1	97823152	97824427	-	917	2	12.0
ENSG00000188641	stem_cell_signatures_merged_NK_CELL_SPECIFIC_MAR	Met	12568	1	1	97089647	97090524	-	224	0	0.0
ENSG00000188641	stem_cell_signatures_merged_NK_CELL_SPECIFIC_MAR	Normal	12753	1	1	97717950	97718705	-	951	18	89.4
ENSG00000188641	stem_cell_signatures_merged_NK_CELL_SPECIFIC_MAR	Met	12602	1	1	97202005	97202302	-	224	0	0.0
ENSG00000188641	stem_cell_signatures_merged_NK_CELL_SPECIFIC_MAR	StageI	12778	1	1	97826430	97828108	-	917	1	5.5
ENSG00000188641	stem_cell_signatures_merged_NK_CELL_SPECIFIC_MAR	StageI	12779	1	1	97829840	97830188	-	917	0	0.0
ENSG00000188641	stem_cell_signatures_merged_NK_CELL_SPECIFIC_MAR	Normal	12755	1	1	97719620	97720226	-	951	96	364.1
ENSG00000188641	stem_cell_signatures_merged_NK_CELL_SPECIFIC_MAR	Met	12799	1	1	97899199	97899765	-	224	0	0.0
ENSG00000188641	stem_cell_signatures_merged_NK_CELL_SPECIFIC_MAR	StageI	12793	1	1	97882244	97882795	-	917	29	132.3
ENSG00000188641	stem_cell_signatures_merged_NK_CELL_SPECIFIC_MAR	Normal	12756	1	1	97730849	97732054	-	951	10	53.6
ENSG00000188641	stem_cell_signatures_merged_NK_CELL_SPECIFIC_MAR	StageI	12566	1	1	97086207	97086745	-	917	3	13.8
ENSG00000188641	stem_cell_signatures_merged_NK_CELL_SPECIFIC_MAR	Met	12585	1	1	97164963	97165320	-	224	0	0.0
ENSG00000188641	stem_cell_signatures_merged_NK_CELL_SPECIFIC_MAR	Met	12605	1	1	97224607	97225130	-	224	0	0.0
ENSG00000188641	stem_cell_signatures_merged_NK_CELL_SPECIFIC_MAR	Met	12606	1	1	97225581	97226111	-	224	3	16.3
ENSG00000188641	stem_cell_signatures_merged_NK_CELL_SPECIFIC_MAR	Normal	12771	1	1	97808427	97809206	-	951	27	148.2
ENSG00000188641	stem_cell_signatures_merged_NK_CELL_SPECIFIC_MAR	Normal	12758	1	1	97738789	97739235	-	951	71	316.5
ENSG00000188641	stem_cell_signatures_merged_NK_CELL_SPECIFIC_MAR	StageI	12568	1	1	97089647	97090524	-	917	0	0.0
ENSG00000188641	stem_cell_signatures_merged_NK_CELL_SPECIFIC_MAR	Met	12588	1	1	97170740	97171197	-	224	2	10.6
ENSG00000188641	stem_cell_signatures_merged_NK_CELL_SPECIFIC_MAR	StageI	12602	1	1	97202005	97202302	-	917	1	4.8
ENSG00000188641	stem_cell_signatures_merged_NK_CELL_SPECIFIC_MAR	StageI	12799	1	1	97899199	97899765	-	917	0	0.0
ENSG00000188641	stem_cell_signatures_merged_NK_CELL_SPECIFIC_MAR	StageI	12585	1	1	97164963	97165320	-	917	24	80.9
ENSG00000188641	stem_cell_signatures_merged_NK_CELL_SPECIFIC_MAR	StageI	12605	1	1	97224607	97225130	-	917	14	73.9
ENSG00000188641	stem_cell_signatures_merged_NK_CELL_SPECIFIC_MAR	Normal	12776	1	1	97823152	97824427	-	951	5	25.2
ENSG00000188641	stem_cell_signatures_merged_NK_CELL_SPECIFIC_MAR	StageI	12606	1	1	97225581	97226111	-	917	8	46.4
ENSG00000188641	stem_cell_signatures_merged_NK_CELL_SPECIFIC_MAR	Met	12626	1	1	97285704	97286117	-	224	2	12.0
ENSG00000188641	stem_cell_signatures_merged_NK_CELL_SPECIFIC_MAR	Normal	12778	1	1	97826430	97828108	-	951	5	29.0
ENSG00000188641	stem_cell_signatures_merged_NK_CELL_SPECIFIC_MAR	Met	12627	1	1	97286483	97287361	-	224	0	0.0
ENSG00000188641	stem_cell_signatures_merged_NK_CELL_SPECIFIC_MAR	StageI	12588	1	1	97170740	97171197	-	917	22	108.2
ENSG00000188641	stem_cell_signatures_merged_NK_CELL_SPECIFIC_MAR	Normal	12779	1	1	97829840	97830188	-	951	0	0.0
ENSG00000188641	stem_cell_signatures_merged_NK_CELL_SPECIFIC_MAR	Normal	12793	1	1	97882244	97882795	-	951	28	148.4
ENSG00000188641	stem_cell_signatures_merged_NK_CELL_SPECIFIC_MAR	Normal	12566	1	1	97086207	97086745	-	951	0	0.0
ENSG00000188641	stem_cell_signatures_merged_NK_CELL_SPECIFIC_MAR	Met	12643	1	1	97356328	97356878	-	224	3	16.7
ENSG00000188641	stem_cell_signatures_merged_NK_CELL_SPECIFIC_MAR	Normal	12568	1	1	97089647	97090524	-	951	4	19.1
ENSG00000188641	stem_cell_signatures_merged_NK_CELL_SPECIFIC_MAR	StageI	12626	1	1	97285704	97286117	-	917	0	0.0
ENSG00000188641	stem_cell_signatures_merged_NK_CELL_SPECIFIC_MAR	Normal	12602	1	1	97202005	97202302	-	951	1	4.3
ENSG00000188641	stem_cell_signatures_merged_NK_CELL_SPECIFIC_MAR	StageI	12627	1	1	97286483	97287361	-	917	0	0.0
ENSG00000188641	stem_cell_signatures_merged_NK_CELL_SPECIFIC_MAR	Normal	12799	1	1	97899199	97899765	-	951	0	0.0
ENSG00000188641	stem_cell_signatures_merged_NK_CELL_SPECIFIC_MAR	Normal	12585	1	1	97164963	97165320	-	951	3	17.1
ENSG00000188641	stem_cell_signatures_merged_NK_CELL_SPECIFIC_MAR	Normal	12605	1	1	97224607	97225130	-	951	10	62.5
ENSG00000188641	stem_cell_signatures_merged_NK_CELL_SPECIFIC_MAR	Met	12649	1	1	97381174	97381542	-	224	0	0.0
ENSG00000188641	stem_cell_signatures_merged_NK_CELL_SPECIFIC_MAR	StageI	12643	1	1	97356328	97356878	-	917	0	0.0
ENSG00000188641	stem_cell_signatures_merged_NK_CELL_SPECIFIC_MAR	Normal	12606	1	1	97225581	97226111	-	951	1	7.1
ENSG00000188641	stem_cell_signatures_merged_NK_CELL_SPECIFIC_MAR	Normal	12588	1	1	97170740	97171197	-	951	13	76.1
ENSG00000188641	stem_cell_signatures_merged_NK_CELL_SPECIFIC_MAR	Met	12680	1	1	97445823	97446216	-	224	0	0.0
ENSG00000188641	stem_cell_signatures_merged_NK_CELL_SPECIFIC_MAR	Met	12681	1	1	97448699	97449251	-	224	0	0.0
ENSG00000188641	stem_cell_signatures_merged_NK_CELL_SPECIFIC_MAR	StageI	12649	1	1	97381174	97381542	-	917	2	11.7
ENSG00000188641	stem_cell_signatures_merged_NK_CELL_SPECIFIC_MAR	Normal	12626	1	1	97285704	97286117	-	951	6	34.3
ENSG00000188641	stem_cell_signatures_merged_NK_CELL_SPECIFIC_MAR	Normal	12627	1	1	97286483	97287361	-	951	6	38.0
ENSG00000188641	stem_cell_signatures_merged_NK_CELL_SPECIFIC_MAR	Met	12706	1	1	97547583	97547908	-	224	0	0.0
ENSG00000188641	stem_cell_signatures_merged_NK_CELL_SPECIFIC_MAR	StageI	12680	1	1	97445823	97446216	-	917	6	25.7
ENSG00000188641	stem_cell_signatures_merged_NK_CELL_SPECIFIC_MAR	Normal	12643	1	1	97356328	97356878	-	951	2	14.3
ENSG00000188641	stem_cell_signatures_merged_NK_CELL_SPECIFIC_MAR	StageI	12681	1	1	97448699	97449251	-	917	3	15.9
ENSG00000188641	stem_cell_signatures_merged_NK_CELL_SPECIFIC_MAR	Met	12724	1	1	97618415	97618937	-	224	1	6.6
ENSG00000188641	stem_cell_signatures_merged_NK_CELL_SPECIFIC_MAR	StageI	12706	1	1	97547583	97547908	-	917	0	0.0
ENSG00000188641	stem_cell_signatures_merged_NK_CELL_SPECIFIC_MAR	Normal	12649	1	1	97381174	97381542	-	951	1	6.3
ENSG00000092820	stem_cell_signatures_merged_NK_CELL_SPECIFIC_MAR	StageI	249395	1	6	158783099	158784177	-	917	5	27.6
ENSG00000188641	stem_cell_signatures_merged_NK_CELL_SPECIFIC_MAR	StageI	12724	1	1	97618415	97618937	-	917	8	45.6
ENSG00000188641	stem_cell_signatures_merged_NK_CELL_SPECIFIC_MAR	Normal	12680	1	1	97445823	97446216	-	951	7	44.1
ENSG00000092820	stem_cell_signatures_merged_NK_CELL_SPECIFIC_MAR	Normal	249401	1	6	158788671	158790603	-	951	1	5.8
ENSG00000188641	stem_cell_signatures_merged_NK_CELL_SPECIFIC_MAR	Normal	12681	1	1	97448699	97449251	-	951	2	6.1
ENSG00000092820	stem_cell_signatures_merged_NK_CELL_SPECIFIC_MAR	StageI	249399	1	6	158786699	158787570	-	917	1	7.5
ENSG00000188641	stem_cell_signatures_merged_NK_CELL_SPECIFIC_MAR	Met	12746	1	1	97708893	97709759	-	224	6	25.8
ENSG00000092820	stem_cell_signatures_merged_NK_CELL_SPECIFIC_MAR	Normal	249385	1	6	158770712	158772080	-	951	2	12.5
ENSG00000188641	stem_cell_signatures_merged_NK_CELL_SPECIFIC_MAR	Met	12761	1	1	97763485	97764057	-	224	0	0.0
ENSG00000188641	stem_cell_signatures_merged_NK_CELL_SPECIFIC_MAR	Met	12748	1	1	97711899	97712915	-	224	0	0.0
ENSG00000188641	stem_cell_signatures_merged_NK_CELL_SPECIFIC_MAR	Normal	12706	1	1	97547583	97547908	-	951	4	25.7
ENSG00000188641	stem_cell_signatures_merged_NK_CELL_SPECIFIC_MAR	Met	12763	1	1	97776011	97776514	-	224	0	0.0
ENSG00000092820	stem_cell_signatures_merged_NK_CELL_SPECIFIC_MAR	Normal	249421	1	6	158814458	158818266	-	951	17	81.7
ENSG00000092820	stem_cell_signatures_merged_NK_CELL_SPECIFIC_MAR	Met	249401	1	6	158788671	158790603	-	224	6	36.5
ENSG00000092820	stem_cell_signatures_merged_NK_CELL_SPECIFIC_MAR	Normal	249409	1	6	158797853	158801612	-	951	9	62.7
ENSG00000188641	stem_cell_signatures_merged_NK_CELL_SPECIFIC_MAR	StageI	12746	1	1	97708893	97709759	-	917	0	0.0
ENSG00000188641	stem_cell_signatures_merged_NK_CELL_SPECIFIC_MAR	Met	12766	1	1	97792345	97792757	-	224	0	0.0
ENSG00000188641	stem_cell_signatures_merged_NK_CELL_SPECIFIC_MAR	Met	12800	1	1	97907849	97908610	-	224	0	0.0
ENSG00000188641	stem_cell_signatures_merged_NK_CELL_SPECIFIC_MAR	Met	12767	1	1	97797542	97797834	-	224	1	7.2
ENSG00000188641	stem_cell_signatures_merged_NK_CELL_SPECIFIC_MAR	StageI	12761	1	1	97763485	97764057	-	917	0	0.0
ENSG00000188641	stem_cell_signatures_merged_NK_CELL_SPECIFIC_MAR	StageI	12748	1	1	97711899	97712915	-	917	0	0.0
ENSG00000188641	stem_cell_signatures_merged_NK_CELL_SPECIFIC_MAR	Normal	12724	1	1	97618415	97618937	-	951	41	118.0
ENSG00000092820	stem_cell_signatures_merged_NK_CELL_SPECIFIC_MAR	Met	249385	1	6	158770712	158772080	-	224	0	0.0
ENSG00000188641	stem_cell_signatures_merged_NK_CELL_SPECIFIC_MAR	Met	12781	1	1	97849598	97849893	-	224	0	0.0
ENSG00000188641	stem_cell_signatures_merged_NK_CELL_SPECIFIC_MAR	Met	12768	1	1	97800255	97801101	-	224	6	27.4
ENSG00000188641	stem_cell_signatures_merged_NK_CELL_SPECIFIC_MAR	StageI	12763	1	1	97776011	97776514	-	917	0	0.0
ENSG00000188641	stem_cell_signatures_merged_NK_CELL_SPECIFIC_MAR	Met	12783	1	1	97854352	97854586	-	224	0	0.0
ENSG00000092820	stem_cell_signatures_merged_NK_CELL_SPECIFIC_MAR	Met	249421	1	6	158814458	158818266	-	224	2	13.3
ENSG00000092820	stem_cell_signatures_merged_NK_CELL_SPECIFIC_MAR	Met	249409	1	6	158797853	158801612	-	224	5	28.7
ENSG00000188641	stem_cell_signatures_merged_NK_CELL_SPECIFIC_MAR	StageI	12766	1	1	97792345	97792757	-	917	38	158.0
ENSG00000188641	stem_cell_signatures_merged_NK_CELL_SPECIFIC_MAR	Met	12571	1	1	97097421	97097688	-	224	0	0.0
ENSG00000188641	stem_cell_signatures_merged_NK_CELL_SPECIFIC_MAR	StageI	12800	1	1	97907849	97908610	-	917	0	0.0
ENSG00000188641	stem_cell_signatures_merged_NK_CELL_SPECIFIC_MAR	StageI	12767	1	1	97797542	97797834	-	917	17	69.2
ENSG00000188641	stem_cell_signatures_merged_NK_CELL_SPECIFIC_MAR	StageI	12781	1	1	97849598	97849893	-	917	0	0.0
ENSG00000188641	stem_cell_signatures_merged_NK_CELL_SPECIFIC_MAR	StageI	12768	1	1	97800255	97801101	-	917	0	0.0
ENSG00000188641	stem_cell_signatures_merged_NK_CELL_SPECIFIC_MAR	Met	12788	1	1	97873090	97873232	-	224	0	0.0
ENSG00000188641	stem_cell_signatures_merged_NK_CELL_SPECIFIC_MAR	StageI	12783	1	1	97854352	97854586	-	917	0	0.0
ENSG00000188641	stem_cell_signatures_merged_NK_CELL_SPECIFIC_MAR	Normal	12746	1	1	97708893	97709759	-	951	0	0.0
ENSG00000188641	stem_cell_signatures_merged_NK_CELL_SPECIFIC_MAR	Normal	12761	1	1	97763485	97764057	-	951	6	36.1
ENSG00000188641	stem_cell_signatures_merged_NK_CELL_SPECIFIC_MAR	Normal	12748	1	1	97711899	97712915	-	951	9	48.7
ENSG00000188641	stem_cell_signatures_merged_NK_CELL_SPECIFIC_MAR	StageI	12571	1	1	97097421	97097688	-	917	0	0.0
ENSG00000188641	stem_cell_signatures_merged_NK_CELL_SPECIFIC_MAR	Met	12578	1	1	97130731	97131216	-	224	0	0.0
ENSG00000188641	stem_cell_signatures_merged_NK_CELL_SPECIFIC_MAR	Met	12591	1	1	97180194	97180488	-	224	51	174.6
ENSG00000188641	stem_cell_signatures_merged_NK_CELL_SPECIFIC_MAR	Normal	12763	1	1	97776011	97776514	-	951	0	0.0
ENSG00000188641	stem_cell_signatures_merged_NK_CELL_SPECIFIC_MAR	Met	12579	1	1	97133097	97133761	-	224	0	0.0
ENSG00000188641	stem_cell_signatures_merged_NK_CELL_SPECIFIC_MAR	StageI	12788	1	1	97873090	97873232	-	917	0	0.0
