gene_id,strand,lost_len,ctrl_len,lost_at_frac,ctrl_at_frac,lost_are_pent,ctrl_are_pent,lost_are_nona,ctrl_are_nona,lost_miR-34a-5p,ctrl_miR-34a-5p,lost_let-7a-5p,ctrl_let-7a-5p,lost_miR-21-5p,ctrl_miR-21-5p,lost_miR-221-3p,ctrl_miR-221-3p,lost_miR-17-5p,ctrl_miR-17-5p,lost_miR-155-5p,ctrl_miR-155-5p,symbol,lost_seed_total,ctrl_seed_total
ENSG00000001167,+,14270,14270,0.6044148563419762,0.5788367203924317,29,32,0,1,0,0,1,2,3,1,0,1,4,5,0,2,NFYA,8,11
ENSG00000002549,+,24413,24413,0.5612583459632163,0.5311923974931388,48,22,7,0,0,2,2,2,0,5,2,1,5,5,0,2,LAP3,9,17
ENSG00000002586,+,48876,48876,0.5296259923070628,0.5285211555773794,73,60,4,8,4,1,2,1,1,2,1,6,9,18,2,2,CD99,19,30
ENSG00000002834,+,4191,4191,0.4569315199236459,0.41970890002386063,1,0,0,0,0,0,2,0,0,0,0,0,0,2,0,0,LASP1,2,2
ENSG00000003400,+,11235,11235,0.5777481085892301,0.5758789497107254,29,17,3,2,1,0,0,3,0,0,1,0,2,2,1,3,CASP10,5,8
ENSG00000003509,+,23523,23523,0.6233473621561876,0.6075330527568763,71,54,6,1,3,1,2,0,0,2,1,1,8,9,4,0,NDUFAF7,18,13
ENSG00000003756,+,1912,1912,0.5627615062761506,0.5444560669456067,2,2,0,0,1,0,0,0,0,0,0,0,0,1,0,0,RBM5,1,1
ENSG00000004468,+,21784,21784,0.5996603011384503,0.6013587954461991,56,56,2,1,0,0,4,2,0,4,0,1,3,1,1,0,CD38,8,8
ENSG00000004487,+,42636,42636,0.6111971104231166,0.5712543390561966,112,82,5,3,3,4,3,2,2,1,4,2,11,10,2,9,KDM1A,25,28
ENSG00000004866,+,41745,41745,0.6164810156905018,0.6320756976883459,138,124,8,1,2,3,2,4,1,5,1,1,8,7,5,3,ST7,19,23
ENSG00000005059,+,49087,49087,0.5993643938313606,0.5808869965571333,141,114,7,2,5,1,4,4,4,3,1,2,12,11,3,3,MCUB,29,24
ENSG00000005486,+,10968,10968,0.4721006564551422,0.5167760758570387,7,10,0,0,2,0,1,1,0,0,0,0,7,6,2,0,RHBDD2,12,7
ENSG00000005884,+,27846,27846,0.4871435753788695,0.4683257918552036,52,23,14,0,3,6,0,1,0,0,4,0,10,5,0,1,ITGA3,17,13
ENSG00000006451,+,12619,12619,0.6101117362707029,0.5992550915286473,32,29,0,0,1,0,1,1,0,0,1,1,2,4,2,2,RALA,7,8
ENSG00000006740,+,15556,15556,0.490164566726665,0.5289920287991772,12,15,0,0,4,2,1,3,0,0,0,0,9,4,0,0,ARHGAP44,14,9
ENSG00000007129,+,19627,19627,0.528048097009222,0.5768584093340806,27,53,0,8,3,1,1,0,0,0,0,0,0,3,2,1,CEACAM21,6,5
ENSG00000007545,+,24961,24961,0.44433315972917753,0.4797884700132206,19,21,0,1,3,4,1,5,0,0,2,0,5,6,1,1,CRAMP1,12,16
ENSG00000008394,+,5239,5239,0.5800725329261309,0.621301775147929,7,20,0,0,0,1,1,0,0,0,0,0,0,0,0,1,MGST1,1,2
ENSG00000008853,+,1274,1274,0.3901098901098901,0.41836734693877553,0,0,0,0,0,0,0,1,0,0,0,0,0,0,0,0,RHOBTB2,0,1
ENSG00000009780,+,26606,26606,0.5649101706382019,0.5450650229271593,54,49,6,5,1,1,5,2,1,0,0,0,13,14,2,1,FAM76A,22,18
ENSG00000009790,+,16317,16317,0.5532879818594104,0.5518784090212662,23,23,0,0,1,1,0,1,2,2,0,0,3,3,2,1,TRAF3IP3,8,8
ENSG00000010270,+,2787,2787,0.5403659849300323,0.6268388948690348,4,11,0,1,0,1,0,0,0,0,0,0,0,0,0,1,STARD3NL,0,2
ENSG00000010278,+,26107,26107,0.4973761826330103,0.4868809131650515,27,35,0,1,5,3,0,0,0,0,2,1,4,15,0,1,CD9,11,20
ENSG00000010704,+,2586,2586,0.5522041763341067,0.49729311678267596,4,0,0,0,0,0,0,1,0,0,0,0,0,1,0,0,HFE,0,2
ENSG00000011007,+,4513,4513,0.608021271881232,0.4923554176822513,8,6,0,0,0,0,0,0,0,0,0,0,0,0,0,0,ELOA,0,0
ENSG00000011295,+,22607,22607,0.5836687751581369,0.6097226522758438,39,77,2,5,1,1,1,3,1,2,0,0,4,6,4,1,TTC19,11,13
ENSG00000011478,+,319,319,0.4890282131661442,0.4608150470219436,1,0,0,0,0,0,0,0,0,0,0,0,0,0,0,0,QPCTL,0,0
ENSG00000011523,+,21912,21912,0.520627966411099,0.5450438116100766,35,35,1,1,3,2,0,2,1,1,0,0,13,5,0,1,CEP68,17,11
ENSG00000012174,+,25667,25667,0.6209140141037129,0.6083297619511435,66,85,1,0,0,2,1,2,2,3,1,0,6,9,2,4,MBTPS2,12,20
ENSG00000012232,+,21858,21858,0.570043004849483,0.5524750663372678,40,44,2,2,2,0,3,0,1,2,2,2,7,4,0,1,EXTL3,15,9
ENSG00000012779,+,42775,42775,0.5405260081823495,0.5488953828170661,63,43,0,1,4,2,3,3,3,2,2,2,5,5,4,3,ALOX5,21,17
ENSG00000013364,+,11347,11347,0.4540407156076496,0.4782761963514585,3,10,0,0,0,1,0,1,0,0,0,0,9,5,0,0,MVP,9,7
ENSG00000013573,+,10641,10641,0.46198665538953104,0.46020110891833477,6,8,0,0,5,0,0,0,0,0,1,1,2,1,0,0,DDX11,8,2
ENSG00000014123,+,11697,11697,0.6705992989655467,0.674788407283919,36,66,4,2,2,0,1,0,0,1,2,1,0,0,1,2,UFL1,6,4
ENSG00000015285,+,6018,6018,0.48886673313393153,0.5109670987038883,3,3,0,0,2,0,1,1,0,0,0,0,0,1,1,0,WAS,4,2
ENSG00000017797,+,23799,23799,0.5841842094205639,0.6023362326148157,45,55,0,5,0,1,3,1,1,2,1,0,6,8,2,4,RALBP1,13,16
ENSG00000019169,+,281,281,0.6405693950177936,0.44483985765124556,0,0,0,0,0,1,0,1,0,0,0,0,0,0,0,0,MARCO,0,2
ENSG00000019995,+,10868,10868,0.5927493559072506,0.603974972396025,23,24,2,3,1,0,1,3,0,0,0,1,2,2,0,1,ZRANB1,4,7
ENSG00000022267,+,2622,2622,0.6060259344012204,0.6056445461479787,8,6,0,0,1,0,0,0,0,0,0,0,1,0,0,0,FHL1,2,0
ENSG00000022840,+,39878,39878,0.5509554140127388,0.5371884246953207,68,51,5,4,5,2,4,4,3,2,1,0,15,16,1,0,RNF10,29,24
ENSG00000023330,+,10367,10367,0.5465419118356323,0.4968650525706569,12,13,0,2,2,4,0,1,0,2,0,0,2,3,0,0,ALAS1,4,10
ENSG00000023445,+,13063,13063,0.6353058256143306,0.5824083288677946,42,31,3,3,1,0,3,1,0,0,0,1,4,3,4,1,BIRC3,12,6
ENSG00000023697,+,32776,32776,0.6061142299243348,0.6076397363924823,94,95,5,6,2,1,1,0,1,1,3,3,6,4,2,1,DERA,15,10
ENSG00000023902,+,6319,6319,0.5211267605633803,0.485203354961228,2,10,0,0,0,0,1,0,0,0,0,0,0,0,0,0,PLEKHO1,1,0
ENSG00000028137,+,30307,30307,0.4478833272841258,0.4728610552017686,14,22,0,2,5,7,1,1,0,0,1,3,8,8,0,0,TNFRSF1B,15,19
ENSG00000028528,+,35682,35682,0.5623003194888179,0.5795639257889131,61,91,3,3,3,4,2,5,1,1,3,0,12,16,3,1,SNX1,24,27
ENSG00000028839,+,11491,11491,0.6452005917674702,0.6267513706378905,34,28,0,0,0,1,0,0,1,0,1,0,1,1,3,1,TBPL1,6,3
ENSG00000029725,+,21275,21275,0.6094007050528789,0.5979318448883666,51,53,2,2,1,0,1,0,1,3,2,1,9,7,2,1,RABEP1,16,12
ENSG00000030582,+,4470,4470,0.40246085011185684,0.46241610738255035,1,1,0,0,0,2,0,1,0,0,0,0,0,1,0,0,GRN,0,4
ENSG00000031698,+,320,320,0.3625,0.340625,0,0,0,0,0,0,0,0,0,0,0,0,0,0,0,0,SARS1,0,0
ENSG00000033627,+,220,220,0.6090909090909091,0.6363636363636364,0,0,0,0,0,0,0,0,0,0,0,0,0,0,0,0,ATP6V0A1,0,0
ENSG00000034152,+,12228,12228,0.45305855413804386,0.40906117108276085,8,4,0,0,0,0,3,1,1,0,0,0,0,1,1,1,MAP2K3,5,3
ENSG00000037757,+,248,248,0.5564516129032258,0.4717741935483871,0,0,0,0,0,0,0,0,0,0,0,0,0,0,0,0,MRI1,0,0
ENSG00000039319,+,48497,48497,0.6309256242654184,0.6019341402560983,174,123,7,5,4,5,3,1,3,3,2,2,8,11,5,2,ZFYVE16,25,24
ENSG00000039523,+,10972,10972,0.3940029165147649,0.4410317170980678,0,8,0,0,2,1,1,1,0,0,0,0,1,2,0,0,RIPOR1,4,4
ENSG00000040933,+,15081,15081,0.540945560639215,0.4784828592268417,29,18,1,1,2,3,1,0,0,3,0,2,1,3,2,0,INPP4A,6,11
ENSG00000042832,+,2861,2861,0.518000699056274,0.5354771059070255,3,3,0,0,0,0,0,0,0,0,0,0,0,1,0,0,TG,0,1
ENSG00000047188,+,24497,24497,0.6611421806751847,0.6346083193860472,107,81,4,7,0,1,0,2,3,4,1,0,5,5,4,2,YTHDC2,13,14
ENSG00000047634,+,681,681,0.7092511013215859,0.7077826725403817,2,3,1,1,0,0,0,0,0,0,0,0,0,0,0,1,SCML1,0,1
ENSG00000048707,+,48962,48962,0.5447489890118867,0.5752420244271067,69,97,0,6,5,2,2,5,4,3,4,2,14,13,2,3,VPS13D,31,28
ENSG00000048828,+,35084,35084,0.5570060426405199,0.5789818720784403,55,85,3,1,4,3,3,1,2,3,1,1,1,7,3,3,FAM120A,14,18
ENSG00000049239,+,36659,36659,0.47475381216072454,0.5052783763877902,36,46,5,2,7,3,1,2,1,0,0,1,1,19,0,1,H6PD,10,26
ENSG00000049860,+,24378,24378,0.5972188038395274,0.5669456066945606,50,59,9,8,1,3,1,2,2,1,1,0,6,9,1,1,HEXB,12,16
ENSG00000050327,+,9723,9723,0.5331687750694231,0.5059138126092769,14,9,0,0,2,1,0,2,0,0,2,0,0,0,0,1,ARHGEF5,4,4
ENSG00000050344,+,18261,18261,0.5862220031761678,0.5721482941788512,53,35,0,1,2,1,1,1,2,1,0,3,5,2,0,2,NFE2L3,10,10
ENSG00000052795,+,8309,8309,0.6358165844265254,0.5608376459261042,33,14,0,2,1,0,0,0,1,0,1,0,2,1,1,0,FNIP2,6,1
ENSG00000054282,+,47680,47680,0.6201342281879194,0.6158137583892618,109,144,7,11,2,4,5,6,2,2,3,1,10,16,4,5,SDCCAG8,26,34
ENSG00000055044,+,33986,33986,0.5876537397752015,0.5523450832695815,86,60,6,20,2,1,4,1,4,2,0,0,14,23,5,3,NOP58,29,30
ENSG00000055208,+,39114,39114,0.6361660786419185,0.6359104157079306,105,130,1,8,1,1,1,5,2,5,3,1,7,6,3,5,TAB2,17,23
ENSG00000055211,+,18533,18533,0.5898127664166621,0.5757297793125775,56,28,10,1,1,0,2,2,1,1,1,2,6,7,2,2,GINM1,13,14
ENSG00000057657,+,3596,3596,0.6056729699666296,0.6145717463848721,10,8,2,0,1,0,0,0,1,1,0,0,0,1,0,0,PRDM1,2,2
ENSG00000057757,+,3682,3682,0.5784899511135253,0.5062466051059207,11,2,2,0,0,0,0,1,0,1,0,0,2,0,0,0,PITHD1,2,2
ENSG00000058262,+,949,949,0.4794520547945205,0.5194942044257113,0,4,0,0,1,1,0,0,0,0,0,0,0,0,0,0,SEC61A1,1,1
ENSG00000058600,+,26220,26220,0.4940884820747521,0.5138443935926773,37,45,7,12,2,5,2,4,2,0,3,1,2,8,2,1,POLR3E,13,19
ENSG00000058673,+,40248,40248,0.5918058040151063,0.5642267938779567,106,65,13,3,1,1,2,1,2,2,2,1,15,13,5,1,ZC3H11A,27,19
ENSG00000059728,+,9249,9249,0.5732511622878149,0.6144448048437668,18,27,2,0,0,0,1,1,0,1,1,1,1,3,0,0,MXD1,3,6
ENSG00000060339,+,3116,3116,0.5603337612323491,0.6444159178433889,8,9,1,1,0,0,0,0,0,0,0,0,2,1,0,0,CCAR1,2,1
ENSG00000060749,+,46322,46322,0.6278873969172315,0.5922887612797375,142,140,11,12,4,2,2,6,3,5,1,3,6,14,4,2,QSER1,20,32
ENSG00000063046,+,25448,25448,0.5755658597925181,0.5386277900031436,59,51,11,14,3,1,0,0,1,2,1,0,10,16,4,1,EIF4B,19,20
ENSG00000063244,+,6536,6536,0.47460220318237456,0.4115667074663403,7,1,0,0,0,3,0,0,0,0,0,1,0,0,0,0,U2AF2,0,4
ENSG00000063245,+,1103,1103,0.37352674524025387,0.39981867633726204,0,0,0,0,0,1,0,0,0,0,0,0,0,0,0,0,EPN1,0,1
ENSG00000063761,+,33488,33488,0.517409221213569,0.5169314381270903,55,41,9,0,4,5,2,5,1,0,0,2,3,3,1,1,ADCK1,11,16
ENSG00000063978,+,10915,10915,0.5267063673843335,0.5573980760421439,15,18,0,1,1,0,1,0,0,0,0,0,1,5,0,1,RNF4,3,6
ENSG00000064651,+,40875,40875,0.6424954128440367,0.6125504587155963,120,122,4,4,1,1,0,2,4,1,2,3,3,5,6,6,SLC12A2,16,18
ENSG00000064703,+,2435,2435,0.6587268993839835,0.602053388090349,11,6,0,0,0,1,0,0,1,0,0,0,1,0,1,0,DDX20,3,1
ENSG00000065060,+,49845,49845,0.5736784030494533,0.5567258501354198,102,98,7,14,5,1,4,2,1,4,3,6,18,20,2,3,UHRF1BP1,33,36
ENSG00000065135,+,44577,44577,0.61114476075106,0.5357695672656303,110,63,4,4,1,2,4,6,2,2,7,0,9,10,3,3,GNAI3,26,23
ENSG00000065150,+,7543,7543,0.6285297626938884,0.6000265146493438,21,10,0,0,2,1,1,0,0,1,1,0,1,0,1,0,IPO5,6,2
ENSG00000065559,+,32664,32664,0.6169789370560862,0.646399706098457,97,121,5,6,3,0,1,2,3,4,1,2,3,4,3,0,MAP2K4,14,12
ENSG00000065613,+,22856,22856,0.6380819040952047,0.6426758837941897,81,68,0,2,2,3,3,1,3,2,0,2,6,1,1,3,SLK,15,12
ENSG00000065970,+,11767,11767,0.5391348687006033,0.4997025580011898,13,15,0,0,2,5,1,1,0,1,0,0,3,3,1,2,FOXJ2,7,12
ENSG00000065978,+,4715,4715,0.607847295864263,0.616542948038176,15,13,0,0,0,1,0,0,0,0,0,0,1,0,1,0,YBX1,2,1
ENSG00000065989,+,10441,10441,0.44832870414711234,0.48960827506943777,1,7,0,2,2,2,2,0,0,0,1,0,3,4,0,1,PDE4A,8,7
ENSG00000066136,+,7816,7816,0.5740788126919141,0.562691914022518,25,17,3,0,1,1,0,0,0,0,0,0,1,0,0,1,NFYC,2,2
ENSG00000067365,+,458,458,0.5524017467248908,0.5065502183406113,0,0,0,0,0,0,0,0,0,0,0,0,0,1,0,0,METTL22,0,1
ENSG00000067955,+,12809,12809,0.5984854399250527,0.600671402919822,36,43,1,1,0,1,1,0,0,1,0,1,6,3,1,0,CBFB,8,6
ENSG00000068354,+,6486,6486,0.5252852297255628,0.496145544249152,6,2,0,0,0,0,0,0,0,0,0,0,5,5,0,1,TBC1D25,5,6
ENSG00000068971,+,6302,6302,0.46985084100285623,0.4127261186924786,3,2,1,0,2,0,0,0,0,0,0,0,2,2,0,0,PPP2R5B,4,2
ENSG00000069399,+,11235,11235,0.41379617267467733,0.46497552291944816,5,6,0,0,1,0,0,1,0,0,0,1,1,4,0,0,BCL3,2,6
ENSG00000069943,+,34153,34153,0.6000936960149914,0.5379615260738442,83,53,1,0,4,2,3,3,2,0,3,1,15,8,3,3,PIGB,30,17
ENSG00000069956,+,27045,27045,0.57223146607506,0.5464226289517471,56,53,10,5,5,3,4,3,3,4,3,3,7,9,3,3,MAPK6,25,25
ENSG00000070214,+,46504,46504,0.5971099260278686,0.6358592809220712,118,157,4,4,5,2,3,5,3,5,0,2,11,9,3,8,SLC44A1,25,31
ENSG00000070614,+,43299,43299,0.48587727199242475,0.47830203930806714,40,35,3,1,8,3,2,8,2,1,2,3,8,12,2,2,NDST1,24,29
ENSG00000070718,+,5281,5281,0.5930694944139367,0.6281007384964968,12,21,0,3,0,0,0,1,1,0,0,0,0,1,1,0,AP3M2,2,2
ENSG00000070814,+,25525,25525,0.4687952987267385,0.4845837414299706,17,21,0,0,8,4,2,2,1,2,0,0,6,6,1,1,TCOF1,18,15
ENSG00000070831,+,27631,27631,0.5917266837971843,0.5338207086243711,64,42,2,12,2,5,1,3,3,1,0,0,4,12,3,0,CDC42,13,21
ENSG00000071462,+,2967,2967,0.40613414223120997,0.49207954162453654,2,1,0,0,0,1,0,0,0,0,0,0,0,0,0,0,BUD23,0,1
ENSG00000072134,+,39940,39940,0.5167000500751127,0.5257636454682023,51,63,4,15,5,3,5,4,2,1,2,3,8,8,2,2,EPN2,24,21
ENSG00000072864,+,3947,3947,0.5036736762097795,0.4459082847732455,8,1,1,0,0,1,0,0,0,0,0,0,1,3,0,0,NDE1,1,4
ENSG00000073008,+,4868,4868,0.6236647493837305,0.5129416598192276,25,11,0,4,0,1,2,0,0,0,0,0,0,1,0,1,PVR,2,3
ENSG00000073737,+,706,706,0.6062322946175638,0.5821529745042493,1,1,0,0,0,0,0,0,2,0,0,0,0,0,0,0,DHRS9,2,0
ENSG00000074266,+,27704,27704,0.6346375974588507,0.6114279526422177,90,80,10,4,2,0,2,2,0,1,3,3,2,10,0,2,EED,9,18
ENSG00000074696,+,8181,8181,0.5928370614839261,0.5721794401662389,22,18,0,0,0,2,0,3,1,0,2,1,6,2,1,2,HACD3,10,10
ENSG00000075292,+,16438,16438,0.6273269254167173,0.5921644968974328,61,43,3,6,0,0,3,3,1,0,2,0,5,2,0,1,ZNF638,11,6
ENSG00000075407,+,1561,1561,0.6047405509288918,0.6278026905829597,4,3,0,0,0,0,0,0,0,0,0,0,0,0,0,0,ZNF37A,0,0
ENSG00000075426,+,14998,14998,0.4820642752366982,0.4705294039205227,9,7,0,0,0,4,1,2,0,0,1,1,2,2,0,0,FOSL2,4,9
ENSG00000077150,+,4598,4598,0.37016093953893,0.3979991300565463,2,2,0,0,3,0,2,0,0,0,0,0,0,0,0,0,NFKB2,5,0
ENSG00000077238,+,33873,33873,0.5058010805065982,0.5201783131107371,41,39,4,0,0,7,0,2,2,2,3,1,5,4,0,2,IL4R,10,18
ENSG00000077312,+,3552,3552,0.49521396396396394,0.47353603603603606,1,4,0,0,0,1,0,1,0,0,0,0,3,0,0,0,SNRPA,3,2
ENSG00000077585,+,40959,40959,0.5902976146878586,0.5070192143362875,93,46,2,3,0,6,4,3,3,2,2,0,6,10,3,0,GPR137B,18,21
ENSG00000077713,+,43014,43014,0.5540754173059934,0.5510763937322732,63,96,7,10,4,3,4,2,3,5,4,1,20,14,2,3,SLC25A43,37,28
ENSG00000078699,+,3792,3792,0.5545886075949367,0.5411392405063291,6,3,0,0,0,0,0,0,1,0,0,0,1,0,0,0,CBFA2T2,2,0
ENSG00000078967,+,10636,10636,0.545975930801053,0.5274539300488905,13,14,0,1,1,4,0,0,0,0,0,0,1,2,1,0,UBE2D4,3,6
ENSG00000079246,+,37824,37824,0.6074714467005076,0.5641656091370558,72,79,3,10,2,2,3,1,2,2,2,0,9,10,1,2,XRCC5,19,17
ENSG00000079335,+,10451,10451,0.6195579370395178,0.6152521289828724,43,29,4,0,0,0,4,0,1,0,1,0,3,5,1,1,CDC14A,10,6
ENSG00000079459,+,46704,46704,0.5535071942446043,0.5217326139088729,89,60,5,1,1,7,2,4,1,2,2,3,9,13,0,3,FDFT1,15,32
ENSG00000079739,+,42014,42014,0.5863045651449517,0.5868758033036607,76,94,1,3,4,5,3,4,3,2,2,4,6,8,7,3,PGM1,25,26
ENSG00000080371,+,14978,14978,0.6293897716651088,0.5753772199225531,46,31,1,1,1,2,0,1,1,0,0,0,5,3,1,1,RAB21,8,7
ENSG00000081059,+,16599,16599,0.49683715886499186,0.43538767395626243,15,8,0,0,4,6,2,2,3,2,0,0,3,2,1,2,TCF7,13,14
ENSG00000081181,+,7153,7153,0.594855305466238,0.5660562001957221,11,17,0,2,0,0,1,1,1,1,1,1,4,4,1,1,ARG2,8,8
ENSG00000081791,+,5818,5818,0.5199381230663458,0.515984874527329,3,10,0,0,1,0,0,0,0,0,0,0,2,0,1,1,DELE1,4,1
ENSG00000081985,+,16390,16390,0.6040268456375839,0.590726052471019,52,37,9,1,0,0,3,0,0,0,0,1,2,3,0,3,IL12RB2,5,7
ENSG00000082153,+,4617,4617,0.5949750920511154,0.5165692007797271,10,10,0,0,0,0,0,0,0,1,0,0,1,0,0,0,BZW1,1,1
ENSG00000082258,+,9020,9020,0.6232815964523282,0.655210643015521,25,42,0,5,0,1,1,0,1,0,0,1,3,2,1,1,CCNT2,6,5
ENSG00000082512,+,13612,13612,0.6057890096973259,0.5552453717308258,31,23,0,3,0,1,3,1,0,1,2,1,3,1,0,0,TRAF5,8,5
ENSG00000083828,+,18380,18380,0.5432535364526659,0.5490750816104462,34,36,1,4,1,0,1,3,0,0,1,0,7,9,2,0,ZNF586,12,12
ENSG00000083844,+,23462,23462,0.5638479243031285,0.5370812377461427,39,34,0,1,1,1,1,3,2,3,0,1,6,7,3,2,ZNF264,13,17
ENSG00000084073,+,188,188,0.6382978723404256,0.5851063829787234,1,0,0,0,0,0,0,0,0,0,0,0,0,0,0,0,ZMPSTE24,0,0
ENSG00000084093,+,889,889,0.6827896512935883,0.6242969628796401,2,1,0,0,0,0,0,0,1,0,0,0,0,1,0,1,REST,1,2
ENSG00000085117,+,1595,1595,0.4351097178683386,0.4526645768025078,4,1,0,0,1,1,0,0,0,0,0,0,0,0,0,0,CD82,1,1
ENSG00000085365,+,9688,9688,0.6617464905037159,0.6181874483897605,43,13,1,0,0,0,0,1,1,1,0,2,1,1,3,0,SCAMP1,5,5
ENSG00000085415,+,17285,17285,0.552733584032398,0.5972230257448655,39,52,0,1,3,2,1,2,0,0,1,1,5,2,1,1,SEH1L,11,8
ENSG00000085788,+,22694,22694,0.5916101172115977,0.5579007667224817,59,49,7,3,2,1,1,0,0,0,2,0,8,11,5,1,DDHD2,18,13
ENSG00000085871,+,26862,26862,0.5674186583277493,0.5792941702032611,36,76,0,4,2,1,2,4,3,2,1,2,6,8,1,1,MGST2,15,18
ENSG00000086544,+,15462,15462,0.495472771957056,0.47716983572629673,9,8,1,4,1,2,1,3,0,1,2,0,12,8,1,0,ITPKC,17,14
ENSG00000087088,+,1359,1359,0.46357615894039733,0.5283296541574687,4,1,3,0,1,0,0,1,0,0,0,0,0,0,0,0,BAX,1,1
ENSG00000087157,+,47673,47673,0.478342038470413,0.4620644809430915,38,42,0,7,5,7,6,2,0,1,1,0,8,18,0,0,PGS1,20,28
ENSG00000087266,+,7766,7766,0.5180272984805563,0.3886170486737059,6,0,0,0,1,4,1,1,0,0,1,0,1,0,0,0,SH3BP2,4,5
ENSG00000087338,+,40818,40818,0.6273702778186094,0.5772208339458083,130,79,5,2,1,2,3,1,7,4,4,2,17,13,3,1,GMCL1,35,23
ENSG00000087365,+,13862,13862,0.537007646804213,0.4407011975183956,17,3,0,0,0,2,0,2,0,1,1,1,3,3,1,0,SF3B2,5,9
ENSG00000087460,+,1764,1764,0.5119047619047619,0.5600907029478458,2,2,0,0,0,0,0,0,0,0,0,0,0,0,0,0,GNAS,0,0
ENSG00000087589,+,29377,29377,0.5535282704156312,0.5681996119413146,57,49,7,0,1,3,3,2,2,3,1,2,7,9,0,1,CASS4,14,20
ENSG00000088367,+,2934,2934,0.5293115201090661,0.5429447852760736,4,5,0,1,0,0,0,0,0,0,0,0,0,0,0,0,EPB41L1,0,0
ENSG00000088930,+,19977,19977,0.6543525053811884,0.6122040346398359,65,54,2,9,0,1,2,0,2,3,2,3,5,3,1,1,XRN2,12,11
ENSG00000089289,+,26612,26612,0.5761310686908162,0.5618517961821734,44,65,2,12,1,4,0,0,1,0,2,1,13,5,2,0,IGBP1,19,10
ENSG00000089818,+,6394,6394,0.5797622771348139,0.5861745386299656,4,15,0,2,2,1,1,1,1,1,1,0,1,1,0,0,NECAP1,6,4
ENSG00000089916,+,39737,39737,0.6116969071646073,0.5664997357626393,93,69,2,1,2,0,2,2,5,3,6,2,5,7,7,5,GPATCH2L,27,19
ENSG00000090006,+,20510,20510,0.4568503169185763,0.41243295953193565,19,6,4,1,3,6,1,2,0,0,1,0,3,2,0,0,LTBP4,8,10
ENSG00000090060,+,2235,2235,0.6630872483221476,0.6961968680089485,12,16,1,1,0,0,1,0,0,0,0,0,0,1,0,0,PAPOLA,1,1
ENSG00000090061,+,9050,9050,0.6139226519337017,0.5498342541436464,25,21,1,0,0,1,0,0,2,0,0,0,3,1,1,0,CCNK,6,2
ENSG00000090273,+,15593,15593,0.5067658564740589,0.5114474443660617,20,27,6,5,1,2,2,2,0,1,0,1,7,9,0,0,NUDC,10,15
ENSG00000090565,+,2201,2201,0.5097682871422081,0.4579736483416629,2,2,0,0,0,2,0,0,0,0,0,0,1,0,0,0,RAB11FIP3,1,2
ENSG00000090661,+,7078,7078,0.5148346990675332,0.4299237072619384,9,2,0,0,1,3,0,1,1,0,0,0,6,2,1,0,CERS4,9,6
ENSG00000090905,+,36971,36971,0.6219739796056368,0.562657217819372,122,88,4,18,5,1,2,1,2,1,3,6,3,27,0,1,TNRC6A,15,37
ENSG00000090989,+,9547,9547,0.6628260186446004,0.6494186655493872,37,28,1,1,0,0,1,2,1,1,1,0,1,3,2,0,EXOC1,6,6
ENSG00000091073,+,29799,29799,0.4367931809792275,0.5182388670760764,7,35,0,12,4,5,1,0,0,0,0,0,5,11,1,1,DTX2,11,17
ENSG00000091409,+,29772,29772,0.5722155045008733,0.5692261185006046,69,52,4,0,3,2,2,3,1,2,0,1,7,2,0,2,ITGA6,13,12
ENSG00000092108,+,1396,1396,0.6396848137535817,0.6568767908309455,3,2,0,1,0,0,1,0,0,0,0,0,1,0,0,0,SCFD1,2,0
ENSG00000092203,+,10340,10340,0.5490328820116054,0.5787234042553191,22,19,2,1,1,0,3,0,1,1,4,1,6,4,1,0,TOX4,16,6
ENSG00000092931,+,19125,19125,0.5715032679738562,0.568,35,31,8,5,0,1,0,0,2,0,0,0,8,6,2,2,MFSD11,12,9
ENSG00000093010,+,16728,16728,0.4372907699665232,0.5188307030129125,7,29,0,1,3,1,0,2,0,0,0,0,3,8,0,1,COMT,6,12
ENSG00000095139,+,25987,25987,0.5747489129179975,0.5588178704736984,56,42,12,1,1,0,0,4,1,2,0,1,11,15,1,0,ARCN1,14,22
ENSG00000095319,+,35400,35400,0.5361864406779661,0.5211581920903955,62,60,11,13,3,2,3,5,1,2,1,2,13,12,2,0,NUP188,23,23
ENSG00000095787,+,16041,16041,0.6468424661804127,0.6207842403840159,56,38,0,1,0,1,1,1,1,2,0,1,1,3,3,1,WAC,6,9
ENSG00000095794,+,29040,29040,0.6120867768595041,0.6098484848484849,96,48,20,1,1,3,1,2,4,2,1,0,11,10,1,1,CREM,19,18
ENSG00000096872,+,37182,37182,0.6286644075090098,0.6331558280888602,126,152,8,7,1,2,4,3,2,4,1,1,9,11,10,3,IFT74,27,24
ENSG00000097033,+,42601,42601,0.6418159198140889,0.6222154409520904,158,97,4,3,2,3,3,2,7,2,3,1,14,7,7,7,SH3GLB1,36,22
ENSG00000099194,+,7313,7313,0.5445097771092575,0.47217284288253797,6,4,0,0,0,1,1,1,1,0,0,0,5,2,0,0,SCD,7,4
ENSG00000099246,+,30010,30010,0.6436187937354215,0.5998000666444518,99,66,3,4,3,1,1,2,1,2,1,0,6,11,2,0,RAB18,14,16
ENSG00000099337,+,564,564,0.45390070921985815,0.46099290780141844,0,0,0,0,0,0,0,0,0,0,0,0,0,0,0,0,KCNK6,0,0
ENSG00000099622,+,1092,1092,0.4184981684981685,0.31135531135531136,1,0,0,0,1,0,0,0,0,0,0,0,0,0,0,0,CIRBP,1,0
ENSG00000099783,+,14794,14794,0.5497498986075436,0.5687440854400433,18,21,0,3,2,1,0,2,0,0,0,0,2,0,2,1,HNRNPM,6,4
ENSG00000099917,+,40729,40729,0.5122885413341844,0.49365317095926736,35,48,2,11,8,8,2,7,1,0,2,1,8,15,2,2,MED15,23,33
ENSG00000099942,+,33824,33824,0.5473332544938505,0.5229422894985809,52,50,8,12,2,2,5,1,0,0,2,1,7,25,1,1,CRKL,17,30
ENSG00000099968,+,44718,44718,0.5880406100451719,0.565231003175455,114,102,16,17,4,4,4,4,3,3,1,1,12,16,4,0,BCL2L13,28,28
ENSG00000100028,+,792,792,0.5808080808080808,0.5050505050505051,0,0,0,0,0,0,0,0,1,0,0,0,1,0,0,0,SNRPD3,2,0
ENSG00000100092,+,2799,2799,0.42908181493390496,0.4690961057520543,1,2,0,0,0,1,0,0,0,0,0,1,4,1,0,0,SH3BP1,4,3
ENSG00000100129,+,16589,16589,0.538971607691844,0.5396949786002773,16,28,4,4,2,2,5,3,0,2,0,0,10,5,0,1,EIF3L,17,13
ENSG00000100234,+,35062,35062,0.5261821915464036,0.5318578518053734,36,55,1,7,2,7,3,3,1,2,1,2,4,3,2,1,TIMP3,13,18
ENSG00000100344,+,6375,6375,0.4818823529411765,0.5025882352941177,5,3,0,0,1,1,0,0,0,0,2,1,1,2,0,1,PNPLA3,4,5
ENSG00000100347,+,21271,21271,0.5194866249823704,0.534248507357435,33,25,4,1,0,0,1,2,1,0,1,1,1,3,1,0,SAMM50,5,6
ENSG00000100532,+,5533,5533,0.6499186697993855,0.658051689860835,17,10,0,0,0,0,0,2,0,0,1,1,0,0,1,5,CGRRF1,2,8
ENSG00000100567,+,1056,1056,0.6297348484848485,0.6392045454545454,6,9,0,0,0,0,0,0,0,0,0,0,0,0,0,0,PSMA3,0,0
ENSG00000100578,+,25206,25206,0.6237800523684837,0.6339363643576926,65,109,1,10,4,1,2,1,1,0,2,1,9,5,0,0,KIAA0586,18,8
ENSG00000100714,+,47929,47929,0.5626447453525005,0.5643556093388137,89,88,3,9,7,2,1,3,4,0,5,2,10,23,2,6,MTHFD1,29,36
ENSG00000100722,+,2845,2845,0.6449912126537786,0.6182776801405976,12,7,0,0,0,0,0,0,1,0,1,0,0,0,0,0,ZC3H14,2,0
ENSG00000100764,+,11193,11193,0.5681229339765925,0.5703564727954972,15,32,0,0,1,1,0,1,0,0,1,0,1,4,1,1,PSMC1,4,7
ENSG00000100811,+,40700,40700,0.557960687960688,0.5105405405405405,72,61,9,10,3,2,5,6,0,2,2,0,10,16,4,4,YY1,24,30
ENSG00000100883,+,41781,41781,0.6151360666331586,0.5707139608913142,136,84,11,5,3,2,1,3,3,1,2,2,12,24,4,3,SRP54,25,35
ENSG00000100897,+,2965,2965,0.4917369308600337,0.5092748735244519,1,5,0,0,0,1,0,0,2,1,0,0,0,0,0,0,DCAF11,2,2
ENSG00000100994,+,34966,34966,0.46582394325916604,0.5079791797746382,29,41,0,2,6,1,1,2,2,3,1,1,2,11,1,1,PYGB,13,19
ENSG00000101052,+,5586,5586,0.5175438596491229,0.5293591120658789,5,5,0,0,1,0,0,1,0,0,0,0,2,5,0,0,IFT52,3,6
ENSG00000101109,+,30651,30651,0.6220351701412679,0.5414831490000326,86,38,5,1,1,4,5,0,3,4,0,1,4,3,3,2,STK4,16,14
ENSG00000101146,+,5527,5527,0.604487063506423,0.5125746336167903,12,6,0,0,0,1,0,0,1,0,0,0,2,0,0,0,RAE1,3,1
ENSG00000101290,+,29176,29176,0.5382163421990678,0.5701261310666301,30,40,0,1,8,1,0,3,1,1,1,5,9,7,2,1,CDS2,21,18
ENSG00000101294,+,22202,22202,0.47883073596973247,0.5069813530312585,15,19,2,1,4,5,1,1,0,0,0,2,7,10,1,0,HM13,13,18
ENSG00000101336,+,48115,48115,0.5212719526135301,0.5191728151304167,64,73,14,3,2,3,6,4,3,4,0,2,14,15,2,2,HCK,27,30
ENSG00000101337,+,49518,49518,0.5234258249525425,0.5284946888000324,73,74,10,14,3,2,6,6,2,3,2,1,17,14,4,1,TM9SF4,34,27
ENSG00000101342,+,9881,9881,0.5453901426981075,0.49033498633741524,18,6,0,0,3,2,1,0,1,0,0,0,2,4,1,1,TLDC2,8,7
ENSG00000101350,+,21668,21668,0.5717186634668636,0.5610116300535352,85,55,9,5,1,0,0,4,0,1,0,0,7,10,0,1,KIF3B,8,16
ENSG00000101558,+,34107,34107,0.6394288562465184,0.5585656903274988,104,65,1,0,2,2,0,0,1,2,1,0,4,7,2,3,VAPA,10,14
ENSG00000101596,+,439,439,0.6674259681093394,0.6765375854214123,1,2,0,0,0,0,0,0,0,0,0,0,0,0,0,0,SMCHD1,0,0
ENSG00000101745,+,17237,17237,0.6150722283459998,0.6254568660439752,36,54,1,0,1,1,1,1,1,2,1,1,7,3,4,0,ANKRD12,15,8
ENSG00000101773,+,1329,1329,0.6049661399548533,0.672686230248307,6,3,0,0,0,0,0,0,0,0,0,0,0,0,0,0,RBBP8,0,0
ENSG00000101782,+,20864,20864,0.5863209355828221,0.5756326687116564,44,42,3,10,2,2,3,2,0,1,0,0,7,3,1,0,RIOK3,13,8
ENSG00000102081,+,9698,9698,0.6269333883274902,0.6599298824499897,25,37,1,2,0,0,0,0,0,0,2,0,1,3,0,1,FMR1,3,4
ENSG00000102125,+,1458,1458,0.5061728395061729,0.38271604938271603,0,0,0,0,0,0,0,1,0,0,0,0,1,0,0,0,TAZ,1,1
ENSG00000102144,+,17245,17245,0.5921136561322122,0.5681646854160626,35,33,2,0,0,1,0,2,2,0,0,2,2,4,2,1,PGK1,6,10
ENSG00000102218,+,44007,44007,0.6082895902924534,0.5576840048174154,115,71,5,7,2,6,3,6,7,0,3,1,10,23,2,1,RP2,27,37
ENSG00000102225,+,4744,4744,0.46838111298482293,0.4875632377740304,2,5,0,0,0,0,0,0,0,0,0,0,2,1,0,0,CDK16,2,1
ENSG00000102312,+,2359,2359,0.4557015684612124,0.56973293768546,1,6,0,1,0,0,0,0,0,0,0,0,0,2,0,0,PORCN,0,2
ENSG00000102349,+,18370,18370,0.6092542188350571,0.6246597713663582,46,57,3,7,6,2,2,1,2,0,1,0,1,2,1,1,KLF8,13,6
ENSG00000102524,+,5274,5274,0.6994690936670459,0.6171786120591581,21,13,1,0,0,1,0,0,1,1,1,0,0,0,0,2,TNFSF13B,2,4
ENSG00000102743,+,1998,1998,0.534034034034034,0.5720720720720721,0,2,0,0,0,1,0,0,0,0,0,0,1,1,0,1,SLC25A15,1,3
ENSG00000102898,+,878,878,0.4760820045558087,0.5558086560364465,0,0,0,0,1,0,0,0,0,0,0,0,0,0,0,0,NUTF2,1,0
ENSG00000102974,+,25878,25878,0.5433959347708478,0.5584666512095215,27,41,2,4,4,0,2,0,0,0,1,1,16,17,0,3,CTCF,23,21
ENSG00000103018,+,13159,13159,0.6210198343339159,0.6062010791093548,33,32,2,4,1,2,0,0,0,1,3,0,4,3,3,1,CYB5B,11,7
ENSG00000103037,+,703,703,0.6415362731152204,0.5732574679943101,4,1,0,0,0,0,0,0,0,0,0,0,0,0,0,0,SETD6,0,0
ENSG00000103064,+,2247,2247,0.5055629728526925,0.5322652425456164,1,4,0,0,0,2,0,0,0,1,0,0,0,0,0,0,SLC7A6,0,3
ENSG00000103066,+,7588,7588,0.45835529783869267,0.4582235108065366,13,3,10,0,1,0,1,2,0,0,2,1,0,1,0,0,PLA2G15,4,4
ENSG00000103194,+,32882,32882,0.5561705492366644,0.5727449668511647,52,73,1,0,1,2,2,1,2,5,1,2,10,4,1,0,USP10,17,14
ENSG00000103226,+,39053,39053,0.5442091516656851,0.5528128440836811,64,64,3,7,2,3,3,5,0,2,0,1,7,8,1,1,NOMO3,13,20
ENSG00000103260,+,4386,4386,0.34952120383036933,0.34997720018239853,0,1,0,0,0,2,0,0,0,0,0,0,0,1,1,0,METRN,1,3
ENSG00000103415,+,31102,31102,0.536267764130924,0.47778277924249246,31,18,2,3,2,1,3,1,2,1,4,2,13,17,1,1,HMOX2,25,23
ENSG00000103429,+,5785,5785,0.5481417458945549,0.5068280034572169,9,6,0,0,2,1,0,0,0,0,0,0,4,3,1,0,BFAR,7,4
ENSG00000103522,+,42579,42579,0.5433664482491369,0.5308250546043825,76,58,7,1,13,6,3,4,1,4,2,4,12,11,2,1,IL21R,33,30
ENSG00000103534,+,27835,27835,0.5652954912879469,0.5535836177474402,51,53,4,4,2,3,4,1,0,3,0,1,10,5,2,6,TMC5,18,19
ENSG00000103540,+,25610,25610,0.6020304568527919,0.5935181569699336,73,69,4,2,2,0,2,1,2,0,0,0,9,11,2,0,CCP110,17,12
ENSG00000103569,+,1082,1082,0.5979667282809612,0.6321626617375231,2,4,0,0,0,0,0,0,0,0,0,0,1,0,0,0,AQP9,1,0
ENSG00000103855,+,22686,22686,0.4762408533897558,0.514326016045138,14,28,0,0,0,1,1,4,0,0,0,1,2,3,2,1,CD276,5,10
ENSG00000103876,+,22409,22409,0.5102860457851756,0.5341157570618947,26,28,1,0,2,1,0,0,0,2,0,0,3,3,2,1,FAH,7,7
ENSG00000104164,+,599,599,0.6243739565943238,0.6293823038397329,1,2,0,0,0,0,1,0,0,0,0,0,0,0,2,0,BLOC1S6,3,0
ENSG00000104219,+,14300,14300,0.649020979020979,0.6203496503496504,35,55,0,2,0,2,0,0,1,1,0,0,2,2,1,2,ZDHHC2,4,7
ENSG00000104356,+,40104,40104,0.5839567125473768,0.5933822062637143,97,112,5,11,2,2,6,3,0,2,1,0,7,8,2,3,POP1,18,18
ENSG00000104365,+,29504,29504,0.5276911605206074,0.5169807483731019,34,56,0,8,3,2,3,1,1,0,4,0,7,7,2,0,IKBKB,20,10
ENSG00000104412,+,5160,5160,0.6156976744186047,0.6713178294573643,10,24,0,0,0,0,0,0,1,0,1,0,0,1,0,0,EMC2,2,1
ENSG00000104427,+,28802,28802,0.6471772793556003,0.6514825359350045,105,109,1,8,2,0,0,2,4,7,1,1,4,1,1,4,ZC2HC1A,12,15
ENSG00000104472,+,4876,4876,0.5726004922067268,0.4628794093519278,10,4,1,0,0,1,0,0,1,0,1,0,1,0,0,0,CHRAC1,3,1
ENSG00000104613,+,30165,30165,0.5966517487153986,0.5842201226587104,56,65,5,0,3,1,2,0,2,3,0,2,9,4,3,2,INTS10,19,12
ENSG00000104626,+,18794,18794,0.5844418431414281,0.6274874960093647,39,58,0,2,0,1,1,0,2,1,1,0,3,1,4,0,ERI1,11,3
ENSG00000104643,+,22129,22129,0.6197297663699218,0.6057209995932938,62,55,2,2,1,1,0,1,1,0,0,1,4,1,1,2,MTMR9,7,6
ENSG00000104765,+,21451,21451,0.5951703883268845,0.5841219523565335,34,46,0,4,1,2,0,1,0,0,1,3,5,5,2,3,BNIP3L,9,14
ENSG00000104805,+,11758,11758,0.4674264330668481,0.4848613709814594,20,11,13,4,0,0,1,1,1,1,0,0,5,2,0,0,NUCB1,7,4
ENSG00000104852,+,18102,18102,0.4827643354325489,0.4712186498729422,13,14,2,6,0,0,0,1,0,1,0,0,7,4,0,0,SNRNP70,7,6
ENSG00000104885,+,49079,49079,0.3858676827156218,0.45601988630575196,16,38,2,6,10,10,4,6,0,1,1,0,2,16,3,1,DOT1L,20,34
ENSG00000104957,+,3134,3134,0.47925973197192084,0.4696873005743459,2,1,2,0,0,0,1,0,0,0,0,0,1,1,0,0,CCDC130,2,1
ENSG00000104972,+,18655,18655,0.5077459126239614,0.5742696328062181,34,37,5,0,3,2,0,0,1,0,1,0,3,3,0,2,LILRB1,8,7
ENSG00000104973,+,3185,3185,0.45839874411302983,0.5340659340659341,3,6,0,2,0,1,0,1,0,0,0,0,1,1,0,0,MED25,1,3
ENSG00000104974,+,4716,4716,0.5324427480916031,0.44698897370653096,14,1,0,0,1,1,1,1,0,0,0,0,0,0,0,0,LILRA1,2,2
ENSG00000104998,+,6641,6641,0.474627315163379,0.4851678964011444,4,6,0,3,0,0,0,1,0,0,0,0,5,3,0,0,IL27RA,5,4
ENSG00000105176,+,17464,17464,0.6655405405405406,0.6429798442510307,62,48,3,1,0,1,0,1,0,1,1,2,2,4,4,1,URI1,7,10
ENSG00000105223,+,27413,27413,0.4810126582278481,0.5030095210301682,18,15,1,2,4,4,0,0,0,1,1,0,15,13,1,1,PLD3,21,19
ENSG00000105339,+,31192,31192,0.46800461656835085,0.5061233649653757,23,43,1,3,6,4,1,4,0,2,0,5,6,4,2,2,DENND3,15,21
ENSG00000105364,+,569,569,0.39191564147627417,0.37609841827768015,0,0,0,0,0,0,0,0,0,0,0,0,0,0,0,0,MRPL4,0,0
ENSG00000105372,+,3134,3134,0.4502233567326101,0.4738353541799617,2,0,0,0,0,0,0,0,0,0,0,0,1,3,1,0,RPS19,2,3
ENSG00000105568,+,47059,47059,0.5258080282198941,0.5598504005609979,69,62,9,3,3,3,1,1,0,2,0,1,7,18,3,1,PPP2R1A,14,26
ENSG00000105993,+,46452,46452,0.5527210884353742,0.5044777404632739,75,48,6,2,4,3,4,3,2,0,1,0,12,24,2,1,DNAJB6,25,31
ENSG00000106479,+,7897,7897,0.5607192604786628,0.4789160440673674,14,7,1,0,1,0,1,1,1,0,0,0,0,3,0,0,ZNF862,3,4
ENSG00000106560,+,1071,1071,0.580765639589169,0.5901027077497666,1,6,0,0,1,0,0,0,0,0,0,0,0,0,0,0,GIMAP2,1,0
ENSG00000106682,+,17760,17760,0.5495495495495496,0.5234234234234234,28,34,0,3,0,3,1,0,1,0,0,0,2,11,2,0,EIF4H,6,14
ENSG00000106683,+,10589,10589,0.45603928605156296,0.4883369534422514,5,9,0,0,1,1,1,1,0,0,0,0,11,8,0,0,LIMK1,13,10
ENSG00000106799,+,18769,18769,0.6230486440407054,0.6258724492514253,56,46,2,1,1,0,3,0,1,1,1,0,3,3,1,0,TGFBR1,10,4
ENSG00000106803,+,7015,7015,0.591304347826087,0.5642195295794725,14,11,1,0,1,0,1,1,1,0,1,0,2,1,0,0,SEC61B,6,2
ENSG00000106993,+,20981,20981,0.6380534769553405,0.5864830084362042,69,53,1,5,0,2,0,1,0,1,1,0,7,4,0,1,CDC37L1,8,9
ENSG00000107021,+,20690,20690,0.4815853069115515,0.4934267762203963,18,16,0,0,3,1,2,1,1,1,0,1,8,21,1,0,TBC1D13,15,25
ENSG00000107036,+,6142,6142,0.5958971019211983,0.6330185607294041,18,20,2,3,0,0,1,0,1,0,0,0,1,0,0,0,RIC1,3,0
ENSG00000107164,+,26356,26356,0.5491349218394294,0.5510699650933374,47,56,2,10,3,1,1,0,1,1,2,2,7,19,1,2,FUBP3,15,25
ENSG00000107625,+,39473,39473,0.6022344387302713,0.5675018366985027,108,64,6,4,1,1,3,1,4,1,2,2,11,8,3,4,DDX50,24,17
ENSG00000107643,+,26417,26417,0.6324715145550214,0.6134685997653027,62,76,0,4,2,2,1,2,2,1,2,0,3,3,1,1,MAPK8,11,9
ENSG00000107651,+,43014,43014,0.6054075417305993,0.5639791695726972,117,73,9,3,1,3,6,0,0,1,1,3,10,18,2,3,SEC23IP,20,28
ENSG00000107938,+,32887,32887,0.6168394806458479,0.5674278590324444,86,63,6,1,1,5,1,3,2,0,3,0,7,4,2,1,EDRF1,16,13
ENSG00000108055,+,5298,5298,0.6572291430728577,0.6215553038882597,18,17,1,0,0,0,0,0,1,0,0,0,1,4,5,0,SMC3,7,4
ENSG00000108064,+,9948,9948,0.6413349416968235,0.597708082026538,25,28,0,1,0,1,1,2,0,1,1,0,1,1,1,1,TFAM,4,6
ENSG00000108107,+,16014,16014,0.47689521668540025,0.39490445859872614,16,1,4,0,3,1,1,1,0,0,0,0,3,3,0,0,RPL28,7,5
ENSG00000108219,+,46030,46030,0.505626765153161,0.5108624809906582,59,42,1,2,7,6,1,1,1,0,1,2,5,10,3,2,TSPAN14,18,21
ENSG00000108406,+,40511,40511,0.6057367134852263,0.5836192639036311,112,100,3,11,1,0,4,4,0,2,1,2,15,13,3,3,DHX40,24,24
ENSG00000108424,+,32572,32572,0.5770600515780425,0.5477403905194645,39,48,2,3,1,1,3,1,1,1,1,0,11,17,3,5,KPNB1,20,25
ENSG00000108433,+,350,350,0.49714285714285716,0.5685714285714286,0,0,0,0,0,0,0,0,0,0,0,0,0,0,0,0,GOSR2,0,0
ENSG00000108443,+,44892,44892,0.578677715405863,0.5483382339837833,104,63,18,3,4,4,3,5,3,0,5,2,10,16,5,1,RPS6KB1,30,28
ENSG00000108582,+,41833,41833,0.6181483517796954,0.5993115482991896,120,112,5,5,1,1,1,1,2,5,1,0,10,8,6,6,CPD,21,21
ENSG00000108587,+,39699,39699,0.6042721479130456,0.6105947253079422,108,95,3,4,2,3,1,2,3,0,4,0,4,11,2,3,GOSR1,16,19
ENSG00000108798,+,4914,4914,0.42836792836792836,0.42592592592592593,1,0,0,0,0,0,1,1,0,0,0,0,0,2,0,0,ABI3,1,3
ENSG00000108946,+,18025,18025,0.5521220527045769,0.6063245492371706,28,45,0,2,0,1,0,0,0,0,2,2,5,4,2,3,PRKAR1A,9,10
ENSG00000108984,+,3131,3131,0.6256786969019482,0.5863941232832961,5,5,0,0,0,0,1,0,0,0,0,0,0,1,0,0,MAP2K6,1,1
ENSG00000109046,+,21059,21059,0.5780901277363597,0.5726767652785033,46,42,3,6,1,2,1,0,3,0,0,0,5,11,2,0,WSB1,12,13
ENSG00000109066,+,4826,4826,0.47824285122254456,0.4749274761707418,4,3,0,0,1,1,0,0,1,0,0,0,2,1,0,1,TMEM104,4,3
ENSG00000109079,+,3887,3887,0.4970414201183432,0.44455878569590945,2,1,0,0,0,0,1,0,1,0,0,0,0,0,0,0,TNFAIP1,2,0
ENSG00000109180,+,6572,6572,0.6033171028606208,0.5628423615337796,12,12,0,0,1,0,0,0,0,0,0,0,3,1,1,1,OCIAD1,5,2
ENSG00000109184,+,6722,6722,0.6112764058315977,0.6084498661112764,24,14,0,0,0,0,0,0,1,1,0,0,0,1,1,0,DCUN1D4,2,2
ENSG00000109445,+,11117,11117,0.6616893046685257,0.5983628676801296,41,32,3,1,1,1,0,0,0,0,1,0,1,0,1,1,ZNF330,4,2
ENSG00000109475,+,7373,7373,0.5815814458158145,0.5944662959446629,15,19,0,1,1,0,1,1,0,0,0,0,2,2,0,0,RPL34,4,3
ENSG00000109689,+,2851,2851,0.6643283058575938,0.6474921080322694,15,8,0,0,0,0,0,1,0,0,0,0,0,0,0,1,STIM2,0,2
ENSG00000109787,+,36188,36188,0.5875980988172875,0.5704929810987067,74,67,3,2,0,3,1,2,3,4,2,1,6,12,5,2,KLF3,17,24
ENSG00000109790,+,5032,5032,0.6375198728139905,0.6029411764705882,24,12,0,0,0,1,1,0,0,0,0,0,2,1,1,0,KLHL5,4,2
ENSG00000109943,+,19399,19399,0.5904943553791433,0.5842053714108975,32,49,1,5,2,1,3,0,0,1,2,1,4,3,3,2,CRTAM,14,8
ENSG00000109944,+,37401,37401,0.6033261142750194,0.5958396834309243,87,113,4,12,1,1,1,1,3,0,5,0,9,11,4,3,JHY,23,16
ENSG00000110011,+,1426,1426,0.4158485273492286,0.36185133239831696,1,0,0,0,0,0,0,0,0,0,0,0,0,0,0,0,DNAJC4,0,0
ENSG00000110318,+,41834,41834,0.6351293206482765,0.6354878806712244,104,120,1,4,3,1,3,3,4,4,2,1,14,14,1,4,CEP126,27,27
ENSG00000110330,+,18087,18087,0.6150273677226737,0.6094432465306574,43,51,4,3,1,0,1,4,0,0,0,0,2,3,1,5,BIRC2,5,12
ENSG00000110344,+,36766,36766,0.5879073056628407,0.5563020181689604,73,54,2,4,3,2,3,2,2,2,2,1,17,9,5,1,UBE4A,32,17
ENSG00000110448,+,20312,20312,0.4775009846396219,0.5160496258369437,12,17,2,0,4,2,1,0,0,0,0,0,2,4,0,1,CD5,7,7
ENSG00000110583,+,14727,14727,0.4891695525225776,0.4863855503496978,9,18,0,3,3,2,3,2,0,1,0,0,8,4,1,0,NAA40,15,9
ENSG00000110768,+,23397,23397,0.5922981578834894,0.5916997905714407,50,44,2,0,6,2,5,2,1,1,1,1,12,8,1,1,GTF2H1,26,15
ENSG00000111077,+,7598,7598,0.4030007896814951,0.4076072650697552,0,2,0,0,2,4,1,0,0,1,1,0,0,1,0,0,TNS2,4,6
ENSG00000111142,+,41033,41033,0.6109960275875514,0.5525065191431286,104,56,11,3,2,3,3,3,2,0,2,0,11,11,3,2,METAP2,23,19
ENSG00000111252,+,17430,17430,0.46029833620195065,0.4717154331612163,10,34,0,13,1,2,0,1,1,1,0,2,2,6,0,0,SH2B3,4,12
ENSG00000111269,+,28801,28801,0.5954307142113121,0.5607791396132079,75,50,2,1,2,6,2,3,3,5,0,1,7,18,0,3,CREBL2,14,36
ENSG00000111540,+,3459,3459,0.5810928013876843,0.5394622723330442,9,14,1,4,0,0,0,2,0,0,0,0,0,0,0,0,RAB5B,0,2
ENSG00000111581,+,44761,44761,0.6064877907106633,0.6051473380844932,114,116,2,10,3,1,5,3,0,4,5,2,21,21,3,2,NUP107,37,33
ENSG00000111605,+,6156,6156,0.6187459389213775,0.5904808317089019,23,10,2,0,0,0,0,1,0,0,0,3,1,0,1,0,CPSF6,2,4
ENSG00000111652,+,6127,6127,0.5428431532560797,0.5066100865023666,9,12,0,3,1,0,0,0,0,1,0,0,4,4,0,0,COPS7A,5,5
ENSG00000111666,+,23402,23402,0.6295615759336809,0.5908042047688232,93,53,2,2,1,3,1,0,4,1,0,1,6,9,1,2,CHPT1,13,16
ENSG00000111667,+,3580,3580,0.40083798882681565,0.4748603351955307,1,3,0,0,0,0,0,0,0,0,0,0,0,1,0,0,USP5,0,1
ENSG00000111726,+,15303,15303,0.6447755342089786,0.581258576749657,43,25,1,0,0,0,2,1,1,0,1,2,3,6,1,0,CMAS,8,9
ENSG00000111785,+,36717,36717,0.619985292916088,0.5828090530272081,112,75,1,2,5,2,1,3,4,3,2,0,13,4,3,0,RIC8B,28,12
ENSG00000111790,+,5802,5802,0.6644260599793175,0.651327128576353,18,19,0,0,0,0,0,0,0,0,0,1,0,1,0,1,FGFR1OP2,0,3
ENSG00000111817,+,44793,44793,0.6223517067398924,0.6139352130913313,146,128,5,3,5,1,6,5,4,3,3,4,5,8,6,3,DSE,29,24
ENSG00000111832,+,4086,4086,0.6495349975526187,0.6534508076358296,9,7,0,0,0,1,1,1,0,0,0,1,0,0,0,2,RWDD1,1,5
ENSG00000111846,+,31249,31249,0.5585138724439183,0.57240231687414,62,58,6,6,4,2,3,3,1,4,3,1,6,12,5,4,GCNT2,22,26
ENSG00000111911,+,425,425,0.6494117647058824,0.7247058823529412,4,3,0,0,0,0,0,0,0,0,0,0,0,0,0,0,HINT3,0,0
ENSG00000112146,+,26762,26762,0.6191614976459159,0.581458784844182,84,51,3,0,0,1,0,1,1,2,1,1,5,4,2,3,FBXO9,9,12
ENSG00000112200,+,29701,29701,0.645331807009865,0.6383623447021985,90,97,2,2,1,0,2,2,4,4,3,0,7,7,5,2,ZNF451,22,15
ENSG00000112297,+,43315,43315,0.608011081611451,0.5852245180653354,117,119,7,15,3,3,1,3,6,4,0,0,9,4,3,5,CRYBG1,22,19
ENSG00000112304,+,34729,34729,0.5884419361340666,0.5973681937285842,64,93,0,1,1,1,1,2,2,2,2,1,6,8,6,3,ACOT13,18,17
ENSG00000112343,+,24680,24680,0.5946515397082658,0.583711507293355,65,35,3,2,3,0,1,3,5,1,2,0,3,7,2,1,TRIM38,16,12
ENSG00000112379,+,22807,22807,0.5972289209453238,0.5894242995571535,37,54,3,8,6,4,1,4,1,2,0,2,5,2,3,3,ARFGEF3,16,17
ENSG00000112624,+,30099,30099,0.5531745240705671,0.5273929366424134,59,46,6,1,0,4,2,3,2,1,2,1,7,11,0,1,BICRAL,13,21
ENSG00000112739,+,2305,2305,0.6550976138828634,0.6008676789587852,12,6,0,0,0,0,0,0,0,0,0,0,0,1,1,0,PRPF4B,1,1
ENSG00000112763,+,15394,15394,0.55255294270495,0.539820709367286,24,31,0,0,1,3,2,0,0,2,0,2,4,2,1,1,BTN2A1,8,10
ENSG00000112799,+,24776,24776,0.5612286083306426,0.5594123345172748,34,42,1,2,4,1,0,0,3,2,2,1,3,8,3,1,LY86,15,13
ENSG00000112893,+,27546,27546,0.6519639875117984,0.6594060843679663,101,91,3,3,0,0,1,1,2,2,3,1,5,3,3,3,MAN2A1,14,10
ENSG00000113328,+,10641,10641,0.6535100084578517,0.6223099332769476,41,25,0,0,0,1,0,2,4,0,0,0,3,1,3,0,CCNG1,10,4
ENSG00000113368,+,312,312,0.6538461538461539,0.6346153846153846,0,0,0,0,0,0,0,0,0,0,0,0,0,0,0,0,LMNB1,0,0
ENSG00000113387,+,12610,12610,0.6188739095955591,0.5547977795400476,30,26,0,1,1,2,0,1,1,0,0,0,2,2,0,2,SUB1,4,7
ENSG00000113407,+,2355,2355,0.5859872611464968,0.6522292993630573,3,5,0,0,0,0,0,0,0,0,0,0,0,1,0,0,TARS1,0,1
ENSG00000113441,+,34845,34845,0.6354139761802268,0.6367915052374803,90,113,3,6,0,2,1,2,3,2,2,1,4,3,2,0,LNPEP,12,10
ENSG00000113460,+,7027,7027,0.6432332432047816,0.5793368436032447,19,14,2,1,0,0,1,1,1,0,0,0,2,1,0,0,BRIX1,4,2
ENSG00000113597,+,13676,13676,0.6208686750511846,0.6077069318514186,28,35,1,0,0,3,0,1,0,0,0,1,7,7,0,1,TRAPPC13,7,13
ENSG00000113615,+,29732,29732,0.5753397013318983,0.582570967307951,77,94,16,20,2,0,0,4,2,2,1,4,13,14,1,1,SEC24A,19,25
ENSG00000113621,+,3601,3601,0.4748680921966121,0.5906692585392946,3,5,0,0,1,0,0,0,0,0,0,0,2,2,0,1,TXNDC15,3,3
ENSG00000113643,+,12359,12359,0.6170402136095153,0.58362327049114,25,23,2,2,1,0,1,0,2,0,1,0,7,4,0,0,RARS1,12,4
ENSG00000113649,+,28373,28373,0.6424417580093751,0.6142106932647236,90,84,7,4,2,1,1,2,2,1,2,0,6,4,1,0,TCERG1,14,8
ENSG00000113658,+,29118,29118,0.6418366646060856,0.6088330242461708,94,84,5,4,0,0,3,0,3,1,4,1,7,2,3,1,SMAD5,20,5
ENSG00000113732,+,41567,41567,0.562561647460726,0.5254167969783723,82,63,9,5,2,7,3,4,2,2,0,1,22,19,2,4,ATP6V0E1,31,37
ENSG00000113966,+,1218,1218,0.6518883415435139,0.6362889983579638,3,2,0,0,0,0,0,0,0,0,0,0,0,0,1,0,ARL6,1,0
ENSG00000114120,+,36691,36691,0.6538660706985364,0.5866288735657246,140,62,6,2,2,1,1,3,2,3,1,1,10,2,4,3,SLC25A36,20,13
ENSG00000114416,+,46259,46259,0.6196415832594738,0.584513283901511,144,106,3,19,1,2,4,1,1,1,2,1,11,16,3,2,FXR1,22,23
ENSG00000114648,+,46549,46549,0.5510537283292875,0.5314185052310468,73,69,5,4,4,5,2,6,1,3,4,0,16,19,2,2,KLHL18,29,35
ENSG00000114742,+,264,264,0.7386363636363636,0.5378787878787878,2,1,0,0,0,0,0,0,0,0,0,0,1,0,0,0,WDR48,1,0
ENSG00000114796,+,35302,35302,0.6139312220270806,0.5361735878987026,104,50,3,5,1,4,2,4,4,1,2,1,15,13,3,5,KLHL24,27,28
ENSG00000114841,+,14714,14714,0.4234742422182955,0.41545466902269945,3,3,0,0,4,1,2,3,1,0,0,1,1,1,1,0,DNAH1,9,6
ENSG00000114857,+,35978,35978,0.6333870698760353,0.5706264939685364,91,62,2,2,2,0,3,2,0,4,3,1,7,14,2,6,NKTR,17,27
ENSG00000114956,+,29879,29879,0.5729776766290706,0.5565447304126644,41,56,1,1,2,3,4,2,0,0,1,1,9,11,2,0,DGUOK,18,17
ENSG00000114999,+,32837,32837,0.5772147272893382,0.5566891007095655,74,55,4,1,0,4,3,2,3,3,1,1,9,12,2,2,TTL,18,24
ENSG00000115216,+,1220,1220,0.3581967213114754,0.4721311475409836,0,0,0,0,0,0,0,0,0,0,0,0,0,0,0,0,NRBP1,0,0
ENSG00000115232,+,48098,48098,0.6424799367957088,0.6171358476443927,159,134,2,4,2,3,2,2,3,5,3,1,6,4,3,3,ITGA4,19,18
ENSG00000115233,+,16096,16096,0.6535785288270378,0.6624005964214712,45,49,0,0,3,0,0,1,1,3,0,0,1,1,1,2,PSMD14,6,7
ENSG00000115271,+,15640,15640,0.6606777493606139,0.6690537084398976,63,58,4,0,2,0,0,0,1,2,1,1,4,3,1,2,GCA,9,8
ENSG00000115295,+,44670,44670,0.6285874188493396,0.5965748824714574,141,115,9,4,3,2,0,2,0,2,1,0,4,1,2,1,CLIP4,10,8
ENSG00000115421,+,25524,25524,0.6020608055163768,0.5828240087760539,80,57,5,5,0,0,0,3,1,2,0,0,8,11,1,4,PAPOLG,10,20
ENSG00000115459,+,34414,34414,0.5446329981984076,0.5112454233742082,51,35,3,0,4,7,4,4,3,0,1,3,14,10,3,0,ELMOD3,29,24
ENSG00000115504,+,3723,3723,0.6215417673918883,0.6578028471662638,2,19,0,1,0,1,0,0,0,0,0,0,1,0,0,0,EHBP1,1,1
ENSG00000115520,+,4033,4033,0.57971733201091,0.586412100173568,12,11,6,1,0,0,0,1,1,0,0,0,1,1,0,0,COQ10B,2,2
ENSG00000115604,+,14850,14850,0.6043771043771043,0.6027609427609427,36,37,1,3,1,1,0,1,1,0,1,0,1,1,4,1,IL18R1,8,4
ENSG00000115685,+,27958,27958,0.5254310036483296,0.4735317261606696,41,20,3,0,6,9,0,1,0,1,1,1,4,6,0,0,PPP1R7,11,18
ENSG00000115896,+,29154,29154,0.6266721547643548,0.6309254304726624,80,90,2,3,1,1,3,1,3,2,0,3,3,4,3,5,PLCL1,13,16
ENSG00000116005,+,23006,23006,0.5635486394853516,0.5590715465530731,45,49,1,2,0,3,2,2,0,0,0,1,5,11,0,1,PCYOX1,7,18
ENSG00000116062,+,12773,12773,0.5824786659359587,0.5223518359038597,26,19,2,1,0,0,1,2,0,1,0,0,3,2,1,2,MSH6,5,7
ENSG00000116095,+,10739,10739,0.630784989291368,0.6419592140795233,31,44,1,4,0,0,1,2,0,1,0,0,1,3,2,1,PLEKHA3,4,7
ENSG00000116260,+,27180,27180,0.4508462104488595,0.5188741721854304,20,39,2,1,4,3,0,1,1,2,0,1,0,4,0,1,QSOX1,5,12
ENSG00000116266,+,43801,43801,0.6464692586927239,0.5829775575900094,151,100,5,2,1,2,3,1,2,3,2,3,2,11,4,4,STXBP3,14,24
ENSG00000116273,+,2523,2523,0.48672215616329767,0.4863258026159334,2,1,0,0,0,0,0,0,0,0,0,0,0,0,0,0,PHF13,0,0
ENSG00000116459,+,8460,8460,0.6309692671394799,0.557565011820331,26,11,1,0,1,1,0,0,0,0,3,2,1,1,1,2,ATP5PB,6,6
ENSG00000116478,+,12960,12960,0.5185956790123457,0.5523148148148148,19,29,2,9,2,0,0,1,0,1,2,1,6,8,1,1,HDAC1,11,12
ENSG00000116489,+,32531,32531,0.6038855245765578,0.5906981033475761,82,64,2,2,1,2,0,1,2,2,2,3,9,13,1,1,CAPZA1,15,22
ENSG00000116497,+,38923,38923,0.5962027592939907,0.5378567941833877,93,60,11,6,2,2,4,3,1,1,2,3,20,15,7,5,S100PBP,36,29
ENSG00000116586,+,513,513,0.5614035087719298,0.4580896686159844,0,0,0,0,0,0,0,0,0,0,0,0,0,0,0,0,LAMTOR2,0,0
ENSG00000116786,+,10553,10553,0.3872832369942196,0.4972045863735431,0,11,0,0,1,2,0,1,0,0,0,0,1,2,0,0,PLEKHM2,2,5
ENSG00000116824,+,8945,8945,0.5120178870877585,0.5913918390162102,10,22,0,2,1,0,1,0,0,2,0,1,3,1,0,2,CD2,5,6
ENSG00000116830,+,19053,19053,0.5874140555293129,0.5909305621162022,46,34,3,1,2,2,0,1,1,4,2,1,4,4,5,1,TTF2,14,13
ENSG00000116871,+,14639,14639,0.44620534189493816,0.468406311906551,11,20,1,9,1,2,2,4,0,1,1,1,4,3,0,3,MAP7D1,8,14
ENSG00000116977,+,1754,1754,0.6031927023945268,0.5330672748004561,4,1,0,0,0,1,0,0,0,0,0,0,1,0,0,0,LGALS8,1,1
ENSG00000117009,+,36141,36141,0.6231703605323594,0.6270717467695969,97,81,8,1,2,3,2,1,0,0,2,1,8,8,3,3,KMO,17,16
ENSG00000117472,+,3308,3308,0.47249093107617895,0.4960701330108827,1,3,0,0,0,2,1,2,0,0,0,0,0,0,0,0,TSPAN1,1,4
ENSG00000117475,+,3262,3262,0.7004904966278357,0.6833231146535867,14,14,0,1,0,0,0,0,0,0,0,0,0,1,0,0,BLZF1,0,1
ENSG00000117481,+,17966,17966,0.5425804297005454,0.5272180785928977,38,15,11,0,0,2,2,0,1,2,2,1,10,6,1,2,NSUN4,16,13
ENSG00000117592,+,1330,1330,0.6586466165413534,0.6045112781954888,8,5,0,0,0,1,0,0,0,0,0,0,0,0,0,0,PRDX6,0,1
ENSG00000117597,+,17745,17745,0.5861369399830938,0.5738517892364047,35,38,1,0,2,2,2,0,1,0,3,2,2,2,0,1,UTP25,10,7
ENSG00000117620,+,25321,25321,0.6250543027526559,0.6306228032068244,89,95,7,16,2,2,4,2,0,2,1,4,5,3,2,3,SLC35A3,14,16
ENSG00000117682,+,36190,36190,0.5394031500414479,0.5330201713180437,61,53,6,5,4,2,3,3,2,1,4,1,9,13,3,1,DHDDS,25,21
ENSG00000117713,+,44345,44345,0.5581012515503438,0.5405569962791746,81,89,8,19,5,3,3,4,2,2,3,0,14,11,5,2,ARID1A,32,22
ENSG00000117758,+,41084,41084,0.5835118294226462,0.5662058222178951,83,87,10,7,2,3,5,6,0,2,3,1,18,21,2,2,STX12,30,35
ENSG00000118058,+,35805,35805,0.5799469347856444,0.5972070939812876,73,93,9,15,1,6,4,2,4,0,5,0,8,12,3,3,KMT2A,25,23
ENSG00000118260,+,2395,2395,0.665553235908142,0.6116910229645094,8,7,0,0,0,0,0,0,0,0,0,0,1,0,0,0,CREB1,1,0
ENSG00000118363,+,26392,26392,0.609123976962716,0.5678993634434677,59,50,8,2,4,1,1,6,0,1,0,2,2,5,1,1,SPCS2,8,16
ENSG00000118482,+,41041,41041,0.647450110864745,0.6456470358909383,140,152,4,8,1,2,4,2,2,1,1,1,5,1,4,4,PHF3,17,11
ENSG00000118492,+,6695,6695,0.6337565347274086,0.6676624346527259,29,16,0,1,0,0,1,0,1,2,1,0,0,2,0,0,ADGB,3,4
ENSG00000118508,+,481,481,0.6340956340956341,0.6444906444906445,2,2,0,0,0,0,0,0,0,0,0,0,0,0,0,0,RAB32,0,0
ENSG00000118518,+,2030,2030,0.6320197044334975,0.6748768472906403,4,9,0,1,1,0,0,0,0,1,0,0,1,0,0,1,RNF146,2,2
ENSG00000118579,+,8987,8987,0.5600311561143875,0.5400022254367419,16,7,1,0,1,0,2,0,0,0,2,0,2,3,1,0,MED28,8,3
ENSG00000118900,+,1288,1288,0.6234472049689441,0.5527950310559007,1,0,0,0,0,0,0,0,1,0,0,0,0,0,0,0,UBN1,1,0
ENSG00000118939,+,38029,38029,0.6516079833811039,0.5939677614452129,140,89,4,1,0,5,1,2,1,1,1,1,5,7,3,5,UCHL3,11,21
ENSG00000118971,+,32795,32795,0.5000152462265589,0.5532855618234487,41,54,0,3,3,1,1,0,1,3,1,1,6,9,2,2,CCND2,14,16
ENSG00000119048,+,5216,5216,0.5945168711656442,0.5274156441717791,8,4,0,0,0,0,0,0,1,1,0,1,2,1,0,0,UBE2B,3,3
ENSG00000119231,+,42149,42149,0.584070796460177,0.5551495883650858,104,76,4,7,2,1,1,6,2,0,3,1,15,26,1,4,SENP5,24,38
ENSG00000119318,+,37622,37622,0.625538248896922,0.5609218010738398,118,73,4,4,2,2,0,1,3,1,1,0,4,8,1,1,RAD23B,11,13
ENSG00000119328,+,12615,12615,0.624811732065002,0.5807372175980975,32,25,0,1,0,1,1,0,4,0,1,1,3,1,1,0,ABITRAM,10,3
ENSG00000119335,+,6234,6234,0.5649663137632339,0.45332050048123196,10,4,0,0,0,1,1,2,0,0,0,0,2,6,1,1,SET,4,10
ENSG00000119392,+,14412,14412,0.5315015265056897,0.5601582014987511,12,28,1,2,0,0,2,1,0,2,2,0,6,9,0,0,GLE1,10,12
ENSG00000119471,+,40416,40416,0.595778899445764,0.5702444576405384,98,71,9,5,2,4,3,3,2,1,0,1,17,12,3,4,HSDL2,27,25
ENSG00000119686,+,44598,44598,0.5507646082783981,0.5400466388627293,60,54,7,1,5,1,3,2,2,1,0,0,11,4,3,5,FLVCR2,24,13
ENSG00000119705,+,31633,31633,0.5898586918724117,0.573957575949167,76,75,0,6,2,2,4,3,3,1,1,1,14,9,4,5,SLIRP,28,21
ENSG00000119729,+,34980,34980,0.5676386506575186,0.5548885077186964,65,65,1,7,4,3,4,0,4,1,6,1,3,6,1,3,RHOQ,22,14
ENSG00000119801,+,5906,5906,0.6019302404334576,0.5120216728750423,10,6,1,0,0,0,1,0,0,0,0,1,2,2,0,1,YPEL5,3,4
ENSG00000119820,+,27547,27547,0.588848150433804,0.5725850364831017,94,65,15,5,1,1,1,2,1,1,4,3,18,6,2,2,YIPF4,27,15
ENSG00000119878,+,7676,7676,0.6121677957269411,0.6001823866597186,19,16,0,0,0,0,0,1,0,1,0,1,1,4,1,1,CRIPT,2,8
ENSG00000119906,+,47582,47582,0.6115758059770502,0.542894371821277,123,82,9,5,2,10,3,8,2,1,6,4,16,17,5,3,SLF2,34,43
ENSG00000120008,+,20016,20016,0.6369404476418865,0.6446842525979216,65,77,9,4,1,0,0,1,1,1,1,0,0,1,1,2,WDR11,4,5
ENSG00000120265,+,831,831,0.5703971119133574,0.5535499398315282,0,1,0,0,0,0,1,0,0,0,0,0,1,1,0,0,PCMT1,2,1
ENSG00000120437,+,8926,8926,0.5871611023974905,0.5171409365897378,12,13,0,1,0,3,1,2,1,1,3,0,3,2,0,1,ACAT2,8,9
ENSG00000120533,+,7971,7971,0.6389411617112031,0.5934010789110525,30,15,0,0,1,1,0,0,1,0,0,1,1,1,0,1,ENY2,3,4
ENSG00000120645,+,35352,35352,0.45584408237157725,0.4801991400769405,26,29,0,0,10,2,2,3,1,1,1,3,5,4,0,0,IQSEC3,19,13
ENSG00000120699,+,5534,5534,0.6270328876039032,0.546982291290206,13,17,0,0,0,0,0,0,0,0,0,0,3,2,0,0,EXOSC8,3,2
ENSG00000120708,+,24748,24748,0.5120413770809762,0.5473977695167286,33,34,1,0,3,4,0,1,1,1,0,1,6,1,2,0,TGFBI,12,8
ENSG00000120733,+,13554,13554,0.5644090305444888,0.5622694407554966,20,22,0,1,1,0,1,0,1,0,1,0,8,5,1,0,KDM3B,13,5
ENSG00000120802,+,22848,22848,0.6074929971988795,0.5403098739495799,62,41,2,5,2,2,1,3,4,1,0,1,5,10,2,0,TMPO,14,17
ENSG00000120868,+,13816,13816,0.6050955414012739,0.5712941517081644,52,29,8,0,0,1,1,0,1,0,2,0,4,2,0,0,APAF1,8,3
ENSG00000120896,+,17238,17238,0.43990022044320687,0.4926905673512008,5,21,0,1,4,3,0,0,0,1,1,1,3,1,0,1,SORBS3,8,7
ENSG00000120913,+,10056,10056,0.4341686555290374,0.3895186953062848,3,1,0,0,0,2,0,0,0,0,0,1,1,0,1,0,PDLIM2,2,3
ENSG00000120915,+,32445,32445,0.5190938511326861,0.5357682231468639,35,52,2,6,3,2,1,0,1,0,1,1,7,6,2,2,EPHX2,15,11
ENSG00000121064,+,13459,13459,0.5505609629244371,0.540976298387696,24,20,4,1,1,3,0,3,1,0,0,3,6,2,1,0,SCPEP1,9,11
ENSG00000121481,+,43874,43874,0.6082873683730683,0.5974609107899895,129,97,4,1,3,2,4,2,1,2,2,3,9,13,4,1,RNF2,23,23
ENSG00000121671,+,25901,25901,0.507161885641481,0.5534921431604958,21,47,0,6,5,1,5,0,1,1,2,1,10,7,4,4,CRY2,27,14
ENSG00000121691,+,7970,7970,0.616060225846926,0.5934755332496863,19,14,0,0,0,0,0,1,0,0,0,0,0,2,1,0,CAT,1,3
ENSG00000121774,+,27579,27579,0.5763805794263751,0.5352260778128286,68,41,7,4,1,1,0,7,2,0,1,1,6,9,2,1,KHDRBS1,12,19
ENSG00000121879,+,21064,21064,0.6245727307254083,0.6547664261298899,69,63,2,1,0,1,2,1,3,0,0,3,5,2,2,6,PIK3CA,12,13
ENSG00000121897,+,12717,12717,0.6078477628371471,0.5876385940080208,38,32,1,0,0,2,0,1,1,1,1,0,6,2,3,0,LIAS,11,6
ENSG00000121957,+,20015,20015,0.6127904071946041,0.6296277791656257,41,65,0,4,1,0,3,1,0,1,0,2,9,9,1,6,GPSM2,14,19
ENSG00000122068,+,3828,3828,0.5775862068965517,0.5830721003134797,18,3,3,0,0,0,0,0,0,0,0,0,1,4,0,0,FYTTD1,1,4
ENSG00000122122,+,1457,1457,0.4934797529169526,0.4557309540150995,4,1,0,0,0,0,0,0,0,0,0,0,0,0,0,0,SASH3,0,0
ENSG00000122435,+,15834,15834,0.6481621826449413,0.612290008841733,51,50,3,3,0,1,0,0,2,1,0,1,1,7,1,2,TRMT13,4,12
ENSG00000122483,+,34966,34966,0.6278384716581822,0.636818623805983,105,105,5,2,4,1,1,1,3,3,3,2,6,5,4,3,CCDC18,21,15
ENSG00000122484,+,417,417,0.6163069544364509,0.5755395683453237,2,0,0,0,0,0,0,0,0,0,0,0,0,0,0,0,RPAP2,0,0
ENSG00000122515,+,17536,17536,0.43869753649635035,0.4974338503649635,8,16,0,5,6,0,2,2,0,0,0,1,4,4,3,3,ZMIZ2,15,10
ENSG00000122565,+,1071,1071,0.6741363211951448,0.5555555555555556,4,1,1,0,0,0,0,0,0,0,0,0,0,0,0,0,CBX3,0,0
ENSG00000122861,+,3507,3507,0.46592529227259766,0.44682064442543484,0,3,0,0,0,0,1,0,0,0,0,0,1,1,0,0,PLAU,2,1
ENSG00000122862,+,9171,9171,0.555010358739505,0.5806346090938829,10,22,1,1,1,0,0,1,0,0,0,0,4,4,0,1,SRGN,5,6
ENSG00000122958,+,31163,31163,0.6083496454128293,0.5884863459872285,81,81,2,10,0,2,1,2,0,3,1,2,9,6,4,1,VPS26A,15,16
ENSG00000123091,+,19508,19508,0.5982673774861595,0.5620258355546442,50,36,2,1,2,2,2,2,0,0,3,1,5,4,0,1,RNF11,12,10
ENSG00000123131,+,6328,6328,0.6120417193426043,0.6117256637168141,16,11,0,0,0,1,0,1,0,0,0,1,3,5,0,0,PRDX4,3,8
ENSG00000123143,+,17592,17592,0.49357662573897226,0.4631082310140973,21,20,3,4,2,2,0,0,0,0,2,0,13,7,1,0,PKN1,18,9
ENSG00000123146,+,31190,31190,0.4475472907983328,0.498941968579673,18,38,5,11,4,2,3,2,1,0,0,1,13,16,0,2,ADGRE5,21,23
ENSG00000123240,+,30058,30058,0.593020161022024,0.5452458580078515,79,53,1,1,4,2,1,1,3,2,1,2,7,8,1,3,OPTN,17,18
ENSG00000123268,+,22658,22658,0.5924176891164269,0.5781181039809339,43,59,2,8,0,2,2,0,0,1,1,1,10,12,1,1,ATF1,14,17
ENSG00000123338,+,32220,32220,0.5580074487895716,0.5798882681564246,42,85,0,26,9,2,4,3,1,2,3,2,8,5,2,4,NCKAP1L,27,18
ENSG00000123384,+,2623,2623,0.5184902783072818,0.4620663362561952,4,0,0,0,0,0,0,2,0,0,0,0,1,0,1,0,LRP1,2,2
ENSG00000124207,+,35579,35579,0.5982742629078951,0.5572950335872284,95,68,14,11,1,2,4,5,2,3,3,2,14,12,5,4,CSE1L,29,28
ENSG00000124209,+,29494,29494,0.5915101376551163,0.5498406455550281,63,49,1,0,1,2,3,1,3,3,1,0,11,5,2,3,RAB22A,21,14
ENSG00000124356,+,9658,9658,0.5860426589355975,0.572478774073307,20,21,1,0,2,0,1,0,0,1,1,0,2,3,1,2,STAMBP,7,6
ENSG00000124357,+,3020,3020,0.5033112582781457,0.4675496688741722,3,1,0,0,0,0,1,0,0,0,0,0,0,0,0,0,NAGK,1,0
ENSG00000124508,+,1764,1764,0.5572562358276644,0.5521541950113379,0,4,0,0,0,1,0,0,0,0,0,0,0,1,0,0,BTN2A2,0,2
ENSG00000124535,+,5312,5312,0.5257906626506024,0.5747364457831325,5,14,0,0,1,0,0,0,0,0,0,0,0,0,1,0,WRNIP1,2,0
ENSG00000124541,+,3883,3883,0.5184135977337111,0.5122328096832346,1,3,0,0,1,1,0,0,0,0,1,0,4,5,0,0,RRP36,6,6
ENSG00000124588,+,15524,15524,0.5327235248647256,0.5369750064416388,15,18,0,2,4,0,0,0,0,0,1,0,3,4,0,0,NQO2,8,4
ENSG00000124702,+,3858,3858,0.4784862623120788,0.48729911871435977,8,3,4,0,0,0,1,0,0,0,0,0,1,0,0,0,KLHDC3,2,0
ENSG00000124784,+,2956,2956,0.6156968876860622,0.5192828146143437,5,6,0,0,0,0,0,0,1,0,0,0,1,0,0,0,RIOK1,2,0
ENSG00000124813,+,13445,13445,0.6009669021941242,0.6152473038304203,26,33,1,0,0,1,2,0,1,0,1,0,7,1,0,3,RUNX2,11,5
ENSG00000124882,+,26617,26617,0.6391403989931247,0.6283578164331066,82,100,3,6,0,2,0,2,1,2,2,0,7,5,1,4,EREG,11,15
ENSG00000125089,+,26905,26905,0.4279130273183423,0.4158334881992195,21,19,2,9,8,7,3,2,0,0,0,1,2,4,0,2,SH3TC1,13,16
ENSG00000125149,+,35264,35264,0.5244441923774955,0.5799965970961888,26,74,0,3,5,0,4,3,4,0,1,1,11,15,1,2,C16orf70,26,21
ENSG00000125304,+,2992,2992,0.5327540106951871,0.5093582887700535,5,7,0,0,1,0,0,0,1,0,0,0,1,3,0,0,TM9SF2,3,3
ENSG00000125356,+,729,729,0.6104252400548696,0.42112482853223593,5,1,1,0,0,0,0,0,0,0,0,0,0,0,0,0,NDUFA1,0,0
ENSG00000125384,+,581,581,0.685025817555938,0.6540447504302926,2,1,0,0,0,0,0,0,0,0,0,0,0,0,0,0,PTGER2,0,0
ENSG00000125611,+,3122,3122,0.4766175528507367,0.4977578475336323,1,4,0,0,0,0,0,0,0,0,0,0,0,0,0,0,CHCHD5,0,0
ENSG00000125629,+,20715,20715,0.6277576635288439,0.6050205165339126,55,53,0,0,2,1,0,2,1,1,0,1,2,3,3,2,INSIG2,8,10
ENSG00000125630,+,15399,15399,0.5810766932917721,0.5898434963309306,35,34,1,1,0,0,2,1,0,2,2,0,4,5,0,0,POLR1B,8,8
ENSG00000125740,+,158,158,0.5949367088607594,0.43037974683544306,0,0,0,0,0,0,0,0,0,0,0,0,0,0,0,0,FOSB,0,0
ENSG00000125753,+,6642,6642,0.4722975007527853,0.4500150557061126,8,0,3,0,0,0,0,0,0,0,0,0,2,2,0,0,VASP,2,2
ENSG00000125834,+,29383,29383,0.5421842562025662,0.5636252254705102,37,52,1,1,2,2,0,1,0,1,1,3,3,7,1,0,STK35,7,14
ENSG00000125868,+,31258,31258,0.6117154008573805,0.5653912598374816,83,64,5,0,1,2,1,1,0,1,1,0,6,10,2,2,DSTN,11,16
ENSG00000125871,+,17604,17604,0.5815723699159282,0.5580549875028402,37,28,6,2,1,1,2,1,3,1,0,1,5,5,0,0,MGME1,11,9
ENSG00000125885,+,414,414,0.6207729468599034,0.7222222222222222,3,3,0,1,1,0,0,0,0,0,0,0,0,0,0,0,MCM8,1,0
ENSG00000125970,+,26951,26951,0.5207227932173203,0.5595710734295574,39,44,1,3,4,2,5,0,3,1,2,4,2,7,1,0,RALY,17,14
ENSG00000125999,+,1783,1783,0.5249579360628155,0.45877734155916994,0,0,0,0,0,0,0,0,0,0,0,0,0,0,0,0,BPIFB1,0,0
ENSG00000126457,+,2548,2548,0.391679748822606,0.44623233908948196,0,1,0,0,1,0,0,0,0,0,1,0,0,0,0,0,PRMT1,2,0
ENSG00000126653,+,17281,17281,0.6082402638736184,0.6112493489960071,38,53,3,1,1,1,0,1,0,1,1,0,4,4,3,3,NSRP1,9,10
ENSG00000126749,+,14074,14074,0.5352422907488987,0.4715787977831462,18,5,1,2,0,2,0,0,0,1,2,2,4,2,1,0,EMG1,7,7
ENSG00000126773,+,25522,25522,0.6443460543844526,0.6093174516103753,76,70,1,1,1,2,0,1,1,2,1,1,6,5,1,4,PCNX4,10,15
ENSG00000126804,+,25848,25848,0.630338904363974,0.5699473847106159,88,50,4,1,1,3,0,2,1,2,1,0,8,11,3,0,ZBTB1,14,18
ENSG00000126822,+,7145,7145,0.4703988803358992,0.41945416375087474,9,1,0,1,1,3,0,1,0,0,1,1,2,0,1,0,PLEKHG3,5,5
ENSG00000127074,+,18149,18149,0.62973166565651,0.6432861314672985,44,57,1,1,6,2,1,2,1,2,0,1,3,0,4,1,RGS13,15,8
ENSG00000127084,+,18943,18943,0.4547326189093597,0.5700786570237026,16,35,1,0,6,0,0,1,0,0,1,1,4,2,0,1,FGD3,11,5
ENSG00000127125,+,14144,14144,0.5935378959276018,0.5610859728506787,39,26,1,0,1,0,0,0,1,0,0,0,3,4,1,1,PPCS,6,5
ENSG00000127311,+,18442,18442,0.6331200520550916,0.5842641795900662,66,40,3,4,0,0,2,0,2,0,2,4,2,4,1,1,HELB,9,9
ENSG00000127314,+,42700,42700,0.6101873536299766,0.5781264637002342,122,112,7,10,2,3,2,4,4,2,2,2,16,21,2,6,RAP1B,28,38
ENSG00000127334,+,4477,4477,0.6515523788251061,0.5539423721241903,16,9,0,0,0,0,1,0,0,0,0,0,0,0,3,0,DYRK2,4,0
ENSG00000127616,+,15741,15741,0.45607013531541835,0.46991931897592276,9,16,1,0,5,2,1,0,0,0,0,1,7,8,0,0,SMARCA4,13,11
ENSG00000127948,+,48618,48618,0.4750298243448928,0.5012958163643095,58,70,9,17,10,4,4,0,2,1,1,0,11,27,2,2,POR,30,34
ENSG00000127995,+,24133,24133,0.6584345087639332,0.6044006132681391,81,72,4,3,0,0,2,1,0,1,2,1,4,6,4,3,CASD1,12,12
ENSG00000128536,+,12764,12764,0.551316201817612,0.5556251958633657,24,19,3,0,1,1,1,0,0,0,1,0,1,2,1,1,CDHR3,5,4
ENSG00000128595,+,20756,20756,0.6037290422046637,0.565571401040663,52,34,1,2,2,2,2,2,1,2,0,0,6,3,1,0,CALU,12,9
ENSG00000128607,+,49509,49509,0.6063745985578379,0.5696338039548365,138,131,5,24,1,4,3,6,3,3,3,1,20,20,4,1,KLHDC10,34,35
ENSG00000128708,+,29378,29378,0.6141330247123697,0.5925182109061202,77,79,4,13,0,1,1,2,2,0,0,1,8,8,3,3,HAT1,14,15
ENSG00000128739,+,18960,18960,0.6026371308016878,0.5883966244725738,60,62,8,5,1,2,1,1,0,0,0,3,5,4,1,0,SNRPN,8,10
ENSG00000128791,+,19890,19890,0.6010055304172951,0.6414278531925591,37,69,0,6,0,0,0,1,2,1,0,1,7,4,1,3,TWSG1,10,10
ENSG00000129128,+,7999,7999,0.6277034629328666,0.6224528066008251,31,24,2,1,1,0,0,0,1,1,0,0,2,1,0,3,SPCS3,4,5
ENSG00000129255,+,5472,5472,0.4137426900584795,0.4409722222222222,2,2,0,0,0,1,1,0,0,0,0,0,0,4,0,0,MPDU1,1,5
ENSG00000129353,+,14630,14630,0.48591934381408064,0.4955570745044429,15,27,6,8,2,1,1,1,0,0,0,0,9,10,0,1,SLC44A2,12,13
ENSG00000130052,+,3536,3536,0.498868778280543,0.42449095022624433,2,1,0,0,2,2,0,0,0,0,0,0,1,0,2,1,STARD8,5,3
ENSG00000130119,+,3751,3751,0.5982404692082112,0.5121300986403625,13,7,1,2,0,0,0,0,0,0,1,0,0,1,0,1,GNL3L,1,2
ENSG00000130164,+,35344,35344,0.4903802625622454,0.4973121321865097,28,50,3,16,1,6,4,2,0,0,2,1,13,17,1,3,LDLR,21,29
ENSG00000130175,+,349,349,0.5186246418338109,0.4699140401146132,3,0,2,0,0,0,0,0,0,0,0,0,0,0,0,0,PRKCSH,0,0
ENSG00000130177,+,28777,28777,0.5938770545922091,0.5549918337561247,73,58,1,8,1,5,1,1,2,0,3,0,9,2,3,0,CDC16,19,8
ENSG00000130193,+,7203,7203,0.5002082465639317,0.4449534916007219,14,3,1,0,2,1,1,1,0,0,1,0,0,0,0,0,THEM6,4,2
ENSG00000130304,+,31311,31311,0.4717511417712625,0.4858675864712082,21,37,2,8,2,3,4,6,0,0,1,2,14,19,2,1,SLC27A1,23,31
ENSG00000130309,+,10380,10380,0.43815028901734104,0.5165703275529865,5,13,0,3,2,0,0,1,0,0,0,0,2,4,1,0,COLGALT1,5,5
ENSG00000130311,+,2022,2022,0.45944609297725025,0.49010880316518296,3,1,2,0,0,0,1,0,0,0,0,0,0,1,0,0,DDA1,1,1
ENSG00000130402,+,47153,47153,0.5053549084893856,0.47765783725319705,56,40,4,7,10,4,4,5,0,2,0,3,9,28,0,2,ACTN4,23,44
ENSG00000130475,+,35299,35299,0.46457406725402983,0.4542338309867135,29,9,3,0,7,3,1,5,0,0,0,0,15,14,2,1,FCHO1,25,23
ENSG00000130714,+,16018,16018,0.46460232238731425,0.46416531402172556,4,12,0,1,1,3,5,1,0,0,0,1,6,2,0,0,POMT1,12,7
ENSG00000130741,+,23034,23034,0.5898237388208735,0.529478162715985,58,43,8,5,0,0,0,2,2,1,3,0,7,10,0,0,EIF2S3,12,13
ENSG00000130770,+,375,375,0.6586666666666666,0.5386666666666666,1,0,0,0,0,0,0,0,0,0,0,0,0,0,0,0,ATP5IF1,0,0
ENSG00000130775,+,9521,9521,0.48671358050624935,0.46665266253544796,11,11,0,4,1,3,0,1,1,1,2,0,4,2,0,1,THEMIS2,8,8
ENSG00000130813,+,7837,7837,0.44289906852111777,0.4790098251882098,5,7,1,0,1,1,1,0,0,0,0,0,1,3,0,1,SHFL,3,5
ENSG00000130826,+,14973,14973,0.5473185066452949,0.5501903426167101,24,25,0,0,0,2,3,1,2,1,1,1,4,4,1,1,DKC1,11,10
ENSG00000130856,+,7830,7830,0.5993614303959132,0.5796934865900383,24,19,1,0,0,0,0,0,0,0,0,1,1,3,1,0,ZNF236,2,4
ENSG00000130921,+,2338,2338,0.5132591958939264,0.514114627887083,1,2,0,0,0,0,0,0,0,0,0,0,1,1,1,0,C12orf65,2,1
ENSG00000130939,+,41622,41622,0.5697467685358705,0.5712363653836913,85,82,8,14,2,1,3,5,1,2,3,3,27,8,4,4,UBE4B,40,23
ENSG00000131242,+,36573,36573,0.4813660350531813,0.4805731003745933,39,30,0,0,7,4,4,1,2,1,0,3,5,10,1,1,RAB11FIP4,19,20
ENSG00000131323,+,13529,13529,0.5618301426565157,0.5277551925493384,24,20,3,1,0,2,0,0,0,0,0,0,3,5,0,2,TRAF3,3,9
ENSG00000131375,+,3098,3098,0.6423499031633312,0.6236281471917366,4,8,0,1,0,0,0,0,0,0,0,0,0,0,0,1,CAPN7,0,1
ENSG00000131469,+,3661,3661,0.4995902758809069,0.5148866429937176,3,4,1,0,0,1,2,1,0,0,0,0,1,3,1,0,RPL27,4,5
ENSG00000131507,+,904,904,0.6758849557522124,0.461283185840708,3,2,0,0,0,0,0,0,0,0,0,0,0,0,0,0,NDFIP1,0,0
ENSG00000131626,+,4669,4669,0.541871921182266,0.5665024630541872,11,12,0,1,2,2,0,0,1,0,0,1,0,2,0,0,PPFIA1,3,5
ENSG00000131748,+,4467,4467,0.47503917618088204,0.4611596149541079,2,3,0,0,0,0,2,0,0,1,0,0,3,0,0,0,STARD3,5,1
ENSG00000131828,+,15704,15704,0.5653336729495669,0.5343861436576668,29,19,2,1,0,3,0,0,0,1,1,0,1,5,2,0,PDHA1,4,9
ENSG00000131966,+,21684,21684,0.6184283342556723,0.5834716841911086,59,34,2,2,1,3,2,0,1,1,2,0,8,9,0,1,ACTR10,14,14
ENSG00000131981,+,11798,11798,0.5795897609764367,0.5116121376504492,19,18,0,0,0,1,0,2,2,1,0,0,3,3,0,1,LGALS3,5,8
ENSG00000132003,+,4203,4203,0.4354032833690221,0.48370211753509396,0,6,0,0,2,0,0,0,0,0,1,1,3,2,0,0,ZSWIM4,6,3
ENSG00000132205,+,28055,28055,0.5446088041347353,0.5647834610586349,44,44,4,0,1,4,1,1,1,3,0,2,5,6,1,2,EMILIN2,9,18
ENSG00000132207,+,4570,4570,0.462800875273523,0.43698030634573304,4,4,3,2,0,0,1,0,0,0,0,0,2,2,0,0,SLX1A,3,2
ENSG00000132294,+,44931,44931,0.6597894549420222,0.6510649662816318,188,148,9,5,4,2,1,1,4,1,3,0,5,4,3,5,EFR3A,20,13
ENSG00000132329,+,11767,11767,0.5028469448457551,0.5161043596498682,20,13,1,0,2,1,0,1,0,0,0,1,2,1,1,0,RAMP1,5,4
ENSG00000132334,+,32020,32020,0.5051217988757026,0.5005309181761399,44,33,5,1,4,9,3,3,0,2,0,1,5,6,2,2,PTPRE,14,23
ENSG00000132434,+,26653,26653,0.592165985067347,0.5176903162870972,71,52,9,4,1,2,0,0,0,4,2,0,9,5,2,1,LANCL2,14,12
ENSG00000132570,+,32961,32961,0.6072631291526349,0.5418221534540821,81,44,1,3,2,2,2,1,1,4,0,0,7,10,3,1,PCBD2,15,18
ENSG00000132669,+,11174,11174,0.5519062108466082,0.5341865043851799,19,9,0,0,0,1,0,0,0,0,0,1,2,3,1,1,RIN2,3,6
ENSG00000132676,+,43435,43435,0.555819039944745,0.5538160469667319,80,56,8,0,0,7,1,6,2,1,2,1,27,18,0,2,DAP3,32,35
ENSG00000132792,+,36395,36395,0.5974996565462288,0.5939826899299354,78,96,5,3,3,3,7,1,2,3,1,2,5,2,5,2,CTNNBL1,23,13
ENSG00000132952,+,31397,31397,0.6135618052680193,0.6015861388030703,75,65,2,2,1,1,1,1,1,1,1,2,11,3,3,2,USPL1,18,10
ENSG00000132965,+,21960,21960,0.5378415300546449,0.5496357012750456,28,27,0,1,4,4,0,1,2,0,1,0,4,1,0,0,ALOX5AP,11,6
ENSG00000133114,+,2557,2557,0.6445052796245601,0.6323816973015253,14,13,0,1,1,0,0,0,0,0,0,0,1,0,0,0,GPALPP1,2,0
ENSG00000133275,+,32107,32107,0.39608185130968326,0.41937895163048555,20,33,8,16,5,7,0,1,0,1,3,0,3,13,1,0,CSNK1G2,12,22
ENSG00000133302,+,41930,41930,0.6444073455759599,0.6335797758168376,140,136,12,11,1,1,3,3,2,2,1,2,8,8,2,3,SLF1,17,19
ENSG00000133313,+,8456,8456,0.45565279091769156,0.49290444654683063,8,14,0,1,0,9,0,0,2,1,1,0,1,1,0,0,CNDP2,4,11
ENSG00000133612,+,11179,11179,0.48286966633867073,0.4366222381250559,13,7,0,1,2,0,0,0,1,0,0,1,8,1,0,0,AGAP3,11,2
ENSG00000133678,+,10263,10263,0.5891064990743448,0.5557829094806587,21,20,2,1,0,0,0,2,1,0,0,1,6,3,0,1,TMEM254,7,7
ENSG00000133794,+,18802,18802,0.559727688543772,0.5594085735560047,28,34,0,0,4,0,1,1,1,1,1,3,1,2,0,3,ARNTL,8,10
ENSG00000133835,+,27945,27945,0.6539989264626945,0.602361782071927,100,77,3,4,0,0,0,1,3,0,2,1,3,1,3,1,HSD17B4,11,4
ENSG00000133884,+,4000,4000,0.397,0.5285,2,6,0,0,0,1,0,0,0,0,0,0,1,2,0,1,DPF2,1,4
ENSG00000134077,+,14016,14016,0.602240296803653,0.585545091324201,30,36,5,5,2,0,0,0,0,1,0,0,2,3,0,1,THUMPD3,4,5
ENSG00000134255,+,35943,35943,0.645466432963303,0.6210666889241299,136,87,8,3,1,0,2,3,5,3,1,1,5,8,2,6,CEPT1,16,21
ENSG00000134317,+,41387,41387,0.5714596370841085,0.5567690337545607,76,66,7,2,6,2,3,3,2,1,2,3,9,7,3,2,GRHL1,25,18
ENSG00000134333,+,11978,11978,0.5859074970779763,0.4988311905159459,27,11,1,0,1,1,0,3,0,0,0,0,6,1,1,0,LDHA,8,5
ENSG00000134369,+,22120,22120,0.5422694394213382,0.5394213381555154,21,21,2,5,6,1,0,2,0,1,3,0,6,6,1,2,NAV1,16,12
ENSG00000134531,+,17459,17459,0.559253107279913,0.5547854974511713,28,28,0,0,1,2,0,1,4,4,0,3,0,4,2,0,EMP1,7,14
ENSG00000134574,+,589,589,0.5823429541595926,0.5806451612903226,1,1,0,0,0,0,0,0,0,0,0,0,0,0,0,1,DDB2,0,1
ENSG00000134627,+,13984,13984,0.6023312356979404,0.5544193363844394,33,35,0,1,1,1,0,2,1,0,1,0,4,1,0,2,PIWIL4,7,6
ENSG00000134717,+,4147,4147,0.5975403906438389,0.5714974680491922,11,9,1,0,0,0,0,0,0,0,0,0,0,3,0,1,BTF3L4,0,4
ENSG00000134851,+,47170,47170,0.6151579393682425,0.5560525757896968,148,92,21,22,7,6,3,6,4,3,2,2,6,15,4,2,TMEM165,26,34
ENSG00000134900,+,17076,17076,0.6222768798313423,0.6502693839306629,51,59,4,2,0,2,1,1,4,2,2,3,0,3,4,3,TPP2,11,14
ENSG00000135046,+,13499,13499,0.6527890954885547,0.6490110378546559,52,47,0,0,0,1,0,1,0,0,0,0,1,2,0,3,ANXA1,1,7
ENSG00000135127,+,165,165,0.43636363636363634,0.6060606060606061,0,1,0,0,0,0,0,0,0,0,0,0,0,0,0,0,BICDL1,0,0
ENSG00000135218,+,29104,29104,0.6573323254535459,0.6556830676195712,89,105,1,1,0,0,2,0,3,3,2,0,3,3,7,4,CD36,17,10
ENSG00000135249,+,25076,25076,0.5923193491784974,0.5371271335141171,55,43,5,5,0,1,4,2,1,1,0,2,12,10,3,0,RINT1,20,16
ENSG00000135269,+,2049,2049,0.6656905807711079,0.6339677891654466,4,8,0,0,1,0,0,0,0,0,0,0,0,0,0,0,TES,1,0
ENSG00000135297,+,9304,9304,0.5981298366294067,0.5834049871023216,16,15,0,0,1,2,1,1,1,1,0,0,2,3,1,1,MTO1,6,8
ENSG00000135336,+,46506,46506,0.6133402141659141,0.6085666365630241,127,146,14,18,2,3,2,2,5,2,2,4,9,18,6,3,ORC3,26,32
ENSG00000135362,+,1130,1130,0.5858407079646017,0.4539823008849557,4,1,0,0,0,0,0,0,0,0,0,0,0,0,0,0,PRR5L,0,0
ENSG00000135373,+,36694,36694,0.5590832288657546,0.5694118929525263,59,61,0,2,1,5,2,1,3,1,3,0,4,7,4,2,EHF,17,16
ENSG00000135378,+,11138,11138,0.5996588256419465,0.6414077931405997,33,50,3,1,1,0,0,0,1,0,1,0,8,5,3,0,PRRG4,14,5
ENSG00000135387,+,44342,44342,0.6069640521401831,0.5656488205313247,127,70,10,7,1,3,3,4,6,1,3,3,6,14,4,2,CAPRIN1,23,27
ENSG00000135476,+,200,200,0.605,0.535,2,0,0,0,0,0,0,0,0,0,0,0,0,0,0,0,ESPL1,0,0
ENSG00000135503,+,47471,47471,0.5553706473425881,0.49676644688336036,89,66,4,2,4,7,4,5,2,1,2,3,14,11,0,2,ACVR1B,26,29
ENSG00000135506,+,23958,23958,0.5707905501293931,0.5920778028216045,52,53,3,1,1,2,1,2,1,2,0,0,8,5,1,1,OS9,12,12
ENSG00000135604,+,5512,5512,0.6046806966618288,0.5876269956458636,17,9,0,0,0,0,0,0,0,1,0,0,1,2,1,1,STX11,2,4
ENSG00000135679,+,39338,39338,0.6077329808327826,0.5526208754893487,115,76,3,11,3,1,1,5,3,6,4,2,10,17,6,3,MDM2,27,34
ENSG00000135686,+,8693,8693,0.4886690440584378,0.4909697457724606,2,5,0,2,3,0,1,1,0,0,1,2,1,0,0,0,KLHL36,6,3
ENSG00000135709,+,39642,39642,0.47204984612279904,0.5103677917360375,29,53,1,10,9,5,2,3,1,2,2,2,10,13,1,1,KIAA0513,25,26
ENSG00000135722,+,2131,2131,0.41623650868137024,0.3941811356170812,2,0,0,0,0,0,0,0,0,0,0,0,1,1,0,0,FBXL8,1,1
ENSG00000135829,+,47046,47046,0.6222845725460188,0.5845767971772308,140,92,7,1,2,6,3,5,4,2,1,1,5,12,6,4,DHX9,21,30
ENSG00000135838,+,10028,10028,0.6098923015556442,0.597427203829278,21,24,0,0,0,2,1,1,1,0,0,0,2,2,0,3,NPL,4,8
ENSG00000135930,+,21196,21196,0.5587846763540291,0.49693338365729384,26,22,0,0,4,2,3,0,2,0,0,0,5,4,3,3,EIF4E2,17,9
ENSG00000135968,+,30996,30996,0.6234352819718674,0.5978190734288296,82,65,5,11,3,3,2,2,1,0,0,3,7,7,1,3,GCC2,14,18
ENSG00000136045,+,185,185,0.6432432432432432,0.33513513513513515,1,0,0,0,0,0,0,0,0,0,0,0,0,0,0,0,PWP1,0,0
ENSG00000136048,+,32705,32705,0.5764561993578964,0.544167558477297,78,46,18,7,3,3,4,2,0,3,0,2,8,10,1,1,DRAM1,16,21
ENSG00000136122,+,18836,18836,0.634317264812062,0.6076130813336165,72,45,1,0,1,2,1,0,0,4,2,1,1,3,2,0,BORA,7,10
ENSG00000136213,+,35900,35900,0.508133704735376,0.45818941504178273,44,31,5,7,3,4,0,1,1,0,1,1,15,12,1,3,CHST12,21,21
ENSG00000136235,+,16099,16099,0.5777998633455494,0.5789179452139884,29,34,1,0,1,0,3,0,3,1,1,1,4,4,1,0,GPNMB,13,6
ENSG00000136238,+,22908,22908,0.5467522262964903,0.5232233280949886,35,41,2,15,2,2,0,1,0,1,1,1,8,17,1,0,RAC1,12,22
ENSG00000136280,+,29166,29166,0.5464239182609888,0.5334293355276692,46,40,5,5,2,2,3,4,0,1,2,2,13,15,0,0,CCM2,20,24
ENSG00000136381,+,44423,44423,0.6173378655201135,0.5671611552574117,124,107,10,16,2,3,3,0,5,4,1,1,11,10,1,3,IREB2,23,21
ENSG00000136404,+,3697,3697,0.5818230998106573,0.6037327562888829,7,13,0,0,1,0,0,0,1,0,1,1,0,1,0,1,TM6SF1,3,3
ENSG00000136436,+,12337,12337,0.5695063629731701,0.5405690200210748,21,16,3,0,1,1,1,0,1,0,4,1,6,6,0,0,CALCOCO2,13,8
ENSG00000136448,+,42385,42385,0.5202548071251623,0.48307184145334436,58,40,13,7,6,9,2,4,3,1,2,0,19,26,0,0,NMT1,32,40
ENSG00000136485,+,20409,20409,0.5485325101670832,0.5681317066000294,30,32,0,0,2,0,1,3,0,0,2,0,9,10,4,4,DCAF7,18,17
ENSG00000136536,+,46709,46709,0.6281658780962983,0.612965381404012,154,123,4,12,4,3,4,3,3,2,4,7,12,10,4,6,MARCHF7,31,31
ENSG00000136603,+,12917,12917,0.5850429666331192,0.6052488968026631,42,32,9,2,0,1,0,0,0,0,1,2,3,6,1,1,SKIL,5,10
ENSG00000136868,+,43250,43250,0.5874682080924856,0.598150289017341,81,80,2,2,2,5,5,2,5,1,2,1,9,10,1,1,SLC31A1,24,20
ENSG00000136888,+,7175,7175,0.5625087108013938,0.5269686411149825,11,15,0,0,0,2,0,1,0,0,0,0,0,1,0,0,ATP6V1G1,0,4
ENSG00000137161,+,6655,6655,0.4734785875281743,0.5074380165289256,4,8,0,0,1,0,1,2,0,0,0,0,3,1,0,0,CNPY3,5,3
ENSG00000137210,+,30041,30041,0.5699543956592656,0.534036816350987,59,44,2,0,3,5,2,2,0,0,2,1,8,10,3,1,TMEM14B,18,19
ENSG00000137265,+,11360,11360,0.5590669014084507,0.4840669014084507,19,12,0,2,2,3,1,0,0,0,0,0,3,2,2,0,IRF4,8,5
ENSG00000137275,+,18012,18012,0.5780590717299579,0.520042194092827,30,23,3,2,1,2,1,1,0,0,0,0,5,4,1,0,RIPK1,8,7
ENSG00000137343,+,15903,15903,0.4977677167829969,0.5203420738225492,21,18,3,0,3,2,3,0,1,0,0,1,7,11,1,0,ATAT1,15,14
ENSG00000137393,+,47581,47581,0.6041907484079779,0.5837203925936824,114,110,4,7,3,4,4,5,2,7,2,2,14,10,3,2,RNF144B,28,30
ENSG00000137414,+,2684,2684,0.6650521609538003,0.6121460506706409,11,5,0,0,0,0,0,0,0,0,0,0,2,1,1,1,FAM8A1,3,2
ENSG00000137491,+,39122,39122,0.49253616890752006,0.5048310413578038,36,42,4,5,3,4,1,4,1,1,0,0,7,9,0,3,SLCO2B1,12,21
ENSG00000137575,+,5556,5556,0.6382289416846653,0.6499280057595392,21,23,0,1,0,0,0,0,0,2,0,1,1,1,0,1,SDCBP,1,5
ENSG00000137770,+,35754,35754,0.5999888124405661,0.5976114560608603,75,91,1,5,2,1,3,3,3,2,1,0,22,9,4,1,CTDSPL2,35,16
ENSG00000137801,+,4720,4720,0.5923728813559322,0.5351694915254237,10,4,1,0,0,0,0,0,0,1,0,0,2,0,0,0,THBS1,2,1
ENSG00000137814,+,12797,12797,0.5934203328905212,0.5555208251934047,21,17,2,3,0,1,0,1,0,1,1,0,6,1,0,0,HAUS2,7,4
ENSG00000137842,+,43647,43647,0.6024469035672555,0.5689967237152611,115,73,2,5,4,4,5,5,1,3,4,4,13,24,4,3,TMEM62,31,43
ENSG00000137857,+,9541,9541,0.47175348495964786,0.4789854312965098,2,7,0,0,1,2,0,1,1,1,0,0,3,4,0,0,DUOX1,5,8
ENSG00000137959,+,20161,20161,0.6400476166856802,0.6467437131094688,63,73,4,1,1,0,2,0,2,2,0,1,4,2,3,2,IFI44L,12,7
ENSG00000138018,+,26878,26878,0.5734801696554803,0.5738522211474067,58,44,5,2,1,3,4,1,2,1,0,0,7,12,3,1,SELENOI,17,18
ENSG00000138029,+,28068,28068,0.5998289867464729,0.5792005130397606,56,61,3,1,1,2,3,2,1,1,1,2,16,13,0,0,HADHB,22,20
ENSG00000138036,+,13431,13431,0.6336832700469064,0.6280247189338098,44,37,3,0,1,0,1,0,0,3,1,1,0,5,2,0,DYNC2LI1,5,9
ENSG00000138185,+,40426,40426,0.6063919259882254,0.593949438480186,103,108,6,5,1,2,2,5,0,1,2,3,5,9,4,4,ENTPD1,14,24
ENSG00000138385,+,3293,3293,0.6313392043729122,0.5939872456726389,8,11,1,6,0,0,0,0,0,0,0,0,1,1,0,0,SSB,1,1
ENSG00000138398,+,45769,45769,0.6209661561318797,0.5946601411435688,139,151,12,12,0,2,2,1,1,3,3,1,11,14,3,2,PPIG,20,23
ENSG00000138434,+,23359,23359,0.6434350785564451,0.6399674643606319,81,75,5,2,1,0,2,1,0,1,0,4,6,2,1,4,ITPRID2,10,12
ENSG00000138443,+,39526,39526,0.6118757273693265,0.611901027171988,99,118,3,13,3,1,5,6,1,2,6,3,11,11,6,3,ABI2,32,26
ENSG00000138613,+,30435,30435,0.6014457039592574,0.5855429604074257,76,77,5,5,4,3,2,1,6,1,1,1,2,8,3,1,APH1B,18,15
ENSG00000138621,+,21696,21696,0.5098635693215339,0.48359144542772864,27,31,1,4,3,4,1,1,0,0,2,0,5,6,0,1,PPCDC,11,12
ENSG00000138642,+,42719,42719,0.6069430464196259,0.591774152016667,122,67,10,4,3,3,1,0,1,3,4,2,6,11,2,3,HERC6,17,22
ENSG00000138646,+,48307,48307,0.6084418407270168,0.5905562340861573,131,115,10,4,2,5,2,2,3,1,3,4,10,7,1,2,HERC5,21,21
ENSG00000138660,+,36252,36252,0.6354132185810438,0.6055114200595829,95,74,4,4,0,2,4,2,1,1,0,3,10,5,3,1,AP1AR,18,14
ENSG00000138756,+,26507,26507,0.648696570717169,0.6483947636473384,90,104,0,5,1,3,1,0,5,2,6,0,1,4,3,2,BMP2K,17,11
ENSG00000138764,+,6028,6028,0.623921698739217,0.5449568679495687,13,13,0,0,1,0,1,0,0,0,0,0,2,0,0,0,CCNG2,4,0
ENSG00000138796,+,30601,30601,0.5668115421064671,0.5953727002385543,50,54,1,3,1,2,0,0,2,1,3,0,5,5,2,5,HADH,13,13
ENSG00000138834,+,38756,38756,0.4036278253689751,0.49605222417174116,14,25,8,1,4,2,1,3,0,1,0,4,4,12,1,2,MAPK8IP3,10,24
ENSG00000138835,+,47204,47204,0.4905516481654097,0.48993729344970766,58,42,5,2,9,9,3,4,2,1,0,1,9,7,0,0,RGS3,23,22
ENSG00000139278,+,3137,3137,0.6525342684093083,0.6401020082881734,14,17,0,1,0,0,0,0,0,0,1,1,0,1,1,0,GLIPR1,2,2
ENSG00000139324,+,2444,2444,0.7107201309328969,0.6902618657937807,13,10,1,0,0,1,0,0,0,1,0,0,0,0,0,1,TMTC3,0,3
ENSG00000139372,+,20608,20608,0.5971467391304348,0.5864712732919255,63,50,1,4,0,1,2,1,1,1,0,1,6,2,1,3,TDG,10,9
ENSG00000139496,+,38488,38488,0.6420182914155061,0.5956921637913116,132,94,9,10,1,5,4,3,5,0,3,1,11,8,2,3,NUP58,26,20
ENSG00000139618,+,10616,10616,0.6387528259231349,0.6288620949510173,38,29,2,1,0,0,0,1,0,1,1,1,5,1,0,2,BRCA2,6,6
ENSG00000139641,+,8897,8897,0.4980330448465775,0.4789254804990446,10,3,1,0,1,0,1,0,0,0,1,0,1,2,0,0,ESYT1,4,2
ENSG00000139651,+,8924,8924,0.5115419094576423,0.5051546391752577,13,18,1,9,2,0,0,1,0,0,2,0,1,5,1,0,ZNF740,6,6
ENSG00000139842,+,34343,34343,0.5541740674955595,0.5314620155490202,59,49,3,4,5,4,4,2,0,5,2,3,8,9,1,0,CUL4A,20,23
ENSG00000139921,+,11330,11330,0.6323036187113857,0.6030891438658429,40,23,2,0,1,0,2,0,0,1,3,0,0,1,0,0,TMX1,6,2
ENSG00000140263,+,47920,47920,0.5500834724540902,0.5770450751252086,67,94,1,1,3,4,3,3,2,3,3,2,18,10,2,3,SORD,31,25
ENSG00000140320,+,18004,18004,0.4608975783159298,0.45306598533659187,12,17,0,1,3,3,0,5,0,0,0,0,2,3,1,2,BAHD1,6,13
ENSG00000140367,+,43999,43999,0.6200368190186141,0.5744221459578627,120,95,6,9,4,3,2,3,4,1,0,4,10,3,6,1,UBE2Q2,26,15
ENSG00000140406,+,1266,1266,0.6216429699842022,0.2740916271721959,3,0,0,0,0,0,0,0,0,0,0,0,0,0,0,0,TLNRD1,0,0
ENSG00000140718,+,34148,34148,0.5933290383038539,0.5999472882745696,77,104,2,5,1,3,2,2,2,1,4,2,6,3,4,7,FTO,19,18
ENSG00000140740,+,27999,27999,0.603092967605986,0.5669488196007,67,65,5,12,3,2,1,2,1,2,2,4,10,17,6,1,UQCRC2,23,28
ENSG00000140853,+,23663,23663,0.48806153065967967,0.4770316527912775,14,13,0,0,7,6,0,4,1,0,0,0,9,5,0,1,NLRC5,17,16
ENSG00000140941,+,5551,5551,0.5660241397946316,0.5598991172761665,19,7,6,0,0,0,0,1,0,1,0,0,1,2,0,2,MAP1LC3B,1,6
ENSG00000140968,+,3761,3761,0.5057165647434193,0.5105025259239564,3,4,0,0,2,2,0,0,0,1,0,0,0,0,0,0,IRF8,2,3
ENSG00000140992,+,11305,11305,0.46377708978328175,0.49181777974347635,15,16,4,5,1,1,1,1,0,0,0,0,1,0,0,1,PDPK1,3,3
ENSG00000141076,+,40914,40914,0.5585863029769761,0.5512049665151293,76,70,9,10,2,3,1,7,3,3,0,2,16,14,2,3,UTP4,24,32
ENSG00000141219,+,18552,18552,0.5503988788270806,0.5748167313497197,26,34,0,0,2,2,1,4,0,2,0,0,6,10,1,2,C17orf80,10,20
ENSG00000141258,+,28564,28564,0.44559585492227977,0.5249964990897633,13,40,2,5,4,2,3,3,2,1,0,1,4,14,1,1,SGSM2,14,22
ENSG00000141371,+,5863,5863,0.5565410199556541,0.5539826027630905,12,6,1,0,0,0,0,1,1,0,0,1,6,4,0,0,C17orf64,7,6
ENSG00000141401,+,18193,18193,0.507228054746331,0.5083823448579123,24,31,1,8,1,3,3,2,1,2,1,0,6,9,0,0,IMPA2,12,16
ENSG00000141503,+,28351,28351,0.5035801206306656,0.4745511622165003,24,22,4,0,3,1,1,1,1,1,0,1,12,13,1,2,MINK1,18,19
ENSG00000141519,+,45391,45391,0.47747350796413385,0.5003855389834989,35,58,3,6,9,5,3,2,0,1,1,1,12,15,2,0,CCDC40,27,24
ENSG00000141540,+,29852,29852,0.4534369556478628,0.46790834784939034,24,21,3,3,8,6,3,3,1,1,0,0,8,9,2,1,TTYH2,22,20
ENSG00000141646,+,12239,12239,0.6353460250020426,0.6509518751531987,51,48,7,8,0,1,1,1,0,2,2,1,3,1,0,1,SMAD4,6,7
ENSG00000141664,+,48213,48213,0.6049613174869848,0.574077530956381,123,109,2,5,5,2,3,3,2,9,2,3,13,6,5,4,ZCCHC2,30,27
ENSG00000141905,+,9612,9612,0.45744902205576365,0.4651477320016646,5,10,1,4,0,3,3,1,0,0,0,0,2,6,0,0,NFIC,5,10
ENSG00000142166,+,8921,8921,0.5954489407017151,0.592310279116691,13,28,0,8,0,1,0,1,0,0,2,0,3,3,0,2,IFNAR1,5,7
ENSG00000142173,+,14903,14903,0.379588002415621,0.5385492853787828,3,21,1,0,4,2,0,0,0,0,0,0,1,1,0,0,COL6A2,5,3
ENSG00000142494,+,26622,26622,0.5155510480054091,0.5372248516264744,27,36,4,5,3,6,2,2,2,2,0,1,7,14,1,1,SLC47A1,15,26
ENSG00000142765,+,4645,4645,0.3907427341227126,0.4527448869752422,2,4,0,0,0,1,1,1,0,0,0,0,1,2,0,0,SYTL1,2,4
ENSG00000142920,+,42514,42514,0.5447852472126828,0.5160417744742908,79,54,5,3,9,7,1,0,0,3,3,2,8,12,2,1,AZIN2,23,25
ENSG00000143093,+,8419,8419,0.4912697470008315,0.5252405273785485,6,10,0,0,1,2,0,0,0,0,0,0,3,1,0,0,STRIP1,4,3
ENSG00000143110,+,2556,2556,0.5715962441314554,0.573943661971831,4,15,0,4,0,0,0,0,0,0,1,0,0,2,0,0,C1orf162,1,2
ENSG00000143119,+,11207,11207,0.5916837690729009,0.6369233514767556,19,35,0,6,1,2,0,0,1,0,3,1,3,0,0,1,CD53,8,4
ENSG00000143153,+,14615,14615,0.5875470407115977,0.5161820047895997,31,19,0,0,1,1,1,0,0,2,0,0,3,0,2,0,ATP1B1,7,3
ENSG00000143155,+,7352,7352,0.6392818280739935,0.6010609357997824,17,19,2,0,0,0,0,1,2,0,1,0,2,6,1,2,TIPRL,6,9
ENSG00000143157,+,13117,13117,0.6082945795532515,0.5005717770831745,32,11,1,0,0,0,0,1,1,1,0,1,3,2,2,2,POGK,6,7
ENSG00000143198,+,7417,7417,0.5711203990831872,0.5758392881218821,15,16,1,1,1,1,1,1,0,0,1,0,1,4,0,2,MGST3,4,8
ENSG00000143226,+,14563,14563,0.5724781981734532,0.6011124081576599,29,46,1,1,1,0,1,3,2,1,1,1,2,1,0,1,FCGR2A,7,7
ENSG00000143324,+,12403,12403,0.6127549786342014,0.6115455938079497,23,24,0,1,3,1,0,1,0,1,1,0,3,1,0,1,XPR1,7,5
ENSG00000143367,+,21992,21992,0.5416060385594762,0.5349672608221171,29,35,4,1,5,1,2,3,1,2,1,0,3,5,0,1,TUFT1,12,12
ENSG00000143376,+,21755,21755,0.6073086646747874,0.5112387956791542,71,19,14,0,1,0,2,0,2,1,2,2,2,7,1,0,SNX27,10,10
ENSG00000143379,+,32738,32738,0.5585863522512066,0.5525688802003788,42,39,2,1,1,3,2,2,3,1,1,1,15,23,3,2,SETDB1,25,32
ENSG00000143499,+,32263,32263,0.5552180516380993,0.5658494250379692,49,67,0,4,2,4,3,2,1,1,1,1,7,5,2,3,SMYD2,16,16
ENSG00000143740,+,46268,46268,0.46950376069853894,0.5553946572144896,28,73,4,0,7,2,4,2,2,2,2,1,7,8,2,4,SNAP47,24,19
ENSG00000143753,+,4259,4259,0.5844094857947875,0.4864991782108476,10,3,0,0,0,0,0,1,0,0,0,0,3,1,0,0,DEGS1,3,2
ENSG00000143756,+,34712,34712,0.5847257432588154,0.5777252823231159,67,77,0,8,0,4,0,1,1,0,0,1,25,16,2,5,FBXO28,28,27
ENSG00000143771,+,25716,25716,0.5944548141235029,0.5542074972779593,57,33,3,4,2,4,3,1,2,0,2,3,13,4,5,2,CNIH4,27,14
ENSG00000143891,+,25943,25943,0.5558339436456847,0.5497051227691477,47,41,1,4,1,0,3,2,0,0,2,1,12,6,3,0,GALM,21,9
ENSG00000144021,+,10094,10094,0.48256389934614624,0.49078660590449774,10,11,0,0,2,0,1,0,0,0,0,0,2,2,0,0,CIAO1,5,2
ENSG00000144136,+,14633,14633,0.5880543975944782,0.49777899268776055,32,14,4,0,0,0,2,2,0,1,0,0,2,2,3,1,SLC20A1,7,6
ENSG00000144224,+,35106,35106,0.6030308209422891,0.568848629863841,90,92,6,20,0,7,2,4,5,1,2,1,12,9,2,4,UBXN4,23,26
ENSG00000144283,+,45473,45473,0.619598443032129,0.6102742286631627,129,98,4,2,3,2,3,2,1,4,3,3,8,7,7,5,PKP4,25,23
ENSG00000144362,+,8691,8691,0.63813140029916,0.5770337130364745,27,21,0,2,0,1,0,0,0,0,0,0,3,0,0,1,PHOSPHO2,3,2
ENSG00000144535,+,26172,26172,0.5634647715115391,0.5665214733302766,49,39,0,0,1,2,2,1,2,1,3,1,1,5,0,2,DIS3L2,9,12
ENSG00000144566,+,14133,14133,0.6088586994976296,0.5937168329441732,32,40,1,5,1,2,0,2,1,0,1,0,7,3,0,1,RAB5A,10,8
ENSG00000144674,+,17235,17235,0.6116042935886278,0.5917609515520743,40,42,4,1,0,1,3,0,1,3,2,2,1,4,0,0,GOLGA4,7,10
ENSG00000144746,+,14708,14708,0.5761490345390263,0.5797525156377482,22,46,0,3,0,1,2,1,0,0,1,1,3,2,1,2,ARL6IP5,7,7
ENSG00000144895,+,36373,36373,0.6254089571935226,0.6039644791466198,114,71,13,2,1,1,1,4,0,3,2,0,15,13,4,2,EIF2A,23,23
ENSG00000145088,+,42289,42289,0.6443519591383102,0.6300219915344416,152,111,11,1,2,0,4,2,1,4,3,0,10,7,4,5,EAF2,24,18
ENSG00000145216,+,709,709,0.6318758815232722,0.6699576868829337,1,2,0,0,0,0,0,0,0,0,0,0,0,0,0,2,FIP1L1,0,2
ENSG00000145390,+,49049,49049,0.6390548227282922,0.6173214540561479,184,136,9,12,2,2,1,0,4,3,2,3,8,10,2,6,USP53,19,24
ENSG00000145491,+,3918,3918,0.5137825421133231,0.4987238386932108,4,2,0,0,0,1,0,0,0,0,0,0,2,2,0,0,ROPN1L,2,3
ENSG00000145495,+,22351,22351,0.5930830835309382,0.6118741890743143,41,39,1,5,0,0,0,0,1,0,3,0,3,6,0,0,MARCHF6,7,6
ENSG00000145569,+,7257,7257,0.5894997933030178,0.6067245418216894,7,16,0,0,2,0,1,2,0,0,0,0,2,0,1,1,OTULINL,6,3
ENSG00000145604,+,9034,9034,0.6063759132167368,0.6442328979411114,25,26,1,0,0,0,0,1,1,2,0,1,0,0,2,0,SKP2,3,4
ENSG00000145734,+,37299,37299,0.6044397973136009,0.6009544491809432,93,108,8,5,2,0,2,2,1,1,3,1,4,14,0,3,BDP1,12,21
ENSG00000145740,+,28548,28548,0.6110060249404512,0.554819952360936,89,54,2,0,3,0,2,2,0,2,0,0,12,15,3,0,SLC30A5,20,19
ENSG00000145741,+,3384,3384,0.6066784869976359,0.6338652482269503,7,9,2,1,0,0,0,2,0,0,1,1,0,0,0,0,BTF3,1,3
ENSG00000145833,+,27545,27545,0.5658740243238337,0.5978943546923217,73,69,12,2,1,2,0,5,0,2,2,2,14,5,3,0,DDX46,20,16
ENSG00000145907,+,29752,29752,0.6152527561172358,0.5546181769292821,79,58,3,5,0,0,1,1,1,0,1,1,10,8,1,2,G3BP1,14,12
ENSG00000146063,+,4862,4862,0.44590703414232824,0.5508021390374331,5,11,1,0,1,0,0,0,0,0,0,0,0,3,0,0,TRIM41,1,3
ENSG00000146192,+,3420,3420,0.41812865497076024,0.4649122807017544,2,1,0,0,1,1,0,2,0,0,0,0,1,0,0,0,FGD2,2,3
ENSG00000146457,+,3659,3659,0.6231210713309647,0.6310467340803498,7,11,0,0,0,0,0,0,0,1,0,0,2,2,0,1,WTAP,2,4
ENSG00000146648,+,3777,3777,0.5649986761980408,0.4588297590680434,3,3,0,0,0,2,0,0,0,0,2,0,0,1,0,0,EGFR,2,3
ENSG00000146729,+,9150,9150,0.5546448087431693,0.5783606557377049,11,7,0,0,1,2,1,0,0,1,1,0,4,8,0,2,NIPSNAP2,7,13
ENSG00000146856,+,7730,7730,0.6078913324708927,0.6342820181112548,17,21,0,0,0,0,1,0,0,0,3,0,0,1,0,0,AGBL3,4,1
ENSG00000146872,+,19518,19518,0.5782867097038631,0.5762885541551388,51,38,12,3,0,0,3,3,1,0,0,0,6,10,1,2,TLK2,11,15
ENSG00000146909,+,863,863,0.526071842410197,0.473928157589803,0,0,0,0,0,0,0,0,0,0,0,0,0,0,0,0,NOM1,0,0
ENSG00000146963,+,49588,49588,0.6101677825280309,0.5573727514721304,144,95,17,5,3,3,2,1,5,2,2,2,9,19,3,3,LUC7L2,24,30
ENSG00000147065,+,32388,32388,0.5452636779053971,0.5429788810670618,45,43,5,2,5,4,3,1,3,2,1,0,6,12,0,2,MSN,18,21
ENSG00000147119,+,16704,16704,0.5845306513409961,0.5102370689655172,33,15,1,1,2,2,2,0,1,2,0,0,7,4,0,2,CHST7,12,10
ENSG00000147138,+,27327,27327,0.6327807662751125,0.6407216306217294,97,73,5,1,1,1,1,1,4,4,1,2,3,2,4,1,GPR174,14,11
ENSG00000147140,+,4795,4795,0.5380604796663191,0.5618352450469238,2,8,0,2,0,0,2,1,0,0,1,0,0,1,0,0,NONO,3,2
ENSG00000147162,+,23037,23037,0.5933498285367018,0.5881842253765681,43,53,4,2,2,1,1,2,0,1,0,2,5,2,6,2,OGT,14,10
ENSG00000147174,+,29317,29317,0.5609714500119385,0.5730122454548555,53,51,0,4,0,2,0,1,0,0,3,0,5,7,2,6,GCNA,10,16
ENSG00000147416,+,13094,13094,0.5885901939819764,0.634259966396823,24,38,0,0,2,1,1,1,0,0,1,1,0,1,1,1,ATP6V1B2,5,5
ENSG00000147533,+,18020,18020,0.6127635960044395,0.5761931187569367,56,23,1,0,3,1,1,1,1,0,2,0,1,1,0,2,GOLGA7,8,5
ENSG00000147996,+,42036,42036,0.6436625749357694,0.4815396326957846,138,93,9,5,2,0,2,1,3,2,2,1,6,5,3,2,CBWD5,18,11
ENSG00000148019,+,36622,36622,0.6327071159412375,0.5871880290535744,109,80,2,6,1,2,0,2,2,3,2,3,10,7,1,5,CEP78,16,22
ENSG00000148154,+,2480,2480,0.6633064516129032,0.6254032258064516,10,3,0,0,0,1,1,0,1,0,0,0,0,0,0,0,UGCG,2,1
ENSG00000148187,+,34461,34461,0.5876788253387888,0.5915092423319115,66,86,2,2,5,2,2,4,0,2,0,3,5,10,1,2,MRRF,13,23
ENSG00000148356,+,28757,28757,0.48708140626630037,0.492645268977988,15,22,1,3,4,7,1,1,1,0,0,0,9,13,0,0,LRSAM1,15,21
ENSG00000148835,+,5433,5433,0.5812626541505613,0.49953984907049515,9,4,0,0,0,0,0,1,0,0,0,0,2,3,0,0,TAF5,2,4
ENSG00000148840,+,9162,9162,0.502510368915084,0.4775158262388125,9,4,0,0,2,3,1,1,0,0,0,0,2,1,0,0,PPRC1,5,5
ENSG00000149021,+,276,276,0.5,0.5144927536231884,0,0,0,0,0,0,0,0,0,0,0,0,0,0,0,0,SCGB1A1,0,0
ENSG00000149084,+,11710,11710,0.6198975234842016,0.6209222886421861,30,27,2,0,0,0,1,1,0,0,0,3,2,2,1,2,HSD17B12,4,8
ENSG00000149100,+,18699,18699,0.6327076314241403,0.5666613187871009,58,30,3,1,1,1,1,2,3,0,0,1,7,6,1,1,EIF3M,13,11
ENSG00000149131,+,17518,17518,0.5387601324352095,0.525117022491152,33,23,5,0,0,4,4,2,0,0,0,0,9,2,1,0,SERPING1,14,8
ENSG00000149294,+,1137,1137,0.5672823218997362,0.5699208443271768,0,0,0,0,0,0,0,0,0,0,0,0,0,0,0,0,NCAM1,0,0
ENSG00000149489,+,2437,2437,0.407468198604842,0.341403364792778,0,1,0,0,1,0,0,0,0,0,0,0,1,0,0,0,ROM1,2,0
ENSG00000149503,+,19723,19723,0.467575926583177,0.5174162145718197,11,29,0,0,4,4,1,0,1,0,0,2,4,4,2,0,INCENP,12,10
ENSG00000149577,+,1380,1380,0.4217391304347826,0.45217391304347826,0,1,0,0,1,0,0,1,0,0,0,0,0,2,0,0,SIDT2,1,3
ENSG00000149761,+,3689,3689,0.42233667660612634,0.4109514773651396,2,0,0,0,0,2,0,1,0,0,0,0,0,2,0,0,NUDT22,0,5
ENSG00000149823,+,17758,17758,0.46925329428989754,0.47364568081991215,17,10,0,0,1,4,1,2,0,0,1,0,6,7,0,0,VPS51,9,13
ENSG00000149923,+,2755,2755,0.42540834845735026,0.47368421052631576,1,4,0,0,0,0,2,1,0,0,0,0,0,1,0,0,PPP4C,2,2
ENSG00000149930,+,3511,3511,0.43691256052406724,0.39646824266590713,6,1,1,0,0,0,0,1,0,0,0,0,0,0,0,0,TAOK2,0,1
ENSG00000149932,+,8836,8836,0.5310095065640561,0.5067904028972385,11,8,0,0,0,1,0,1,0,0,0,1,7,9,0,0,TMEM219,7,12
ENSG00000150045,+,8463,8463,0.6468155500413565,0.6648942455394068,34,38,1,0,1,0,0,0,0,0,0,2,1,1,0,1,KLRF1,2,4
ENSG00000150403,+,20006,20006,0.47715685294411675,0.5339398180545836,25,23,0,0,21,3,2,0,0,0,0,1,5,3,1,1,TMCO3,29,8
ENSG00000150455,+,3484,3484,0.501435132032147,0.5401836969001148,3,10,1,0,2,0,1,0,0,0,0,0,1,0,1,1,TIRAP,5,1
ENSG00000150540,+,46486,46486,0.6297164737770512,0.6124639676461731,129,100,5,1,1,3,1,5,6,2,3,1,4,7,3,4,HNMT,18,22
ENSG00000150593,+,9061,9061,0.6731045138505684,0.6273038295993819,45,25,1,1,0,0,0,0,1,0,2,1,1,2,0,0,PDCD4,4,3
ENSG00000150681,+,27527,27527,0.6595706034075635,0.6425327859919352,103,90,2,4,2,0,0,2,0,1,1,1,4,6,0,5,RGS18,7,15
ENSG00000150753,+,893,893,0.5621500559910414,0.5632698768197089,0,2,0,0,0,0,0,0,1,0,0,0,1,1,0,0,CCT5,2,1
ENSG00000150787,+,11137,11137,0.5863338421477956,0.5685552662296849,21,14,1,0,0,0,3,1,0,1,0,1,0,1,1,3,PTS,4,7
ENSG00000151135,+,10013,10013,0.6404673923898931,0.6275841406171977,31,32,0,2,0,1,0,0,0,0,0,0,2,2,0,1,TMEM263,2,4
ENSG00000151576,+,25585,25585,0.6040648817666602,0.6138362321672856,65,65,4,0,3,1,0,1,0,1,2,1,5,6,1,2,QTRT2,11,12
ENSG00000152207,+,2711,2711,0.5769088897085947,0.683511619328661,4,13,0,0,0,0,1,0,0,0,0,0,0,0,0,0,CYSLTR2,1,0
ENSG00000152332,+,4957,4957,0.6564454307040549,0.5902763768408311,23,11,2,0,0,1,0,0,0,0,0,0,1,5,1,0,UHMK1,2,6
ENSG00000153037,+,19742,19742,0.5988248404416979,0.5829196636612298,42,53,2,3,3,5,1,1,1,2,0,2,3,5,4,1,SRP19,12,16
ENSG00000153113,+,33324,33324,0.6176929540271276,0.6016684671708078,80,91,1,3,2,1,1,3,7,2,4,1,5,5,4,3,CAST,23,15
ENSG00000153179,+,44481,44481,0.5708954385018322,0.559205053843214,91,97,5,14,3,2,1,3,1,3,1,2,8,15,1,2,RASSF3,15,27
ENSG00000153214,+,27417,27417,0.6365393733814786,0.5863515337199547,71,56,3,1,0,3,0,3,1,0,29,1,2,6,49,1,TMEM87B,81,14
ENSG00000153558,+,45183,45183,0.601088905119182,0.6351725206382932,100,134,3,11,2,2,3,2,7,2,4,2,13,11,3,3,FBXL2,32,22
ENSG00000153561,+,26736,26736,0.5717010771992819,0.613517354877319,54,85,2,20,3,0,1,3,0,3,0,1,2,8,2,0,RMND5A,8,15
ENSG00000153879,+,1232,1232,0.6006493506493507,0.5535714285714286,6,2,0,0,0,0,0,0,0,0,1,0,0,0,0,0,CEBPG,1,0
ENSG00000153989,+,23356,23356,0.6336701489981161,0.569232745333105,80,38,3,2,0,4,0,1,4,0,0,2,4,4,1,2,NUS1,9,13
ENSG00000154124,+,37546,37546,0.5789431630533213,0.5896500292973952,80,81,2,4,2,2,2,5,5,0,2,3,3,4,3,6,OTULIN,17,20
ENSG00000154144,+,7446,7446,0.6090518399140478,0.5758796669352673,12,17,0,1,2,2,0,3,0,1,0,0,0,1,1,3,TBRG1,3,10
ENSG00000154814,+,3051,3051,0.5742379547689282,0.5961979678793838,4,6,1,0,0,0,0,0,1,0,0,0,0,0,0,0,OXNAD1,1,0
ENSG00000154822,+,30971,30971,0.5995285912627942,0.6151561137838624,66,73,4,0,3,0,2,1,1,3,2,3,4,3,2,0,PLCL2,14,10
ENSG00000155016,+,23854,23854,0.5937788211620693,0.6235012995723987,61,71,3,0,2,1,1,3,2,2,0,0,4,5,3,1,CYP2U1,12,12
ENSG00000155100,+,5334,5334,0.6696662917135358,0.6531683539557556,28,17,1,0,0,0,0,0,0,1,0,1,0,0,2,0,OTUD6B,2,2
ENSG00000155256,+,1881,1881,0.5986177565124934,0.42477405635300375,4,2,0,0,0,0,0,0,0,0,0,0,0,0,0,0,ZFYVE27,0,0
ENSG00000155275,+,19607,19607,0.4904370887948182,0.5360840516142195,22,28,1,0,3,3,0,3,0,1,1,1,4,0,0,1,TRMT44,8,9
ENSG00000155324,+,15001,15001,0.6000266648890074,0.5831611225918272,25,29,0,0,1,2,1,1,1,1,0,0,4,7,2,2,GRAMD2B,9,13
ENSG00000155530,+,5755,5755,0.5655951346655083,0.572719374456994,9,4,0,0,1,2,0,0,0,1,0,1,0,0,0,0,LRGUK,1,4
ENSG00000155542,+,8180,8180,0.6320293398533008,0.5841075794621027,27,19,0,0,0,0,0,0,1,2,0,0,0,4,0,0,SETD9,1,6
ENSG00000155903,+,49351,49351,0.6398249275597252,0.6076472614536687,140,143,6,10,2,3,5,6,1,2,1,1,12,7,6,7,RASA2,27,26
ENSG00000155959,+,2282,2282,0.6095530236634531,0.6235758106923751,4,11,0,1,0,0,0,0,0,0,0,0,1,0,0,0,VBP1,1,0
ENSG00000155975,+,23155,23155,0.6479378104081192,0.6140358453897646,91,65,2,12,1,2,1,1,3,3,1,1,1,3,3,2,VPS37A,10,12
ENSG00000156026,+,33556,33556,0.6112170699725832,0.5724162593872929,78,60,3,3,2,4,6,4,0,0,2,1,10,9,3,2,MCU,23,20
ENSG00000156232,+,855,855,0.6432748538011696,0.6081871345029239,0,3,0,0,0,0,0,0,0,0,0,0,1,0,0,0,WHAMM,1,0
ENSG00000156599,+,26651,26651,0.5493227271021726,0.5156654534539041,50,33,10,2,2,5,3,4,0,1,1,0,10,9,1,1,ZDHHC5,17,20
ENSG00000156735,+,25211,25211,0.5788346356749038,0.5447622069731466,42,40,6,3,0,1,2,2,1,3,0,1,9,4,0,2,BAG4,12,13
ENSG00000156958,+,1112,1112,0.5962230215827338,0.6196043165467626,1,3,0,1,2,0,0,0,0,0,0,0,0,0,0,0,GALK2,2,0
ENSG00000157181,+,16138,16138,0.6583219729830214,0.6452472425331516,61,53,1,3,1,1,0,3,1,0,1,1,5,5,2,1,ODR4,10,11
ENSG00000157191,+,11903,11903,0.5142401075359153,0.5096194236747038,22,11,5,3,0,1,2,1,1,0,0,1,3,5,1,1,NECAP2,7,9
ENSG00000157349,+,23165,23165,0.5402978631556227,0.5386574573710339,42,57,5,15,2,1,1,2,3,0,1,1,15,7,1,0,DDX19B,23,11
ENSG00000157404,+,4837,4837,0.587967748604507,0.6216663221004755,6,7,0,0,2,0,0,0,0,1,1,1,0,1,0,0,KIT,3,3
ENSG00000157500,+,43125,43125,0.6344579710144927,0.5894956521739131,150,117,1,7,0,5,2,4,4,4,2,2,4,12,3,1,APPL1,15,28
ENSG00000157916,+,1174,1174,0.47018739352640543,0.39522998296422485,1,0,0,0,0,0,0,0,0,0,0,0,0,0,0,0,RER1,0,0
ENSG00000158079,+,10058,10058,0.6005170013919269,0.5881885066613641,28,22,4,0,0,0,0,0,0,2,1,0,3,0,1,0,PTPDC1,5,2
ENSG00000158158,+,15557,15557,0.5247155621263739,0.4889117439094941,27,32,3,12,1,3,1,2,0,1,0,0,4,7,1,1,CNNM4,7,14
ENSG00000158417,+,23206,23206,0.6033353443075067,0.5776954235973455,58,53,2,3,0,1,0,1,0,1,1,0,4,5,2,2,EIF5B,7,10
ENSG00000158435,+,13814,13814,0.5959895757926741,0.5444476617923846,40,28,4,1,1,0,2,0,0,0,1,0,2,6,0,1,CNOT11,6,7
ENSG00000158517,+,8678,8678,0.4510255819313206,0.4801797649227933,6,14,2,2,1,0,0,0,0,0,0,0,3,1,0,0,NCF1,4,1
ENSG00000158545,+,18211,18211,0.4456647081434298,0.496293449014332,6,20,0,2,5,1,2,1,0,0,0,1,3,6,0,0,ZC3H18,10,9
ENSG00000158669,+,41208,41208,0.5567608231411376,0.5425402834401087,76,59,5,2,2,2,2,2,1,3,1,0,6,16,1,0,GPAT4,13,23
ENSG00000158714,+,381,381,0.5144356955380578,0.5354330708661418,0,1,0,0,0,0,0,0,0,0,0,0,0,0,0,0,SLAMF8,0,0
ENSG00000158864,+,15535,15535,0.5271966527196653,0.4637914386868362,16,11,0,1,0,3,3,0,1,0,0,1,4,3,3,1,NDUFS2,11,8
ENSG00000159140,+,9114,9114,0.6389071757735352,0.5517884573184112,34,20,2,0,0,1,1,0,1,0,0,0,1,0,1,1,SON,4,2
ENSG00000159202,+,15079,15079,0.5296107168910406,0.5247695470521918,25,11,5,0,1,0,1,1,0,0,0,0,8,7,2,0,UBE2Z,12,8
ENSG00000159212,+,45920,45920,0.5508275261324042,0.5521994773519163,75,81,3,8,6,7,1,1,2,3,3,0,8,6,2,1,CLIC6,22,18
ENSG00000159231,+,8777,8777,0.544263415745699,0.5029053207246211,11,9,0,0,0,0,1,1,0,0,0,1,9,4,2,0,CBR3,12,6
ENSG00000159256,+,36535,36535,0.5888599972628986,0.5511701108526071,64,69,3,13,1,0,1,2,2,1,1,3,18,10,3,1,MORC3,26,17
ENSG00000159352,+,3491,3491,0.4883987396161558,0.5433973073617875,1,8,0,0,1,0,0,0,0,0,0,0,1,2,0,0,PSMD4,2,2
ENSG00000159579,+,42687,42687,0.5829175158713426,0.5794269918242088,96,103,12,3,2,5,6,5,4,2,3,1,13,14,3,0,RSPRY1,31,27
ENSG00000159640,+,3212,3212,0.4019302615193026,0.3916562889165629,2,0,0,0,0,1,0,0,0,0,0,0,0,1,0,0,ACE,0,2
ENSG00000159788,+,3082,3082,0.5970149253731343,0.5061648280337443,8,2,0,0,0,0,0,0,0,0,0,0,0,3,1,1,RGS12,1,4
ENSG00000160072,+,1319,1319,0.40333586050037906,0.34268385140257773,1,0,0,0,1,1,2,0,0,0,0,0,0,0,0,0,ATAD3B,3,1
ENSG00000160194,+,33523,33523,0.5308594099573427,0.4598633773826925,41,12,0,0,2,10,0,1,0,0,1,1,18,9,1,1,NDUFV3,22,22
ENSG00000160199,+,36739,36739,0.5361060453469065,0.5278586787882087,69,41,7,6,5,2,1,4,0,4,2,0,13,11,3,2,PKNOX1,24,23
ENSG00000160208,+,12073,12073,0.5434440487037191,0.5195891659073967,13,18,1,2,3,2,2,1,0,1,1,0,2,2,1,1,RRP1B,9,7
ENSG00000160209,+,18466,18466,0.42212715260478717,0.4615509585183581,5,14,0,0,3,1,1,3,3,2,1,1,3,6,0,1,PDXK,11,14
ENSG00000160221,+,3376,3376,0.384478672985782,0.4049170616113744,0,1,0,0,1,1,0,0,0,0,0,1,0,0,0,0,GATD3A,1,2
ENSG00000160602,+,7545,7545,0.4674618952948973,0.4776673293571902,7,6,1,0,3,0,0,0,0,0,0,0,1,4,0,0,NEK8,4,4
ENSG00000160654,+,8651,8651,0.5714946248988556,0.5086117211883019,13,7,1,0,0,1,1,0,0,1,0,0,2,3,1,0,CD3G,4,5
ENSG00000160752,+,2603,2603,0.4971187091817134,0.5151747983096427,0,2,0,0,0,0,0,0,0,0,0,0,0,4,0,0,FDPS,0,4
ENSG00000160789,+,2302,2302,0.43614248479582973,0.5099913119026933,0,4,0,0,1,0,0,0,0,0,0,0,0,3,0,0,LMNA,1,3
ENSG00000160932,+,7402,7402,0.4051607673601729,0.38205890299918943,9,1,4,0,1,0,0,0,0,0,0,0,0,0,0,1,LY6E,1,1
ENSG00000160999,+,4445,4445,0.415748031496063,0.4832395950506187,3,0,1,0,0,1,0,0,0,0,0,0,0,2,0,0,SH2B2,0,3
ENSG00000161011,+,19384,19384,0.44975237309120925,0.3890321914981428,11,11,0,4,4,2,1,0,1,0,0,0,6,1,1,0,SQSTM1,13,3
ENSG00000161057,+,3380,3380,0.6165680473372781,0.651775147928994,4,8,0,0,0,0,0,0,0,0,0,0,1,0,0,0,PSMC2,1,0
ENSG00000161671,+,31997,31997,0.43132168640810076,0.46351220426915024,24,27,6,3,2,5,1,4,1,0,1,1,6,10,1,0,EMC10,12,20
ENSG00000161920,+,3935,3935,0.5092757306226176,0.5072426937738247,4,6,1,2,0,0,0,0,0,0,0,0,2,2,0,0,MED11,2,2
ENSG00000161956,+,7752,7752,0.47639318885448917,0.4420794633642931,4,4,0,0,2,1,0,0,0,0,0,1,1,1,1,0,SENP3,4,3
ENSG00000162139,+,4159,4159,0.6001442654484251,0.5710507333493628,17,9,9,0,0,2,0,0,0,0,0,0,2,0,0,1,NEU3,2,3
ENSG00000162521,+,33286,33286,0.5744757555729135,0.5551583248212462,64,44,6,4,2,4,2,1,0,1,2,3,12,14,2,1,RBBP4,20,24
ENSG00000162543,+,895,895,0.5430167597765363,0.5206703910614525,1,0,0,0,0,2,0,0,0,1,0,0,0,0,0,0,UBXN10,0,3
ENSG00000162616,+,6930,6930,0.6308802308802309,0.6515151515151515,24,26,2,1,0,0,0,0,0,1,0,0,2,3,0,0,DNAJB4,2,4
ENSG00000162734,+,5824,5824,0.5348557692307693,0.4878090659340659,9,4,0,0,0,3,1,1,0,0,0,0,1,0,1,0,PEA15,3,4
ENSG00000162819,+,19998,19998,0.6387638763876388,0.5944594459445944,60,43,5,1,0,0,1,1,3,2,2,1,3,3,1,3,BROX,10,10
ENSG00000162852,+,37690,37690,0.5863358981162112,0.5736004245157866,90,95,2,11,1,2,4,2,2,3,1,3,9,11,4,4,CNST,21,25
ENSG00000162869,+,4305,4305,0.5914053426248548,0.5549361207897793,14,9,2,0,0,0,1,1,0,0,1,0,2,0,0,0,PPP1R21,4,1
ENSG00000162889,+,31831,31831,0.5206873802268229,0.5231378216204329,55,40,10,0,8,5,1,1,3,2,1,1,6,1,1,3,MAPKAPK2,20,13
ENSG00000162909,+,49526,49526,0.509348624964665,0.5391309615151637,53,53,4,1,6,2,5,2,2,2,0,1,12,19,4,5,CAPN2,29,31
ENSG00000162929,+,33762,33762,0.6025709377406552,0.5953142586339671,80,108,5,9,0,0,5,1,3,1,0,2,18,12,1,0,KIAA1841,27,16
ENSG00000162972,+,2302,2302,0.6624674196350999,0.6607298001737619,15,12,0,0,0,0,0,0,0,1,0,0,0,1,0,0,MAIP1,0,2
ENSG00000162976,+,17087,17087,0.5226195353192485,0.46889448118452626,28,16,3,1,2,3,0,0,1,0,0,2,2,3,0,1,SLC66A3,5,9
ENSG00000163006,+,6284,6284,0.6164863144493953,0.633991088478676,16,18,1,0,0,0,0,0,1,0,0,1,0,0,0,0,CCDC138,1,1
ENSG00000163041,+,13692,13692,0.5901256208004674,0.5461583406368682,23,28,0,2,0,1,0,2,1,0,2,2,4,9,1,2,H3-3A,8,16
ENSG00000163093,+,3700,3700,0.6118918918918919,0.6472972972972973,10,14,1,0,0,0,0,0,0,0,1,0,3,1,0,1,BBS5,4,2
ENSG00000163104,+,47641,47641,0.648978820763628,0.6271069037173863,181,152,6,6,0,1,3,2,3,1,2,3,4,10,2,1,SMARCAD1,14,18
ENSG00000163154,+,2973,2973,0.5011772620248907,0.5132862428523377,0,2,0,0,0,0,0,1,1,0,0,0,0,0,0,0,TNFAIP8L2,1,1
ENSG00000163249,+,48540,48540,0.5919859909353111,0.5557272352698805,105,79,5,9,4,2,2,1,2,0,2,2,12,20,2,2,CCNYL1,24,27
ENSG00000163319,+,2710,2710,0.6313653136531365,0.6081180811808118,13,3,0,0,0,0,0,0,0,0,0,0,1,0,0,1,MRPS18C,1,1
ENSG00000163349,+,35555,35555,0.6074813668963578,0.5564618197159331,94,61,11,5,3,4,3,5,1,3,6,1,5,7,0,1,HIPK1,18,21
ENSG00000163389,+,502,502,0.6294820717131474,0.5976095617529881,1,1,0,0,0,0,0,0,0,0,0,0,0,0,0,0,POGLUT1,0,0
ENSG00000163399,+,11476,11476,0.5978563959567794,0.5312826768909028,20,20,1,2,0,1,1,0,4,2,1,1,5,3,0,0,ATP1A1,11,7
ENSG00000163563,+,15413,15413,0.6555505093103224,0.6068902874197106,67,43,2,1,1,2,0,1,1,0,1,1,1,1,1,2,MNDA,5,7
ENSG00000163564,+,23145,23145,0.6088139987038237,0.6379779650032404,53,69,0,1,0,1,2,1,3,3,1,2,3,1,5,2,PYHIN1,14,10
ENSG00000163565,+,4618,4618,0.6177999133824166,0.6349068860978778,9,19,0,2,0,0,0,0,0,0,0,1,2,1,0,0,IFI16,2,2
ENSG00000163605,+,18010,18010,0.6133814547473626,0.5992781787895614,55,58,1,4,1,1,2,1,1,1,2,1,6,4,1,2,PPP4R2,13,10
ENSG00000163624,+,47568,47568,0.625,0.6009712411705348,141,97,7,4,0,2,2,7,7,3,2,3,16,12,5,1,CDS1,32,28
ENSG00000163655,+,21589,21589,0.6165176710361758,0.6255963685210061,56,55,3,2,2,0,1,0,1,2,0,2,4,4,2,1,GMPS,10,9
ENSG00000163659,+,17573,17573,0.6307972457747681,0.6024583167359017,61,50,7,2,2,0,0,1,4,2,1,1,3,2,2,2,TIPARP,12,8
ENSG00000163728,+,8140,8140,0.6525798525798526,0.6128992628992629,30,31,1,4,0,0,2,0,0,1,2,0,0,2,1,0,TTC14,5,3
ENSG00000163798,+,8628,8628,0.622739916550765,0.5831015299026425,32,18,12,0,0,0,0,0,0,0,1,2,1,4,0,0,SLC4A1AP,2,6
ENSG00000163803,+,4194,4194,0.4771101573676681,0.5376728659990463,2,5,0,0,2,0,1,1,0,0,0,2,2,2,0,0,PLB1,5,5
ENSG00000163964,+,11649,11649,0.5845136921624173,0.626405700060091,39,36,7,0,2,1,0,0,1,0,0,1,5,4,0,1,PIGX,8,7
ENSG00000164022,+,24416,24416,0.6505570117955439,0.6214777195281782,85,57,3,1,3,0,1,3,3,2,1,1,2,1,0,3,AIMP1,10,10
ENSG00000164118,+,12234,12234,0.6616805623671734,0.6226091221186856,45,44,3,1,0,0,0,2,0,0,1,1,1,3,2,0,CEP44,4,6
ENSG00000164142,+,22174,22174,0.6219446198250203,0.6236583385947506,58,67,3,1,0,0,1,1,2,0,2,0,1,3,1,0,FAM160A1,7,4
ENSG00000164209,+,13567,13567,0.6571091619370532,0.6394928871526498,50,57,4,1,0,0,0,1,0,0,0,0,2,2,1,3,SLC25A46,3,6
ENSG00000164244,+,3690,3690,0.6463414634146342,0.6929539295392954,13,14,0,1,0,1,0,0,2,1,0,0,0,0,1,1,PRRC1,3,3
ENSG00000164252,+,25008,25008,0.605806142034549,0.606445937300064,76,61,9,0,0,3,2,0,2,3,2,1,4,5,2,0,AGGF1,12,12
ENSG00000164329,+,26964,26964,0.6614745586708204,0.6150051921079959,90,81,4,6,0,2,2,1,0,1,3,1,3,7,5,0,TENT2,13,12
ENSG00000164346,+,14436,14436,0.6327930174563591,0.6162371848157384,46,34,1,0,0,0,2,1,2,2,0,1,8,4,2,2,NSA2,14,10
ENSG00000164543,+,38722,38722,0.6115128350808327,0.5865399514487888,113,76,3,5,1,2,4,1,1,3,2,1,15,11,0,5,STK17A,23,23
ENSG00000164615,+,5309,5309,0.5692220757204747,0.521378790732718,16,8,1,1,0,2,1,0,1,0,0,0,0,4,1,0,CAMLG,3,6
ENSG00000164654,+,703,703,0.5960170697012802,0.662873399715505,0,4,0,0,0,0,0,0,0,0,0,0,0,0,0,0,MIOS,0,0
ENSG00000164830,+,41518,41518,0.659521171540055,0.6555469916662653,167,160,8,6,0,1,2,1,4,1,3,2,9,7,4,8,OXR1,22,20
ENSG00000164934,+,14069,14069,0.6502238965100575,0.6040230293553203,47,30,0,2,0,0,1,0,1,1,2,1,1,4,3,1,DCAF13,8,7
ENSG00000164941,+,34280,34280,0.6069719953325554,0.5747666277712952,95,79,1,8,2,2,2,0,1,2,1,2,9,16,4,1,INTS8,19,23
ENSG00000165097,+,7863,7863,0.5996439018186442,0.562762304463945,16,16,1,0,2,0,0,1,0,0,0,0,1,7,2,0,KDM1B,5,8
ENSG00000165185,+,24052,24052,0.584275735905538,0.5915100615333444,71,61,5,0,0,0,2,0,0,2,2,0,4,3,1,2,KIAA1958,9,7
ENSG00000165359,+,8961,8961,0.6151099207677715,0.6219171967414351,23,25,1,0,1,0,0,0,0,0,2,0,1,0,2,0,INTS6L,6,0
ENSG00000165494,+,25892,25892,0.6272207631700911,0.585045573922447,81,69,5,3,1,1,0,1,1,1,1,0,4,7,4,0,PCF11,11,10
ENSG00000165501,+,206,206,0.7038834951456311,0.6747572815533981,0,1,0,0,0,0,0,0,0,0,0,0,0,0,0,0,LRR1,0,0
ENSG00000165630,+,23612,23612,0.6029984753515162,0.6164662036252753,61,69,8,3,0,2,0,1,3,0,2,0,1,3,2,3,PRPF18,8,9
ENSG00000165685,+,15917,15917,0.5718414274046617,0.6096626248664949,28,44,3,2,3,1,2,2,1,2,0,0,9,9,0,2,TMEM52B,15,16
ENSG00000165688,+,10535,10535,0.4593260560037969,0.4342667299477931,7,12,0,0,2,2,2,1,0,0,0,0,1,3,0,0,PMPCA,5,6
ENSG00000165704,+,1142,1142,0.6094570928196147,0.6225919439579685,4,5,0,0,0,0,0,0,0,0,0,0,0,0,0,0,HPRT1,0,0
ENSG00000165732,+,18535,18535,0.5893175074183976,0.5735095764769356,39,46,3,3,1,2,2,2,0,0,2,0,5,5,0,0,DDX21,10,9
ENSG00000165733,+,33817,33817,0.5897921163911642,0.5562882573853387,88,70,11,4,2,5,0,2,4,3,1,2,4,8,0,3,BMS1,11,23
ENSG00000165775,+,4566,4566,0.5749014454664915,0.5906701708278581,7,12,1,0,0,0,0,1,0,0,0,0,3,0,0,1,FUNDC2,3,2
ENSG00000165810,+,18954,18954,0.4920861031972143,0.543315395167247,14,24,0,1,0,2,1,1,0,2,1,2,2,4,1,1,BTNL9,5,12
ENSG00000165886,+,26615,26615,0.5321811008829608,0.47364268269772686,39,22,5,5,3,2,4,4,2,0,2,0,7,6,3,2,UBTD1,21,14
ENSG00000166037,+,21644,21644,0.62405285529477,0.6144428017002402,55,56,2,3,0,2,2,1,2,0,0,2,4,2,5,2,CEP57,13,9
ENSG00000166046,+,12826,12826,0.5927023234055824,0.5849836270076407,29,33,1,0,2,2,0,0,0,1,1,0,1,4,0,0,TCP11L2,4,7
ENSG00000166068,+,22652,22652,0.6632526929189475,0.6376037435987992,91,59,3,0,3,5,1,1,0,2,1,1,1,4,1,0,SPRED1,7,13
ENSG00000166126,+,3928,3928,0.42438900203665986,0.3421588594704684,0,1,0,0,3,0,0,0,0,0,0,0,3,0,0,0,AMN,6,0
ENSG00000166135,+,6870,6870,0.5548762736535662,0.5601164483260553,9,21,3,7,0,1,0,1,0,2,0,1,1,2,0,1,HIF1AN,1,8
ENSG00000166181,+,29763,29763,0.6309175822329738,0.5836441218963142,96,57,13,3,0,0,3,2,0,0,3,2,4,8,3,3,API5,13,15
ENSG00000166192,+,30101,30101,0.594764293545065,0.5708780439188067,89,51,8,1,2,1,4,2,2,2,1,0,9,8,2,0,SENP8,20,13
ENSG00000166197,+,4002,4002,0.5197401299350325,0.5177411294352824,1,6,0,0,1,0,0,2,0,0,0,0,1,0,0,0,NOLC1,2,2
ENSG00000166199,+,4868,4868,0.6066146261298274,0.5967543138866064,13,11,1,0,1,0,0,1,0,0,0,0,0,2,1,0,ALKBH3,2,3
ENSG00000166224,+,5817,5817,0.5492521918514698,0.5681622829637271,7,9,0,0,0,1,0,0,0,0,0,1,0,1,0,0,SGPL1,0,3
ENSG00000166226,+,442,442,0.7262443438914027,0.6380090497737556,3,1,0,0,0,0,0,0,0,0,0,0,0,0,0,0,CCT2,0,0
ENSG00000166272,+,40724,40724,0.5270847657401041,0.5339357626952166,56,65,1,13,2,6,2,2,1,2,3,2,14,8,3,0,WBP1L,25,20
ENSG00000166398,+,18760,18760,0.5205223880597015,0.5502132196162047,24,32,0,1,3,0,3,0,0,0,0,0,5,4,0,0,KIAA0355,11,4
ENSG00000166411,+,1817,1817,0.6389653274628508,0.5591634562465603,7,1,1,0,0,0,0,0,0,1,0,1,0,0,1,0,IDH3A,1,2
ENSG00000166441,+,10152,10152,0.530929866036249,0.5427501970055162,15,13,0,0,0,1,1,1,0,1,1,1,3,0,0,1,RPL27A,5,5
ENSG00000166451,+,14572,14572,0.5789870985451551,0.5931924238265166,25,27,3,0,0,1,1,0,0,0,3,1,4,3,2,1,CENPN,10,6
ENSG00000166579,+,46885,46885,0.5527994027940706,0.5281006718566705,100,73,8,5,1,4,1,4,4,3,0,2,7,12,4,0,NDEL1,17,25
ENSG00000166710,+,4026,4026,0.5608544461003477,0.5926477893691009,13,12,5,0,0,0,0,0,0,0,0,0,0,1,0,0,B2M,0,1
ENSG00000166750,+,19428,19428,0.5741198270537369,0.5630018529956763,33,38,2,3,1,0,1,2,0,0,0,2,8,4,2,2,SLFN5,12,10
ENSG00000166801,+,7913,7913,0.6107670921268799,0.5795526349045874,22,21,3,0,0,0,0,1,0,0,0,0,1,1,1,1,FAM111A,2,3
ENSG00000166848,+,5940,5940,0.6119528619528619,0.552020202020202,20,10,0,0,0,0,0,1,2,1,0,0,1,2,0,1,TERF2IP,3,5
ENSG00000166900,+,19285,19285,0.5540057039149598,0.5604355716878403,25,29,0,2,1,0,2,1,1,0,1,1,2,4,2,1,STX3,9,7
ENSG00000166920,+,307,307,0.5602605863192183,0.2996742671009772,0,0,0,0,0,0,0,0,0,0,0,0,0,0,0,0,C15orf48,0,0
ENSG00000166928,+,15163,15163,0.6455186968278045,0.6078612411791862,50,29,0,0,1,0,0,0,1,2,0,0,1,2,0,3,MS4A14,3,7
ENSG00000166938,+,1771,1771,0.6199887069452287,0.5505364201016375,7,4,0,1,0,0,0,0,0,0,0,0,1,2,0,0,DIS3L,1,2
ENSG00000166979,+,23288,23288,0.5442287873582962,0.5352971487461353,53,47,12,6,5,6,0,1,1,1,0,0,4,6,5,0,EVA1C,15,14
ENSG00000166986,+,28517,28517,0.5134831854683172,0.48020479012518846,33,23,0,2,3,4,1,4,1,0,2,0,15,9,0,0,MARS1,22,17
ENSG00000166997,+,2587,2587,0.3908001546192501,0.4909161190568226,1,1,0,0,0,0,1,0,0,0,0,0,2,1,0,0,CNPY4,3,1
ENSG00000167004,+,10801,10801,0.5917970558281641,0.5631885936487362,22,20,2,0,0,1,0,0,0,1,0,1,5,13,1,1,PDIA3,6,17
ENSG00000167107,+,45806,45806,0.5026634065406279,0.5356285202811859,42,57,6,3,2,8,4,3,1,3,0,4,8,11,1,4,ACSF2,16,33
ENSG00000167196,+,21510,21510,0.606229660622966,0.602928870292887,46,64,0,8,2,2,1,0,2,1,1,0,2,8,4,3,FBXO22,12,14
ENSG00000167264,+,41740,41740,0.5201724964063249,0.45591758505031144,33,27,6,3,5,3,3,6,1,0,2,2,22,14,2,2,DUS2,35,27
ENSG00000167461,+,9127,9127,0.4493261750849129,0.46850005478251344,3,3,0,1,1,4,0,0,0,0,0,0,1,1,0,1,RAB8A,2,6
ENSG00000167523,+,10414,10414,0.4918379105050893,0.42817361244478586,8,3,0,0,2,1,2,0,2,0,0,0,4,4,0,0,SPATA33,10,5
ENSG00000167588,+,7368,7368,0.4495114006514658,0.46701954397394135,6,3,4,0,2,0,0,1,2,1,0,0,3,0,1,0,GPD1,8,2
ENSG00000167601,+,15233,15233,0.5081730453620429,0.45342348847896013,8,6,1,0,3,2,1,2,0,1,0,0,6,6,0,0,AXL,10,11
ENSG00000167633,+,4794,4794,0.5214851898206091,0.5550688360450563,4,9,1,3,0,0,0,0,1,0,0,0,0,1,0,1,KIR3DL1,1,2
ENSG00000167635,+,20144,20144,0.5707903097696585,0.5363880063542494,34,31,1,3,0,2,0,3,0,0,0,0,9,11,3,0,ZNF146,12,16
ENSG00000167862,+,7422,7422,0.521018593371059,0.48450552411748854,6,7,0,0,0,2,1,2,1,0,1,0,2,3,1,1,MRPL58,6,8
ENSG00000167895,+,5965,5965,0.40586756077116515,0.3683151718357083,2,1,0,0,1,1,0,1,0,0,0,0,4,0,0,0,TMC8,5,2
ENSG00000168003,+,510,510,0.5176470588235295,0.5137254901960784,0,1,0,0,0,0,0,0,0,0,0,0,0,0,0,0,SLC3A2,0,0
ENSG00000168005,+,1023,1023,0.5024437927663734,0.4447702834799609,1,0,0,0,0,0,0,0,0,0,0,0,0,0,0,0,SPINDOC,0,0
ENSG00000168010,+,17532,17532,0.44684006388318503,0.5,12,28,0,5,3,1,2,0,0,0,1,1,3,5,1,0,ATG16L2,10,7
ENSG00000168092,+,29589,29589,0.5754841326168508,0.5385785258035081,55,38,0,2,1,2,3,1,1,2,1,1,10,17,1,4,PAFAH1B2,17,27
ENSG00000168118,+,15820,15820,0.5870417193426043,0.6050568900126422,40,36,1,0,2,1,0,1,1,0,0,0,2,1,0,1,RAB4A,5,4
ENSG00000168159,+,2471,2471,0.5390530149736948,0.4605422905706192,5,1,0,0,1,1,0,0,0,0,0,0,0,0,0,0,RNF187,1,1
ENSG00000168385,+,29018,29018,0.5674064373836929,0.5604452408849679,68,43,1,0,1,4,1,3,2,1,1,2,11,8,1,0,SEPTIN2,17,18
ENSG00000168389,+,15716,15716,0.4683761771443115,0.5196614914736574,8,20,0,1,2,2,3,0,0,0,0,0,0,2,0,0,MFSD2A,5,4
ENSG00000168395,+,43950,43950,0.47945392491467576,0.4784755403868032,50,35,7,1,2,7,0,2,0,0,0,4,15,20,2,0,ING5,19,33
ENSG00000168397,+,30162,30162,0.4827597639413832,0.5014587892049599,28,21,1,0,4,2,1,2,0,1,4,2,9,7,0,2,ATG4B,18,16
ENSG00000168421,+,40411,40411,0.5774170399148747,0.5796936477691718,78,84,7,7,0,2,2,4,0,3,1,3,16,14,2,3,RHOH,21,29
ENSG00000168439,+,14058,14058,0.5222649025465926,0.47346706501636077,20,10,4,0,1,0,0,0,1,2,0,1,8,5,2,0,STIP1,12,8
ENSG00000168488,+,2350,2350,0.5225531914893617,0.5382978723404256,5,1,0,0,0,0,0,0,0,0,0,0,0,1,0,0,ATXN2L,0,1
ENSG00000168538,+,46222,46222,0.6179741248756003,0.5772792176885466,133,109,7,3,0,1,1,2,4,1,2,3,9,16,5,2,TRAPPC11,21,25
ENSG00000168564,+,504,504,0.5337301587301587,0.33134920634920634,0,1,0,0,0,0,0,0,0,0,0,0,0,0,0,0,CDKN2AIP,0,0
ENSG00000168685,+,15385,15385,0.6088397790055249,0.5918102047448813,41,29,1,2,2,1,0,2,1,1,2,1,1,1,1,1,IL7R,7,7
ENSG00000168710,+,33712,33712,0.59578191741813,0.5740982439487423,46,63,0,4,1,5,0,2,2,1,1,1,7,7,1,4,AHCYL1,12,20
ENSG00000168724,+,21902,21902,0.6127294311021825,0.5944206008583691,55,45,4,3,2,0,1,2,1,3,1,2,2,5,3,0,DNAJC21,10,12
ENSG00000168807,+,40545,40545,0.5774571463805648,0.582513256875077,93,87,16,20,3,1,2,2,1,4,0,3,25,22,3,3,SNTB2,34,35
ENSG00000168827,+,1936,1936,0.6151859504132231,0.6544421487603306,5,6,0,0,0,0,1,0,0,0,0,0,0,0,1,0,GFM1,2,0
ENSG00000168883,+,5353,5353,0.5636091911077901,0.5458621333831496,4,9,0,1,2,1,0,2,0,0,0,0,1,1,1,0,USP39,4,4
ENSG00000168917,+,17854,17854,0.589783801949143,0.6017139016466898,38,50,3,5,1,0,3,3,5,0,1,1,8,4,1,2,SLC35G2,19,10
ENSG00000168958,+,28729,28729,0.640920324410874,0.5858540151066867,101,72,4,1,1,0,1,2,0,2,2,1,4,8,5,1,MFF,13,14
ENSG00000169062,+,21546,21546,0.5277081592871067,0.5702682632507194,37,41,1,3,3,1,2,2,1,2,0,4,10,7,2,1,UPF3A,18,17
ENSG00000169139,+,48199,48199,0.5780825328326313,0.5455092429303513,121,62,14,2,7,1,6,3,1,1,2,1,14,19,1,4,UBE2V2,31,29
ENSG00000169155,+,3714,3714,0.5745826602046311,0.5643511039310716,11,7,0,0,0,0,0,0,0,0,0,0,2,2,0,0,ZBTB43,2,2
ENSG00000169188,+,464,464,0.5107758620689655,0.44396551724137934,0,0,0,0,0,0,0,0,0,0,0,0,1,0,0,0,APEX2,1,0
ENSG00000169193,+,16754,16754,0.5519875850543153,0.6081532768294139,44,42,1,0,0,2,1,1,0,3,0,0,8,5,1,1,CCDC126,10,12
ENSG00000169249,+,22254,22254,0.591623977711872,0.5810191426260447,54,53,1,1,1,0,2,1,0,0,1,0,4,9,2,1,ZRSR2,10,11
ENSG00000169379,+,11586,11586,0.6248058001035732,0.6478508544795443,45,30,1,0,1,1,0,0,0,0,0,1,4,6,1,1,ARL13B,6,9
ENSG00000169402,+,3048,3048,0.45931758530183725,0.4406167979002625,5,2,0,0,0,2,0,0,0,0,0,2,1,1,0,0,RSPH10B2,1,5
ENSG00000169635,+,1641,1641,0.43205362583790374,0.4357099329677026,4,0,0,0,0,0,1,1,2,0,0,0,0,0,0,0,HIC2,3,1
ENSG00000169682,+,8773,8773,0.4182149777727117,0.4918499943006953,4,12,0,1,4,1,1,0,0,1,0,1,2,3,1,0,SPNS1,8,6
ENSG00000169696,+,20747,20747,0.4234829131922688,0.4219887212609052,15,14,0,5,2,1,0,2,0,0,0,0,7,6,0,1,ASPSCR1,9,10
ENSG00000169764,+,29966,29966,0.6195688446906494,0.6065540946405926,96,78,4,2,0,5,0,2,4,0,5,2,5,4,2,2,UGP2,16,15
ENSG00000169826,+,15509,15509,0.6180927203559223,0.5952672641691921,42,42,1,4,1,1,0,0,2,0,1,0,6,1,2,1,CSGALNACT2,12,3
ENSG00000169860,+,2820,2820,0.6585106382978724,0.451063829787234,10,3,1,0,0,1,0,0,0,0,0,0,1,0,0,0,P2RY1,1,1
ENSG00000169926,+,36752,36752,0.4869394862864606,0.45869612538093163,41,14,1,0,3,4,1,3,1,1,0,0,8,7,0,0,KLF13,13,15
ENSG00000170035,+,20230,20230,0.6426099851705388,0.6412753336628769,71,62,2,0,1,0,0,0,0,2,1,2,3,3,4,4,UBE2E3,9,11
ENSG00000170100,+,22489,22489,0.5121615011783539,0.46707279114233624,17,25,1,11,3,2,0,2,1,0,1,0,8,3,0,1,ZNF778,13,8
ENSG00000170144,+,10676,10676,0.623735481453728,0.5557324840764332,26,26,2,2,1,1,0,2,0,0,1,0,3,4,2,2,HNRNPA3,7,9
ENSG00000170190,+,11060,11060,0.4359855334538879,0.464376130198915,3,3,1,0,3,1,1,1,0,1,0,0,2,8,0,0,SLC16A5,6,11
ENSG00000170248,+,17087,17087,0.6208228477790133,0.5968279978931351,47,53,0,5,0,1,3,1,1,2,2,0,1,2,0,1,PDCD6IP,7,7
ENSG00000170260,+,13774,13774,0.5533614055466821,0.5123420937999129,21,25,4,11,2,1,0,1,0,0,1,1,2,7,0,0,ZNF212,5,10
ENSG00000170275,+,30108,30108,0.5656968247641823,0.5524777467782649,57,36,6,4,4,4,2,4,1,1,1,3,9,10,1,3,CRTAP,18,25
ENSG00000170364,+,3442,3442,0.6112725159790819,0.6063335270191749,5,4,0,0,0,0,0,0,1,0,0,0,1,3,0,0,SETMAR,2,3
ENSG00000170365,+,42767,42767,0.6187481001706924,0.6031519629620969,115,121,8,8,2,2,3,2,1,2,1,2,7,5,4,5,SMAD1,18,18
ENSG00000170430,+,49310,49310,0.5540255526262421,0.5349624822551207,101,84,6,3,3,5,1,1,1,2,3,3,4,6,4,4,MGMT,16,21
ENSG00000170485,+,27008,27008,0.5625370260663507,0.5608708530805687,56,44,1,2,6,1,2,0,1,1,1,1,7,6,4,1,NPAS2,21,10
ENSG00000170606,+,33197,33197,0.6013193963309937,0.5491460071693225,89,75,8,10,0,2,1,0,1,0,0,0,9,16,1,3,HSPA4,12,21
ENSG00000170677,+,10166,10166,0.6217784772771985,0.6354515050167224,24,36,0,2,0,0,2,0,1,0,0,2,3,2,0,1,SOCS6,6,5
ENSG00000170871,+,9059,9059,0.6081245170548626,0.5809692018986643,18,14,0,1,0,1,0,0,0,0,1,0,1,1,1,0,KIAA0232,3,2
ENSG00000170915,+,10559,10559,0.5613220948953499,0.5862297566057392,17,16,0,0,0,0,0,0,0,0,0,1,3,2,1,1,PAQR8,4,4
ENSG00000170946,+,4355,4355,0.6445464982778416,0.6500574052812859,19,10,0,0,2,0,0,0,0,1,1,0,1,1,1,1,DNAJC24,5,3
ENSG00000171206,+,18698,18698,0.4142689057653225,0.5049737939886619,8,17,0,0,2,0,0,0,0,1,0,0,4,4,0,1,TRIM8,6,6
ENSG00000171488,+,10127,10127,0.5926730522365953,0.6091636220005925,26,25,0,0,3,1,0,0,2,0,0,0,2,1,0,2,LRRC8C,7,4
ENSG00000171503,+,6053,6053,0.6236576904014538,0.5904510160251115,13,11,0,0,0,0,1,0,0,0,0,0,0,2,1,0,ETFDH,2,2
ENSG00000171611,+,3904,3904,0.4761782786885246,0.47950819672131145,4,3,1,0,1,1,1,0,1,0,0,0,0,3,0,1,PTCRA,3,5
ENSG00000171612,+,40653,40653,0.5504882788478095,0.5066046786215039,57,41,9,12,2,3,1,4,2,1,1,1,23,20,2,2,SLC25A33,31,31
ENSG00000171631,+,26961,26961,0.48566447832053705,0.5421534809539705,30,62,12,1,3,3,1,3,1,1,0,0,4,4,1,0,P2RY6,10,11
ENSG00000171681,+,8065,8065,0.6652200867947923,0.5630502169869808,27,22,0,0,0,0,1,3,0,0,0,0,2,5,1,1,ATF7IP,4,9
ENSG00000171763,+,16237,16237,0.6059616924308677,0.579602143253064,43,34,1,0,1,1,5,2,2,5,0,0,10,2,0,2,SPATA5L1,18,12
ENSG00000171793,+,21964,21964,0.5566381351302131,0.5376980513567656,34,31,2,2,2,2,1,1,1,1,4,0,4,5,0,1,CTPS1,12,10
ENSG00000171862,+,1440,1440,0.7,0.6215277777777778,7,3,0,0,0,0,0,1,0,0,0,1,0,0,0,0,PTEN,0,2
ENSG00000171867,+,1524,1524,0.6679790026246719,0.6181102362204725,5,3,0,0,0,0,0,0,0,0,0,0,0,0,0,2,PRNP,0,2
ENSG00000171928,+,21122,21122,0.6163242117223747,0.5440299214089575,56,32,1,2,0,0,3,1,0,0,2,0,5,12,4,2,TVP23B,14,15
ENSG00000171962,+,23144,23144,0.5067836156239198,0.4847908745247148,23,28,0,6,3,5,3,1,0,1,0,0,7,3,1,1,DRC3,14,11
ENSG00000172058,+,9648,9648,0.5770107794361525,0.5661276948590381,25,14,1,0,1,2,0,0,0,1,0,2,7,7,1,1,SERF1A,9,13
ENSG00000172183,+,11520,11520,0.46848958333333335,0.5125,10,13,5,1,2,0,0,1,0,0,1,0,1,0,0,0,ISG20,4,1
ENSG00000172322,+,6363,6363,0.6698098381266698,0.6102467389596102,26,12,0,0,0,0,0,3,0,0,0,0,0,1,0,1,CLEC12A,0,5
ENSG00000172375,+,5362,5362,0.5512868332711675,0.4558000745990302,10,8,0,1,0,1,0,1,0,0,0,0,0,3,0,0,C2CD2L,0,5
ENSG00000172687,+,20427,20427,0.6111519067900328,0.5793802320458217,50,60,0,5,1,0,4,0,1,0,1,1,2,5,3,2,ZNF738,12,8
ENSG00000172795,+,41381,41381,0.6260361035257727,0.5842053116164423,118,92,4,7,4,2,2,1,1,1,1,2,9,10,4,1,DCP2,21,17
ENSG00000172890,+,40305,40305,0.4818012653516933,0.4942811065624612,47,51,3,5,5,6,5,1,1,1,1,1,6,6,1,1,NADSYN1,19,16
ENSG00000172939,+,15455,15455,0.5979294726625688,0.6141054674862504,32,53,1,2,2,0,2,3,0,0,2,0,4,1,1,1,OXSR1,11,5
ENSG00000173153,+,4730,4730,0.4241014799154334,0.41014799154334036,0,2,0,0,0,2,0,0,0,0,0,0,1,0,0,0,ESRRA,1,2
ENSG00000173193,+,25445,25445,0.6120259382982904,0.5677343289447828,68,54,16,2,2,1,1,2,1,1,0,0,3,5,1,1,PARP14,8,10
ENSG00000173200,+,30947,30947,0.5777296668497754,0.6104953630400362,59,70,10,5,1,5,1,2,0,2,2,2,3,7,2,1,PARP15,9,19
ENSG00000173548,+,9638,9638,0.4501971363353393,0.44386802241128864,8,3,1,0,3,1,0,0,0,0,2,1,1,2,0,1,SNX33,6,5
ENSG00000173559,+,11958,11958,0.6181635725037632,0.5920722528850978,34,36,1,1,2,0,1,0,0,0,0,1,2,3,3,1,NABP1,8,5
ENSG00000173660,+,6412,6412,0.5349344978165939,0.5085776668746101,3,10,0,1,0,0,1,1,0,0,0,1,4,3,1,1,UQCRH,6,6
ENSG00000173692,+,49191,49191,0.6275944786647965,0.5846597954910451,143,107,4,5,6,2,0,5,5,3,2,1,10,10,7,4,PSMD1,30,25
ENSG00000173715,+,9621,9621,0.5801891695249974,0.5945327928489762,24,22,0,1,0,1,0,1,0,1,0,1,9,2,3,0,C11orf80,12,6
ENSG00000173848,+,4621,4621,0.6137199740315948,0.6643583639904782,12,14,2,0,0,0,0,0,0,0,0,0,0,0,0,1,NET1,0,1
ENSG00000174004,+,6248,6248,0.5172855313700384,0.47935339308578745,11,6,0,2,2,0,0,0,0,0,1,1,2,3,0,0,NRROS,5,4
ENSG00000174132,+,33919,33919,0.6496358972847077,0.6330080485863381,102,100,2,1,3,2,0,2,2,2,6,0,4,4,3,2,FAM174A,18,12
ENSG00000174516,+,369,369,0.43089430894308944,0.3089430894308943,0,0,0,0,0,1,0,0,0,0,0,0,0,0,0,0,PELI3,0,1
ENSG00000174574,+,9816,9816,0.5770171149144254,0.5352485737571312,15,29,0,12,0,0,0,1,0,0,0,1,3,4,0,0,AKIRIN1,3,6
ENSG00000174720,+,8233,8233,0.5854488035952873,0.6077978865541115,29,23,0,0,0,0,1,0,0,0,0,0,3,4,0,2,LARP7,4,6
ENSG00000174738,+,11153,11153,0.5920380166771272,0.5360889446785618,22,26,0,3,0,0,1,1,0,2,1,0,3,6,1,0,NR1D2,6,9
ENSG00000174749,+,17156,17156,0.6333061319654931,0.6321986477034274,45,46,0,0,1,2,2,0,0,0,1,1,4,4,2,2,FAM241A,10,9
ENSG00000174780,+,17236,17236,0.6303086563007658,0.6093061035042934,57,52,3,2,1,0,0,1,0,0,1,3,4,7,0,0,SRP72,6,11
ENSG00000174796,+,16273,16273,0.5877834449701961,0.6214588582314263,34,37,1,3,1,2,0,2,0,2,0,0,5,3,2,2,THAP6,8,11
ENSG00000175155,+,30442,30442,0.550555154063465,0.5233887392418369,50,32,6,4,2,3,1,2,1,0,2,1,6,6,0,4,YPEL2,12,16
ENSG00000175445,+,5234,5234,0.5957202904088651,0.5947649980894154,22,16,12,3,0,0,1,0,0,1,0,1,0,0,0,0,LPL,1,2
ENSG00000175467,+,6266,6266,0.4321736354931376,0.45116501755505906,0,5,0,0,0,1,0,0,0,0,0,0,2,0,0,0,SART1,2,1
ENSG00000175544,+,11763,11763,0.44724985122842814,0.4269319051262433,11,1,2,0,0,2,0,1,2,0,0,0,4,1,1,0,CABP4,7,4
ENSG00000175556,+,38665,38665,0.5702573386783913,0.5480925901978534,59,46,1,5,5,5,4,1,2,2,0,4,3,10,4,2,LONRF3,18,24
ENSG00000175727,+,15419,15419,0.5217588689279461,0.5039237304624165,14,24,1,3,1,0,0,0,1,0,1,0,1,6,0,0,MLXIP,4,6
ENSG00000175782,+,6795,6795,0.574981604120677,0.5740986019131714,11,19,0,1,0,0,0,0,0,0,1,0,5,2,0,0,SLC35E3,6,2
ENSG00000175787,+,40847,40847,0.5883418610913899,0.5907655396969178,84,80,1,9,7,3,1,0,2,1,6,4,15,16,0,4,ZNF169,31,28
ENSG00000176148,+,12575,12575,0.5915705765407555,0.562544731610338,23,27,1,0,2,1,1,0,0,0,0,1,3,7,2,3,TCP11L1,8,12
ENSG00000176597,+,11625,11625,0.5681720430107526,0.5378924731182796,16,23,0,1,0,1,2,3,0,0,1,1,0,2,1,0,B3GNT5,4,7
ENSG00000176681,+,19009,19009,0.5966647377557999,0.5454258509127256,48,30,1,1,0,0,2,2,1,2,2,0,7,3,0,0,LRRC37A,12,7
ENSG00000176783,+,48813,48813,0.5235285682092885,0.5301661442648474,54,74,3,5,6,4,5,4,2,0,1,2,22,21,3,2,RUFY1,39,33
ENSG00000176788,+,8028,8028,0.583582461385152,0.5825859491778774,17,22,0,1,0,1,0,0,0,0,0,0,2,1,0,0,BASP1,2,2
ENSG00000176953,+,2035,2035,0.46339066339066337,0.45454545454545453,0,1,0,0,0,0,0,0,0,0,0,0,0,2,0,0,NFATC2IP,0,2
ENSG00000176986,+,10181,10181,0.49248600333955406,0.5404184264806994,6,17,1,0,2,2,1,1,0,1,2,1,3,6,0,0,SEC24C,8,11
ENSG00000177156,+,580,580,0.6,0.5189655172413793,0,1,0,0,0,0,0,0,0,0,0,0,0,0,0,0,TALDO1,0,0
ENSG00000177311,+,38714,38714,0.5646277832308726,0.5777496512889394,79,98,4,1,5,3,1,4,2,1,1,3,11,8,1,3,ZBTB38,21,22
ENSG00000177479,+,10510,10510,0.5784015223596575,0.5517602283539487,23,29,2,3,0,0,2,0,0,1,0,1,3,3,2,1,ARIH2,7,6
ENSG00000177663,+,20612,20612,0.4909761304094702,0.5403163205899476,21,40,1,8,2,1,3,0,1,1,1,0,4,7,0,0,IL17RA,11,9
ENSG00000177853,+,4117,4117,0.6390575661889726,0.6371144036920088,10,10,0,0,0,0,1,1,0,0,0,0,0,1,0,0,ZNF518A,1,2
ENSG00000177879,+,9445,9445,0.6804658549497088,0.6401270513499205,50,33,2,2,1,1,3,0,0,1,0,0,1,0,0,0,AP3S1,5,2
ENSG00000177917,+,9425,9425,0.6296021220159151,0.6511405835543767,28,26,0,1,0,0,0,0,1,1,1,1,0,1,2,0,ARL6IP6,4,3
ENSG00000177954,+,3265,3265,0.5445635528330781,0.5022970903522205,4,7,0,3,0,0,0,0,0,0,0,0,2,2,0,0,RPS27,2,2
ENSG00000178234,+,45592,45592,0.5956527460958063,0.5887875065801018,119,101,13,2,1,5,1,2,3,2,3,6,13,6,4,3,GALNT11,25,24
ENSG00000178295,+,32952,32952,0.642874484098082,0.6302804078659869,99,88,3,1,0,3,2,2,2,5,2,4,5,11,2,3,GEN1,13,28
ENSG00000178301,+,10910,10910,0.6117323556370302,0.5784601283226398,20,30,0,2,0,1,1,0,0,0,2,0,3,6,1,0,AQP11,7,7
ENSG00000178425,+,17370,17370,0.6644789867587795,0.6281519861830742,73,48,1,3,0,0,1,1,1,2,0,2,4,1,5,0,NT5DC1,11,6
ENSG00000178467,+,16313,16313,0.4519708208177527,0.5016857720836143,9,16,0,1,4,3,0,0,0,0,1,1,1,9,0,0,P4HTM,6,13
ENSG00000178809,+,5269,5269,0.4822546972860125,0.4721958625925223,3,11,0,3,1,2,1,0,0,0,0,0,0,2,0,0,TRIM73,2,4
ENSG00000178982,+,7293,7293,0.5045934457699164,0.45591663238722063,7,3,1,0,1,1,0,0,1,0,0,0,2,4,1,0,EIF3K,5,5
ENSG00000178996,+,1079,1079,0.6181649675625579,0.58758109360519,4,2,0,0,0,0,0,0,0,0,0,0,0,1,0,0,SNX18,0,1
ENSG00000179021,+,4652,4652,0.6182287188306105,0.6309114359415305,12,21,0,0,0,1,0,0,0,0,1,1,3,1,0,0,C3orf38,4,3
ENSG00000179218,+,1400,1400,0.48714285714285716,0.48642857142857143,4,0,1,0,0,0,0,0,0,0,0,0,1,1,0,0,CALR,1,1
ENSG00000179299,+,49353,49353,0.6115940267055701,0.591331833931068,134,115,6,7,4,3,5,7,6,1,3,1,16,15,5,6,NSUN7,39,33
ENSG00000179832,+,36253,36253,0.46724409014426393,0.47540893167462,40,41,18,5,1,7,6,1,0,2,0,1,8,16,3,2,MROH1,18,29
ENSG00000180233,+,43825,43825,0.6469138619509412,0.6018026240730177,153,125,4,8,3,1,1,2,5,2,4,5,5,10,3,5,ZNRF2,21,25
ENSG00000180354,+,3692,3692,0.5579631635969664,0.550650054171181,8,11,0,0,0,2,1,0,1,0,0,1,0,1,0,1,MTURN,2,5
ENSG00000180376,+,34255,34255,0.603970223325062,0.5918552036199095,86,72,5,1,0,3,3,5,3,2,0,4,10,7,0,3,CCDC66,16,24
ENSG00000180573,+,12582,12582,0.5817835002384358,0.6276426641233508,29,61,2,2,1,1,2,0,0,2,1,0,3,1,0,0,H2AC6,7,4
ENSG00000180871,+,6459,6459,0.5370800433503639,0.5321257160551169,6,10,0,2,0,1,0,1,0,0,0,1,2,1,0,0,CXCR2,2,4
ENSG00000181027,+,24510,24510,0.503467972256222,0.46189310485516116,27,24,7,11,2,6,3,3,0,1,1,0,14,7,2,1,FKRP,22,18
ENSG00000181036,+,419,419,0.6181384248210023,0.5823389021479713,2,1,0,0,0,0,0,0,0,0,0,0,0,0,0,0,FCRL6,0,0
ENSG00000181038,+,9824,9824,0.5163884364820847,0.4935871335504886,15,9,0,0,0,1,0,0,0,1,0,1,4,6,1,0,METTL23,5,9
ENSG00000181222,+,21476,21476,0.49464518532315144,0.4789066865338052,17,21,1,1,0,2,5,0,2,0,0,0,11,7,1,1,POLR2A,19,10
ENSG00000181467,+,18634,18634,0.6148438338520983,0.5564022754105399,54,40,1,1,1,2,1,0,2,1,1,1,6,4,0,2,RAP2B,11,10
ENSG00000181513,+,4447,4447,0.4261299752642231,0.5077580391275017,2,4,0,0,1,0,0,0,0,0,0,0,1,4,0,0,ACBD4,2,4
ENSG00000181704,+,1515,1515,0.6382838283828383,0.5201320132013202,12,0,0,0,0,0,0,0,0,1,0,0,0,0,1,0,YIPF6,1,1
ENSG00000181991,+,3277,3277,0.5797985962770827,0.5425694232529753,5,4,0,0,0,0,0,0,0,0,0,0,1,0,0,0,MRPS11,1,0
ENSG00000182149,+,454,454,0.5,0.6145374449339207,0,1,0,0,0,0,0,0,0,0,0,0,0,0,0,0,IST1,0,0
ENSG00000182150,+,19838,19838,0.6330275229357798,0.6375138622845045,60,59,1,2,0,1,1,1,2,0,0,1,1,3,1,2,ERCC6L2,5,8
ENSG00000182183,+,12566,12566,0.5779882221868534,0.5155180646188127,18,16,0,0,2,1,1,0,1,0,1,0,4,7,0,1,SHISAL2A,9,9
ENSG00000182220,+,13082,13082,0.6035009937318453,0.5504510013759364,29,20,0,1,2,1,0,0,1,0,2,0,4,3,2,0,ATP6AP2,11,4
ENSG00000182362,+,4626,4626,0.41936878512754,0.5233463035019456,0,4,0,0,1,0,0,0,0,0,0,0,2,3,0,0,YBEY,3,3
ENSG00000182481,+,1238,1238,0.6502423263327949,0.574313408723748,2,3,0,0,0,0,0,0,0,1,0,0,0,1,0,0,KPNA2,0,2
ENSG00000182541,+,47109,47109,0.5194761085992061,0.5416374790379758,45,54,6,0,10,3,6,2,4,1,2,8,19,16,1,4,LIMK2,42,34
ENSG00000182606,+,22551,22551,0.5554964303135116,0.5339896235200213,35,28,6,2,3,1,1,2,1,0,1,1,8,11,1,0,TRAK1,15,15
ENSG00000182866,+,19060,19060,0.4924449108079748,0.4981636935991606,15,34,1,10,1,1,3,1,0,1,0,1,14,10,0,0,LCK,18,14
ENSG00000182923,+,2601,2601,0.6378316032295271,0.649365628604383,15,9,3,0,0,0,0,0,0,0,0,0,0,0,0,0,CEP63,0,0
ENSG00000183019,+,4813,4813,0.403698317057968,0.4959484728859339,5,3,0,0,0,2,0,1,0,0,0,0,0,2,0,0,MCEMP1,0,5
ENSG00000183020,+,22587,22587,0.4292734758932129,0.4397219639615708,11,19,1,7,2,2,1,2,0,0,0,1,1,4,0,0,AP2A2,4,9
ENSG00000183077,+,18396,18396,0.4858664927158078,0.45031528593172426,12,11,1,1,0,1,0,4,0,1,0,0,8,7,2,0,AFMID,10,13
ENSG00000183283,+,16771,16771,0.5429610637409814,0.532764891777473,24,19,2,1,1,0,0,0,2,2,0,0,7,4,3,0,DAZAP2,13,6
ENSG00000183340,+,1665,1665,0.6348348348348348,0.5117117117117117,6,1,0,0,0,0,0,0,0,0,0,0,2,0,0,0,JRKL,2,0
ENSG00000183474,+,14133,14133,0.6191891318191467,0.6342602419868393,42,42,4,3,0,0,0,0,2,1,2,0,8,7,0,1,GTF2H2C,12,9
ENSG00000183475,+,7682,7682,0.6340796667534496,0.5984118719083572,15,19,0,4,0,0,0,1,2,0,0,1,1,2,0,0,ASB7,3,4
ENSG00000183696,+,5626,5626,0.5135087095627444,0.4793814432989691,2,8,0,0,1,0,0,2,0,1,0,0,1,0,0,0,UPP1,2,3
ENSG00000183726,+,17120,17120,0.5776285046728972,0.5470210280373832,45,35,2,2,0,2,0,1,0,0,0,0,9,1,1,1,TMEM50A,10,5
ENSG00000183735,+,38647,38647,0.6275519445235076,0.6072398892540172,120,91,1,3,2,2,3,5,1,1,0,5,15,2,7,2,TBK1,28,17
ENSG00000183889,+,16761,16761,0.5328441023805263,0.35367818149275104,24,9,4,4,4,5,3,1,0,0,0,0,6,1,0,0,AC138969.1,13,7
ENSG00000184060,+,16275,16275,0.5014439324116744,0.5415668202764977,12,39,0,13,1,0,2,0,1,3,0,1,8,9,1,2,ADAP2,13,15
ENSG00000184110,+,25988,25988,0.5225103894104971,0.503386178236109,37,24,2,0,1,2,3,3,4,1,1,1,7,18,0,2,EIF3C,16,27
ENSG00000184182,+,45198,45198,0.5716845878136201,0.5146466657816717,85,56,10,7,5,4,0,2,4,1,1,2,7,12,3,1,UBE2F,20,22
ENSG00000184371,+,3224,3224,0.4109801488833747,0.418424317617866,2,0,0,0,1,0,0,0,0,0,0,0,1,0,0,0,CSF1,2,0
ENSG00000184575,+,2086,2086,0.6284755512943433,0.5862895493767977,10,12,0,0,0,0,1,0,0,0,0,0,0,0,0,1,XPOT,1,1
ENSG00000184635,+,29325,29325,0.6111849957374254,0.6064791133844842,82,83,4,10,0,0,1,2,2,2,0,2,5,8,0,1,ZNF93,8,15
ENSG00000184922,+,12195,12195,0.42845428454284545,0.4,5,5,0,0,2,2,1,2,0,0,0,2,2,1,0,0,FMNL1,5,7
ENSG00000184939,+,25931,25931,0.5664262851413366,0.5096216883267132,50,32,8,2,0,2,1,2,1,3,2,1,8,10,2,2,ZFP90,14,20
ENSG00000185122,+,8545,8545,0.4649502633118783,0.41732007021650086,2,7,0,0,2,3,1,1,1,0,0,0,4,1,0,0,HSF1,8,5
ENSG00000185158,+,11314,11314,0.5438394908962347,0.602262683401096,23,32,0,4,1,0,1,1,0,0,0,2,3,2,0,1,LRRC37B,5,6
ENSG00000185201,+,7937,7937,0.4155222376212675,0.4758724959052539,7,10,0,0,1,0,0,1,0,0,0,1,0,6,0,0,IFITM2,1,8
ENSG00000185291,+,10243,10243,0.4635360734159914,0.5015132285463243,6,8,1,0,0,1,0,0,0,0,0,0,8,4,0,1,IL3RA,8,6
ENSG00000185432,+,5165,5165,0.5696030977734753,0.6222652468538238,11,14,0,0,0,0,0,1,0,0,0,1,1,0,0,0,METTL7A,1,2
ENSG00000185591,+,16678,16678,0.5389734980213455,0.5291401846744214,23,27,2,0,1,0,1,1,0,0,0,0,11,11,2,0,SP1,15,12
ENSG00000185619,+,40249,40249,0.44371288727670255,0.43956371586871723,41,32,3,3,7,7,4,2,2,0,2,0,5,8,2,1,PCGF3,22,18
ENSG00000185651,+,46738,46738,0.5190637168898968,0.47092301767298556,65,25,12,5,5,5,6,2,1,1,2,1,15,26,2,1,UBE2L3,31,36
ENSG00000185787,+,13747,13747,0.624281661453408,0.5548847021168255,37,30,0,0,0,2,0,1,0,1,0,0,3,5,0,0,MORF4L1,3,9
ENSG00000185896,+,23613,23613,0.4972261042646,0.5260238004489053,29,20,3,1,1,2,2,3,0,0,0,1,10,11,1,11,LAMP1,14,28
ENSG00000185946,+,18293,18293,0.6618925271961953,0.6205105778166512,67,49,4,2,0,0,0,1,0,1,0,1,1,0,1,2,RNPC3,2,5
ENSG00000186184,+,42863,42863,0.6180388680213704,0.6011011828383455,126,119,8,5,1,3,2,5,4,4,1,1,5,3,3,3,POLR1D,16,19
ENSG00000186188,+,27752,27752,0.525151340443932,0.5488973767656385,39,52,1,12,6,4,2,3,1,0,1,1,4,1,1,2,FFAR4,15,11
ENSG00000186431,+,15474,15474,0.518482616001034,0.5626211709965103,23,19,3,1,2,5,0,0,0,1,1,1,7,4,0,2,FCAR,10,13
ENSG00000186575,+,30170,30170,0.5612529002320186,0.5583692409678489,55,51,3,2,2,4,0,3,2,1,1,0,6,7,0,2,NF2,11,17
ENSG00000186716,+,42225,42225,0.46041444641799883,0.5015275310834814,29,42,0,3,6,5,5,2,0,0,1,2,9,12,0,0,BCR,21,21
ENSG00000186812,+,1782,1782,0.6021324354657688,0.621773288439955,4,8,0,1,0,0,0,0,0,0,0,0,0,0,0,0,ZNF397,0,0
ENSG00000186973,+,7900,7900,0.5670886075949367,0.5856962025316456,6,20,2,5,1,1,1,2,1,0,0,0,1,0,1,0,FAM183A,5,3
ENSG00000187037,+,47578,47578,0.6063726932615915,0.6224515532388919,122,129,7,1,3,3,1,1,2,1,1,1,7,9,2,3,GPR141,16,18
ENSG00000187134,+,695,695,0.6618705035971223,0.6920863309352518,3,2,0,0,0,0,0,0,0,0,0,0,0,0,1,1,AKR1C1,1,1
ENSG00000187474,+,17917,17917,0.5690684824468382,0.5771055422224702,42,30,0,3,2,1,1,2,1,0,0,4,2,3,1,3,FPR3,7,13
ENSG00000187688,+,18682,18682,0.47382507226207043,0.48849159618884486,10,18,0,2,3,2,3,0,1,0,0,0,5,13,1,0,TRPV2,13,15
ENSG00000187742,+,23971,23971,0.563180509782654,0.5890450961578574,35,47,0,1,3,3,1,1,1,2,1,2,0,7,5,2,SECISBP2,11,17
ENSG00000188554,+,33389,33389,0.5540147952918626,0.5542244451765551,43,55,0,8,4,2,2,3,2,7,1,0,18,11,1,4,NBR1,28,27
ENSG00000188659,+,18371,18371,0.6324642098960318,0.6042131620488814,52,50,1,3,0,2,1,0,1,4,1,3,1,4,3,0,SAXO2,7,13
ENSG00000188735,+,4659,4659,0.4936681691350075,0.4363597338484653,1,4,0,2,0,0,1,0,0,0,0,0,2,1,0,1,TMEM120B,3,2
ENSG00000188747,+,6774,6774,0.3624151166223797,0.4546796575140242,2,12,0,1,3,0,0,1,0,0,0,0,1,2,0,0,NOXA1,4,3
ENSG00000188811,+,5457,5457,0.6210371999266997,0.576690489279824,18,12,1,0,0,0,0,0,1,0,0,0,2,1,0,0,NHLRC3,3,1
ENSG00000189042,+,25302,25302,0.6055252549205596,0.5676626353647933,69,42,6,0,2,0,2,2,2,1,1,1,3,13,1,3,ZNF567,11,20
ENSG00000189091,+,39726,39726,0.5776066052459347,0.5339324371947842,87,54,15,9,3,3,3,1,4,0,1,0,10,12,0,0,SF3B3,21,16
ENSG00000189152,+,13211,13211,0.46521837862387405,0.43289682840057525,13,11,0,0,1,2,3,0,1,0,0,0,7,0,1,1,GRAPL,13,3
ENSG00000189180,+,38319,38319,0.6161173308280488,0.576946162478144,80,67,5,8,1,4,1,1,2,2,0,1,7,12,3,1,ZNF33A,14,21
ENSG00000189350,+,1846,1846,0.5037919826652221,0.47291440953412783,0,0,0,0,0,0,0,1,0,0,0,0,1,0,0,0,TOGARAM2,1,1
ENSG00000189369,+,1117,1117,0.5837063563115488,0.4914950760966876,2,0,0,0,0,1,0,0,0,0,0,0,0,0,0,0,GSPT2,0,1
ENSG00000189430,+,3589,3589,0.5107272220674283,0.5121203677904709,4,4,0,0,2,0,0,0,0,0,0,0,2,1,0,0,NCR1,4,1
ENSG00000196189,+,11251,11251,0.46893609456937163,0.47515776375433294,6,19,0,10,0,2,0,0,0,1,0,0,3,4,1,0,SEMA4A,4,7
ENSG00000196199,+,10969,10969,0.5362384902908196,0.5694229191357462,32,16,1,1,2,1,0,0,0,0,3,1,2,3,1,2,MPHOSPH8,8,7
ENSG00000196262,+,760,760,0.5302631578947369,0.5157894736842106,1,1,0,0,0,0,1,0,0,0,0,0,0,0,0,0,PPIA,1,0
ENSG00000196313,+,49470,49470,0.534990903577926,0.5424701839498686,97,92,9,10,6,4,3,2,4,2,1,3,11,16,1,3,POM121,26,30
ENSG00000196352,+,9408,9408,0.6375425170068028,0.5858843537414966,38,25,3,1,0,1,0,1,1,2,1,0,1,1,0,1,CD55,3,6
ENSG00000196387,+,22593,22593,0.5979728234408888,0.5689815429557827,58,44,4,0,1,2,0,0,0,0,1,2,3,5,3,4,ZNF140,8,13
ENSG00000196428,+,42098,42098,0.6527150933536034,0.6081999144852487,167,117,9,0,2,2,4,6,3,5,1,3,9,4,2,5,TSC22D2,21,25
ENSG00000196549,+,21406,21406,0.6121648136036625,0.6259927123236476,76,70,9,4,1,1,1,0,0,2,0,1,4,9,1,4,MME,7,17
ENSG00000196586,+,39311,39311,0.6132380249802855,0.5903182315382463,119,100,8,5,3,4,1,0,3,2,3,3,8,12,2,2,MYO6,20,23
ENSG00000196715,+,46332,46332,0.5858370025036692,0.5678149011482345,99,92,8,11,1,3,3,3,1,1,2,4,22,22,1,1,VKORC1L1,30,34
ENSG00000196735,+,6847,6847,0.5950051117277639,0.5812764714473492,18,13,1,0,1,0,0,0,0,0,2,0,4,2,1,0,HLA-DQA1,8,2
ENSG00000196743,+,183,183,0.5683060109289617,0.73224043715847,0,1,0,0,0,0,0,0,0,0,0,0,1,0,0,0,GM2A,1,0
ENSG00000196757,+,687,687,0.604075691411936,0.5778748180494906,2,1,0,0,0,0,0,0,0,0,0,0,0,0,0,0,ZNF700,0,0
ENSG00000196814,+,28705,28705,0.552621494513151,0.5718864309353772,55,76,3,2,7,3,0,2,0,0,3,0,7,3,1,0,MVB12B,18,8
ENSG00000196843,+,6715,6715,0.4358897989575577,0.4302308265078183,2,1,0,0,0,2,0,1,0,1,1,0,1,0,0,1,ARID5A,2,5
ENSG00000196862,+,3490,3490,0.6234957020057307,0.6177650429799427,3,11,0,0,1,0,0,0,1,0,0,0,1,0,0,0,RGPD4,3,0
ENSG00000196961,+,35829,35829,0.45820424795556675,0.4923386083898518,27,22,2,3,6,4,3,3,0,0,0,2,13,22,1,1,AP2A1,23,32
ENSG00000197006,+,27502,27502,0.5615955203257945,0.5791578794269507,64,64,7,1,5,1,0,4,0,1,0,1,5,5,2,0,METTL9,12,12
ENSG00000197070,+,4262,4262,0.3655560769591741,0.4415767245424683,0,8,0,4,0,1,0,1,0,0,0,0,0,1,0,0,ARRDC1,0,3
ENSG00000197111,+,1385,1385,0.5689530685920577,0.5790613718411552,0,2,0,0,0,0,0,1,0,0,0,0,1,0,1,1,PCBP2,2,2
ENSG00000197142,+,13459,13459,0.5834014414146668,0.5855561334423063,19,33,1,4,1,1,1,4,1,1,1,0,5,1,1,0,ACSL5,10,7
ENSG00000197150,+,16038,16038,0.43159995011846863,0.44001745853597707,6,6,0,0,6,3,1,0,0,0,0,0,7,4,1,1,ABCB8,15,8
ENSG00000197208,+,46140,46140,0.5563285652362375,0.47765496315561334,90,43,5,0,6,4,4,2,2,1,2,2,10,9,4,2,SLC22A4,28,20
ENSG00000197312,+,6313,6313,0.5943291620465706,0.5974972279423412,9,13,0,0,0,0,0,2,0,1,0,0,2,1,1,1,DDI2,3,5
ENSG00000197448,+,5169,5169,0.5252466627974464,0.5649061714064616,6,11,0,1,0,0,0,0,0,0,0,1,1,2,0,0,GSTK1,1,3
ENSG00000197451,+,4384,4384,0.4717153284671533,0.48996350364963503,4,6,0,1,0,1,0,1,0,0,0,0,0,2,0,1,HNRNPAB,0,5
ENSG00000197471,+,6062,6062,0.500329924117453,0.499010227647641,2,5,0,0,0,0,0,2,0,0,0,0,5,4,0,0,SPN,5,6
ENSG00000197562,+,21003,21003,0.41679760034280816,0.443365233538066,15,9,7,0,6,1,4,1,1,1,1,0,9,7,0,0,RAB40C,21,10
ENSG00000197601,+,24239,24239,0.6564627253599571,0.6299352283510046,70,71,1,3,2,1,1,0,1,3,0,1,3,4,2,3,FAR1,9,12
ENSG00000197724,+,28052,28052,0.43148438614002566,0.5157921003849993,10,37,0,0,3,4,0,1,0,0,1,0,3,4,0,1,PHF2,7,10
ENSG00000197756,+,1416,1416,0.5988700564971752,0.5218926553672316,4,1,0,0,0,0,0,0,0,0,0,0,0,0,0,0,RPL37A,0,0
ENSG00000197766,+,2288,2288,0.3763111888111888,0.326486013986014,0,0,0,0,1,1,0,0,0,0,0,0,1,0,0,0,CFD,2,1
ENSG00000197779,+,10455,10455,0.6119560019129603,0.5810616929698709,35,18,2,0,0,0,2,0,1,1,1,1,0,1,1,1,ZNF81,5,4
ENSG00000197798,+,38724,38724,0.58537341183762,0.5319698378266708,83,53,11,1,3,5,2,3,1,0,0,5,12,12,1,2,FAM118B,19,27
ENSG00000197951,+,9039,9039,0.5180882841022237,0.5673193937382454,18,19,3,0,2,0,2,1,0,0,0,0,0,0,0,0,ZNF71,4,1
ENSG00000197965,+,47719,47719,0.5894926549173285,0.5351537123577611,108,63,3,4,2,9,2,4,3,1,6,2,12,15,1,1,MPZL1,26,32
ENSG00000198019,+,1549,1549,0.5306649451258877,0.5726275016139445,1,3,0,0,1,0,1,0,0,1,0,1,0,0,1,1,FCGR1B,3,3
ENSG00000198176,+,29578,29578,0.45878693623639194,0.5176144431672188,19,48,0,3,3,4,3,0,1,0,1,1,4,4,0,1,TFDP1,12,10
ENSG00000198223,+,29508,29508,0.4931882879219195,0.4968144232072658,42,14,10,1,2,6,1,0,0,1,0,0,10,18,0,1,CSF2RA,13,26
ENSG00000198225,+,553,553,0.5949367088607594,0.5189873417721519,0,2,0,0,0,0,0,0,0,0,0,0,0,0,0,0,FKBP1C,0,0
ENSG00000198258,+,798,798,0.5338345864661654,0.3634085213032581,3,0,2,0,0,0,1,0,0,0,0,0,0,0,0,0,UBL5,1,0
ENSG00000198429,+,8661,8661,0.5773005426625101,0.5486664357464496,14,14,0,2,1,0,0,0,0,0,0,0,2,3,1,0,ZNF69,4,3
ENSG00000198466,+,6129,6129,0.5522923804862131,0.5485397291564692,8,6,0,2,2,0,0,2,1,0,0,0,5,1,1,0,ZNF587,9,3
ENSG00000198551,+,42090,42090,0.5196008553100498,0.476383939177952,55,33,11,5,3,4,5,4,4,2,1,1,16,24,1,0,ZNF627,30,35
ENSG00000198585,+,5501,5501,0.5146337029630976,0.5573532085075441,2,11,0,1,0,2,0,0,1,0,0,0,1,0,0,0,NUDT16,2,2
ENSG00000198663,+,4630,4630,0.5345572354211663,0.5632829373650108,3,11,0,0,0,1,0,0,0,0,1,0,1,1,1,1,C6orf89,3,3
ENSG00000198668,+,6058,6058,0.5115549686365137,0.5698250247606471,11,16,1,1,0,0,0,2,0,0,0,0,0,3,1,0,CALM1,1,5
ENSG00000198682,+,46303,46303,0.5995507850463253,0.5836770835583007,115,95,9,1,2,1,4,3,3,3,7,2,8,11,4,9,PAPSS2,28,29
ENSG00000198689,+,45200,45200,0.6022787610619469,0.587433628318584,121,77,13,4,4,1,6,5,2,2,2,2,5,6,2,3,SLC9A6,21,19
ENSG00000198730,+,38927,38927,0.5857117168032471,0.555527012099571,89,77,6,1,1,5,3,6,2,1,3,1,13,11,4,0,CTR9,26,24
ENSG00000198771,+,1501,1501,0.5816122584943371,0.5236508994003998,2,1,0,0,0,1,0,1,0,0,0,0,0,0,0,0,RCSD1,0,2
ENSG00000198799,+,31487,31487,0.596087274113126,0.5446692285705211,93,77,17,16,0,3,3,1,1,1,1,0,6,6,1,2,LRIG2,12,13
ENSG00000198814,+,3294,3294,0.6120218579234973,0.6259866423800851,6,4,0,0,0,0,1,0,0,0,0,0,0,0,0,0,GK,1,0
ENSG00000198842,+,8028,8028,0.5813403089187843,0.5437219730941704,11,13,0,1,0,1,2,0,0,0,0,0,2,2,2,0,DUSP27,6,3
ENSG00000198843,+,2529,2529,0.6255436931593515,0.5116646896006327,9,2,1,0,1,0,0,0,0,0,0,0,1,0,0,1,SELENOT,2,1
ENSG00000198898,+,24050,24050,0.6424532224532225,0.5876091476091476,91,57,4,1,1,1,2,0,2,2,1,0,7,8,1,1,CAPZA2,14,12
ENSG00000198909,+,13477,13477,0.40921570082362546,0.5496030273799807,9,17,0,0,3,1,1,1,0,0,0,0,1,5,0,1,MAP3K3,5,8
ENSG00000198954,+,33362,33362,0.5402553803728793,0.5928301660571909,58,84,8,5,4,0,0,2,0,2,1,2,18,15,0,3,KIFBP,23,24
ENSG00000203705,+,23202,23202,0.5965865011636928,0.5984828894060856,65,46,12,1,1,4,1,1,2,1,3,2,8,8,2,1,TATDN3,17,17
ENSG00000203780,+,4993,4993,0.5802122972161026,0.6070498698177449,10,16,0,1,0,0,1,0,0,0,0,0,1,2,0,1,FANK1,2,3
ENSG00000204104,+,33377,33377,0.5690145908859394,0.5564310752913683,82,77,6,17,1,1,0,1,2,0,2,1,3,6,2,1,TRAF3IP1,10,10
ENSG00000204178,+,2344,2344,0.6377986348122867,0.6267064846416383,6,5,0,0,0,0,0,0,0,0,0,0,1,0,0,0,MACO1,1,0
ENSG00000204220,+,6819,6819,0.4503592902185071,0.4990467810529403,5,6,0,0,4,1,0,1,0,1,0,0,0,3,0,0,PFDN6,4,6
ENSG00000204256,+,11884,11884,0.5459441265567149,0.5345843150454392,29,18,5,0,0,0,0,1,1,0,0,0,2,2,1,0,BRD2,4,3
ENSG00000204272,+,20706,20706,0.6452719018641939,0.6283202936346952,72,42,5,2,0,3,0,1,1,2,0,1,1,3,3,0,NBDY,5,10
ENSG00000204435,+,3016,3016,0.4791114058355438,0.506631299734748,1,1,0,0,1,0,0,0,0,0,0,0,2,0,0,0,CSNK2B,3,0
ENSG00000205189,+,25284,25284,0.6275114697041607,0.5772425249169435,96,64,14,3,1,1,1,3,1,0,3,0,7,8,4,1,ZBTB10,17,13
ENSG00000205238,+,2801,2801,0.47197429489468046,0.5155301677972153,0,0,0,0,0,0,0,0,0,0,0,0,0,1,1,0,SPDYE2,1,1
ENSG00000205269,+,36848,36848,0.6378365175857577,0.621933347807208,119,101,4,2,2,0,0,0,0,2,2,0,7,7,2,5,TMEM170B,13,14
ENSG00000205302,+,12681,12681,0.6426149357306206,0.6239255579212996,45,38,8,2,0,1,1,0,2,1,2,0,3,2,0,0,SNX2,8,4
ENSG00000205339,+,26729,26729,0.6108346739496427,0.5854689662912941,80,63,3,3,2,2,2,1,1,2,4,1,11,11,3,1,IPO7,23,18
ENSG00000205464,+,25919,25919,0.5933099270805201,0.5776071607700914,61,64,1,2,2,1,0,3,4,3,1,0,3,5,4,0,ATP6AP1L,14,12
ENSG00000205639,+,44490,44490,0.5272870307934368,0.5589795459653855,52,99,3,18,3,3,4,5,3,3,2,3,22,25,2,2,MFSD2B,36,41
ENSG00000205765,+,6432,6432,0.6372823383084577,0.6623134328358209,19,31,1,1,0,0,2,0,0,0,0,0,1,4,0,1,C5orf51,3,5
ENSG00000213015,+,5925,5925,0.38244725738396623,0.48253164556962025,2,4,0,2,0,1,1,0,0,1,3,0,1,1,0,1,ZNF580,5,4
ENSG00000213064,+,29255,29255,0.5972654247137241,0.5524867544009571,60,54,2,3,4,3,0,5,2,3,1,0,5,10,4,2,SFT2D2,16,23
ENSG00000213204,+,6620,6620,0.6064954682779456,0.5685800604229607,21,6,1,1,0,0,0,1,0,0,0,0,0,1,0,0,AL049697.1,0,2
ENSG00000213465,+,2135,2135,0.477751756440281,0.453864168618267,6,2,1,0,0,0,0,0,0,0,0,0,1,0,0,0,ARL2,1,0
ENSG00000213619,+,10838,10838,0.5145783354862521,0.5442886141354494,11,22,0,3,2,0,0,2,1,0,0,0,7,5,0,1,NDUFS3,10,8
ENSG00000213639,+,47337,47337,0.6137271056467457,0.5723429875150516,118,95,10,9,2,3,3,5,1,0,2,0,15,16,1,1,PPP1CB,24,25
ENSG00000213699,+,15293,15293,0.48106977048322763,0.5170339370954031,10,10,0,1,3,0,2,0,1,2,0,1,2,5,3,0,SLC35F6,11,8
ENSG00000213762,+,1095,1095,0.5561643835616439,0.5497716894977169,1,0,0,0,0,0,0,0,0,0,0,0,0,0,0,0,ZNF134,0,0
ENSG00000213780,+,4275,4275,0.49099415204678365,0.5052631578947369,1,2,1,0,1,0,1,2,1,0,0,0,1,0,0,0,GTF2H4,4,2
ENSG00000213918,+,44828,44828,0.5082314624788079,0.4975684839832248,57,33,6,2,4,7,4,3,1,1,0,1,13,18,1,4,DNASE1,23,34
ENSG00000213965,+,7884,7884,0.5572044647387113,0.5481988838153222,13,14,1,1,0,0,0,0,0,1,0,0,6,0,0,0,NUDT19,6,1
ENSG00000214954,+,7856,7856,0.6210539714867617,0.6155804480651731,24,19,3,0,0,1,0,1,0,1,0,0,3,2,1,2,LRRC69,4,7
ENSG00000215114,+,16633,16633,0.616004328744063,0.6156436000721457,35,53,0,2,1,2,0,1,0,0,2,1,3,3,0,2,UBXN2B,6,9
ENSG00000215301,+,15952,15952,0.6206745235707122,0.5154212637913741,43,25,1,7,0,1,1,2,0,0,0,2,1,8,2,0,DDX3X,4,13
ENSG00000215375,+,3167,3167,0.3413324913167035,0.32775497316071994,0,0,0,0,3,2,0,0,0,0,0,0,0,0,0,0,MYL5,3,2
ENSG00000215421,+,40678,40678,0.6075274103938246,0.6151728206893161,109,114,3,2,5,3,3,0,0,4,3,1,3,1,5,3,ZNF407,19,12
ENSG00000218739,+,19556,19556,0.6342810390672939,0.5729187973000613,47,39,1,1,0,2,0,1,2,0,1,0,7,8,2,1,CEBPZOS,12,12
ENSG00000219626,+,21761,21761,0.5460227011626304,0.5490556500160838,21,33,1,8,1,2,0,1,0,3,1,1,6,6,0,4,FAM228B,8,17
ENSG00000221963,+,18241,18241,0.5899895839043912,0.5034811687955704,34,13,0,2,1,4,0,0,1,0,0,2,1,8,1,1,APOL6,4,15
ENSG00000221983,+,1527,1527,0.5042567125081859,0.47806155861165683,2,0,0,0,0,1,0,1,0,0,0,0,0,1,0,0,UBA52,0,3
ENSG00000222011,+,1957,1957,0.6208482370975984,0.6499744506898314,10,5,1,0,0,0,0,0,0,0,0,0,0,1,0,0,FAM185A,0,1
ENSG00000223865,+,2049,2049,0.5236700829673011,0.5153733528550513,0,3,0,0,0,0,0,0,0,0,0,0,0,0,0,0,HLA-DPB1,0,0
ENSG00000224531,+,32391,32391,0.5645704053595134,0.5604951992837517,66,62,6,3,2,2,3,0,3,3,1,2,5,9,0,1,SMIM13,14,17
ENSG00000231500,+,1699,1699,0.3719835197174809,0.5414949970570924,1,2,0,0,1,0,0,1,0,0,1,0,0,0,0,1,RPS18,2,2
ENSG00000232112,+,6657,6657,0.5116418807270542,0.4800961394021331,11,7,0,0,2,2,3,0,0,2,0,0,2,0,0,0,TMA7,7,4
ENSG00000232119,+,7503,7503,0.6401439424230307,0.6229508196721312,23,28,1,1,0,0,0,0,0,0,1,1,0,3,0,0,MCTS1,1,4
ENSG00000232434,+,658,658,0.3434650455927052,0.3221884498480243,0,0,0,0,0,0,0,0,0,0,1,0,0,0,0,0,AJM1,1,0
ENSG00000232593,+,14303,14303,0.6014822065300985,0.5584143186744039,28,31,1,0,2,0,0,0,1,0,2,2,2,4,1,1,KANTR,8,7
ENSG00000232653,+,5069,5069,0.47977904912211483,0.5620437956204379,2,2,0,0,0,0,1,1,0,0,0,0,1,1,0,1,GOLGA8N,2,3
ENSG00000234444,+,20370,20370,0.6302405498281787,0.6123220422189495,61,61,5,2,0,2,0,2,0,1,2,3,2,3,2,1,ZNF736,6,12
ENSG00000238083,+,40274,40274,0.5820876992600685,0.582931916372846,91,108,1,10,2,2,3,1,1,2,1,1,15,13,1,0,LRRC37A2,23,19
ENSG00000239306,+,7372,7372,0.5016277807921866,0.4849430276722735,6,9,1,0,0,0,1,0,0,1,1,0,1,1,0,0,RBM14,3,2
ENSG00000240065,+,2552,2552,0.5431034482758621,0.39184952978056425,1,1,0,0,0,0,1,0,1,0,0,0,1,0,1,0,PSMB9,4,0
ENSG00000241839,+,8742,8742,0.4510409517272935,0.46865705788149165,8,5,0,0,1,0,0,0,0,0,0,2,1,2,1,0,PLEKHO2,3,4
ENSG00000241962,+,36082,36082,0.6007427526190344,0.5827559447924173,99,82,6,0,4,1,2,3,3,3,1,0,6,11,4,2,AC079447.1,20,20
ENSG00000243207,+,1833,1833,0.42225859247135844,0.4391707583196945,0,0,0,0,0,1,0,0,0,1,0,0,0,0,0,0,PPAN-P2RY11,0,2
ENSG00000243660,+,33861,33861,0.5364283393874959,0.5177342665603497,53,46,5,11,2,2,2,2,1,1,1,2,17,22,1,4,ZNF487,24,33
ENSG00000243943,+,4862,4862,0.6108597285067874,0.6229946524064172,15,21,0,0,0,0,0,0,1,0,0,1,1,2,0,0,ZNF512,2,3
ENSG00000248643,+,1543,1543,0.5489306545690213,0.5385612443292288,4,1,2,0,0,0,0,0,0,0,0,0,1,0,1,0,RBM14-RBM4,2,0
ENSG00000249967,+,30000,30000,0.5612333333333334,0.5338666666666667,54,47,4,9,2,1,3,3,1,1,1,2,7,13,2,0,AL355315.1,16,20
ENSG00000250151,+,7835,7835,0.49176770899808553,0.5017230376515635,8,7,1,0,4,2,1,0,1,0,0,0,2,4,0,0,ARPC4-TTLL3,8,6
ENSG00000250349,+,21816,21816,0.6215163182984965,0.6332508250825083,65,56,2,1,1,1,2,0,3,1,0,2,2,1,1,4,AF241726.2,9,9
ENSG00000254553,+,35459,35459,0.5737612453819905,0.5496488902676331,77,82,8,20,1,3,5,4,1,2,1,1,15,19,2,1,AL033529.1,25,30
ENSG00000254673,+,12296,12296,0.6022283669486012,0.5374105400130124,29,14,1,0,1,1,1,1,0,2,1,1,0,3,0,2,AC110275.1,3,10
ENSG00000255730,+,5663,5663,0.5022073106127495,0.4896697863323327,8,4,5,0,1,1,1,0,0,0,0,0,6,4,0,1,AC011462.1,8,6
ENSG00000256349,+,6536,6536,0.45914932680538556,0.5013769889840881,2,7,0,0,1,1,0,0,0,0,0,0,2,6,0,0,AP002748.5,3,7
ENSG00000256591,+,4594,4594,0.5461471484545058,0.5544188071397474,7,4,0,0,2,0,0,0,0,0,0,0,1,2,0,0,AP003108.2,3,2
ENSG00000256825,+,2130,2130,0.5985915492957746,0.6544600938967137,0,10,0,1,0,0,0,0,0,0,0,0,0,0,0,0,AC026786.1,0,0
ENSG00000257103,+,36685,36685,0.6029167234564536,0.5613193403298351,94,79,14,5,3,1,3,2,2,0,5,0,15,17,2,4,LSM14A,30,24
ENSG00000258064,+,11890,11890,0.6080740117746005,0.6102607232968882,27,28,0,1,1,0,1,1,1,0,0,0,3,4,0,0,AC073612.1,6,5
ENSG00000258311,+,4084,4084,0.4534769833496572,0.531586679725759,1,5,0,0,1,1,2,1,0,0,0,0,0,2,0,0,AC009779.4,3,4
ENSG00000258790,+,8467,8467,0.6135585213180583,0.5854493917562301,24,14,0,0,0,0,1,0,2,1,1,1,7,5,1,0,AL121594.1,12,7
ENSG00000259224,+,7265,7265,0.4769442532690984,0.43537508602890573,3,4,0,0,0,2,0,0,0,0,0,0,1,2,1,0,SLC35G6,2,4
ENSG00000259529,+,3205,3205,0.5301092043681748,0.459594383775351,1,0,0,0,0,0,1,3,0,0,0,1,2,1,0,0,AL136295.5,3,5
ENSG00000261609,+,14106,14106,0.5782645682688218,0.5578477243726074,33,32,1,1,2,1,1,0,0,2,1,1,3,3,1,1,GAN,8,8
ENSG00000262633,+,25070,25070,0.5942959712804149,0.5413641802951735,61,55,1,3,0,2,2,1,1,0,2,2,12,7,0,1,AC005670.2,17,13
ENSG00000263465,+,1912,1912,0.6155857740585774,0.4628661087866109,2,1,0,0,0,0,1,0,0,0,0,0,1,0,0,1,SRSF8,2,1
ENSG00000264545,+,29556,29556,0.627013127622141,0.5922316957639735,76,59,2,1,1,1,3,3,2,3,1,1,3,6,4,4,AL359922.1,14,18
ENSG00000266094,+,44978,44978,0.5148294721864023,0.5150740361954733,52,64,2,10,5,2,5,1,1,1,1,3,9,14,4,3,RASSF5,25,24
ENSG00000267699,+,24466,24466,0.620616365568544,0.5557917109458024,83,50,5,1,3,1,1,1,4,2,1,1,7,3,1,2,AC091551.1,17,10
ENSG00000268797,+,16729,16729,0.5012851933767709,0.41939147588020803,12,6,1,0,2,4,0,2,1,1,0,0,5,0,1,1,AC008537.1,9,8
ENSG00000268975,+,13169,13169,0.48097805452198344,0.49487432606879794,26,8,15,0,1,1,1,2,0,0,0,0,4,6,0,0,MIA-RAB4B,6,9
ENSG00000269313,+,994,994,0.41851106639839036,0.41851106639839036,1,0,0,0,0,0,0,0,0,0,0,0,0,0,0,0,MAGIX,0,0
ENSG00000269335,+,18646,18646,0.4268475812506704,0.4491579963531052,8,3,0,0,0,5,1,1,1,2,1,2,2,11,0,0,IKBKG,5,21
ENSG00000270106,+,42945,42945,0.5832809407381534,0.5653044591919898,93,76,5,0,7,3,5,1,4,2,5,1,4,12,9,5,TSNAX-DISC1,34,24
ENSG00000270181,+,34489,34489,0.6023949665110615,0.6159645104236133,106,92,7,2,1,0,3,5,1,2,4,1,3,9,2,0,BIVM-ERCC5,14,17
ENSG00000270647,+,33443,33443,0.5990192267440122,0.5283915916634273,93,53,4,5,2,2,0,2,1,3,0,1,11,8,5,0,TAF15,19,16
ENSG00000271605,+,23791,23791,0.5385229708713379,0.5669791097473834,57,39,22,1,2,1,2,3,0,0,2,0,9,7,1,1,MILR1,16,12
ENSG00000273003,+,15658,15658,0.4687060927321497,0.4621279856942138,16,15,6,1,3,3,2,1,1,1,1,0,5,6,0,0,ARL2-SNX15,12,11
ENSG00000273136,+,42792,42792,0.5600813236118901,0.6038044494297999,62,117,0,6,0,3,5,2,0,1,2,1,6,4,2,4,NBPF26,15,15
ENSG00000273899,+,827,827,0.4195888754534462,0.41717049576783555,0,0,0,0,0,0,0,0,0,0,0,0,0,0,0,0,NOL12,0,0
ENSG00000275385,+,3345,3345,0.5518684603886398,0.5584454409566517,5,5,1,0,1,1,0,0,0,0,0,0,0,0,0,0,CCL18,1,1
ENSG00000275700,+,10447,10447,0.5894515171819661,0.5264669283047765,22,21,0,0,1,1,1,0,0,1,0,0,4,0,1,1,AATF,7,3
ENSG00000277117,+,4035,4035,0.41536555142503095,0.3970260223048327,1,1,0,0,3,2,1,0,0,0,0,0,1,2,1,0,FP565260.3,6,4
ENSG00000278311,+,29860,29860,0.5803750837240456,0.5496651038178165,62,49,2,3,1,2,1,3,2,1,3,1,16,13,1,4,GGNBP2,24,24
ENSG00000280987,+,19866,19866,0.6231249370784254,0.564683378636867,59,31,5,1,2,0,1,5,2,0,1,1,5,3,1,0,MATR3,12,9
ENSG00000283761,+,19651,19651,0.6069920105847031,0.6053635947280037,61,52,0,1,1,2,1,4,0,0,0,0,4,4,2,2,AC118553.2,8,12
ENSG00000283782,+,909,909,0.5885588558855885,0.5401540154015402,3,2,0,0,0,0,0,0,0,0,0,0,0,0,0,0,AC116366.3,0,0
ENSG00000284057,+,3201,3201,0.6085598250546704,0.5301468291159013,8,8,1,2,0,0,0,0,0,0,0,0,2,0,0,0,AP001273.2,2,0
ENSG00000285043,+,5902,5902,0.48322602507624535,0.4203659776347001,6,1,3,0,1,0,2,0,1,0,0,0,2,4,1,0,AC093512.2,7,4
ENSG00000285082,+,49827,49827,0.5872518915447448,0.6314849378850824,126,150,9,6,4,2,6,5,3,7,3,2,9,2,8,6,AL160272.2,33,24
ENSG00000285283,+,12209,12209,0.5421410434925056,0.5482840527479728,17,21,0,0,2,1,1,2,0,1,0,0,2,3,0,2,AL035078.4,5,9
ENSG00000285329,+,29560,29560,0.49438430311231396,0.5649864682002707,24,50,3,0,8,1,0,0,0,1,1,0,13,14,0,0,AC025283.2,22,16
ENSG00000285404,+,10476,10476,0.5719740358915617,0.48949980908743795,19,6,0,0,0,4,0,0,1,0,0,0,0,3,2,0,Z82190.2,3,7
ENSG00000285901,+,26657,26657,0.6021307724049968,0.5522001725625539,49,43,6,1,0,2,0,2,1,2,3,2,5,4,3,1,AC008012.1,12,13
ENSG00000286106,+,28608,28608,0.601055648769575,0.621119966442953,65,91,1,6,1,1,1,1,0,2,1,3,2,4,4,0,AC253572.1,9,11
ENSG00000286185,+,32974,32974,0.5596833869108995,0.5595924061381695,35,31,0,0,0,0,0,1,0,0,0,1,0,0,0,0,AC242842.3,0,2
ENSG00000286235,+,12284,12284,0.6241452295669163,0.5858026701400195,24,30,0,2,0,0,5,0,0,0,0,1,2,4,0,0,AL035461.4,7,5
ENSG00000288558,+,27043,27043,0.6399068150722923,0.6212698295307473,100,77,1,0,1,1,1,0,5,1,3,1,10,3,4,4,DUS4L-BCAP29,24,10
ENSG00000001461,+,5858,5858,0.5307272106520997,0.5664049163537044,10,11,0,1,1,0,1,0,0,0,0,0,1,4,1,1,NIPAL3,4,5
ENSG00000001561,+,3045,3045,0.6758620689655173,0.6164203612479474,16,6,0,0,0,0,0,1,0,0,0,0,0,1,0,0,ENPP4,0,2
ENSG00000005302,+,5963,5963,0.5965118229079323,0.480965956733188,19,9,0,0,1,2,0,1,0,0,0,0,2,0,1,0,MSL3,4,3
ENSG00000005844,+,13779,13779,0.4847231293998113,0.514478554321794,13,28,3,15,5,1,2,4,0,0,0,0,4,11,0,0,ITGAL,11,16
ENSG00000005882,+,4065,4065,0.4268142681426814,0.41623616236162364,3,0,0,0,1,2,0,1,0,0,0,0,1,0,0,1,PDK2,2,4
ENSG00000006194,+,4072,4072,0.5098231827111984,0.42804518664047153,8,4,0,0,0,0,0,0,0,0,0,1,1,0,0,1,ZNF263,1,2
ENSG00000006652,+,31212,31212,0.6354927591951813,0.581763424323978,122,66,7,1,0,1,0,3,4,2,4,1,4,4,2,1,IFRD1,14,12
ENSG00000007174,+,29730,29730,0.5736966027581567,0.5705684493777329,57,67,0,4,3,4,2,1,0,1,3,2,10,5,1,2,DNAH9,19,15
ENSG00000008226,+,44497,44497,0.49201069735038316,0.5402836146257051,59,75,1,7,4,3,4,2,0,3,3,2,8,6,2,3,DLEC1,21,19
ENSG00000008323,+,9644,9644,0.45883450850269597,0.436748237245956,7,2,0,0,0,3,1,1,0,0,0,0,4,2,2,0,PLEKHG6,7,6
ENSG00000008324,+,5528,5528,0.5316570188133141,0.5680173661360347,5,8,1,0,0,0,1,0,1,1,1,0,3,2,1,0,SS18L2,7,3
ENSG00000011021,+,43329,43329,0.5154053866925155,0.4541069491564541,51,24,3,0,3,11,4,0,2,1,0,0,6,8,2,0,CLCN6,17,20
ENSG00000012124,+,26826,26826,0.49888168195034666,0.46097070006709906,29,13,11,1,2,4,1,2,1,0,0,0,16,7,1,0,CD22,21,13
ENSG00000013374,+,20764,20764,0.5408880755153149,0.5670872664226546,25,49,3,2,4,2,0,0,0,0,1,1,2,3,2,2,NUB1,9,8
ENSG00000013588,+,14849,14849,0.5339753518755471,0.5107414640716547,16,18,1,1,2,1,1,0,0,0,1,1,5,4,1,0,GPRC5A,10,6
ENSG00000013725,+,45518,45518,0.5047234061250494,0.48747748143591546,63,50,2,4,8,9,3,3,2,3,4,1,12,10,4,2,CD6,33,28
ENSG00000013810,+,17489,17489,0.44410772485562355,0.41271656469781004,3,4,0,0,2,5,0,0,0,1,0,0,5,3,0,0,TACC3,7,9
ENSG00000015171,+,4328,4328,0.6365526802218114,0.4366913123844732,19,6,0,0,1,0,0,0,0,1,0,0,1,0,0,0,ZMYND11,2,1
ENSG00000018280,+,5263,5263,0.4383431502945088,0.45715371461143833,5,10,2,6,0,1,0,1,0,0,1,0,1,1,0,1,SLC11A1,2,4
ENSG00000019144,+,4957,4957,0.5073633245914868,0.4258624167843454,5,4,0,0,0,2,0,0,0,0,0,0,2,0,0,0,PHLDB1,2,2
ENSG00000020426,+,5988,5988,0.6571476285905143,0.6641616566466266,20,19,0,1,0,0,0,0,0,1,0,0,0,3,2,0,MNAT1,2,4
ENSG00000022277,+,8276,8276,0.5329869502174964,0.5752779120347994,9,13,0,0,1,1,0,0,1,0,1,1,1,2,0,1,RTF2,4,5
ENSG00000023734,+,8043,8043,0.6676613204028348,0.6124580380455054,41,28,5,1,0,0,0,0,1,0,0,0,1,1,0,2,STRAP,2,3
ENSG00000025434,+,2977,2977,0.5183070204904267,0.5179711118575747,4,5,1,1,1,0,0,0,0,0,0,0,1,2,0,0,NR1H3,2,2
ENSG00000026025,+,1795,1795,0.5582172701949861,0.43565459610027857,10,1,4,0,0,0,0,0,0,0,0,0,0,0,0,0,VIM,0,0
ENSG00000026103,+,8993,8993,0.6311575669965529,0.6113643945290782,28,25,0,2,1,0,0,1,0,0,0,0,0,3,1,0,FAS,2,4
ENSG00000029993,+,4791,4791,0.5721143811312879,0.4266332707159257,7,2,0,0,0,0,0,0,0,0,0,0,1,1,1,0,HMGB3,2,1
ENSG00000038427,+,25040,25040,0.6452076677316294,0.6284345047923323,97,84,3,2,2,1,0,1,1,1,1,1,1,4,1,3,VCAN,6,11
ENSG00000040531,+,32329,32329,0.4528751275944199,0.4974481116025859,11,33,1,6,5,5,6,1,0,1,0,0,11,15,0,0,CTNS,22,22
ENSG00000046651,+,31846,31846,0.6053507504867174,0.5874835144131131,68,67,1,2,3,2,2,3,7,4,1,2,4,12,4,2,OFD1,21,25
ENSG00000049246,+,36534,36534,0.6089122461268955,0.5618328132698308,83,62,2,5,3,4,4,1,1,2,4,0,8,10,2,2,PER3,22,19
ENSG00000050426,+,4006,4006,0.5421867199201198,0.5499251123315028,18,4,10,0,0,0,2,0,0,0,0,1,1,4,0,0,LETMD1,3,5
ENSG00000051108,+,4409,4409,0.5624858244499886,0.5089589476071672,12,9,0,0,0,1,0,0,1,0,1,0,1,2,0,0,HERPUD1,3,3
ENSG00000054967,+,327,327,0.48623853211009177,0.45565749235474007,0,0,0,0,0,0,0,0,0,0,0,0,0,0,0,0,RELT,0,0
ENSG00000058056,+,29622,29622,0.573931537370873,0.5551617041388157,71,58,11,7,3,4,3,3,3,1,1,0,12,8,1,0,USP13,23,16
ENSG00000060558,+,28609,28609,0.47855569925547903,0.44098011115383273,26,20,9,0,2,5,3,1,1,1,0,0,8,13,0,0,GNA15,14,20
ENSG00000062282,+,22368,22368,0.47657367668097284,0.4977646638054363,19,21,0,0,1,6,2,3,1,0,0,1,1,4,1,1,DGAT2,6,15
ENSG00000063322,+,6422,6422,0.4694799127997509,0.4651199003425724,1,7,0,0,2,7,1,1,0,0,0,0,3,1,0,0,MED29,6,9
ENSG00000064201,+,370,370,0.5216216216216216,0.3783783783783784,1,0,0,0,0,0,0,0,0,0,0,0,0,0,0,0,TSPAN32,0,0
ENSG00000064225,+,13305,13305,0.6065388951521984,0.6148064637354378,34,31,0,0,0,0,1,1,3,1,0,2,1,3,0,3,ST3GAL6,5,10
ENSG00000064270,+,43128,43128,0.5095297718419588,0.5205203116304953,48,52,1,1,11,3,1,1,6,1,1,0,12,11,1,2,ATP2C2,32,18
ENSG00000064652,+,5216,5216,0.5949003067484663,0.6198236196319018,13,18,1,0,0,0,0,0,1,0,0,2,1,0,2,0,SNX24,4,2
ENSG00000064886,+,41060,41060,0.5546030199707744,0.5981490501704823,62,114,2,5,4,7,2,4,2,7,3,1,6,7,6,4,CHI3L2,23,30
ENSG00000065361,+,2473,2473,0.547513141932875,0.5281035179943389,4,2,0,0,1,1,0,0,0,0,2,1,0,3,0,0,ERBB3,3,5
ENSG00000065548,+,7605,7605,0.6333990795529257,0.6310322156476003,31,21,0,0,0,0,0,1,0,0,0,1,1,1,1,1,ZC3H15,2,4
ENSG00000065615,+,30822,30822,0.6217312309389397,0.6086237103367724,88,80,3,0,0,4,0,1,2,1,0,0,2,4,2,2,CYB5R4,6,12
ENSG00000066455,+,517,517,0.6518375241779497,0.6518375241779497,3,2,0,0,0,0,0,0,0,0,0,0,0,1,0,0,GOLGA5,0,1
ENSG00000066697,+,7234,7234,0.6004976499861764,0.569394525850152,20,16,0,0,1,0,0,2,0,1,0,0,1,1,0,4,MSANTD3,2,8
ENSG00000068781,+,6660,6660,0.6360360360360361,0.6036036036036037,22,17,0,0,0,0,1,2,0,0,0,1,2,2,0,0,STON1-GTF2A1L,3,5
ENSG00000069493,+,21765,21765,0.6262347806110728,0.6045945325063175,71,68,3,5,0,2,0,1,1,1,2,1,2,4,0,2,CLEC2D,5,11
ENSG00000070269,+,7636,7636,0.643399685699319,0.6483761131482452,22,26,0,2,2,0,0,0,0,1,1,0,3,2,3,0,TMEM260,9,3
ENSG00000070501,+,17032,17032,0.6145490840770315,0.5469704086425552,38,22,3,5,1,1,0,1,0,0,2,0,3,5,1,0,POLB,7,7
ENSG00000072401,+,13308,13308,0.64404869251578,0.6019687406071536,44,44,4,2,1,0,1,2,1,1,0,2,4,1,2,2,UBE2D1,9,8
ENSG00000073578,+,6957,6957,0.5762541325283886,0.5266637918643093,17,7,0,0,0,0,0,2,0,0,0,0,0,3,0,1,SDHA,0,6
ENSG00000075239,+,28326,28326,0.5819388547624091,0.5918943726611594,67,62,0,2,1,0,2,4,3,2,1,3,18,12,1,1,ACAT1,26,22
ENSG00000075914,+,27784,27784,0.5514324791246761,0.5451338900086381,39,44,0,0,4,2,3,2,0,1,0,1,2,8,1,1,EXOSC7,10,15
ENSG00000075975,+,15187,15187,0.5258444722459998,0.5631790347007309,12,31,0,1,1,1,1,1,0,1,2,0,4,0,0,2,MKRN2,8,5
ENSG00000076053,+,771,771,0.6121919584954605,0.5888456549935149,0,1,0,0,0,0,0,0,0,0,1,0,0,1,0,0,RBM7,1,1
ENSG00000076242,+,7316,7316,0.5857025697102242,0.562055768179333,14,12,0,0,0,0,0,1,1,0,1,1,2,1,2,1,MLH1,6,4
ENSG00000076555,+,20355,20355,0.5138786538933923,0.529108327192336,21,35,3,6,0,3,2,1,0,0,1,2,3,7,1,0,ACACB,7,13
ENSG00000080200,+,42753,42753,0.634060767665427,0.6317217505204313,124,113,4,2,1,2,4,4,4,2,3,3,9,6,1,3,CRYBG3,22,20
ENSG00000080603,+,4569,4569,0.5106150142263077,0.43882687677828847,2,1,0,0,0,1,0,0,0,0,0,0,3,0,1,0,SRCAP,4,1
ENSG00000081154,+,7538,7538,0.6099761209869992,0.5661979304855399,16,13,5,0,0,1,0,0,0,0,0,0,3,0,0,1,PCNP,3,2
ENSG00000081760,+,38892,38892,0.4847012239020878,0.4898693818780212,37,43,1,4,5,3,3,3,2,0,1,1,10,6,0,0,AACS,21,13
ENSG00000083312,+,42109,42109,0.6388658006601914,0.622361015459878,119,130,3,0,0,4,1,3,4,2,1,3,11,10,2,3,TNPO1,19,25
ENSG00000083845,+,1468,1468,0.49659400544959126,0.5326975476839237,1,7,0,4,1,0,0,0,0,0,0,0,1,0,0,0,RPS5,2,0
ENSG00000084072,+,11359,11359,0.46676644070780876,0.5567391495730258,8,14,0,0,5,0,1,0,0,0,1,0,1,1,1,1,PPIE,9,2
ENSG00000084207,+,4093,4093,0.531395064744686,0.43464451502565354,7,1,0,0,0,0,0,0,0,0,0,0,2,2,0,0,GSTP1,2,2
ENSG00000085514,+,26147,26147,0.5268290817302176,0.47003480322790375,39,19,3,1,0,2,1,3,0,2,0,0,10,7,2,1,PILRA,13,15
ENSG00000086598,+,10939,10939,0.5796690739555718,0.5207971478197276,17,14,2,5,1,0,0,0,2,0,0,0,5,11,2,1,TMED2,10,12
ENSG00000087077,+,3125,3125,0.4464,0.46464,1,0,0,0,0,0,0,1,0,0,0,0,0,0,0,0,TRIP6,0,1
ENSG00000087245,+,36385,36385,0.5611653153772159,0.5880170399890065,71,75,0,2,4,3,1,3,4,6,3,1,4,6,4,2,MMP2,20,21
ENSG00000087263,+,9877,9877,0.5886402753872634,0.6108129998987547,20,30,0,1,2,0,1,2,0,0,0,0,2,1,0,1,OGFOD1,5,4
ENSG00000088888,+,29181,29181,0.479490079161098,0.5077618998663513,21,36,1,0,2,4,2,1,0,0,2,3,11,14,0,2,MAVS,17,24
ENSG00000089248,+,1411,1411,0.6243798724309001,0.5308291991495393,6,0,0,0,0,0,0,1,0,0,0,0,0,0,0,0,ERP29,0,1
ENSG00000089280,+,6776,6776,0.5584415584415584,0.4790436835891381,10,4,0,0,0,0,0,0,0,0,0,0,0,1,0,0,FUS,0,1
ENSG00000089327,+,492,492,0.5142276422764228,0.5203252032520326,0,0,0,0,0,0,0,0,0,0,0,0,0,0,0,0,FXYD5,0,0
ENSG00000090266,+,15259,15259,0.5949275837210827,0.5301133757126941,34,31,0,4,0,1,0,1,2,0,0,3,1,4,1,0,NDUFB2,4,9
ENSG00000090924,+,718,718,0.43454038997214484,0.44707520891364905,0,0,0,0,0,0,0,0,0,0,0,0,0,0,0,0,PLEKHG2,0,0
ENSG00000091140,+,682,682,0.6158357771260997,0.6612903225806451,2,2,0,0,0,0,0,0,0,0,0,0,0,0,0,0,DLD,0,0
ENSG00000091527,+,12769,12769,0.5934685566606626,0.5148406296499334,35,12,2,1,0,2,1,1,0,3,0,1,2,5,0,1,CDV3,3,13
ENSG00000091831,+,38550,38550,0.5836835278858625,0.5758236057068742,90,78,6,3,2,5,1,5,4,4,2,2,7,4,2,3,ESR1,18,23
ENSG00000092140,+,37191,37191,0.6469038208168643,0.618940066145035,144,118,6,0,2,3,4,1,0,3,2,1,5,8,2,2,G2E3,15,18
ENSG00000094841,+,10750,10750,0.6372093023255814,0.6403720930232558,41,41,1,3,0,1,0,1,2,1,0,0,0,0,2,2,UPRT,4,5
ENSG00000095015,+,46102,46102,0.6361112316168496,0.5930328402238515,131,124,1,10,2,5,5,1,3,3,2,2,5,4,3,3,MAP3K1,20,18
ENSG00000095380,+,25558,25558,0.5344706158541357,0.538422411769309,37,37,3,4,2,0,1,3,1,1,1,1,4,14,1,1,NANS,10,20
ENSG00000099290,+,30171,30171,0.5771436147293759,0.5778396473434755,56,72,0,8,1,2,2,3,3,1,0,4,7,7,1,1,WASHC2A,14,18
ENSG00000099308,+,915,915,0.44371584699453553,0.4262295081967213,1,1,0,0,0,0,0,0,0,0,0,0,0,0,0,0,MAST3,0,0
ENSG00000099785,+,22809,22809,0.491954930071463,0.4501731772545925,19,30,4,9,4,4,2,1,0,0,1,1,18,5,0,2,MARCHF2,25,13
ENSG00000099991,+,32100,32100,0.41685358255451715,0.4667289719626168,8,18,0,1,10,11,1,5,1,2,0,2,2,6,1,2,CABIN1,15,28
ENSG00000100014,+,19363,19363,0.6027991530238083,0.5793523730826835,42,42,1,1,0,0,1,1,2,1,3,0,7,5,2,1,SPECC1L,15,8
ENSG00000100167,+,2183,2183,0.4493815849748053,0.5180943655519926,1,4,0,0,1,0,0,0,0,0,0,0,0,0,0,0,SEPTIN3,1,0
ENSG00000100209,+,14061,14061,0.5392219614536662,0.5503164782021194,16,25,0,2,1,0,1,0,0,0,0,0,11,10,1,0,HSCB,14,10
ENSG00000100393,+,44770,44770,0.5776189412553049,0.5767701585883404,91,97,3,8,4,3,4,3,1,0,1,1,13,13,4,2,EP300,27,22
ENSG00000100412,+,488,488,0.46311475409836067,0.4713114754098361,0,0,0,0,0,0,0,0,0,0,0,0,0,0,0,0,ACO2,0,0
ENSG00000100426,+,28527,28527,0.543239737792267,0.474673116696463,48,18,14,2,0,4,3,1,0,1,1,1,5,10,1,0,ZBED4,10,17
ENSG00000100478,+,9919,9919,0.5702187720536345,0.5677991733037605,19,30,3,1,1,0,0,2,1,0,1,1,3,2,0,0,AP4S1,6,5
ENSG00000100526,+,21997,21997,0.6067645588034732,0.5468018366140838,54,27,0,0,2,4,0,0,1,0,1,0,5,7,4,0,CDKN3,13,11
ENSG00000100599,+,37125,37125,0.5170639730639731,0.5194074074074074,49,45,4,1,1,3,6,1,1,3,3,0,5,3,2,4,AL159141.1,18,14
ENSG00000100644,+,15833,15833,0.6269816206656982,0.6291290342954589,49,42,2,0,1,1,0,3,3,0,2,1,3,4,2,2,HIF1A,11,11
ENSG00000100647,+,44940,44940,0.5484646194926569,0.5568090787716956,64,73,2,2,5,2,7,5,1,1,2,3,7,7,4,4,SUSD6,26,22
ENSG00000100664,+,2673,2673,0.5499438832772167,0.613542835765058,2,2,0,0,0,0,0,0,0,0,0,0,1,1,0,0,EIF5,1,1
ENSG00000101181,+,14982,14982,0.4973301294887198,0.5038713122413563,24,18,0,0,1,3,0,0,0,0,1,0,9,9,3,0,MTG2,14,12
ENSG00000101310,+,15813,15813,0.5568203376968317,0.5723771580345286,30,34,1,1,1,0,0,2,0,1,1,0,5,5,2,1,SEC23B,9,9
ENSG00000101361,+,1733,1733,0.47547605308713214,0.482400461627236,1,1,0,0,0,0,1,0,0,0,0,0,1,0,0,0,NOP56,2,0
ENSG00000101367,+,12442,12442,0.5689599742806623,0.5131007876547179,19,12,2,0,0,2,0,1,0,0,0,0,5,5,2,0,MAPRE1,7,8
ENSG00000101413,+,35536,35536,0.5767390814948221,0.5890364700585322,69,61,4,0,4,5,2,3,1,2,3,1,2,3,0,3,RPRD1B,12,17
ENSG00000101421,+,35931,35931,0.5434861261863015,0.5145695917174584,49,43,5,9,4,4,5,7,1,4,2,1,5,20,3,2,CHMP4B,20,38
ENSG00000101654,+,18278,18278,0.6082175292701608,0.6084910821752927,54,40,1,1,1,2,0,2,2,1,1,0,6,3,2,1,RNMT,12,9
ENSG00000101888,+,1315,1315,0.6836501901140685,0.6692015209125475,6,4,0,0,0,0,1,0,0,2,1,0,0,0,0,1,NXT2,2,3
ENSG00000101911,+,12788,12788,0.5724898342195809,0.5857053487644667,19,21,0,0,2,0,0,2,0,1,0,0,2,3,0,1,PRPS2,4,7
ENSG00000101940,+,3287,3287,0.4843322178278065,0.4776391846668695,1,3,0,0,0,1,0,0,0,1,0,0,0,1,0,0,WDR13,0,3
ENSG00000101966,+,45284,45284,0.5625386449960251,0.5290168713011218,89,53,16,12,4,4,3,3,1,1,2,1,22,31,1,1,XIAP,33,41
ENSG00000102317,+,2193,2193,0.5257637938896489,0.48153214774281805,3,3,0,0,0,0,0,0,0,0,0,0,0,0,0,0,RBM3,0,0
ENSG00000102554,+,15322,15322,0.6230909802897794,0.5721837880172301,42,45,1,4,1,4,0,1,0,0,1,2,2,3,1,1,KLF5,5,11
ENSG00000102760,+,10478,10478,0.5639435006680664,0.537602595915251,21,6,0,0,0,0,0,0,2,1,0,0,3,1,1,1,RGCC,6,3
ENSG00000102805,+,4265,4265,0.6131301289566237,0.5481828839390387,8,12,1,1,0,0,0,0,0,0,1,0,0,0,1,0,CLN5,2,0
ENSG00000102897,+,21431,21431,0.5701087210116187,0.5671690541738603,48,25,4,0,2,4,1,4,2,1,1,1,4,8,0,2,LYRM1,10,20
ENSG00000102931,+,914,914,0.6203501094091903,0.32056892778993434,4,0,0,0,0,0,0,0,0,0,0,0,0,0,0,0,ARL2BP,0,0
ENSG00000103111,+,3128,3128,0.5636189258312021,0.5,5,10,0,0,0,0,0,0,0,0,0,0,2,2,0,0,MON1B,2,2
ENSG00000103197,+,32643,32643,0.3905278313880464,0.3837269858775235,8,6,0,1,5,11,1,2,0,1,1,0,4,6,1,0,TSC2,12,20
ENSG00000103274,+,3664,3664,0.486353711790393,0.42276200873362446,6,0,0,0,0,0,0,0,0,0,0,0,1,1,0,0,NUBP1,1,1
ENSG00000103275,+,11319,11319,0.4170863150454987,0.407103100980652,3,3,0,1,3,0,0,0,0,0,0,0,5,5,0,0,UBE2I,8,5
ENSG00000103423,+,17857,17857,0.4948199585596685,0.518452147617181,17,33,2,6,2,2,1,1,0,0,2,0,6,3,0,1,DNAJA3,11,7
ENSG00000103510,+,1484,1484,0.5384097035040432,0.5040431266846361,0,0,0,0,0,0,0,1,0,1,0,0,0,0,0,0,KAT8,0,2
ENSG00000103512,+,13368,13368,0.5457809694793537,0.5477259126271694,23,24,2,1,0,1,2,0,0,0,0,0,3,1,0,0,NOMO1,5,2
ENSG00000103642,+,20899,20899,0.6073496339537777,0.5556246710368917,63,31,10,2,1,0,0,0,2,1,1,1,10,4,1,2,LACTB,15,8
ENSG00000104131,+,883,883,0.535673839184598,0.6240090600226501,0,2,0,0,0,0,0,0,0,0,0,0,0,0,0,0,EIF3J,0,0
ENSG00000104312,+,35235,35235,0.6457215836526181,0.61569462182489,123,83,2,1,2,5,2,3,4,1,0,1,10,8,1,7,RIPK2,19,25
ENSG00000104549,+,1358,1358,0.5537555228276878,0.4057437407952872,1,0,0,0,0,0,0,0,0,0,0,0,0,0,0,0,SQLE,0,0
ENSG00000104808,+,6239,6239,0.46706202917134154,0.46209328418015705,2,2,0,0,1,0,0,2,0,0,0,0,6,4,0,0,DHDH,7,6
ENSG00000104825,+,6404,6404,0.500468457214241,0.4486258588382261,6,6,0,0,0,0,1,1,1,0,0,0,3,0,0,0,NFKBIB,5,1
ENSG00000104853,+,7128,7128,0.49214365881032546,0.4828843995510662,6,7,4,0,0,1,0,2,0,0,0,0,6,2,0,0,CLPTM1,6,5
ENSG00000104856,+,29255,29255,0.4940010254657324,0.4514441975730644,46,28,11,13,2,4,4,4,1,0,2,0,14,15,1,0,RELB,24,23
ENSG00000104870,+,1297,1297,0.3909020817270625,0.48804934464148036,0,2,0,0,0,0,0,0,0,0,0,0,0,1,0,0,FCGRT,0,1
ENSG00000104946,+,7273,7273,0.39502268664925066,0.41922177918328063,0,2,0,0,0,0,0,0,1,1,0,0,2,0,0,0,TBC1D17,3,1
ENSG00000104960,+,6491,6491,0.37405638576490524,0.46926513634262823,0,6,0,0,1,2,0,1,0,2,0,0,3,0,0,0,PTOV1,4,5
ENSG00000105171,+,1165,1165,0.4274678111587983,0.527038626609442,0,2,0,0,1,0,0,1,0,0,0,1,0,0,0,0,POP4,1,2
ENSG00000105220,+,31738,31738,0.4792992627134665,0.4957464238452328,25,30,5,2,2,8,1,5,0,2,2,0,7,11,0,0,GPI,12,26
ENSG00000105254,+,3937,3937,0.4838709677419355,0.4351028702057404,2,4,0,1,0,0,0,1,0,0,0,0,4,0,0,0,TBCB,4,1
ENSG00000105290,+,1697,1697,0.5368296994696523,0.5645256334708308,4,2,0,0,0,0,1,0,0,0,0,0,0,0,1,0,APLP1,2,0
ENSG00000105321,+,9569,9569,0.46452084857351866,0.441425436304734,7,10,1,2,0,0,0,0,1,0,0,0,2,1,0,0,CCDC9,3,1
ENSG00000105323,+,36615,36615,0.5295370749692749,0.4968455551003687,38,21,6,2,4,6,3,3,1,0,0,0,9,14,1,0,HNRNPUL1,18,23
ENSG00000105373,+,4316,4316,0.3899443929564411,0.4603799814643188,1,0,0,0,2,0,0,1,0,1,0,0,2,1,0,0,NOP53,4,3
ENSG00000105607,+,14156,14156,0.5073467081096354,0.4449703306018649,14,4,2,0,1,1,1,0,0,0,0,0,2,5,0,1,GCDH,4,7
ENSG00000105819,+,20292,20292,0.6175340035481963,0.6049181943623103,57,54,5,4,0,1,0,0,1,0,2,1,5,6,1,2,PMPCB,9,10
ENSG00000105851,+,22350,22350,0.6068456375838926,0.5917225950782998,59,41,5,0,2,2,5,1,2,0,1,2,2,4,2,5,PIK3CG,14,14
ENSG00000105856,+,9984,9984,0.620292467948718,0.64453125,28,35,1,4,1,0,0,2,1,2,1,1,0,2,3,0,HBP1,6,7
ENSG00000106105,+,37101,37101,0.6208188458532115,0.5803078084148675,95,74,4,3,1,2,3,4,3,4,1,0,10,8,3,2,GARS1,21,20
ENSG00000106261,+,7314,7314,0.5661744599398414,0.5529122231337161,8,14,0,1,0,0,0,0,0,0,0,0,4,5,2,0,ZKSCAN1,6,5
ENSG00000106305,+,13476,13476,0.538512911843277,0.5675274562184625,13,33,0,2,0,0,1,0,1,0,0,0,6,12,0,0,AIMP2,8,12
ENSG00000106346,+,5585,5585,0.5092211280214861,0.5566696508504924,7,6,0,0,0,0,1,0,0,0,0,0,1,3,0,0,USP42,2,3
ENSG00000106366,+,10857,10857,0.4918485769549599,0.48346688772220686,13,6,0,3,2,1,0,3,0,0,0,1,9,4,0,1,SERPINE1,11,10
ENSG00000106537,+,10164,10164,0.6312475403384494,0.6067493112947658,44,22,5,1,2,0,0,1,1,1,2,0,1,0,0,0,TSPAN13,6,2
ENSG00000106609,+,20214,20214,0.5650044523597507,0.5283961610764817,40,20,2,7,2,1,0,0,0,2,0,2,6,4,1,1,TMEM248,9,10
ENSG00000106665,+,2387,2387,0.41348973607038125,0.4411395056556347,0,0,0,0,0,0,0,0,0,0,0,0,0,1,0,0,CLIP2,0,1
ENSG00000107175,+,2646,2646,0.46220710506424795,0.5068027210884354,2,1,0,0,0,0,0,0,0,0,0,0,0,0,0,0,CREB3,0,0
ENSG00000107872,+,458,458,0.44759825327510916,0.29694323144104806,0,0,0,0,0,0,0,0,0,0,0,0,0,0,0,0,FBXL15,0,0
ENSG00000107937,+,23505,23505,0.5351627313337588,0.524781961284833,38,37,1,5,4,3,2,0,0,0,0,0,7,4,1,2,GTPBP4,14,9
ENSG00000107968,+,30585,30585,0.5814288049697565,0.561222821644597,76,58,0,7,3,3,2,4,1,0,0,0,8,12,1,3,MAP3K8,15,22
ENSG00000108010,+,46104,46104,0.5858276939094221,0.5340968245705362,109,80,5,12,2,2,1,4,0,3,1,0,11,15,2,2,GLRX3,17,26
ENSG00000108344,+,5569,5569,0.47046148321063025,0.5124797988866941,4,3,0,0,1,0,0,0,0,0,0,1,1,0,0,0,PSMD3,2,1
ENSG00000108349,+,26849,26849,0.5484748035308578,0.5233342023911505,36,34,8,0,2,2,3,1,0,0,0,1,11,15,0,1,CASC3,16,20
ENSG00000108439,+,1542,1542,0.5337224383916991,0.4494163424124514,2,1,0,0,0,0,0,0,0,0,0,0,0,0,0,0,PNPO,0,0
ENSG00000108848,+,28821,28821,0.6097984108809549,0.5475521321258804,68,45,0,1,4,1,2,2,2,1,3,1,7,11,1,4,LUC7L3,19,20
ENSG00000109320,+,35067,35067,0.6099181566715145,0.6173040180226423,91,96,1,2,3,2,2,3,1,2,0,4,8,5,5,5,NFKB1,19,21
ENSG00000109534,+,6973,6973,0.6279936899469382,0.5671877240785889,15,12,0,0,0,0,1,0,1,0,3,0,0,0,0,0,GAR1,5,0
ENSG00000109586,+,14661,14661,0.6131232521656095,0.5530318532160152,40,21,2,0,0,0,0,0,2,0,0,3,4,3,2,0,GALNT7,8,6
ENSG00000109854,+,14955,14955,0.5861584754262789,0.568505516549649,38,33,1,1,2,2,1,0,1,0,0,0,3,4,1,0,HTATIP2,8,6
ENSG00000109929,+,18824,18824,0.6250531236719082,0.595569485762856,58,44,1,4,2,3,1,2,2,1,3,2,3,1,2,1,SC5D,13,10
ENSG00000110002,+,21314,21314,0.61705920990898,0.6143379938068875,75,52,2,0,0,0,2,0,2,0,0,0,3,0,2,0,VWA5A,9,0
ENSG00000110079,+,34440,34440,0.6239837398373984,0.612746806039489,116,99,8,4,1,4,0,0,0,2,4,0,5,3,2,2,MS4A4A,12,11
ENSG00000110274,+,5460,5460,0.4593406593406593,0.5510989010989011,3,11,0,0,1,0,0,0,0,0,0,0,0,1,0,0,CEP164,1,1
ENSG00000110324,+,2063,2063,0.6083373727581193,0.45710130877363064,5,2,0,0,0,0,0,0,0,0,0,0,0,0,0,0,IL10RA,0,0
ENSG00000110435,+,6519,6519,0.655315232397607,0.6208007363092499,31,17,1,1,1,0,0,0,0,0,0,0,0,0,0,0,PDHX,1,0
ENSG00000110514,+,40944,40944,0.5438403673309886,0.4911098085189527,56,30,12,3,4,4,8,2,1,1,0,1,5,17,1,0,MADD,19,25
ENSG00000110696,+,10152,10152,0.6119976359338062,0.5942671394799054,22,33,0,4,1,1,0,0,1,0,2,0,2,1,2,2,C11orf58,8,4
ENSG00000110719,+,2481,2481,0.42039500201531643,0.36316001612253124,1,0,0,0,1,1,0,0,0,0,0,0,0,1,0,0,TCIRG1,1,2
ENSG00000111275,+,5822,5822,0.5209549982823772,0.520439711439368,8,12,0,1,1,0,0,1,0,1,0,0,5,5,0,1,ALDH2,6,8
ENSG00000111335,+,22003,22003,0.548334318047539,0.5541971549334181,31,40,0,2,1,2,0,3,2,1,1,0,2,4,0,2,OAS2,6,12
ENSG00000111358,+,25296,25296,0.5691018342820999,0.5466476913345983,57,48,2,4,0,3,2,1,1,2,0,2,7,14,2,1,GTF2H3,12,23
ENSG00000111727,+,33523,33523,0.6302836858276407,0.5707126450496673,103,72,6,0,2,5,5,4,2,2,3,0,9,6,2,1,HCFC2,23,18
ENSG00000111780,+,603,603,0.5837479270315091,0.5091210613598673,1,2,0,0,0,0,0,0,0,0,0,0,0,1,0,0,AL021546.1,0,1
ENSG00000112149,+,3045,3045,0.5845648604269293,0.5573070607553366,3,7,0,0,0,0,0,0,0,0,0,0,2,0,1,0,CD83,3,0
ENSG00000112242,+,41481,41481,0.585376437405077,0.5537474988548974,124,69,13,0,3,2,2,6,2,5,0,2,5,15,5,1,E2F3,17,31
ENSG00000112306,+,2321,2321,0.5575183110728135,0.5234812580784145,1,6,0,0,0,0,0,0,0,0,0,0,0,0,0,1,RPS12,0,1
ENSG00000112406,+,33805,33805,0.5844401715722526,0.587960360893359,82,59,2,4,2,1,2,1,3,4,2,1,12,5,2,1,HECA,23,13
ENSG00000112701,+,37101,37101,0.640953074041131,0.6364518476590928,145,135,7,7,4,2,2,1,1,1,0,3,15,6,3,2,SENP6,25,15
ENSG00000112787,+,3140,3140,0.39904458598726117,0.2987261146496815,4,0,0,0,0,1,0,0,0,0,0,0,0,0,0,0,FBRSL1,0,1
ENSG00000113161,+,16062,16062,0.6422612377038974,0.5541651101979829,59,26,3,1,1,1,2,0,0,1,0,0,2,4,1,2,HMGCR,6,8
ENSG00000113810,+,19908,19908,0.64376130198915,0.6305003013863774,66,67,0,3,1,1,0,3,0,1,1,1,5,5,2,0,SMC4,9,11
ENSG00000114098,+,35248,35248,0.5905866999546073,0.6236949614162506,71,101,1,7,2,2,0,1,2,2,1,2,6,5,2,5,ARMC8,13,17
ENSG00000114354,+,24954,24954,0.6533221126873447,0.6089204135609522,96,60,2,0,0,3,1,0,3,2,2,0,3,4,1,2,TFG,10,11
ENSG00000114374,+,1964,1964,0.5509164969450102,0.5575356415478615,3,3,0,0,1,0,0,0,0,0,0,0,0,0,0,0,USP9Y,1,0
ENSG00000114491,+,12138,12138,0.6057834898665349,0.6041357719558411,27,39,1,1,0,1,1,1,1,0,1,0,7,2,3,1,UMPS,13,5
ENSG00000114529,+,22063,22063,0.5840547523002312,0.5797035761229207,61,55,5,0,2,1,3,1,6,0,0,1,4,5,3,1,C3orf52,18,9
ENSG00000114853,+,1103,1103,0.4469628286491387,0.34360834088848596,2,1,1,0,0,3,0,0,0,0,0,0,1,0,0,0,ZBTB47,1,3
ENSG00000115091,+,40902,40902,0.6377194269228889,0.5913402767590827,133,109,10,10,1,2,2,1,1,1,2,6,10,12,3,2,ACTR3,19,24
ENSG00000115274,+,1993,1993,0.4435524335173106,0.5218263923733065,0,2,0,0,1,0,1,0,0,0,0,0,0,1,0,0,INO80B,2,1
ENSG00000115350,+,8842,8842,0.6411445374349695,0.5520244288622483,28,12,3,0,0,2,0,0,0,0,0,0,0,0,0,0,POLE4,0,2
ENSG00000115446,+,4851,4851,0.5800865800865801,0.5227788084930942,12,12,0,0,1,0,0,0,0,1,0,1,0,0,0,0,UNC50,1,2
ENSG00000115548,+,26257,26257,0.601363445938226,0.6003351487222455,61,73,1,2,2,0,0,0,3,2,2,1,2,9,0,2,KDM3A,9,14
ENSG00000115590,+,23627,23627,0.5668938079316037,0.5183476531087315,45,27,0,1,1,3,1,1,2,0,0,0,2,1,0,2,IL1R2,6,7
ENSG00000115594,+,45227,45227,0.5740155217016384,0.5910407499944723,104,81,5,0,9,3,2,4,2,2,5,3,7,9,1,2,IL1R1,26,23
ENSG00000115762,+,7530,7530,0.5616201859229748,0.5746347941567065,12,20,0,2,1,1,2,0,0,0,0,0,2,0,0,0,PLEKHB2,5,1
ENSG00000115806,+,5056,5056,0.6396360759493671,0.645371835443038,17,19,1,2,0,1,0,0,0,1,1,0,1,0,0,0,GORASP2,2,2
ENSG00000115946,+,4000,4000,0.61675,0.58425,9,9,0,0,0,1,0,1,0,0,0,0,0,0,0,1,PNO1,0,3
ENSG00000116157,+,3394,3394,0.5200353565114909,0.45315262227460223,5,4,0,0,0,1,0,0,0,0,0,0,1,0,0,0,GPX7,1,1
ENSG00000116199,+,12673,12673,0.5379941608143297,0.5458060443462479,16,20,0,0,2,3,0,1,1,0,2,0,2,9,1,2,FAM20B,8,15
ENSG00000116288,+,12707,12707,0.5345872353820729,0.5596128118359959,22,21,4,1,1,1,0,0,0,0,0,0,4,5,0,2,PARK7,5,8
ENSG00000116299,+,2292,2292,0.5397033158813264,0.5034904013961605,1,5,0,3,0,0,0,1,0,0,0,0,1,1,0,0,KIAA1324,1,2
ENSG00000116337,+,13203,13203,0.4135423767325608,0.548511701885935,3,21,0,0,3,0,0,1,0,0,0,0,1,1,1,2,AMPD2,5,4
ENSG00000116574,+,5194,5194,0.5787447054293415,0.5038505968425105,8,10,0,0,0,3,0,0,0,1,0,0,1,1,1,0,RHOU,2,5
ENSG00000116675,+,3811,3811,0.578588297034899,0.6344791393335083,9,13,3,0,0,0,0,0,0,1,0,0,0,0,0,1,DNAJC6,0,2
ENSG00000116688,+,20988,20988,0.4862778730703259,0.48365732799695066,23,13,2,0,6,3,0,1,2,1,0,0,9,6,0,0,MFN2,17,11
ENSG00000116691,+,3771,3771,0.50941394855476,0.40121983558737734,5,1,0,0,1,2,0,1,0,0,0,0,1,2,0,0,MIIP,2,5
ENSG00000116717,+,4094,4094,0.6240840254030289,0.5100146555935515,6,4,0,0,1,0,0,0,0,0,0,0,0,1,0,0,GADD45A,1,1
ENSG00000117010,+,14473,14473,0.594969944033718,0.5823948041180128,25,23,2,3,2,1,3,0,0,0,0,0,5,5,2,0,ZNF684,12,6
ENSG00000117133,+,11382,11382,0.6404849762783342,0.61535758214725,37,35,3,11,0,1,0,0,0,0,1,1,2,0,0,1,RPF1,3,3
ENSG00000117262,+,43570,43570,0.613380766582511,0.5889373422079413,111,90,7,3,3,5,2,3,2,3,0,0,14,7,4,1,GPR89A,25,19
ENSG00000117281,+,6998,6998,0.5877393541011717,0.6063160903115176,15,15,0,0,0,1,1,1,0,0,1,0,2,1,0,1,CD160,4,4
ENSG00000117335,+,38072,38072,0.6225572599285564,0.5920098760243748,123,74,6,0,3,1,1,1,1,2,2,0,6,9,2,1,CD46,15,14
ENSG00000117505,+,18803,18803,0.6509067701962453,0.6076689889911184,57,65,1,1,1,1,1,2,0,0,0,1,2,2,3,1,DR1,7,7
ENSG00000117528,+,40855,40855,0.6362256761718272,0.6338024721576306,134,136,6,6,0,1,1,2,4,0,0,0,3,6,4,3,ABCD3,12,12
ENSG00000117593,+,7625,7625,0.5893770491803278,0.6031475409836066,14,16,1,1,0,0,1,0,0,0,0,1,5,3,0,1,DARS2,6,5
ENSG00000118246,+,3901,3901,0.5918995129453987,0.6406049730838247,12,16,0,0,0,0,0,0,2,0,0,1,1,0,0,1,FASTKD2,3,2
ENSG00000118292,+,4791,4791,0.575245251513254,0.5297432686286788,5,5,0,0,0,0,0,0,0,1,0,0,4,3,0,0,C1orf54,4,4
ENSG00000118503,+,8498,8498,0.5661332078136032,0.5482466462697105,21,8,4,0,1,1,2,0,1,0,0,0,0,0,0,0,TNFAIP3,4,1
ENSG00000118680,+,3170,3170,0.634384858044164,0.6271293375394322,7,12,0,1,1,0,0,0,1,0,0,1,0,0,0,1,MYL12B,2,2
ENSG00000119514,+,41373,41373,0.5471684431875861,0.5083750271916467,68,50,5,1,7,7,2,4,1,1,2,3,6,4,1,1,GALNT12,19,20
ENSG00000119616,+,10495,10495,0.5812291567413054,0.5920914721295856,26,21,3,0,1,0,1,1,0,0,0,0,5,4,0,0,FCF1,7,5
ENSG00000119900,+,2769,2769,0.6681112314915132,0.6598049837486457,11,9,0,0,0,0,0,0,0,0,0,0,1,1,0,0,OGFRL1,1,1
ENSG00000120539,+,16921,16921,0.5814077182199634,0.5839489391879913,39,54,8,7,0,1,1,2,2,2,1,0,9,4,1,1,MASTL,14,10
ENSG00000120686,+,14816,14816,0.6590847732181425,0.6490280777537797,56,57,2,1,0,0,2,0,0,2,1,2,5,2,1,1,UFM1,9,7
ENSG00000120727,+,1534,1534,0.6290743155149935,0.5338983050847458,3,6,0,4,0,0,0,0,1,0,0,0,1,1,0,0,PAIP2,2,1
ENSG00000120948,+,5772,5772,0.5630630630630631,0.48007623007623007,17,5,3,1,0,1,0,0,0,0,0,0,3,5,0,0,TARDBP,3,6
ENSG00000121039,+,299,299,0.6521739130434783,0.5752508361204013,1,0,0,0,0,0,0,0,0,0,0,0,0,0,0,0,RDH10,0,0
ENSG00000121542,+,26045,26045,0.6263390286043387,0.633595699750432,70,78,0,0,1,1,1,4,1,1,0,1,4,6,2,5,SEC22A,9,18
ENSG00000121797,+,505,505,0.5584158415841585,0.5564356435643565,0,1,0,0,0,0,0,0,0,0,0,0,0,0,0,0,CCRL2,0,0
ENSG00000122126,+,38002,38002,0.6032577232777222,0.5989158465343929,98,90,2,6,2,0,2,1,2,1,0,4,5,13,0,3,OCRL,11,22
ENSG00000122406,+,5822,5822,0.618000687049124,0.5527310202679492,19,16,0,0,0,0,0,0,1,0,1,0,1,1,0,0,RPL5,3,1
ENSG00000122674,+,23919,23919,0.5427484426606464,0.5379823571219533,46,53,11,18,1,0,1,3,0,0,0,0,8,11,3,0,CCZ1,13,14
ENSG00000122870,+,845,845,0.6248520710059171,0.6177514792899408,2,0,0,0,0,0,0,0,0,0,0,0,0,0,0,0,BICC1,0,0
ENSG00000123358,+,36271,36271,0.43969011055664303,0.4778197458024317,17,46,2,5,6,1,1,7,1,1,0,2,8,10,2,0,NR4A1,18,21
ENSG00000123395,+,5179,5179,0.5122610542575787,0.47576752268777756,8,5,0,0,1,0,0,0,0,0,0,0,3,1,0,0,ATG101,4,1
ENSG00000123411,+,3645,3645,0.5390946502057613,0.49300411522633747,5,2,1,0,0,2,1,0,0,0,0,1,3,0,0,0,IKZF4,4,3
ENSG00000123595,+,24267,24267,0.5942226068323238,0.5844562574689908,51,53,4,1,3,0,3,1,3,1,4,1,6,5,0,3,RAB9A,19,11
ENSG00000123610,+,9052,9052,0.599425541316836,0.6143393725143614,28,27,0,0,0,1,0,0,0,1,0,0,3,3,1,0,TNFAIP6,4,5
ENSG00000123975,+,1867,1867,0.5543652919121586,0.6480985538296733,3,4,0,0,1,0,0,0,0,0,0,0,3,0,0,0,CKS2,4,0
ENSG00000124098,+,598,598,0.5150501672240803,0.5066889632107023,0,2,0,0,0,0,0,0,0,0,0,0,1,0,0,0,FAM210B,1,0
ENSG00000124120,+,13464,13464,0.5781342840166369,0.5342394533571004,12,32,0,8,2,2,2,1,0,0,1,0,1,6,1,1,TTPAL,7,10
ENSG00000124164,+,46830,46830,0.5753790305359812,0.5726030322442879,105,101,9,3,10,3,5,2,3,4,2,1,4,12,5,4,VAPB,29,26
ENSG00000124193,+,4112,4112,0.5916828793774319,0.4905155642023346,9,7,0,1,0,0,0,2,0,1,0,0,1,1,0,0,SRSF6,1,4
ENSG00000124226,+,8522,8522,0.5404834545881249,0.5173668153015724,12,7,0,0,0,0,0,0,2,0,0,0,4,1,0,2,RNF114,6,3
ENSG00000124243,+,12269,12269,0.5260412421550249,0.4543157551552694,6,8,0,0,1,2,0,0,0,0,1,0,3,5,1,1,BCAS4,6,8
ENSG00000124275,+,28382,28382,0.6105277993094215,0.574061024593052,92,70,6,3,2,5,1,0,1,0,1,3,6,1,3,1,MTRR,14,10
ENSG00000124383,+,15498,15498,0.59898051361466,0.5649116014969674,31,30,0,2,1,0,1,1,0,0,0,1,7,2,2,1,MPHOSPH10,11,5
ENSG00000124532,+,272,272,0.6470588235294118,0.5735294117647058,1,0,0,0,0,0,0,0,0,0,0,0,0,0,0,0,MRS2,0,0
ENSG00000124762,+,397,397,0.42317380352644834,0.48614609571788414,0,0,0,0,0,0,0,0,0,0,0,0,1,0,0,0,CDKN1A,1,0
ENSG00000124939,+,3018,3018,0.5834990059642147,0.520543406229291,5,0,2,0,0,2,1,0,0,0,0,0,1,2,0,0,SCGB2A1,2,4
ENSG00000125249,+,32095,32095,0.6449914316871787,0.6015890325595887,103,79,3,2,5,2,2,2,0,2,0,0,6,6,7,8,RAP2A,20,20
ENSG00000125779,+,36862,36862,0.557321903315067,0.4903423579838316,72,27,14,2,3,3,3,2,0,1,3,1,13,18,0,0,PANK2,22,25
ENSG00000125912,+,13940,13940,0.3975609756097561,0.4148493543758967,6,7,2,0,4,0,2,0,0,2,1,0,3,4,0,0,NCLN,10,6
ENSG00000125962,+,2269,2269,0.6090788893785809,0.5447333627148524,9,1,0,0,1,0,0,1,0,0,0,0,0,0,0,0,ARMCX5,1,1
ENSG00000125991,+,13396,13396,0.4936548223350254,0.5465810689758137,13,19,0,5,0,1,1,3,0,0,1,0,4,5,0,0,ERGIC3,6,9
ENSG00000126247,+,5752,5752,0.4980876216968011,0.43480528511821975,4,11,1,3,1,0,2,0,0,0,0,1,3,1,0,0,CAPNS1,6,2
ENSG00000126261,+,32718,32718,0.5832263585793752,0.5555657436273611,68,60,1,10,2,1,1,2,1,1,1,3,13,10,2,0,UBA2,20,17
ENSG00000126351,+,3343,3343,0.41788812443912654,0.44361352078970984,3,1,0,0,1,0,1,1,0,0,0,1,2,0,0,0,THRA,4,2
ENSG00000126522,+,14765,14765,0.4566203860480867,0.5133084998306806,5,12,0,2,1,0,0,3,0,0,0,0,11,5,1,0,ASL,13,8
ENSG00000126561,+,13252,13252,0.4710987020827045,0.4683066706912164,10,9,0,0,1,4,0,0,0,0,1,0,1,7,1,0,STAT5A,4,11
ENSG00000127191,+,40024,40024,0.46189786128323007,0.43921147311613035,27,34,12,9,7,6,5,1,0,1,2,0,11,12,1,1,TRAF2,26,21
ENSG00000127838,+,3638,3638,0.4315557998900495,0.44090159428257286,2,1,0,0,1,1,0,3,0,0,0,0,0,0,1,0,PNKD,2,4
ENSG00000128039,+,1357,1357,0.606484893146647,0.5519528371407516,3,7,1,3,0,0,0,0,0,1,0,0,0,1,0,0,SRD5A3,0,2
ENSG00000128563,+,45374,45374,0.5241327632564905,0.5475823158637105,44,86,4,9,9,2,0,2,0,1,0,1,29,17,1,2,PRKRIP1,39,25
ENSG00000128626,+,324,324,0.5370370370370371,0.4382716049382716,0,1,0,0,0,0,0,0,0,0,0,0,0,0,0,0,MRPS12,0,0
ENSG00000129235,+,528,528,0.4981060606060606,0.3768939393939394,0,1,0,0,0,0,0,0,0,0,0,0,0,0,0,0,TXNDC17,0,0
ENSG00000129460,+,30981,30981,0.5698976792227495,0.5858752138407411,56,56,1,1,0,2,1,3,1,1,1,0,9,13,3,1,NGDN,15,20
ENSG00000129473,+,637,637,0.5133437990580848,0.4850863422291994,0,0,0,0,0,0,1,0,0,0,0,0,1,1,0,0,BCL2L2,2,1
ENSG00000129933,+,156,156,0.5641025641025641,0.3717948717948718,0,0,0,0,0,0,0,0,0,0,0,0,0,0,0,0,MAU2,0,0
ENSG00000130204,+,6460,6460,0.42275541795665633,0.44613003095975234,2,3,0,1,0,1,0,3,0,0,0,0,2,2,0,0,TOMM40,2,6
ENSG00000130208,+,4744,4744,0.49768128161888703,0.4413996627318718,10,0,6,0,1,0,1,1,0,0,0,0,3,0,0,0,APOC1,5,1
ENSG00000130313,+,4182,4182,0.4564801530368245,0.4564801530368245,2,17,0,11,0,2,2,0,0,0,0,0,1,0,0,0,PGLS,3,2
ENSG00000130349,+,10813,10813,0.5303800980301488,0.5304725793026912,8,16,0,2,0,0,0,0,0,0,1,0,11,7,2,0,MTRES1,14,7
ENSG00000130479,+,10467,10467,0.43106907423330465,0.46316996274004013,3,2,0,1,2,0,2,1,0,0,0,0,1,10,0,0,MAP1S,5,11
ENSG00000130638,+,16039,16039,0.5754722863021385,0.5769686389425774,34,34,2,2,1,4,0,0,1,1,0,1,2,2,2,0,ATXN10,6,8
ENSG00000130669,+,35352,35352,0.4337236931432451,0.4790959493097986,13,44,3,15,5,5,1,2,0,0,2,0,1,11,1,1,PAK4,10,19
ENSG00000130703,+,5894,5894,0.49355276552426197,0.47862232779097386,9,12,2,2,1,0,0,1,0,0,0,0,1,1,0,1,OSBPL2,2,3
ENSG00000130766,+,4992,4992,0.49238782051282054,0.5216346153846154,8,4,0,0,1,0,1,0,0,0,0,0,3,1,1,0,SESN2,6,1
ENSG00000130827,+,1569,1569,0.5041427660930529,0.38750796685787126,4,3,3,0,0,0,0,0,0,0,0,0,0,0,0,1,PLXNA3,0,1
ENSG00000130844,+,40878,40878,0.5508586525759577,0.5584421938451001,58,98,4,10,3,1,2,1,1,0,0,1,12,6,2,3,ZNF331,20,12
ENSG00000130935,+,15509,15509,0.6047456315687665,0.5676703849377781,55,41,7,1,0,2,2,0,1,1,0,0,6,4,0,1,NOL11,9,8
ENSG00000130956,+,437,437,0.6041189931350115,0.4462242562929062,4,1,0,0,0,0,1,0,0,0,0,0,0,0,0,0,HABP4,1,0
ENSG00000131016,+,13187,13187,0.5565329491165542,0.5495563812845985,23,25,1,1,1,0,2,1,0,1,0,0,6,6,0,0,AKAP12,9,8
ENSG00000131069,+,30379,30379,0.5377069686296455,0.5532440172487574,47,58,4,6,1,4,4,3,2,1,3,1,7,8,0,0,ACSS2,17,17
ENSG00000131143,+,1102,1102,0.5181488203266787,0.514519056261343,1,1,0,0,0,0,0,0,0,0,0,0,0,0,0,0,COX4I1,0,0
ENSG00000131236,+,33850,33850,0.5746824224519941,0.5658788774002954,71,66,9,6,2,2,1,0,1,1,0,1,7,15,3,2,CAP1,14,21
ENSG00000131467,+,8358,8358,0.5324240248863364,0.5598229241445322,9,14,2,0,0,1,2,0,1,1,0,0,3,0,0,1,PSME3,6,3
ENSG00000131711,+,10054,10054,0.5644519594191366,0.5753928784563358,18,18,2,0,3,3,1,0,0,1,0,0,1,1,0,0,MAP1B,5,5
ENSG00000131732,+,7552,7552,0.6325476694915254,0.5858050847457628,25,17,0,0,1,1,0,1,0,0,1,1,4,2,2,2,ZCCHC9,8,7
ENSG00000131759,+,33391,33391,0.43152346440657663,0.5220268934742894,19,40,6,1,7,5,1,1,0,0,1,2,5,8,0,2,RARA,14,18
ENSG00000131844,+,15363,15363,0.5988413721278396,0.6184338996289788,33,42,8,0,2,0,1,2,1,1,2,3,3,4,0,0,MCCC2,9,10
ENSG00000131845,+,4948,4948,0.5097008892481811,0.5329426030719483,4,4,1,1,0,2,0,0,0,0,0,0,1,2,0,0,AC005261.1,1,4
ENSG00000132259,+,1287,1287,0.6239316239316239,0.3900543900543901,3,0,0,0,0,0,0,0,0,0,0,0,0,0,0,0,CNGA4,0,0
ENSG00000132274,+,19292,19292,0.6091644204851752,0.5811217084801991,34,38,1,2,0,1,1,0,2,0,3,3,4,2,3,3,TRIM22,13,9
ENSG00000132313,+,275,275,0.6472727272727272,0.6218181818181818,0,0,0,0,0,0,0,0,0,0,0,0,0,0,0,0,MRPL35,0,0
ENSG00000132478,+,38181,38181,0.4920248291034808,0.4608313035279327,42,22,6,2,1,8,3,0,1,0,4,1,17,12,0,1,UNK,26,22
ENSG00000132510,+,9839,9839,0.3869295660128062,0.4154893790019311,3,4,0,0,2,3,1,1,0,0,0,0,1,0,0,0,KDM6B,4,4
ENSG00000132780,+,602,602,0.5863787375415282,0.5365448504983389,1,2,0,0,0,0,0,0,0,0,0,0,0,0,0,0,NASP,0,0
ENSG00000132801,+,3867,3867,0.5554693560899923,0.5404706490819757,0,13,0,3,0,0,0,0,0,0,0,1,0,2,0,0,ZSWIM3,0,3
ENSG00000133226,+,20621,20621,0.6026380873866447,0.5554531787983124,47,32,1,3,0,2,1,1,2,1,1,1,7,11,2,1,SRRM1,13,17
ENSG00000133321,+,1303,1303,0.44359171143514964,0.5487336914811972,0,0,0,0,0,0,0,0,0,0,0,0,1,0,0,0,PLAAT4,1,0
ENSG00000133597,+,6056,6056,0.49488110964332893,0.5077608982826949,5,10,0,0,0,0,0,2,0,0,1,1,2,0,0,0,ADCK2,3,3
ENSG00000133627,+,4522,4522,0.5566121185316232,0.5647943387881469,17,10,2,1,2,0,0,1,0,0,0,2,1,0,0,0,ACTR3B,3,3
ENSG00000134001,+,16932,16932,0.6321757618710134,0.5917198204583038,47,30,3,0,0,0,1,2,1,1,1,2,5,3,0,1,EIF2S1,8,9
ENSG00000134086,+,8544,8544,0.5491573033707865,0.49566947565543074,11,11,0,2,2,1,0,0,1,0,0,1,4,3,0,0,VHL,7,5
ENSG00000134107,+,3066,3066,0.5469667318982387,0.4116112198303979,4,3,0,0,0,2,0,0,0,1,0,0,0,0,0,0,BHLHE40,0,3
ENSG00000134109,+,3175,3175,0.594015748031496,0.512755905511811,3,6,0,0,0,0,0,0,0,0,0,0,1,0,1,0,EDEM1,2,0
ENSG00000134186,+,5113,5113,0.637394875806767,0.5726579307647174,12,12,1,0,0,0,1,0,0,0,1,0,0,0,0,0,PRPF38B,2,0
ENSG00000134265,+,34663,34663,0.5985921587860255,0.5828404927444248,91,75,2,1,4,2,1,1,4,2,4,1,6,6,2,1,NAPG,21,13
ENSG00000134324,+,42398,42398,0.5396009245719138,0.5242700127364498,83,67,4,2,5,3,1,3,3,1,2,3,8,9,2,2,LPIN1,21,21
ENSG00000134698,+,44983,44983,0.5898895138163306,0.5440499744347864,106,70,10,6,4,3,2,7,5,1,1,0,19,23,3,0,AGO4,34,34
ENSG00000134758,+,4178,4178,0.6388224030636668,0.6136907611297271,8,15,0,0,0,0,0,1,1,0,1,0,2,0,1,0,RNF138,5,1
ENSG00000134759,+,333,333,0.6876876876876877,0.6786786786786787,1,0,0,0,0,0,0,0,0,0,0,0,0,0,0,0,ELP2,0,0
ENSG00000134830,+,14870,14870,0.5054472091459314,0.5010087424344317,21,10,6,2,3,1,1,2,1,0,0,0,7,7,0,0,C5AR2,12,10
ENSG00000134910,+,2471,2471,0.603399433427762,0.4641845406717928,3,2,0,0,0,0,0,1,0,0,0,0,1,0,0,0,STT3A,1,1
ENSG00000134987,+,709,709,0.6375176304654443,0.6770098730606487,0,2,0,0,0,0,0,0,0,0,0,0,0,0,0,0,WDR36,0,0
ENSG00000135414,+,13399,13399,0.5672065079483544,0.484140607508023,23,15,0,3,2,2,0,2,1,0,0,1,4,2,0,1,GDF11,7,8
ENSG00000135912,+,29339,29339,0.5405092198098095,0.5620845972937046,35,59,1,6,1,5,3,3,0,3,3,1,7,6,1,1,TTLL4,15,19
ENSG00000135929,+,17251,17251,0.5508086487739842,0.5828067938090545,29,34,2,0,4,1,1,1,1,0,0,1,5,3,0,2,CYP27A1,11,8
ENSG00000135940,+,842,842,0.5475059382422803,0.4323040380047506,1,0,0,0,0,1,0,0,0,0,0,0,0,0,0,0,COX5B,0,1
ENSG00000135974,+,2256,2256,0.6205673758865248,0.624113475177305,9,3,0,0,0,0,0,0,0,1,0,0,0,0,0,1,C2orf49,0,2
ENSG00000136040,+,48798,48798,0.5572564449362679,0.5809049551211115,85,111,3,10,8,4,4,1,2,6,3,4,13,12,3,7,PLXNC1,33,34
ENSG00000136108,+,13975,13975,0.6249731663685152,0.5486225402504472,37,27,4,1,0,2,0,1,1,0,0,0,4,4,1,1,CKAP2,6,8
ENSG00000136147,+,22331,22331,0.6034660337647216,0.5701939008553133,58,41,6,1,1,0,0,6,3,2,1,1,4,8,1,1,PHF11,10,18
ENSG00000136152,+,32760,32760,0.6171855921855922,0.5832417582417583,93,82,4,11,3,3,3,3,1,2,1,1,7,6,1,1,COG3,16,16
ENSG00000136243,+,16672,16672,0.6049064299424184,0.6166626679462572,58,36,4,1,0,1,0,0,3,1,0,1,6,6,0,1,NUP42,9,10
ENSG00000136261,+,47467,47467,0.6192723365706702,0.6215054669559905,126,135,10,4,1,0,2,2,4,7,3,3,9,7,2,9,BZW2,21,28
ENSG00000136279,+,15780,15780,0.4534220532319392,0.4671102661596958,11,9,0,0,2,0,0,1,0,0,0,0,0,2,0,0,DBNL,2,3
ENSG00000136379,+,49969,49969,0.575676919690208,0.5630290780283775,105,97,16,10,6,3,5,6,2,0,3,2,8,9,1,3,ABHD17C,25,23
ENSG00000136383,+,47240,47240,0.5269686706181202,0.5252540220152413,65,72,1,5,1,4,2,1,2,1,2,0,8,7,2,1,ALPK3,17,14
ENSG00000136682,+,33856,33856,0.6392367674858223,0.6201264177693762,113,88,8,4,0,2,2,2,2,2,1,1,4,6,4,0,CBWD2,13,13
ENSG00000136732,+,37340,37340,0.5030798071772897,0.5735404392072844,38,57,0,1,12,3,5,1,2,2,2,3,6,3,0,6,GYPC,27,18
ENSG00000136811,+,24569,24569,0.5148764703488136,0.509341039521348,28,23,5,4,1,1,2,7,0,0,0,0,13,11,1,0,ODF2,17,19
ENSG00000136877,+,2049,2049,0.4538799414348463,0.4050756466569058,1,0,0,0,0,0,0,0,0,0,0,0,2,0,0,0,FPGS,2,0
ENSG00000136918,+,674,674,0.4065281899109792,0.4317507418397626,0,0,0,0,1,0,0,0,0,0,0,0,0,1,0,0,WDR38,1,1
ENSG00000136938,+,9775,9775,0.5694117647058824,0.5945780051150895,17,29,0,0,1,0,0,0,0,0,1,0,3,3,1,1,ANP32B,6,4
ENSG00000137106,+,5576,5576,0.4567790530846485,0.4702295552367288,3,5,0,0,1,1,0,0,0,1,0,0,6,3,0,0,GRHPR,7,5
ENSG00000137216,+,7105,7105,0.42646023926812104,0.5099225897255454,4,7,0,0,0,1,2,0,0,0,0,0,1,3,1,3,TMEM63B,4,7
ENSG00000137221,+,22971,22971,0.4745548735361978,0.5362413477863393,18,30,1,1,3,4,2,3,0,0,0,1,4,8,3,0,TJAP1,12,16
ENSG00000137274,+,13893,13893,0.5106168574102066,0.5394803138271071,21,19,0,0,2,1,0,2,0,0,1,0,2,4,1,1,BPHL,6,8
ENSG00000137309,+,4440,4440,0.41644144144144146,0.43513513513513513,3,2,0,0,0,0,0,0,0,0,0,0,1,1,0,1,HMGA1,1,2
ENSG00000137449,+,32314,32314,0.6615708361700811,0.6621897629510429,122,130,4,3,1,1,3,2,2,6,1,0,4,4,5,5,CPEB2,16,18
ENSG00000137462,+,24243,24243,0.6240976776801551,0.5770737944973807,71,44,2,1,0,1,1,1,3,2,4,0,5,5,4,3,TLR2,17,12
ENSG00000137522,+,13032,13032,0.5130448127685697,0.5707489257213014,15,27,0,2,4,3,0,4,1,0,1,2,0,4,1,0,RNF121,7,13
ENSG00000137574,+,25219,25219,0.6044648875847575,0.59970657044292,102,53,22,0,1,0,4,2,2,1,4,1,6,9,1,5,TGS1,18,18
ENSG00000137648,+,21034,21034,0.5132166967766474,0.4904915850527717,17,15,0,0,2,3,3,2,2,0,1,0,2,4,2,1,TMPRSS4,12,10
ENSG00000137691,+,1797,1797,0.6021146355036171,0.6405119643850863,7,9,0,1,0,0,0,1,0,0,0,0,3,0,0,0,CFAP300,3,1
ENSG00000137815,+,40423,40423,0.5464215916681098,0.5185414244365831,71,42,18,3,6,2,1,2,1,1,1,0,24,25,2,2,RTF1,35,32
ENSG00000137878,+,9022,9022,0.6162713367324318,0.5894480159609843,24,23,0,0,0,0,1,0,1,0,1,0,2,0,3,0,GCOM1,8,0
ENSG00000138326,+,3638,3638,0.5786146234194612,0.5307861462341946,5,10,0,3,0,1,0,0,0,0,1,0,1,1,0,0,RPS24,2,2
ENSG00000138463,+,43986,43986,0.6290410585186196,0.6015550402400763,113,102,2,3,3,2,0,2,3,2,0,5,15,9,2,5,SLC49A4,23,25
ENSG00000138663,+,517,517,0.5841392649903289,0.5802707930367504,1,2,0,0,0,0,0,0,0,0,0,0,0,0,0,0,COPS4,0,0
ENSG00000138678,+,38148,38148,0.60894411240432,0.5730575652720982,120,90,21,6,2,3,3,2,1,1,4,1,9,13,0,2,GPAT3,19,22
ENSG00000138709,+,334,334,0.5419161676646707,0.23053892215568864,2,0,0,0,0,0,0,0,0,0,0,0,0,0,0,0,LARP1B,0,0
ENSG00000138942,+,24266,24266,0.5461551141514877,0.5514299843402292,43,54,3,20,2,2,1,4,0,0,6,1,8,5,5,0,RNF185,22,12
ENSG00000138964,+,28391,28391,0.46120249374801875,0.4870557571061252,33,26,2,1,6,4,4,2,1,1,2,1,3,7,0,2,PARVG,16,17
ENSG00000139112,+,8509,8509,0.5764484663297684,0.5464801974380068,13,16,0,2,0,1,0,0,0,1,0,0,4,3,0,0,GABARAPL1,4,5
ENSG00000139405,+,4346,4346,0.5126553152323976,0.44109526000920385,2,3,0,0,0,0,0,0,1,0,0,0,3,2,0,0,RITA1,4,2
ENSG00000139438,+,29190,29190,0.5069544364508394,0.4474820143884892,48,17,2,0,4,3,1,2,1,1,1,1,4,3,0,0,FAM222A,11,10
ENSG00000139567,+,3791,3791,0.47190714850962806,0.46584014771828014,2,6,0,0,2,2,2,1,1,0,0,0,2,2,0,0,ACVRL1,7,5
ENSG00000139644,+,19936,19936,0.5768960674157303,0.5632524077046549,41,30,2,0,1,2,3,2,3,0,0,1,6,12,0,3,TMBIM6,13,20
ENSG00000140044,+,44038,44038,0.5108542622280757,0.5368772423815795,42,100,2,9,9,7,7,1,0,2,1,1,4,6,0,0,JDP2,21,17
ENSG00000140157,+,23198,23198,0.5698767135097853,0.5540132770066385,38,39,1,3,0,0,0,4,1,0,0,2,11,9,0,0,NIPA2,12,15
ENSG00000140264,+,12080,12080,0.5211092715231788,0.5177980132450332,16,19,0,5,1,0,3,1,0,0,0,0,4,5,0,0,SERF2,8,6
ENSG00000140403,+,20938,20938,0.5501002961123317,0.5063520871143375,33,30,2,7,3,3,3,1,1,1,1,2,2,5,1,0,DNAJA4,11,12
ENSG00000140563,+,42689,42689,0.6251024854177891,0.6096886785823046,135,112,1,0,4,1,2,1,1,4,0,1,8,3,1,3,MCTP2,16,13
ENSG00000140678,+,22396,22396,0.481737810323272,0.5133952491516343,21,20,3,1,3,4,3,2,1,1,0,0,3,3,0,1,ITGAX,10,11
ENSG00000140995,+,9727,9727,0.4340495527911998,0.4216099516808883,3,6,0,0,1,1,1,0,0,0,1,0,1,2,0,1,DEF8,4,4
ENSG00000141002,+,39162,39162,0.4463510545937388,0.4492109698176804,24,27,3,1,4,2,3,2,0,1,2,1,13,8,0,0,TCF25,22,14
ENSG00000141526,+,23051,23051,0.44054487874712595,0.3667953667953668,17,10,0,2,4,2,3,4,0,0,0,0,1,3,3,1,SLC16A3,11,10
ENSG00000141560,+,9042,9042,0.47909754479097544,0.41683255916832557,11,4,2,0,1,9,0,0,1,0,1,0,4,2,0,0,FN3KRP,7,11
ENSG00000141562,+,37423,37423,0.4763380808593646,0.445020441974187,41,27,5,4,2,5,2,2,1,0,3,4,8,17,2,0,NARF,18,28
ENSG00000141971,+,3558,3558,0.4938167509836987,0.455593029792018,3,1,0,0,0,0,0,0,0,0,0,0,4,4,0,0,MVB12A,4,4
ENSG00000142227,+,4166,4166,0.48799807969275083,0.4656745079212674,5,7,0,0,1,0,2,0,0,0,0,0,0,0,0,1,EMP3,3,1
ENSG00000142541,+,3572,3572,0.4720044792833147,0.4700447928331467,4,3,0,0,1,1,0,0,0,0,0,0,1,0,0,0,RPL13A,2,1
ENSG00000142657,+,14900,14900,0.5414765100671141,0.5159060402684563,11,10,1,0,2,2,0,0,0,0,1,0,6,11,2,0,PGD,11,13
ENSG00000143036,+,12882,12882,0.5607824871914299,0.5507685142058687,16,15,1,0,2,0,2,0,0,0,1,1,6,5,0,0,SLC44A3,11,6
ENSG00000143382,+,1482,1482,0.38191632928475033,0.38596491228070173,0,1,0,0,0,0,0,0,0,0,0,0,0,0,0,0,ADAMTSL4,0,0
ENSG00000143398,+,24885,24885,0.5508137432188065,0.5457906369298774,36,44,5,10,3,4,4,2,0,2,1,0,12,10,0,1,PIP5K1A,20,19
ENSG00000143569,+,38001,38001,0.5656956395884318,0.5448014525933528,54,52,3,7,2,1,3,3,5,1,1,3,8,8,2,1,UBAP2L,21,17
ENSG00000143624,+,476,476,0.5042016806722689,0.4369747899159664,0,0,0,0,0,0,0,0,0,0,0,0,0,0,0,0,INTS3,0,0
ENSG00000143653,+,30013,30013,0.5882117748975444,0.5673874654316463,58,53,3,3,2,3,1,2,3,1,1,0,12,2,3,1,SCCPDH,22,9
ENSG00000143842,+,44993,44993,0.49009845976040717,0.5150578978952282,43,61,4,1,6,6,2,5,2,2,1,0,6,17,3,4,SOX13,20,34
ENSG00000144306,+,30822,30822,0.6238401142041399,0.6140743624683668,95,76,6,2,0,1,2,1,2,2,1,0,7,10,3,3,SCRN3,15,17
ENSG00000144579,+,761,761,0.36530880420499345,0.3692509855453351,0,0,0,0,0,1,0,1,0,0,0,0,0,0,0,0,CTDSP1,0,2
ENSG00000144580,+,1726,1726,0.552143684820394,0.6210892236384704,2,5,0,0,0,0,1,1,1,0,0,0,0,0,0,0,CNOT9,2,1
ENSG00000144597,+,16911,16911,0.5881378984093194,0.5743007509904796,41,24,3,1,3,1,0,1,0,0,0,0,1,7,0,0,EAF1,4,9
ENSG00000144741,+,35013,35013,0.6169422785822409,0.6103732899208866,120,94,6,3,1,0,2,2,3,2,1,4,3,4,4,4,SLC25A26,14,16
ENSG00000144802,+,425,425,0.5952941176470589,0.23529411764705882,1,0,0,0,0,0,0,0,0,0,0,0,0,0,0,0,NFKBIZ,0,0
ENSG00000145191,+,7933,7933,0.516828438169671,0.5416614143451406,6,15,2,0,1,0,2,1,0,0,0,0,2,5,1,1,EIF2B5,6,7
ENSG00000145354,+,16797,16797,0.6090968625349765,0.6099898791450854,47,50,2,4,2,0,1,2,1,0,2,1,3,2,0,2,CISD2,9,7
ENSG00000145545,+,33995,33995,0.5582879835269893,0.5618473304897779,63,45,2,2,1,7,1,1,0,0,2,3,8,10,2,4,SRD5A1,14,25
ENSG00000146197,+,29784,29784,0.5091659951651893,0.5120534515175933,30,37,0,1,8,8,3,2,2,2,1,1,3,4,0,3,SCUBE3,17,20
ENSG00000146278,+,3916,3916,0.6202757916241062,0.466802860061287,18,8,0,0,0,1,0,0,1,0,1,0,1,0,0,0,PNRC1,3,1
ENSG00000146453,+,11873,11873,0.5087172576433926,0.549650467447149,14,20,0,0,0,0,1,0,1,0,0,1,0,0,1,1,PNLDC1,3,2
ENSG00000146463,+,7330,7330,0.6240109140518417,0.6160982264665757,20,21,3,2,0,1,0,4,2,0,1,0,1,2,0,2,ZMYM4,4,9
ENSG00000146731,+,8924,8924,0.6082474226804123,0.5193859255939041,12,12,0,1,0,0,0,0,0,0,0,0,3,5,0,0,CCT6A,3,5
ENSG00000146757,+,23530,23530,0.6049723756906077,0.6125796855078623,64,66,5,9,1,1,2,2,1,0,6,2,5,17,1,0,ZNF92,16,22
ENSG00000147403,+,541,541,0.5009242144177449,0.3345656192236599,0,0,0,0,0,0,0,0,0,0,0,0,0,0,0,0,RPL10,0,0
ENSG00000147454,+,39696,39696,0.5202287384119306,0.5553708182184603,52,82,1,7,7,5,1,3,0,1,2,3,7,6,3,1,SLC25A37,20,19
ENSG00000147457,+,367,367,0.49591280653950953,0.5313351498637602,0,0,0,0,0,0,0,0,0,0,0,0,0,0,0,0,CHMP7,0,0
ENSG00000147570,+,25082,25082,0.6031815644685432,0.5714855274698988,58,49,0,2,3,5,1,4,4,2,2,2,2,3,1,1,DNAJC5B,13,17
ENSG00000147601,+,1954,1954,0.665813715455476,0.6980552712384852,3,12,0,1,0,0,0,1,0,0,0,0,0,0,0,0,TERF1,0,1
ENSG00000147679,+,5736,5736,0.6422594142259415,0.6052998605299861,19,18,0,0,0,1,0,1,0,0,0,0,0,1,1,0,UTP23,1,3
ENSG00000147684,+,23133,23133,0.5405265205550512,0.5768382829723772,42,55,1,1,4,1,2,2,1,2,0,0,3,8,0,1,NDUFB9,10,14
ENSG00000148308,+,13812,13812,0.45033304373008975,0.5139009556907037,6,21,2,1,5,1,1,0,0,1,0,1,5,1,1,0,GTF3C5,12,4
ENSG00000148335,+,1624,1624,0.45320197044334976,0.437807881773399,0,0,0,0,0,1,0,0,0,0,0,0,0,1,0,0,NTMT1,0,2
ENSG00000148339,+,32383,32383,0.49871846339128556,0.4951672173671371,42,30,5,2,2,4,2,4,3,0,1,0,10,18,3,1,SLC25A25,21,27
ENSG00000148482,+,48216,48216,0.6151277584204413,0.5956114152978265,130,112,13,4,4,2,3,0,4,1,3,1,8,11,6,3,SLC39A12,28,18
ENSG00000148730,+,14448,14448,0.5849944629014396,0.5316306755260244,28,27,0,3,2,1,1,4,2,0,0,0,2,7,1,0,EIF4EBP2,8,12
ENSG00000148814,+,44042,44042,0.473570682530312,0.4875573316379819,45,43,5,2,7,3,10,2,2,1,1,3,6,8,2,2,LRRC27,28,19
ENSG00000148834,+,21452,21452,0.5836285661010628,0.5805985455901548,56,59,2,5,1,1,0,0,4,0,0,2,2,4,2,0,GSTO1,9,7
ENSG00000148935,+,732,732,0.6352459016393442,0.3879781420765027,11,0,3,0,0,0,0,0,0,0,0,0,0,0,0,0,GAS2,0,0
ENSG00000149091,+,7777,7777,0.3862671981483863,0.4854056834254854,0,9,0,3,3,3,0,0,0,0,0,1,0,2,0,2,DGKZ,3,8
ENSG00000149196,+,28545,28545,0.618812401471361,0.6025923979681205,73,67,4,13,1,4,0,4,3,2,0,1,10,6,1,1,HIKESHI,15,18
ENSG00000149218,+,560,560,0.5285714285714286,0.5232142857142857,1,0,0,0,0,0,0,0,0,0,0,0,0,0,0,0,ENDOD1,0,0
ENSG00000149257,+,8220,8220,0.47396593673965937,0.42980535279805354,11,3,0,0,2,3,2,0,2,0,0,0,0,3,2,0,SERPINH1,8,6
ENSG00000149273,+,16724,16724,0.5078928486008132,0.5388065056206649,22,25,7,3,1,2,1,0,0,0,1,0,6,4,1,1,RPS3,10,7
ENSG00000149313,+,18355,18355,0.6495777717243258,0.61934077907927,73,49,1,1,1,0,0,1,0,1,1,0,0,4,5,3,AASDHPPT,7,9
ENSG00000149418,+,24199,24199,0.4568370593826191,0.5094012149262366,14,32,0,2,3,2,1,0,0,1,0,0,5,4,0,0,ST14,9,7
ENSG00000149483,+,3574,3574,0.5260212646894236,0.48880805819809736,1,7,0,0,0,2,0,0,0,0,0,0,0,1,0,0,TMEM138,0,3
ENSG00000150337,+,7077,7077,0.5864066694927229,0.6001130422495408,13,16,0,0,1,0,1,1,1,0,1,0,1,1,3,3,FCGR1A,8,5
ENSG00000150459,+,1823,1823,0.6061437191442677,0.5699396599012616,2,5,0,0,0,0,0,0,0,0,0,0,1,1,0,0,SAP18,1,1
ENSG00000150636,+,840,840,0.6452380952380953,0.7083333333333334,3,3,0,0,0,0,0,0,0,0,0,0,0,0,0,0,CCDC102B,0,0
ENSG00000150768,+,2940,2940,0.5880952380952381,0.5874149659863945,9,6,0,0,0,0,0,1,1,0,0,0,2,1,0,0,DLAT,3,2
ENSG00000151014,+,12868,12868,0.5502797637550513,0.5416537146409699,17,20,1,2,0,3,0,1,1,0,1,0,4,7,0,0,NOCT,6,11
ENSG00000151131,+,22342,22342,0.592740130695551,0.5957837257183779,52,58,1,2,2,1,0,3,1,2,0,1,2,4,0,1,C12orf45,5,12
ENSG00000151502,+,1542,1542,0.46173800259403375,0.48184176394293127,0,2,0,0,0,0,1,0,0,0,0,0,0,0,0,0,VPS26B,1,0
ENSG00000151929,+,13401,13401,0.4937691217073353,0.5179464219088128,13,25,1,0,3,0,1,1,0,0,1,0,5,5,0,0,BAG3,10,6
ENSG00000152133,+,4103,4103,0.634657567633439,0.6000487448208628,13,4,0,0,0,1,0,0,0,0,0,1,3,2,0,0,GPATCH11,3,4
ENSG00000152137,+,14327,14327,0.5443568088225029,0.5193690235220214,23,17,4,0,1,2,0,4,0,2,0,0,3,4,0,0,HSPB8,4,12
ENSG00000152213,+,12929,12929,0.5408770979967515,0.5312862557042308,27,16,10,7,0,2,2,1,0,0,0,0,2,3,0,0,ARL11,4,6
ENSG00000152380,+,42822,42822,0.6162953621970015,0.6133295969361543,111,142,9,17,1,3,0,4,2,3,2,2,14,9,10,2,FAM151B,29,23
ENSG00000152433,+,10681,10681,0.5234528602190807,0.5366538713603595,10,13,0,2,0,1,1,0,0,3,1,0,2,2,1,0,ZNF547,5,6
ENSG00000152642,+,1529,1529,0.41792020928711576,0.5761935905820798,3,4,0,0,0,0,11,0,0,0,0,0,0,0,0,0,GPD1L,11,0
ENSG00000152904,+,10684,10684,0.5838637214526394,0.5577499064020965,22,20,0,1,0,1,1,3,0,1,0,0,7,4,0,0,GGPS1,8,9
ENSG00000153029,+,17517,17517,0.5216075812068277,0.5552320602842953,18,38,0,0,2,2,1,4,1,2,0,0,12,4,0,0,MR1,16,12
ENSG00000153094,+,41391,41391,0.5744243917759899,0.559976806552149,77,71,1,2,4,2,3,4,4,1,3,3,6,1,0,2,BCL2L11,20,13
ENSG00000153147,+,16003,16003,0.6573142535774542,0.648003499343873,71,56,1,0,2,0,0,2,0,0,3,2,1,2,1,1,SMARCA5,7,7
ENSG00000153485,+,1940,1940,0.5891752577319588,0.4056701030927835,11,3,2,0,1,0,1,0,0,0,0,0,0,0,0,1,TMEM251,2,1
ENSG00000153914,+,13932,13932,0.6555412001148435,0.657694516221648,43,52,3,0,1,0,2,1,0,3,1,0,2,4,1,0,SREK1,7,8
ENSG00000153933,+,11741,11741,0.6141725577037731,0.6096584618005281,34,30,1,0,0,0,1,2,0,2,0,2,3,4,2,1,DGKE,6,11
ENSG00000154025,+,17244,17244,0.41075156576200417,0.4579563906286245,1,10,0,2,1,2,4,1,0,2,1,0,3,2,1,1,SLC5A10,10,8
ENSG00000154059,+,1430,1430,0.6426573426573426,0.6601398601398601,5,2,0,0,0,1,0,0,0,0,0,0,0,0,0,0,IMPACT,0,1
ENSG00000154099,+,1229,1229,0.4100895036615134,0.49877949552481693,0,0,0,0,0,0,0,0,0,0,0,0,0,0,0,0,DNAAF1,0,0
ENSG00000154305,+,6639,6639,0.6199728874830547,0.5909022443139027,21,18,1,2,0,0,0,1,0,1,0,0,3,1,0,0,MIA3,3,3
ENSG00000154589,+,16262,16262,0.5822162095683188,0.5721313491575452,36,26,0,2,1,3,0,0,0,2,0,0,8,2,1,1,LY96,10,8
ENSG00000154781,+,5533,5533,0.5660581962768841,0.5678655340683174,11,6,0,2,1,0,0,0,0,0,0,0,1,3,0,0,CCDC174,2,3
ENSG00000155508,+,16160,16160,0.5696163366336634,0.5317450495049505,31,25,3,5,2,0,1,3,1,1,1,1,5,10,2,0,CNOT8,12,15
ENSG00000156127,+,22925,22925,0.5622246455834242,0.5958996728462377,49,52,4,1,1,0,0,1,3,0,1,2,3,6,4,1,BATF,12,10
ENSG00000156398,+,7121,7121,0.5389692458924309,0.4926274399662969,13,0,1,0,0,1,0,0,0,1,1,0,0,1,0,0,SFXN2,1,3
ENSG00000156502,+,13927,13927,0.5853378329862856,0.5817476843541323,30,28,5,0,3,2,0,1,0,3,0,0,4,2,1,1,SUPV3L1,8,9
ENSG00000156531,+,2791,2791,0.6209243998566822,0.6503045503403798,13,9,0,2,0,0,0,0,0,0,0,0,0,0,0,1,PHF6,0,1
ENSG00000156787,+,48746,48746,0.6186764042177819,0.5760677799204037,140,98,14,12,6,5,3,0,4,1,5,2,10,18,3,2,TBC1D31,31,28
ENSG00000157014,+,1051,1051,0.49857278782112274,0.46336822074215034,0,0,0,0,1,0,0,0,0,0,0,0,0,0,0,1,TATDN2,1,1
ENSG00000157601,+,6849,6849,0.5257701854285297,0.5611038107752957,7,14,2,0,1,0,0,0,0,0,0,0,0,2,0,1,MX1,1,3
ENSG00000157856,+,48437,48437,0.5628754877469703,0.5902925449553028,124,99,12,6,4,2,3,3,2,5,0,1,11,12,3,3,DRC1,23,26
ENSG00000158234,+,4376,4376,0.6389396709323584,0.5877513711151737,12,9,0,0,0,0,0,0,1,0,0,0,1,2,1,0,FAIM,3,2
ENSG00000158483,+,968,968,0.47107438016528924,0.4731404958677686,0,0,0,0,1,0,0,0,0,0,0,0,0,0,0,0,FAM86C1,1,0
ENSG00000158805,+,3744,3744,0.4700854700854701,0.4967948717948718,2,3,0,0,1,0,0,0,1,0,0,0,0,4,0,0,ZNF276,2,4
ENSG00000159388,+,3457,3457,0.5273358403239803,0.4859704946485392,11,5,5,0,0,0,0,1,0,0,0,0,1,1,0,0,BTG2,1,2
ENSG00000159399,+,44467,44467,0.5274023433107697,0.544291272179369,55,80,3,10,2,3,3,4,2,3,1,1,6,15,5,2,HK2,19,28
ENSG00000159873,+,3112,3112,0.5758354755784062,0.5382390745501285,5,2,0,0,1,0,0,0,0,1,1,0,1,0,1,0,CCDC117,4,1
ENSG00000160131,+,11512,11512,0.5991139680333565,0.5322272411396803,27,14,2,2,0,1,1,3,0,0,0,0,1,2,1,0,VMA21,3,6
ENSG00000160352,+,30799,30799,0.6116757037566155,0.60021429267184,99,96,13,14,1,2,1,1,1,1,4,2,8,11,0,1,ZNF714,15,18
ENSG00000160683,+,18591,18591,0.42789521811629283,0.5104620515303103,9,21,0,0,5,2,0,1,1,1,1,0,2,9,2,1,CXCR5,11,14
ENSG00000160785,+,17834,17834,0.5182236178086801,0.5373443983402489,17,30,1,5,2,0,1,0,0,1,1,0,2,4,0,1,SLC25A44,6,6
ENSG00000160877,+,14186,14186,0.4413506273791062,0.4690539968983505,8,10,3,0,1,1,0,2,0,0,1,1,3,2,0,0,NACC1,5,6
ENSG00000160917,+,11198,11198,0.4537417395963565,0.4865154491873549,9,4,1,0,2,2,0,1,1,0,3,0,3,9,0,0,CPSF4,9,12
ENSG00000160961,+,13423,13423,0.5200029799597705,0.501229233405349,19,11,0,0,0,0,0,1,2,1,2,1,5,5,0,0,ZNF333,9,8
ENSG00000160991,+,3004,3004,0.4440745672436751,0.4394141145139814,1,0,0,0,0,0,0,0,0,0,0,0,1,3,0,0,ORAI2,1,3
ENSG00000161526,+,43386,43386,0.5143133729774582,0.4571059788871986,58,32,8,2,6,5,2,0,2,1,4,1,10,12,4,0,SAP30BP,28,19
ENSG00000162368,+,40984,40984,0.5795432363849307,0.5613410111262932,98,66,11,2,3,4,0,2,5,1,0,0,11,21,2,4,CMPK1,21,32
ENSG00000162664,+,25382,25382,0.6466393507209833,0.6003073043889371,87,65,5,1,0,3,1,1,1,2,2,0,4,6,4,0,ZNF326,12,12
ENSG00000162772,+,27063,27063,0.5438421461035362,0.5957949968591805,40,65,6,1,2,0,2,1,2,1,2,1,3,7,4,2,ATF3,15,12
ENSG00000162928,+,29110,29110,0.6002748196496049,0.5981449673651666,54,81,3,2,1,0,2,3,5,1,3,1,6,12,5,3,PEX13,22,20
ENSG00000163071,+,3133,3133,0.6332588573252473,0.5528247685924035,11,4,0,0,0,0,0,0,1,0,0,0,0,0,0,0,SPATA18,1,0
ENSG00000163141,+,538,538,0.5390334572490706,0.5092936802973977,0,1,0,0,0,0,0,0,0,0,0,0,0,0,0,0,BNIPL,0,0
ENSG00000163435,+,7695,7695,0.4927875243664717,0.4382066276803119,5,5,0,0,1,1,1,1,0,0,0,0,3,2,0,0,ELF3,5,4
ENSG00000163466,+,18457,18457,0.5808094489895432,0.5637969334127974,34,30,2,1,3,1,1,0,1,2,0,1,8,9,1,2,ARPC2,14,15
ENSG00000163472,+,3821,3821,0.46139753991101806,0.525255168803978,4,2,0,0,3,2,1,0,0,0,0,0,1,6,0,0,TMEM79,5,8
ENSG00000163600,+,15300,15300,0.6118300653594771,0.6240522875816994,32,44,1,1,0,1,0,0,1,1,0,0,3,0,1,0,ICOS,5,2
ENSG00000163714,+,42305,42305,0.6356695426072568,0.6042784540834417,128,116,3,3,2,3,0,0,0,3,1,3,7,11,0,7,U2SURP,10,27
ENSG00000163719,+,29428,29428,0.4961601196139731,0.5310928367541118,24,28,0,0,5,1,2,5,0,1,1,1,7,12,1,5,MTMR14,16,25
ENSG00000163738,+,24525,24525,0.64493374108053,0.6318858307849133,75,91,1,13,0,0,1,2,1,2,2,2,3,1,5,4,MTHFD2L,12,11
ENSG00000163840,+,5636,5636,0.5794889992902768,0.5216465578424414,5,4,0,1,0,1,1,0,1,0,0,1,0,4,0,0,DTX3L,2,6
ENSG00000163874,+,7683,7683,0.5083951581413511,0.41194845763373683,9,3,1,0,2,2,0,0,0,0,0,1,6,0,0,0,ZC3H12A,8,3
ENSG00000163879,+,9843,9843,0.5015747231535101,0.5602966575231129,9,19,0,0,2,0,1,0,0,3,0,0,2,4,0,0,DNALI1,5,7
ENSG00000163904,+,13791,13791,0.5915452106446233,0.5520266840693205,36,29,0,9,0,0,2,2,1,0,1,0,4,2,0,1,SENP2,8,5
ENSG00000163938,+,5012,5012,0.5702314445331205,0.5674381484437351,11,10,0,0,0,0,0,0,1,0,0,0,1,2,1,0,GNL3,3,2
ENSG00000164134,+,48247,48247,0.6173233568926565,0.6117686073745517,147,127,4,8,1,3,5,4,4,2,4,2,12,23,5,1,NAA15,31,35
ENSG00000164151,+,10298,10298,0.6412895707904448,0.6254612546125461,33,35,2,1,0,0,0,0,0,1,0,0,0,0,0,2,ICE1,0,3
ENSG00000164236,+,42163,42163,0.5490596020207291,0.5124398169010744,85,53,12,4,3,5,1,2,2,4,0,1,9,11,1,0,ANKRD33B,16,23
ENSG00000164291,+,46443,46443,0.6357470447645501,0.6431970372284306,139,125,2,3,5,6,5,0,2,2,2,1,12,3,5,1,ARSK,31,13
ENSG00000164292,+,28035,28035,0.6081326912787587,0.6054931335830213,73,76,2,2,4,0,1,3,0,1,1,1,11,9,3,0,RHOBTB3,20,14
ENSG00000164713,+,42709,42709,0.47837692289681333,0.4266313891685593,55,19,11,0,8,8,2,4,2,0,1,0,10,11,0,0,BRI3,23,23
ENSG00000164823,+,17609,17609,0.6285422227270145,0.6077573967857346,51,42,3,1,3,0,0,1,3,3,1,1,1,3,2,1,OSGIN2,10,9
ENSG00000164916,+,47206,47206,0.4624200313519468,0.49139939838156166,41,49,2,7,5,6,2,6,1,2,0,1,15,11,1,0,FOXK1,24,26
ENSG00000164935,+,17773,17773,0.5715411016710741,0.5467844483204861,43,23,2,0,1,2,0,3,1,0,2,0,3,2,0,3,DCSTAMP,7,10
ENSG00000164975,+,17263,17263,0.6479175114406535,0.5978103458263337,54,41,1,2,0,1,0,0,0,1,2,0,2,3,1,0,SNAPC3,5,5
ENSG00000164978,+,9689,9689,0.5339044277015171,0.5672412013623697,7,15,0,1,2,0,0,2,1,0,0,0,1,1,0,0,NUDT2,4,3
ENSG00000165046,+,13505,13505,0.5677156608663458,0.5181784524250278,22,30,3,6,0,1,0,2,2,0,1,0,3,4,0,0,LETM2,6,7
ENSG00000165055,+,4606,4606,0.5531914893617021,0.5366912722535823,10,6,1,0,0,0,0,0,0,0,1,0,4,1,0,1,METTL2B,5,2
ENSG00000165175,+,568,568,0.6443661971830986,0.38028169014084506,5,0,0,0,0,0,0,0,0,0,0,0,0,0,0,0,MID1IP1,0,0
ENSG00000165309,+,9408,9408,0.6146896258503401,0.6137329931972789,34,18,0,0,1,1,0,0,0,0,0,0,2,3,2,1,ARMC3,5,5
ENSG00000165416,+,27964,27964,0.639286225146617,0.6041338864254041,92,84,0,6,1,2,1,0,2,2,4,0,1,2,3,2,SUGT1,12,8
ENSG00000165516,+,11141,11141,0.6005744547168118,0.5450139125751727,25,19,0,0,0,0,0,0,1,0,0,1,8,4,0,1,KLHDC2,9,6
ENSG00000165698,+,5348,5348,0.46839940164547494,0.47756170531039643,10,4,1,0,0,0,0,0,2,0,0,0,3,1,0,0,SPACA9,5,1
ENSG00000165792,+,3134,3134,0.564773452456924,0.52680280791321,5,7,0,0,0,0,0,0,0,0,0,0,0,0,0,0,METTL17,0,0
ENSG00000165801,+,2290,2290,0.4703056768558952,0.5200873362445415,1,1,0,0,0,0,0,1,0,1,0,0,0,0,0,0,ARHGEF40,0,2
ENSG00000165806,+,1550,1550,0.5258064516129032,0.5632258064516129,2,4,0,0,0,0,0,0,0,0,0,0,0,0,0,0,CASP7,0,0
ENSG00000165934,+,448,448,0.6540178571428571,0.6584821428571429,3,1,0,0,0,0,0,0,0,0,0,0,0,0,0,0,CPSF2,0,0
ENSG00000166295,+,13513,13513,0.5781099681787908,0.5506549248871457,23,18,0,0,4,1,1,0,1,1,0,0,9,9,0,0,ANAPC16,15,11
ENSG00000166311,+,2290,2290,0.47685589519650656,0.3921397379912664,0,0,0,0,0,0,0,1,0,0,0,0,0,0,0,0,SMPD1,0,1
ENSG00000166401,+,17842,17842,0.5679856518327542,0.5728617867952023,41,41,5,1,3,3,1,2,1,2,0,0,2,5,1,0,SERPINB8,8,12
ENSG00000166454,+,1633,1633,0.5890998162890386,0.5676668707899571,4,2,0,0,0,0,0,1,0,0,0,0,2,0,0,0,ATMIN,2,1
ENSG00000166780,+,10291,10291,0.5168593917014868,0.5174424254202702,14,14,1,0,2,2,0,1,1,0,0,1,5,2,0,0,BMERB1,8,6
ENSG00000166833,+,30251,30251,0.5306270867078774,0.5682787345872864,37,51,0,0,6,2,1,1,1,2,3,1,7,5,1,2,NAV2,19,13
ENSG00000166896,+,2308,2308,0.6312824956672444,0.6494800693240901,4,6,0,1,1,0,0,0,0,1,0,1,0,0,0,0,ATP23,1,2
ENSG00000166946,+,3563,3563,0.653381981476284,0.6028627561044064,9,5,0,0,0,0,0,0,0,0,0,0,0,0,0,0,CCNDBP1,0,0
ENSG00000166949,+,2827,2827,0.5447470817120622,0.4768305624336753,4,6,0,0,0,0,0,0,0,0,0,0,0,0,0,0,SMAD3,0,0
ENSG00000166959,+,3429,3429,0.5170603674540682,0.5561388159813356,3,6,1,1,1,0,0,1,0,0,0,1,1,0,0,1,MS4A8,2,3
ENSG00000166963,+,8895,8895,0.49881956155143337,0.5308600337268128,6,14,0,0,3,2,1,0,0,0,1,0,1,3,1,0,MAP1A,7,5
ENSG00000167257,+,16733,16733,0.5689953983147075,0.537859319906771,34,31,8,7,1,0,1,2,0,1,2,0,6,4,0,0,RNF214,10,7
ENSG00000167280,+,13266,13266,0.39710538218000907,0.5194482134780642,4,22,0,2,2,3,0,2,1,1,1,0,1,2,0,1,ENGASE,5,9
ENSG00000167325,+,22839,22839,0.599719777573449,0.5824247996847498,78,47,7,0,2,1,1,1,1,0,2,1,4,11,2,0,RRM1,12,14
ENSG00000167460,+,24783,24783,0.5097445829802687,0.505669208731792,26,15,0,0,2,3,1,2,0,0,1,0,16,6,0,0,TPM4,20,11
ENSG00000167483,+,22998,22998,0.47578050265240457,0.46904078615531786,25,16,6,1,3,3,0,4,1,0,0,1,13,10,0,1,NIBAN3,17,19
ENSG00000167515,+,1201,1201,0.4238134887593672,0.4587843463780183,1,1,0,0,0,0,0,0,0,0,0,0,0,0,0,0,TRAPPC2L,0,0
ENSG00000167553,+,29669,29669,0.5385082072196569,0.5539789005359129,47,55,1,5,2,2,1,2,1,1,2,0,21,16,2,0,TUBA1C,29,21
ENSG00000167555,+,16079,16079,0.5645873499595746,0.5571241992661236,29,28,1,0,4,2,0,0,1,0,1,2,5,4,0,3,ZNF528,11,11
ENSG00000167562,+,2587,2587,0.6006957866254349,0.58252802473908,1,9,0,1,0,0,0,0,0,0,0,0,1,0,1,0,ZNF701,2,0
ENSG00000167618,+,2237,2237,0.40366562360303976,0.5145283862315602,0,0,0,0,0,0,0,0,0,0,0,0,0,0,0,0,LAIR2,0,0
ENSG00000167625,+,9632,9632,0.4539036544850498,0.47612126245847175,5,8,0,0,3,3,1,1,0,1,0,1,5,5,0,0,ZNF526,9,11
ENSG00000167670,+,28642,28642,0.4854060470637525,0.4837651002024998,18,36,2,8,6,3,3,2,0,0,0,0,12,13,0,0,CHAF1A,21,18
ENSG00000167720,+,16795,16795,0.5564751414111343,0.5236677582613873,28,14,2,0,1,2,2,2,0,0,0,2,11,10,0,0,SRR,14,16
ENSG00000167772,+,3930,3930,0.433587786259542,0.45674300254452926,1,0,0,0,0,0,0,2,0,0,0,0,1,2,0,0,ANGPTL4,1,4
ENSG00000167995,+,3309,3309,0.44726503475370205,0.4814143245693563,5,1,1,0,2,1,0,0,0,2,0,0,1,0,0,0,BEST1,3,3
ENSG00000168026,+,11060,11060,0.489873417721519,0.5497287522603979,11,12,0,0,1,0,1,0,1,2,2,0,1,0,0,1,TTC21A,6,3
ENSG00000168028,+,2528,2528,0.5644778481012658,0.5007911392405063,2,2,0,0,0,0,0,0,0,0,0,0,0,1,0,0,RPSA,0,1
ENSG00000168036,+,36738,36738,0.6206380314660569,0.5785834830420817,98,72,4,1,2,2,4,3,5,0,5,2,5,5,2,4,CTNNB1,23,16
ENSG00000168273,+,42105,42105,0.5795036218976368,0.3939199619997625,85,6,4,0,3,11,4,2,1,0,2,0,20,3,3,0,SMIM4,33,16
ENSG00000168286,+,4008,4008,0.4403692614770459,0.4441117764471058,4,0,0,0,0,2,0,0,0,0,0,0,0,3,1,0,THAP11,1,5
ENSG00000168438,+,49437,49437,0.6327649331472379,0.6314703562109352,170,112,9,1,2,4,4,1,1,7,3,2,13,4,1,5,CDC40,24,23
ENSG00000168589,+,8816,8816,0.6325998185117967,0.6080989110707804,33,17,3,1,0,0,0,1,0,0,0,0,0,1,1,1,DYNLRB2,1,3
ENSG00000168653,+,7883,7883,0.5502981098566535,0.5313966763922364,15,9,4,0,0,0,0,1,1,0,0,0,3,4,0,0,NDUFS5,4,5
ENSG00000168734,+,13047,13047,0.5158273932704837,0.5319230474438569,12,20,1,3,2,2,2,1,0,0,0,2,2,3,1,1,PKIG,7,9
ENSG00000168899,+,3007,3007,0.48254073827735283,0.46923844363152645,1,0,0,0,0,0,1,1,0,0,0,0,0,0,0,0,VAMP5,1,1
ENSG00000168904,+,6159,6159,0.6012339665530119,0.5653515181035882,10,17,0,0,0,1,1,0,0,0,1,0,1,0,1,0,LRRC28,4,1
ENSG00000169136,+,7401,7401,0.49304148088096206,0.4565599243345494,2,5,0,1,1,0,0,0,0,0,0,0,9,3,0,0,ATF5,10,3
ENSG00000169282,+,3923,3923,0.6454244200866683,0.5465205200101962,9,1,0,0,0,3,0,1,0,0,0,0,1,1,0,0,KCNAB1,1,5
ENSG00000169288,+,15384,15384,0.6476859074362975,0.6338403536141446,49,42,1,1,2,0,1,1,0,1,1,0,3,0,1,4,MRPL1,8,6
ENSG00000169429,+,2343,2343,0.6094750320102432,0.6231327358087921,3,4,0,0,0,0,0,0,0,0,0,0,0,0,1,0,CXCL8,1,0
ENSG00000169442,+,7919,7919,0.4705139537820432,0.5169844677358252,5,6,0,0,2,0,3,2,0,0,0,0,3,3,1,0,CD52,9,5
ENSG00000169564,+,1183,1183,0.5249366018596788,0.35672020287404904,0,0,0,0,0,0,0,0,0,0,0,0,0,0,0,1,PCBP1,0,1
ENSG00000169683,+,2689,2689,0.2893268873187058,0.3443659352919301,0,0,0,0,2,0,0,0,0,0,0,0,1,0,0,0,LRRC45,3,0
ENSG00000169684,+,35100,35100,0.5921652421652421,0.5783475783475783,99,69,6,3,1,1,1,3,1,1,2,0,14,7,3,2,CHRNA5,22,14
ENSG00000169871,+,10614,10614,0.45703787450537026,0.5239306576220086,1,12,0,1,2,2,0,1,1,0,0,0,3,8,0,0,TRIM56,6,11
ENSG00000169895,+,13389,13389,0.5759205317798193,0.5419374113077899,28,14,0,2,1,0,1,2,0,1,1,1,7,4,1,0,SYAP1,11,8
ENSG00000169896,+,4353,4353,0.44015621410521477,0.5334252239834597,1,5,0,0,1,0,0,0,0,0,0,0,0,2,0,0,ITGAM,1,2
ENSG00000169994,+,33212,33212,0.49554377935685895,0.5234553775743707,41,43,9,8,2,5,1,2,1,2,2,1,3,5,0,0,MYO7B,9,15
ENSG00000170185,+,8372,8372,0.6778547539417105,0.6642379359770664,39,30,3,2,1,2,1,0,0,1,0,0,0,5,2,1,USP38,4,9
ENSG00000170231,+,15094,15094,0.4873459652842189,0.5011925268318537,16,20,3,10,3,0,0,0,0,0,0,1,6,5,1,0,FABP6,10,6
ENSG00000170425,+,30713,30713,0.5149610913945235,0.5208543613453587,35,47,2,5,0,2,0,3,2,1,2,0,11,9,1,0,ADORA2B,16,15
ENSG00000170502,+,32831,32831,0.6140233316073224,0.5756145106758856,101,68,10,1,2,2,4,3,0,3,0,3,10,5,3,2,NUDT9,19,18
ENSG00000170633,+,28977,28977,0.5593746764675432,0.5481243745039169,39,63,0,12,2,1,0,3,1,0,0,2,6,11,0,2,RNF34,9,19
ENSG00000170734,+,35134,35134,0.5691068480673991,0.5718961689531508,53,73,4,8,2,3,2,3,2,3,0,3,17,20,1,1,POLH,24,33
ENSG00000170791,+,9671,9671,0.6031434184675835,0.6214455588873953,27,41,3,0,2,0,0,1,0,0,0,0,1,2,1,1,CHCHD7,4,4
ENSG00000170881,+,13999,13999,0.620044288877777,0.5716122580184299,43,27,3,1,0,1,0,0,0,1,0,1,5,2,3,2,RNF139,8,7
ENSG00000171049,+,16378,16378,0.5641714495054341,0.5387104652582733,23,39,0,11,1,1,0,0,0,0,1,0,0,4,1,0,FPR2,3,5
ENSG00000171262,+,914,914,0.6017505470459519,0.649890590809628,2,2,0,0,0,0,0,0,0,0,0,0,0,1,0,0,FAM98B,0,1
ENSG00000171522,+,19966,19966,0.5984673945707704,0.6010718220975658,47,50,1,0,3,1,3,1,1,0,2,1,6,6,0,4,PTGER4,15,13
ENSG00000171606,+,12310,12310,0.5556458164094232,0.5152721364744111,10,23,1,3,1,0,1,0,0,0,1,0,6,4,1,0,ZNF274,10,4
ENSG00000171657,+,232,232,0.6896551724137931,0.6206896551724138,1,1,0,0,0,0,0,0,0,0,0,0,0,0,0,0,GPR82,0,0
ENSG00000171659,+,3870,3870,0.599483204134367,0.6320413436692507,10,9,0,0,0,0,1,0,0,0,1,0,2,1,1,0,GPR34,5,1
ENSG00000171729,+,30868,30868,0.5187248930931709,0.508390566282234,33,45,0,3,4,1,4,6,0,1,2,1,5,7,1,2,TMEM51,16,18
ENSG00000171813,+,7276,7276,0.41396371632765255,0.35142935678944476,7,1,0,0,1,0,2,0,0,0,0,0,0,1,0,0,PWWP2B,3,1
ENSG00000171863,+,2294,2294,0.6233653007846556,0.44027898866608545,6,2,0,0,0,0,0,0,0,0,1,0,0,0,0,1,RPS7,1,1
ENSG00000172273,+,8300,8300,0.5206024096385542,0.5428915662650602,11,11,0,0,0,0,1,0,0,0,0,0,1,1,0,0,HINFP,2,1
ENSG00000172409,+,5234,5234,0.5380206343141001,0.5147115017195262,10,5,0,2,0,1,0,0,0,0,0,0,4,0,0,0,CLP1,4,1
ENSG00000172803,+,1950,1950,0.5661538461538461,0.5846153846153846,1,3,0,0,0,0,0,0,0,0,0,0,3,2,0,0,SNX32,3,2
ENSG00000172831,+,6830,6830,0.4541727672035139,0.45300146412884335,1,4,0,0,2,1,0,2,0,0,1,0,0,0,0,0,CES2,3,3
ENSG00000172869,+,857,857,0.6884480746791132,0.6989498249708285,2,1,0,0,0,0,0,0,0,0,0,0,0,0,0,0,DMXL1,0,0
ENSG00000172888,+,5168,5168,0.5930727554179567,0.5572755417956656,8,8,0,0,0,0,0,1,1,0,0,0,0,1,2,0,ZNF621,3,2
ENSG00000172932,+,9506,9506,0.5194613928045445,0.36818851251840945,18,3,1,0,0,0,0,0,0,0,0,0,2,1,0,0,ANKRD13D,2,1
ENSG00000173369,+,3534,3534,0.47283531409168084,0.5011318619128466,8,5,2,0,3,2,0,0,0,0,0,0,0,0,0,0,C1QB,3,2
ENSG00000173451,+,6685,6685,0.6421839940164548,0.5663425579655946,21,21,3,2,1,0,1,0,0,0,0,0,3,1,0,0,THAP2,5,1
ENSG00000173465,+,1733,1733,0.38430467397576457,0.39757645701096367,0,0,0,0,0,0,0,0,0,0,0,0,0,0,0,0,ZNRD2,0,0
ENSG00000173598,+,25054,25054,0.599185758761076,0.5676139538596632,63,68,3,16,5,3,3,4,3,2,0,1,3,7,2,5,NUDT4,16,22
ENSG00000173678,+,5200,5200,0.49230769230769234,0.4907692307692308,1,5,0,1,0,0,0,0,0,0,0,0,2,3,2,0,SPDYE2B,4,3
ENSG00000173812,+,621,621,0.537842190016103,0.573268921095008,1,0,0,0,0,0,0,0,0,0,0,0,0,0,0,0,EIF1,0,0
ENSG00000173818,+,13722,13722,0.4292377204489142,0.5302434047514939,5,18,0,0,3,2,2,4,1,0,0,1,2,1,0,1,ENDOV,8,9
ENSG00000173875,+,12566,12566,0.5055705872990609,0.5415406652872832,9,30,4,9,0,0,2,1,0,0,0,1,10,4,0,0,ZNF791,12,6
ENSG00000173992,+,307,307,0.50814332247557,0.4495114006514658,0,0,0,0,0,0,0,0,0,0,0,0,0,0,0,0,CCS,0,0
ENSG00000174227,+,15909,15909,0.5014771512980074,0.5291973096989125,10,31,0,3,3,1,1,0,0,0,0,1,7,0,2,0,PIGG,13,2
ENSG00000174437,+,28860,28860,0.5472972972972973,0.5824324324324325,35,71,3,3,1,1,4,0,3,1,0,0,9,7,0,1,ATP2A2,17,10
ENSG00000174718,+,19640,19640,0.5923625254582485,0.5613543788187373,44,41,9,1,1,1,1,1,1,1,1,0,3,7,0,0,RESF1,7,10
ENSG00000174840,+,11581,11581,0.5994301010275451,0.594853639582074,31,28,1,0,0,0,0,2,1,1,0,0,3,5,1,1,PDE12,5,9
ENSG00000174885,+,3995,3995,0.41476846057571964,0.35544430538172717,0,1,0,0,6,0,0,0,0,1,0,0,1,0,0,0,NLRP6,7,1
ENSG00000174945,+,12759,12759,0.5139117485696372,0.47284269927110273,19,13,0,1,4,2,0,1,0,0,0,0,2,1,1,0,AMZ1,7,4
ENSG00000174996,+,3062,3062,0.44284781188765515,0.37099934683213587,2,1,0,0,1,1,1,0,0,0,0,0,0,0,0,0,KLC2,2,1
ENSG00000175048,+,47952,47952,0.5555555555555556,0.5612278945612279,87,99,7,12,9,2,2,3,3,2,3,2,7,14,3,5,ZDHHC14,27,28
ENSG00000175182,+,2738,2738,0.42622352081811543,0.4733382030679328,2,1,0,1,1,0,0,0,0,1,0,0,0,0,0,0,FAM131A,1,1
ENSG00000175470,+,48890,48890,0.5281039067293926,0.4906933933319697,68,49,3,4,9,9,3,3,4,2,1,2,10,10,0,2,PPP2R2D,27,28
ENSG00000175606,+,1557,1557,0.5793192035966602,0.636480411046885,4,6,0,0,0,0,0,0,0,0,0,0,0,0,0,0,TMEM70,0,0
ENSG00000176014,+,30926,30926,0.554614240444933,0.49941796546595096,40,30,0,0,2,2,1,2,1,1,2,0,12,10,1,1,TUBB6,19,16
ENSG00000176022,+,459,459,0.39651416122004357,0.2788671023965142,0,0,0,0,0,0,0,0,0,0,0,0,0,0,0,0,B3GALT6,0,0
ENSG00000176393,+,16979,16979,0.5022675069203133,0.5310677896224748,14,24,0,5,3,2,1,3,0,0,0,1,5,6,1,2,RNPEP,10,14
ENSG00000176845,+,4773,4773,0.3725120469306516,0.3572176827990782,0,1,0,0,1,1,0,2,0,0,0,0,0,0,0,0,METRNL,1,3
ENSG00000177076,+,38206,38206,0.5708789195414333,0.5755378736324137,85,79,6,6,0,3,3,1,1,3,0,1,8,11,1,0,ACER2,13,19
ENSG00000177426,+,8182,8182,0.6279638230261549,0.46553409924223904,31,11,2,0,0,0,0,0,0,0,1,1,1,3,0,0,TGIF1,2,4
ENSG00000177666,+,4356,4356,0.3741965105601469,0.39990817263544537,1,6,0,4,2,0,0,1,0,0,0,0,0,0,0,0,PNPLA2,2,1
ENSG00000178562,+,31725,31725,0.5993695823483057,0.5929393223010244,74,56,4,1,3,2,4,3,2,0,2,2,7,6,7,1,CD28,25,14
ENSG00000178896,+,4947,4947,0.3860925813624419,0.46068324236911257,3,0,0,0,0,0,0,0,0,2,0,0,0,0,0,0,EXOSC4,0,2
ENSG00000179134,+,24343,24343,0.5257774308836216,0.4867107587396788,30,27,2,4,2,4,2,2,2,1,1,1,9,10,1,1,SAMD4B,17,19
ENSG00000179195,+,39460,39460,0.5736695387734415,0.5226051697921946,94,70,5,1,2,7,1,0,1,1,2,3,5,9,1,0,ZNF664,12,20
ENSG00000179813,+,3120,3120,0.6275641025641026,0.6211538461538462,3,8,0,0,0,1,0,0,0,0,0,0,1,0,0,1,FAM216B,1,2
ENSG00000179820,+,4383,4383,0.4782112708190737,0.39561943874058864,1,2,0,2,2,1,0,1,0,0,0,0,1,2,0,0,MYADM,3,4
ENSG00000180098,+,9771,9771,0.525227714665848,0.5361784873605567,5,14,1,1,1,1,0,0,0,0,1,0,6,9,0,1,TRNAU1AP,8,11
ENSG00000180104,+,7735,7735,0.42391725921137685,0.5034259857789269,5,8,0,0,2,2,0,2,0,0,1,1,0,3,0,1,EXOC3,3,9
ENSG00000180198,+,27893,27893,0.49338543720646755,0.5496719607069874,22,43,3,5,4,1,0,4,1,0,0,2,19,17,0,1,RCC1,24,25
ENSG00000181026,+,6961,6961,0.49245798017526216,0.5150122108892401,5,12,1,3,1,1,2,0,0,0,0,2,2,1,0,0,AEN,5,4
ENSG00000181045,+,26064,26064,0.47874462860650707,0.42572130141190917,31,11,1,0,3,6,2,0,0,2,0,1,13,8,1,1,SLC26A11,19,18
ENSG00000181481,+,177,177,0.5480225988700564,0.519774011299435,0,0,0,0,0,0,0,0,0,0,0,0,0,0,0,0,RNF135,0,0
ENSG00000181625,+,4570,4570,0.46236323851203504,0.43676148796498904,4,4,3,2,0,0,1,0,0,0,0,0,2,2,0,0,SLX1B,3,2
ENSG00000182378,+,24230,24230,0.47135782088320266,0.41923235658274866,32,17,5,8,1,3,3,0,0,0,1,0,10,11,0,0,PLCXD1,15,14
ENSG00000182831,+,18445,18445,0.5861208999728924,0.5358633776091082,38,26,0,2,2,1,3,1,1,0,2,3,4,5,1,1,C16orf72,13,11
ENSG00000182944,+,20629,20629,0.5546560667022153,0.507247079354307,33,26,1,3,3,1,2,1,0,0,0,1,7,0,0,1,EWSR1,12,4
ENSG00000182952,+,16266,16266,0.5713758760604943,0.5697774498954875,25,32,1,1,1,1,2,2,0,0,1,0,2,3,0,5,HMGN4,6,11
ENSG00000183207,+,12461,12461,0.4891260733488484,0.4549394109622021,4,6,0,1,1,2,0,2,0,0,0,0,6,0,0,0,RUVBL2,7,4
ENSG00000183208,+,964,964,0.4315352697095436,0.6141078838174274,0,2,0,0,1,0,0,0,0,0,0,0,0,0,0,0,GDPGP1,1,0
ENSG00000183426,+,1342,1342,0.38748137108792846,0.38077496274217587,0,0,0,0,0,1,0,0,0,0,0,0,0,0,0,0,NPIPA1,0,1
ENSG00000183486,+,37648,37648,0.5062154696132597,0.5438004674883128,32,66,2,2,8,6,1,1,0,1,0,3,12,9,1,3,MX2,22,23
ENSG00000183597,+,982,982,0.40020366598778007,0.4175152749490835,0,0,0,0,1,1,0,0,0,0,0,0,0,0,0,0,TANGO2,1,1
ENSG00000183682,+,5463,5463,0.5548233571297821,0.4514003294892916,6,3,0,0,1,0,0,0,2,1,0,0,4,0,0,0,BMP8A,7,1
ENSG00000183914,+,1172,1172,0.3626279863481229,0.431740614334471,0,0,0,0,0,0,0,0,0,0,0,0,0,1,0,0,DNAH2,0,1
ENSG00000184076,+,2981,2981,0.5333780610533378,0.4740020127474002,1,0,0,0,0,2,0,0,0,0,0,0,0,2,0,0,UQCR10,0,4
ENSG00000184154,+,17666,17666,0.5464734518283709,0.571153628438809,24,22,0,0,1,0,1,4,2,1,0,0,3,15,1,0,LRTOMT,8,20
ENSG00000184164,+,3465,3465,0.4176046176046176,0.4248196248196248,0,0,0,0,0,1,1,0,0,0,0,0,1,0,0,0,CRELD2,2,1
ENSG00000184402,+,12093,12093,0.4955759530306789,0.4183411891176714,12,3,0,0,2,4,0,0,0,0,0,1,11,4,0,0,SS18L1,13,9
ENSG00000184602,+,1417,1417,0.4700070571630205,0.4382498235709245,1,1,1,0,0,0,1,0,0,0,0,0,0,0,0,0,SNN,1,0
ENSG00000184677,+,31513,31513,0.5513280233554406,0.5898835401262971,50,82,1,5,6,3,1,2,4,0,3,3,3,3,4,2,ZBTB40,21,13
ENSG00000184840,+,3457,3457,0.4845241538906566,0.5525021695111368,2,4,0,2,0,0,0,0,1,0,0,0,0,0,0,0,TMED9,1,0
ENSG00000185022,+,7778,7778,0.4591154538441759,0.44741578812033944,13,1,3,0,2,2,0,2,0,0,0,0,9,0,0,0,MAFF,11,4
ENSG00000185033,+,41885,41885,0.4759937925271577,0.517870359317178,29,47,2,12,6,4,4,5,1,1,5,0,10,20,0,0,SEMA4B,26,30
ENSG00000185215,+,12323,12323,0.389840136330439,0.4298466282561065,5,7,2,0,3,3,0,1,0,0,1,0,0,0,1,0,TNFAIP2,5,4
ENSG00000185246,+,15940,15940,0.6398368883312422,0.5856963613550815,63,34,3,1,1,1,0,1,0,0,1,0,2,2,1,1,PRPF39,5,5
ENSG00000185344,+,40198,40198,0.5572167769540773,0.5369172595651525,88,72,7,12,3,1,1,4,1,1,0,1,11,11,2,2,ATP6V0A2,18,20
ENSG00000185347,+,6056,6056,0.3905217965653897,0.36162483487450464,1,3,0,2,3,2,1,0,0,0,0,0,0,1,0,0,TEDC1,4,3
ENSG00000185515,+,39723,39723,0.628452030309896,0.5948694710872794,130,76,11,1,3,2,1,6,4,3,0,3,5,6,5,8,BRCC3,18,28
ENSG00000185627,+,4789,4789,0.5487575694299436,0.5784088536228857,10,10,0,0,1,0,0,0,0,0,0,0,0,1,4,0,PSMD13,5,1
ENSG00000185728,+,36723,36723,0.6207553849086404,0.5628080494512976,124,58,5,1,2,2,5,1,2,0,3,2,4,10,2,2,YTHDF3,18,17
ENSG00000185880,+,29634,29634,0.6110548694067625,0.5649254235000337,57,64,3,9,3,1,0,0,2,2,1,1,4,7,3,2,TRIM69,13,13
ENSG00000185947,+,41632,41632,0.6176498847040738,0.5759992313604919,99,73,4,6,2,5,1,4,1,3,6,3,1,11,7,6,ZNF267,18,32
ENSG00000186141,+,8854,8854,0.5705895640388525,0.5515021459227468,12,14,0,0,1,2,0,3,0,0,0,0,4,3,0,0,POLR3C,5,8
ENSG00000186231,+,3014,3014,0.6911081619110816,0.6111479761114798,12,13,0,0,0,0,0,1,3,0,0,0,0,0,0,1,KLHL32,3,2
ENSG00000186283,+,9905,9905,0.4670368500757193,0.518324078748107,2,13,0,0,0,0,2,1,1,0,1,0,3,1,0,1,TOR3A,7,3
ENSG00000186448,+,934,934,0.42933618843683086,0.6680942184154176,0,3,0,0,0,0,0,0,0,0,0,0,0,0,0,0,ZNF197,0,0
ENSG00000186480,+,11253,11253,0.5662490002665955,0.49871145472318495,26,16,1,2,2,2,1,0,2,1,1,0,1,1,1,0,INSIG1,8,4
ENSG00000186660,+,45702,45702,0.6263402039298062,0.6184193251936458,130,126,5,2,6,2,3,3,2,0,3,2,6,13,4,6,ZFP91,24,26
ENSG00000186710,+,4957,4957,0.43413354851724834,0.5178535404478515,2,5,0,0,1,1,1,0,0,0,0,0,0,1,0,0,CFAP73,2,2
ENSG00000186818,+,3106,3106,0.5511912427559562,0.4104958145524791,2,2,0,0,0,0,0,0,0,0,0,0,0,0,0,0,LILRB4,0,0
ENSG00000186834,+,5321,5321,0.5254651381319301,0.4339409885359895,9,3,0,0,0,1,0,0,0,0,0,0,6,1,1,0,HEXIM1,7,2
ENSG00000187017,+,20126,20126,0.3812481367385471,0.41056345026334096,7,13,0,7,4,2,3,1,0,2,0,1,3,8,0,1,ESPN,10,15
ENSG00000187147,+,14688,14688,0.46044389978213507,0.48699618736383443,15,15,2,0,1,3,1,2,0,0,0,0,2,4,0,1,RNF220,4,10
ENSG00000187193,+,1319,1319,0.4981046247156937,0.4836997725549659,1,1,0,0,1,0,0,0,0,0,0,0,0,0,0,0,MT1X,1,0
ENSG00000187446,+,47053,47053,0.5563938537394002,0.5568401589696725,96,72,21,6,5,2,1,1,2,5,3,2,27,27,3,1,CHP1,41,38
ENSG00000187627,+,23415,23415,0.6102498398462524,0.6127268844757634,45,64,1,6,1,0,0,1,2,1,0,0,5,6,1,1,RGPD1,9,9
ENSG00000187630,+,15550,15550,0.5509967845659164,0.5681028938906753,27,28,1,0,1,1,1,0,1,0,0,2,3,0,2,2,DHRS4L2,8,5
ENSG00000188322,+,676,676,0.5177514792899408,0.4896449704142012,0,0,0,0,0,0,0,0,0,0,0,0,0,0,0,0,SBK1,0,0
ENSG00000188536,+,3081,3081,0.3940279130152548,0.4180460889321649,1,2,0,0,0,0,1,0,0,0,0,0,1,0,0,0,HBA2,2,0
ENSG00000188846,+,1360,1360,0.5463235294117647,0.575,0,4,0,0,0,0,0,0,0,0,0,0,2,0,0,0,RPL14,2,0
ENSG00000188895,+,10293,10293,0.5603808413484893,0.482463810356553,14,10,0,0,0,2,0,1,0,0,0,1,8,6,0,0,MSL1,8,10
ENSG00000196177,+,2691,2691,0.6012634708286883,0.5756224451876626,6,4,0,0,0,2,0,1,0,0,0,0,0,0,1,0,ACADSB,1,3
ENSG00000196236,+,11572,11572,0.5920324922226063,0.6122537158658832,28,38,0,1,1,0,0,1,1,0,0,1,0,7,1,0,XPNPEP3,3,9
ENSG00000196419,+,27505,27505,0.5509907289583712,0.5225958916560626,39,51,5,7,4,2,1,2,0,2,0,2,12,14,2,0,XRCC6,19,22
ENSG00000196704,+,4940,4940,0.590080971659919,0.49615384615384617,13,3,0,0,1,1,0,0,0,0,1,0,0,2,1,1,AMZ2,3,4
ENSG00000196873,+,1544,1544,0.6735751295336787,0.6619170984455959,3,5,0,0,0,0,0,0,0,1,0,0,1,0,0,0,CBWD3,1,1
ENSG00000196968,+,3453,3453,0.5360556038227628,0.5708079930495221,5,8,0,1,0,1,0,0,0,0,0,0,2,1,0,0,FUT11,2,2
ENSG00000197302,+,20432,20432,0.6308241973375098,0.6237764291307752,61,54,2,9,0,0,0,1,1,1,2,0,3,3,1,1,ZNF720,7,6
ENSG00000197343,+,8643,8643,0.5959736202707393,0.5215781557329631,26,11,1,2,0,2,1,2,0,0,1,0,3,3,1,0,ZNF655,6,7
ENSG00000197405,+,2361,2361,0.4747988140618382,0.5171537484116899,1,6,0,0,0,1,1,0,0,0,0,0,0,0,0,1,C5AR1,1,2
ENSG00000197498,+,531,531,0.6685499058380414,0.672316384180791,1,2,0,0,0,0,0,0,1,0,0,0,0,0,0,0,RPF2,1,0
ENSG00000197530,+,16943,16943,0.3275689075134274,0.41616006610399575,1,4,0,0,6,0,0,0,0,0,0,0,1,2,0,1,MIB2,7,3
ENSG00000197714,+,4061,4061,0.6397439054420093,0.5380448165476484,12,5,1,1,0,0,0,0,1,0,0,0,1,1,0,0,ZNF460,2,1
ENSG00000197976,+,12272,12272,0.4315514993481095,0.48353976531942633,7,35,0,10,1,0,0,1,0,0,0,0,4,2,0,0,AKAP17A,5,3
ENSG00000198001,+,23386,23386,0.6333703925425468,0.6131446164371847,61,78,3,2,3,2,3,3,3,1,1,2,2,6,4,0,AC093012.1,16,14
ENSG00000198018,+,34752,34752,0.6008862799263351,0.5942679558011049,94,80,9,2,1,1,7,3,2,3,3,3,6,5,2,1,ENTPD7,21,16
ENSG00000198053,+,40179,40179,0.4952338286169392,0.4848801612782797,40,28,0,1,5,8,5,3,1,2,1,1,8,3,1,3,SIRPA,21,20
ENSG00000198131,+,14507,14507,0.5325704832149997,0.5433239125939202,20,23,7,2,0,1,0,1,0,0,0,0,11,1,0,2,ZNF544,11,5
ENSG00000198160,+,36697,36697,0.6419325830449355,0.6193694307436575,133,100,3,2,0,1,1,1,2,2,0,0,7,2,3,5,MIER1,13,11
ENSG00000198356,+,460,460,0.4369565217391304,0.4652173913043478,0,0,0,0,0,0,0,1,0,0,0,0,0,0,0,0,GET3,0,1
ENSG00000198393,+,45865,45865,0.5699116973727243,0.5376212798430176,83,68,13,4,5,7,2,5,2,5,1,0,9,15,3,3,ZNF26,22,35
ENSG00000198417,+,1052,1052,0.5684410646387833,0.405893536121673,0,0,0,0,0,1,0,0,0,0,0,0,0,0,0,0,MT1F,0,1
ENSG00000198440,+,942,942,0.6040339702760085,0.6847133757961783,0,3,0,0,0,0,0,0,0,1,0,0,0,0,0,0,ZNF583,0,1
ENSG00000198482,+,34869,34869,0.5537870314606097,0.5318477730935788,46,49,8,8,0,1,5,3,1,1,0,1,11,16,1,1,ZNF808,18,23
ENSG00000198492,+,8183,8183,0.5739948674080411,0.5230355615300012,18,17,0,5,0,0,0,0,0,0,0,1,4,1,2,0,YTHDF2,6,2
ENSG00000198498,+,24958,24958,0.6233672569917461,0.6149130539306034,78,73,3,0,0,1,3,3,1,2,2,2,1,3,1,1,TMA16,8,12
ENSG00000198556,+,10103,10103,0.5406314955953677,0.499554587746214,15,12,0,3,1,1,2,1,0,0,2,0,10,4,0,2,ZNF789,15,8
ENSG00000198692,+,1781,1781,0.643458731049972,0.6496350364963503,10,4,0,0,0,0,0,0,0,0,0,0,0,0,0,0,EIF1AY,0,0
ENSG00000198700,+,12767,12767,0.5699067909454061,0.6020208349651445,21,36,1,7,1,1,0,1,1,0,1,0,6,3,1,1,IPO9,10,6
ENSG00000198718,+,43589,43589,0.6299066278189451,0.6287136662919544,151,137,6,5,4,5,8,4,1,6,2,5,11,5,4,6,TOGARAM1,30,31
ENSG00000198805,+,7584,7584,0.557753164556962,0.5450949367088608,17,17,3,2,1,0,0,0,1,0,1,0,0,1,0,0,PNP,3,1
ENSG00000198829,+,2054,2054,0.688412852969815,0.6353456669912366,6,4,0,0,0,1,0,0,0,0,0,0,0,0,1,0,SUCNR1,1,1
ENSG00000203485,+,5208,5208,0.4030337941628264,0.3519585253456221,2,0,0,0,4,1,0,0,0,0,0,0,0,0,0,0,INF2,4,1
ENSG00000203734,+,4158,4158,0.6426166426166426,0.6178451178451179,11,8,0,0,1,0,1,0,0,0,1,0,0,0,1,0,ECT2L,4,0
ENSG00000203760,+,8008,8008,0.6451048951048951,0.6025224775224776,26,17,1,1,1,0,3,0,0,2,0,0,0,2,2,0,CENPW,6,4
ENSG00000204186,+,23224,23224,0.6222872890113675,0.592576644850155,54,60,1,5,0,2,0,0,2,2,0,2,2,4,0,2,ZDBF2,4,12
ENSG00000204370,+,24893,24893,0.5852247619812799,0.5785160486883862,43,35,1,0,1,2,1,1,3,0,0,4,11,5,2,5,SDHD,18,17
ENSG00000204524,+,6720,6720,0.6333333333333333,0.5561011904761904,19,11,3,0,1,0,0,1,2,1,0,0,2,0,0,1,ZNF805,5,3
ENSG00000204574,+,21191,21191,0.5207871266103534,0.518899532820537,23,25,2,3,2,0,4,2,0,0,0,0,5,6,0,1,ABCF1,11,9
ENSG00000204576,+,5421,5421,0.5351411178749308,0.5141117874930825,7,4,1,0,0,0,0,0,0,0,0,0,1,4,0,0,PRR3,1,4
ENSG00000204592,+,9980,9980,0.5044088176352706,0.5708416833667335,10,12,0,1,0,1,0,0,0,0,0,1,0,3,0,0,HLA-E,0,5
ENSG00000204599,+,15742,15742,0.5546944479735739,0.5634608054885021,18,25,1,0,1,1,0,1,0,0,0,0,2,2,0,0,TRIM39,3,4
ENSG00000204642,+,17163,17163,0.5534580201596457,0.5196643943366545,31,17,1,0,3,3,1,0,0,0,3,0,2,2,2,2,HLA-F,11,7
ENSG00000204740,+,2756,2756,0.6306240928882438,0.6723512336719883,7,11,1,0,0,0,0,0,0,0,1,0,0,0,0,0,MALRD1,1,0
ENSG00000204922,+,457,457,0.5361050328227571,0.5273522975929978,0,0,0,0,0,0,0,0,0,0,0,0,0,0,1,0,UQCC3,1,0
ENSG00000204977,+,13329,13329,0.5894665766374072,0.5608072623602671,29,34,2,1,1,0,0,2,0,0,1,2,8,6,0,1,TRIM13,10,11
ENSG00000205129,+,23901,23901,0.6395548303418267,0.6133216183423288,75,68,4,1,0,1,0,2,5,3,0,1,7,6,3,3,C4orf47,15,16
ENSG00000206418,+,21661,21661,0.5865380176353816,0.5525599002816121,49,38,1,3,2,1,0,0,1,0,1,2,6,6,1,0,RAB12,11,9
ENSG00000206503,+,8392,8392,0.47378455672068637,0.5701858913250715,14,12,1,0,2,0,0,0,0,0,0,0,0,0,0,0,HLA-A,2,0
ENSG00000213096,+,28861,28861,0.6339350680849589,0.5858424864003327,92,53,2,5,0,1,0,1,2,1,4,1,4,7,1,3,AC092279.1,11,14
ENSG00000213190,+,1254,1254,0.5526315789473685,0.5239234449760766,3,0,0,0,0,0,0,0,0,0,0,0,0,1,0,0,MLLT11,0,1
ENSG00000213799,+,19494,19494,0.5595054888683697,0.5801272186313737,38,36,7,2,3,1,1,3,0,1,0,1,5,3,0,4,ZNF845,9,13
ENSG00000214063,+,4836,4836,0.35153019023986765,0.36889991728701405,1,0,0,0,0,0,0,1,0,0,0,0,0,1,0,0,TSPAN4,0,2
ENSG00000214300,+,14076,14076,0.4982949701619778,0.5213839158851946,26,8,14,0,2,1,0,2,0,0,0,0,5,6,5,2,SPDYE3,12,11
ENSG00000214655,+,2527,2527,0.48397309062129007,0.41313810842896714,0,0,0,0,2,2,0,0,1,0,0,0,1,1,0,0,ZSWIM8,4,3
ENSG00000214756,+,4615,4615,0.5079089924160347,0.4717226435536295,7,2,0,0,0,0,0,0,2,1,1,0,3,2,0,0,CSKMT,6,3
ENSG00000215193,+,11241,11241,0.5335824214927497,0.5279779379058802,21,11,3,1,0,0,0,0,0,0,0,1,2,3,0,2,PEX26,2,6
ENSG00000215717,+,2931,2931,0.5984305697714091,0.523712043671102,7,7,0,0,0,1,0,0,0,1,0,0,1,0,0,0,TMEM167B,1,2
ENSG00000215784,+,1274,1274,0.44505494505494503,0.33516483516483514,0,0,0,0,0,0,0,0,0,0,0,0,0,0,1,0,FAM72D,1,0
ENSG00000217555,+,1277,1277,0.4463586530931872,0.5614722004698512,0,3,0,0,0,0,0,1,0,1,0,1,0,0,0,0,CKLF,0,3
ENSG00000224877,+,351,351,0.4444444444444444,0.2678062678062678,0,0,0,0,0,0,0,0,0,0,0,0,0,0,0,0,NDUFAF8,0,0
ENSG00000227500,+,6699,6699,0.3682639199880579,0.41782355575459024,2,4,0,1,2,3,0,0,0,0,0,0,3,4,0,1,SCAMP4,5,8
ENSG00000228486,+,2086,2086,0.5685522531160115,0.5675934803451582,2,5,0,0,0,1,0,0,0,0,0,0,2,0,0,1,C2orf92,2,2
ENSG00000230358,+,4690,4690,0.5430703624733475,0.4769722814498934,11,1,4,0,1,0,0,0,0,0,0,0,0,1,0,2,SPDYE21P,1,3
ENSG00000233822,+,25326,25326,0.6107557450841032,0.5579246624022743,53,60,1,6,1,1,1,2,2,3,3,1,6,3,1,1,H2BC15,14,11
ENSG00000235162,+,37848,37848,0.5879306700486155,0.5700169097442401,85,97,6,2,4,4,0,3,4,2,3,5,10,8,0,2,C12orf75,21,24
ENSG00000239713,+,9015,9015,0.4475873544093178,0.48785357737104823,8,9,0,0,1,1,0,1,0,0,0,0,5,6,0,0,APOBEC3G,6,8
ENSG00000241343,+,3791,3791,0.5979952519124242,0.5410182010023741,10,4,0,0,0,1,1,0,0,1,0,1,3,0,0,0,RPL36A,4,3
ENSG00000241553,+,2044,2044,0.5278864970645792,0.5440313111545988,0,2,0,0,0,0,0,0,0,0,0,0,1,1,0,0,ARPC4,1,1
ENSG00000243317,+,12884,12884,0.5993480285625582,0.5487426265135051,38,30,3,7,2,1,0,2,1,0,0,0,2,6,1,1,STMP1,6,10
ENSG00000243927,+,44858,44858,0.6150965268179589,0.5666324847295912,92,72,2,5,2,5,3,4,2,1,1,1,6,7,5,3,MRPS6,19,21
ENSG00000246705,+,5173,5173,0.5182679296346414,0.6207229847283975,15,16,0,0,1,0,0,1,1,1,0,1,0,0,0,2,H2AJ,2,5
ENSG00000254536,+,19924,19924,0.5479823328648866,0.4738506324031319,35,25,6,1,3,0,0,3,0,0,0,1,3,6,3,1,AL360181.3,9,11
ENSG00000256223,+,3060,3060,0.5836601307189543,0.6094771241830066,6,4,0,0,0,0,1,0,0,1,0,1,1,1,0,1,ZNF10,2,4
ENSG00000256806,+,1317,1317,0.3819286256643888,0.6385725132877752,0,6,0,0,0,0,0,0,0,0,0,0,0,0,0,1,C17orf100,0,1
ENSG00000257529,+,6969,6969,0.5804276079781892,0.5663653321853924,17,9,2,0,3,1,0,1,0,0,0,0,0,3,0,1,RPL36A-HNRNPH2,3,6
ENSG00000258289,+,9965,9965,0.5596588058203713,0.6172604114400402,19,24,1,1,1,3,1,3,0,1,0,1,2,2,4,0,CHURC1,8,10
ENSG00000258461,+,11163,11163,0.4751410911045418,0.5148257636835976,8,10,1,1,0,0,0,0,0,0,1,0,2,3,0,1,AC012651.1,3,4
ENSG00000259066,+,13043,13043,0.5608372306984589,0.543816606608909,19,32,3,7,1,1,0,2,0,0,0,0,9,5,0,1,AL110118.2,10,9
ENSG00000261408,+,5035,5035,0.4182720953326713,0.483416087388282,1,3,0,0,2,0,1,0,0,0,0,1,2,3,0,0,TEN1-CDK3,5,4
ENSG00000265354,+,8994,8994,0.5810540360240161,0.6019568601289749,21,13,1,0,1,1,2,1,0,0,0,0,3,2,0,1,TIMM23,6,5
ENSG00000266472,+,13198,13198,0.5397787543567207,0.5320503106531292,17,23,0,3,0,1,0,1,0,0,0,0,11,5,0,0,MRPS21,11,7
ENSG00000268173,+,9711,9711,0.4611265575120997,0.43435279579857894,11,2,4,0,0,2,1,1,0,2,0,0,4,7,0,0,AC007192.1,5,12
ENSG00000268750,+,2717,2717,0.5152741994847257,0.5115936694884063,1,4,0,0,1,0,0,1,0,0,0,0,1,1,0,0,AC010522.1,2,2
ENSG00000269469,+,1194,1194,0.4380234505862647,0.48408710217755446,1,0,0,0,0,0,0,0,0,0,0,0,0,0,0,0,AC010619.2,0,0
ENSG00000270757,+,39347,39347,0.5910234579510509,0.576130327598038,97,88,7,14,3,2,3,2,2,2,3,3,13,16,9,4,HSPE1-MOB4,33,29
ENSG00000270882,+,10979,10979,0.4968576373075872,0.530011840786957,11,17,0,0,1,2,0,2,2,0,1,1,3,3,1,0,H4C14,8,8
ENSG00000271723,+,521,521,0.5585412667946257,0.5834932821497121,1,0,0,0,0,0,0,0,0,0,0,0,0,0,0,0,MROH7-TTC4,0,0
ENSG00000272333,+,4060,4060,0.42192118226600983,0.4374384236453202,1,1,1,0,1,0,0,0,0,0,0,0,1,1,0,0,KMT2B,2,1
ENSG00000275023,+,9637,9637,0.431980906921241,0.4306319394002283,0,12,0,0,2,0,0,1,0,0,1,1,1,2,0,1,MLLT6,4,5
ENSG00000277791,+,1535,1535,0.48403908794788275,0.5557003257328991,0,1,0,0,0,1,0,0,0,0,0,0,0,0,0,0,PSMB3,0,1
ENSG00000278817,+,4368,4368,0.4409340659340659,0.4310897435897436,2,1,0,0,2,0,0,0,0,0,0,0,0,0,0,0,AC007325.4,2,0
ENSG00000281593,+,13050,13050,0.6195402298850575,0.6490421455938697,44,50,3,2,1,0,2,0,0,2,0,1,2,2,2,0,AC006978.2,7,5
ENSG00000283288,+,3082,3082,0.46398442569759896,0.45846852693056456,2,1,0,0,0,0,1,0,0,0,0,0,2,2,0,0,SMIM33,3,2
ENSG00000283321,+,36635,36635,0.6159683362904327,0.6285246349119694,98,106,9,6,2,1,1,3,3,0,3,0,5,4,5,4,AC019117.4,19,12
ENSG00000283515,+,6593,6593,0.553314121037464,0.5466403761565296,12,11,0,0,2,1,0,1,0,0,1,1,0,2,0,0,AC020915.5,3,5
ENSG00000283930,+,7878,7878,0.6166539730896167,0.5691799949225692,24,17,0,0,0,0,0,0,1,1,0,0,1,2,1,1,AL117339.5,3,4
ENSG00000283977,+,6992,6992,0.5846681922196796,0.48755720823798626,17,6,0,0,3,1,3,0,0,0,0,0,1,0,0,0,AC084337.2,7,1
ENSG00000284292,+,46252,46252,0.532214823142783,0.5128210671970942,76,57,16,16,2,3,3,1,3,0,3,0,31,27,2,1,AC004922.1,44,32
ENSG00000285920,+,46455,46455,0.5546873318264988,0.5661177483586266,89,96,10,12,4,2,5,1,3,3,0,1,22,12,4,1,AC087721.2,38,20
ENSG00000286098,+,10812,10812,0.5823159452460229,0.505826859045505,17,8,0,0,2,0,0,0,0,0,0,1,3,6,3,0,AC008770.4,8,7
ENSG00000286261,+,12726,12726,0.5422756561370423,0.5316674524595316,13,22,1,0,1,0,2,1,0,0,1,0,2,2,0,0,AC022137.3,6,3
ENSG00000288000,+,24292,24292,0.5723695043635765,0.5425654536472913,58,45,4,1,4,3,1,3,0,1,1,0,7,9,2,0,AL031681.3,15,16
ENSG00000004139,+,6932,6932,0.5118291979226774,0.48456433929601844,10,5,2,0,1,1,0,0,0,2,0,0,1,3,0,0,SARM1,2,6
ENSG00000004478,+,1346,1346,0.5512630014858841,0.5052005943536404,1,1,0,0,0,0,0,0,0,0,0,0,0,0,0,0,FKBP4,0,0
ENSG00000004766,+,18875,18875,0.6642649006622516,0.6625165562913907,86,71,1,7,2,0,1,0,3,0,1,0,1,1,3,0,VPS50,11,1
ENSG00000004961,+,452,452,0.6637168141592921,0.5641592920353983,1,1,0,0,0,0,0,0,0,0,0,0,0,0,0,0,HCCS,0,0
ENSG00000006634,+,26519,26519,0.6382216524001659,0.6111467249896301,97,71,1,3,1,3,1,1,1,4,0,0,8,10,1,4,DBF4,12,22
ENSG00000007350,+,23654,23654,0.5149234801724867,0.5074406020123446,28,29,0,13,1,3,2,1,0,1,0,1,6,8,2,0,TKTL1,11,14
ENSG00000007944,+,2307,2307,0.58777633289987,0.5947117468573906,4,8,0,0,0,2,0,0,0,0,0,0,0,0,0,1,MYLIP,0,3
ENSG00000008952,+,26285,26285,0.6440935894997146,0.5912878067338786,86,62,4,1,0,2,1,0,3,1,1,0,4,3,3,0,SEC62,12,6
ENSG00000010072,+,13480,13480,0.6017062314540059,0.5830860534124629,37,27,6,2,0,0,1,1,0,1,0,0,4,3,1,4,SPRTN,6,9
ENSG00000010626,+,35175,35175,0.5302629708599857,0.46154939587775407,47,19,7,1,4,4,5,4,2,1,2,2,20,4,1,1,LRRC23,34,16
ENSG00000011260,+,12547,12547,0.6111421056826333,0.6046863792141548,29,25,0,1,0,1,0,1,0,0,1,1,4,3,3,2,UTP18,8,8
ENSG00000011376,+,48912,48912,0.5622751063133792,0.5813297350343474,73,93,1,4,2,5,2,1,3,1,2,0,12,10,2,3,LARS2,23,20
ENSG00000013288,+,31535,31535,0.44807356905026163,0.4555256064690027,18,17,0,0,9,3,2,2,2,1,1,1,5,7,1,1,MAN2B2,20,15
ENSG00000023516,+,9892,9892,0.6124140719773554,0.6521431459765467,19,34,0,0,1,0,0,0,0,2,0,0,1,1,3,2,AKAP11,5,5
ENSG00000023608,+,13573,13573,0.6193914388860238,0.595078464598836,43,27,2,0,0,1,1,2,0,1,0,0,4,2,0,2,SNAPC1,5,8
ENSG00000023892,+,6695,6695,0.5250186706497386,0.5145631067961165,9,6,0,0,0,1,0,1,0,0,0,0,0,3,0,1,DEF6,0,6
ENSG00000026950,+,7695,7695,0.5634827810266406,0.5650422352176738,15,11,1,0,1,1,0,2,2,0,1,0,1,2,0,0,BTN3A1,5,5
ENSG00000033122,+,9457,9457,0.6741038384265623,0.6532727080469494,39,21,1,0,1,1,0,0,1,0,0,1,2,0,1,0,LRRC7,5,2
ENSG00000034693,+,669,669,0.6427503736920778,0.6696562032884903,1,1,0,0,0,0,0,0,0,0,1,0,0,0,0,0,PEX3,1,0
ENSG00000036054,+,23433,23433,0.6537788588742371,0.623223658942517,90,80,2,7,0,1,1,3,2,0,1,0,3,7,2,4,TBC1D23,9,15
ENSG00000036448,+,2965,2965,0.5092748735244519,0.5477234401349073,2,14,0,0,0,5,0,0,0,0,0,0,0,0,0,0,MYOM2,0,5
ENSG00000037042,+,4113,4113,0.487721857524921,0.5013372234378799,7,10,3,1,1,0,1,1,0,0,0,0,2,0,0,0,TUBG2,4,1
ENSG00000038210,+,12894,12894,0.6179618427175431,0.6286644951140065,46,48,1,0,0,0,1,1,0,4,1,0,3,5,2,1,PI4K2B,7,11
ENSG00000038274,+,16336,16336,0.6109206660137121,0.6063295788442703,53,45,1,4,2,1,0,1,0,2,0,0,2,2,2,1,MAT2B,6,7
ENSG00000042980,+,38657,38657,0.6457303981167706,0.6274413430943943,134,127,8,3,2,0,4,2,0,3,3,3,5,5,4,2,ADAM28,18,15
ENSG00000043143,+,15702,15702,0.43561329766908674,0.48879123678512293,6,11,0,1,4,2,1,1,0,0,0,0,3,1,1,1,JADE2,9,5
ENSG00000051620,+,17127,17127,0.55076779354236,0.5630291352834705,30,40,0,11,1,0,1,0,2,0,0,2,3,4,0,1,HEBP2,7,7
ENSG00000055070,+,44445,44445,0.5214084823939701,0.5585555180560243,68,74,21,5,7,4,3,4,0,2,0,3,13,33,1,1,SZRD1,24,47
ENSG00000059122,+,9264,9264,0.43620466321243523,0.4572538860103627,4,3,0,0,8,2,0,0,0,0,0,1,3,4,0,0,FLYWCH1,11,7
ENSG00000059769,+,14531,14531,0.5596311334388548,0.5696786181267635,29,34,1,0,0,1,0,0,0,0,0,0,0,3,4,0,DNAJC25,4,4
ENSG00000063176,+,7810,7810,0.4169014084507042,0.43738796414852754,2,8,0,3,3,2,2,0,0,0,0,0,2,0,0,0,SPHK2,7,2
ENSG00000064012,+,30207,30207,0.5563280034429106,0.5698679114112623,50,59,2,10,1,0,2,4,4,0,0,2,8,5,1,0,CASP8,16,11
ENSG00000064933,+,169,169,0.5798816568047337,0.378698224852071,0,0,0,0,0,0,0,0,0,0,0,0,0,0,0,0,PMS1,0,0
ENSG00000065029,+,26740,26740,0.5186611817501869,0.5266267763649962,30,49,9,1,7,5,1,3,2,3,0,0,6,7,0,1,ZNF76,16,19
ENSG00000065518,+,3243,3243,0.6216466234967623,0.5738513721862473,9,4,0,0,0,0,0,0,0,1,0,0,0,1,1,0,NDUFB4,1,2
ENSG00000066117,+,2349,2349,0.4891443167305236,0.5227756492124308,1,4,0,0,0,0,0,0,1,0,0,1,0,0,0,0,SMARCD1,1,1
ENSG00000066379,+,4863,4863,0.6195763931729386,0.5868805264240181,12,10,0,0,1,0,0,0,0,0,0,0,0,0,0,0,ZNRD1,1,0
ENSG00000066405,+,13105,13105,0.5714612743227776,0.582602060282335,23,25,0,0,0,2,3,0,2,3,0,1,2,3,0,0,CLDN18,7,9
ENSG00000067048,+,13470,13470,0.6232368225686711,0.5974016332590942,38,32,2,0,1,0,2,0,1,1,2,1,0,2,1,0,DDX3Y,7,4
ENSG00000067596,+,39568,39568,0.5590881520420542,0.536696320258795,66,73,0,14,1,2,5,4,3,0,6,1,15,12,1,1,DHX8,31,20
ENSG00000067646,+,27426,27426,0.6372420331072705,0.6099321811419821,90,79,9,11,1,2,2,3,4,1,0,1,4,4,2,2,ZFY,13,13
ENSG00000068912,+,18397,18397,0.6243409251508398,0.5968907974126216,51,38,4,2,3,1,0,2,1,1,0,1,2,6,2,2,ERLEC1,8,13
ENSG00000069849,+,41949,41949,0.5960809554458986,0.5668073136427567,98,101,8,3,0,1,4,4,1,1,4,4,15,17,2,2,ATP1B3,26,29
ENSG00000071243,+,12784,12784,0.6568366708385481,0.6232008760951189,42,49,2,0,0,2,1,0,3,0,0,0,2,2,1,0,ING3,7,4
ENSG00000071967,+,37110,37110,0.5777957423874966,0.597116680140124,83,87,10,6,5,4,1,4,3,1,2,2,13,8,5,2,CYBRD1,29,21
ENSG00000072135,+,16933,16933,0.5378846040276384,0.4765251284474104,22,14,2,4,1,2,0,3,0,1,1,1,3,2,0,0,PTPN18,5,9
ENSG00000072210,+,4091,4091,0.5795648985578098,0.5568320703984356,6,15,1,1,0,0,0,2,1,0,0,0,1,1,0,0,ALDH3A2,2,3
ENSG00000072756,+,7599,7599,0.6495591525200685,0.6282405579681537,27,27,1,1,0,0,0,0,1,2,2,1,0,4,1,1,TRNT1,4,8
ENSG00000072818,+,8065,8065,0.4375697458152511,0.47848729076255425,6,12,0,4,2,1,0,1,0,0,0,0,0,5,0,0,ACAP1,2,7
ENSG00000073350,+,5090,5090,0.36738703339882123,0.4223968565815324,0,2,0,0,3,1,0,0,0,0,0,1,2,1,0,0,LLGL2,5,3
ENSG00000073969,+,34730,34730,0.6250503887129283,0.6128995105096459,121,87,11,1,1,1,2,1,3,0,5,1,4,12,2,1,NSF,17,16
ENSG00000074621,+,31587,31587,0.5634596511222971,0.5637445784658246,62,58,3,3,5,1,2,1,4,2,2,0,4,8,2,3,SLC24A1,19,15
ENSG00000075234,+,22584,22584,0.4593074743181013,0.5011069783917818,10,24,1,0,5,2,1,1,2,0,0,0,4,5,4,1,TTC38,16,9
ENSG00000075240,+,19748,19748,0.46693336034028765,0.4115859833907231,22,11,3,1,2,3,1,1,0,0,0,1,5,2,1,0,GRAMD4,9,7
ENSG00000075336,+,8740,8740,0.5687643020594966,0.5808924485125858,14,25,1,1,0,0,0,0,0,0,0,0,1,2,2,1,TIMM21,3,3
ENSG00000075415,+,8659,8659,0.5813604342302806,0.5374754590599377,15,9,0,1,0,0,1,3,1,1,0,0,1,0,0,1,SLC25A3,3,5
ENSG00000075643,+,2083,2083,0.5876140182429188,0.514162265962554,7,5,0,1,1,0,1,0,0,0,0,0,0,0,0,0,MOCOS,2,0
ENSG00000076201,+,28600,28600,0.4856293706293706,0.5122727272727273,24,34,3,5,6,5,4,2,1,2,0,0,6,6,1,2,PTPN23,18,17
ENSG00000076513,+,27262,27262,0.5643386398650135,0.5563421612500917,43,43,1,1,2,1,2,2,0,0,1,0,7,8,0,1,ANKRD13A,12,12
ENSG00000076928,+,8657,8657,0.4040660736975858,0.4323668707404413,7,9,5,4,0,1,3,1,0,0,0,0,0,0,0,0,ARHGEF1,3,2
ENSG00000077684,+,18177,18177,0.6193541288441436,0.5351818231831436,56,44,0,3,2,2,1,1,3,2,0,0,1,3,2,2,JADE1,9,10
ENSG00000077721,+,8366,8366,0.6061439158498685,0.6006454697585465,23,16,0,0,1,0,0,0,1,0,1,0,2,2,2,2,UBE2A,7,4
ENSG00000077984,+,9423,9423,0.4346810994375464,0.5782659450281227,3,17,0,0,3,1,1,0,0,0,0,0,1,0,0,0,CST7,5,1
ENSG00000078177,+,28192,28192,0.5880036889897844,0.6148198070374574,88,83,10,16,1,1,3,1,0,0,1,1,2,2,4,1,N4BP2,11,6
ENSG00000078668,+,675,675,0.6340740740740741,0.5688888888888889,0,0,0,0,0,0,0,0,0,0,0,0,0,1,0,0,VDAC3,0,1
ENSG00000078804,+,4484,4484,0.41770740410347906,0.4464763603925067,0,1,0,0,2,0,1,1,0,0,0,0,1,0,0,0,TP53INP2,4,1
ENSG00000079616,+,3953,3953,0.49911459650898055,0.47634707816847965,3,2,0,0,0,1,0,0,0,0,0,1,1,2,0,0,KIF22,1,4
ENSG00000079785,+,21117,21117,0.600653501917886,0.5999905289577118,82,59,8,5,0,1,2,0,0,1,3,1,3,1,0,1,DDX1,8,5
ENSG00000081014,+,48877,48877,0.621969433475868,0.5762424044028889,123,104,4,4,3,6,3,3,2,2,2,0,15,20,5,5,AP4E1,30,36
ENSG00000082213,+,10467,10467,0.589089519442056,0.6183242571892615,23,42,0,4,2,1,0,1,0,2,1,2,3,3,3,0,C5orf22,9,9
ENSG00000086061,+,13466,13466,0.5906728055844349,0.5592603594237339,30,29,4,1,0,2,0,4,0,0,0,0,3,4,0,1,DNAJA1,3,11
ENSG00000086712,+,6396,6396,0.5792682926829268,0.5777048155096935,8,10,0,0,0,0,0,0,1,0,0,1,4,3,1,1,TXLNG,6,5
ENSG00000086730,+,11064,11064,0.4731561822125813,0.49186550976138826,12,10,3,0,1,1,1,0,0,1,0,0,1,6,0,0,LAT2,3,8
ENSG00000087087,+,1401,1401,0.476802284082798,0.44682369735902927,1,0,0,0,0,0,0,0,0,0,0,0,0,0,0,0,SRRT,0,0
ENSG00000087302,+,18785,18785,0.6342294383816875,0.5810487090763907,55,45,3,2,1,1,1,2,0,3,2,0,4,4,1,1,RTRAF,9,11
ENSG00000089335,+,5265,5265,0.602659069325736,0.5559354226020893,12,11,1,0,1,0,1,1,1,0,0,0,0,1,0,0,ZNF302,3,2
ENSG00000089351,+,3658,3658,0.4382176052487698,0.42618917441224713,3,2,0,0,0,0,0,1,0,0,0,0,2,0,0,0,GRAMD1A,2,1
ENSG00000090104,+,370,370,0.6432432432432432,0.6486486486486487,1,0,0,0,0,0,0,0,0,0,0,0,0,0,0,0,RGS1,0,0
ENSG00000090316,+,37009,37009,0.4454862330784404,0.5013375124969602,22,37,1,1,5,6,1,4,0,2,0,2,5,9,0,4,MAEA,11,27
ENSG00000090857,+,44263,44263,0.5320696744459255,0.5733908682195061,59,90,10,10,4,3,6,7,2,3,0,2,18,15,5,2,PDPR,35,32
ENSG00000091542,+,27449,27449,0.5104011075084702,0.478123064592517,29,36,1,2,2,5,2,2,1,1,1,1,13,10,0,1,ALKBH5,19,20
ENSG00000092847,+,35557,35557,0.5541806114126614,0.5565992631549344,55,76,2,22,7,3,1,1,1,4,2,4,11,14,0,1,AGO1,22,27
ENSG00000092850,+,1471,1471,0.3548606390210741,0.40720598232494903,0,0,0,0,0,0,0,0,0,0,1,0,0,0,0,0,TEKT2,1,0
ENSG00000093000,+,21393,21393,0.5494788014771187,0.5850044407049034,35,30,3,0,3,2,2,2,0,3,0,1,3,1,0,3,NUP50,8,12
ENSG00000095002,+,46671,46671,0.5799961432152728,0.556962567761565,95,104,3,22,1,2,5,3,1,1,2,1,12,23,1,2,MSH2,22,32
ENSG00000096070,+,19695,19695,0.5400863163239401,0.5281543538969281,23,24,1,0,3,1,1,2,0,3,0,2,6,2,1,2,BRPF3,11,12
ENSG00000096433,+,29587,29587,0.47111907256565383,0.47970392402068474,20,23,4,3,5,3,3,1,0,0,0,1,8,6,0,1,ITPR3,16,12
ENSG00000096717,+,15755,15755,0.5920660107902254,0.5445255474452555,32,42,4,6,1,1,1,0,0,1,0,0,9,3,4,3,SIRT1,15,8
ENSG00000099338,+,1311,1311,0.5621662852784134,0.4889397406559878,2,2,0,0,0,0,0,0,0,0,0,0,0,1,0,0,CATSPERG,0,1
ENSG00000099797,+,46201,46201,0.47107205471743036,0.45947057422999504,50,31,14,8,9,10,2,5,1,1,0,1,14,21,3,1,TECR,29,39
ENSG00000100003,+,27709,27709,0.4992601681764048,0.43696993756541197,30,10,9,1,5,4,2,0,3,5,0,2,10,11,2,1,SEC14L2,22,23
ENSG00000100023,+,16580,16580,0.43462002412545236,0.4767792521109771,5,18,0,2,5,1,0,3,0,2,0,0,9,11,1,2,PPIL2,15,19
ENSG00000100055,+,26240,26240,0.44679878048780486,0.48883384146341463,21,16,1,0,4,4,1,2,1,0,0,1,2,7,1,0,CYTH4,9,14
ENSG00000100083,+,14046,14046,0.44831268688594617,0.4880392994446818,8,17,0,1,5,2,1,1,3,1,1,1,5,7,1,0,GGA1,16,12
ENSG00000100147,+,6129,6129,0.508565834557024,0.491434165442976,5,6,0,0,0,0,0,0,0,0,1,0,2,2,0,1,CCDC134,3,3
ENSG00000100284,+,37817,37817,0.4569637993494989,0.5692942327524658,17,70,0,1,6,4,0,0,0,2,0,1,13,10,0,4,TOM1,19,21
ENSG00000100376,+,10214,10214,0.5181123947523008,0.49676914039553555,17,9,2,1,2,1,3,0,0,0,0,0,4,3,0,0,FAM118A,9,4
ENSG00000100387,+,15051,15051,0.5532522755963059,0.5406949704338582,25,21,5,0,2,2,3,1,0,0,0,1,5,6,0,0,RBX1,10,10
ENSG00000100416,+,17082,17082,0.4737735628146587,0.47828123170588926,11,17,0,3,2,1,0,1,0,1,0,1,3,3,1,0,TRMU,6,7
ENSG00000100519,+,10694,10694,0.6231531700018702,0.5817280718159715,31,30,0,0,0,0,1,2,1,0,2,0,5,5,1,2,PSMC6,10,9
ENSG00000100614,+,6086,6086,0.6910943148209004,0.6220834702596122,20,15,0,1,0,1,0,0,0,1,0,0,1,1,1,1,PPM1A,2,4
ENSG00000100711,+,1662,1662,0.39651022864019253,0.42117930204572807,0,1,0,0,1,2,0,0,0,0,0,0,0,0,0,0,ZFYVE21,1,2
ENSG00000100749,+,15453,15453,0.6535300588882418,0.6440173429107616,53,48,0,2,1,1,0,1,1,0,2,1,0,2,0,1,VRK1,4,6
ENSG00000100916,+,41075,41075,0.6199634814363968,0.5739744370054778,120,82,5,7,4,4,1,3,3,4,1,1,9,17,2,3,BRMS1L,20,32
ENSG00000100982,+,9677,9677,0.46491681306189936,0.48300093004030176,8,14,2,3,2,0,0,0,2,0,0,1,1,8,0,0,PCIF1,5,9
ENSG00000101000,+,18124,18124,0.5819355550651071,0.5351467667181637,32,24,1,1,0,0,5,1,2,1,0,1,7,6,1,1,PROCR,15,10
ENSG00000101152,+,17342,17342,0.5013262599469496,0.43962634067581596,12,12,2,0,1,7,1,1,0,1,0,0,6,0,0,0,DNAJC5,8,9
ENSG00000101193,+,2358,2358,0.5110262934690416,0.5169635284139101,0,4,0,0,0,0,0,0,0,0,0,0,0,1,0,0,GID8,0,1
ENSG00000101443,+,673,673,0.5468053491827637,0.5705794947994056,1,0,0,0,0,0,0,0,0,0,1,0,0,0,0,0,WFDC2,1,0
ENSG00000101447,+,22764,22764,0.544280442804428,0.5076436478650501,32,30,0,2,2,4,3,2,1,1,0,2,9,3,3,3,FAM83D,18,15
ENSG00000101544,+,10739,10739,0.5961448924480864,0.5263059875221157,17,22,2,4,0,3,0,0,1,0,0,0,2,6,1,2,ADNP2,4,11
ENSG00000101639,+,9673,9673,0.5872014886798305,0.6086012612426341,27,28,1,2,0,3,0,0,0,0,0,1,1,0,1,1,CEP192,2,5
ENSG00000102221,+,23803,23803,0.5897575935806411,0.6059320253749527,40,56,1,3,3,1,1,2,0,1,2,2,6,7,1,1,JADE3,13,14
ENSG00000102241,+,9930,9930,0.6382678751258811,0.5882175226586103,42,27,1,2,1,1,1,0,0,0,2,0,0,0,0,0,HTATSF1,4,1
ENSG00000102245,+,13963,13963,0.584902957817088,0.5654229033875242,25,20,0,1,0,0,0,0,0,0,0,0,2,5,0,2,CD40LG,2,7
ENSG00000102316,+,7237,7237,0.48113859333978165,0.5916816360370319,7,15,0,0,0,1,0,0,0,0,1,0,1,0,0,0,MAGED2,2,1
ENSG00000102543,+,16154,16154,0.6257892781973505,0.574594527671165,52,25,2,0,0,1,1,0,0,0,1,1,2,6,2,1,CDADC1,6,9
ENSG00000102678,+,28214,28214,0.5672006805132204,0.5757779825618488,49,65,0,2,2,1,3,2,3,0,3,2,2,5,1,2,FGF9,14,12
ENSG00000103152,+,1682,1682,0.40309155766944116,0.375743162901308,0,0,0,0,0,0,0,5,0,0,0,0,0,0,0,0,MPG,0,5
ENSG00000103353,+,10301,10301,0.5377147849723328,0.5348995243180273,15,9,1,1,1,2,1,0,2,0,0,0,6,3,0,0,UBFD1,10,5
ENSG00000103485,+,19744,19744,0.48105753646677474,0.49235210696920584,29,16,10,3,3,2,2,3,0,0,0,0,7,13,0,0,QPRT,12,18
ENSG00000103671,+,9272,9272,0.5760353753235548,0.5793787748058671,12,19,1,0,1,0,0,0,0,0,0,0,4,5,0,1,TRIP4,5,6
ENSG00000104413,+,38679,38679,0.6033506553944,0.5726880219240414,105,72,3,5,3,5,4,5,3,4,1,1,14,7,4,2,ESRP1,29,24
ENSG00000104738,+,14156,14156,0.5558773664877084,0.5379344447584063,23,16,0,0,0,1,1,0,0,0,0,0,6,9,1,1,MCM4,8,11
ENSG00000105058,+,147,147,0.54421768707483,0.38095238095238093,0,0,0,0,0,0,0,0,0,0,0,0,0,0,0,0,FAM32A,0,0
ENSG00000105197,+,9893,9893,0.47710502375416963,0.44880218336197314,9,3,2,0,0,0,1,0,0,0,1,0,1,1,0,0,TIMM50,3,1
ENSG00000105325,+,18046,18046,0.39332816136539955,0.4413166352654328,1,7,0,0,3,3,2,0,0,1,1,1,1,5,0,1,FZR1,7,11
ENSG00000105671,+,5537,5537,0.4217085064114141,0.47137439046415025,3,1,0,0,0,1,0,1,0,0,0,0,2,1,0,0,DDX49,2,3
ENSG00000105699,+,8701,8701,0.45672911159636825,0.47822089415009766,6,11,1,0,3,0,0,1,0,0,0,1,2,5,1,0,LSR,6,7
ENSG00000105792,+,40739,40739,0.6454748521073174,0.6326124843516041,132,134,5,1,2,2,2,5,1,2,2,0,3,7,5,2,CFAP69,15,18
ENSG00000105793,+,36554,36554,0.6220386277835531,0.603408655687476,94,83,3,6,4,1,1,1,3,1,0,1,4,4,2,6,GTPBP10,14,14
ENSG00000105948,+,16869,16869,0.621198648408323,0.6279566067935266,44,50,0,2,0,0,1,0,1,0,0,0,5,7,1,1,TTC26,8,8
ENSG00000105971,+,3585,3585,0.6245467224546722,0.4800557880055788,13,3,1,0,0,1,0,0,0,0,0,0,1,1,0,0,CAV2,1,2
ENSG00000105974,+,22326,22326,0.5898056078115202,0.5873421123353937,56,48,4,7,1,0,1,0,0,3,1,0,2,4,2,3,CAV1,7,10
ENSG00000106028,+,941,941,0.6089266737513284,0.665249734325186,3,1,0,0,0,0,0,0,0,0,0,0,1,0,0,0,SSBP1,1,0
ENSG00000106144,+,10426,10426,0.580855553424132,0.5247458277383464,19,7,0,0,2,0,0,0,0,0,0,1,2,1,0,0,CASP2,4,2
ENSG00000106263,+,16075,16075,0.4758942457231726,0.5013374805598756,11,28,1,7,3,1,1,0,1,1,1,1,3,7,1,1,EIF3B,10,11
ENSG00000106351,+,30383,30383,0.49741631833591154,0.5159793305466873,33,59,6,19,3,2,2,5,0,0,1,0,6,16,2,1,AGFG2,14,24
ENSG00000106460,+,16809,16809,0.6578023677791659,0.6346600035695164,58,52,5,2,1,0,2,2,1,0,0,0,1,1,1,0,TMEM106B,6,3
ENSG00000107185,+,9766,9766,0.5338930985050174,0.4960065533483514,18,11,1,0,1,2,0,2,0,1,0,0,2,1,0,1,RGP1,3,7
ENSG00000107485,+,4638,4638,0.5543337645536869,0.5545493747304873,8,6,0,0,1,0,2,0,2,1,0,0,1,0,1,0,GATA3,7,1
ENSG00000107819,+,421,421,0.503562945368171,0.49643705463182897,0,0,0,0,0,0,0,0,0,0,0,0,0,0,0,0,SFXN3,0,0
ENSG00000107949,+,25146,25146,0.5673268114212996,0.5582995307404757,57,44,3,1,6,4,0,2,0,1,2,0,4,4,3,1,BCCIP,15,12
ENSG00000107954,+,8571,8571,0.46809007117022516,0.48302415120756037,6,9,1,0,2,5,0,1,0,0,0,0,3,2,0,0,NEURL1,5,8
ENSG00000108179,+,2369,2369,0.5517095821021528,0.47572815533980584,2,1,0,0,0,0,0,0,0,0,0,0,0,1,0,0,PPIF,0,1
ENSG00000108523,+,2796,2796,0.488555078683834,0.4116595135908441,1,3,0,0,1,0,0,0,0,0,0,1,1,1,0,0,RNF167,2,2
ENSG00000108557,+,8040,8040,0.420273631840796,0.37276119402985075,9,1,8,0,1,7,0,2,0,0,0,0,0,0,0,0,RAI1,1,9
ENSG00000108591,+,2425,2425,0.5175257731958763,0.502680412371134,4,2,1,0,1,0,0,0,0,0,1,0,1,1,0,0,DRG2,3,1
ENSG00000108963,+,4614,4614,0.4260944950151712,0.4039878630255743,0,2,0,0,1,3,0,1,0,0,0,0,1,0,0,0,DPH1,2,4
ENSG00000109111,+,30002,30002,0.5369308712752483,0.525131657889474,37,39,1,5,3,8,2,3,0,2,0,2,10,14,3,2,SUPT6H,18,31
ENSG00000109321,+,4806,4806,0.6568872243029547,0.5776113191843529,16,3,0,0,0,0,0,0,1,0,1,0,1,0,0,0,AREG,3,0
ENSG00000109536,+,19753,19753,0.6475978332405204,0.5947451020098213,74,39,3,2,1,2,2,0,5,1,3,0,2,2,4,1,FRG1,17,6
ENSG00000109680,+,1452,1452,0.5867768595041323,0.5048209366391184,0,0,0,0,0,0,0,0,0,0,0,0,0,1,0,0,TBC1D19,0,1
ENSG00000109743,+,4977,4977,0.548724131002612,0.596745027124774,13,12,0,0,1,1,0,0,0,0,0,1,1,2,0,0,BST1,2,4
ENSG00000110074,+,7432,7432,0.49488697524219594,0.5119752421959096,7,7,2,1,1,1,2,0,0,1,0,1,0,2,0,1,FOXRED1,3,6
ENSG00000110080,+,26531,26531,0.49658889600844297,0.4813991180128906,33,25,2,0,3,3,1,2,1,1,1,2,5,6,0,0,ST3GAL4,11,14
ENSG00000110218,+,49707,49707,0.5742853119278974,0.5803206791799947,118,117,3,6,4,7,2,3,5,2,1,2,8,5,5,5,PANX1,25,24
ENSG00000110628,+,3837,3837,0.3554860568152202,0.3692989314568673,1,1,0,0,0,2,0,1,0,0,0,0,1,1,0,0,SLC22A18,1,4
ENSG00000111145,+,1395,1395,0.6802867383512545,0.5455197132616487,4,3,0,0,0,0,0,0,1,0,0,0,0,2,1,0,ELK3,2,2
ENSG00000111186,+,1595,1595,0.6181818181818182,0.5843260188087774,6,4,0,0,0,0,0,0,0,0,0,1,1,0,0,1,WNT5B,1,2
ENSG00000111203,+,23741,23741,0.49879954509077123,0.5044016680005055,17,25,0,0,0,3,2,2,1,0,0,1,9,10,1,2,ITFG2,13,18
ENSG00000111276,+,7116,7116,0.5476391231028668,0.5147554806070826,19,4,0,0,1,2,0,1,0,0,2,0,0,1,1,0,CDKN1B,4,4
ENSG00000111676,+,14740,14740,0.44382632293080054,0.4525780189959294,4,8,0,3,5,1,3,2,0,0,0,0,0,4,0,0,ATN1,8,7
ENSG00000111707,+,25862,25862,0.5629495011986698,0.5397107725620601,60,43,15,4,1,1,2,1,2,0,0,1,4,7,2,1,SUDS3,11,11
ENSG00000111725,+,12009,12009,0.5326005495878091,0.5656590890165709,15,19,0,1,0,1,1,0,1,0,1,0,1,1,1,0,PRKAB1,5,2
ENSG00000112062,+,29847,29847,0.5927228867222837,0.6138975441417898,65,88,8,4,0,1,0,3,1,3,0,3,7,8,2,0,MAPK14,10,18
ENSG00000112081,+,8650,8650,0.5552601156069364,0.6067052023121388,14,22,1,0,2,0,0,0,1,1,0,1,3,1,0,0,SRSF3,6,3
ENSG00000112208,+,2493,2493,0.5916566385880465,0.6530284797432812,4,5,0,0,0,0,0,0,0,0,0,0,0,0,0,0,BAG2,0,0
ENSG00000112658,+,4704,4704,0.4861819727891156,0.4887329931972789,9,6,0,0,1,0,2,2,0,0,0,0,0,0,0,1,SRF,3,3
ENSG00000112941,+,5280,5280,0.5486742424242425,0.41761363636363635,6,7,0,0,1,0,0,0,0,0,0,0,1,0,1,0,TENT4A,3,0
ENSG00000113119,+,3802,3802,0.4860599684376644,0.5039452919516044,2,1,0,0,0,0,1,0,0,1,0,0,0,0,0,0,TMCO6,1,1
ENSG00000113716,+,49681,49681,0.5668162879169099,0.571788007487772,93,106,2,12,4,2,2,3,4,5,4,0,10,12,5,4,HMGXB3,29,26
ENSG00000114023,+,15109,15109,0.6167185121450791,0.5924945396783374,46,35,2,1,2,2,1,1,1,0,1,0,4,3,0,1,FAM162A,9,7
ENSG00000114125,+,5283,5283,0.6369487033882264,0.5385197804277873,18,11,0,0,2,0,0,2,2,0,0,0,0,0,0,0,RNF7,4,2
ENSG00000114573,+,10246,10246,0.6065781768495022,0.6360530938902986,27,44,1,2,2,0,0,1,1,0,0,1,3,2,0,0,ATP6V1A,6,4
ENSG00000114638,+,972,972,0.5781893004115226,0.5864197530864198,3,1,0,1,0,0,0,0,0,0,0,0,0,1,0,0,UPK1B,0,1
ENSG00000114738,+,40599,40599,0.4668095273282593,0.4597896499913791,19,26,0,0,11,10,4,8,2,2,3,1,7,9,0,0,MAPKAPK3,27,30
ENSG00000114867,+,18458,18458,0.4747534944197638,0.5021670820240546,12,25,3,7,4,1,0,3,0,1,0,1,4,5,1,0,EIF4G1,9,11
ENSG00000115282,+,6088,6088,0.5154402102496715,0.4766754270696452,13,3,3,0,0,1,1,0,0,0,0,0,3,2,0,1,TTC31,4,4
ENSG00000115368,+,17626,17626,0.6378645183252014,0.6160217859979575,53,37,1,0,0,0,1,2,2,4,1,1,0,2,1,1,WDR75,5,10
ENSG00000115523,+,2777,2777,0.45372704357220023,0.5253871083903493,1,3,0,0,0,2,0,0,0,0,0,0,1,1,0,0,GNLY,1,3
ENSG00000115738,+,5085,5085,0.5166175024582105,0.46764995083579153,8,7,0,0,0,1,0,0,0,1,0,0,1,0,0,0,ID2,1,2
ENSG00000116017,+,28357,28357,0.41813308883168177,0.3920372394823148,15,20,4,7,11,4,0,2,0,0,0,0,12,9,0,0,ARID3A,23,15
ENSG00000116754,+,46366,46366,0.6288659793814433,0.6396713108743476,145,133,2,4,3,2,2,3,2,5,4,0,6,12,4,1,SRSF11,21,23
ENSG00000117143,+,16306,16306,0.6117993376671164,0.5827302833312891,56,45,7,4,0,1,2,0,2,1,0,1,1,2,5,1,UAP1,10,6
ENSG00000117360,+,13873,13873,0.5462408995891299,0.5439342607943487,23,33,0,10,0,2,0,1,0,0,0,0,5,5,2,0,PRPF3,7,8
ENSG00000117602,+,29758,29758,0.5800793064050004,0.534545332347604,71,51,7,3,1,2,7,2,5,1,0,1,15,15,1,3,RCAN3,29,24
ENSG00000117676,+,37459,37459,0.47131530473317496,0.5009210069676179,25,43,1,5,4,4,8,7,2,2,0,1,12,24,1,0,RPS6KA1,27,38
ENSG00000118308,+,30932,30932,0.6219125824388982,0.6092072934178198,78,77,3,3,2,4,2,3,4,4,2,1,6,4,5,2,LRMP,21,18
ENSG00000118600,+,22774,22774,0.6162729428295425,0.6182049705804865,62,48,0,2,1,2,3,3,1,2,0,5,5,6,0,1,RXYLT1,10,19
ENSG00000118620,+,41685,41685,0.6168166006956939,0.5791291831594099,134,67,17,1,1,2,0,1,4,2,3,2,11,16,2,3,ZNF430,21,26
ENSG00000119411,+,7018,7018,0.5406098603590767,0.5481618694784839,10,10,0,2,2,2,1,1,0,0,0,1,2,3,1,0,BSPRY,6,7
ENSG00000119508,+,43591,43591,0.5872542497304489,0.5938152370902251,112,114,1,5,6,2,3,5,4,1,0,2,9,5,2,5,NR4A3,24,20
ENSG00000119596,+,30090,30090,0.6058158856763044,0.5760717846460618,98,66,7,2,4,2,3,2,0,1,1,0,11,10,1,2,YLPM1,20,17
ENSG00000119636,+,16885,16885,0.571809298193663,0.5656499851939591,31,41,6,10,3,2,0,3,0,3,0,0,10,9,2,1,BBOF1,15,18
ENSG00000119661,+,14006,14006,0.5304869341710695,0.5833214336712838,18,26,0,1,2,1,0,2,0,1,0,0,2,6,0,2,DNAL1,4,12
ENSG00000119707,+,26882,26882,0.5942266200431515,0.5765940034223644,70,70,6,6,3,2,5,0,0,3,0,1,3,8,1,3,RBM25,12,17
ENSG00000119723,+,1111,1111,0.5256525652565257,0.5706570657065707,0,0,0,0,0,0,0,0,0,0,0,0,0,0,0,0,COQ6,0,0
ENSG00000119888,+,6332,6332,0.5822804801010739,0.6084965255843335,14,17,4,0,0,1,0,0,0,0,0,0,4,2,1,0,EPCAM,5,3
ENSG00000119922,+,3059,3059,0.5809087937234391,0.5786204642039883,2,5,0,0,1,1,0,1,0,0,1,0,0,0,0,1,IFIT2,2,3
ENSG00000119950,+,36032,36032,0.6339920071047958,0.5860346358792184,103,69,0,2,1,4,5,3,7,3,6,2,6,6,2,6,MXI1,27,24
ENSG00000119979,+,30434,30434,0.5505355852007623,0.5248406387592823,48,37,1,2,4,4,3,2,0,1,1,0,14,22,2,1,DENND10,24,30
ENSG00000120314,+,560,560,0.5178571428571429,0.45357142857142857,1,0,0,0,0,0,0,1,0,0,0,0,0,0,0,0,WDR55,0,1
ENSG00000120675,+,281,281,0.6156583629893239,0.693950177935943,0,1,0,0,0,0,0,0,0,0,0,0,0,0,0,0,DNAJC15,0,0
ENSG00000120688,+,3069,3069,0.6490713587487781,0.6177908113391984,13,11,1,0,0,0,0,0,0,0,0,0,0,1,0,0,WBP4,0,1
ENSG00000120709,+,5576,5576,0.48977761836441897,0.5007173601147776,5,3,0,0,1,0,1,0,0,1,0,1,2,1,0,0,FAM53C,4,3
ENSG00000120949,+,5393,5393,0.4379751529760801,0.5041720749119228,6,5,0,1,1,0,0,0,0,0,0,0,0,3,0,0,TNFRSF8,1,3
ENSG00000121644,+,43340,43340,0.6045685279187817,0.575703737886479,92,85,7,11,3,4,2,1,0,5,2,2,9,9,2,3,DESI2,18,24
ENSG00000122034,+,365,365,0.6136986301369863,0.6054794520547945,0,2,0,0,0,0,0,0,0,0,0,0,0,0,0,0,GTF3A,0,0
ENSG00000122188,+,7005,7005,0.5448965024982155,0.5287651677373305,6,9,0,1,0,0,0,0,1,0,0,0,1,4,0,0,LAX1,2,4
ENSG00000122224,+,14017,14017,0.5748733680530784,0.5605336377256189,27,30,3,0,0,1,1,3,0,1,1,0,3,2,0,0,LY9,5,7
ENSG00000122257,+,29277,29277,0.6396488711275062,0.5426443966253373,87,46,0,10,0,2,2,0,2,0,3,2,2,12,7,2,RBBP6,16,18
ENSG00000122642,+,47103,47103,0.5526187291679936,0.5525338088869074,98,79,7,4,4,7,2,7,2,1,0,4,12,16,3,0,FKBP9,23,35
ENSG00000122694,+,14144,14144,0.510039592760181,0.46804298642533937,13,15,0,0,1,4,1,0,0,0,0,0,7,0,0,0,GLIPR2,9,4
ENSG00000122705,+,4677,4677,0.5591190934359632,0.5341030575155014,7,7,0,0,0,2,0,1,0,1,0,1,2,0,0,0,CLTA,2,5
ENSG00000123836,+,34883,34883,0.568643751970874,0.5536507754493593,61,60,2,2,2,3,2,5,4,1,1,2,7,7,4,1,PFKFB2,20,19
ENSG00000123838,+,17346,17346,0.596564049348553,0.6256773895999077,41,61,1,1,0,1,0,0,1,0,0,3,4,4,2,0,C4BPA,7,8
ENSG00000124171,+,2433,2433,0.5815865187011919,0.6177558569667078,3,10,0,0,0,0,1,0,1,0,0,0,0,1,0,0,PARD6B,2,1
ENSG00000124222,+,23770,23770,0.6000841396718553,0.4798485485906605,75,28,8,0,3,1,1,2,1,0,2,0,4,2,1,0,STX16,12,5
ENSG00000124228,+,10389,10389,0.5091924150543844,0.5311387043988834,8,8,0,3,1,0,0,0,1,0,0,1,1,3,0,0,DDX27,3,4
ENSG00000124333,+,43586,43586,0.6161611526636993,0.609691185242968,124,138,5,14,1,2,2,3,5,3,1,3,2,5,2,3,VAMP7,13,19
ENSG00000125375,+,1200,1200,0.6166666666666667,0.5358333333333334,1,1,0,0,1,0,0,1,0,0,0,0,0,0,0,0,DMAC2L,1,1
ENSG00000125430,+,37287,37287,0.549065357899536,0.5449352321184326,67,67,3,0,1,2,2,5,1,3,1,0,4,9,0,0,HS3ST3B1,9,19
ENSG00000125445,+,3910,3910,0.4759590792838875,0.48056265984654734,4,4,0,0,2,0,1,1,0,0,1,1,0,0,0,0,MRPS7,4,2
ENSG00000125484,+,314,314,0.5700636942675159,0.6560509554140127,0,0,0,0,0,0,0,0,0,0,0,0,0,0,0,0,GTF3C4,0,0
ENSG00000125656,+,998,998,0.4849699398797595,0.4248496993987976,1,1,0,0,0,0,0,0,0,0,0,0,0,0,0,0,CLPP,0,0
ENSG00000125812,+,6108,6108,0.5705631958087753,0.49885396201702686,8,13,0,0,0,0,0,0,0,1,0,0,1,0,0,2,GZF1,1,3
ENSG00000125818,+,26070,26070,0.5743766781741465,0.5577675489067894,47,31,2,0,2,3,0,3,1,1,3,3,1,3,1,3,PSMF1,8,16
ENSG00000125826,+,2741,2741,0.5994162714337833,0.3863553447646844,7,0,3,0,0,1,0,0,0,0,0,0,0,0,0,0,RBCK1,0,1
ENSG00000126001,+,19639,19639,0.49391516879678193,0.5414735984520597,17,21,1,1,1,1,1,3,0,1,2,0,4,8,0,0,CEP250,8,13
ENSG00000126391,+,6701,6701,0.42739889568721084,0.47455603641247573,3,15,0,8,1,0,0,0,0,0,0,0,4,4,0,0,FRMD8,5,4
ENSG00000127511,+,16732,16732,0.4341979440592876,0.4925292852020081,14,18,4,1,2,1,0,0,0,0,0,1,3,3,0,0,SIN3B,5,5
ENSG00000127528,+,4304,4304,0.4900092936802974,0.3603624535315985,2,5,0,0,1,0,1,0,0,0,0,0,3,1,0,0,KLF2,5,1
ENSG00000127993,+,2599,2599,0.6133128126202385,0.5494420931127356,6,8,0,0,0,1,0,0,0,0,0,0,0,0,0,0,RBM48,0,1
ENSG00000128050,+,900,900,0.5711111111111111,0.6522222222222223,1,2,0,1,0,0,0,0,0,0,0,0,0,0,0,0,PAICS,0,0
ENSG00000128534,+,3414,3414,0.6695957820738138,0.6572934973637962,19,12,0,0,0,1,0,0,0,1,0,0,1,0,0,0,LSM8,1,2
ENSG00000128928,+,784,784,0.5625,0.4107142857142857,0,0,0,0,0,0,0,0,0,0,0,0,0,1,0,0,IVD,0,1
ENSG00000129250,+,1578,1578,0.49493029150823825,0.4157160963244613,0,1,0,0,1,0,0,0,0,1,0,0,0,0,0,0,KIF1C,1,1
ENSG00000129351,+,9946,9946,0.4407802131510155,0.5019103157048059,4,10,0,1,4,1,0,1,0,0,0,0,1,1,1,0,ILF3,6,3
ENSG00000129691,+,27624,27624,0.5818491167101072,0.5322545612510861,62,32,8,0,3,2,1,0,3,1,2,1,13,9,1,1,ASH2L,23,14
ENSG00000129824,+,16969,16969,0.5839471978313395,0.5854204726265543,24,33,1,1,0,3,1,1,1,1,1,0,1,4,0,0,RPS4Y1,4,9
ENSG00000130202,+,18568,18568,0.49396811719086603,0.44765187419215857,20,17,0,3,4,3,2,0,0,0,0,0,13,8,0,0,NECTIN2,19,11
ENSG00000130255,+,4657,4657,0.41206785484217306,0.4333261756495598,13,7,9,0,0,0,1,0,1,0,0,0,1,1,1,0,RPL36,4,1
ENSG00000130299,+,248,248,0.5201612903225806,0.4274193548387097,1,0,1,0,0,0,0,0,0,0,0,0,0,0,0,0,GTPBP3,0,0
ENSG00000130511,+,12902,12902,0.36312199658967603,0.4160595256549372,0,5,0,0,3,2,1,2,0,0,0,0,2,4,0,0,SSBP4,6,8
ENSG00000130592,+,31047,31047,0.379746835443038,0.3731117338229136,8,7,1,2,6,9,2,2,0,0,0,2,6,1,0,2,LSP1,14,16
ENSG00000130985,+,7102,7102,0.5025344973246972,0.47521824838073784,6,6,0,0,2,0,2,1,0,1,0,0,1,1,0,1,UBA1,5,4
ENSG00000131127,+,28731,28731,0.6000835334655946,0.5571682155163412,82,50,9,1,0,0,1,2,0,0,2,1,5,7,1,3,ZNF141,9,13
ENSG00000131174,+,6765,6765,0.5924611973392461,0.5807834441980784,9,14,0,0,0,0,0,0,0,0,1,0,1,2,1,1,COX7B,3,3
ENSG00000131203,+,9237,9237,0.5961892389303887,0.625636029013749,21,22,0,3,0,2,2,1,2,1,0,1,4,4,0,1,IDO1,8,10
ENSG00000131653,+,699,699,0.40915593705293274,0.3490701001430615,0,0,0,0,0,0,0,0,0,0,0,0,0,0,0,0,TRAF7,0,0
ENSG00000131724,+,5110,5110,0.6183953033268101,0.5986301369863014,18,6,1,0,0,0,0,0,0,0,1,0,0,0,0,0,IL13RA1,1,0
ENSG00000132153,+,35551,35551,0.49551348766560716,0.5168630980844421,33,38,8,1,3,2,4,4,0,1,0,2,15,27,2,0,DHX30,24,36
ENSG00000132300,+,40742,40742,0.5862991507535221,0.5568455156840607,86,79,1,2,4,3,1,4,1,1,2,1,11,10,2,5,PTCD3,21,24
ENSG00000132530,+,12582,12582,0.5894929264027976,0.5389445239230647,29,11,0,0,2,1,3,1,2,0,0,0,2,2,0,1,XAF1,9,5
ENSG00000132591,+,4630,4630,0.4980561555075594,0.4980561555075594,2,3,0,0,0,0,0,1,1,0,0,0,1,5,0,0,ERAL1,2,6
ENSG00000132600,+,39910,39910,0.514407416687547,0.5294161864194438,62,53,5,7,7,6,2,5,1,2,0,1,9,9,1,0,PRMT7,20,23
ENSG00000132661,+,2158,2158,0.5639481000926784,0.41102873030583875,2,1,1,0,0,1,0,1,1,0,0,0,1,0,0,0,NXT1,2,2
ENSG00000132718,+,1515,1515,0.5366336633663367,0.5425742574257426,2,2,0,0,0,0,1,0,0,0,0,0,0,1,0,0,SYT11,1,1
ENSG00000132740,+,743,743,0.4993270524899058,0.5531628532974427,0,3,0,2,0,0,0,1,0,0,0,0,0,0,0,0,IGHMBP2,0,1
ENSG00000132763,+,1513,1513,0.5499008592200926,0.5287508261731659,1,1,0,0,0,0,0,0,0,0,0,0,1,0,0,0,MMACHC,1,0
ENSG00000133067,+,27830,27830,0.5312612288896874,0.4890406036651096,43,25,1,5,2,5,5,0,0,0,1,2,3,4,3,1,LGR6,14,12
ENSG00000133111,+,8249,8249,0.6355921929930901,0.5683113104618742,21,19,0,0,0,0,0,0,0,1,1,0,3,2,1,0,RFXAP,5,3
ENSG00000134056,+,436,436,0.481651376146789,0.5481651376146789,0,0,0,0,0,0,0,0,0,0,0,0,0,0,0,0,MRPS36,0,0
ENSG00000134444,+,13633,13633,0.6569353773930903,0.6468862319372112,38,55,3,2,1,1,1,0,2,2,0,2,0,3,2,2,RELCH,6,10
ENSG00000134453,+,7288,7288,0.610318331503842,0.5853457738748628,19,19,0,0,1,0,1,0,0,1,1,1,2,1,0,2,RBM17,5,5
ENSG00000134597,+,7153,7153,0.5894030476723053,0.5350202712148748,13,10,1,1,0,0,0,2,0,0,0,0,0,1,2,1,RBMX2,2,4
ENSG00000134955,+,833,833,0.31812725090036015,0.4849939975990396,0,1,0,0,0,0,0,0,0,0,0,0,0,0,0,0,SLC37A2,0,0
ENSG00000135047,+,1752,1752,0.6398401826484018,0.5622146118721462,6,1,0,0,0,0,0,0,0,0,0,0,0,0,0,0,CTSL,0,0
ENSG00000135480,+,7794,7794,0.4667693097254298,0.4384141647421093,10,4,1,0,1,2,1,0,0,0,0,0,0,1,0,0,KRT7,2,3
ENSG00000135521,+,2893,2893,0.6135499481507086,0.6083650190114068,7,5,1,0,0,0,0,0,0,0,0,0,1,0,0,0,LTV1,1,0
ENSG00000135643,+,13639,13639,0.6205000366595792,0.6199868025515067,50,39,4,1,1,0,0,0,1,0,0,0,4,1,1,1,KCNMB4,7,2
ENSG00000135763,+,28282,28282,0.5581288452018952,0.5821724064776183,49,62,1,5,2,3,1,2,1,2,1,3,4,8,0,2,URB2,9,20
ENSG00000136153,+,34434,34434,0.6278097229482488,0.6116628913283383,104,103,4,1,3,2,1,1,3,0,0,2,4,5,0,7,LMO7,11,17
ENSG00000136802,+,33618,33618,0.46564340531857934,0.5221607472187518,30,31,3,0,6,2,2,2,1,1,0,2,13,16,0,1,LRRC8A,22,24
ENSG00000136816,+,1930,1930,0.5404145077720207,0.41088082901554407,2,1,0,0,0,0,0,0,0,0,1,0,1,0,0,0,TOR1B,2,0
ENSG00000136842,+,5789,5789,0.5437899464501641,0.5482812230091553,8,9,0,0,1,0,2,0,0,0,0,0,0,3,0,0,TMOD1,3,3
ENSG00000136867,+,10600,10600,0.5248113207547169,0.5425471698113208,8,16,0,0,1,1,1,0,0,0,0,0,2,2,2,1,SLC31A2,6,4
ENSG00000136878,+,38638,38638,0.4910968476629225,0.49893886847145297,40,34,1,1,8,5,3,1,1,3,1,6,15,15,0,2,USP20,28,32
ENSG00000136933,+,19689,19689,0.5405048504240947,0.5192747219259485,37,28,11,2,0,1,3,1,1,1,0,0,14,15,0,0,RABEPK,18,18
ENSG00000137413,+,25202,25202,0.5431711768907229,0.5155543210856282,33,34,3,5,1,0,4,3,2,1,1,0,5,11,0,2,TAF8,13,17
ENSG00000137714,+,14994,14994,0.6256502601040416,0.5965052687741763,42,38,0,4,1,2,2,5,1,3,0,1,2,1,1,1,FDX1,7,13
ENSG00000137822,+,31750,31750,0.5816062992125984,0.5742047244094488,57,62,2,0,2,1,1,0,0,2,2,0,9,10,3,3,TUBGCP4,17,16
ENSG00000137996,+,8351,8351,0.6190875344270147,0.6081906358519937,26,26,0,6,0,0,0,1,0,0,1,0,1,3,1,1,RTCA,3,5
ENSG00000138071,+,3549,3549,0.6525781910397295,0.6379261763877149,14,11,0,1,0,0,0,0,0,0,2,1,2,1,0,0,ACTR2,4,2
ENSG00000138182,+,14280,14280,0.6453781512605042,0.6620448179271708,75,57,8,4,0,0,1,2,0,0,3,0,2,2,0,1,KIF20B,6,5
ENSG00000138381,+,2850,2850,0.6568421052631579,0.5789473684210527,9,6,2,1,0,0,0,1,0,0,0,0,0,0,0,0,ASNSD1,0,1
ENSG00000138386,+,2711,2711,0.649575802286979,0.6731833271855404,9,11,0,0,0,0,1,0,1,0,0,0,0,0,3,0,NAB1,5,0
ENSG00000138448,+,34048,34048,0.6510220864661654,0.6068491541353384,119,103,3,7,2,2,1,3,2,1,1,5,6,5,4,6,ITGAV,16,22
ENSG00000139726,+,19098,19098,0.5802178238559011,0.5320452403393026,37,20,4,2,0,0,0,1,1,0,1,0,10,12,0,0,DENR,12,13
ENSG00000139826,+,25437,25437,0.6476785784487165,0.5958642921728191,91,57,3,5,2,2,2,0,0,1,1,0,2,4,1,1,ABHD13,8,8
ENSG00000140650,+,20687,20687,0.5499589113936288,0.5434330739111519,34,33,0,7,2,4,1,2,2,0,2,1,2,2,1,0,PMM2,10,9
ENSG00000140829,+,14103,14103,0.4683400694887613,0.5568318797418988,6,16,0,0,0,0,0,0,0,1,0,1,2,4,0,0,DHX38,2,6
ENSG00000141179,+,1145,1145,0.5449781659388646,0.5397379912663756,1,2,0,0,0,0,1,1,0,0,0,0,0,0,0,0,PCTP,1,1
ENSG00000141452,+,7489,7489,0.5381225797836827,0.5490719722259314,6,13,0,1,0,0,0,0,0,2,0,0,0,2,1,0,RMC1,1,4
ENSG00000141642,+,1338,1338,0.6136023916292974,0.414050822122571,4,0,1,0,0,2,0,0,0,0,0,0,0,0,0,0,ELAC1,0,2
ENSG00000141736,+,25536,25536,0.4656171679197995,0.4980419799498747,25,17,8,0,7,3,0,2,0,3,1,0,9,12,0,2,ERBB2,17,22
ENSG00000141738,+,4954,4954,0.4222850222042794,0.40088817117480824,1,1,0,0,0,1,0,0,0,0,0,0,1,0,1,0,GRB7,2,1
ENSG00000142459,+,20369,20369,0.3823457214394423,0.4824979134959988,6,14,0,0,3,1,0,0,2,0,0,0,4,14,0,1,EVI5L,9,16
ENSG00000142675,+,7964,7964,0.4375941737820191,0.4981165243596183,2,11,0,3,1,1,0,2,0,0,1,1,1,4,0,0,CNKSR1,3,8
ENSG00000142794,+,24717,24717,0.5862361937128292,0.49913015333576083,57,32,5,5,1,0,0,1,2,2,1,2,3,2,7,2,NBPF3,14,9
ENSG00000143013,+,10894,10894,0.5910592986965302,0.5581053791077657,29,33,0,1,1,2,1,1,1,0,0,0,2,3,1,2,LMO4,6,8
ENSG00000143337,+,26394,26394,0.6288929302114117,0.5991134348715618,64,70,2,5,2,2,1,1,1,1,2,1,6,10,2,5,TOR1AIP1,14,20
ENSG00000143375,+,17599,17599,0.5100289789192568,0.5127564066140121,19,22,1,0,0,1,4,3,1,0,0,0,3,4,1,0,CGN,9,8
ENSG00000143458,+,46625,46625,0.5583056300268097,0.5238176943699732,82,63,5,7,2,2,7,4,5,0,0,2,26,20,4,1,GABPB2,44,29
ENSG00000143515,+,1194,1194,0.47822445561139026,0.4539363484087102,1,1,0,0,0,0,0,0,0,0,0,0,0,0,0,0,ATP8B2,0,0
ENSG00000143674,+,5858,5858,0.6083987709115739,0.6102765448958689,16,17,0,2,1,0,1,0,0,1,0,0,4,1,2,1,MAP3K21,8,3
ENSG00000143742,+,9508,9508,0.591817416912074,0.5329196466133782,27,9,2,0,0,1,0,2,0,0,0,0,0,0,0,0,SRP9,0,3
ENSG00000143761,+,6632,6632,0.5036188178528347,0.4235524728588661,10,4,0,0,1,3,0,0,0,0,1,0,0,0,0,0,ARF1,2,3
ENSG00000143942,+,3837,3837,0.6101120667187907,0.5806619755016941,8,6,2,0,1,0,0,0,0,0,0,0,3,0,0,1,CHAC2,4,1
ENSG00000143947,+,309,309,0.5857605177993528,0.5275080906148867,0,3,0,1,0,0,0,0,0,0,0,0,0,0,0,0,RPS27A,0,0
ENSG00000144524,+,23773,23773,0.549320657889202,0.5813317629243259,39,51,3,1,2,1,1,1,4,2,1,0,4,6,2,1,COPS7B,14,11
ENSG00000144567,+,1118,1118,0.5742397137745975,0.4275491949910555,1,0,0,0,0,0,0,0,0,0,0,0,0,0,0,0,RETREG2,0,0
ENSG00000144810,+,20544,20544,0.6327881619937694,0.6065517912772586,60,61,0,3,1,1,0,0,0,2,0,0,2,3,4,2,COL8A1,7,8
ENSG00000144815,+,228,228,0.5657894736842105,0.6798245614035088,0,2,0,0,0,0,0,0,0,0,0,0,0,0,0,0,NXPE3,0,0
ENSG00000145246,+,39455,39455,0.6338867063743505,0.6242301355975162,127,111,5,5,0,3,3,0,4,5,3,3,7,6,5,4,ATP10D,22,21
ENSG00000145293,+,4061,4061,0.5759665107116474,0.5599606008372322,2,4,0,0,1,0,0,1,0,0,0,0,1,1,1,0,ENOPH1,3,2
ENSG00000145476,+,5143,5143,0.6023721563289909,0.5370406377600622,28,6,0,0,0,0,0,0,0,0,0,0,1,0,0,0,CYP4V2,1,0
ENSG00000145623,+,3858,3858,0.6552617936754795,0.5860549507516848,9,15,0,1,0,0,0,1,2,0,1,0,0,0,2,0,OSMR,5,1
ENSG00000145916,+,1644,1644,0.4768856447688564,0.48236009732360097,6,1,0,0,0,0,0,0,1,1,0,0,0,0,1,0,RMND5B,2,1
ENSG00000146223,+,598,598,0.5518394648829431,0.5518394648829431,2,0,0,0,0,0,0,0,0,0,0,0,0,0,0,0,RPL7L1,0,0
ENSG00000146373,+,39830,39830,0.6397941250313833,0.6045443133316596,120,117,5,5,1,4,2,0,1,1,2,3,7,2,7,1,RNF217,20,11
ENSG00000146701,+,17965,17965,0.4936264959643752,0.5042582799888673,28,17,1,2,2,2,3,1,0,0,1,0,4,5,0,0,MDH2,10,8
ENSG00000147471,+,12151,12151,0.5748498066002798,0.5559213233478726,17,17,0,0,2,0,1,1,0,0,0,1,3,5,0,0,PLPBP,6,7
ENSG00000147669,+,6484,6484,0.5862122146822949,0.5439543491671808,15,9,1,0,0,1,0,1,1,0,0,1,3,1,1,1,POLR2K,5,5
ENSG00000148057,+,15733,15733,0.5883811097692748,0.5726816246106909,28,39,0,3,3,1,0,0,0,0,2,1,1,3,1,1,IDNK,7,6
ENSG00000148158,+,48841,48841,0.5387277082778813,0.5839765770561618,74,119,1,6,2,2,7,1,1,2,0,2,3,3,1,3,SNX30,14,13
ENSG00000148291,+,2746,2746,0.4927166788055353,0.4104151493080845,4,0,0,0,1,1,0,1,0,0,1,0,0,0,0,0,SURF2,2,2
ENSG00000148343,+,4730,4730,0.3940803382663848,0.4621564482029598,0,2,0,0,3,3,0,0,0,0,0,0,2,4,0,0,MIGA2,5,7
ENSG00000148444,+,2600,2600,0.6811538461538461,0.5396153846153846,18,3,1,0,0,0,0,0,0,1,0,0,1,0,0,1,COMMD3,1,2
ENSG00000148459,+,42410,42410,0.562579580287668,0.5966753124263146,72,96,3,9,5,3,3,2,2,3,1,1,16,14,4,3,PDSS1,31,26
ENSG00000148688,+,27313,27313,0.6282356387068428,0.590597883791601,72,58,1,1,0,1,3,1,3,5,1,1,3,3,0,5,RPP30,10,16
ENSG00000149289,+,41030,41030,0.6331464781866927,0.5965634901291738,131,110,5,10,3,1,1,5,1,1,1,3,5,3,5,3,ZC3H12C,16,16
ENSG00000149591,+,320,320,0.628125,0.571875,0,1,0,0,0,0,0,0,0,0,0,0,0,0,0,0,TAGLN,0,0
ENSG00000149781,+,4484,4484,0.39495985727029437,0.41413916146297947,0,2,0,0,2,1,1,1,0,0,0,0,0,4,0,0,FERMT3,3,6
ENSG00000150687,+,31455,31455,0.5872834207598157,0.5842314417421713,63,80,2,0,3,2,2,3,1,4,2,1,4,5,1,0,PRSS23,13,15
ENSG00000151465,+,18096,18096,0.5563107869142352,0.5743258178603006,31,42,0,5,1,1,3,0,2,1,0,1,9,6,1,0,CDC123,16,9
ENSG00000151470,+,30643,30643,0.6326404072708286,0.6314003198120288,78,89,2,4,0,2,2,2,4,5,1,1,2,4,1,1,C4orf33,10,15
ENSG00000151553,+,30380,30380,0.6287689269256089,0.5868334430546412,89,72,3,5,2,2,4,1,1,0,2,1,8,8,1,1,FAM160B1,18,13
ENSG00000151689,+,24820,24820,0.6089846897663175,0.6037872683319904,58,77,1,3,2,2,1,2,4,1,1,1,4,6,4,4,INPP1,16,16
ENSG00000151690,+,22203,22203,0.6140611629059136,0.5891996577039139,47,43,0,0,2,0,0,3,3,1,0,3,2,1,4,1,MFSD6,11,9
ENSG00000151715,+,28101,28101,0.5539304651080033,0.5700864737909683,37,35,2,0,2,1,1,4,1,1,2,0,7,10,3,2,TMEM45B,16,18
ENSG00000151876,+,11147,11147,0.6199874405669686,0.6088633713106666,27,32,1,1,1,1,1,3,0,0,0,0,0,3,0,0,FBXO4,2,7
ENSG00000152760,+,12354,12354,0.6088716205277643,0.6347741622146673,29,30,0,1,1,1,0,0,1,1,2,0,2,2,0,2,TCTEX1D1,6,6
ENSG00000152778,+,162,162,0.6975308641975309,0.5925925925925926,0,0,0,0,0,0,0,0,0,0,0,0,0,0,0,0,IFIT5,0,0
ENSG00000152944,+,318,318,0.7169811320754716,0.6477987421383647,1,1,0,0,0,0,0,0,0,0,0,0,0,0,0,0,MED21,0,0
ENSG00000153714,+,34282,34282,0.643544717344379,0.6251093868502421,125,99,5,1,0,2,1,2,4,2,1,2,7,6,4,3,LURAP1L,17,17
ENSG00000154639,+,42964,42964,0.617423889768178,0.5764593613257611,124,103,3,6,3,2,1,7,0,1,1,4,9,11,3,7,CXADR,17,32
ENSG00000154727,+,25175,25175,0.6472293942403178,0.5847864945382324,99,72,5,3,0,4,0,2,3,2,2,0,5,8,4,1,GABPA,14,17
ENSG00000154743,+,33303,33303,0.5697384620004203,0.5550250728162628,65,69,2,1,1,2,2,6,0,0,1,2,13,10,2,2,TSEN2,19,22
ENSG00000155189,+,48025,48025,0.6181572097865695,0.575158771473191,129,99,7,1,8,4,4,1,4,2,1,1,6,6,3,4,AGPAT5,26,18
ENSG00000155393,+,38503,38503,0.5803703607511103,0.575149988312599,93,80,3,6,1,1,2,0,1,2,3,3,16,16,1,2,HEATR3,24,24
ENSG00000156256,+,5071,5071,0.6517452179057385,0.6209820548215342,15,10,1,0,0,0,1,0,2,0,0,0,0,0,2,2,USP16,5,2
ENSG00000156500,+,44229,44229,0.5957403513531846,0.5821972009315155,110,87,19,5,1,4,6,3,3,5,1,2,18,15,4,4,FAM122C,33,33
ENSG00000156697,+,18897,18897,0.5463301053077207,0.5592951262105096,16,27,0,1,2,0,2,2,2,1,1,0,11,12,0,4,UTP14A,18,19
ENSG00000156860,+,6323,6323,0.3933259528704729,0.4202119247192788,0,3,0,0,1,1,0,0,1,0,0,0,0,0,1,0,FBRS,3,1
ENSG00000157557,+,10985,10985,0.5624943104233046,0.5115157032316796,11,19,0,1,1,2,0,1,0,0,2,0,3,1,1,2,ETS2,7,6
ENSG00000157765,+,9405,9405,0.5201488569909622,0.5219564061669325,9,9,2,0,3,2,0,0,0,0,0,1,4,3,0,0,SLC34A2,7,6
ENSG00000158428,+,1013,1013,0.5231984205330701,0.42546890424481737,0,0,0,0,0,0,0,1,0,0,0,0,0,0,0,0,CATIP,0,1
ENSG00000158552,+,7454,7454,0.4702173329755836,0.49007244432519453,2,6,0,0,2,0,1,0,0,1,0,0,1,3,0,0,ZFAND2B,4,4
ENSG00000159377,+,2167,2167,0.583756345177665,0.48177203507152744,1,0,0,0,0,0,0,0,0,0,0,0,0,1,0,0,PSMB4,0,1
ENSG00000159496,+,4654,4654,0.6016330038676407,0.4273743016759777,7,1,0,0,0,1,0,0,0,0,0,0,0,0,0,1,RGL4,0,2
ENSG00000159618,+,5431,5431,0.48628245258700054,0.610753084146566,5,23,0,2,2,0,0,1,0,0,1,0,1,0,0,1,ADGRG5,4,2
ENSG00000160229,+,36223,36223,0.6144990751732324,0.5826960770780996,98,74,6,3,1,0,4,6,1,4,1,2,5,5,0,3,ZNF66,12,20
ENSG00000160310,+,16667,16667,0.5584688306233875,0.5562488750224995,31,34,1,0,1,1,0,1,1,0,0,1,5,5,1,0,PRMT2,8,8
ENSG00000160633,+,44160,44160,0.5303894927536232,0.5003170289855072,49,38,8,1,2,11,3,5,3,1,0,0,11,17,6,2,SAFB,25,36
ENSG00000160695,+,11604,11604,0.5146501206480524,0.5130127542226819,10,15,0,0,0,1,0,0,1,0,0,2,6,6,0,0,VPS11,7,9
ENSG00000160712,+,28115,28115,0.5069891516983817,0.5097634714565179,32,50,0,19,4,6,1,1,0,0,1,3,12,2,1,1,IL6R,19,13
ENSG00000160796,+,27457,27457,0.3985868813053138,0.48341042357140257,4,21,0,0,9,8,4,3,0,1,1,0,1,8,0,0,NBEAL2,15,20
ENSG00000160953,+,19786,19786,0.47205094511270596,0.4744769028606085,18,23,1,6,2,0,1,2,1,0,0,0,8,9,2,1,PWWP3A,14,12
ENSG00000161021,+,44192,44192,0.5188948225923244,0.5524076755973932,59,98,1,21,2,2,3,3,1,0,3,1,22,19,2,3,MAML1,33,28
ENSG00000161835,+,1862,1862,0.46348012889366275,0.40494092373791624,1,0,0,0,1,0,0,0,0,0,0,0,0,0,0,0,GRASP,1,0
ENSG00000162174,+,34926,34926,0.5613869323712993,0.5495619309397011,68,62,1,0,4,2,2,3,1,1,4,1,18,15,2,0,ASRGL1,31,22
ENSG00000162222,+,1953,1953,0.540194572452637,0.5407066052227343,1,2,0,1,0,0,0,0,0,0,0,0,2,4,0,0,TTC9C,2,4
ENSG00000162341,+,1734,1734,0.47231833910034604,0.3886966551326413,3,1,0,0,2,0,0,1,0,0,0,0,0,0,0,0,TPCN2,2,1
ENSG00000162551,+,11575,11575,0.44414686825053995,0.4711879049676026,2,8,1,0,3,6,2,0,0,2,0,0,2,1,0,2,ALPL,7,11
ENSG00000162607,+,6486,6486,0.6170212765957447,0.5265186555658341,14,9,0,0,0,1,0,0,1,0,1,0,0,1,1,1,USP1,3,3
ENSG00000162614,+,16810,16810,0.6306365258774539,0.6170731707317073,53,46,4,2,1,0,0,2,2,1,2,0,8,8,0,0,NEXN,13,11
ENSG00000162711,+,15119,15119,0.5126661816257689,0.5467954229777102,9,25,1,6,2,2,1,1,0,1,0,0,2,2,0,0,NLRP3,5,6
ENSG00000162736,+,12350,12350,0.5318218623481782,0.5964372469635627,12,29,0,0,5,1,2,0,0,0,2,0,1,4,2,1,NCSTN,12,6
ENSG00000163138,+,41616,41616,0.6141387927720108,0.6126489811610919,96,112,2,11,1,4,1,2,3,3,3,1,4,9,5,3,PACRGL,17,22
ENSG00000163519,+,28278,28278,0.635829973831247,0.6437159629393875,94,88,9,4,2,0,1,3,1,1,3,0,7,10,4,3,TRAT1,18,17
ENSG00000163607,+,19158,19158,0.6323728990500053,0.6131120158680446,51,48,2,2,1,0,2,2,2,1,0,0,4,3,1,1,GTPBP8,10,7
ENSG00000163684,+,3468,3468,0.5432525951557093,0.5002883506343714,8,3,0,0,0,0,0,2,0,0,2,0,2,1,0,0,RPP14,4,3
ENSG00000163686,+,23260,23260,0.5385210662080826,0.5717970765262252,45,42,1,4,2,1,4,3,0,1,0,2,5,9,1,1,ABHD6,12,17
ENSG00000163754,+,7936,7936,0.5982862903225806,0.575226814516129,21,13,0,2,0,0,0,0,1,0,1,1,0,1,0,1,GYG1,2,3
ENSG00000163755,+,22513,22513,0.6036512237373962,0.5754897170523697,55,49,2,5,0,2,1,1,2,0,1,1,1,4,2,4,HPS3,7,12
ENSG00000163913,+,9509,9509,0.5749290146177306,0.5873383110737196,25,13,4,0,0,1,2,2,4,0,0,0,2,2,0,2,IFT122,8,7
ENSG00000163932,+,26390,26390,0.4354300871542251,0.4529746115953012,11,19,0,0,6,2,3,0,0,0,1,0,3,2,0,1,PRKCD,13,5
ENSG00000164024,+,14404,14404,0.5944182171618995,0.6562760344348793,28,55,1,2,0,1,2,2,1,0,1,2,3,0,2,0,METAP1,9,5
ENSG00000164080,+,31545,31545,0.5464891424948486,0.5541924235219527,35,54,0,5,3,0,1,1,1,1,1,0,3,9,1,3,RAD54L2,10,14
ENSG00000164144,+,31354,31354,0.6093002487720866,0.6261402053964407,71,91,4,1,1,1,5,2,1,2,2,3,2,6,2,2,ARFIP1,13,16
ENSG00000164168,+,32700,32700,0.6059327217125382,0.6085015290519877,78,93,0,9,0,2,4,5,2,3,0,1,13,7,4,5,TMEM184C,23,23
ENSG00000164306,+,41759,41759,0.5902200723197395,0.5720682966546133,108,104,5,6,3,5,1,0,0,1,4,3,7,8,2,8,PRIMPOL,17,25
ENSG00000164308,+,36350,36350,0.6184594222833563,0.6069325997248969,91,106,3,12,0,5,3,2,2,2,0,0,7,3,2,5,ERAP2,14,17
ENSG00000164902,+,21626,21626,0.5787478035697772,0.5350504022935355,43,38,6,4,2,3,1,3,0,2,0,1,6,10,1,2,PHAX,10,21
ENSG00000164930,+,4603,4603,0.6756463176189441,0.6667390832066044,25,14,0,0,0,1,0,0,1,0,0,0,2,0,0,0,FZD6,3,1
ENSG00000165233,+,4300,4300,0.3997674418604651,0.4181395348837209,2,1,0,0,2,1,0,0,0,0,0,0,0,0,0,0,CARD19,2,1
ENSG00000165527,+,2887,2887,0.6737097332871493,0.4922064426740561,9,4,0,1,0,0,0,0,1,0,0,0,0,1,0,0,ARF6,1,1
ENSG00000165646,+,4166,4166,0.6596255400864138,0.5554488718194911,13,7,0,0,0,0,0,1,0,0,0,0,1,1,0,1,SLC18A2,1,3
ENSG00000165660,+,16275,16275,0.5912749615975422,0.5512135176651306,34,39,7,12,2,1,1,1,2,0,1,1,9,8,1,1,ABRAXAS2,16,12
ENSG00000165879,+,5099,5099,0.5232398509511669,0.4542067071974897,8,2,0,0,0,1,1,1,0,0,0,0,2,3,0,0,FRAT1,3,5
ENSG00000165915,+,4205,4205,0.44161712247324614,0.3835909631391201,1,0,0,0,0,2,0,2,0,0,0,1,1,0,0,0,SLC39A13,1,5
ENSG00000166004,+,1548,1548,0.6472868217054264,0.5859173126614987,8,2,1,0,0,0,0,0,0,0,0,0,2,2,1,0,CEP295,3,2
ENSG00000166275,+,9062,9062,0.5998675789009049,0.5455749282719047,15,8,0,0,0,0,0,2,1,0,1,0,5,2,1,0,BORCS7,8,4
ENSG00000166483,+,6922,6922,0.6155735336607917,0.5621207743426755,21,38,1,9,0,0,1,0,0,0,0,1,2,0,1,1,WEE1,4,2
ENSG00000166562,+,12110,12110,0.5606110652353427,0.5482246077621801,26,20,0,2,1,1,0,0,0,1,0,0,2,0,0,2,SEC11C,3,4
ENSG00000166596,+,3051,3051,0.44936086529006886,0.562766306129138,6,7,0,0,0,0,0,0,0,0,0,0,0,2,0,0,CFAP52,0,2
ENSG00000166685,+,8722,8722,0.5561797752808989,0.5191469846365513,5,13,0,2,2,1,1,1,0,0,0,0,3,5,1,0,COG1,7,7
ENSG00000166828,+,10973,10973,0.5501685956438531,0.5012302925362253,16,12,1,0,2,0,1,1,1,1,0,0,3,4,1,0,SCNN1G,8,6
ENSG00000166987,+,6831,6831,0.5133948177426438,0.41926511491728885,7,5,0,0,1,1,0,2,1,1,1,0,1,1,2,1,MBD6,6,6
ENSG00000167077,+,2291,2291,0.5333915320820602,0.5028371890004365,5,1,2,0,0,0,1,0,0,0,1,0,2,0,0,1,MEI1,4,1
ENSG00000167088,+,15493,15493,0.57774478796876,0.5288840121345124,26,23,1,1,0,2,1,1,1,0,0,0,11,7,0,2,SNRPD1,13,12
ENSG00000167113,+,3398,3398,0.48763978811065334,0.4899941141848146,3,5,0,3,1,0,1,0,0,0,0,0,0,1,0,0,COQ4,2,1
ENSG00000167118,+,6217,6217,0.5082837381373653,0.485443139778028,3,4,0,0,0,1,2,0,0,0,0,0,6,3,0,0,URM1,8,4
ENSG00000167207,+,23127,23127,0.5155878410515847,0.5129934708349548,25,34,2,2,4,1,3,2,0,1,0,1,0,0,1,1,NOD2,8,6
ENSG00000167614,+,4355,4355,0.5375430539609644,0.468886337543054,2,4,0,0,0,3,0,0,0,0,0,0,3,0,0,0,TTYH1,3,3
ENSG00000167674,+,6443,6443,0.38662113922085983,0.43489057892286204,0,5,0,2,1,1,0,0,0,0,0,0,1,1,0,1,HDGFL2,2,3
ENSG00000167716,+,2893,2893,0.3902523332181127,0.40926374006221916,0,0,0,0,0,0,0,0,0,0,0,0,1,1,0,0,WDR81,1,1
ENSG00000167851,+,13768,13768,0.47305345729227194,0.47937245787332944,19,21,2,10,2,3,0,0,1,0,0,0,1,1,1,0,CD300A,5,4
ENSG00000167930,+,1766,1766,0.5164212910532276,0.4161947904869762,9,1,4,0,0,0,0,0,0,0,0,0,0,2,0,0,FAM234A,0,2
ENSG00000168209,+,956,956,0.5449790794979079,0.502092050209205,1,1,0,0,0,0,0,0,0,0,0,0,0,1,0,0,DDIT4,0,1
ENSG00000168229,+,10166,10166,0.6171552232933307,0.5438717292937242,24,15,0,0,0,1,1,0,2,0,0,1,3,1,2,1,PTGDR,8,4
ENSG00000168297,+,46684,46684,0.5687387541770199,0.5401850741153286,95,81,11,15,3,5,2,6,0,2,2,3,22,19,3,3,PXK,32,38
ENSG00000168298,+,322,322,0.5869565217391305,0.422360248447205,1,0,0,0,0,0,0,0,0,0,0,0,0,0,0,0,H1-4,0,0
ENSG00000168447,+,31242,31242,0.48674860764355676,0.5413545867742142,26,49,2,3,4,3,3,1,0,1,0,1,14,9,2,0,SCNN1B,23,15
ENSG00000168566,+,6559,6559,0.6260100625095288,0.6561975910962037,16,28,1,2,0,0,1,0,2,1,0,0,0,2,1,0,SNRNP48,4,3
ENSG00000168743,+,46401,46401,0.6368181720221547,0.6173573845391264,173,129,7,1,2,5,2,0,0,2,5,4,12,2,5,7,NPNT,26,20
ENSG00000168765,+,13196,13196,0.5171264019399818,0.5315247044558957,19,16,2,8,2,1,1,1,0,0,1,0,3,5,0,1,GSTM4,7,8
ENSG00000168813,+,38905,38905,0.6033157691813391,0.5374373473846549,104,51,6,8,2,2,1,2,3,2,1,1,5,18,5,0,ZNF507,17,25
ENSG00000168826,+,8215,8215,0.5539866098600121,0.5296409007912355,11,13,2,0,0,3,0,1,0,0,1,0,2,2,0,0,ZBTB49,3,6
ENSG00000169220,+,11469,11469,0.41738599703548696,0.47868166361496206,7,3,0,0,1,4,0,2,0,0,0,0,1,4,1,0,RGS14,3,10
ENSG00000169242,+,3364,3364,0.4289536266349584,0.49613555291319855,4,4,0,0,1,0,0,1,0,0,0,0,1,1,0,0,EFNA1,2,2
ENSG00000169660,+,17338,17338,0.4624524166570539,0.46077979005652325,9,9,0,1,1,1,0,0,0,1,0,0,11,6,0,0,HEXD,12,8
ENSG00000169981,+,1537,1537,0.5751463890696161,0.5484710474951203,3,0,0,0,0,0,0,0,0,0,1,0,0,0,0,0,ZNF35,1,0
ENSG00000170004,+,21012,21012,0.4841519131924614,0.5468779744907671,16,41,2,2,2,2,2,1,0,1,1,0,4,2,0,0,CHD3,9,6
ENSG00000170889,+,2369,2369,0.4178978471929084,0.5318699873364289,1,3,0,0,0,0,0,0,0,0,0,0,0,1,0,0,RPS9,0,1
ENSG00000170989,+,4709,4709,0.549798258653642,0.5444892758547463,7,6,0,0,0,1,0,0,0,0,0,1,1,1,2,1,S1PR1,3,4
ENSG00000171136,+,1343,1343,0.5085629188384214,0.4095309009679821,0,0,0,0,0,1,0,0,0,0,0,0,2,0,0,0,RLN3,2,1
ENSG00000171291,+,10705,10705,0.5738439981317142,0.5311536665109762,20,17,2,2,1,0,0,0,0,0,0,0,2,4,1,1,ZNF439,4,5
ENSG00000171443,+,3930,3930,0.4216284987277354,0.4022900763358779,2,1,0,0,0,0,0,1,0,0,0,0,0,0,0,0,ZNF524,0,1
ENSG00000171792,+,1580,1580,0.3987341772151899,0.5487341772151899,2,3,0,0,0,0,0,0,0,1,0,0,1,2,0,0,RHNO1,1,3
ENSG00000171817,+,3479,3479,0.6438631790744467,0.6165564817476287,6,11,0,0,0,0,0,0,0,1,0,1,0,1,0,0,ZNF540,0,3
ENSG00000171848,+,44351,44351,0.4881513381885414,0.5260535275416564,44,56,3,8,5,1,5,2,0,1,2,1,8,18,2,1,RRM2,22,24
ENSG00000172007,+,18005,18005,0.5917245209663983,0.558400444321022,44,30,2,0,0,2,0,2,1,0,1,1,3,2,0,1,RAB33B,5,8
ENSG00000172059,+,13012,13012,0.4632646787580695,0.4626498616661543,12,8,0,0,1,3,0,1,2,0,0,1,3,3,0,1,KLF11,6,9
ENSG00000172175,+,44242,44242,0.6264861443876859,0.5768726549432666,136,96,9,2,0,1,2,3,4,2,3,3,14,9,9,2,MALT1,32,20
ENSG00000172543,+,2040,2040,0.4264705882352941,0.40147058823529413,0,0,0,0,0,1,0,0,0,0,1,0,0,0,0,0,CTSW,1,1
ENSG00000172794,+,720,720,0.46805555555555556,0.36944444444444446,1,0,0,0,0,0,0,0,0,0,0,0,1,0,0,0,RAB37,1,0
ENSG00000172809,+,180,180,0.5055555555555555,0.5833333333333334,0,0,0,0,0,0,1,0,0,0,0,0,0,0,0,0,RPL38,1,0
ENSG00000173214,+,37726,37726,0.6409107777129831,0.6482531940836558,102,145,5,2,0,2,2,3,2,3,4,4,3,3,2,3,MFSD4B,13,18
ENSG00000173402,+,39169,39169,0.5311598457964206,0.5044550537414793,43,53,6,14,5,3,3,1,3,0,3,2,12,12,3,2,DAG1,29,20
ENSG00000173436,+,25581,25581,0.5819553574918885,0.5400883468199054,64,45,9,4,3,5,0,2,0,1,2,2,8,13,0,2,MICOS10,13,25
ENSG00000173442,+,10846,10846,0.3972893232528121,0.3880693343167988,3,7,0,0,2,1,0,0,0,1,0,0,2,1,0,0,EHBP1L1,4,3
ENSG00000173947,+,866,866,0.5727482678983834,0.6397228637413395,4,4,0,0,0,0,0,0,0,0,0,0,0,0,0,0,PIFO,0,0
ENSG00000174748,+,966,966,0.6086956521739131,0.38095238095238093,0,1,0,0,0,0,0,0,0,0,0,0,0,0,1,0,RPL15,1,0
ENSG00000175267,+,36247,36247,0.5242089000469005,0.5573426766353078,50,55,3,3,5,3,3,2,0,3,2,0,15,11,2,1,VWA3A,27,20
ENSG00000175390,+,7022,7022,0.5753346624893193,0.540301908288237,5,10,0,0,1,1,0,0,0,0,0,0,1,2,0,2,EIF3F,2,5
ENSG00000175513,+,209,209,0.49282296650717705,0.22488038277511962,1,0,0,0,0,0,0,0,0,0,0,0,0,0,0,0,TSGA10IP,0,0
ENSG00000175575,+,46272,46272,0.5699775242047026,0.5684863416320886,94,99,14,12,5,4,4,6,2,3,4,4,20,11,4,3,PAAF1,39,31
ENSG00000175581,+,40933,40933,0.572423228202184,0.540028827596316,88,63,19,5,3,2,4,0,2,0,0,2,12,16,2,1,MRPL48,23,21
ENSG00000175591,+,3954,3954,0.460546282245827,0.4451188669701568,3,0,0,0,0,0,1,1,0,0,0,0,1,1,0,0,P2RY2,2,2
ENSG00000176108,+,5075,5075,0.40157635467980296,0.3735960591133005,1,1,0,0,3,0,0,0,0,0,0,0,2,0,0,0,CHMP6,5,0
ENSG00000176209,+,4692,4692,0.5502983802216539,0.5839727195225917,11,5,0,0,0,0,0,0,0,0,0,0,2,1,0,0,SMIM19,2,1
ENSG00000176476,+,12598,12598,0.4960311160501667,0.5269090331798698,9,22,0,10,3,0,1,1,1,0,1,1,2,7,0,1,SGF29,8,10
ENSG00000176595,+,2565,2565,0.5894736842105263,0.2709551656920078,10,1,0,0,0,1,0,1,0,0,2,0,0,0,1,0,KBTBD11,3,2
ENSG00000176994,+,10720,10720,0.4751865671641791,0.4681902985074627,10,3,0,0,2,1,0,1,0,0,0,0,4,0,1,1,SMCR8,7,3
ENSG00000177096,+,876,876,0.5068493150684932,0.4920091324200913,0,0,0,0,0,0,0,0,0,0,0,0,0,0,1,0,PHETA2,1,0
ENSG00000177144,+,168,168,0.48214285714285715,0.26785714285714285,0,0,0,0,0,0,0,0,0,0,0,0,0,0,0,0,NUDT4B,0,0
ENSG00000178057,+,377,377,0.493368700265252,0.4005305039787798,0,0,0,0,0,0,0,0,0,0,0,0,0,0,0,0,NDUFAF3,0,0
ENSG00000178127,+,28888,28888,0.6315771254500139,0.5772292993630573,84,71,3,5,3,4,1,3,2,0,2,5,5,6,2,1,NDUFV2,15,19
ENSG00000178188,+,8272,8272,0.561411992263056,0.4753384912959381,64,6,6,0,0,0,0,2,0,0,0,0,5,2,0,0,SH2B1,5,4
ENSG00000178449,+,2268,2268,0.5321869488536155,0.5299823633156967,1,1,0,0,0,1,0,2,0,0,0,0,1,2,0,0,COX14,1,5
ENSG00000178623,+,1579,1579,0.3806206459784674,0.3483217226092464,0,0,0,0,0,0,0,0,0,0,0,0,0,0,0,0,GPR35,0,0
ENSG00000178966,+,12825,12825,0.6191033138401559,0.5775438596491228,34,36,6,0,1,3,0,1,1,1,0,0,0,2,1,0,RMI1,3,7
ENSG00000179304,+,11265,11265,0.5118508655126498,0.5107856191744341,11,7,1,0,0,1,0,1,0,0,0,0,2,2,0,0,FAM156B,2,4
ENSG00000179361,+,21537,21537,0.5074987231276408,0.5768677160235873,18,44,1,9,2,2,0,3,1,0,1,1,6,3,1,2,ARID3B,11,11
ENSG00000179841,+,11912,11912,0.6153458697112156,0.5619543317662861,33,18,2,0,1,1,1,2,2,3,2,1,4,2,1,4,AKAP5,11,13
ENSG00000179988,+,5886,5886,0.6481481481481481,0.6021066938498131,17,16,1,0,0,2,0,1,1,0,0,0,0,1,2,1,PSTK,3,5
ENSG00000180008,+,10325,10325,0.5863438256658595,0.6073607748184019,23,19,0,0,0,0,2,2,0,1,0,0,5,2,3,0,SOCS4,10,5
ENSG00000180035,+,323,323,0.5170278637770898,0.3560371517027864,1,0,0,0,0,0,0,1,0,0,0,0,0,0,0,0,ZNF48,0,1
ENSG00000181163,+,17362,17362,0.567561340859348,0.545328879161387,48,27,8,2,0,0,0,1,1,0,1,0,8,8,1,0,NPM1,11,9
ENSG00000181666,+,38468,38468,0.5677446189040242,0.4536757824685453,67,38,1,9,0,8,2,0,2,0,5,0,9,11,2,3,ZNF875,20,22
ENSG00000181789,+,12258,12258,0.515255343449176,0.501305270027737,17,9,0,0,2,2,1,1,0,1,0,1,0,3,0,1,COPG1,3,9
ENSG00000182093,+,29561,29561,0.5810358242278678,0.5266736578600183,62,39,5,3,0,1,2,1,0,1,2,1,4,8,1,1,GET1,9,13
ENSG00000182240,+,36520,36520,0.5680996714129244,0.5314074479737131,78,53,6,0,3,5,0,2,1,1,0,1,4,6,4,1,BACE2,12,16
ENSG00000182310,+,4672,4672,0.501070205479452,0.4762414383561644,2,3,0,0,0,0,0,3,0,0,1,0,1,0,0,0,SPACA6,2,3
ENSG00000182372,+,15806,15806,0.5213842844489435,0.4961407060609895,19,21,0,5,1,1,2,0,1,0,1,0,3,2,0,0,CLN8,8,3
ENSG00000182504,+,19861,19861,0.5896480539751271,0.5944816474497759,43,33,6,0,0,0,1,3,1,0,0,4,5,9,3,1,CEP97,10,17
ENSG00000183018,+,465,465,0.46881720430107526,0.5161290322580645,0,1,0,0,0,0,0,0,0,0,0,0,0,0,0,0,SPNS2,0,0
ENSG00000183346,+,24455,24455,0.6480883254958086,0.6519730116540585,85,93,1,2,1,2,0,2,2,1,1,1,7,3,2,3,CABCOCO1,13,12
ENSG00000183401,+,3017,3017,0.47232350016572755,0.45011600928074247,2,2,0,0,0,2,0,1,0,0,0,1,2,1,0,0,CCDC159,2,5
ENSG00000183508,+,3776,3776,0.5704449152542372,0.5828919491525424,2,5,0,0,0,2,1,0,0,0,0,0,2,1,0,1,TENT5C,3,4
ENSG00000183520,+,4185,4185,0.5658303464755078,0.5789725209080048,9,11,1,1,1,1,0,0,0,0,0,0,0,1,0,0,UTP11,1,2
ENSG00000183779,+,569,569,0.5149384885764499,0.26537785588752194,0,0,0,0,0,0,0,0,0,0,0,0,0,0,0,0,ZNF703,0,0
ENSG00000183813,+,1125,1125,0.5608888888888889,0.5582222222222222,2,3,0,0,0,0,0,0,0,0,0,0,0,0,0,0,CCR4,0,0
ENSG00000184481,+,5813,5813,0.5012902115947016,0.48959229313607433,0,3,0,0,1,0,1,0,0,1,0,0,1,0,0,0,FOXO4,3,1
ENSG00000184489,+,23504,23504,0.3649591558883594,0.3929118447923758,4,8,0,1,5,4,1,1,0,1,1,0,0,0,0,0,PTP4A3,7,6
ENSG00000185052,+,8810,8810,0.5786606129398411,0.559477866061294,15,19,0,0,2,1,0,0,1,0,0,0,0,0,0,0,SLC24A3,3,1
ENSG00000185262,+,2379,2379,0.45060949978982767,0.3741067675493905,2,0,0,0,0,1,0,0,0,0,0,0,1,0,0,0,UBALD2,1,1
ENSG00000185278,+,38055,38055,0.5728813559322034,0.5938510051241624,76,87,5,4,3,1,1,6,1,0,0,3,17,12,4,3,ZBTB37,26,25
ENSG00000185340,+,2052,2052,0.341130604288499,0.36988304093567254,0,1,0,0,1,1,0,0,0,0,0,0,0,0,1,0,GAS2L1,2,1
ENSG00000185900,+,3079,3079,0.5173757713543359,0.49626502111075027,2,4,0,0,0,0,1,0,0,0,0,0,1,0,0,0,POMK,2,0
ENSG00000186010,+,9234,9234,0.48862897985705,0.44596058046350445,13,7,1,2,3,3,1,1,0,1,0,0,4,2,0,0,NDUFA13,8,7
ENSG00000186166,+,13665,13665,0.5432125869008416,0.49366995975118916,13,7,4,0,2,0,0,0,1,1,1,0,5,11,2,0,CCDC84,11,12
ENSG00000186260,+,46684,46684,0.6177919629851769,0.6379059206580413,131,152,0,2,2,3,3,2,6,2,2,1,5,11,9,2,MRTFB,27,21
ENSG00000186350,+,33216,33216,0.3737957610789981,0.3763848747591522,5,10,0,0,7,7,4,0,0,0,0,1,0,2,1,0,RXRA,12,10
ENSG00000186470,+,11130,11130,0.5501347708894879,0.5578616352201258,15,20,0,3,3,1,0,1,2,2,0,0,4,2,0,1,BTN3A2,9,7
ENSG00000186501,+,1696,1696,0.5135613207547169,0.43337264150943394,1,0,0,0,0,0,0,0,0,0,0,0,0,1,0,0,TMEM222,0,1
ENSG00000186654,+,3905,3905,0.418437900128041,0.3756722151088348,1,2,0,0,0,2,0,0,0,0,0,0,1,0,0,0,PRR5,1,2
ENSG00000187514,+,6295,6295,0.4560762509928515,0.36457505957108816,2,2,0,0,2,6,0,0,0,0,0,0,2,1,1,0,PTMA,5,7
ENSG00000187607,+,9748,9748,0.6358227328682807,0.5604226508001642,22,21,2,0,0,0,0,0,0,1,2,0,0,3,0,1,ZNF286A,2,5
ENSG00000187624,+,1703,1703,0.44920728126834997,0.4057545507927187,1,1,0,0,0,0,0,0,0,0,0,0,0,1,0,0,C17orf97,0,1
ENSG00000187726,+,5312,5312,0.4708207831325301,0.47740963855421686,1,12,0,5,0,0,1,2,0,0,0,0,4,2,0,0,DNAJB13,5,4
ENSG00000187908,+,39947,39947,0.5055698800911207,0.5077477657896713,38,30,0,0,13,3,5,2,1,2,0,0,3,2,0,1,DMBT1,22,10
ENSG00000188158,+,272,272,0.41544117647058826,0.3125,0,0,0,0,0,0,0,0,0,0,0,0,0,0,0,0,NHS,0,0
ENSG00000188177,+,9749,9749,0.6495025130782645,0.6265257975176941,47,20,10,0,0,0,0,0,1,1,0,0,1,4,1,1,ZC3H6,3,6
ENSG00000188343,+,22381,22381,0.6216880389616193,0.6057370090701935,68,56,4,8,2,3,0,2,1,0,1,0,5,7,5,1,FAM92A,14,13
ENSG00000188372,+,4354,4354,0.4937988056959118,0.4970142397795131,1,0,0,0,0,0,1,0,0,0,0,0,2,1,0,0,ZP3,3,1
ENSG00000188707,+,10875,10875,0.46464367816091956,0.5302068965517241,5,23,0,4,2,0,0,1,1,2,0,1,2,3,0,3,ZBED6CL,5,10
ENSG00000188817,+,4011,4011,0.5961106955871354,0.6040887559212167,12,5,0,0,0,2,0,0,0,0,1,2,0,0,0,0,SNTN,1,4
ENSG00000189013,+,7102,7102,0.5443537031822022,0.5473106167276823,6,5,0,1,1,1,1,1,0,0,0,0,1,1,1,1,KIR2DL4,4,4
ENSG00000189227,+,1044,1044,0.5067049808429118,0.46264367816091956,0,2,0,0,0,0,0,0,0,0,0,0,0,0,0,0,C15orf61,0,0
ENSG00000196116,+,42099,42099,0.6117484975890164,0.6087317988550797,101,97,1,4,1,2,2,0,6,4,5,4,5,5,3,6,TDRD7,22,21
ENSG00000196169,+,25985,25985,0.4293630940927458,0.4669232249374639,14,24,2,10,5,3,5,4,1,2,1,1,4,12,0,0,KIF19,16,22
ENSG00000196214,+,26610,26610,0.5524614806463736,0.5764374295377678,49,54,10,11,2,4,4,2,0,1,1,1,7,6,0,2,ZNF766,14,16
ENSG00000196235,+,601,601,0.4442595673876872,0.5207986688851913,0,1,0,0,0,0,0,0,0,0,0,0,0,0,0,0,SUPT5H,0,0
ENSG00000196247,+,38517,38517,0.5958148350079185,0.5570786925253784,120,50,14,1,3,6,4,1,1,3,3,0,5,8,1,2,ZNF107,17,20
ENSG00000196363,+,21938,21938,0.4573798887774638,0.414942109581548,15,13,3,4,4,5,1,1,1,0,2,0,4,14,0,1,WDR5,12,21
ENSG00000196465,+,3818,3818,0.462807752750131,0.4617600838135149,1,7,0,0,1,0,1,2,0,0,1,0,1,0,0,0,MYL6B,4,2
ENSG00000196547,+,970,970,0.5556701030927835,0.4587628865979381,2,0,0,0,0,0,1,0,0,0,0,0,2,0,0,0,MAN2A2,3,0
ENSG00000196646,+,21896,21896,0.5564029959810011,0.5332024113993423,25,34,1,2,2,2,3,1,0,1,1,0,5,7,1,1,ZNF136,12,12
ENSG00000196705,+,45223,45223,0.607964973575393,0.6028127280366186,112,131,5,10,4,0,1,1,1,2,5,3,9,14,4,3,ZNF431,24,23
ENSG00000196812,+,3862,3862,0.5976178146038322,0.6066804764370792,8,15,0,0,0,0,0,0,0,0,0,0,0,0,0,0,ZSCAN16,0,0
ENSG00000196865,+,33899,33899,0.6501076727927078,0.6296055930853417,97,94,2,2,0,2,2,0,3,2,2,1,7,12,5,3,NHLRC2,19,20
ENSG00000196911,+,7986,7986,0.628099173553719,0.5881542699724518,27,16,1,0,0,2,0,0,1,1,2,0,1,4,0,0,KPNA5,4,7
ENSG00000197013,+,21276,21276,0.6178322993043805,0.572852039857116,54,40,2,3,0,3,0,0,1,1,0,0,5,4,2,2,ZNF429,8,10
ENSG00000197050,+,38470,38470,0.5970106576553158,0.5859890824018716,76,88,3,2,2,1,0,1,0,0,1,3,6,7,2,2,ZNF420,11,14
ENSG00000197056,+,17669,17669,0.5955062538909955,0.5612088969381402,40,41,6,6,2,2,1,2,0,0,1,0,10,6,1,2,ZMYM1,15,12
ENSG00000197134,+,37560,37560,0.6234291799787007,0.5609158679446219,117,52,11,5,1,2,1,1,1,4,6,4,11,10,2,0,ZNF257,22,21
ENSG00000197283,+,3731,3731,0.4912891986062718,0.4363441436612168,1,0,0,0,0,0,0,1,0,0,1,0,0,0,0,0,SYNGAP1,1,1
ENSG00000197381,+,29349,29349,0.5462877781185049,0.5927970288595864,53,63,0,0,4,2,0,1,1,2,5,1,5,7,0,1,ADARB1,15,14
ENSG00000197580,+,26180,26180,0.5923223834988541,0.6024828113063407,49,63,5,2,3,2,4,1,2,0,0,4,3,9,1,3,BCO2,13,19
ENSG00000197620,+,2039,2039,0.5693967631191761,0.43894065718489456,3,1,0,0,0,1,0,0,0,0,0,0,0,0,0,0,CXorf40A,0,1
ENSG00000197753,+,11044,11044,0.6030423759507425,0.58982252806954,23,27,0,7,0,0,0,1,0,1,0,0,3,1,0,1,LHFPL5,3,4
ENSG00000197822,+,2334,2334,0.6259640102827764,0.5972579263067695,7,2,0,0,0,0,0,0,0,1,0,0,0,0,0,0,OCLN,0,1
ENSG00000198039,+,10109,10109,0.6226135127114453,0.6062914234840241,21,33,2,1,0,1,0,1,2,1,2,0,3,1,0,1,ZNF273,7,5
ENSG00000198055,+,5110,5110,0.4628180039138943,0.3810176125244618,7,0,0,0,2,2,0,1,0,0,0,0,2,1,0,0,GRK6,4,4
ENSG00000198246,+,38892,38892,0.48053584284685796,0.47130515273063867,32,37,1,6,8,11,4,3,1,2,1,5,7,4,1,4,SLC29A3,22,29
ENSG00000198252,+,6686,6686,0.6335626682620401,0.6159138498354771,27,21,0,1,1,1,0,0,0,1,1,0,2,0,1,0,STYX,5,2
ENSG00000198331,+,1296,1296,0.6134259259259259,0.5756172839506173,3,5,0,0,0,0,0,0,0,0,0,0,0,0,0,0,HYLS1,0,0
ENSG00000198612,+,9779,9779,0.6141732283464567,0.563247775846201,19,21,0,0,0,1,0,0,1,2,1,1,2,4,0,0,COPS8,4,8
ENSG00000198625,+,43648,43648,0.5778729838709677,0.5374358504398827,97,46,7,1,8,6,2,2,0,2,3,1,15,15,3,2,MDM4,31,28
ENSG00000198856,+,13937,13937,0.608021812441702,0.5961828227021597,49,38,1,0,0,1,2,1,0,0,1,1,5,2,0,4,OSTC,8,9
ENSG00000204131,+,3226,3226,0.5,0.5303781773093614,2,3,0,0,0,0,0,0,0,0,0,0,3,1,0,0,NHSL2,3,1
ENSG00000204160,+,7070,7070,0.4915134370579915,0.5246110325318246,2,7,0,1,2,1,0,0,0,0,0,0,0,3,0,0,ZDHHC18,2,4
ENSG00000204287,+,2421,2421,0.5559686080132177,0.573729863692689,3,6,0,0,0,1,0,0,0,0,0,0,0,2,0,0,HLA-DRA,0,3
ENSG00000204469,+,965,965,0.45284974093264246,0.5284974093264249,0,0,0,0,0,0,0,1,0,0,0,0,0,0,0,0,PRRC2A,0,1
ENSG00000204520,+,6889,6889,0.5251850776600377,0.5170561765132821,9,8,0,1,0,1,0,1,0,0,0,0,1,6,1,0,MICA,2,8
ENSG00000204580,+,441,441,0.5102040816326531,0.39909297052154197,0,0,0,0,0,0,0,0,0,0,0,0,0,0,0,0,DDR1,0,0
ENSG00000204852,+,2890,2890,0.5989619377162629,0.6096885813148789,8,5,0,0,0,0,0,0,0,1,0,0,1,0,0,0,TCTN1,1,1
ENSG00000204956,+,5113,5113,0.47330334441619404,0.4496381771953843,5,6,0,0,1,1,0,1,0,0,0,0,0,0,0,0,PCDHGA1,1,2
ENSG00000205670,+,15683,15683,0.5216476439456736,0.5344640693744819,19,26,8,0,3,3,1,0,0,0,1,0,3,8,0,2,SMIM11A,8,13
ENSG00000206559,+,1697,1697,0.6464348850913376,0.5126694166175604,6,2,0,0,0,0,0,0,0,0,0,0,1,0,0,0,ZCWPW2,1,0
ENSG00000213625,+,1210,1210,0.5727272727272728,0.643801652892562,0,5,0,0,0,0,0,0,0,0,0,0,0,0,0,0,LEPROT,0,0
ENSG00000213626,+,1949,1949,0.5695228322216521,0.5197537198563366,4,4,0,0,1,0,0,0,0,0,0,1,0,0,0,0,LBH,1,1
ENSG00000214967,+,13442,13442,0.5353370034221098,0.4410058027079304,13,12,0,3,4,2,4,1,0,0,0,0,3,6,0,0,NPIPA7,11,9
ENSG00000221838,+,4456,4456,0.4533213644524237,0.4499551166965889,0,2,0,0,1,1,0,0,0,0,0,0,3,0,0,0,AP4M1,4,1
ENSG00000221923,+,9655,9655,0.5947177628171931,0.5618850336613154,16,21,0,1,4,0,1,0,0,1,0,0,2,4,0,0,ZNF880,7,5
ENSG00000225921,+,10544,10544,0.6274658573596358,0.5578528072837633,29,16,0,0,1,1,0,0,0,1,1,1,1,2,4,0,NOL7,7,5
ENSG00000236699,+,35305,35305,0.6351225038946325,0.6364254354907237,122,118,4,3,3,4,0,2,2,4,1,3,4,1,6,2,ARHGEF38,16,16
ENSG00000243335,+,186,186,0.5376344086021505,0.25806451612903225,0,0,0,0,0,0,0,0,0,0,0,0,0,0,0,0,KCTD7,0,0
ENSG00000249773,+,2835,2835,0.5262786596119929,0.48677248677248675,2,2,0,0,0,0,0,0,0,0,0,0,2,1,0,1,AC092647.5,2,2
ENSG00000251247,+,25598,25598,0.6033283850300805,0.5626220798499882,86,33,8,0,4,1,3,2,2,0,0,0,4,13,1,0,ZNF345,14,16
ENSG00000251503,+,19563,19563,0.5295711291724173,0.5055973010274498,28,21,1,1,1,2,2,3,1,0,0,1,6,5,1,1,CENPS-CORT,11,12
ENSG00000253710,+,8234,8234,0.5732329366043235,0.5735972795725043,15,9,0,1,0,2,0,1,0,0,1,0,4,2,0,1,ALG11,5,6
ENSG00000254685,+,1058,1058,0.6899810964083176,0.6389413988657845,0,3,0,0,0,0,0,0,0,0,0,0,0,0,0,0,FPGT,0,0
ENSG00000255524,+,19293,19293,0.5398849323588867,0.5598921888767947,27,49,4,9,4,1,4,2,0,0,0,0,6,8,0,0,NPIPB8,14,11
ENSG00000256235,+,18561,18561,0.567480200420236,0.5915090781746674,27,48,2,0,1,4,2,0,1,0,1,2,1,4,1,1,SMIM3,7,11
ENSG00000256771,+,12468,12468,0.6291305742701315,0.6183028553095925,37,41,9,1,0,1,1,1,0,2,1,0,3,2,0,1,ZNF253,5,7
ENSG00000258653,+,9284,9284,0.5951098664368807,0.6040499784575614,18,24,2,0,1,0,1,1,0,0,1,0,5,3,0,1,AC005520.3,8,5
ENSG00000258984,+,21432,21432,0.5736282194848824,0.5408268010451661,48,37,0,0,4,2,1,2,0,2,2,0,9,3,1,0,UBE2F-SCLY,17,9
ENSG00000259330,+,6521,6521,0.5193988652047232,0.4428768593773961,8,3,0,0,2,2,1,0,2,0,0,1,0,0,0,0,INAFM2,5,3
ENSG00000260325,+,2171,2171,0.482726853984339,0.37448180561953015,0,1,0,0,0,1,1,0,0,0,0,1,1,1,0,0,HSPB9,2,3
ENSG00000260537,+,4632,4632,0.5630397236614854,0.543825561312608,10,6,1,1,0,2,1,0,0,0,0,0,3,4,1,0,AC012184.2,5,6
ENSG00000263715,+,1319,1319,0.6186504927975739,0.6178923426838514,2,5,0,1,0,0,0,0,0,0,0,0,0,0,0,0,LINC02210-CRHR1,0,0
ENSG00000267318,+,277,277,0.5812274368231047,0.6534296028880866,0,2,0,0,0,0,0,0,0,0,0,0,0,0,0,0,AC005702.1,0,0
ENSG00000273167,+,43205,43205,0.5474829302164101,0.5550514986691355,63,61,0,3,0,10,2,1,0,1,3,0,11,7,2,1,AL359736.1,18,20
ENSG00000276045,+,9421,9421,0.4743657785797686,0.47001379895977075,18,6,7,2,2,1,2,1,1,1,0,0,3,3,0,1,ORAI1,8,7
ENSG00000277443,+,741,741,0.6815114709851552,0.26720647773279355,5,0,0,0,0,0,0,0,0,0,0,0,0,0,0,0,MARCKS,0,0
ENSG00000279170,+,31921,31921,0.6395476332195107,0.5973497070893768,110,76,5,3,1,0,2,6,1,2,0,1,7,5,5,6,TSTD3,16,20
ENSG00000282246,+,1843,1843,0.39392295170916986,0.5143787303309821,1,4,0,0,0,0,0,1,0,0,0,0,0,0,0,0,AL157392.5,0,1
ENSG00000283208,+,37533,37533,0.5968614286094903,0.611888205046226,93,82,5,3,1,1,3,1,4,2,0,5,12,4,2,8,AC001226.2,22,21
ENSG00000286001,+,37272,37272,0.4834728482506976,0.5116977892251556,45,48,2,1,1,4,1,1,1,0,1,0,6,2,2,159,AC021087.5,12,166
ENSG00000288550,+,2769,2769,0.46659443842542436,0.4521487901769592,4,1,0,0,0,0,0,0,0,0,0,0,1,2,0,0,AC018809.3,1,2
ENSG00000002919,+,1657,1657,0.5322872661436331,0.49728424864212434,3,4,1,0,0,0,0,1,0,0,0,0,1,1,0,0,SNX11,1,2
ENSG00000005469,+,39207,39207,0.6320299946438136,0.607774121968016,113,108,7,0,3,2,4,0,2,2,1,2,8,4,6,5,CROT,24,15
ENSG00000006210,+,9562,9562,0.46820748797322737,0.4713449069232378,8,6,0,1,1,2,0,1,0,2,0,1,2,2,0,0,CX3CL1,3,8
ENSG00000008382,+,288,288,0.5555555555555556,0.4652777777777778,1,0,0,0,0,0,0,0,0,0,0,0,0,0,0,0,MPND,0,0
ENSG00000008517,+,13515,13515,0.48486866444691085,0.43684794672586014,9,4,0,0,2,3,0,0,1,0,1,0,1,2,0,1,IL32,5,6
ENSG00000009844,+,36313,36313,0.6506485280753449,0.6431856359981274,127,124,3,3,2,6,3,2,3,4,0,0,5,5,2,4,VTA1,15,21
ENSG00000010165,+,14841,14841,0.5527929384812345,0.5985445724681625,23,23,0,1,2,1,0,1,0,2,0,0,2,4,1,4,EEF1AKNMT,5,12
ENSG00000010219,+,845,845,0.6177514792899408,0.6556213017751479,1,0,0,0,0,0,0,0,0,0,0,0,0,0,0,0,DYRK4,0,0
ENSG00000010292,+,23074,23074,0.5297304325214527,0.5487128369593481,29,52,1,13,3,2,3,1,0,1,0,1,7,5,3,3,NCAPD2,16,13
ENSG00000010322,+,16316,16316,0.5101740622701643,0.42020102966413336,22,2,0,0,1,5,3,3,0,2,0,1,9,1,1,1,NISCH,14,13
ENSG00000011052,+,2012,2012,0.5472166998011928,0.40357852882703776,1,4,0,0,1,0,0,0,0,0,0,0,2,0,0,0,NME1-NME2,3,0
ENSG00000018236,+,49920,49920,0.648056891025641,0.6235176282051282,182,136,2,8,3,3,0,1,2,3,2,2,3,1,9,4,CNTN1,19,14
ENSG00000022976,+,23364,23364,0.508517377161445,0.5240541003252868,31,31,5,2,1,2,1,1,2,0,0,0,7,15,1,1,ZNF839,12,19
ENSG00000031691,+,17713,17713,0.6074634449274544,0.6303280076779766,46,35,0,0,0,1,0,2,1,1,1,0,6,2,2,2,CENPQ,10,8
ENSG00000040275,+,19288,19288,0.6328287017834924,0.6020841974284529,54,39,1,0,0,1,3,0,1,1,0,1,2,3,2,1,SPDL1,8,7
ENSG00000046604,+,46933,46933,0.6091662582830843,0.6061406686127032,128,127,5,3,4,2,5,6,5,3,1,3,9,8,4,4,DSG2,28,26
ENSG00000052802,+,6331,6331,0.6499763070604959,0.5686305480966672,25,16,2,2,0,0,0,1,1,1,3,0,1,0,0,2,MSMO1,5,4
ENSG00000053438,+,11158,11158,0.47266535221365835,0.5283204875425703,10,9,1,0,5,1,0,1,1,0,0,0,1,0,0,1,NNAT,7,3
ENSG00000056736,+,14323,14323,0.551490609509181,0.4846749982545556,19,12,3,0,1,1,0,0,2,0,2,0,2,5,1,0,IL17RB,8,6
ENSG00000058085,+,23270,23270,0.5535453373442201,0.5798023205844435,30,48,1,1,2,2,2,1,0,0,0,1,5,7,2,2,LAMC2,11,13
ENSG00000060491,+,4330,4330,0.3741339491916859,0.3464203233256351,0,0,0,0,2,2,0,0,0,0,0,0,2,1,0,0,OGFR,4,3
ENSG00000061794,+,37999,37999,0.6221216347798626,0.5844627490197111,138,87,4,6,2,5,4,3,2,1,3,2,15,11,2,5,MRPS35,28,27
ENSG00000065802,+,4955,4955,0.49162462159434916,0.5632694248234107,8,13,3,2,3,0,0,1,0,0,0,2,2,0,0,0,ASB1,5,3
ENSG00000066135,+,21024,21024,0.5319634703196348,0.5387176560121766,20,27,3,1,2,0,2,1,0,0,3,1,6,11,1,3,KDM4A,14,16
ENSG00000068438,+,2480,2480,0.540725806451613,0.4536290322580645,3,1,0,0,1,0,0,0,0,0,0,0,2,0,0,0,FTSJ1,3,0
ENSG00000071282,+,2425,2425,0.523298969072165,0.5855670103092784,4,5,0,0,2,1,0,0,0,0,1,1,0,0,0,0,LMCD1,3,2
ENSG00000071575,+,17333,17333,0.5197599953845267,0.5447412450239427,28,28,2,2,1,2,1,1,0,0,0,0,1,4,2,1,TRIB2,5,8
ENSG00000071626,+,19288,19288,0.4214537536291995,0.4142472003318125,12,15,4,3,0,8,2,1,0,0,1,0,3,5,0,1,DAZAP1,6,15
ENSG00000072571,+,28796,28796,0.6373107376024448,0.6169259619391582,99,89,10,1,0,2,1,2,3,4,1,1,3,7,3,3,HMMR,11,19
ENSG00000072958,+,25005,25005,0.4878624275144971,0.46814637072585485,20,18,1,3,4,3,3,1,0,0,0,0,5,5,1,2,AP1M1,13,11
ENSG00000074276,+,25315,25315,0.4793600632036342,0.4371321350977681,21,11,2,0,2,1,1,3,0,1,0,0,6,6,1,0,CDHR2,10,11
ENSG00000075218,+,2638,2638,0.47081122062168307,0.4632297194844579,3,1,0,0,0,0,0,0,0,0,0,0,0,0,0,0,GTSE1,0,0
ENSG00000075618,+,2125,2125,0.36611764705882355,0.40047058823529413,0,3,0,1,0,0,0,0,0,0,0,0,0,0,0,0,FSCN1,0,0
ENSG00000076984,+,4387,4387,0.353544563483018,0.3524048324595396,0,0,0,0,1,0,1,1,0,1,0,0,0,0,0,0,MAP2K7,2,2
ENSG00000077232,+,34629,34629,0.6553466747523752,0.6100378295648157,120,81,2,1,2,2,4,0,1,2,1,0,4,3,4,5,DNAJC10,16,12
ENSG00000077380,+,27421,27421,0.6406039167061741,0.6174829510229386,97,75,0,11,0,2,1,1,4,2,2,2,4,3,2,3,DYNC1I2,13,13
ENSG00000077942,+,37112,37112,0.4731892649277862,0.4739167924121578,34,30,0,0,4,3,0,1,0,0,1,2,8,6,2,1,FBLN1,15,13
ENSG00000078246,+,38016,38016,0.5632102272727273,0.5273305976430976,78,46,7,4,2,3,4,1,0,4,2,0,24,17,0,0,TULP3,32,25
ENSG00000081721,+,2238,2238,0.6166219839142091,0.5250223413762288,8,3,1,0,0,0,0,0,0,0,0,0,1,0,0,0,DUSP12,1,0
ENSG00000083750,+,40031,40031,0.5926906647348305,0.5985111538557618,91,81,3,1,1,3,1,0,5,3,1,1,3,4,1,5,RRAGB,12,16
ENSG00000085733,+,33334,33334,0.4772904541909162,0.5319793604127917,50,70,12,7,6,4,2,0,1,2,1,1,5,17,0,1,CTTN,15,25
ENSG00000087191,+,3303,3303,0.4462609748713291,0.5171056615198305,2,1,0,0,0,0,0,1,0,3,0,0,0,0,0,0,PSMC5,0,4
ENSG00000087448,+,10455,10455,0.5846963175514108,0.5821138211382114,32,20,3,1,0,2,1,2,1,0,0,1,2,3,0,1,KLHL42,4,9
ENSG00000087995,+,10092,10092,0.5549940546967895,0.5631193024177567,12,18,0,4,0,0,0,0,0,1,1,0,6,4,0,0,METTL2A,7,5
ENSG00000088002,+,42061,42061,0.483797341955731,0.4991322127386415,42,60,14,17,2,1,0,3,0,0,1,0,30,20,1,1,SULT2B1,34,25
ENSG00000088682,+,13027,13027,0.5340446764412374,0.5604513702310586,16,21,1,0,3,2,0,1,1,1,2,0,2,5,2,1,COQ9,10,10
ENSG00000088970,+,28814,28814,0.5973138057888526,0.5905115568820712,69,61,10,4,1,1,0,1,3,0,1,0,5,3,3,4,KIZ,13,9
ENSG00000088986,+,1305,1305,0.5157088122605364,0.47126436781609193,1,4,0,0,0,0,0,1,0,0,0,0,0,0,0,0,DYNLL1,0,1
ENSG00000090520,+,12583,12583,0.630453786855281,0.5602797425097353,30,20,0,5,3,0,0,0,0,1,0,1,1,1,3,1,DNAJB11,7,4
ENSG00000090674,+,6356,6356,0.4221208307111391,0.4447765890497168,6,7,2,0,0,2,0,0,0,0,0,0,0,2,0,0,MCOLN1,0,4
ENSG00000091651,+,4069,4069,0.5750798722044729,0.5106905873679036,7,5,0,0,0,1,0,1,0,0,1,0,1,1,0,1,ORC6,2,4
ENSG00000092621,+,16245,16245,0.4907356109572176,0.5276700523237919,11,28,1,0,1,3,0,1,2,0,2,0,0,2,1,1,PHGDH,6,7
ENSG00000092969,+,8887,8887,0.5894002475526049,0.5897378192865984,27,32,0,4,3,0,0,1,0,0,1,1,3,0,0,0,TGFB2,7,2
ENSG00000096384,+,652,652,0.5214723926380368,0.38496932515337423,0,0,0,0,0,0,0,0,0,0,0,0,0,0,0,0,HSP90AB1,0,0
ENSG00000096696,+,32690,32690,0.5907922912205568,0.5663811563169164,73,56,2,2,1,2,0,0,3,2,6,1,6,8,3,1,DSP,19,14
ENSG00000099341,+,548,548,0.4927007299270073,0.4762773722627737,0,0,0,0,0,0,0,0,0,0,0,0,0,0,0,0,PSMD8,0,0
ENSG00000099904,+,12338,12338,0.37372345598962553,0.40184794942454205,5,3,1,0,6,3,2,0,0,0,1,0,0,3,0,0,ZDHHC8,9,6
ENSG00000099940,+,1908,1908,0.5534591194968553,0.5141509433962265,3,1,1,0,1,0,0,0,0,0,1,0,0,1,0,0,SNAP29,2,1
ENSG00000099956,+,7846,7846,0.45054804996176395,0.4714504205964823,5,8,0,1,1,1,1,1,0,0,0,0,1,2,0,0,SMARCB1,3,4
ENSG00000100104,+,1992,1992,0.5256024096385542,0.571285140562249,1,3,0,0,0,0,0,1,0,0,0,0,0,0,0,0,SRRD,0,1
ENSG00000100142,+,7437,7437,0.5022186365469947,0.49468871856931557,7,6,3,0,1,1,0,1,0,1,0,0,1,3,0,2,POLR2F,2,8
ENSG00000100281,+,34742,34742,0.5864947326003108,0.564072304415405,70,73,2,1,3,1,1,2,3,1,0,0,11,5,4,1,HMGXB4,22,10
ENSG00000100335,+,4824,4824,0.4724295190713101,0.4873548922056385,6,1,1,0,0,1,0,1,0,1,0,0,0,0,0,0,MIEF1,0,3
ENSG00000100441,+,4229,4229,0.5223457082052495,0.4956254433672263,3,5,0,0,0,0,1,0,0,0,0,0,2,0,0,1,KHNYN,3,1
ENSG00000100577,+,9039,9039,0.46564885496183206,0.5045912158424605,9,3,1,0,1,3,2,0,0,0,0,1,0,1,0,0,GSTZ1,3,5
ENSG00000100591,+,2420,2420,0.5685950413223141,0.5524793388429752,6,0,1,0,1,0,0,0,0,0,0,0,0,2,0,0,AHSA1,1,2
ENSG00000100744,+,630,630,0.5888888888888889,0.40634920634920635,1,0,0,0,0,1,0,0,0,0,0,0,0,0,0,0,GSKIP,0,1
ENSG00000101049,+,6367,6367,0.5123291974242187,0.5426417465054185,4,9,1,3,0,1,1,1,0,0,0,1,1,2,0,0,SGK2,2,5
ENSG00000101158,+,3257,3257,0.5437519189438134,0.5302425544980043,5,4,1,0,1,0,0,0,1,0,0,0,0,0,0,0,NELFCD,2,0
ENSG00000101161,+,49624,49624,0.49631226825729485,0.38836047073996455,44,10,5,0,5,17,2,0,1,0,0,1,22,6,0,0,PRPF6,30,24
ENSG00000101162,+,508,508,0.6358267716535433,0.27755905511811024,4,0,0,0,0,0,0,0,0,0,0,0,0,0,0,0,TUBB1,0,0
ENSG00000101346,+,28982,28982,0.523186805603478,0.4971361534745704,34,17,2,0,8,1,5,1,2,2,2,0,10,5,0,0,POFUT1,27,9
ENSG00000101457,+,14696,14696,0.5505579749591726,0.5165351115949919,17,14,0,1,2,0,3,3,1,0,0,1,5,7,2,1,DNTTIP1,13,12
ENSG00000101460,+,8717,8717,0.4889296776413904,0.4834231960536882,10,6,1,0,0,1,1,0,0,0,0,0,2,2,0,0,MAP1LC3A,3,3
ENSG00000101811,+,17939,17939,0.613913819053459,0.5962428228998272,42,36,0,0,1,1,1,2,2,0,1,0,3,1,0,0,CSTF2,8,4
ENSG00000102401,+,4769,4769,0.6336758230236947,0.5628014258754456,12,5,0,0,0,2,0,1,0,0,1,0,1,0,0,1,ARMCX3,2,4
ENSG00000102471,+,4920,4920,0.575,0.708130081300813,8,23,0,1,1,1,0,0,0,2,0,0,1,0,0,0,NDFIP2,2,3
ENSG00000103005,+,14380,14380,0.5193324061196106,0.44082058414464537,18,8,1,0,2,2,1,2,1,0,0,0,5,4,1,1,USB1,10,9
ENSG00000103150,+,5007,5007,0.48512083083682844,0.5460355502296784,2,6,0,0,0,0,1,0,0,0,0,0,0,1,0,0,MLYCD,1,1
ENSG00000103202,+,11268,11268,0.4214589989350373,0.4524316648917288,10,14,5,6,4,0,0,0,1,0,0,0,2,4,0,0,NME4,7,4
ENSG00000103326,+,21045,21045,0.34046091708244236,0.3978142076502732,7,3,1,0,1,3,1,1,0,1,0,0,2,5,0,1,CAPN15,4,11
ENSG00000103528,+,18421,18421,0.5256500732859237,0.5711416318332339,20,35,1,0,3,1,1,2,1,0,0,2,4,3,2,2,SYT17,11,10
ENSG00000104047,+,8472,8472,0.6680830972615676,0.6417610953729934,27,41,0,1,1,0,0,0,1,0,0,0,3,1,0,2,DTWD1,5,3
ENSG00000104267,+,14520,14520,0.6305785123966943,0.5835399449035813,51,34,2,1,1,1,0,1,0,1,0,0,4,1,1,1,CA2,6,5
ENSG00000104341,+,27146,27146,0.5624033006704486,0.5219921903779562,69,26,23,0,1,4,0,1,2,0,1,2,5,17,1,2,LAPTM4B,10,26
ENSG00000104679,+,628,628,0.46178343949044587,0.4554140127388535,0,0,0,0,1,0,0,0,1,0,0,0,0,0,0,0,R3HCC1,2,0
ENSG00000104722,+,108,108,0.49074074074074076,0.6203703703703703,0,0,0,0,0,0,0,0,0,0,0,0,0,0,0,0,NEFM,0,0
ENSG00000104859,+,24075,24075,0.45698857736240917,0.48456905503634473,15,25,7,4,2,3,2,3,0,0,0,2,6,14,1,0,CLASRP,11,22
ENSG00000104863,+,780,780,0.4166666666666667,0.45384615384615384,0,0,0,0,0,0,0,0,0,0,0,0,0,0,0,0,LIN7B,0,0
ENSG00000104897,+,5373,5373,0.42936906756002235,0.41634096407965754,3,2,0,0,0,0,0,1,0,0,0,0,0,1,0,0,SF3A2,0,2
ENSG00000104904,+,4219,4219,0.36833372837165207,0.4636169708461721,1,5,0,1,1,0,0,0,0,0,0,1,1,2,0,0,OAZ1,2,3
ENSG00000105246,+,4380,4380,0.45228310502283103,0.4694063926940639,1,2,0,0,2,1,0,0,0,0,0,0,4,2,0,0,EBI3,6,3
ENSG00000105255,+,9762,9762,0.4686539643515673,0.43720549067813974,4,4,1,0,1,0,0,1,1,0,1,0,0,9,1,1,FSD1,4,11
ENSG00000105388,+,23652,23652,0.541222729578894,0.4771689497716895,33,16,4,0,2,6,0,2,1,0,0,2,8,3,3,0,CEACAM5,14,13
ENSG00000105393,+,10688,10688,0.46959206586826346,0.46800149700598803,7,4,1,1,2,4,2,1,0,0,0,0,2,5,0,1,BABAM1,6,11
ENSG00000105429,+,593,593,0.47892074198988194,0.45531197301854975,1,1,0,0,0,0,0,0,0,0,0,0,0,0,0,0,MEGF8,0,0
ENSG00000105464,+,44998,44998,0.4869105293568603,0.4517978576825637,51,21,10,2,4,6,2,7,1,0,0,1,19,18,2,0,GRIN2D,28,32
ENSG00000105640,+,1278,1278,0.4241001564945227,0.44522691705790296,0,0,0,0,0,0,0,0,0,0,0,0,0,0,0,0,RPL18A,0,0
ENSG00000105700,+,12842,12842,0.46371281731817476,0.4990655661111976,4,16,0,3,0,1,0,2,0,1,0,0,9,12,0,0,KXD1,9,16
ENSG00000105707,+,16552,16552,0.5059207346544224,0.44133639439342676,10,23,0,5,2,2,1,2,0,0,0,0,8,3,2,0,HPN,13,7
ENSG00000106236,+,8751,8751,0.45697634556050737,0.5237115758199063,6,15,1,0,3,1,0,0,0,0,0,0,0,1,0,2,NPTX2,3,4
ENSG00000106245,+,1552,1552,0.4497422680412371,0.4484536082474227,0,0,0,0,1,0,0,0,0,0,0,0,1,0,0,0,BUD31,2,0
ENSG00000108309,+,494,494,0.4149797570850202,0.5040485829959515,1,0,0,0,1,0,0,0,0,0,0,0,0,1,0,0,RUNDC3A,1,1
ENSG00000108352,+,12231,12231,0.4762488758073747,0.46308560215844985,7,10,0,2,2,2,1,2,0,0,1,0,4,4,0,0,RAPGEFL1,8,8
ENSG00000108384,+,40349,40349,0.5834097499318447,0.5397655456145134,94,45,15,5,2,4,3,1,1,3,1,1,19,19,2,3,RAD51C,28,31
ENSG00000108448,+,36426,36426,0.5592708504914072,0.567369461373744,53,67,2,1,1,0,0,1,0,0,0,2,7,13,1,8,TRIM16L,9,24
ENSG00000109133,+,21998,21998,0.6557414310391854,0.572506591508319,72,40,0,0,1,2,0,1,0,0,0,1,4,7,6,4,TMEM33,11,15
ENSG00000110717,+,292,292,0.3904109589041096,0.5547945205479452,0,0,0,0,0,0,0,0,0,0,0,0,0,0,0,0,NDUFS8,0,0
ENSG00000110921,+,7285,7285,0.45092656142759097,0.48400823610157856,3,5,0,0,2,1,1,0,0,0,0,0,2,3,0,1,MVK,5,5
ENSG00000111321,+,5259,5259,0.4810800532420612,0.44133865753945617,5,4,0,0,2,0,0,0,0,0,0,3,0,1,0,0,LTBR,2,4
ENSG00000111325,+,632,632,0.32436708860759494,0.3528481012658228,0,0,0,0,1,0,0,0,0,0,0,0,0,0,0,0,OGFOD2,1,0
ENSG00000111490,+,11834,11834,0.6114585093797532,0.5680243366570897,36,23,6,0,1,0,0,1,0,0,2,0,3,1,0,0,TBC1D30,6,2
ENSG00000111530,+,20974,20974,0.6538571564794508,0.628206350719939,72,57,1,4,0,2,0,0,2,3,1,1,0,4,2,5,CAND1,5,15
ENSG00000112078,+,44483,44483,0.5815929681001731,0.5723984443495268,94,94,2,5,1,1,5,5,1,3,1,1,16,22,5,7,KCTD20,29,39
ENSG00000112473,+,1236,1236,0.5105177993527508,0.4563106796116505,1,1,0,0,0,1,0,1,0,0,0,0,0,0,0,0,SLC39A7,0,2
ENSG00000112578,+,588,588,0.4710884353741497,0.5289115646258503,0,0,0,0,0,1,0,0,0,0,0,0,0,0,0,0,BYSL,0,1
ENSG00000112812,+,485,485,0.5835051546391753,0.4865979381443299,0,0,0,0,0,0,0,0,0,0,0,0,0,0,0,0,PRSS16,0,0
ENSG00000112996,+,1514,1514,0.6347424042272127,0.6459709379128138,4,10,0,0,0,0,0,0,0,0,0,0,1,0,0,1,MRPS30,1,1
ENSG00000113749,+,8081,8081,0.565152827620344,0.4719712906818463,16,6,0,0,2,1,1,0,0,0,0,0,1,1,2,0,HRH2,6,2
ENSG00000113761,+,20843,20843,0.5370148251211437,0.5530393897231685,37,32,20,5,0,0,3,3,0,1,1,0,11,3,1,1,ZNF346,16,8
ENSG00000114026,+,5799,5799,0.4988791170891533,0.49267115019831004,8,3,0,0,2,0,0,1,1,0,0,0,3,2,0,0,OGG1,6,3
ENSG00000114315,+,1322,1322,0.37594553706505296,0.24508320726172467,1,1,0,0,0,0,0,0,0,0,0,0,0,0,0,0,HES1,0,0
ENSG00000114353,+,22783,22783,0.4217179475925032,0.4376508800421367,7,5,0,0,3,6,2,3,0,0,1,2,5,8,0,1,GNAI2,11,20
ENSG00000114405,+,243,243,0.720164609053498,0.6666666666666666,1,1,0,0,0,0,0,0,0,0,0,0,0,0,0,0,C3orf14,0,0
ENSG00000114739,+,965,965,0.6269430051813472,0.49015544041450776,4,3,0,0,0,0,0,0,0,0,0,0,0,1,0,0,ACVR2B,0,1
ENSG00000114942,+,331,331,0.622356495468278,0.4501510574018127,0,2,0,0,0,0,0,0,0,0,0,0,0,0,0,0,EEF1B2,0,0
ENSG00000115364,+,10369,10369,0.6475069919953708,0.5907030571897001,35,33,0,0,0,1,0,0,0,0,0,2,2,3,0,2,MRPL19,2,8
ENSG00000115539,+,9473,9473,0.5606460466589254,0.5093423413913227,19,15,2,4,1,0,1,0,0,0,0,0,2,3,0,0,PDCL3,4,3
ENSG00000115902,+,11132,11132,0.5826446280991735,0.5190441969098095,23,9,6,0,3,0,1,1,0,0,2,0,4,0,0,0,SLC1A4,10,1
ENSG00000117724,+,41430,41430,0.6079169683804007,0.5791696838040068,102,90,4,0,5,0,2,0,2,0,0,2,8,10,5,8,CENPF,22,20
ENSG00000118655,+,908,908,0.526431718061674,0.5099118942731278,0,2,0,0,0,0,1,0,0,0,0,0,0,0,0,0,DCLRE1B,1,0
ENSG00000118855,+,20678,20678,0.6223522584389206,0.6102621143244027,62,69,2,7,0,1,0,1,0,0,1,0,2,1,2,0,MFSD1,5,3
ENSG00000119673,+,2055,2055,0.5450121654501217,0.5659367396593674,4,4,0,0,0,0,1,0,0,0,0,0,1,2,0,0,ACOT2,2,2
ENSG00000119969,+,35455,35455,0.6310534480327176,0.5859540262304329,116,103,4,7,0,2,4,3,1,1,0,1,4,12,0,0,HELLS,9,19
ENSG00000120549,+,12395,12395,0.5606292860024203,0.5551432029043969,20,19,2,0,2,1,1,1,0,0,0,0,1,4,0,1,KIAA1217,4,7
ENSG00000120756,+,582,582,0.6804123711340206,0.6718213058419243,2,2,0,0,0,0,0,0,0,0,0,0,0,0,0,0,PLS1,0,0
ENSG00000121350,+,29034,29034,0.6376317420954742,0.6193428394296342,105,73,9,4,0,1,2,2,1,3,1,1,4,4,3,3,PYROXD1,11,14
ENSG00000122786,+,33230,33230,0.6008125188083058,0.6038218477279567,78,89,2,2,1,4,0,0,3,1,1,1,7,8,2,2,CALD1,14,16
ENSG00000123575,+,27304,27304,0.6388075007324934,0.5776076765309113,97,43,3,0,2,3,0,2,0,1,2,0,6,2,4,4,FAM199X,14,12
ENSG00000123843,+,4128,4128,0.6075581395348837,0.6065891472868217,11,8,0,0,0,0,0,0,0,0,0,1,2,1,0,1,C4BPB,2,3
ENSG00000124155,+,3853,3853,0.5497015312743317,0.5006488450558007,10,4,0,0,1,1,1,0,0,0,0,0,1,0,0,0,PIGT,3,1
ENSG00000124343,+,25122,25122,0.5267494626224026,0.5561659103574557,37,39,4,5,1,2,0,1,1,1,2,0,6,3,2,0,XG,12,7
ENSG00000125450,+,29139,29139,0.5192697072651773,0.5129551460242286,34,15,8,2,2,2,4,2,2,1,1,1,5,24,2,2,NUP85,16,32
ENSG00000125845,+,4238,4238,0.6156205757432751,0.6151486550259556,13,13,5,0,0,0,1,0,0,0,0,0,0,2,0,0,BMP2,1,2
ENSG00000125870,+,8230,8230,0.6212636695018225,0.5951397326852977,17,17,1,0,0,0,0,1,0,0,0,0,2,1,0,0,SNRPB2,2,2
ENSG00000126249,+,2901,2901,0.46811444329541535,0.5642881764908653,3,2,0,0,0,0,0,0,0,0,0,1,0,0,0,0,PDCD2L,0,1
ENSG00000126267,+,308,308,0.5487012987012987,0.5097402597402597,1,0,0,0,0,0,0,0,0,0,0,1,0,0,0,0,COX6B1,0,1
ENSG00000126461,+,13539,13539,0.40379643991432157,0.4504764015067583,4,17,0,3,1,0,1,2,0,0,0,1,1,1,0,0,SCAF1,3,4
ENSG00000127022,+,24150,24150,0.5699792960662526,0.5118840579710144,61,36,12,12,1,1,1,4,0,0,0,2,14,11,2,2,CANX,18,20
ENSG00000127328,+,27766,27766,0.6251890801699921,0.6121515522581574,87,61,1,0,2,0,0,1,3,2,0,1,3,3,4,3,RAB3IP,12,10
ENSG00000127831,+,28952,28952,0.484975131251727,0.44763746891406464,24,17,0,3,3,1,3,3,0,0,0,1,13,16,1,0,VIL1,20,21
ENSG00000128191,+,11053,11053,0.5042974757984258,0.4751651135438342,8,6,1,0,1,1,0,1,0,0,0,1,3,4,0,0,DGCR8,4,7
ENSG00000128590,+,548,548,0.7007299270072993,0.6861313868613139,1,3,0,0,0,0,0,0,0,0,0,0,0,0,0,0,DNAJB9,0,0
ENSG00000129197,+,3996,3996,0.5447947947947948,0.5447947947947948,4,9,1,0,2,0,0,0,0,0,1,0,0,1,0,3,RPAIN,3,4
ENSG00000129484,+,2845,2845,0.590158172231986,0.5898066783831283,4,10,0,0,0,0,0,0,0,0,0,0,0,1,0,0,PARP2,0,1
ENSG00000130726,+,3300,3300,0.4260606060606061,0.3845454545454545,0,0,0,0,0,0,0,0,0,0,0,0,0,0,0,0,TRIM28,0,0
ENSG00000130768,+,19652,19652,0.5072257276613067,0.5383167107673519,24,31,1,8,4,1,2,1,0,0,1,0,7,9,1,0,SMPDL3B,15,11
ENSG00000130881,+,22511,22511,0.43325485318288837,0.5212562747101417,18,39,4,7,6,3,1,2,0,2,0,0,5,9,1,1,LRP3,13,17
ENSG00000132024,+,20281,20281,0.4655095902568907,0.4929737192446132,12,25,0,0,2,2,2,1,2,1,0,0,7,13,0,1,CC2D1A,13,18
ENSG00000132639,+,14741,14741,0.6053863374262262,0.6076249915202496,37,37,0,1,3,3,2,0,0,1,0,1,1,0,1,2,SNAP25,7,7
ENSG00000132664,+,6980,6980,0.5908309455587393,0.6180515759312321,22,23,3,2,1,1,0,0,1,2,0,2,2,1,1,1,POLR3F,5,7
ENSG00000132819,+,941,941,0.38575982996811903,0.37619553666312433,0,0,0,0,0,0,0,0,0,0,0,0,0,0,0,0,RBM38,0,0
ENSG00000132821,+,26830,26830,0.472493477450615,0.46231830040998884,34,22,3,0,4,1,0,3,0,3,0,0,8,6,1,1,VSTM2L,13,14
ENSG00000132840,+,4619,4619,0.5747997402035072,0.5438406581511149,5,8,0,2,0,0,0,0,1,0,0,0,1,0,0,0,BHMT2,2,0
ENSG00000133477,+,18053,18053,0.4964271866171827,0.48800753337395447,17,23,0,3,1,2,1,2,2,1,0,1,4,5,0,0,FAM83F,8,11
ENSG00000133574,+,2606,2606,0.5356868764389869,0.5725249424405219,4,9,0,2,0,0,0,0,0,0,1,0,2,0,0,1,GIMAP4,3,1
ENSG00000134247,+,1313,1313,0.536938309215537,0.5087585681645087,3,0,0,0,0,0,0,0,0,0,0,0,0,1,0,0,PTGFRN,0,1
ENSG00000134602,+,23711,23711,0.6428661802538906,0.6044451942136561,91,62,1,2,1,3,2,2,0,2,0,3,3,4,0,1,STK26,6,15
ENSG00000134815,+,25379,25379,0.44852043027700067,0.4999408960163915,23,24,14,6,2,3,3,3,0,1,0,0,8,11,1,1,DHX34,14,19
ENSG00000135069,+,30493,30493,0.5456662184763716,0.5717377758829896,48,51,1,0,3,2,2,1,2,2,1,0,7,10,0,2,PSAT1,15,17
ENSG00000135093,+,31298,31298,0.5816026583168253,0.5738385839350757,57,54,0,4,6,2,2,3,1,0,4,1,4,6,2,2,USP30,19,14
ENSG00000135148,+,6387,6387,0.5647408799123219,0.5827462032253014,5,15,0,1,0,0,0,0,0,1,1,0,1,2,0,1,TRAFD1,2,4
ENSG00000135164,+,31468,31468,0.6436062031269861,0.6267954747680183,116,86,1,2,1,2,1,0,3,3,2,0,4,3,3,2,DMTF1,14,10
ENSG00000135697,+,20092,20092,0.5286183555644037,0.5217499502289469,37,28,3,10,2,4,0,3,0,2,0,2,13,8,0,0,BCO1,15,19
ENSG00000135750,+,33963,33963,0.5833995818979477,0.5717692783323028,94,59,9,2,2,2,5,2,1,1,2,2,3,7,2,1,KCNK1,15,15
ENSG00000135972,+,39717,39717,0.6353954226150011,0.6204396102424654,120,105,1,2,1,1,1,5,2,0,3,3,3,11,7,2,MRPS9,17,22
ENSG00000136156,+,2691,2691,0.620958751393534,0.6692679301374953,9,18,0,0,0,0,0,0,0,0,0,0,0,0,1,0,ITM2B,1,0
ENSG00000136504,+,29639,29639,0.5849387631161646,0.548668983433989,69,45,6,2,0,1,2,2,5,3,4,2,7,10,3,2,KAT7,21,20
ENSG00000136636,+,21131,21131,0.6524064171122995,0.6369315224078368,67,57,4,3,0,0,0,0,2,3,0,0,5,1,1,1,KCTD3,8,5
ENSG00000136807,+,4584,4584,0.49956369982547993,0.38263525305410123,4,3,0,0,0,0,0,0,0,0,0,0,0,1,0,0,CDK9,0,1
ENSG00000136824,+,820,820,0.6695121951219513,0.651219512195122,4,6,0,0,0,0,0,0,0,0,1,0,0,0,0,0,SMC2,1,0
ENSG00000137166,+,198,198,0.4444444444444444,0.37373737373737376,0,0,0,0,0,0,0,0,0,0,0,0,0,0,0,0,FOXP4,0,0
ENSG00000137185,+,6268,6268,0.5738672622846203,0.5883854499042757,16,19,0,2,0,0,0,0,0,1,0,1,3,2,0,0,ZSCAN9,3,4
ENSG00000137338,+,9834,9834,0.595688427903193,0.6127720154565792,15,27,1,1,0,0,1,0,0,0,1,0,2,0,0,0,PGBD1,4,0
ENSG00000138180,+,11395,11395,0.5881526985519965,0.590258885476086,15,31,0,2,1,3,1,3,3,0,0,0,0,2,1,1,CEP55,6,9
ENSG00000138316,+,8496,8496,0.4538606403013183,0.4903483992467043,5,10,0,0,0,1,1,2,0,0,0,0,0,2,0,0,ADAMTS14,1,5
ENSG00000138459,+,20493,20493,0.6256770604596692,0.6243595374030156,60,59,2,0,1,1,0,1,3,1,2,0,3,2,4,1,SLC35A5,13,6
ENSG00000139182,+,4940,4940,0.5095141700404858,0.45951417004048584,10,1,0,0,0,3,1,0,0,0,0,0,0,0,1,0,CLSTN3,2,3
ENSG00000139343,+,2307,2307,0.64716081491114,0.6441265713047247,6,3,0,0,0,0,0,0,0,0,0,0,1,1,0,1,SNRPF,1,2
ENSG00000139350,+,300,300,0.67,0.72,1,2,0,0,0,0,0,0,0,0,0,0,0,0,0,0,NEDD1,0,0
ENSG00000139352,+,250,250,0.248,0.332,0,0,0,0,0,0,0,0,0,0,0,0,0,0,0,0,ASCL1,0,0
ENSG00000139537,+,3368,3368,0.5427553444180523,0.5596793349168646,2,5,0,0,2,0,0,0,0,0,0,0,1,0,0,0,CCDC65,3,0
ENSG00000139579,+,5710,5710,0.4922942206654991,0.48038528896672505,4,10,0,4,0,0,0,1,0,0,1,1,3,3,0,1,NABP2,4,6
ENSG00000139977,+,17666,17666,0.6424204686969319,0.5875693422393298,69,37,3,0,0,1,1,0,0,1,1,0,5,3,0,3,NAA30,7,8
ENSG00000140043,+,1564,1564,0.45460358056265987,0.6278772378516624,0,6,0,0,0,0,0,1,0,0,0,0,0,1,0,0,PTGR2,0,2
ENSG00000140682,+,2158,2158,0.3943466172381835,0.4165894346617238,3,0,2,0,0,0,0,0,0,0,0,1,1,0,0,0,TGFB1I1,1,1
ENSG00000140983,+,3756,3756,0.32800851970181044,0.3407880724174654,1,0,0,0,3,0,1,0,0,0,0,0,0,0,0,0,RHOT2,4,0
ENSG00000142039,+,7579,7579,0.44504552051721863,0.4933368518274179,2,5,0,0,3,2,1,3,0,0,1,1,3,1,0,0,CCDC97,8,7
ENSG00000142168,+,2095,2095,0.5875894988066825,0.5618138424821002,7,4,0,0,0,0,0,0,0,0,0,1,1,2,1,0,SOD1,2,3
ENSG00000142273,+,1951,1951,0.4961558175294721,0.3741670937980523,3,0,0,0,1,0,1,0,0,0,0,0,2,1,0,0,CBLC,4,1
ENSG00000142528,+,19968,19968,0.5154246794871795,0.5083633814102564,25,21,0,3,1,2,6,0,1,0,1,1,4,6,1,1,ZNF473,14,10
ENSG00000142949,+,43126,43126,0.43518990863979967,0.44520706766219914,20,21,1,0,11,4,5,2,1,2,1,1,3,5,1,1,PTPRF,22,15
ENSG00000143179,+,30180,30180,0.5388336646785951,0.5817428760768721,50,46,4,1,2,0,3,0,6,0,0,3,4,3,1,2,UCK2,16,8
ENSG00000143374,+,884,884,0.4762443438914027,0.48642533936651583,0,2,0,0,0,1,0,0,0,0,0,0,0,0,0,0,TARS2,0,1
ENSG00000143479,+,3751,3751,0.5817115435883764,0.59584110903759,7,9,0,1,1,1,1,0,0,0,1,0,1,1,1,0,DYRK3,5,2
ENSG00000144118,+,13418,13418,0.5835444924727977,0.5635713221046356,15,25,0,0,0,0,1,2,1,0,1,0,2,1,0,0,RALB,5,3
ENSG00000144152,+,3608,3608,0.5903547671840355,0.4916851441241685,8,3,1,0,0,0,0,0,0,0,1,0,0,0,0,0,FBLN7,1,0
ENSG00000144827,+,637,637,0.695447409733124,0.7158555729984302,4,4,0,1,0,0,0,0,0,0,0,0,0,1,0,0,ABHD10,0,1
ENSG00000145022,+,1367,1367,0.49231894659839065,0.4242867593269934,1,0,0,0,0,0,0,0,0,0,0,0,0,0,0,0,TCTA,0,0
ENSG00000145388,+,13860,13860,0.6381673881673882,0.6266233766233766,49,47,2,2,2,0,0,0,2,1,3,1,6,3,3,0,METTL14,16,5
ENSG00000145649,+,7042,7042,0.6099119568304459,0.5836410110763988,7,5,0,0,0,0,0,1,3,0,1,1,1,1,0,0,GZMA,5,3
ENSG00000147676,+,30389,30389,0.5992628911777288,0.5997564908354996,59,75,3,0,0,2,1,2,0,2,2,1,4,6,4,2,MAL2,11,15
ENSG00000147689,+,3513,3513,0.4332479362368346,0.5263307714204384,0,3,0,0,1,0,0,0,0,0,0,0,0,1,0,0,FAM83A,1,1
ENSG00000147789,+,618,618,0.5307443365695793,0.5129449838187702,2,2,0,0,0,0,0,0,0,0,0,0,0,0,0,0,ZNF7,0,0
ENSG00000148426,+,870,870,0.5402298850574713,0.5379310344827586,2,5,0,1,0,0,0,0,0,0,0,0,0,0,0,0,PROSER2,0,0
ENSG00000149554,+,1070,1070,0.6672897196261682,0.6691588785046729,4,2,1,0,0,1,1,0,0,0,0,0,0,0,0,0,CHEK1,1,1
ENSG00000149782,+,11188,11188,0.39229531641043974,0.3911333571683947,6,1,0,0,0,4,0,0,0,0,0,0,2,0,0,0,PLCB3,2,4
ENSG00000150776,+,9758,9758,0.6042221766755482,0.5759376921500308,16,14,0,0,0,0,1,2,0,0,2,0,1,7,4,0,NKAPD1,8,9
ENSG00000150893,+,30917,30917,0.6305592392534851,0.6175243393602226,86,84,0,3,1,3,3,5,4,4,2,1,4,6,3,4,FREM2,17,23
ENSG00000151093,+,8620,8620,0.6044083526682135,0.5680974477958237,20,9,0,0,1,1,2,1,0,1,0,1,0,0,0,3,OXSM,3,7
ENSG00000151176,+,23183,23183,0.484449812362507,0.5165422939222706,35,31,6,4,1,3,1,3,0,0,1,0,7,7,0,1,PLBD2,10,14
ENSG00000151322,+,3240,3240,0.6401234567901235,0.6398148148148148,11,11,0,0,0,0,0,0,0,1,0,0,0,1,0,1,NPAS3,0,3
ENSG00000151687,+,7339,7339,0.6067584139528546,0.6120724894399782,21,23,0,1,0,0,0,1,1,0,1,0,1,0,1,0,ANKAR,4,1
ENSG00000152049,+,2504,2504,0.48801916932907347,0.5303514376996805,5,6,1,0,0,0,0,0,0,0,0,0,1,0,0,0,KCNE4,1,0
ENSG00000152240,+,22556,22556,0.5894662174144352,0.5527575811314063,54,31,14,3,1,1,1,0,3,2,0,0,11,18,1,1,HAUS1,17,22
ENSG00000152256,+,46177,46177,0.6089395153431362,0.5670355371721852,106,86,0,0,3,4,0,1,1,2,1,0,7,12,6,5,PDK1,18,24
ENSG00000152785,+,6592,6592,0.6391080097087378,0.6278822815533981,17,22,1,0,1,0,0,0,0,0,0,0,1,0,0,0,BMP3,2,0
ENSG00000153130,+,17278,17278,0.6310915615233245,0.6063780530153953,67,51,1,4,1,0,1,0,1,1,1,2,1,2,1,0,SCOC,6,5
ENSG00000154040,+,12452,12452,0.5591069707677482,0.5817539351108255,22,25,0,0,0,1,1,0,0,0,1,0,2,1,0,0,CABYR,4,2
ENSG00000154473,+,2912,2912,0.6456043956043956,0.6648351648351648,12,9,0,0,0,1,0,1,0,0,0,0,0,0,0,0,BUB3,0,2
ENSG00000154839,+,543,543,0.6206261510128913,0.4972375690607735,1,0,0,0,0,0,0,0,0,0,0,0,0,0,0,0,SKA1,0,0
ENSG00000154914,+,9480,9480,0.5451476793248945,0.5812236286919831,18,19,2,1,1,0,0,2,0,1,1,0,0,3,1,0,USP43,3,6
ENSG00000155850,+,5021,5021,0.6205935072694683,0.6010754829715196,18,15,0,1,0,0,0,2,1,0,0,0,0,0,1,1,SLC26A2,2,3
ENSG00000156510,+,4562,4562,0.47851819377466026,0.4991231915826392,6,8,0,2,0,1,1,0,0,0,1,0,0,2,0,0,HKDC1,2,3
ENSG00000156976,+,219,219,0.5844748858447488,0.5753424657534246,0,0,0,0,0,0,0,0,0,0,0,0,0,0,0,0,EIF4A2,0,0
ENSG00000156983,+,4153,4153,0.46183481820370814,0.45605586323139896,4,3,0,0,1,1,2,1,0,0,0,0,0,1,0,0,BRPF1,3,3
ENSG00000157036,+,17338,17338,0.6167954781405006,0.5982812319760065,53,41,0,3,0,1,0,0,0,1,0,1,3,2,1,3,EXOG,4,8
ENSG00000157240,+,1177,1177,0.5378079864061173,0.36278674596431604,2,0,0,0,0,0,0,1,0,0,0,0,0,0,0,0,FZD1,0,1
ENSG00000157613,+,28520,28520,0.47552594670406734,0.495617110799439,28,23,5,0,5,7,0,4,2,1,0,2,11,15,1,1,CREB3L1,19,30
ENSG00000158258,+,282,282,0.5035460992907801,0.6418439716312057,0,0,0,0,0,0,0,0,0,0,0,0,0,0,0,0,CLSTN2,0,0
ENSG00000159199,+,643,643,0.5318818040435459,0.5396578538102644,1,1,0,0,0,0,0,0,0,0,0,0,0,0,0,0,ATP5MC1,0,0
ENSG00000160014,+,472,472,0.413135593220339,0.4173728813559322,0,0,0,0,0,1,0,0,0,0,0,0,0,0,0,0,CALM3,0,1
ENSG00000160703,+,13651,13651,0.47366493297194345,0.46025932166141675,11,9,1,3,2,3,0,3,0,1,1,2,5,4,1,0,NLRX1,9,13
ENSG00000160867,+,3824,3824,0.3891213389121339,0.3946129707112971,0,0,0,0,2,0,2,2,0,0,0,0,0,0,1,1,FGFR4,5,3
ENSG00000161202,+,2030,2030,0.48669950738916257,0.43054187192118226,5,1,0,0,0,0,0,0,1,0,0,0,1,0,0,0,DVL3,2,0
ENSG00000162076,+,14304,14304,0.49384787472035796,0.5000699105145414,21,20,3,3,0,3,1,2,0,1,0,1,6,11,0,0,FLYWCH2,7,18
ENSG00000162086,+,7475,7475,0.571371237458194,0.5347157190635452,10,8,0,0,2,1,0,1,0,1,0,0,1,2,1,0,ZNF75A,4,5
ENSG00000162227,+,17375,17375,0.4835107913669065,0.5133237410071942,16,23,2,4,3,1,1,0,0,0,0,0,10,6,1,0,TAF6L,15,7
ENSG00000162522,+,5088,5088,0.3966194968553459,0.45970911949685533,0,5,0,0,0,0,0,0,0,0,0,0,1,1,0,0,KIAA1522,1,1
ENSG00000162769,+,35407,35407,0.6058971389838168,0.5565283700963086,78,54,3,7,1,1,3,1,1,1,1,1,7,18,1,2,FLVCR1,14,24
ENSG00000162892,+,9628,9628,0.516825924387204,0.563876194432904,9,33,0,4,2,2,0,0,0,1,1,0,0,0,0,0,IL24,3,3
ENSG00000162981,+,13142,13142,0.6275300563080201,0.5255668847968346,46,17,2,1,1,1,0,0,2,0,0,2,5,3,2,0,LRATD1,10,6
ENSG00000163406,+,23819,23819,0.5985977580922792,0.6491036567446157,72,102,5,9,0,3,1,1,1,0,3,0,5,5,1,3,SLC15A2,11,12
ENSG00000163444,+,15714,15714,0.5918289423444063,0.5815833015145729,34,36,2,7,0,0,2,0,1,0,1,1,5,2,0,1,TMEM183A,9,4
ENSG00000163535,+,20301,20301,0.6289837939017783,0.6317915373626914,48,48,2,0,0,1,1,2,3,2,0,0,0,3,0,4,SGO2,4,12
ENSG00000163558,+,39743,39743,0.6100193744810407,0.596809501044209,120,96,5,6,3,2,2,4,2,1,2,2,21,14,3,2,PRKCI,33,25
ENSG00000163599,+,5634,5634,0.5717074902378416,0.6137735179268725,19,12,1,1,0,0,0,1,0,1,0,1,0,1,0,0,CTLA4,0,4
ENSG00000163945,+,37166,37166,0.40354087068826344,0.440025830059732,24,20,4,0,10,6,0,1,1,0,0,0,6,4,0,0,UVSSA,17,11
ENSG00000163993,+,2723,2723,0.4663973558575101,0.4777818582445832,1,0,0,0,0,1,0,1,0,1,0,0,1,1,0,0,S100P,1,4
ENSG00000164008,+,5780,5780,0.5899653979238755,0.47975778546712805,12,4,0,0,0,0,0,0,1,0,1,0,2,3,0,0,C1orf50,4,3
ENSG00000164062,+,104,104,0.40384615384615385,0.4230769230769231,0,0,0,0,0,0,0,0,0,0,0,0,0,0,0,0,APEH,0,0
ENSG00000164070,+,3127,3127,0.6594179724976016,0.6021746082507196,13,8,1,0,0,0,0,1,1,0,0,0,0,3,0,0,HSPA4L,1,4
ENSG00000164105,+,8041,8041,0.599552294490735,0.6302698669319736,32,24,3,0,1,0,0,0,0,1,2,0,1,0,2,1,SAP30,6,2
ENSG00000164167,+,4836,4836,0.630272952853598,0.651571546732837,14,15,0,0,0,0,1,0,0,1,0,0,0,0,0,0,LSM6,1,1
ENSG00000164466,+,25750,25750,0.590757281553398,0.5613203883495146,55,40,2,2,2,1,2,1,3,2,4,0,4,6,0,3,SFXN1,15,13
ENSG00000164611,+,5512,5512,0.6224600870827286,0.5772859216255443,7,17,0,1,1,0,0,0,0,0,0,0,2,1,0,0,PTTG1,3,1
ENSG00000164695,+,9774,9774,0.6391446695314099,0.6311643134847554,26,35,0,0,0,0,0,0,1,1,1,1,0,1,0,1,CHMP4C,2,4
ENSG00000164932,+,3402,3402,0.6452087007642563,0.6081716637272193,9,11,0,2,0,0,0,0,0,0,0,0,1,1,0,0,CTHRC1,1,1
ENSG00000165731,+,26875,26875,0.4389953488372093,0.4362046511627907,15,21,0,0,5,7,0,4,2,0,1,0,2,2,1,3,RET,11,16
ENSG00000165948,+,18444,18444,0.5502060290609412,0.5843634786380395,21,27,1,0,0,0,0,1,1,0,0,0,5,2,2,2,IFI27L1,8,5
ENSG00000166133,+,4016,4016,0.5308764940239044,0.5296314741035857,8,10,0,0,1,0,0,1,0,0,2,0,0,0,0,0,RPUSD2,3,1
ENSG00000166278,+,14342,14342,0.48814670199414306,0.4880072514293683,7,19,0,1,5,4,1,4,0,1,0,2,2,5,0,0,C2,8,16
ENSG00000166532,+,13096,13096,0.5932345754428833,0.5749083689676237,36,28,1,0,0,1,0,0,2,0,0,1,2,2,0,1,RIMKLB,4,5
ENSG00000166598,+,13505,13505,0.6159200296186598,0.5714179933358016,38,36,4,0,2,0,0,0,1,2,1,0,2,1,1,0,HSP90B1,7,3
ENSG00000166681,+,314,314,0.29936305732484075,0.42038216560509556,0,0,0,0,0,0,0,0,0,0,0,0,0,0,0,0,BEX3,0,0
ENSG00000166847,+,5697,5697,0.561699139898192,0.590135158855538,7,16,0,0,1,0,0,0,0,0,3,0,0,3,0,0,DCTN5,4,3
ENSG00000166908,+,6406,6406,0.5379331876365907,0.5159225725881985,7,6,0,0,0,0,0,2,1,0,0,1,3,0,0,0,PIP4K2C,4,3
ENSG00000166913,+,3645,3645,0.6241426611796982,0.5654320987654321,13,6,0,0,0,0,0,0,0,0,0,0,0,2,0,0,YWHAB,0,2
ENSG00000167186,+,4910,4910,0.5509164969450102,0.5346232179226069,9,4,1,0,0,0,0,0,0,0,0,1,1,3,1,0,COQ7,2,4
ENSG00000167470,+,1523,1523,0.40446487196323044,0.350623768877216,0,0,0,0,0,0,2,1,0,0,1,0,1,0,0,0,MIDN,4,1
ENSG00000167642,+,26839,26839,0.5022541823465851,0.47673162189351315,18,13,1,1,3,2,2,1,1,1,0,3,9,15,0,2,SPINT2,15,24
ENSG00000167685,+,26168,26168,0.4524228064811984,0.464727911953531,15,20,3,2,5,4,0,0,1,1,1,0,7,11,0,2,ZNF444,14,18
ENSG00000167770,+,198,198,0.35353535353535354,0.3939393939393939,0,0,0,0,0,0,0,0,0,0,0,0,0,0,0,0,OTUB1,0,0
ENSG00000167914,+,3424,3424,0.5105140186915887,0.5046728971962616,4,3,0,0,0,0,0,0,0,0,0,0,2,1,0,0,GSDMA,2,1
ENSG00000168071,+,6342,6342,0.3776411226742353,0.40586565752128667,2,1,0,0,1,0,0,0,0,0,1,0,0,1,0,0,CCDC88B,2,1
ENSG00000168496,+,1572,1572,0.5871501272264631,0.5,4,2,0,0,0,0,1,0,0,0,0,0,0,0,0,0,FEN1,1,0
ENSG00000168803,+,19423,19423,0.6056736858363796,0.5545487308860629,46,32,4,2,1,2,0,0,2,1,3,0,3,6,0,1,ADAL,9,10
ENSG00000168906,+,6992,6992,0.5869565217391305,0.5191647597254004,14,11,0,0,0,0,0,0,0,0,1,0,3,1,0,0,MAT2A,4,1
ENSG00000169251,+,12018,12018,0.6665834581461142,0.6276418705275421,46,35,4,0,1,0,0,0,1,2,2,1,2,1,0,2,NMD3,6,6
ENSG00000169598,+,3926,3926,0.5007641365257259,0.5078960774325013,7,2,2,0,2,1,0,0,0,0,0,0,0,0,0,1,DFFB,2,2
ENSG00000170092,+,9537,9537,0.5077068260459264,0.5180874488832966,10,6,2,0,1,0,0,0,0,0,0,0,2,3,2,1,SPDYE5,5,4
ENSG00000170265,+,20393,20393,0.48359731280341295,0.5147844848722601,28,33,4,7,3,1,3,1,0,1,0,2,8,6,0,0,ZNF282,14,11
ENSG00000170417,+,27692,27692,0.5912537917087968,0.6087317636862631,67,70,4,2,2,4,2,0,0,1,1,0,6,3,0,2,TMEM182,11,10
ENSG00000170608,+,5348,5348,0.49233358264771876,0.43268511593118925,8,5,2,0,1,1,0,2,1,0,0,1,1,1,1,0,FOXA3,4,5
ENSG00000170632,+,13078,13078,0.6227251873375134,0.5609420400672885,23,26,0,1,0,0,2,2,0,2,1,1,1,2,0,0,ARMC10,4,7
ENSG00000170745,+,33189,33189,0.5885685016119798,0.5597336466901685,91,58,2,1,2,5,4,2,3,3,2,1,2,5,3,6,KCNS3,16,22
ENSG00000170892,+,2004,2004,0.5474051896207585,0.35479041916167664,3,1,0,0,1,1,1,0,0,1,0,0,1,0,0,0,TSEN34,3,2
ENSG00000171159,+,2354,2354,0.47323704333050126,0.4328802039082413,1,2,0,2,0,0,0,0,0,0,0,0,0,0,0,0,C9orf16,0,0
ENSG00000171224,+,626,626,0.4536741214057508,0.4776357827476038,0,0,0,0,0,0,0,1,0,0,0,0,0,0,0,0,FAM241B,0,1
ENSG00000171295,+,19798,19798,0.5666228912011314,0.5585917769471663,28,23,1,1,0,1,0,0,0,2,0,0,6,9,1,1,ZNF440,7,13
ENSG00000172167,+,20706,20706,0.6518883415435139,0.6402974983096686,72,64,5,3,1,0,0,0,2,3,1,1,1,8,7,2,MTBP,12,14
ENSG00000172201,+,5032,5032,0.6228139904610492,0.4785373608903021,9,10,1,1,0,1,0,0,1,0,0,0,1,1,0,0,ID4,2,2
ENSG00000172270,+,6113,6113,0.34974644200883365,0.39276950760673973,0,4,0,0,2,0,0,0,0,0,0,0,0,2,0,0,BSG,2,2
ENSG00000172331,+,2413,2413,0.6154164939908827,0.580605055946954,8,3,1,0,0,1,0,0,0,0,0,0,0,1,1,0,BPGM,1,2
ENSG00000172346,+,16627,16627,0.4401275034582306,0.4754315270343417,12,15,1,5,4,5,0,0,1,0,1,0,7,8,0,0,CSDC2,13,13
ENSG00000172469,+,8045,8045,0.670105655686762,0.6622747047855811,38,26,3,0,0,1,1,0,0,1,0,1,1,1,0,0,MANEA,2,4
ENSG00000172977,+,3145,3145,0.4667726550079491,0.4235294117647059,0,2,0,0,0,1,0,0,0,0,0,1,0,1,0,0,KAT5,0,3
ENSG00000173020,+,4178,4178,0.3463379607467688,0.3812829104834849,0,3,0,0,0,0,0,0,0,0,0,0,0,1,0,0,GRK2,0,1
ENSG00000173114,+,26758,26758,0.6565139397563345,0.6353240152477764,108,81,4,7,4,3,0,1,3,0,1,4,3,6,2,2,LRRN3,13,16
ENSG00000173207,+,7685,7685,0.5471698113207547,0.44788549121665583,11,3,0,0,0,2,0,2,0,0,1,0,4,1,0,1,CKS1B,5,6
ENSG00000173349,+,1661,1661,0.5665261890427453,0.36724864539434077,1,0,0,0,1,0,0,0,0,0,0,0,0,0,0,0,SFT2D3,1,0
ENSG00000173418,+,10673,10673,0.6286892157781317,0.5448327555513913,35,22,1,9,1,0,0,1,1,0,1,1,3,0,1,0,NAA20,7,2
ENSG00000173557,+,1051,1051,0.47288296860133205,0.42150333016175073,2,0,0,0,0,0,0,0,0,0,0,0,0,0,0,0,FAM166C,0,0
ENSG00000173786,+,3263,3263,0.49586270303401775,0.4505056696291756,1,2,0,0,0,0,0,1,0,0,0,0,1,0,1,0,CNP,2,1
ENSG00000173890,+,46487,46487,0.5834319272054553,0.5759244519973326,92,93,4,7,0,1,1,4,5,6,2,2,9,13,3,2,GPR160,20,28
ENSG00000174013,+,1231,1231,0.6669374492282697,0.5800162469536961,3,3,0,0,0,0,0,0,0,0,0,0,0,1,0,0,FBXO45,0,1
ENSG00000174136,+,3300,3300,0.5696969696969697,0.6172727272727273,6,6,1,0,1,0,0,0,0,0,0,0,1,0,0,0,RGMB,2,0
ENSG00000174173,+,1688,1688,0.5533175355450237,0.5882701421800948,3,2,0,0,0,0,0,0,0,0,0,0,1,0,0,0,TRMT10C,1,0
ENSG00000174989,+,8788,8788,0.5857988165680473,0.5559854346836596,24,15,5,0,0,5,1,0,0,0,0,2,0,1,0,1,FBXW8,1,9
ENSG00000176853,+,34972,34972,0.6339071257005604,0.5808075031453734,130,65,10,4,0,3,3,0,5,3,4,2,4,5,1,4,FAM91A1,17,17
ENSG00000176894,+,2694,2694,0.42947290274684485,0.5293244246473645,1,4,0,0,0,1,0,0,0,0,0,0,0,1,0,0,PXMP2,0,2
ENSG00000177106,+,27497,27497,0.40131650725533696,0.46779648688947884,12,20,5,0,1,7,1,5,0,1,0,0,7,16,0,0,EPS8L2,9,29
ENSG00000177192,+,8567,8567,0.5027430839266954,0.42803781954009573,11,8,2,3,1,2,0,0,1,0,1,0,2,2,0,0,PUS1,5,4
ENSG00000177370,+,846,846,0.5484633569739953,0.5650118203309693,1,0,0,0,0,0,0,0,0,0,0,0,0,0,0,0,TIMM22,0,0
ENSG00000177646,+,19483,19483,0.4813940358261048,0.5442180362367192,10,35,0,2,4,2,3,2,0,0,0,1,4,5,0,0,ACAD9,11,10
ENSG00000177679,+,145,145,0.4206896551724138,0.4,0,0,0,0,0,0,0,0,0,0,0,0,0,0,0,0,SRRM3,0,0
ENSG00000178053,+,26061,26061,0.6358927132496834,0.595986339741376,81,62,5,2,0,3,1,3,1,1,2,2,6,7,1,1,MLF1,11,17
ENSG00000178338,+,13853,13853,0.5489785606005919,0.5275391611925214,22,22,0,1,1,1,2,1,0,0,1,1,4,2,1,0,ZNF354B,9,5
ENSG00000178460,+,11583,11583,0.5932832599499266,0.5999309332642666,37,35,1,4,1,0,0,0,2,0,1,2,5,3,0,4,MCMDC2,9,9
ENSG00000178691,+,18547,18547,0.6011753922467246,0.5899606405348574,40,40,3,4,2,1,1,1,0,0,0,1,6,6,1,2,SUZ12,10,11
ENSG00000178802,+,6558,6558,0.49268069533394326,0.47133272339127785,1,7,0,0,1,1,1,0,0,0,0,0,0,1,1,0,MPI,3,2
ENSG00000178904,+,37032,37032,0.604747245625405,0.5927846187081444,87,92,7,11,1,1,1,3,0,1,3,0,10,12,4,6,DPY19L3,19,23
ENSG00000178980,+,3243,3243,0.4606845513413506,0.45050878815911194,0,6,0,1,0,1,0,0,0,0,0,0,1,1,0,0,SELENOW,1,2
ENSG00000179242,+,40115,40115,0.48375919232207404,0.5012090240558394,37,37,1,2,7,7,2,3,0,2,2,2,7,1,1,1,CDH4,19,16
ENSG00000179387,+,728,728,0.6675824175824175,0.6854395604395604,2,4,0,0,0,0,0,0,0,0,1,0,0,0,0,0,ELMOD2,1,0
ENSG00000179593,+,7827,7827,0.45113070141816786,0.5314935479749585,4,5,0,0,2,1,2,1,1,0,0,0,1,4,0,0,ALOX15B,6,6
ENSG00000179630,+,10158,10158,0.6555424296121284,0.5740303209293168,35,23,0,2,2,1,0,2,0,1,0,0,1,1,0,1,LACC1,3,6
ENSG00000179934,+,2084,2084,0.5475047984644914,0.5575815738963532,3,4,0,1,0,0,0,0,0,0,0,0,0,0,0,0,CCR8,0,0
ENSG00000179965,+,20722,20722,0.4916513850014477,0.4684875977222276,23,19,2,5,4,4,0,5,0,0,1,0,9,2,0,0,ZNF771,14,11
ENSG00000180902,+,10481,10481,0.41761282320389276,0.4428012594218109,4,3,0,0,3,6,0,0,0,0,0,0,0,2,0,0,D2HGDH,3,8
ENSG00000181192,+,217,217,0.5852534562211982,0.5714285714285714,0,0,0,0,0,1,0,0,0,0,0,0,0,0,0,0,DHTKD1,0,1
ENSG00000181264,+,5947,5947,0.5392634941987556,0.556078695140407,14,14,0,1,1,0,0,0,1,0,0,0,0,2,0,0,TLCD5,2,2
ENSG00000181458,+,6173,6173,0.6034343107079216,0.6275716831362385,11,20,0,1,1,2,0,0,1,0,1,0,2,0,0,0,TMEM45A,5,2
ENSG00000181751,+,314,314,0.6815286624203821,0.5764331210191083,1,1,0,0,0,0,0,1,0,0,0,0,0,0,0,0,C5orf30,0,1
ENSG00000181896,+,14188,14188,0.5215675218494502,0.4192979983084297,22,5,4,0,0,3,1,3,0,0,1,1,6,6,1,0,ZNF101,9,13
ENSG00000182173,+,3450,3450,0.3695652173913043,0.4860869565217391,1,7,0,0,1,1,0,0,0,0,0,0,0,1,0,0,TSEN54,1,2
ENSG00000182871,+,671,671,0.4217585692995529,0.3561847988077496,0,1,0,0,0,0,0,0,0,0,0,0,0,0,0,0,COL18A1,0,0
ENSG00000183111,+,1244,1244,0.3987138263665595,0.5811897106109325,1,3,0,0,1,1,0,0,0,0,0,0,1,0,0,0,ARHGEF37,2,1
ENSG00000183145,+,7450,7450,0.533020134228188,0.4814765100671141,13,14,2,0,2,1,0,1,1,0,0,1,4,2,0,0,RIPPLY3,7,5
ENSG00000183569,+,19411,19411,0.45304208953686054,0.48616763690690845,13,17,2,3,3,1,2,1,1,0,0,0,4,7,1,2,SERHL2,11,11
ENSG00000183624,+,4569,4569,0.5537316699496607,0.5708032392208361,10,8,0,1,0,0,1,0,0,0,0,0,2,2,0,0,HMCES,3,2
ENSG00000183628,+,1940,1940,0.3577319587628866,0.3443298969072165,0,0,0,0,1,2,0,0,0,0,0,0,0,0,0,0,DGCR6,1,2
ENSG00000183751,+,1188,1188,0.3930976430976431,0.43013468013468015,0,1,0,0,1,0,0,0,0,0,1,0,0,0,0,0,TBL3,2,0
ENSG00000183955,+,23878,23878,0.4889437976379931,0.4935924281765642,29,34,1,10,2,2,0,1,0,0,1,0,5,13,1,3,KMT5A,9,19
ENSG00000184194,+,39873,39873,0.5257442379555087,0.5893712537305946,96,69,11,6,3,0,1,3,0,0,3,2,9,15,2,4,GPR173,18,24
ENSG00000184227,+,4220,4220,0.5469194312796208,0.5073459715639811,5,8,0,0,0,1,0,0,0,0,1,0,0,2,1,0,ACOT1,2,3
ENSG00000184730,+,2759,2759,0.35737586081913736,0.4943820224719101,0,0,0,0,1,0,0,0,0,0,0,0,0,1,0,1,APOBR,1,2
ENSG00000185359,+,8653,8653,0.4062174968219115,0.3859932971223853,3,0,0,0,0,3,0,0,0,0,0,0,1,0,0,0,HGS,1,3
ENSG00000185361,+,8043,8043,0.4474698495586224,0.42310083302250406,6,4,0,0,1,0,0,0,0,0,0,0,1,2,0,0,TNFAIP8L1,2,2
ENSG00000187244,+,589,589,0.3616298811544992,0.36502546689303905,0,0,0,0,0,0,0,0,0,0,0,0,0,0,0,0,BCAM,0,0
ENSG00000188021,+,150,150,0.74,0.44,0,0,0,0,0,0,0,0,0,0,0,0,0,0,0,0,UBQLN2,0,0
ENSG00000188306,+,4061,4061,0.5961585816301403,0.5892637281457769,9,9,0,0,0,1,0,0,0,0,0,0,2,1,0,0,LRRIQ4,2,2
ENSG00000189057,+,3249,3249,0.6654355186211142,0.6149584487534626,12,12,1,0,0,0,0,0,0,0,0,1,1,0,0,0,FAM111B,1,1
ENSG00000189143,+,3940,3940,0.38121827411167514,0.4576142131979695,1,1,0,0,0,1,0,0,0,0,0,0,0,0,0,0,CLDN4,0,1
ENSG00000196139,+,32029,32029,0.5717006462893003,0.586406069499516,60,75,0,2,4,2,0,2,0,5,3,2,2,4,1,2,AKR1C3,10,17
ENSG00000196230,+,1034,1034,0.5096711798839458,0.41682785299806574,0,1,0,0,0,0,0,0,0,0,0,1,0,0,0,0,TUBB,0,1
ENSG00000196268,+,6480,6480,0.6126543209876543,0.571604938271605,30,10,9,0,1,0,0,0,0,0,1,2,1,1,0,1,ZNF493,3,4
ENSG00000196787,+,4923,4923,0.615478366849482,0.5772902701604713,14,9,0,0,0,0,0,1,0,0,0,0,1,1,2,0,H2AC11,3,2
ENSG00000197062,+,4113,4113,0.5820568927789934,0.5883783126671529,9,10,1,0,1,0,0,0,2,0,1,0,1,0,0,0,ZSCAN26,5,0
ENSG00000197114,+,11431,11431,0.4936575977604759,0.541334966319657,15,12,4,0,6,1,1,1,0,1,0,2,1,6,0,0,ZGPAT,8,11
ENSG00000197540,+,433,433,0.3117782909930716,0.2840646651270208,0,0,0,0,0,1,0,0,0,0,0,0,0,0,0,0,GZMM,0,1
ENSG00000198040,+,3396,3396,0.6492932862190812,0.6060070671378092,9,4,0,0,0,0,0,0,0,0,0,0,1,0,0,0,ZNF84,1,0
ENSG00000198062,+,18842,18842,0.6107101156989704,0.6025368856809256,51,50,4,1,1,1,1,0,1,0,0,1,2,4,2,3,POTEH,7,9
ENSG00000198231,+,7489,7489,0.6006142342101749,0.5831219121378021,18,17,0,1,0,0,0,0,0,0,0,1,1,2,0,0,DDX42,1,3
ENSG00000198478,+,2753,2753,0.6276788957500908,0.6087904104613149,8,9,0,0,1,1,0,0,0,0,0,0,1,0,0,0,SH3BGRL2,2,1
ENSG00000198546,+,5826,5826,0.44164092001373156,0.48781325094404393,0,3,0,0,0,0,1,1,0,1,0,0,1,1,0,0,ZNF511,2,3
ENSG00000198825,+,20992,20992,0.5915110518292683,0.5783155487804879,64,49,7,4,0,3,3,0,2,0,1,2,3,6,3,2,INPP5F,12,13
ENSG00000198860,+,5095,5095,0.6765456329735035,0.6518155053974485,16,18,0,3,0,0,0,0,1,0,0,1,0,0,0,0,TSEN15,1,1
ENSG00000198863,+,979,979,0.5454545454545454,0.3350357507660878,2,0,0,0,1,0,0,0,0,0,0,0,0,0,0,0,RUNDC1,1,0
ENSG00000204070,+,460,460,0.5413043478260869,0.5065217391304347,1,0,0,0,0,0,0,0,0,0,0,0,0,0,0,0,SYS1,0,0
ENSG00000204308,+,4423,4423,0.45670359484512774,0.48225186524983044,5,1,0,0,0,0,2,0,0,0,0,0,0,0,0,1,RNF5,2,1
ENSG00000204410,+,20723,20723,0.5211118081358876,0.4625295565313902,45,14,14,0,2,3,5,0,0,1,1,0,7,7,0,0,MSH5,15,11
ENSG00000204519,+,15643,15643,0.55673464169277,0.5555839672697053,20,19,0,0,1,1,0,2,0,0,0,1,7,2,0,1,ZNF551,8,7
ENSG00000204568,+,10779,10779,0.5189720753316635,0.5657296595231469,13,17,0,0,2,1,0,1,0,1,1,0,6,1,0,0,MRPS18B,9,4
ENSG00000205423,+,8904,8904,0.618486073674753,0.5634546271338724,28,17,1,1,0,0,0,2,1,0,0,0,3,3,0,1,CNEP1R1,4,6
ENSG00000205457,+,342,342,0.6754385964912281,0.5263157894736842,2,0,0,0,0,1,0,0,0,0,0,0,0,0,0,0,TP53TG3C,0,1
ENSG00000205571,+,30767,30767,0.5877726135144798,0.5790944843501153,66,79,3,9,1,3,3,0,2,2,0,2,7,18,2,2,SMN2,15,27
ENSG00000205707,+,6864,6864,0.6072261072261073,0.5885780885780886,11,17,0,0,0,0,1,0,0,0,1,0,2,1,0,1,ETFRF1,4,2
ENSG00000211445,+,3269,3269,0.49281125726521874,0.49281125726521874,2,2,0,0,1,0,1,0,0,0,0,0,0,0,0,0,GPX3,2,0
ENSG00000211460,+,234,234,0.5598290598290598,0.48717948717948717,0,0,0,0,0,0,0,0,0,0,0,0,0,0,0,0,TSN,0,0
ENSG00000213988,+,1247,1247,0.5677626303127506,0.6351242983159583,2,3,0,0,0,0,0,1,0,0,0,0,1,0,0,1,ZNF90,1,2
ENSG00000214022,+,1553,1553,0.49323889246619446,0.339343206696716,2,0,0,0,0,0,0,0,0,0,0,0,2,0,0,0,REPIN1,2,0
ENSG00000221887,+,10967,10967,0.6352694446977295,0.5966991884745144,40,22,0,0,1,0,0,0,1,0,0,0,1,2,1,1,HMSD,4,3
ENSG00000222036,+,41693,41693,0.595855419374955,0.6009162209483606,111,68,5,3,3,9,1,2,1,1,1,4,7,6,5,1,POTEM,18,23
ENSG00000226979,+,3445,3445,0.4467343976777939,0.49637155297532654,1,3,0,0,0,1,0,0,0,0,1,0,1,0,1,0,LTA,3,1
ENSG00000232838,+,4271,4271,0.5525638023881995,0.5474127838913604,10,11,1,0,0,0,1,0,0,0,0,0,3,0,1,0,PET117,5,0
ENSG00000237649,+,10161,10161,0.5248499163468162,0.525243578387954,14,6,1,0,1,0,0,5,1,1,2,1,2,0,0,0,KIFC1,6,7
ENSG00000239900,+,10466,10466,0.5472004586279381,0.5404165870437607,24,11,4,0,0,0,0,1,0,1,1,0,3,5,0,1,ADSL,4,8
ENSG00000241258,+,1615,1615,0.5925696594427244,0.534984520123839,5,2,0,0,0,0,0,1,0,0,1,0,1,1,0,0,CRCP,2,2
ENSG00000248771,+,1557,1557,0.6165703275529865,0.573538856775851,1,4,0,0,0,0,0,0,0,0,0,0,0,1,0,0,SMIM31,0,1
ENSG00000249115,+,15097,15097,0.47367026561568526,0.5057296151553289,10,14,0,1,4,2,1,2,0,0,0,0,2,9,1,0,HAUS5,8,13
ENSG00000254445,+,7167,7167,0.5512766848053579,0.5191851541788755,17,8,2,0,1,1,0,2,0,0,0,0,1,3,0,0,HSPB2-C11orf52,2,6
ENSG00000254999,+,7066,7066,0.5590150014152279,0.560430229266912,18,8,0,0,1,3,1,3,0,0,1,2,4,3,2,0,BRK1,9,11
ENSG00000258890,+,13644,13644,0.5961594840222808,0.6061272354148344,41,29,1,2,3,0,0,0,2,0,1,1,5,2,3,1,CEP95,14,4
ENSG00000260238,+,11262,11262,0.46972118629017934,0.5230864855265495,6,20,0,3,2,1,3,1,0,0,0,0,3,2,0,0,PMF1-BGLAP,8,4
ENSG00000264364,+,730,730,0.5178082191780822,0.5082191780821917,0,0,0,0,0,0,0,0,0,0,0,0,0,0,0,0,DYNLL2,0,0
ENSG00000266714,+,26538,26538,0.42814077925992916,0.4296103700354209,11,14,0,1,4,5,3,1,0,1,0,1,7,11,0,0,MYO15B,14,19
ENSG00000268400,+,8538,8538,0.3928320449754041,0.4249238697587257,2,4,0,0,2,3,0,1,0,0,0,0,0,0,0,0,AC008763.2,2,4
ENSG00000268480,+,1745,1745,0.5197707736389685,0.501432664756447,3,0,1,0,0,0,2,0,0,0,0,0,2,2,0,0,LINC01862,4,2
ENSG00000273049,+,34369,34369,0.4671360819343013,0.47409002298583025,41,35,1,2,4,3,1,5,0,1,0,2,0,6,2,1,AC012531.3,7,18
ENSG00000273611,+,1950,1950,0.5379487179487179,0.5820512820512821,2,6,0,0,0,0,1,0,0,0,1,0,1,1,1,0,ZNHIT3,4,1
ENSG00000274211,+,5637,5637,0.5760156111406777,0.5541954940571225,11,3,0,0,0,0,3,0,0,0,0,2,4,0,0,0,SOCS7,7,2
ENSG00000275034,+,342,342,0.6754385964912281,0.5263157894736842,2,0,0,0,0,1,0,0,0,0,0,0,0,0,0,0,TP53TG3E,0,1
ENSG00000275993,+,8940,8940,0.4248322147651007,0.4059284116331096,6,5,0,0,0,0,1,0,0,0,0,0,0,1,0,0,SIK1B,1,1
ENSG00000276043,+,45355,45355,0.4693418586704884,0.4831661338330945,33,51,3,14,7,3,2,2,0,0,0,1,10,27,0,0,UHRF1,19,33
ENSG00000277611,+,2410,2410,0.5394190871369294,0.46473029045643155,3,1,0,0,0,0,0,0,0,0,0,0,1,1,0,0,Z98752.3,1,1
ENSG00000277957,+,4352,4352,0.41842830882352944,0.4694393382352941,1,4,0,0,2,0,0,0,0,0,0,0,1,0,0,0,SENP3-EIF4A1,3,0
ENSG00000278845,+,20206,20206,0.5501336236761358,0.5349401167969909,41,30,15,10,0,1,2,1,0,1,0,0,5,5,0,0,MRPL45,7,8
ENSG00000278848,+,347,347,0.6714697406340058,0.521613832853026,2,0,0,0,0,1,0,0,0,0,0,0,0,0,0,0,TP53TG3F,0,1
ENSG00000284791,+,23180,23180,0.5277825711820535,0.45901639344262296,22,15,0,0,2,3,0,0,0,0,1,2,6,6,2,0,SMIM41,11,11
ENSG00000284906,+,3992,3992,0.6232464929859719,0.6372745490981964,7,12,0,1,0,0,0,0,0,1,0,1,0,3,0,1,ARHGAP11B,0,6
ENSG00000285077,+,544,544,0.48161764705882354,0.6011029411764706,1,2,0,0,0,0,0,0,0,0,0,0,0,0,0,0,ARHGAP11B,0,0
ENSG00000286268,+,5066,5066,0.5424397947098303,0.5161863403079353,6,6,0,0,1,1,0,1,0,0,0,0,1,0,1,1,AF196969.1,3,3
ENSG00000005022,+,1215,1215,0.3662551440329218,0.4707818930041152,0,1,0,0,0,0,0,0,1,0,0,0,0,1,0,0,SLC25A5,1,1
ENSG00000005156,+,26894,26894,0.532274856845393,0.5686026623038596,36,42,1,1,2,1,2,0,1,2,1,1,3,9,1,1,LIG3,10,14
ENSG00000010244,+,26279,26279,0.6067201948323757,0.5739183378362951,69,78,6,4,2,1,0,2,2,0,3,1,6,10,1,1,ZNF207,14,15
ENSG00000010310,+,1409,1409,0.45635202271114267,0.5039034776437189,1,6,0,2,1,0,1,0,0,0,0,0,0,0,0,0,GIPR,2,0
ENSG00000010610,+,26176,26176,0.5297218826405868,0.452895782396088,31,17,4,0,4,4,2,1,1,2,0,0,8,6,1,2,CD4,16,15
ENSG00000011304,+,3085,3085,0.4447325769854133,0.3426256077795786,9,1,6,0,1,1,0,0,0,0,0,0,1,0,0,0,PTBP1,2,1
ENSG00000011485,+,10084,10084,0.4748115827052757,0.5027766759222531,10,7,0,0,0,4,0,0,0,1,0,0,4,0,0,0,PPP5C,4,5
ENSG00000013275,+,653,653,0.5758039816232772,0.45329249617151607,2,1,0,0,0,0,0,0,0,0,0,0,0,0,0,0,PSMC4,0,0
ENSG00000024862,+,18026,18026,0.6138910462665039,0.5886497281704205,47,52,2,1,0,1,3,3,0,0,0,0,3,8,0,2,CCDC28A,6,14
ENSG00000049245,+,534,534,0.5955056179775281,0.5898876404494382,1,2,0,0,1,1,0,0,0,0,0,0,0,0,0,0,VAMP3,1,1
ENSG00000053372,+,3462,3462,0.45551704217215483,0.4511842865395725,2,2,0,0,1,0,0,0,0,0,1,0,2,1,0,1,MRTO4,4,2
ENSG00000064490,+,3748,3748,0.45010672358591247,0.4757203842049093,1,2,1,0,0,1,0,0,0,0,0,0,0,2,0,0,RFXANK,0,3
ENSG00000064687,+,16213,16213,0.407389132177882,0.3948683155492506,16,5,6,1,4,3,1,1,0,1,2,1,3,5,0,0,ABCA7,10,11
ENSG00000065911,+,16962,16962,0.579118028534371,0.5407381205046574,41,28,5,1,0,2,3,1,2,0,2,0,1,8,0,2,MTHFD2,8,13
ENSG00000070190,+,22360,22360,0.606216457960644,0.5697227191413238,39,42,2,0,1,2,2,2,3,0,1,0,3,5,0,2,DAPP1,10,11
ENSG00000071082,+,4983,4983,0.565121412803532,0.5438490868954445,9,11,0,2,1,0,0,2,2,0,0,0,0,2,1,0,RPL31,4,4
ENSG00000073861,+,1595,1595,0.44388714733542317,0.4589341692789969,0,3,0,0,0,0,0,0,0,0,0,0,0,0,0,0,TBX21,0,0
ENSG00000076604,+,298,298,0.4865771812080537,0.3859060402684564,0,0,0,0,0,0,0,0,0,0,0,0,0,0,0,0,TRAF4,0,0
ENSG00000078061,+,8965,8965,0.49983268265476855,0.5508087005019521,10,12,0,0,3,0,1,0,0,0,1,1,1,5,0,2,ARAF,6,8
ENSG00000078589,+,1560,1560,0.6288461538461538,0.5865384615384616,2,2,0,0,0,1,0,0,0,0,0,0,0,0,1,0,P2RY10,1,1
ENSG00000080007,+,16242,16242,0.596970816401921,0.5639699544391085,36,27,2,4,1,4,0,0,1,0,0,0,6,3,4,4,DDX43,12,11
ENSG00000082146,+,3595,3595,0.5591098748261474,0.6180806675938804,7,8,0,0,0,0,0,0,0,0,0,0,0,1,1,0,STRADB,1,1
ENSG00000082293,+,49317,49317,0.6423748403187541,0.6555751566396982,167,184,7,4,1,2,4,1,6,3,5,4,6,4,7,6,COL19A1,29,20
ENSG00000082641,+,1400,1400,0.57,0.5685714285714286,3,3,0,0,1,0,0,0,0,0,0,0,1,0,0,0,NFE2L1,2,0
ENSG00000083812,+,4767,4767,0.4199706314243759,0.4105307321166352,3,0,0,0,1,4,1,0,0,0,0,0,1,0,0,0,ZNF324,3,4
ENSG00000084693,+,223,223,0.6098654708520179,0.6591928251121076,0,0,0,0,0,0,0,0,0,0,0,0,0,0,0,0,AGBL5,0,0
ENSG00000085644,+,8785,8785,0.4441661923733637,0.5062037564029596,9,8,0,0,0,1,1,0,0,1,0,0,1,4,1,0,ZNF213,3,6
ENSG00000085719,+,13943,13943,0.6297066628415693,0.6468478806569605,42,55,6,5,0,0,1,2,0,0,1,1,1,5,1,2,CPNE3,4,10
ENSG00000085978,+,7228,7228,0.5218594355285002,0.5610127282789154,7,13,0,1,1,0,0,0,0,2,0,0,0,0,1,1,ATG16L1,2,3
ENSG00000088038,+,840,840,0.5083333333333333,0.4107142857142857,2,0,0,0,1,0,0,0,0,0,0,0,0,0,0,0,CNOT3,1,0
ENSG00000090339,+,13683,13683,0.4795001096250822,0.4657604326536578,14,22,1,7,4,2,2,0,0,1,0,0,5,9,0,0,ICAM1,11,12
ENSG00000090382,+,4729,4729,0.642419116092197,0.5692535419750476,11,9,1,0,0,1,0,1,0,0,0,0,2,2,0,1,LYZ,2,5
ENSG00000092098,+,9820,9820,0.48309572301425663,0.4691446028513238,11,11,3,1,3,1,1,1,0,1,0,1,7,0,0,0,RNF31,11,4
ENSG00000092470,+,18474,18474,0.5833062682689185,0.5523438345783263,42,25,3,5,2,1,0,2,1,1,2,0,7,6,1,1,WDR76,13,11
ENSG00000096401,+,25786,25786,0.6151012177150391,0.585162491274335,69,69,3,1,0,3,3,2,0,1,0,1,1,2,0,4,CDC5L,4,13
ENSG00000096746,+,11219,11219,0.641946697566628,0.5576254568143328,36,19,1,5,0,1,0,2,0,1,1,3,0,5,2,0,HNRNPH3,3,12
ENSG00000099381,+,3997,3997,0.3910432824618464,0.39779834876157116,0,1,0,0,0,0,0,0,0,0,0,0,1,1,0,0,SETD1A,1,1
ENSG00000099974,+,250,250,0.492,0.336,0,0,0,0,0,0,0,0,0,0,0,0,0,0,0,0,DDTL,0,0
ENSG00000100036,+,27690,27690,0.5015167930660889,0.47573131094257853,39,22,3,5,6,7,2,1,1,0,0,0,12,13,1,1,SLC35E4,22,22
ENSG00000100106,+,23991,23991,0.44783460464340796,0.45392022008253097,25,17,0,2,5,3,0,1,0,1,0,1,9,2,2,2,TRIOBP,16,10
ENSG00000100139,+,512,512,0.484375,0.515625,0,0,0,0,0,0,0,0,0,0,0,0,1,1,0,0,MICALL1,1,1
ENSG00000100226,+,35233,35233,0.4818494025487469,0.517582947804615,35,34,1,3,10,7,5,6,2,2,0,0,3,15,2,2,GTPBP1,22,32
ENSG00000100292,+,3943,3943,0.4945472990109054,0.48592442302815114,2,9,0,4,1,2,2,0,0,0,0,0,1,1,0,0,HMOX1,4,3
ENSG00000100297,+,20082,20082,0.47435514390996913,0.49113634100189224,13,16,0,5,4,3,2,2,1,0,1,1,3,7,2,0,MCM5,13,13
ENSG00000100473,+,20575,20575,0.6222600243013365,0.580947752126367,56,36,2,0,3,0,0,1,0,1,1,2,8,4,2,2,COCH,14,10
ENSG00000100889,+,10793,10793,0.5535069026220698,0.4619660891318447,23,4,2,0,0,1,0,2,2,0,0,0,3,4,0,0,PCK2,5,7
ENSG00000101247,+,14521,14521,0.6001652778734247,0.6062943323462572,30,36,1,0,0,1,0,0,1,1,0,2,3,3,1,2,NDUFAF5,5,9
ENSG00000101440,+,1716,1716,0.5256410256410257,0.5413752913752914,8,2,2,0,0,0,0,0,0,0,0,0,2,2,0,0,ASIP,2,2
ENSG00000102265,+,529,529,0.4555765595463138,0.5519848771266541,0,1,0,0,0,0,0,0,0,0,0,0,0,0,0,0,TIMP1,0,0
ENSG00000102309,+,6079,6079,0.5421944398749794,0.5267313702911663,7,5,2,0,0,0,0,0,0,0,0,1,3,1,0,1,PIN4,3,3
ENSG00000102878,+,1673,1673,0.4028690974297669,0.3927077106993425,0,1,0,0,1,0,0,0,0,0,0,0,1,0,0,0,HSF4,2,0
ENSG00000102962,+,1241,1241,0.5261885576148267,0.45930701047542305,2,3,0,2,0,0,0,0,0,0,0,0,1,0,1,0,CCL22,2,0
ENSG00000102970,+,1115,1115,0.4852017937219731,0.4367713004484305,2,1,0,0,0,2,0,0,0,0,0,0,0,0,0,0,CCL17,0,2
ENSG00000103351,+,303,303,0.5676567656765676,0.45544554455445546,0,0,0,0,0,0,0,0,0,0,0,0,0,0,1,0,CLUAP1,1,0
ENSG00000103496,+,9449,9449,0.4677743676579532,0.4838607260027516,1,13,0,5,1,1,0,0,0,0,0,0,6,2,1,0,STX4,8,3
ENSG00000103653,+,212,212,0.5613207547169812,0.4858490566037736,5,0,4,0,0,0,0,0,0,0,0,0,0,0,0,0,CSK,0,0
ENSG00000104671,+,1890,1890,0.562962962962963,0.6079365079365079,9,3,6,0,0,0,0,0,1,0,0,0,0,0,0,0,DCTN6,1,0
ENSG00000104691,+,11634,11634,0.566615093690906,0.5611999312360323,11,24,1,1,2,0,0,2,0,0,0,0,5,5,1,0,UBXN8,8,7
ENSG00000105185,+,5266,5266,0.5590581086213445,0.5708317508545385,6,5,1,0,0,0,0,0,0,0,1,0,0,2,0,0,PDCD5,1,2
ENSG00000105866,+,43309,43309,0.609642337620356,0.5845667182340853,114,116,0,17,4,3,3,4,2,2,4,1,5,8,7,5,SP4,25,23
ENSG00000106636,+,11617,11617,0.5287079280364982,0.5342170956357063,24,14,3,0,1,0,0,1,0,1,1,0,2,0,1,2,YKT6,5,4
ENSG00000108671,+,31353,31353,0.57002519695085,0.5670908684974325,57,57,3,4,0,2,5,0,0,0,0,1,9,16,3,5,PSMD11,17,24
ENSG00000108839,+,1935,1935,0.4041343669250646,0.5472868217054263,1,3,0,0,0,1,0,0,0,0,0,0,0,0,0,0,ALOX12,0,1
ENSG00000110801,+,23637,23637,0.5281550112112366,0.5240512755425816,47,32,16,3,5,2,2,3,1,0,0,0,12,8,1,1,PSMD9,21,14
ENSG00000110944,+,6322,6322,0.5148687124327744,0.5270484024043024,7,8,0,1,0,1,0,3,0,0,0,0,1,3,1,0,IL23A,2,7
ENSG00000111711,+,7365,7365,0.6475220638153428,0.6482009504412763,21,22,1,0,0,1,2,0,0,0,0,0,3,1,0,1,GOLT1B,5,3
ENSG00000111775,+,1876,1876,0.5490405117270789,0.48933901918976547,1,1,0,0,0,0,1,0,0,0,0,0,1,1,0,0,COX6A1,2,1
ENSG00000111801,+,8516,8516,0.5467355565993424,0.5809065288868013,23,14,0,0,3,1,0,1,2,0,1,2,1,2,0,1,BTN3A3,7,7
ENSG00000111875,+,12417,12417,0.6221309495047113,0.5966819682693082,31,26,0,1,2,0,1,0,0,1,1,1,0,2,0,1,ASF1A,4,5
ENSG00000112110,+,5882,5882,0.588065283917035,0.564773886433186,16,10,1,1,0,0,0,2,1,0,0,0,2,0,1,3,MRPL18,4,5
ENSG00000112245,+,8672,8672,0.6565959409594095,0.5621540590405905,36,18,0,0,0,0,1,0,0,0,1,0,1,1,1,0,PTP4A1,4,1
ENSG00000112312,+,10548,10548,0.6367083807356845,0.5422828972317026,29,21,1,1,3,1,1,1,1,0,0,1,1,2,1,1,GMNN,7,6
ENSG00000112592,+,14638,14638,0.6121054788905588,0.5940019128296216,33,46,3,0,0,2,1,1,2,0,1,0,4,2,0,2,TBP,8,7
ENSG00000113141,+,7558,7558,0.5445885154802858,0.5453823762900238,18,13,6,0,0,0,1,1,1,0,0,0,1,2,0,1,IK,3,4
ENSG00000113593,+,7342,7342,0.6314355761372923,0.6152274584581858,26,22,2,1,1,1,0,0,0,0,0,0,0,2,0,0,PPWD1,1,3
ENSG00000113845,+,17257,17257,0.6224140928318943,0.5958161905313786,49,47,1,1,1,1,1,3,1,2,1,1,3,3,2,2,TIMMDC1,9,12
ENSG00000115286,+,1368,1368,0.35599415204678364,0.4444444444444444,0,1,0,0,0,0,0,0,0,0,0,0,0,1,0,0,NDUFS7,0,1
ENSG00000115827,+,38299,38299,0.6339068905193347,0.5932530875479778,132,93,3,5,2,2,6,1,5,0,1,3,15,9,5,3,DCAF17,34,18
ENSG00000116161,+,9443,9443,0.6164354548342688,0.5774647887323944,31,9,1,1,0,0,0,1,0,0,0,0,2,0,1,0,CACYBP,3,1
ENSG00000116663,+,4303,4303,0.44945386939344645,0.46246804554961657,1,6,0,4,0,0,0,0,0,0,0,0,1,1,0,2,FBXO6,1,3
ENSG00000116747,+,8258,8258,0.6060789537418261,0.6397432792443691,27,24,0,0,0,0,0,0,0,0,0,0,0,3,1,0,RO60,1,3
ENSG00000116761,+,15739,15739,0.6093144418323909,0.5952093525636952,48,50,9,3,1,0,0,1,0,0,2,0,1,5,1,1,CTH,5,7
ENSG00000116906,+,8601,8601,0.5679572142774096,0.625973723985583,13,20,0,0,1,0,0,1,1,1,0,0,2,1,0,0,GNPAT,4,3
ENSG00000116918,+,24510,24510,0.6250917992656059,0.6052223582211342,81,72,1,4,0,3,2,1,2,0,2,1,5,4,6,1,TSNAX,17,10
ENSG00000117399,+,5071,5071,0.4060343127588247,0.47308223230132124,0,3,0,0,1,0,0,0,0,0,0,0,0,1,0,0,CDC20,1,1
ENSG00000117411,+,2466,2466,0.4448499594484996,0.37793998377939986,0,1,0,0,0,2,0,0,0,0,0,0,0,1,0,0,B4GALT2,0,3
ENSG00000117560,+,9671,9671,0.5873229242063902,0.6108985627132665,32,25,1,1,2,1,2,0,2,0,0,0,2,2,0,0,FASLG,8,3
ENSG00000117691,+,568,568,0.5598591549295775,0.5211267605633803,0,1,0,0,0,0,0,1,0,0,0,0,0,0,0,0,NENF,0,1
ENSG00000118513,+,4516,4516,0.6029672276350753,0.6213463241806909,10,14,0,1,0,0,0,0,0,0,0,0,2,0,2,0,MYB,4,0
ENSG00000118707,+,1876,1876,0.5159914712153518,0.3054371002132196,0,0,0,0,0,0,0,0,0,0,0,0,0,0,0,0,TGIF2,0,0
ENSG00000120738,+,2957,2957,0.5170781197159283,0.37740953669259386,3,0,0,0,0,0,2,0,0,0,0,0,0,2,0,0,EGR1,2,2
ENSG00000120942,+,951,951,0.5057833859095688,0.501577287066246,0,1,0,0,1,0,0,0,0,0,0,0,0,0,0,1,UBIAD1,1,1
ENSG00000123737,+,5975,5975,0.6463598326359833,0.6093723849372384,13,16,0,0,0,1,1,1,0,0,0,0,1,1,1,1,EXOSC9,3,4
ENSG00000124334,+,8024,8024,0.43893320039880357,0.5011216350947159,4,11,0,1,3,2,1,2,0,0,0,0,0,4,0,0,IL9R,4,8
ENSG00000124380,+,8938,8938,0.5952114567017229,0.5646677108972925,19,11,1,1,1,1,1,0,1,1,1,0,2,1,0,0,SNRNP27,6,3
ENSG00000124574,+,3105,3105,0.45861513687600647,0.43091787439613527,2,0,0,0,3,3,0,0,0,0,0,0,2,0,0,0,ABCC10,5,3
ENSG00000125657,+,1399,1399,0.5318084345961401,0.5289492494639028,2,2,0,0,0,0,0,0,0,0,0,0,1,0,0,0,TNFSF9,1,0
ENSG00000125910,+,2832,2832,0.4795197740112994,0.3442796610169492,4,1,0,0,0,0,0,0,1,0,0,0,3,0,0,0,S1PR4,4,0
ENSG00000128394,+,22384,22384,0.4930307362401716,0.4687276626161544,15,27,0,7,3,3,1,1,0,0,1,0,9,7,1,0,APOBEC3F,15,11
ENSG00000128604,+,219,219,0.4611872146118721,0.3744292237442922,0,0,0,0,0,0,0,0,0,0,0,0,0,0,0,0,IRF5,0,0
ENSG00000128951,+,9499,9499,0.6295399515738499,0.5615327929255711,23,19,1,1,0,0,1,1,1,0,1,1,2,1,2,1,DUT,7,4
ENSG00000129103,+,683,683,0.47584187408491946,0.5534407027818448,0,1,0,0,0,0,1,0,0,0,0,0,0,0,0,0,SUMF2,1,0
ENSG00000130150,+,4259,4259,0.5914533928152148,0.6614228692181263,3,18,0,1,0,0,0,0,0,0,0,1,1,1,1,1,MOSPD2,2,3
ENSG00000130545,+,2380,2380,0.4357142857142857,0.3945378151260504,0,0,0,0,0,1,0,0,0,0,0,0,0,0,0,0,CRB3,0,1
ENSG00000130707,+,42904,42904,0.4419867611411523,0.4520324445273168,34,41,8,4,8,5,9,2,1,0,1,1,2,9,0,0,ASS1,21,17
ENSG00000130787,+,12665,12665,0.4146861429135413,0.5155151993683379,8,24,1,9,6,0,1,0,0,1,0,0,1,4,1,0,HIP1R,9,5
ENSG00000131043,+,7329,7329,0.5194433074089234,0.5778414517669532,9,17,0,2,0,1,1,0,0,0,0,0,2,1,1,2,AAR2,4,4
ENSG00000131115,+,20673,20673,0.5894645189377449,0.603250616746481,52,56,8,7,2,0,0,0,1,2,0,1,2,4,2,0,ZNF227,7,7
ENSG00000132017,+,5603,5603,0.4074602891308228,0.44868820274852755,3,4,0,1,0,0,0,0,0,0,0,0,1,3,0,0,DCAF15,1,3
ENSG00000132341,+,2501,2501,0.5869652139144342,0.36065573770491804,8,0,2,0,0,0,0,0,0,0,0,0,0,0,1,0,RAN,1,0
ENSG00000132879,+,530,530,0.46037735849056605,0.38301886792452833,1,0,0,0,0,0,0,0,0,0,0,0,0,0,0,0,FBXO44,0,0
ENSG00000132963,+,8947,8947,0.6254610483961104,0.583100480608025,27,20,3,1,0,1,1,3,1,0,1,0,1,0,0,0,POMP,4,4
ENSG00000133460,+,2895,2895,0.46597582037996543,0.5105354058721935,2,3,0,0,0,0,0,0,0,0,0,0,2,0,0,0,SLC2A11,2,0
ENSG00000133641,+,13570,13570,0.6420044215180545,0.6184966838614591,43,30,1,0,1,3,0,0,0,2,0,1,2,2,1,1,C12orf29,4,9
ENSG00000133805,+,38016,38016,0.5082070707070707,0.5559501262626263,44,58,0,2,2,2,2,1,1,2,1,1,4,4,0,1,AMPD3,10,11
ENSG00000134058,+,26152,26152,0.5916947078617314,0.5630926888956868,51,47,3,1,1,0,5,1,1,4,1,1,11,13,1,1,CDK7,20,20
ENSG00000134245,+,19149,19149,0.5954357929918012,0.5655125594025797,42,37,1,0,1,3,0,0,0,0,0,1,8,5,1,2,WNT2B,10,11
ENSG00000135469,+,1924,1924,0.5436590436590436,0.41476091476091476,6,1,0,0,0,1,0,0,0,0,0,0,0,0,0,0,COQ10A,0,1
ENSG00000135778,+,744,744,0.46774193548387094,0.4637096774193548,0,0,0,0,0,0,0,0,0,0,0,0,0,0,0,0,NTPCR,0,0
ENSG00000136295,+,10477,10477,0.3805478667557507,0.3454233081989119,0,1,0,0,5,2,1,0,1,0,0,0,4,1,0,0,TTYH3,11,3
ENSG00000136463,+,5731,5731,0.5285290525213749,0.5337637410574071,7,13,5,1,0,0,0,0,0,0,0,0,4,2,0,0,TACO1,4,2
ENSG00000137124,+,7188,7188,0.4766277128547579,0.5314412910406232,5,2,0,0,1,1,1,0,0,0,1,0,0,2,1,2,ALDH1B1,4,5
ENSG00000137171,+,6183,6183,0.49991913310690606,0.4942584505903283,5,4,0,0,0,0,1,0,0,0,1,0,2,0,0,0,KLC4,4,0
ENSG00000138092,+,2165,2165,0.566743648960739,0.5635103926096998,3,11,0,0,0,0,0,0,0,0,1,0,1,0,0,0,CENPO,2,0
ENSG00000138166,+,7728,7728,0.5173395445134575,0.5042701863354038,8,6,0,0,2,0,1,1,1,0,0,0,0,0,0,0,DUSP5,4,1
ENSG00000139192,+,3642,3642,0.4972542559033498,0.5247116968698518,12,3,9,0,0,0,2,0,0,1,0,0,0,1,0,0,TAPBPL,2,2
ENSG00000139718,+,12924,12924,0.4444444444444444,0.4222376973073352,19,7,0,1,2,4,1,0,1,0,0,1,2,2,0,0,SETD1B,6,7
ENSG00000140030,+,12171,12171,0.6271464957686304,0.6084956043053159,35,28,3,0,0,0,0,3,0,0,1,0,2,1,1,1,GPR65,4,5
ENSG00000140368,+,32231,32231,0.42375352921100806,0.4985883155967857,15,39,0,1,5,5,7,1,0,3,3,4,0,4,1,0,PSTPIP1,16,17
ENSG00000140464,+,42416,42416,0.5091239155035836,0.5208647680120709,67,63,2,2,9,3,0,3,0,2,4,0,7,11,4,1,PML,24,20
ENSG00000140564,+,11945,11945,0.3984093763080787,0.5032231059020511,5,13,1,0,3,4,0,1,0,1,0,0,1,5,0,1,FURIN,4,12
ENSG00000141026,+,815,815,0.4601226993865031,0.4785276073619632,1,0,0,0,0,0,0,0,0,1,0,0,0,0,0,0,MED9,0,1
ENSG00000141034,+,5923,5923,0.5460070910011818,0.5333445888907649,10,10,2,1,0,0,1,0,0,0,0,0,4,3,0,0,GID4,5,3
ENSG00000142102,+,5420,5420,0.3776752767527675,0.3359778597785978,2,2,0,0,1,1,0,1,0,0,0,0,2,1,0,0,PGGHG,3,3
ENSG00000142186,+,9379,9379,0.42904360806056085,0.47435760742083377,8,11,0,3,2,2,1,3,0,0,0,0,5,1,0,0,SCYL1,8,6
ENSG00000142444,+,210,210,0.5619047619047619,0.2761904761904762,0,0,0,0,0,0,0,0,0,0,0,0,0,0,0,0,TIMM29,0,0
ENSG00000142634,+,4609,4609,0.43914081145584727,0.4285094380559774,1,3,0,0,2,1,1,0,0,0,0,0,1,0,0,0,EFHD2,4,1
ENSG00000142945,+,17357,17357,0.5033127844673618,0.5121852854756006,19,20,6,1,1,4,1,3,2,0,0,2,8,8,4,0,KIF2C,16,17
ENSG00000143252,+,5017,5017,0.580227227426749,0.574247558301774,12,12,0,0,1,1,0,0,0,1,1,0,1,3,1,0,SDHC,4,5
ENSG00000143258,+,5004,5004,0.44884092725819347,0.47601918465227816,2,6,0,0,0,1,0,1,0,0,0,0,0,0,1,0,USP21,1,2
ENSG00000145425,+,3360,3360,0.6095238095238096,0.5083333333333333,16,5,2,0,0,0,0,1,0,0,0,0,0,0,0,0,RPS3A,0,1
ENSG00000145868,+,41957,41957,0.6342922515909145,0.6247586815072574,127,118,4,1,1,0,2,1,2,3,3,0,8,4,5,4,FBXO38,21,12
ENSG00000146476,+,18386,18386,0.5989339715000543,0.5701620798433591,54,36,2,1,1,0,0,1,0,1,0,0,4,2,0,1,ARMT1,5,5
ENSG00000148053,+,48860,48860,0.604625460499386,0.5978305362259517,118,108,7,5,2,2,0,4,4,4,3,3,4,4,6,2,NTRK2,19,19
ENSG00000148832,+,10508,10508,0.49371907118385994,0.399600304529882,13,7,1,1,0,2,1,0,0,1,1,1,4,2,0,1,PAOX,6,7
ENSG00000149476,+,7994,7994,0.4759819864898674,0.43932949712284214,2,5,0,4,0,3,0,0,0,0,0,0,3,0,0,0,TKFC,3,3
ENSG00000151611,+,5478,5478,0.6349032493610807,0.5945600584154801,14,10,0,0,0,0,0,0,0,1,1,1,1,1,1,0,MMAA,3,3
ENSG00000151729,+,9838,9838,0.57796300060988,0.5362878633868673,11,14,0,0,1,2,0,0,1,0,0,2,6,0,1,1,SLC25A4,9,5
ENSG00000152219,+,4580,4580,0.6762008733624454,0.5917030567685589,18,10,2,1,1,0,0,0,0,0,0,0,0,0,0,0,ARL14EP,1,0
ENSG00000152464,+,32203,32203,0.5738285252926746,0.5504766636648759,60,49,3,12,0,4,1,6,4,1,0,1,14,17,3,1,RPP38,22,30
ENSG00000152684,+,12965,12965,0.6148862321635171,0.6271500192826841,33,37,0,2,0,1,0,0,0,1,1,0,2,2,2,1,PELO,5,5
ENSG00000152749,+,22826,22826,0.6374748094278454,0.5888460527468676,81,47,2,0,0,2,2,2,0,2,0,1,1,8,3,2,GPR180,6,17
ENSG00000152784,+,5361,5361,0.4974818130945719,0.5547472486476404,6,12,0,0,0,0,0,0,0,1,0,0,1,1,0,1,PRDM8,1,3
ENSG00000155561,+,10079,10079,0.5987697192181765,0.6179184442901081,19,36,0,1,0,0,0,1,0,3,2,0,4,3,1,0,NUP205,7,7
ENSG00000155827,+,22971,22971,0.6257019720517174,0.6003221453136564,55,63,5,4,1,4,0,1,1,2,0,1,3,1,2,3,RNF20,7,12
ENSG00000156711,+,6177,6177,0.46980734984620365,0.460093896713615,4,5,0,0,3,1,0,0,0,0,0,0,0,2,0,0,MAPK13,3,3
ENSG00000156928,+,9504,9504,0.5821759259259259,0.5370370370370371,11,12,0,3,0,1,0,0,0,1,1,1,3,3,0,0,MALSU1,4,6
ENSG00000157326,+,9098,9098,0.5755111013409541,0.5602330182457683,17,30,1,8,1,0,0,3,0,1,1,0,2,2,1,1,DHRS4,5,7
ENSG00000158373,+,3164,3164,0.554677623261694,0.638432364096081,5,12,2,3,0,0,1,0,0,0,0,0,1,1,0,0,H2BC5,2,1
ENSG00000158793,+,9422,9422,0.5339630651666313,0.5213330503077903,15,9,0,0,3,0,0,2,2,0,0,0,1,1,0,2,NIT1,6,5
ENSG00000158828,+,865,865,0.5156069364161849,0.42890173410404625,0,0,0,0,0,0,0,0,0,0,1,0,0,0,0,0,PINK1,1,0
ENSG00000158941,+,8341,8341,0.49466490828437837,0.4890300923150701,9,11,0,3,1,0,0,2,0,1,0,1,1,0,0,0,CCAR2,2,4
ENSG00000159596,+,1551,1551,0.6099290780141844,0.5641521598968408,3,1,0,0,0,0,0,0,0,0,0,0,0,0,2,1,TMEM69,2,1
ENSG00000159792,+,3227,3227,0.41431670281995664,0.40842888131391386,1,0,0,0,2,2,0,1,0,0,0,0,0,0,0,1,PSKH1,2,4
ENSG00000160410,+,7860,7860,0.4539440203562341,0.47391857506361323,4,8,0,5,3,0,2,1,0,0,0,0,1,4,0,0,SHKBP1,6,5
ENSG00000160972,+,4733,4733,0.3234734840481724,0.3266427213184027,1,0,0,0,3,2,0,0,0,0,0,0,0,0,0,0,PPP1R16A,3,2
ENSG00000162623,+,14058,14058,0.565229762412861,0.5937544458671219,31,34,1,1,2,1,0,1,0,0,2,0,4,2,0,2,TYW3,8,6
ENSG00000162692,+,14859,14859,0.6291136684837473,0.6182784844202167,36,49,0,2,0,1,1,1,0,1,0,0,3,1,1,1,VCAM1,5,5
ENSG00000163002,+,34044,34044,0.6263658794501233,0.6107977910938786,98,91,3,1,2,2,2,2,2,2,2,3,8,9,1,1,NUP35,17,19
ENSG00000163376,+,9830,9830,0.6457782299084436,0.6115971515768057,33,27,0,0,0,0,0,2,0,2,0,2,0,0,2,0,KBTBD8,2,6
ENSG00000163516,+,1427,1427,0.4562018220042046,0.5234758234057463,0,2,0,0,0,0,1,0,0,0,0,0,0,1,0,0,ANKZF1,1,1
ENSG00000163806,+,8884,8884,0.6035569563259793,0.619990995047276,27,27,1,1,1,1,0,1,1,1,0,0,3,0,1,1,SPDYA,6,4
ENSG00000163833,+,3532,3532,0.6361834654586637,0.4951868629671574,7,1,0,0,0,0,0,1,0,1,1,1,1,0,0,0,FBXO40,2,3
ENSG00000164053,+,6202,6202,0.41067397613673007,0.49016446307642697,2,4,0,0,1,1,0,0,0,0,0,1,1,2,0,0,ATRIP,2,4
ENSG00000164056,+,5464,5464,0.5049414348462665,0.638177159590044,5,20,0,2,2,0,0,0,1,2,0,1,0,0,0,0,SPRY1,3,3
ENSG00000164163,+,7465,7465,0.6439383791024782,0.6708640321500335,19,26,1,1,0,0,0,0,2,0,1,1,2,0,2,1,ABCE1,7,2
ENSG00000164182,+,40976,40976,0.6273916438891058,0.6290023428348301,119,126,16,6,1,3,0,2,4,2,2,5,6,4,2,2,NDUFAF2,15,18
ENSG00000164344,+,11911,11911,0.5702291998992528,0.6046511627906976,28,37,4,0,0,1,1,1,0,0,0,1,1,0,0,1,KLKB1,2,4
ENSG00000164576,+,3580,3580,0.5466480446927374,0.5815642458100558,2,6,0,0,1,1,0,0,0,0,0,0,0,0,1,1,SAP30L,2,2
ENSG00000164591,+,6249,6249,0.6082573211713874,0.5344855176828293,15,6,0,0,0,1,0,1,0,0,0,0,3,5,1,0,MYOZ3,4,7
ENSG00000164687,+,1839,1839,0.45296356715606306,0.49429037520391517,5,1,0,0,1,0,1,0,0,0,0,0,0,0,0,0,FABP5,2,0
ENSG00000164758,+,18989,18989,0.6570646163568382,0.5978724524724841,71,45,0,5,1,0,1,0,2,1,1,1,5,3,1,2,MED30,11,7
ENSG00000164889,+,6967,6967,0.41653509401464045,0.3859623941438209,3,1,0,0,3,2,0,1,0,0,0,0,0,0,0,1,SLC4A2,3,4
ENSG00000165028,+,720,720,0.6277777777777778,0.7041666666666667,0,3,0,0,0,0,0,0,0,0,0,0,0,0,0,0,NIPSNAP3B,0,0
ENSG00000165275,+,16124,16124,0.570640039692384,0.5769039940461423,29,35,1,1,3,1,2,3,4,2,1,1,3,6,0,1,TRMT10B,13,14
ENSG00000165629,+,760,760,0.6447368421052632,0.5697368421052632,4,2,0,0,0,0,0,0,0,0,1,0,0,0,0,0,ATP5F1C,1,0
ENSG00000165678,+,6338,6338,0.6394761754496686,0.5952982013253392,23,18,2,3,0,0,0,0,1,0,0,0,0,1,0,1,GHITM,1,2
ENSG00000166452,+,7186,7186,0.5570553854717506,0.5858613971611467,7,19,0,0,0,0,1,1,0,0,0,0,2,2,1,0,AKIP1,4,3
ENSG00000166965,+,2189,2189,0.59113750571037,0.45134764732754684,1,2,0,0,1,0,0,1,1,0,1,0,1,0,0,0,RCCD1,4,1
ENSG00000167094,+,5627,5627,0.4444641905100409,0.414430424737871,2,1,0,0,0,1,0,0,0,0,0,0,2,1,1,0,TTC16,3,2
ENSG00000167380,+,2812,2812,0.6102418207681366,0.5849928876244666,5,7,0,0,0,1,1,1,0,0,0,0,0,1,1,0,ZNF226,2,3
ENSG00000167395,+,16518,16518,0.41875529725148325,0.46730839084634945,5,20,1,9,2,2,0,3,0,0,0,0,1,6,1,1,ZNF646,4,12
ENSG00000167600,+,5144,5144,0.48872472783825816,0.4473172628304821,4,6,0,0,2,0,1,0,0,0,0,0,2,2,0,0,CYP2S1,5,2
ENSG00000167740,+,13211,13211,0.4979940958292332,0.5386420407236394,13,10,4,0,2,2,1,1,0,1,1,0,6,6,1,2,CYB5D2,11,12
ENSG00000167978,+,3558,3558,0.5109612141652614,0.42270938729623386,1,1,0,0,0,0,0,0,0,0,0,0,0,1,1,0,SRRM2,1,1
ENSG00000168116,+,1537,1537,0.6551724137931034,0.6174365647364997,3,4,0,0,0,0,0,0,0,0,0,0,1,0,0,0,KIAA1586,1,0
ENSG00000168175,+,5060,5060,0.6088932806324111,0.608102766798419,11,18,1,1,1,0,1,0,1,0,0,1,1,1,0,0,MAPK1IP1L,4,2
ENSG00000169018,+,1573,1573,0.6414494596312779,0.670057215511761,3,7,0,0,0,0,0,0,0,0,0,1,0,0,0,2,FEM1B,0,3
ENSG00000169972,+,4223,4223,0.3521193464361828,0.30144447075538716,0,0,0,0,1,2,0,0,0,0,1,0,0,1,0,0,PUSL1,2,3
ENSG00000170113,+,3344,3344,0.5959928229665071,0.5334928229665071,6,3,0,0,0,0,1,0,0,0,1,1,1,0,0,0,NIPA1,3,1
ENSG00000170175,+,6196,6196,0.4662685603615236,0.49047772756617175,5,7,0,0,1,0,0,0,0,0,0,0,1,2,0,0,CHRNB1,2,2
ENSG00000170291,+,2140,2140,0.5088785046728972,0.5149532710280373,3,1,0,0,0,0,0,0,0,0,1,0,1,1,0,0,ELP5,2,1
ENSG00000170312,+,6314,6314,0.6626544187519797,0.6588533417801711,31,25,1,0,0,1,0,0,1,1,0,0,3,0,1,1,CDK1,5,3
ENSG00000170345,+,163,163,0.50920245398773,0.39263803680981596,0,0,0,0,0,0,0,0,0,0,0,0,0,0,0,0,FOS,0,0
ENSG00000170412,+,1762,1762,0.4279228149829739,0.39216799091940974,0,1,0,0,0,0,0,0,0,0,0,0,1,0,0,0,GPRC5C,1,0
ENSG00000170638,+,4151,4151,0.3175138520838352,0.3734039990363768,1,0,0,0,0,0,1,0,0,0,1,0,0,0,0,0,TRABD,2,0
ENSG00000170819,+,25119,25119,0.5651100760380589,0.55042000079621,52,46,2,1,2,1,1,4,2,2,0,0,5,4,3,2,BFSP2,13,13
ENSG00000170876,+,15432,15432,0.47770865733540696,0.5005832037325039,14,12,0,0,4,7,1,3,0,2,2,2,2,1,1,0,TMEM43,10,15
ENSG00000170906,+,5719,5719,0.45025354082881625,0.4735093547823046,0,2,0,1,1,0,0,1,0,0,0,1,4,2,0,0,NDUFA3,5,4
ENSG00000171109,+,16898,16898,0.6442774292815718,0.5721387146407859,56,32,7,4,1,0,2,1,0,0,2,0,3,4,2,0,MFN1,10,5
ENSG00000171307,+,9971,9971,0.5103801022966603,0.5273292548390331,14,12,0,2,3,0,1,0,0,0,0,2,3,2,0,0,ZDHHC16,7,4
ENSG00000171314,+,5129,5129,0.5580035094560343,0.49327354260089684,6,4,0,0,0,1,0,0,0,0,0,0,0,3,1,0,PGAM1,1,4
ENSG00000171453,+,27036,27036,0.5670957242195591,0.4781772451546087,60,20,7,0,2,3,2,3,2,0,1,1,13,3,1,1,POLR1C,21,11
ENSG00000171595,+,30433,30433,0.49663194558538426,0.4877599973712746,28,28,5,6,5,2,4,3,3,0,3,0,13,15,1,0,DNAI2,29,20
ENSG00000171827,+,739,739,0.6021650879566982,0.6617050067658998,3,4,0,0,0,0,0,0,0,0,0,0,0,0,0,0,ZNF570,0,0
ENSG00000171960,+,8189,8189,0.5675906704115277,0.5744291122237147,11,15,1,0,2,0,3,1,0,0,0,0,3,3,1,0,PPIH,9,4
ENSG00000172062,+,10646,10646,0.5924290813451062,0.5863235017847078,32,15,2,1,0,1,1,2,0,1,0,0,3,2,1,1,SMN1,5,7
ENSG00000172216,+,2749,2749,0.4427064387049836,0.3823208439432521,3,1,0,0,0,0,0,0,1,0,0,0,0,0,0,0,CEBPB,1,0
ENSG00000172572,+,2284,2284,0.4316987740805604,0.7105954465849387,1,7,0,0,0,0,0,0,0,0,0,0,0,0,0,1,PDE3A,0,1
ENSG00000173511,+,407,407,0.4176904176904177,0.32923832923832924,0,0,0,0,0,0,0,0,0,0,0,0,1,0,0,0,VEGFB,1,0
ENSG00000173933,+,6455,6455,0.5564678543764524,0.5758326878388846,9,18,0,3,0,1,2,0,0,0,1,1,4,2,1,0,RBM4,8,4
ENSG00000174799,+,32236,32236,0.6205174339248045,0.624767340861149,91,100,7,10,4,3,2,4,0,0,1,1,10,5,1,0,CEP135,18,13
ENSG00000175166,+,7425,7425,0.5241750841750842,0.505993265993266,6,12,0,0,0,0,2,1,1,1,0,0,2,3,0,0,PSMD2,5,5
ENSG00000175414,+,304,304,0.39144736842105265,0.4276315789473684,0,1,0,0,0,0,0,0,0,0,0,0,0,0,0,0,ARL10,0,0
ENSG00000176170,+,11067,11067,0.40074094153790546,0.4999548206379326,1,8,0,0,0,1,1,1,0,0,0,0,1,4,0,0,SPHK1,2,6
ENSG00000177125,+,7534,7534,0.5715423413857181,0.5894611096363154,13,26,0,1,0,0,0,2,0,0,0,0,1,1,0,1,ZBTB34,1,4
ENSG00000177169,+,24909,24909,0.37914006985426957,0.47874262314825966,6,28,0,5,6,4,0,1,0,1,1,0,4,11,1,1,ULK1,12,18
ENSG00000178074,+,279,279,0.7455197132616488,0.7275985663082437,1,0,0,0,0,0,0,0,0,0,0,0,0,0,0,0,C2orf69,0,0
ENSG00000179364,+,27974,27974,0.3942947022234932,0.4245013226567527,4,9,0,0,6,6,1,2,0,0,1,0,4,9,2,1,PACS2,14,18
ENSG00000179588,+,45164,45164,0.374280400318838,0.36704012044991585,27,11,10,0,9,16,1,1,0,1,0,1,3,4,0,0,ZFPM1,13,23
ENSG00000180448,+,5733,5733,0.3750218035932322,0.358974358974359,1,2,0,0,0,0,0,0,0,0,0,1,0,1,0,0,AC004151.1,0,2
ENSG00000181035,+,4919,4919,0.43769058751778817,0.43891034763163245,4,16,0,9,1,1,0,1,0,0,0,0,1,1,0,0,SLC25A42,2,3
ENSG00000181104,+,788,788,0.5977157360406091,0.5647208121827412,1,1,0,0,0,0,0,0,0,0,0,0,1,0,0,0,F2R,1,0
ENSG00000181830,+,965,965,0.4383419689119171,0.45492227979274613,0,1,0,0,0,1,1,0,0,1,0,0,0,0,0,0,SLC35C1,1,2
ENSG00000181847,+,11824,11824,0.5758626522327469,0.5996278755074425,26,26,0,0,0,0,0,1,1,1,0,0,0,3,1,2,TIGIT,2,7
ENSG00000182004,+,492,492,0.6280487804878049,0.6321138211382114,1,0,0,0,0,0,0,0,0,0,0,0,0,0,0,0,SNRPE,0,0
ENSG00000182511,+,3436,3436,0.5739231664726426,0.4240395809080326,4,0,0,0,1,0,0,0,0,0,0,0,2,2,0,0,FES,3,2
ENSG00000182512,+,601,601,0.5640599001663894,0.6821963394342762,0,2,0,0,0,0,0,0,0,0,0,0,0,0,0,0,GLRX5,0,0
ENSG00000182872,+,15904,15904,0.5540744466800804,0.5180457746478874,34,21,0,1,1,0,1,1,2,2,1,0,7,3,0,0,RBM10,12,6
ENSG00000182899,+,2185,2185,0.5405034324942791,0.5459954233409611,5,3,0,0,0,0,0,0,0,1,0,0,0,0,0,0,RPL35A,0,1
ENSG00000182919,+,7920,7920,0.5753787878787879,0.6477272727272727,17,22,0,0,2,0,1,0,0,1,0,0,1,0,0,0,C11orf54,4,1
ENSG00000183665,+,5286,5286,0.578698448732501,0.5580779417328793,9,17,0,0,0,0,0,0,2,0,0,1,1,0,1,1,TRMT12,4,2
ENSG00000183780,+,8894,8894,0.555767933438273,0.5554306273892512,14,17,1,1,1,9,1,1,1,0,0,0,3,2,0,0,SLC35F3,6,12
ENSG00000184209,+,5950,5950,0.5300840336134454,0.49831932773109244,1,18,0,6,1,1,1,0,0,0,0,0,1,2,1,0,SNRNP35,4,3
ENSG00000185129,+,120,120,0.7166666666666667,0.2916666666666667,0,0,0,0,0,0,0,0,0,0,0,0,0,0,0,0,PURA,0,0
ENSG00000185238,+,32516,32516,0.6480194365850658,0.5685508672653463,100,76,1,1,1,4,1,1,2,1,3,0,7,7,4,1,PRMT3,18,14
ENSG00000185298,+,1643,1643,0.4163116250760803,0.4662203286670724,1,4,0,2,0,0,0,1,0,0,0,0,0,0,0,0,CCDC137,0,1
ENSG00000186352,+,3910,3910,0.5820971867007673,0.5836317135549872,5,9,0,0,0,2,1,0,1,1,0,0,1,1,1,0,ANKRD37,4,4
ENSG00000187010,+,22414,22414,0.5443918979209422,0.5211028821272419,44,36,10,7,3,1,2,0,3,0,0,0,11,5,2,0,RHD,21,6
ENSG00000188321,+,18726,18726,0.5979386948627576,0.5286767061839154,42,28,0,0,1,2,1,2,1,0,0,1,2,5,3,4,ZNF559,8,14
ENSG00000188566,+,11983,11983,0.3904698322623717,0.3807060001669031,0,4,0,0,4,3,0,1,0,1,0,0,2,1,0,1,NDOR1,6,7
ENSG00000188613,+,8817,8817,0.6053079278666214,0.4375637972099354,30,5,1,1,0,1,0,0,1,0,0,0,3,4,0,0,NANOS1,4,5
ENSG00000197279,+,1454,1454,0.5928473177441541,0.6114167812929848,3,6,0,0,0,0,0,0,0,0,0,0,0,0,0,1,ZNF165,0,1
ENSG00000197520,+,7287,7287,0.6073830108412241,0.6005214766021683,11,19,0,1,1,0,0,0,0,0,0,0,3,2,0,0,FAM177B,4,2
ENSG00000197785,+,12990,12990,0.40600461893764433,0.3963818321785989,3,11,0,3,4,3,0,1,0,0,0,0,4,0,0,0,ATAD3A,8,4
ENSG00000198242,+,281,281,0.49466192170818507,0.594306049822064,0,0,0,0,0,0,0,0,0,0,0,0,0,0,0,0,RPL23A,0,0
ENSG00000198885,+,1808,1808,0.599004424778761,0.4413716814159292,2,0,0,0,2,0,0,0,0,0,0,0,0,0,0,0,ITPRIPL1,2,0
ENSG00000203667,+,5509,5509,0.6060991105463787,0.5516427663822835,18,7,1,2,1,0,1,0,2,1,0,0,0,1,1,1,COX20,5,3
ENSG00000204311,+,2940,2940,0.6401360544217687,0.46156462585034014,7,2,0,0,0,0,0,0,1,1,0,0,1,0,0,0,PJVK,2,1
ENSG00000204472,+,382,382,0.468586387434555,0.418848167539267,1,1,0,0,0,0,0,0,0,0,0,0,0,0,0,0,AIF1,0,0
ENSG00000204516,+,19975,19975,0.514793491864831,0.5341677096370463,19,34,0,2,4,2,3,2,0,0,0,1,3,8,1,2,MICB,11,15
ENSG00000205352,+,1838,1838,0.4972796517954298,0.48258977149075083,4,1,1,0,0,0,0,0,0,0,0,0,0,1,0,0,PRR13,0,1
ENSG00000205572,+,310,310,0.5064516129032258,0.4838709677419355,0,0,0,0,1,0,0,0,0,0,0,1,0,0,0,0,SERF1B,1,1
ENSG00000205629,+,3276,3276,0.5448717948717948,0.5131257631257631,3,9,0,2,1,0,1,0,0,0,0,0,2,0,0,0,LCMT1,4,0
ENSG00000205903,+,10016,10016,0.36880990415335463,0.3961661341853035,3,5,0,1,2,0,1,0,0,0,0,0,2,1,1,0,ZNF316,6,1
ENSG00000213203,+,1072,1072,0.5111940298507462,0.4748134328358209,2,0,0,0,0,1,0,0,0,0,0,0,0,0,0,0,GIMAP1,0,1
ENSG00000213339,+,10283,10283,0.48419721871049304,0.4754449090732277,10,6,2,0,0,1,1,0,0,1,1,2,5,4,0,1,QTRT1,7,9
ENSG00000213366,+,13118,13118,0.5231742643695685,0.5134166793718554,15,16,1,0,3,2,1,1,0,0,2,1,0,3,1,0,GSTM2,7,7
ENSG00000213906,+,2034,2034,0.43215339233038347,0.4916420845624385,1,1,0,0,1,0,0,0,0,0,0,0,0,0,0,0,LTB4R2,1,0
ENSG00000219200,+,266,266,0.42857142857142855,0.48120300751879697,0,0,0,0,0,0,0,0,0,0,0,0,0,0,0,0,RNASEK,0,0
ENSG00000224470,+,598,598,0.5234113712374582,0.6270903010033445,0,3,0,0,0,0,0,0,0,0,0,0,0,0,0,1,ATXN1L,0,1
ENSG00000231989,+,2159,2159,0.6836498378879111,0.5386753126447429,7,0,0,0,0,0,0,0,0,0,1,0,0,0,0,0,PPP1R2B,1,0
ENSG00000244115,+,2025,2025,0.611358024691358,0.5313580246913581,3,2,0,0,0,0,0,0,0,0,0,0,2,1,0,0,DNAJC25-GNG10,2,1
ENSG00000247595,+,20988,20988,0.5608442919763674,0.5828092243186582,35,44,1,0,0,2,2,2,0,3,1,0,6,6,1,4,SPTY2D1OS,10,17
ENSG00000254709,+,4824,4824,0.47388059701492535,0.5281923714759535,1,4,0,1,0,1,0,0,0,0,0,0,0,0,0,0,IGLL5,0,1
ENSG00000254996,+,5989,5989,0.47971280681248957,0.5667056269828018,3,9,0,2,2,0,0,0,0,0,0,0,1,5,0,0,ANKHD1-EIF4EBP3,3,5
ENSG00000256100,+,293,293,0.4129692832764505,0.4334470989761092,0,0,0,0,0,0,0,0,0,0,0,0,0,0,0,0,AP000721.1,0,0
ENSG00000256977,+,25125,25125,0.5825273631840796,0.5938706467661692,55,60,3,3,0,1,2,2,0,0,0,0,9,4,1,0,LIMS3,12,7
ENSG00000258366,+,21240,21240,0.3866290018832392,0.42448210922787194,2,10,0,0,3,1,0,1,0,0,0,0,2,2,0,0,RTEL1,5,4
ENSG00000258588,+,11217,11217,0.6088972095925826,0.566015868770616,21,19,0,2,0,0,0,2,0,0,0,0,2,2,0,1,TRIM6-TRIM34,2,5
ENSG00000258864,+,4549,4549,0.6014508683227083,0.5480325346229941,12,9,1,0,1,0,0,0,0,0,0,0,0,0,1,0,AC008575.1,2,0
ENSG00000259399,+,10827,10827,0.5042948185092824,0.5207351990394384,9,6,0,0,2,0,1,1,0,0,0,1,4,5,0,1,TGIF2-RAB5IF,7,8
ENSG00000263528,+,11157,11157,0.4438469122523976,0.5037196378954916,7,11,0,0,2,4,1,2,0,0,0,1,3,3,1,0,IKBKE,7,10
ENSG00000263961,+,3429,3429,0.5896762904636921,0.5561388159813356,7,3,0,0,0,0,0,0,1,0,2,0,1,1,0,0,RHEX,4,1
ENSG00000267314,+,5054,5054,0.44538979026513653,0.4558765334388603,7,3,1,0,1,0,1,0,0,0,0,0,2,3,0,0,AC104532.1,4,3
ENSG00000270099,+,3719,3719,0.6133369185264856,0.6060769023931164,9,9,0,0,0,0,0,0,1,0,0,0,1,2,0,0,AL365273.2,2,2
ENSG00000271092,+,10999,10999,0.6124193108464406,0.5704154923174835,41,23,2,3,1,1,0,2,0,0,0,1,3,3,2,1,TLCD4-RWDD3,6,8
ENSG00000275111,+,14293,14293,0.5630728328552438,0.5092003078430001,23,17,0,0,0,1,2,1,0,0,1,1,3,3,2,0,ZNF2,8,6
ENSG00000283154,+,33833,33833,0.5948334466349422,0.5870304140927497,106,74,9,4,5,1,2,3,2,2,3,0,5,1,5,4,IQCJ-SCHIP1,22,11
ENSG00000283526,+,15694,15694,0.4577545558812285,0.4794188861985472,10,18,0,3,2,2,1,2,1,0,0,1,3,5,0,1,PRRT1B,7,11
ENSG00000283683,+,4738,4738,0.5989869143098354,0.6053186998733643,11,10,0,0,0,1,0,0,1,2,1,0,1,2,2,0,MYOCOS,5,5
ENSG00000286070,+,6086,6086,0.42523825172527113,0.4710811698981269,4,4,1,1,2,0,1,0,0,0,0,0,1,2,0,0,GGT1,4,2
ENSG00000006015,+,2015,2015,0.45607940446650125,0.4153846153846154,0,1,0,0,3,0,0,0,0,0,0,0,0,2,0,0,REX1BD,3,2
ENSG00000008441,+,8836,8836,0.40550022634676325,0.4479402444545043,6,6,0,0,4,1,0,0,0,0,0,0,0,4,0,1,NFIX,4,6
ENSG00000011028,+,3053,3053,0.48706190632165086,0.5705863085489682,6,6,0,0,1,0,0,1,0,0,0,0,3,0,0,1,MRC2,4,2
ENSG00000013561,+,17559,17559,0.6026539096759497,0.5558972606640469,48,33,3,0,0,2,1,1,1,0,1,0,3,4,1,1,RNF14,7,8
ENSG00000025423,+,16545,16545,0.5661529162889091,0.5571471743729224,26,23,0,0,4,1,2,1,1,1,0,0,3,9,1,1,HSD17B6,11,13
ENSG00000025770,+,7293,7293,0.34882764294529,0.4069655834361717,1,4,0,2,2,1,1,2,0,0,0,0,0,1,0,0,NCAPH2,3,4
ENSG00000034510,+,4969,4969,0.5520225397464279,0.5337089957737975,5,9,0,0,5,2,0,1,0,0,0,1,2,2,0,0,TMSB10,7,6
ENSG00000036530,+,20918,20918,0.5774930681709532,0.444019504732766,43,19,1,2,6,2,0,3,0,0,0,1,3,2,2,0,CYP46A1,11,8
ENSG00000042317,+,35123,35123,0.6409759986333742,0.6209890954645104,122,94,11,0,1,4,1,3,4,1,0,1,8,6,3,3,AL049834.1,17,18
ENSG00000043591,+,430,430,0.6186046511627907,0.4744186046511628,1,0,0,0,0,0,0,0,0,0,0,0,1,0,0,0,ADRB1,1,0
ENSG00000049540,+,33080,33080,0.4489117291414752,0.4542926239419589,19,25,1,10,7,5,4,1,3,1,1,0,12,11,0,3,ELN,27,21
ENSG00000050555,+,14095,14095,0.4873359347286272,0.45271372827243705,8,4,2,0,4,8,0,1,0,0,0,0,6,9,2,0,LAMC3,12,18
ENSG00000061918,+,2613,2613,0.6375813241484883,0.6280137772675086,9,6,0,0,0,0,0,0,0,0,0,0,0,0,1,0,GUCY1B1,1,0
ENSG00000064666,+,1558,1558,0.3433889602053915,0.4557124518613607,0,1,0,0,0,0,0,0,0,0,0,0,0,2,0,0,CNN2,0,2
ENSG00000065621,+,15943,15943,0.5792510819795521,0.5765539735307031,29,32,1,1,1,1,2,0,1,3,1,0,7,0,2,0,GSTO2,14,4
ENSG00000066056,+,21340,21340,0.4529522024367385,0.5038894095595127,11,16,0,3,7,3,2,2,1,1,0,0,5,8,0,1,TIE1,15,15
ENSG00000067141,+,790,790,0.6569620253164556,0.6189873417721519,3,2,0,0,0,0,0,0,0,0,0,0,0,0,0,1,NEO1,0,1
ENSG00000075089,+,9249,9249,0.6302302951670451,0.6200670342739756,34,32,0,2,0,0,0,1,1,0,2,0,2,3,2,1,ACTR6,7,5
ENSG00000075790,+,4653,4653,0.5931656995486783,0.5291209972061036,10,5,4,0,1,0,0,0,1,0,0,0,1,0,0,1,BCAP29,3,1
ENSG00000076248,+,734,734,0.5326975476839237,0.555858310626703,2,0,0,0,0,0,0,0,0,0,0,0,0,0,0,0,UNG,0,0
ENSG00000086200,+,42757,42757,0.611782865963468,0.6375798114928549,110,143,3,20,6,0,2,2,2,3,3,1,12,6,2,4,IPO11,27,16
ENSG00000088035,+,10772,10772,0.6180839212773858,0.6341440772372818,42,47,3,0,1,0,1,1,1,0,2,0,2,3,1,3,ALG6,8,7
ENSG00000090932,+,2566,2566,0.5113016367887763,0.4392049883086516,5,4,3,0,0,0,0,0,0,0,0,0,2,1,0,0,DLL3,2,1
ENSG00000091972,+,20010,20010,0.6253873063468266,0.618840579710145,56,77,2,7,2,0,1,0,1,2,1,1,5,0,1,2,CD200,11,5
ENSG00000092010,+,1224,1224,0.5228758169934641,0.4681372549019608,2,1,0,0,0,0,0,0,0,0,0,0,0,0,0,0,PSME1,0,0
ENSG00000094963,+,4293,4293,0.6026088982063825,0.5872350337759142,8,11,0,0,0,0,0,0,0,1,0,0,0,1,0,0,FMO2,0,2
ENSG00000096092,+,2092,2092,0.6467495219885278,0.627151051625239,10,7,0,0,0,0,0,0,0,0,0,0,1,2,0,1,TMEM14A,1,3
ENSG00000096093,+,38632,38632,0.6231621453717126,0.6065179126113067,95,101,1,5,1,2,5,2,0,0,2,3,8,2,6,3,EFHC1,22,12
ENSG00000099260,+,47854,47854,0.6249634304342375,0.6145149830735153,123,115,4,0,0,2,3,2,4,1,3,4,10,7,4,6,PALMD,24,22
ENSG00000099617,+,1029,1029,0.4577259475218659,0.42857142857142855,0,0,0,0,0,1,0,1,0,0,0,0,0,0,0,0,EFNA2,0,2
ENSG00000100823,+,4124,4124,0.482541222114452,0.5242483026188167,2,10,0,2,0,1,3,0,0,0,1,0,1,0,0,1,APEX1,5,2
ENSG00000101856,+,2386,2386,0.6290863369656329,0.5993294216261525,7,1,1,0,0,1,1,0,0,0,1,0,0,0,0,1,PGRMC1,2,2
ENSG00000102854,+,2294,2294,0.31255448997384483,0.3151700087183958,0,0,0,0,0,0,0,1,0,0,0,0,0,0,0,0,MSLN,0,1
ENSG00000103035,+,6514,6514,0.5894995394534848,0.5730733804114215,7,17,0,2,1,0,0,1,0,2,1,0,0,5,0,1,PSMD7,2,9
ENSG00000103549,+,7053,7053,0.44349922018999005,0.4558343967106196,6,2,0,0,2,1,0,0,0,0,0,0,1,1,1,0,RNF40,4,2
ENSG00000105289,+,31393,31393,0.4614404485076291,0.4416908227948906,19,22,7,3,0,4,3,0,2,0,2,1,18,14,0,0,TJP3,25,19
ENSG00000105369,+,1971,1971,0.40690005073566715,0.4277016742770167,1,1,0,0,0,0,0,2,0,0,0,0,0,0,0,0,CD79A,0,2
ENSG00000106605,+,31627,31627,0.5582255667625763,0.5517437632402694,47,59,0,3,2,1,2,0,2,1,1,2,7,8,1,2,BLVRA,15,14
ENSG00000107130,+,30450,30450,0.4404926108374384,0.47517241379310343,13,27,3,4,1,4,1,5,1,1,0,0,3,6,0,1,NCS1,6,17
ENSG00000108924,+,48305,48305,0.5726736362695373,0.5633992340337439,98,83,2,6,2,5,2,3,0,5,3,2,6,8,2,3,HLF,15,26
ENSG00000109084,+,401,401,0.5037406483790524,0.5536159600997507,0,0,0,0,0,0,0,0,0,1,0,0,0,0,0,0,TMEM97,0,1
ENSG00000111057,+,2051,2051,0.5255972696245734,0.47391516333495853,1,1,0,0,1,0,0,0,0,0,0,0,1,0,0,0,KRT18,2,0
ENSG00000111907,+,6589,6589,0.6233115799059038,0.6328729701016846,13,17,0,1,0,0,0,0,1,0,0,0,1,0,1,1,TPD52L1,3,1
ENSG00000112039,+,342,342,0.5087719298245614,0.3333333333333333,0,0,0,0,0,0,0,0,0,0,0,0,0,0,0,0,FANCE,0,0
ENSG00000112214,+,205,205,0.7121951219512195,0.6487804878048781,1,1,0,0,0,0,0,0,0,0,0,0,0,0,0,0,FHL5,0,0
ENSG00000114395,+,533,533,0.46153846153846156,0.42964352720450283,1,0,0,0,0,0,0,0,0,0,0,0,0,0,0,0,CYB561D2,0,0
ENSG00000114735,+,11674,11674,0.4444063731368854,0.4319856090457427,2,6,0,0,3,4,2,2,0,0,0,0,4,2,0,0,HEMK1,9,8
ENSG00000115085,+,8453,8453,0.4142907843369218,0.4869277179699515,2,11,0,0,2,2,3,0,0,1,0,4,1,1,0,0,ZAP70,6,8
ENSG00000115602,+,13752,13752,0.6180191972076788,0.5948952879581152,37,22,1,0,1,1,0,0,0,0,1,0,5,1,5,0,IL1RL1,12,2
ENSG00000115956,+,22193,22193,0.5886540801153517,0.5863560582165548,55,66,5,11,0,0,3,0,2,1,1,1,2,3,1,2,PLEK,9,7
ENSG00000116741,+,5094,5094,0.6399685904986259,0.6111111111111112,9,18,0,2,0,0,1,0,0,0,0,0,0,0,0,0,RGS2,1,0
ENSG00000117751,+,12663,12663,0.5457632472557846,0.5591881860538577,20,22,2,1,2,2,2,1,1,1,2,2,10,9,0,0,PPP1R8,17,15
ENSG00000119599,+,3477,3477,0.4877768190969226,0.5012942191544435,1,1,0,0,0,0,0,0,0,0,0,0,1,0,0,3,DCAF4,1,3
ENSG00000119718,+,3685,3685,0.585888738127544,0.5378561736770692,9,3,0,0,0,0,0,0,0,0,0,0,1,1,1,0,EIF2B2,2,1
ENSG00000119929,+,28893,28893,0.6096978506904787,0.5845706572526217,69,67,4,5,2,1,1,1,1,2,2,5,6,4,3,3,CUTC,15,16
ENSG00000120217,+,16095,16095,0.6254116185150668,0.5930413171792482,52,39,1,1,1,1,1,2,1,0,0,2,3,2,1,1,CD274,7,8
ENSG00000120279,+,4339,4339,0.6264116155796267,0.6275639548283014,22,18,1,1,0,0,0,0,0,0,1,1,2,0,0,1,MYCT1,3,2
ENSG00000120833,+,13911,13911,0.5863704981669182,0.5116814032060959,29,23,2,5,1,2,1,0,1,1,0,1,7,2,1,1,SOCS2,11,7
ENSG00000121211,+,28127,28127,0.6237778646851779,0.6098055249404487,85,81,12,4,2,0,1,1,3,4,0,3,7,7,3,1,MND1,16,16
ENSG00000121380,+,34664,34664,0.6303369489960766,0.6192880221555505,86,100,2,4,7,3,3,0,4,3,3,2,8,8,1,2,BCL2L14,26,18
ENSG00000121653,+,10307,10307,0.3880857669544969,0.44979140390026195,1,10,0,0,2,1,0,0,0,0,1,0,1,2,0,0,MAPK8IP1,4,3
ENSG00000121905,+,373,373,0.5201072386058981,0.4316353887399464,0,0,0,0,0,0,0,0,0,0,0,0,0,0,0,0,HPCA,0,0
ENSG00000122254,+,278,278,0.6690647482014388,0.5935251798561151,1,0,0,0,0,0,0,0,0,0,0,1,0,0,0,0,HS3ST2,0,1
ENSG00000122679,+,25318,25318,0.496010743344656,0.4920609842799589,34,25,9,2,4,2,2,1,0,0,0,0,3,4,2,2,RAMP3,11,9
ENSG00000123154,+,4031,4031,0.4579508806747705,0.43562391466137435,0,3,0,0,0,0,0,0,0,0,0,0,3,2,0,0,WDR83,3,2
ENSG00000123374,+,2020,2020,0.5173267326732673,0.5495049504950495,3,2,0,0,0,0,0,0,0,0,0,0,0,0,0,0,CDK2,0,0
ENSG00000124249,+,4425,4425,0.48045197740112994,0.46847457627118644,4,2,1,0,0,1,1,0,0,0,0,0,0,0,0,0,KCNK15,1,1
ENSG00000124440,+,34097,34097,0.5104261371968208,0.4930345778220958,46,37,16,11,1,7,3,0,0,1,3,2,11,15,1,1,HIF3A,19,26
ENSG00000124766,+,11267,11267,0.543800479275761,0.563326528800923,15,25,0,0,1,0,0,1,0,0,0,0,4,2,1,1,SOX4,6,4
ENSG00000125449,+,18454,18454,0.4690581987644955,0.462392977132329,14,15,3,2,3,2,0,2,0,0,1,0,9,8,0,0,ARMC7,13,12
ENSG00000128872,+,24556,24556,0.568292881576804,0.5670304609871315,51,48,3,3,1,1,1,1,0,3,2,0,8,7,0,2,TMOD2,12,14
ENSG00000130558,+,22599,22599,0.4409044647993274,0.44696667994159034,13,14,0,0,2,3,0,0,0,0,0,0,4,2,0,3,OLFM1,6,8
ENSG00000130635,+,7169,7169,0.45334077277165574,0.46310503556981447,4,11,0,4,3,1,0,0,1,1,2,1,1,1,0,0,COL5A1,7,4
ENSG00000130734,+,7162,7162,0.4627199106394862,0.469142697570511,4,5,2,0,0,0,2,0,0,0,0,0,4,6,0,0,ATG4D,6,6
ENSG00000132196,+,4035,4035,0.6369268897149938,0.5504337050805452,15,9,0,0,0,1,0,0,1,1,0,0,1,0,1,0,HSD17B7,3,2
ENSG00000132470,+,22145,22145,0.4231203431925943,0.4305260781214721,5,8,0,1,10,7,0,3,0,0,0,2,9,13,0,0,ITGB4,19,25
ENSG00000132603,+,1906,1906,0.5561385099685204,0.4968520461699895,5,0,0,0,1,0,0,0,0,0,0,0,2,0,0,0,NIP7,3,0
ENSG00000133710,+,16735,16735,0.6402151180161338,0.6253361219002092,71,52,11,4,2,0,1,1,2,0,1,1,3,3,5,1,SPINK5,14,6
ENSG00000133980,+,5154,5154,0.5258051998447808,0.5238649592549476,2,11,0,0,1,0,0,0,0,1,0,0,5,3,0,1,VRTN,6,5
ENSG00000134709,+,17096,17096,0.6673490875058493,0.6700397753860552,61,72,2,3,0,1,1,1,1,2,0,0,2,0,4,2,HOOK1,8,6
ENSG00000135063,+,14807,14807,0.5464307422165192,0.6099142297561964,16,37,1,2,3,1,1,1,0,0,2,2,2,2,2,1,FAM189A2,10,7
ENSG00000136206,+,2701,2701,0.4731580895964458,0.503517215845983,0,0,0,0,0,0,0,0,0,0,0,0,0,1,1,1,SPDYE1,1,2
ENSG00000136518,+,3792,3792,0.6136603375527426,0.5949367088607594,6,8,0,0,0,1,0,0,0,0,0,0,2,1,0,0,ACTL6A,2,2
ENSG00000136521,+,2819,2819,0.6101454416459737,0.5877970911670806,9,8,0,0,0,0,0,0,0,0,0,1,0,1,0,1,NDUFB5,0,3
ENSG00000136783,+,344,344,0.5668604651162791,0.7354651162790697,0,0,0,0,0,0,0,0,0,0,0,0,0,0,0,0,NIPSNAP3A,0,0
ENSG00000136937,+,36147,36147,0.6276592801615625,0.5685949041414226,117,70,8,3,2,4,1,4,4,1,0,1,6,6,5,1,NCBP1,18,17
ENSG00000136950,+,4148,4148,0.4761330761812922,0.4235776277724204,3,4,0,0,0,0,0,0,0,0,0,0,2,0,0,0,ARPC5L,2,0
ENSG00000137103,+,6861,6861,0.5429237720448914,0.4790846815333042,10,12,3,0,0,2,0,0,0,0,1,0,0,0,1,0,TMEM8B,2,2
ENSG00000137802,+,27990,27990,0.5373347624151482,0.5890317970703823,39,56,3,2,7,3,3,1,3,3,3,1,10,5,1,0,MAPKBP1,27,13
ENSG00000137965,+,5542,5542,0.6420064958498737,0.6629375676651028,16,24,1,0,0,0,0,0,0,0,0,0,0,1,1,0,IFI44,1,1
ENSG00000138193,+,28081,28081,0.5836686727680638,0.5959901712901963,66,68,1,4,4,4,0,2,2,1,3,2,9,8,2,2,PLCE1,20,19
ENSG00000138780,+,10430,10430,0.6044103547459252,0.672195589645254,28,29,1,0,0,0,2,1,0,1,0,0,2,0,3,0,GSTCD,7,2
ENSG00000139437,+,22476,22476,0.5158836091831287,0.4984872753158925,22,32,0,5,4,0,3,2,0,1,0,0,8,6,3,0,TCHP,18,9
ENSG00000140416,+,3484,3484,0.5708955223880597,0.5525258323765786,10,4,0,0,0,1,0,0,1,0,0,2,0,2,0,0,TPM1,1,5
ENSG00000140807,+,3875,3875,0.5029677419354839,0.5089032258064516,6,8,0,1,1,0,0,0,0,0,0,0,0,3,0,0,NKD1,1,3
ENSG00000141433,+,2111,2111,0.6186641402179062,0.38275698720985313,6,2,1,0,0,0,0,0,0,0,0,0,0,2,0,0,ADCYAP1,0,2
ENSG00000141753,+,5804,5804,0.4529634734665748,0.4815644383184011,5,4,0,0,3,0,0,2,0,0,0,0,0,1,0,0,IGFBP4,3,3
ENSG00000141756,+,3444,3444,0.40331010452961674,0.46689895470383275,0,1,0,0,1,1,0,0,0,0,0,0,0,2,0,0,FKBP10,1,3
ENSG00000142149,+,24089,24089,0.5443563452198099,0.5285399975092366,37,44,2,3,2,4,1,3,0,0,1,2,2,3,0,2,HUNK,6,14
ENSG00000142507,+,785,785,0.47770700636942676,0.4573248407643312,0,0,0,0,0,0,1,0,0,0,0,0,0,0,0,0,PSMB6,1,0
ENSG00000142973,+,14760,14760,0.5052168021680217,0.5384146341463415,13,13,0,1,0,0,2,1,0,1,0,1,3,0,1,0,CYP4B1,6,3
ENSG00000143353,+,20810,20810,0.6611725132148005,0.6471888515136953,71,87,0,7,1,2,0,0,2,1,1,1,2,2,1,2,LYPLAL1,7,8
ENSG00000143363,+,16143,16143,0.5332961655206591,0.5297032769621508,17,28,0,3,1,0,1,2,0,1,1,1,6,10,1,0,PRUNE1,10,14
ENSG00000143786,+,46316,46316,0.5604974522843078,0.574574661024268,90,121,6,4,3,5,3,2,1,3,0,1,15,8,1,2,CNIH3,23,21
ENSG00000143819,+,13705,13705,0.49879605983217806,0.504560379423568,11,15,1,0,3,0,0,1,0,0,0,3,4,7,1,0,EPHX1,8,11
ENSG00000145494,+,13159,13159,0.5181244775438864,0.4797477011930998,14,16,0,1,3,3,0,0,0,0,0,0,1,1,1,1,NDUFS6,5,5
ENSG00000146281,+,303,303,0.693069306930693,0.6996699669966997,3,1,1,0,0,0,0,0,0,0,0,0,0,0,0,0,PM20D2,0,0
ENSG00000146386,+,2061,2061,0.5900048520135857,0.58418243571082,6,3,0,0,0,0,0,0,0,0,0,0,0,1,1,0,ABRACL,1,1
ENSG00000146576,+,4253,4253,0.42746296731718786,0.47731013402304256,2,7,1,3,0,1,1,0,0,0,0,0,0,2,0,0,C7orf26,1,3
ENSG00000146828,+,25216,25216,0.48742861675126903,0.45463197969543145,29,16,5,2,5,1,5,0,0,0,1,0,19,17,2,1,SLC12A9,32,19
ENSG00000146859,+,4110,4110,0.5192214111922141,0.5552311435523114,6,4,0,1,0,0,0,0,0,0,0,0,2,1,0,5,TMEM140,2,6
ENSG00000147121,+,39126,39126,0.600189132546133,0.5662475080509124,107,70,9,1,3,1,1,3,4,1,1,4,11,5,2,3,KRBOX4,22,17
ENSG00000147475,+,1795,1795,0.5164345403899722,0.5403899721448467,1,1,0,0,0,1,0,0,0,0,0,1,1,0,0,0,ERLIN2,1,2
ENSG00000148985,+,3219,3219,0.5100963031997515,0.48555452003727867,5,2,1,0,0,0,0,1,0,0,1,0,1,0,0,0,PGAP2,2,1
ENSG00000152527,+,22330,22330,0.6060008956560681,0.6175100761307658,58,68,3,5,1,1,0,1,1,1,1,2,4,7,0,2,PLEKHH2,7,14
ENSG00000152661,+,12903,12903,0.5893203131054794,0.6130357281252422,24,31,0,3,0,1,0,2,1,0,1,0,2,8,2,0,GJA1,6,11
ENSG00000153404,+,21269,21269,0.5047251868917203,0.6025200996755842,22,56,1,7,2,2,1,0,0,0,0,1,3,4,3,2,PLEKHG4B,9,9
ENSG00000155363,+,19715,19715,0.5044382449911236,0.5786964240426071,26,37,1,0,4,1,3,1,0,1,1,0,6,2,0,2,MOV10,14,7
ENSG00000158156,+,3044,3044,0.5683311432325887,0.43725361366622867,7,2,0,0,0,0,1,1,0,1,0,0,0,0,0,0,XKR8,1,2
ENSG00000158747,+,6228,6228,0.4425176621708414,0.405427103403982,4,3,0,0,1,1,0,0,0,0,0,0,2,0,0,0,NBL1,3,1
ENSG00000159387,+,4922,4922,0.4744006501422186,0.4967492889069484,10,5,0,0,3,0,0,0,0,0,0,0,0,0,1,0,IRX6,4,0
ENSG00000160094,+,2117,2117,0.5829003306565895,0.5980160604629192,1,2,0,0,0,0,0,0,0,0,0,0,0,0,0,1,ZNF362,0,1
ENSG00000160679,+,4854,4854,0.5857025133910178,0.5504738360115369,17,13,0,2,0,0,0,0,0,1,1,0,2,2,0,1,CHTOP,3,4
ENSG00000160688,+,3663,3663,0.49003549003549,0.4911274911274911,4,1,1,0,1,0,0,1,0,0,0,0,4,2,0,0,FLAD1,5,3
ENSG00000160791,+,1011,1011,0.5143422354104846,0.5568743818001978,3,1,0,1,0,0,0,0,0,0,0,0,0,0,0,0,CCR5,0,0
ENSG00000162458,+,7493,7493,0.49446149739757106,0.4908581342586414,3,10,1,3,0,1,0,1,0,0,0,0,10,3,1,0,FBLIM1,11,5
ENSG00000162493,+,1102,1102,0.5689655172413793,0.5381125226860254,1,1,0,0,0,0,0,0,0,0,0,0,1,0,0,0,PDPN,1,0
ENSG00000163001,+,20705,20705,0.5913064477179425,0.6133301134991548,40,55,3,8,1,0,0,2,1,1,2,2,7,5,0,1,CFAP36,11,11
ENSG00000163156,+,6044,6044,0.5107544672402382,0.5244870946393118,3,6,0,0,2,1,1,0,0,1,0,0,1,2,0,0,SCNM1,4,4
ENSG00000163239,+,24859,24859,0.5403676736795526,0.5382758759403033,39,41,6,3,2,2,0,1,1,1,4,0,8,6,1,0,TDRD10,16,10
ENSG00000163751,+,2987,2987,0.6451288918647472,0.6561767659859391,8,5,0,0,0,0,0,0,0,0,0,0,0,0,0,0,CPA3,0,0
ENSG00000164010,+,19553,19553,0.5598629366337646,0.5880427555873778,42,40,2,3,1,1,3,1,1,5,1,1,3,3,1,2,ERMAP,10,13
ENSG00000164342,+,9277,9277,0.6149617333189609,0.5955589091301067,21,30,1,4,0,1,0,1,1,1,0,1,1,3,2,0,TLR3,4,7
ENSG00000164465,+,26535,26535,0.6083663086489542,0.6070849820991143,77,64,8,2,3,0,1,1,1,0,1,2,6,3,1,2,DCBLD1,13,8
ENSG00000164879,+,25187,25187,0.6265136776908723,0.6163894072338905,69,68,1,0,1,3,0,1,1,0,0,2,0,6,7,5,CA3,9,17
ENSG00000164951,+,1077,1077,0.6657381615598886,0.5441039925719592,3,3,0,0,0,0,0,0,0,0,0,0,0,0,0,0,PDP1,0,0
ENSG00000165807,+,13306,13306,0.5911618818578085,0.5642567262888922,25,23,1,0,1,1,1,0,0,0,0,1,4,3,3,2,PPP1R36,9,7
ENSG00000165816,+,36945,36945,0.5165786980646908,0.5578021383137096,40,66,0,4,5,4,0,5,0,3,1,2,8,8,2,3,VWA2,16,25
ENSG00000166086,+,22778,22778,0.5858284309421371,0.6018965668627623,47,54,6,2,1,1,1,0,0,1,2,2,5,4,2,4,JAM3,11,12
ENSG00000166106,+,7607,7607,0.4601025371368476,0.48731431576179834,5,3,0,0,0,3,2,1,0,1,0,0,0,3,0,0,ADAMTS15,2,8
ENSG00000166263,+,42259,42259,0.6480986298776592,0.647057431553042,149,144,8,5,4,1,3,2,5,3,1,2,4,6,2,3,STXBP4,19,17
ENSG00000166741,+,34869,34869,0.5911267888382231,0.5137801485560239,94,54,5,3,5,7,2,3,2,0,1,2,3,6,4,2,NNMT,17,20
ENSG00000166800,+,20481,20481,0.6039744153117523,0.5623260582979347,64,40,2,1,2,0,0,3,0,0,2,0,7,2,3,0,LDHAL6A,14,5
ENSG00000166961,+,18078,18078,0.4996127890253347,0.5223476048235425,18,16,0,0,5,3,3,1,0,2,1,0,6,4,0,0,MS4A15,15,10
ENSG00000167114,+,13797,13797,0.4549539755019207,0.4708994708994709,7,14,0,4,2,4,5,2,0,0,0,0,7,1,0,0,SLC27A4,14,7
ENSG00000167967,+,332,332,0.4939759036144578,0.2921686746987952,0,0,0,0,0,0,0,0,0,0,0,0,0,0,0,0,E4F1,0,0
ENSG00000168517,+,11365,11365,0.46282446106467223,0.5141223053233612,9,17,2,0,1,2,2,1,0,1,1,0,8,7,0,1,HEXIM2,12,12
ENSG00000168528,+,11857,11857,0.4643670405667538,0.48452390992662564,4,15,0,0,2,0,1,0,0,1,0,0,2,2,0,5,SERINC2,5,8
ENSG00000168763,+,1719,1719,0.5392670157068062,0.5200698080279232,2,4,0,2,0,1,0,0,0,0,0,0,0,0,0,0,CNNM3,0,1
ENSG00000168874,+,14871,14871,0.49572994418667204,0.4676215452894896,11,7,0,0,4,2,0,0,1,0,1,1,3,5,1,0,ATOH8,10,8
ENSG00000169418,+,2417,2417,0.5035167563094746,0.41994207695490277,7,0,0,0,0,0,0,1,0,0,0,0,1,0,0,0,NPR1,1,1
ENSG00000169621,+,6028,6028,0.6103185136031851,0.6113138686131386,10,16,0,0,0,1,1,0,0,0,1,0,0,2,0,0,APLF,2,3
ENSG00000169914,+,23320,23320,0.5941680960548885,0.5536878216123499,71,44,6,3,2,1,1,1,1,0,1,0,3,6,1,0,OTUD3,9,8
ENSG00000170315,+,932,932,0.575107296137339,0.4366952789699571,0,1,0,0,0,0,0,0,0,0,0,0,0,0,0,0,UBB,0,0
ENSG00000171115,+,23819,23819,0.580922792728494,0.5290734287753475,44,33,2,0,2,3,3,1,2,0,1,0,3,3,1,1,GIMAP8,12,8
ENSG00000171202,+,5208,5208,0.6349846390168971,0.5912058371735791,13,13,2,0,0,1,0,0,0,1,0,0,1,2,0,1,TMEM126A,1,5
ENSG00000171204,+,2457,2457,0.6548636548636548,0.5787545787545788,10,9,0,0,0,0,0,0,0,0,0,0,0,1,1,0,TMEM126B,1,1
ENSG00000171303,+,3272,3272,0.4556845965770171,0.43184596577017115,1,2,0,0,3,0,0,0,1,2,0,0,0,0,0,0,KCNK3,4,2
ENSG00000171604,+,1323,1323,0.43386243386243384,0.41647770219198793,1,0,0,0,0,0,0,1,0,0,0,0,0,0,0,0,CXXC5,0,1
ENSG00000171992,+,31269,31269,0.4717131983753878,0.47619047619047616,25,34,0,3,9,5,4,5,0,0,1,0,7,2,2,0,SYNPO,23,12
ENSG00000172137,+,919,919,0.49510337323177367,0.5799782372143635,0,4,0,0,0,0,0,0,0,0,0,0,0,0,0,0,CALB2,0,0
ENSG00000172232,+,4006,4006,0.44433349975037445,0.3981527708437344,5,1,2,0,2,1,0,0,0,0,0,0,5,0,0,0,AZU1,7,1
ENSG00000172590,+,1823,1823,0.5293472298409215,0.5364783324190894,2,3,0,0,0,0,0,0,0,0,0,0,1,0,0,0,MRPL52,1,0
ENSG00000172830,+,4213,4213,0.502492285782103,0.37479230951815806,7,0,1,0,0,0,1,0,0,0,0,0,2,0,0,0,SSH3,3,0
ENSG00000173614,+,522,522,0.5574712643678161,0.49808429118773945,0,0,0,0,0,0,0,0,0,0,0,0,0,0,0,0,NMNAT1,0,0
ENSG00000173846,+,4338,4338,0.42093130474873214,0.49769479022591057,0,3,0,1,1,0,0,0,0,0,0,0,1,3,0,0,PLK3,2,3
ENSG00000175110,+,2510,2510,0.5964143426294821,0.5904382470119522,8,7,0,0,0,0,0,0,0,0,0,0,1,0,1,0,MRPS22,2,0
ENSG00000175793,+,4266,4266,0.45264885138302857,0.4838255977496484,2,3,1,0,0,1,0,2,0,0,0,0,0,3,0,1,SFN,0,7
ENSG00000175854,+,5144,5144,0.49572317262830484,0.49241835147744945,3,1,0,0,0,0,0,0,0,0,0,0,10,4,1,0,SWI5,11,4
ENSG00000176563,+,894,894,0.5313199105145414,0.5771812080536913,0,2,0,0,0,0,1,0,0,0,0,0,0,0,0,0,CNTD1,1,0
ENSG00000176720,+,4269,4269,0.4729444834855938,0.37479503396579994,3,5,0,2,0,1,0,0,0,0,0,0,1,0,0,0,BOK,1,1
ENSG00000178096,+,2521,2521,0.5180483934946449,0.5977786592621975,2,3,0,0,0,0,0,0,0,0,0,0,0,1,0,0,BOLA1,0,1
ENSG00000181873,+,5643,5643,0.5034556087187666,0.3840155945419103,7,0,0,0,0,0,0,1,0,0,0,0,3,0,0,0,IBA57,3,1
ENSG00000182253,+,5319,5319,0.50686219214138,0.5213385974807294,5,4,0,0,0,0,0,0,0,0,0,0,1,0,0,0,SYNM,1,0
ENSG00000182307,+,1003,1003,0.5443668993020937,0.4865403788634098,0,1,0,0,0,1,0,0,0,0,0,0,0,0,0,0,C8orf33,0,1
ENSG00000183615,+,2757,2757,0.45375408052230687,0.4577439245556765,1,4,0,0,0,0,0,0,1,0,0,0,1,0,0,0,FAM167B,2,0
ENSG00000184206,+,1969,1969,0.6312849162011173,0.441340782122905,7,0,0,0,0,0,1,0,0,0,0,1,0,1,0,0,GOLGA6L4,1,2
ENSG00000184454,+,47686,47686,0.5258147045254372,0.5623243719330621,74,106,15,14,11,1,2,10,1,7,2,1,18,26,3,1,NCMAP,37,46
ENSG00000184497,+,27051,27051,0.42678644042734093,0.5137702857565339,26,51,1,0,7,4,2,0,0,2,0,1,2,3,0,0,TMEM255B,11,10
ENSG00000184990,+,5336,5336,0.5026236881559221,0.4396551724137931,9,2,2,0,0,0,1,1,1,0,0,0,1,0,0,0,SIVA1,3,1
ENSG00000185220,+,1846,1846,0.5238353196099675,0.5151679306608884,1,1,0,0,0,0,0,0,0,0,0,0,0,0,0,0,PGBD2,0,0
ENSG00000185621,+,2997,2997,0.5989322655989323,0.5845845845845846,4,7,0,0,0,0,0,0,0,0,0,0,0,0,0,0,LMLN,0,0
ENSG00000185760,+,1802,1802,0.6381798002219756,0.6370699223085461,3,4,0,0,0,0,0,0,0,0,0,0,0,0,0,0,KCNQ5,0,0
ENSG00000186377,+,7260,7260,0.6275482093663912,0.6026170798898072,29,24,2,1,2,1,1,1,1,0,0,1,0,1,1,0,CYP4X1,5,4
ENSG00000188153,+,27182,27182,0.6219189169303215,0.64991538518137,96,87,5,1,1,0,0,2,0,1,4,4,4,2,1,3,COL4A5,10,12
ENSG00000188783,+,2110,2110,0.4203791469194313,0.5417061611374407,1,4,0,0,0,1,0,0,0,0,0,0,1,0,0,1,PRELP,1,2
ENSG00000188981,+,7453,7453,0.5008721320273716,0.41795250234804776,10,4,3,0,1,2,0,0,0,0,0,1,2,0,0,0,MSANTD1,3,3
ENSG00000188986,+,10800,10800,0.4486111111111111,0.39305555555555555,10,3,4,0,4,1,0,1,1,0,0,0,3,1,0,0,NELFB,8,3
ENSG00000189045,+,47814,47814,0.5920650855398001,0.6137742083908478,112,129,2,2,6,2,2,2,2,2,3,3,4,3,3,3,ANKDD1B,20,15
ENSG00000196290,+,5423,5423,0.5732989120413056,0.6081504702194357,14,13,1,0,2,0,0,0,0,0,0,0,1,1,0,1,NIF3L1,3,2
ENSG00000197008,+,173,173,0.653179190751445,0.6242774566473989,0,2,0,0,0,0,0,0,0,0,0,0,0,0,1,0,ZNF138,1,0
ENSG00000197037,+,9394,9394,0.559506067702789,0.5157547370662124,19,9,0,0,0,0,1,0,2,0,0,1,3,1,1,0,ZSCAN25,7,2
ENSG00000197408,+,247,247,0.631578947368421,0.5344129554655871,0,0,0,0,0,0,0,0,0,0,0,0,0,0,0,0,CYP2B6,0,0
ENSG00000197594,+,3773,3773,0.5921017757752451,0.5804399681950703,14,4,0,0,1,0,0,1,0,0,0,1,0,0,0,0,ENPP1,1,2
ENSG00000197712,+,33411,33411,0.565292867618449,0.5863937026727725,65,74,2,5,5,1,3,3,2,1,2,3,5,9,4,4,FAM114A1,21,21
ENSG00000197859,+,10542,10542,0.39034338835135646,0.4045721874407133,5,1,0,0,4,1,1,0,0,0,0,0,1,2,0,0,ADAMTSL2,6,3
ENSG00000198198,+,46684,46684,0.478750749721532,0.5307171621968982,27,51,0,5,9,3,4,2,1,3,2,2,9,13,4,4,SZT2,29,27
ENSG00000198520,+,1598,1598,0.5012515644555695,0.5275344180225282,0,1,0,0,0,2,0,0,0,0,0,0,0,0,0,0,ARMH1,0,2
ENSG00000198851,+,10024,10024,0.5683359936153233,0.5534716679968077,26,17,1,0,2,3,0,1,4,2,0,0,2,1,1,3,CD3E,9,10
ENSG00000203499,+,29334,29334,0.5301015886002591,0.36650303402195405,48,6,8,0,2,6,0,4,1,0,3,1,9,1,2,0,IQANK1,17,12
ENSG00000204389,+,273,273,0.4249084249084249,0.3956043956043956,0,0,0,0,0,0,0,0,0,0,0,0,0,0,0,0,HSPA1A,0,0
ENSG00000204544,+,1129,1129,0.5270150575730735,0.503985828166519,2,1,0,0,0,0,0,0,0,0,0,0,0,0,0,0,MUC21,0,0
ENSG00000205002,+,431,431,0.6102088167053364,0.665893271461717,1,1,0,0,0,0,0,0,0,0,0,0,0,0,0,0,AARD,0,0
ENSG00000205364,+,815,815,0.42208588957055215,0.3521472392638037,2,2,0,0,2,0,0,0,0,0,0,0,0,0,0,0,MT1M,2,0
ENSG00000205659,+,48632,48632,0.5926961671327521,0.6117988155946702,117,118,19,17,1,2,1,5,2,5,4,2,14,13,4,5,LIN52,26,32
ENSG00000205710,+,430,430,0.46744186046511627,0.5348837209302325,0,0,0,0,1,0,0,0,0,0,0,0,1,0,0,0,C17orf107,2,0
ENSG00000206053,+,2457,2457,0.5453805453805454,0.5543345543345544,3,3,0,0,0,0,0,0,0,0,0,1,1,1,0,0,JPT2,1,2
ENSG00000211584,+,25449,25449,0.47070611811859014,0.44630437345278795,22,7,3,0,9,11,7,3,1,1,0,0,5,4,0,1,SLC48A1,22,20
ENSG00000213160,+,22557,22557,0.5859378463448154,0.5445316309792969,53,35,1,0,2,2,1,0,6,0,0,2,3,5,0,2,KLHL23,12,11
ENSG00000214212,+,3610,3610,0.5124653739612188,0.5213296398891967,5,4,0,0,0,1,0,0,0,0,0,0,3,4,0,0,C19orf38,3,5
ENSG00000214265,+,7206,7206,0.6644462947543713,0.6236469608659451,20,20,0,2,0,0,2,1,0,0,0,0,1,3,0,0,AC124312.1,3,4
ENSG00000214274,+,13756,13756,0.5732044198895028,0.5411456818842687,15,20,0,1,3,1,1,0,2,1,0,0,3,1,2,1,ANG,11,4
ENSG00000214357,+,28767,28767,0.4816282545972816,0.5090555149998262,25,34,0,3,5,5,1,1,1,2,1,0,4,5,2,1,NEURL1B,14,14
ENSG00000222009,+,4135,4135,0.4727932285368803,0.441596130592503,6,0,2,0,0,0,1,0,0,0,0,0,0,1,0,0,BTBD19,1,1
ENSG00000224982,+,40293,40293,0.5689077507259326,0.5797533070260343,83,78,0,4,4,4,2,2,3,5,1,1,8,12,4,2,TMEM233,22,26
ENSG00000227051,+,9192,9192,0.4879242819843342,0.501414273281114,8,8,0,0,3,1,0,0,0,0,0,0,3,1,0,0,C14orf132,6,2
ENSG00000233927,+,6163,6163,0.4785007301638812,0.48661366217751095,8,4,1,0,1,0,0,0,0,0,1,0,3,4,0,0,RPS28,5,4
ENSG00000237541,+,213,213,0.460093896713615,0.5164319248826291,0,0,0,0,0,0,0,0,0,0,0,0,0,0,0,0,HLA-DQA2,0,0
ENSG00000237765,+,983,983,0.6734486266531028,0.5930824008138352,2,1,0,0,0,0,0,0,0,1,0,0,0,0,0,0,FAM200B,0,1
ENSG00000244509,+,276,276,0.4855072463768116,0.42028985507246375,0,0,0,0,0,0,0,0,0,0,0,0,0,0,0,0,APOBEC3C,0,0
ENSG00000248487,+,3113,3113,0.43205910697076777,0.4783167362672663,1,5,0,1,0,0,0,0,0,0,0,0,1,0,1,0,ABHD14A,2,0
ENSG00000255587,+,18569,18569,0.5013732565027734,0.5247455436480155,24,31,2,1,2,5,0,2,0,1,1,0,2,4,0,2,RAB44,5,14
ENSG00000256229,+,33810,33810,0.6049097900029577,0.5362023070097605,95,54,7,0,3,4,0,6,1,1,1,1,8,10,2,2,ZNF486,15,24
ENSG00000259753,+,14593,14593,0.6100870280271363,0.5727403549647091,43,36,4,3,0,1,0,3,2,1,1,1,2,2,1,0,AC068234.1,6,8
ENSG00000259956,+,8203,8203,0.5591856637815433,0.4372790442521029,13,4,0,0,0,1,0,2,3,0,0,0,1,0,0,0,RBM15B,4,3
ENSG00000269237,+,13712,13712,0.5834305717619603,0.5704492415402567,34,32,8,0,0,2,0,0,0,2,0,0,4,0,0,4,AC010615.4,4,8
ENSG00000270316,+,30069,30069,0.5702883368253018,0.560344540889288,72,52,14,0,3,2,0,2,0,1,2,1,11,11,3,1,BORCS7-ASMT,19,18
ENSG00000272196,+,2042,2042,0.40107737512242897,0.519588638589618,1,4,0,0,0,0,0,2,0,0,0,0,0,0,0,0,H2AC19,0,2
ENSG00000272602,+,3395,3395,0.6703976435935198,0.6303387334315169,8,9,0,1,0,0,0,0,0,0,0,0,0,0,0,0,ZNF595,0,0
ENSG00000281887,+,2437,2437,0.5880180549856381,0.5137464095199015,5,0,0,0,0,3,1,0,0,1,0,0,0,0,0,0,GIMAP1-GIMAP5,1,4
ENSG00000284431,+,13176,13176,0.45901639344262296,0.5610959319975714,5,19,0,0,1,1,0,2,0,2,1,1,3,5,1,2,AL022238.4,6,13
