gene_id,n_celltypes_trending,n_decreasing,mean_slope,mean_abs_spearman,n_increasing,dominant_direction,direction_consistency,n_celltypes_tested,recurrence_frac,symbol
ENSG00000092820,19,18,-0.011587125450847474,0.9528886684995449,1,decreasing,0.9473684210526315,24,0.7916666666666666,EZR
ENSG00000124151,19,14,-0.00519603514171699,0.9528886684995449,5,decreasing,0.7368421052631579,23,0.8260869565217391,NCOA3
ENSG00000143702,19,17,-0.018144064347549792,0.9485382530118567,2,decreasing,0.8947368421052632,24,0.7916666666666666,CEP170
ENSG00000152484,19,17,-0.007254893937710911,0.9387860794242225,2,decreasing,0.8947368421052632,22,0.8636363636363636,USP12
ENSG00000136448,18,14,-0.042623851833471525,0.9605653333142443,4,decreasing,0.7777777777777778,22,0.8181818181818182,NMT1
ENSG00000068305,18,16,-0.012439737516861228,0.9559732280772403,2,decreasing,0.8888888888888888,24,0.75,MEF2A
ENSG00000011566,18,16,-0.04125893483755137,0.9531223001911577,2,decreasing,0.8888888888888888,24,0.75,MAP4K3
ENSG00000102218,18,18,-0.02074326150963886,0.9531223001911577,0,decreasing,1.0,22,0.8181818181818182,RP2
ENSG00000204899,18,18,-0.007852274063105343,0.9474204444189928,0,decreasing,1.0,22,0.8181818181818182,MZT1
ENSG00000150977,18,16,-0.020971920817898216,0.9456792670680709,2,decreasing,0.8888888888888888,24,0.75,RILPL2
ENSG00000123130,18,17,-0.02184374647017815,0.9428283391819884,1,decreasing,0.9444444444444444,24,0.75,ACOT9
ENSG00000149177,18,15,0.030355636615333168,0.9410871618310667,3,decreasing,0.8333333333333334,24,0.75,PTPRJ
ENSG00000153989,17,14,-0.014528252882365028,0.9503647884376965,3,decreasing,0.8235294117647058,22,0.7727272727272727,NUS1
ENSG00000172164,17,15,-0.013294718375751665,0.9503647884376965,2,decreasing,0.8823529411764706,24,0.7083333333333334,SNTB1
ENSG00000124209,17,17,-0.01241965516834776,0.9473461589112562,0,decreasing,1.0,24,0.7083333333333334,RAB22A
ENSG00000136205,17,17,-0.040750174409769746,0.9394653003103408,0,decreasing,1.0,24,0.7083333333333334,TNS3
ENSG00000083457,17,17,-0.02082245547058748,0.9394653003103407,0,decreasing,1.0,24,0.7083333333333334,ITGAE
ENSG00000105287,17,16,-0.009329221676467516,0.9394653003103407,1,decreasing,0.9411764705882353,24,0.7083333333333334,PRKD2
ENSG00000164933,17,16,-0.03356626383238701,0.937621700762306,1,decreasing,0.9411764705882353,24,0.7083333333333334,SLC25A32
ENSG00000206199,17,16,-0.022944722888720636,0.937621700762306,1,decreasing,0.9411764705882353,19,0.8947368421052632,ANKUB1
ENSG00000152495,17,15,-0.007338806937188434,0.9346030712358657,2,decreasing,0.8823529411764706,24,0.7083333333333334,CAMK4
ENSG00000178935,17,14,-0.009511802282209159,0.9267222126349504,3,decreasing,0.8235294117647058,22,0.7727272727272727,ZNF552
ENSG00000147044,17,17,-0.03896127209816765,0.9255471826565447,0,decreasing,1.0,24,0.7083333333333334,CASK
ENSG00000064651,16,16,-0.014104930434443438,0.9691755306336274,0,decreasing,1.0,24,0.6666666666666666,SLC12A2
ENSG00000043462,16,15,-0.009001735159403718,0.9691755306336273,1,decreasing,0.9375,24,0.6666666666666666,LCP2
ENSG00000125686,16,16,-0.0077602135114844374,0.9672167061138405,0,decreasing,1.0,24,0.6666666666666666,MED1
ENSG00000171621,16,13,-0.004919882476204531,0.9620505877222107,3,decreasing,0.8125,24,0.6666666666666666,SPSB1
ENSG00000184640,16,16,-0.010527410811654031,0.9556359999785251,0,decreasing,1.0,24,0.6666666666666666,SEPTIN9
ENSG00000198382,16,16,-0.018930664105583438,0.9556359999785251,0,decreasing,1.0,24,0.6666666666666666,UVRAG
ENSG00000012779,16,16,-0.007683589728887687,0.955635999978525,0,decreasing,1.0,24,0.6666666666666666,ALOX5
ENSG00000179218,16,16,-0.013149683912259362,0.955635999978525,0,decreasing,1.0,21,0.7619047619047619,CALR
ENSG00000140332,16,16,-0.0034412234916976377,0.9524287061066822,0,decreasing,1.0,24,0.6666666666666666,TLE3
ENSG00000130340,16,14,-0.013843826001129506,0.9504698815868953,2,decreasing,0.875,24,0.6666666666666666,SNX9
ENSG00000145687,16,14,-0.0026001623948487687,0.9504698815868953,2,decreasing,0.875,24,0.6666666666666666,SSBP2
ENSG00000185418,16,14,-0.032793438884184276,0.9504698815868953,2,decreasing,0.875,24,0.6666666666666666,TARS3
ENSG00000225190,16,16,-0.00864576538360875,0.9504698815868953,0,decreasing,1.0,19,0.8421052631578947,PLEKHM1
ENSG00000112339,16,16,-0.018725406858715807,0.9472625877150525,0,decreasing,1.0,24,0.6666666666666666,HBS1L
ENSG00000149269,16,15,-0.012603242157188475,0.9453037631952657,1,decreasing,0.9375,24,0.6666666666666666,PAK1
ENSG00000198730,16,13,-0.01177495729592642,0.9453037631952657,3,decreasing,0.8125,24,0.6666666666666666,CTR9
ENSG00000198887,16,16,-0.05326358205648236,0.9453037631952657,0,decreasing,1.0,24,0.6666666666666666,SMC5
ENSG00000154122,16,14,-0.013054055963480776,0.9453037631952655,2,decreasing,0.875,24,0.6666666666666666,ANKH
ENSG00000170145,16,16,-0.006998132593772507,0.9440552938432095,0,decreasing,1.0,24,0.6666666666666666,SIK2
ENSG00000102908,16,15,-0.009944305717687995,0.9420964693234227,1,decreasing,0.9375,24,0.6666666666666666,NFAT5
ENSG00000115137,16,16,-0.010226926793685332,0.9420964693234227,0,decreasing,1.0,24,0.6666666666666666,DNAJC27
ENSG00000196369,16,16,-0.009940664792084887,0.9408479999713667,0,decreasing,1.0,24,0.6666666666666666,SRGAP2B
ENSG00000152270,16,16,-0.022708042446062938,0.9376407060995238,0,decreasing,1.0,24,0.6666666666666666,PDE3B
ENSG00000168255,16,15,-0.006840717227513088,0.936930350931793,1,decreasing,0.9375,24,0.6666666666666666,POLR2J3
ENSG00000185946,16,16,-0.03356092707428278,0.935681881579737,0,decreasing,1.0,23,0.6956521739130435,RNPC3
ENSG00000174579,16,14,-0.015811907813522093,0.9285569386683205,2,decreasing,0.875,24,0.6666666666666666,MSL2
ENSG00000120594,16,16,-0.004921584149155307,0.9273084693162644,0,decreasing,1.0,24,0.6666666666666666,PLXDC2
ENSG00000171345,15,14,-0.019002624932009,0.9863155461468037,1,decreasing,0.9333333333333333,22,0.6818181818181818,KRT19
ENSG00000240445,15,15,-0.0359565654940772,0.9739627929358006,0,decreasing,1.0,24,0.625,FOXO3B
ENSG00000171943,15,10,-0.006007174286972747,0.9718733801146946,5,decreasing,0.6666666666666666,24,0.625,SRGAP2C
ENSG00000188342,15,14,-0.023299438692993203,0.9684522666513956,1,decreasing,0.9333333333333333,18,0.8333333333333334,GTF2F2
ENSG00000125944,15,13,-0.0029857093320416264,0.9671205660092025,2,decreasing,0.8666666666666667,24,0.625,HNRNPR
ENSG00000099917,15,12,-0.023437997776560367,0.9663628538302897,3,decreasing,0.8,24,0.625,MED15
ENSG00000147010,15,13,-0.008026578170081533,0.9650311531880966,2,decreasing,0.8666666666666667,24,0.625,SH3KBP1
ENSG00000114062,15,11,0.0057912671893775676,0.9650311531880964,4,decreasing,0.7333333333333333,24,0.625,UBE3A
ENSG00000283765,15,12,-0.006550260574335986,0.9629417403669908,3,decreasing,0.8,24,0.625,AC131160.1
ENSG00000065989,15,13,-0.0057850252606081,0.9616100397247976,2,decreasing,0.8666666666666667,23,0.6521739130434783,PDE4A
ENSG00000110429,15,14,-0.008373490577277267,0.9616100397247975,1,decreasing,0.9333333333333333,23,0.6521739130434783,FBXO3
ENSG00000105339,15,15,-0.0253572545673461,0.9560995134403925,0,decreasing,1.0,18,0.8333333333333334,DENND3
ENSG00000011007,15,15,-0.00940874438567604,0.9526783999770935,0,decreasing,1.0,19,0.7894736842105263,ELOA
ENSG00000034677,15,15,-0.006208761956049607,0.9505889871559875,0,decreasing,1.0,24,0.625,RNF19A
ENSG00000105939,15,14,-0.02094239692859574,0.9505889871559875,1,decreasing,0.9333333333333333,24,0.625,ZC3HAV1
ENSG00000127603,15,11,-0.011864181189174212,0.9505889871559874,4,decreasing,0.7333333333333333,23,0.6521739130434783,MACF1
ENSG00000010810,15,15,-0.019576701475095094,0.9505889871559873,0,decreasing,1.0,24,0.625,FYN
ENSG00000102974,15,15,-0.014801868879575294,0.9492572865137945,0,decreasing,1.0,21,0.7142857142857143,CTCF
ENSG00000118058,15,15,-0.026193247965664114,0.9492572865137945,0,decreasing,1.0,15,1.0,KMT2A
ENSG00000024048,15,15,-0.011357581705751,0.9492572865137942,0,decreasing,1.0,24,0.625,UBR2
ENSG00000203705,15,15,-0.007998562635944501,0.9471678736926883,0,decreasing,1.0,18,0.8333333333333334,TATDN3
ENSG00000102312,15,15,-0.01690418008823009,0.9458361730504953,0,decreasing,1.0,19,0.7894736842105263,PORCN
ENSG00000118263,15,14,-0.008016311640217792,0.9437467602293894,1,decreasing,0.9333333333333333,24,0.625,KLF7
ENSG00000147649,15,12,-0.004963244038828967,0.9437467602293894,3,decreasing,0.8,24,0.625,MTDH
ENSG00000167193,15,14,-0.0713978563394082,0.9437467602293893,1,decreasing,0.9333333333333333,24,0.625,CRK
ENSG00000147416,15,15,-0.020653192916981467,0.9403256467660904,0,decreasing,1.0,23,0.6521739130434783,ATP6V1B2
ENSG00000163659,15,15,-0.06411667108674117,0.9403256467660903,0,decreasing,1.0,21,0.7142857142857143,TIPARP
ENSG00000164346,15,15,-0.006508261256201387,0.9403256467660902,0,decreasing,1.0,20,0.75,NSA2
ENSG00000064703,15,12,-0.0011674240178663202,0.9382362339449843,3,decreasing,0.8,22,0.6818181818181818,DDX20
ENSG00000105576,15,14,-0.012161034287655066,0.9382362339449843,1,decreasing,0.9333333333333333,22,0.6818181818181818,TNPO2
ENSG00000136643,15,15,-0.008332644170363486,0.9382362339449843,0,decreasing,1.0,24,0.625,RPS6KC1
ENSG00000109906,15,15,-0.008660105747533212,0.9382362339449842,0,decreasing,1.0,24,0.625,ZBTB16
ENSG00000129636,15,11,-0.010883557783243967,0.9361468211238784,4,decreasing,0.7333333333333333,24,0.625,ITFG1
ENSG00000139083,15,11,-0.006914860914005073,0.9361468211238784,4,decreasing,0.7333333333333333,24,0.625,ETV6
ENSG00000080503,15,15,-0.008950990958552134,0.9348151204816852,0,decreasing,1.0,24,0.625,SMARCA2
ENSG00000134480,15,14,-0.0027192786028947735,0.9327257076605793,1,decreasing,0.9333333333333333,23,0.6521739130434783,CCNH
ENSG00000068796,15,15,-0.013425187880030767,0.9306362948394733,0,decreasing,1.0,24,0.625,KIF2A
ENSG00000167081,15,14,-0.008677379738179147,0.9293045941972803,1,decreasing,0.9333333333333333,23,0.6521739130434783,PBX3
ENSG00000119326,15,14,-0.021442345095804918,0.9272151813761743,1,decreasing,0.9333333333333333,22,0.6818181818181818,CTNNAL1
ENSG00000197442,15,15,-0.0256505656944676,0.9258834807339813,0,decreasing,1.0,24,0.625,MAP3K5
ENSG00000073711,15,15,-0.006850635813793107,0.9258834807339812,0,decreasing,1.0,24,0.625,PPP2R3A
ENSG00000111684,15,14,-0.05527694703164495,0.925883480733981,1,decreasing,0.9333333333333333,23,0.6521739130434783,LPCAT3
ENSG00000133943,15,15,-0.006512760759705507,0.9224623672706821,0,decreasing,1.0,21,0.7142857142857143,DGLUCY
ENSG00000132680,14,9,-0.005095540759431858,0.9904303859846028,5,decreasing,0.6428571428571429,22,0.6363636363636364,KHDC4
ENSG00000066855,14,14,-0.03156573090188514,0.9830994285632476,0,decreasing,1.0,17,0.8235294117647058,MTFR1
ENSG00000143924,14,14,-0.0057964746964432575,0.9721029924312149,0,decreasing,1.0,24,0.5833333333333334,EML4
ENSG00000015153,14,14,-0.012392188740439179,0.9661988571264953,0,decreasing,1.0,24,0.5833333333333334,YAF2
ENSG00000101901,14,10,-0.012352469804667757,0.9661988571264953,4,decreasing,0.7142857142857143,22,0.6363636363636364,ALG13
ENSG00000105402,14,14,-0.01610158069027573,0.9661988571264953,0,decreasing,1.0,18,0.7777777777777778,NAPA
ENSG00000144283,14,13,-0.01674552462098462,0.9661988571264953,1,decreasing,0.9285714285714286,22,0.6363636363636364,PKP4
ENSG00000164808,14,13,-0.046406780870024374,0.9661988571264953,1,decreasing,0.9285714285714286,24,0.5833333333333334,SPIDR
ENSG00000119402,14,13,-0.0037986098077873566,0.9639602005324532,1,decreasing,0.9285714285714286,24,0.5833333333333334,FBXW2
ENSG00000011295,14,12,-0.05092822160257717,0.9625333784158178,2,decreasing,0.8571428571428571,24,0.5833333333333334,TTC19
ENSG00000103489,14,14,-0.0058211216098401,0.9625333784158178,0,decreasing,1.0,24,0.5833333333333334,XYLT1
ENSG00000164327,14,14,-0.008585754771502299,0.9625333784158178,0,decreasing,1.0,24,0.5833333333333334,RICTOR
ENSG00000266094,14,14,-0.011043850122636634,0.9625333784158178,0,decreasing,1.0,21,0.6666666666666666,RASSF5
ENSG00000115904,14,14,-0.028950035166214128,0.9602947218217758,0,decreasing,1.0,23,0.6086956521739131,SOS1
ENSG00000012660,14,13,-0.018472933163751752,0.9602947218217757,1,decreasing,0.9285714285714286,24,0.5833333333333334,ELOVL5
ENSG00000197579,14,12,-0.022512369529547407,0.9588678997051403,2,decreasing,0.8571428571428571,18,0.7777777777777778,TOPORS
ENSG00000080189,14,14,-0.017419960786903572,0.9588678997051401,0,decreasing,1.0,19,0.7368421052631579,SLC35C2
ENSG00000050344,14,12,-0.004070684433350307,0.9566292431110981,2,decreasing,0.8571428571428571,24,0.5833333333333334,NFE2L3
ENSG00000146285,14,14,-0.008531245383840442,0.956629243111098,0,decreasing,1.0,19,0.7368421052631579,SCML4
ENSG00000183054,14,12,-0.011583770971840785,0.9552024209944626,2,decreasing,0.8571428571428571,24,0.5833333333333334,RGPD6
ENSG00000042445,14,12,-0.0065504521846827,0.9543905865170561,2,decreasing,0.8571428571428571,23,0.6086956521739131,RETSAT
ENSG00000146776,14,13,-0.029402322478108922,0.9543905865170561,1,decreasing,0.9285714285714286,19,0.7368421052631579,ATXN7L1
ENSG00000187109,14,13,-0.007168922865651678,0.9543905865170561,1,decreasing,0.9285714285714286,24,0.5833333333333334,NAP1L1
ENSG00000005249,14,11,0.00212204189749085,0.9529637644004206,3,decreasing,0.7857142857142857,22,0.6363636363636364,PRKAR2B
ENSG00000085721,14,14,-0.004191527648844008,0.9529637644004206,0,decreasing,1.0,22,0.6363636363636364,RRN3
ENSG00000137575,14,13,-0.00973063315808803,0.9529637644004206,1,decreasing,0.9285714285714286,23,0.6086956521739131,SDCBP
ENSG00000155975,14,14,-0.007640268361311786,0.9529637644004206,0,decreasing,1.0,21,0.6666666666666666,VPS37A
ENSG00000073614,14,13,-0.02366640954462475,0.9529637644004205,1,decreasing,0.9285714285714286,24,0.5833333333333334,KDM5A
ENSG00000101265,14,14,-0.005611208067834414,0.9529637644004205,0,decreasing,1.0,24,0.5833333333333334,RASSF2
ENSG00000175471,14,14,-0.017819342309999615,0.9529637644004205,0,decreasing,1.0,24,0.5833333333333334,MCTP1
ENSG00000185753,14,13,-0.020856639634420675,0.9529637644004205,1,decreasing,0.9285714285714286,20,0.7,CXorf38
ENSG00000008294,14,13,-0.015534183228991786,0.9507251078063784,1,decreasing,0.9285714285714286,24,0.5833333333333334,SPAG9
ENSG00000065675,14,14,-0.00971970744681345,0.9507251078063784,0,decreasing,1.0,19,0.7368421052631579,PRKCQ
ENSG00000101558,14,11,-0.04107970612134493,0.9507251078063784,3,decreasing,0.7857142857142857,24,0.5833333333333334,VAPA
ENSG00000072736,14,14,-0.011754768434044565,0.9507251078063783,0,decreasing,1.0,24,0.5833333333333334,NFATC3
ENSG00000075426,14,13,-0.008410800165468437,0.9507251078063783,1,decreasing,0.9285714285714286,23,0.6086956521739131,FOSL2
ENSG00000173120,14,13,-0.008321019528612464,0.9507251078063783,1,decreasing,0.9285714285714286,24,0.5833333333333334,KDM2A
ENSG00000186635,14,12,-0.011712589300862636,0.9507251078063783,2,decreasing,0.8571428571428571,24,0.5833333333333334,ARAP1
ENSG00000260729,14,13,-0.01852439478678956,0.9492982856897431,1,decreasing,0.9285714285714286,24,0.5833333333333334,AC009690.1
ENSG00000198682,14,14,-0.02099158076090885,0.9484864512123362,0,decreasing,1.0,24,0.5833333333333334,PAPSS2
ENSG00000087157,14,10,0.003357377774091429,0.947059629095701,4,decreasing,0.7142857142857143,22,0.6363636363636364,PGS1
ENSG00000086189,14,14,-0.0060614035113571215,0.9470596290957009,0,decreasing,1.0,24,0.5833333333333334,DIMT1
ENSG00000125970,14,13,-0.003751292701296543,0.9470596290957006,1,decreasing,0.9285714285714286,24,0.5833333333333334,RALY
ENSG00000107554,14,13,-0.03955185388256297,0.9456328069790654,1,decreasing,0.9285714285714286,23,0.6086956521739131,DNMBP
ENSG00000166501,14,13,-0.0070287626806805,0.9456328069790653,1,decreasing,0.9285714285714286,23,0.6086956521739131,PRKCB
ENSG00000159023,14,11,-0.006096233934363435,0.9448209725016589,3,decreasing,0.7857142857142857,24,0.5833333333333334,EPB41
ENSG00000004866,14,12,-0.003427394693862907,0.9433941503850233,2,decreasing,0.8571428571428571,22,0.6363636363636364,ST7
ENSG00000122484,14,13,-0.015325415210934,0.9433941503850233,1,decreasing,0.9285714285714286,18,0.7777777777777778,RPAP2
ENSG00000126457,14,14,-0.008184793137408672,0.9419673282683879,0,decreasing,1.0,19,0.7368421052631579,PRMT1
ENSG00000063046,14,12,-0.007036871543002093,0.9411554937909813,2,decreasing,0.8571428571428571,24,0.5833333333333334,EIF4B
ENSG00000116406,14,14,-0.004006469449687357,0.9411554937909813,0,decreasing,1.0,24,0.5833333333333334,EDEM3
ENSG00000186645,14,12,-0.01004897247268595,0.9411554937909813,2,decreasing,0.8571428571428571,24,0.5833333333333334,SPDYE17
ENSG00000082898,14,13,-0.008019248999500472,0.9411554937909811,1,decreasing,0.9285714285714286,19,0.7368421052631579,XPO1
ENSG00000198585,14,14,-0.04317645615701841,0.9397286716743458,0,decreasing,1.0,22,0.6363636363636364,NUDT16
ENSG00000006451,14,14,-0.004796977146889772,0.9397286716743457,0,decreasing,1.0,24,0.5833333333333334,RALA
ENSG00000155100,14,14,-0.006585993454151528,0.9374900150803037,0,decreasing,1.0,17,0.8235294117647058,OTUD6B
ENSG00000230124,14,14,-0.019598567679201134,0.9374900150803036,0,decreasing,1.0,19,0.7368421052631579,ACBD6
ENSG00000116786,14,14,-0.006503650368502186,0.9360631929636682,0,decreasing,1.0,20,0.7,PLEKHM2
ENSG00000121964,14,14,-0.007083097936620872,0.9360631929636681,0,decreasing,1.0,23,0.6086956521739131,GTDC1
ENSG00000027075,14,13,-0.012277237960202378,0.9352513584862615,1,decreasing,0.9285714285714286,24,0.5833333333333334,PRKCH
ENSG00000180957,14,7,0.004323055271270557,0.9352513584862615,7,decreasing,0.5,24,0.5833333333333334,PITPNB
ENSG00000101493,14,13,-0.0012654848489053068,0.9338245363696261,1,decreasing,0.9285714285714286,23,0.6086956521739131,ZNF516
ENSG00000135049,14,13,-0.021483590905245376,0.9338245363696261,1,decreasing,0.9285714285714286,24,0.5833333333333334,AGTPBP1
ENSG00000176658,14,12,-0.011748225675861016,0.9338245363696261,2,decreasing,0.8571428571428571,24,0.5833333333333334,MYO1D
ENSG00000196405,14,14,-0.006955162233894215,0.9338245363696261,0,decreasing,1.0,23,0.6086956521739131,EVL
ENSG00000115183,14,14,-0.0065886604101055785,0.9338245363696259,0,decreasing,1.0,23,0.6086956521739131,TANC1
ENSG00000160563,14,14,-0.014861624469935735,0.9338245363696259,0,decreasing,1.0,23,0.6086956521739131,MED27
ENSG00000145216,14,13,-0.00405614302232035,0.9279204010649064,1,decreasing,0.9285714285714286,24,0.5833333333333334,FIP1L1
ENSG00000127152,14,13,-0.003559877326463471,0.9242549223542289,1,decreasing,0.9285714285714286,24,0.5833333333333334,BCL11B
ENSG00000135838,14,13,0.003233667100943845,0.9242549223542287,1,decreasing,0.9285714285714286,17,0.8235294117647058,NPL
ENSG00000262633,14,14,-0.010727569765427472,0.9242549223542287,0,decreasing,1.0,16,0.875,AC005670.2
ENSG00000131374,14,14,-0.00416583108984055,0.9220162657601868,0,decreasing,1.0,24,0.5833333333333334,TBC1D5
ENSG00000109220,14,12,-0.007628589275477293,0.9220162657601867,2,decreasing,0.8571428571428571,24,0.5833333333333334,CHIC2
ENSG00000023445,13,9,-0.01781647185430973,0.9960525613885012,4,decreasing,0.6923076923076923,24,0.5416666666666666,BIRC3
ENSG00000129128,13,9,-0.00045539730243174633,0.9921051227770021,4,decreasing,0.6923076923076923,24,0.5416666666666666,SPCS3
ENSG00000124795,13,11,-0.013320890025027378,0.9857468232180733,2,decreasing,0.8461538461538461,24,0.5416666666666666,DEK
ENSG00000104388,13,8,0.0014763357752467998,0.9793885236591445,5,decreasing,0.6153846153846154,24,0.5416666666666666,RAB2A
ENSG00000134852,13,11,-0.0020602841589428536,0.9778519459950755,2,decreasing,0.8461538461538461,24,0.5416666666666666,CLOCK
ENSG00000158161,13,5,0.013464693591889655,0.9754410850476455,8,increasing,0.6153846153846154,24,0.5416666666666666,EYA3
ENSG00000185808,13,11,-0.03594459557773733,0.9754410850476455,2,decreasing,0.8461538461538461,23,0.5652173913043478,PIGP
ENSG00000100422,13,12,-0.004941144234913123,0.9739045073835764,1,decreasing,0.9230769230769231,24,0.5416666666666666,CERK
ENSG00000271949,13,9,-0.04088489345922344,0.9714936464361467,4,decreasing,0.6923076923076923,24,0.5416666666666666,AC093423.3
ENSG00000163960,13,11,0.0005090013012443845,0.9699570687720779,2,decreasing,0.8461538461538461,24,0.5416666666666666,UBXN7
ENSG00000104972,13,10,-0.011322265395377777,0.9699570687720775,3,decreasing,0.7692307692307693,23,0.5652173913043478,LILRB1
ENSG00000125741,13,13,-0.04851362204694541,0.9675462078246478,0,decreasing,1.0,24,0.5416666666666666,OPA3
ENSG00000167635,13,12,-0.05773499354248456,0.9675462078246476,1,decreasing,0.9230769230769231,23,0.5652173913043478,ZNF146
ENSG00000143641,13,10,-0.003830715117258402,0.9635987692131488,3,decreasing,0.7692307692307693,23,0.5652173913043478,GALNT2
ENSG00000272391,13,11,-0.011577533232313923,0.9635987692131488,2,decreasing,0.8461538461538461,22,0.5909090909090909,POM121C
ENSG00000138593,13,12,-0.009250202506267853,0.9611879082657189,1,decreasing,0.9230769230769231,18,0.7222222222222222,SECISBP2L
ENSG00000273899,13,9,-0.0020223588553836,0.9611879082657189,4,decreasing,0.6923076923076923,24,0.5416666666666666,NOL12
ENSG00000037757,13,7,0.03304106099669672,0.9611879082657188,6,decreasing,0.5384615384615384,22,0.5909090909090909,MRI1
ENSG00000064393,13,11,-0.009725122568038393,0.9611879082657188,2,decreasing,0.8461538461538461,24,0.5416666666666666,HIPK2
ENSG00000102755,13,10,-0.0011007086864450078,0.9611879082657188,3,decreasing,0.7692307692307693,22,0.5909090909090909,FLT1
ENSG00000134242,13,9,-0.008114754139824277,0.9611879082657188,4,decreasing,0.6923076923076923,23,0.5652173913043478,PTPN22
ENSG00000197535,13,12,-0.02372270384027956,0.9611879082657188,1,decreasing,0.9230769230769231,24,0.5416666666666666,MYO5A
ENSG00000048405,13,12,-0.023696916626985306,0.9596513306016499,1,decreasing,0.9230769230769231,22,0.5909090909090909,ZNF800
ENSG00000168710,13,10,-0.008144800299040923,0.9596513306016499,3,decreasing,0.7692307692307693,21,0.6190476190476191,AHCYL1
ENSG00000184939,13,13,-0.004470598902909116,0.9596513306016499,0,decreasing,1.0,23,0.5652173913043478,ZFP90
ENSG00000177030,13,10,-0.012450659446795392,0.95724046965422,3,decreasing,0.7692307692307693,23,0.5652173913043478,DEAF1
ENSG00000173660,13,13,-0.006526793992367377,0.9572404696542199,0,decreasing,1.0,18,0.7222222222222222,UQCRH
ENSG00000177556,13,12,-0.004537662677414947,0.9572404696542199,1,decreasing,0.9230769230769231,22,0.5909090909090909,ATOX1
ENSG00000198707,13,9,-0.0026213828727465844,0.9572404696542199,4,decreasing,0.6923076923076923,22,0.5909090909090909,CEP290
ENSG00000270181,13,10,-0.008468704783873184,0.9572404696542199,3,decreasing,0.7692307692307693,24,0.5416666666666666,BIVM-ERCC5
ENSG00000166135,13,10,-0.005847646043957869,0.9572404696542198,3,decreasing,0.7692307692307693,23,0.5652173913043478,HIF1AN
ENSG00000196757,13,11,-0.001484980458119377,0.9572404696542198,2,decreasing,0.8461538461538461,23,0.5652173913043478,ZNF700
ENSG00000183513,13,13,-0.017287065987758362,0.955703891990151,0,decreasing,1.0,21,0.6190476190476191,COA5
ENSG00000126821,13,13,-0.010989072755993683,0.9557038919901508,0,decreasing,1.0,21,0.6190476190476191,SGPP1
ENSG00000149187,13,11,-0.00868023159079203,0.95482960870679,2,decreasing,0.8461538461538461,24,0.5416666666666666,CELF1
ENSG00000244754,13,11,-0.009652918535256608,0.95482960870679,2,decreasing,0.8461538461538461,24,0.5416666666666666,N4BP2L2
ENSG00000052841,13,10,-0.016595690075768284,0.953293031042721,3,decreasing,0.7692307692307693,19,0.6842105263157895,TTC17
ENSG00000085760,13,12,-0.018316148654471145,0.953293031042721,1,decreasing,0.9230769230769231,18,0.7222222222222222,MTIF2
ENSG00000111667,13,13,-0.010100358634846509,0.953293031042721,0,decreasing,1.0,17,0.7647058823529411,USP5
ENSG00000171316,13,13,-0.020770600151395178,0.953293031042721,0,decreasing,1.0,24,0.5416666666666666,CHD7
ENSG00000068650,13,10,0.011902931371447822,0.9532930310427209,3,decreasing,0.7692307692307693,24,0.5416666666666666,ATP11A
ENSG00000139620,13,13,-0.013687416338070678,0.9532930310427209,0,decreasing,1.0,18,0.7222222222222222,KANSL2
ENSG00000181090,13,13,-0.009444320162645516,0.9532930310427209,0,decreasing,1.0,24,0.5416666666666666,EHMT1
ENSG00000186591,13,11,-0.003913731910764316,0.9532930310427209,2,decreasing,0.8461538461538461,24,0.5416666666666666,UBE2H
ENSG00000023171,13,12,-0.005912616976685916,0.9508821700952912,1,decreasing,0.9230769230769231,23,0.5652173913043478,GRAMD1B
ENSG00000025800,13,11,-0.006757811709000754,0.950882170095291,2,decreasing,0.8461538461538461,22,0.5909090909090909,KPNA6
ENSG00000028528,13,9,0.0057204548919399766,0.950882170095291,4,decreasing,0.6923076923076923,24,0.5416666666666666,SNX1
ENSG00000115604,13,12,-0.015307269199284686,0.950882170095291,1,decreasing,0.9230769230769231,22,0.5909090909090909,IL18R1
ENSG00000173276,13,12,-0.007058050753949977,0.950882170095291,1,decreasing,0.9230769230769231,23,0.5652173913043478,ZBTB21
ENSG00000198821,13,3,0.020186774212158063,0.950882170095291,10,increasing,0.7692307692307693,23,0.5652173913043478,CD247
ENSG00000103522,13,11,-0.0008335816053898386,0.9493455924312221,2,decreasing,0.8461538461538461,24,0.5416666666666666,IL21R
ENSG00000124788,13,12,0.008727180604095037,0.9493455924312221,1,decreasing,0.9230769230769231,24,0.5416666666666666,ATXN1
ENSG00000134333,13,12,-0.003560780808264354,0.9493455924312221,1,decreasing,0.9230769230769231,23,0.5652173913043478,LDHA
ENSG00000167523,13,13,-0.011586642044170231,0.9493455924312221,0,decreasing,1.0,22,0.5909090909090909,SPATA33
ENSG00000145088,13,13,-0.009613591274044516,0.9469347314837921,0,decreasing,1.0,24,0.5416666666666666,EAF2
ENSG00000160584,13,10,-0.0035298019480978927,0.9469347314837921,3,decreasing,0.7692307692307693,24,0.5416666666666666,SIK3
ENSG00000136758,13,9,-0.001581956287052469,0.946934731483792,4,decreasing,0.6923076923076923,24,0.5416666666666666,YME1L1
ENSG00000143442,13,9,-0.011786558935296247,0.946934731483792,4,decreasing,0.6923076923076923,24,0.5416666666666666,POGZ
ENSG00000163602,13,12,0.003958973495492992,0.946934731483792,1,decreasing,0.9230769230769231,24,0.5416666666666666,RYBP
ENSG00000181222,13,13,-0.006706549771361785,0.946934731483792,0,decreasing,1.0,18,0.7222222222222222,POLR2A
ENSG00000145495,13,12,-0.010676886738441945,0.9453981538197233,1,decreasing,0.9230769230769231,24,0.5416666666666666,MARCHF6
ENSG00000254413,13,13,-0.004975359678243614,0.9453981538197233,0,decreasing,1.0,20,0.65,CHKB-CPT1B
ENSG00000179981,13,13,-0.018374886302536163,0.9429872928722933,0,decreasing,1.0,17,0.7647058823529411,TSHZ1
ENSG00000101665,13,13,-0.0203849333521865,0.9429872928722932,0,decreasing,1.0,23,0.5652173913043478,SMAD7
ENSG00000104450,13,11,-0.0021063881954553076,0.9429872928722932,2,decreasing,0.8461538461538461,24,0.5416666666666666,SPAG1
ENSG00000163947,13,13,-0.00929249146246557,0.9429872928722932,0,decreasing,1.0,23,0.5652173913043478,ARHGEF3
ENSG00000135605,13,12,-0.010228450298496393,0.942987292872293,1,decreasing,0.9230769230769231,17,0.7647058823529411,TEC
ENSG00000196821,13,12,-0.009472058832043877,0.942987292872293,1,decreasing,0.9230769230769231,24,0.5416666666666666,ILRUN
ENSG00000083642,13,12,3.959397993151454e-05,0.9405764319248633,1,decreasing,0.9230769230769231,23,0.5652173913043478,PDS5B
ENSG00000163785,13,12,-0.008814763013625916,0.9405764319248633,1,decreasing,0.9230769230769231,18,0.7222222222222222,RYK
ENSG00000227345,13,10,0.005025303363420761,0.9405764319248633,3,decreasing,0.7692307692307693,23,0.5652173913043478,PARG
ENSG00000055609,13,12,-0.006560317254923292,0.9390398542607943,1,decreasing,0.9230769230769231,24,0.5416666666666666,KMT2C
ENSG00000106049,13,11,-0.0025119716972672543,0.9390398542607943,2,decreasing,0.8461538461538461,24,0.5416666666666666,HIBADH
ENSG00000129003,13,13,-0.008388202413157308,0.9390398542607943,0,decreasing,1.0,23,0.5652173913043478,VPS13C
ENSG00000011198,13,13,-0.007510950510857854,0.9390398542607942,0,decreasing,1.0,20,0.65,ABHD5
ENSG00000074266,13,13,-0.02162296065702203,0.9390398542607942,0,decreasing,1.0,22,0.5909090909090909,EED
ENSG00000128989,13,13,-0.010515885071516368,0.9390398542607942,0,decreasing,1.0,22,0.5909090909090909,ARPP19
ENSG00000168214,13,13,-0.02149710381426249,0.9390398542607942,0,decreasing,1.0,23,0.5652173913043478,RBPJ
ENSG00000023287,13,11,-0.02207591448901667,0.9366289933133645,2,decreasing,0.8461538461538461,24,0.5416666666666666,RB1CC1
ENSG00000081913,13,12,-0.0072578349345755085,0.9366289933133645,1,decreasing,0.9230769230769231,24,0.5416666666666666,PHLPP1
ENSG00000169826,13,13,-0.0036366009074144767,0.9366289933133645,0,decreasing,1.0,19,0.6842105263157895,CSGALNACT2
ENSG00000198961,13,10,-0.005959383258369622,0.9366289933133645,3,decreasing,0.7692307692307693,24,0.5416666666666666,PJA2
ENSG00000110395,13,13,-0.017134294945294032,0.9366289933133642,0,decreasing,1.0,24,0.5416666666666666,CBL
ENSG00000183020,13,13,-0.002537151549089793,0.9350924156492955,0,decreasing,1.0,22,0.5909090909090909,AP2A2
ENSG00000078081,13,12,-0.012773325314497201,0.9350924156492953,1,decreasing,0.9230769230769231,20,0.65,LAMP3
ENSG00000059377,13,11,-0.002525423476266792,0.9326815547018655,2,decreasing,0.8461538461538461,24,0.5416666666666666,TBXAS1
ENSG00000151576,13,13,-0.024345708982476656,0.9326815547018654,0,decreasing,1.0,18,0.7222222222222222,QTRT2
ENSG00000168883,13,13,-0.02863334518367474,0.9326815547018654,0,decreasing,1.0,23,0.5652173913043478,USP39
ENSG00000075711,13,12,-0.020362488943936163,0.9326815547018653,1,decreasing,0.9230769230769231,19,0.6842105263157895,DLG1
ENSG00000129353,13,13,-0.009417239866790992,0.9326815547018653,0,decreasing,1.0,23,0.5652173913043478,SLC44A2
ENSG00000106617,13,13,-0.0034741847690309075,0.9311449770377964,0,decreasing,1.0,24,0.5416666666666666,PRKAG2
ENSG00000137073,13,12,-0.0021652351323094,0.9311449770377964,1,decreasing,0.9230769230769231,23,0.5652173913043478,UBAP2
ENSG00000197694,13,12,0.00013194217272481583,0.9302706937544356,1,decreasing,0.9230769230769231,24,0.5416666666666666,SPTAN1
ENSG00000010270,13,11,-0.00048219448185803825,0.9302706937544355,2,decreasing,0.8461538461538461,23,0.5652173913043478,STARD3NL
ENSG00000038382,13,10,-0.009837927610051124,0.9302706937544355,3,decreasing,0.7692307692307693,23,0.5652173913043478,TRIO
ENSG00000141425,13,10,-0.019277161325148177,0.9302706937544355,3,decreasing,0.7692307692307693,24,0.5416666666666666,RPRD1A
ENSG00000168172,13,10,-0.0012465930904569079,0.9302706937544355,3,decreasing,0.7692307692307693,24,0.5416666666666666,HOOK3
ENSG00000017260,13,12,-0.0051048527738621,0.9287341160903666,1,decreasing,0.9230769230769231,23,0.5652173913043478,ATP2C1
ENSG00000143158,13,12,-0.0034802125672997552,0.9287341160903664,1,decreasing,0.9230769230769231,15,0.8666666666666667,MPC2
ENSG00000110934,13,11,-0.0002482383854447692,0.9278598328070056,2,decreasing,0.8461538461538461,24,0.5416666666666666,BIN2
ENSG00000115419,13,12,-0.0070610575271768386,0.9278598328070056,1,decreasing,0.9230769230769231,24,0.5416666666666666,GLS
ENSG00000177917,13,13,-0.017443951874024793,0.9271975384262976,0,decreasing,1.0,19,0.6842105263157895,ARL6IP6
ENSG00000078967,13,13,-0.011499012177276585,0.9263232551429367,0,decreasing,1.0,22,0.5909090909090909,UBE2D4
ENSG00000170759,13,13,-0.0053766238722985854,0.9223758165314379,0,decreasing,1.0,24,0.5416666666666666,KIF5B
ENSG00000106803,13,13,-0.03171642344605452,0.9223758165314376,0,decreasing,1.0,17,0.7647058823529411,SEC61B
ENSG00000076108,13,12,-0.021646808374672324,0.9199649555840078,1,decreasing,0.9230769230769231,22,0.5909090909090909,BAZ2A
ENSG00000111885,13,12,-0.01047435361019767,0.9199649555840076,1,decreasing,0.9230769230769231,24,0.5416666666666666,MAN1A1
ENSG00000030066,13,13,-0.012293035855073808,0.9184283779199388,0,decreasing,1.0,23,0.5652173913043478,NUP160
ENSG00000142864,12,12,-0.044650675342461886,0.9914472163417525,0,decreasing,1.0,23,0.5217391304347826,SERBP1
ENSG00000067182,12,12,-0.030205580483482857,0.984559058486246,0,decreasing,1.0,23,0.5217391304347826,TNFRSF1A
ENSG00000110756,12,11,-0.010704829870168117,0.984559058486246,1,decreasing,0.9166666666666666,24,0.5,HPS5
ENSG00000106785,12,9,-0.007874669255415625,0.9802826666571223,3,decreasing,0.75,24,0.5,TRIM14
ENSG00000114796,12,9,-0.0031987988440485,0.9802826666571223,3,decreasing,0.75,24,0.5,KLHL24
ENSG00000179094,12,9,-0.011767174632764991,0.9802826666571223,3,decreasing,0.75,22,0.5454545454545454,PER1
ENSG00000155380,12,12,-0.05055697119796102,0.9776709006307399,0,decreasing,1.0,24,0.5,SLC16A1
ENSG00000139697,12,11,-0.011299366054219448,0.9760062748279985,1,decreasing,0.9166666666666666,24,0.5,SBNO1
ENSG00000069020,12,10,-0.03140148729970068,0.9733945088016159,2,decreasing,0.8333333333333334,19,0.631578947368421,MAST4
ENSG00000133065,12,6,0.006373327398446875,0.9733945088016159,6,decreasing,0.5,23,0.5217391304347826,SLC41A1
ENSG00000221978,12,11,-0.05448427428844321,0.9733945088016159,1,decreasing,0.9166666666666666,24,0.5,CCNL2
ENSG00000135269,12,9,-0.0246071890486958,0.9717298829988747,3,decreasing,0.75,22,0.5454545454545454,TES
ENSG00000167632,12,11,-0.011849338541102332,0.9717298829988744,1,decreasing,0.9166666666666666,24,0.5,TRAPPC9
ENSG00000185864,12,10,-0.0177434415204868,0.9691181169724922,2,decreasing,0.8333333333333334,18,0.6666666666666666,NPIPB4
ENSG00000089094,12,11,-0.008937553383129708,0.9691181169724921,1,decreasing,0.9166666666666666,24,0.5,KDM2B
ENSG00000102531,12,11,-0.012569935406173793,0.9691181169724921,1,decreasing,0.9166666666666666,24,0.5,FNDC3A
ENSG00000109861,12,7,-0.0036981997595103423,0.9691181169724921,5,decreasing,0.5833333333333334,23,0.5217391304347826,CTSC
ENSG00000132424,12,12,-0.03339522693043482,0.9691181169724921,0,decreasing,1.0,23,0.5217391304347826,PNISR
ENSG00000133114,12,4,0.005162011699027725,0.9691181169724921,8,increasing,0.6666666666666666,22,0.5454545454545454,GPALPP1
ENSG00000115963,12,12,-0.009015592791525608,0.967453491169751,0,decreasing,1.0,15,0.8,RND3
ENSG00000115525,12,12,-0.050183142186203324,0.9674534911697507,0,decreasing,1.0,15,0.8,ST3GAL5
ENSG00000078043,12,12,-0.07036458302738029,0.9665063509461098,0,decreasing,1.0,23,0.5217391304347826,PIAS2
ENSG00000109670,12,9,0.012246024744236592,0.9665063509461098,3,decreasing,0.75,24,0.5,FBXW7
ENSG00000285547,12,10,-0.04118274072884268,0.9665063509461097,2,decreasing,0.8333333333333334,24,0.5,AL133500.1
ENSG00000265491,12,7,0.003709772789186666,0.9648417251433684,5,decreasing,0.5833333333333334,24,0.5,RNF115
ENSG00000105656,12,9,-0.003697533865741292,0.9648417251433683,3,decreasing,0.75,24,0.5,ELL
ENSG00000109787,12,11,-0.024734513277482894,0.9648417251433683,1,decreasing,0.9166666666666666,19,0.631578947368421,KLF3
ENSG00000165487,12,9,-0.0027012881540235665,0.9648417251433683,3,decreasing,0.75,23,0.5217391304347826,MICU2
ENSG00000182473,12,12,-0.010913796938258,0.9631770993406271,0,decreasing,1.0,23,0.5217391304347826,EXOC7
ENSG00000109180,12,12,-0.03383635371366169,0.9631770993406269,0,decreasing,1.0,23,0.5217391304347826,OCIAD1
ENSG00000165406,12,12,-0.006607920909362925,0.9631770993406269,0,decreasing,1.0,17,0.7058823529411765,MARCHF8
ENSG00000001630,12,6,-0.0005599015606694418,0.962229959116986,6,decreasing,0.5,24,0.5,CYP51A1
ENSG00000088808,12,7,-0.0006324542225901248,0.962229959116986,5,decreasing,0.5833333333333334,19,0.631578947368421,PPP1R13B
ENSG00000101577,12,10,-0.00818521641502025,0.962229959116986,2,decreasing,0.8333333333333334,23,0.5217391304347826,LPIN2
ENSG00000152818,12,12,-0.005429843541292216,0.962229959116986,0,decreasing,1.0,24,0.5,UTRN
ENSG00000171612,12,9,-0.013093615780246407,0.962229959116986,3,decreasing,0.75,24,0.5,SLC25A33
ENSG00000108582,12,9,0.00038442704898849177,0.9605653333142445,3,decreasing,0.75,24,0.5,CPD
ENSG00000135976,12,10,-0.0018503839742572753,0.9605653333142445,2,decreasing,0.8333333333333334,21,0.5714285714285714,ANKRD36
ENSG00000162980,12,12,-0.02991851075615269,0.9605653333142445,0,decreasing,1.0,19,0.631578947368421,ARL5A
ENSG00000164934,12,12,-0.005610258172799867,0.9605653333142445,0,decreasing,1.0,23,0.5217391304347826,DCAF13
ENSG00000184110,12,10,-0.00733184206902825,0.9605653333142445,2,decreasing,0.8333333333333334,24,0.5,EIF3C
ENSG00000184384,12,11,-0.005511945279460883,0.9605653333142445,1,decreasing,0.9166666666666666,24,0.5,MAML2
ENSG00000196428,12,12,-0.006371462597819966,0.9605653333142445,0,decreasing,1.0,24,0.5,TSC22D2
ENSG00000117620,12,10,-0.017449654045655016,0.9605653333142444,2,decreasing,0.8333333333333334,19,0.631578947368421,SLC35A3
ENSG00000138768,12,11,-0.007247667962177515,0.9605653333142444,1,decreasing,0.9166666666666666,23,0.5217391304347826,USO1
ENSG00000147174,12,10,0.008440675363079034,0.9605653333142444,2,decreasing,0.8333333333333334,17,0.7058823529411765,GCNA
ENSG00000121892,12,8,0.03088347199776467,0.9579535672878622,4,decreasing,0.6666666666666666,23,0.5217391304347826,PDS5A
ENSG00000123983,12,7,0.0015094163380817082,0.9579535672878622,5,decreasing,0.5833333333333334,24,0.5,ACSL3
ENSG00000139218,12,6,0.01017509418067969,0.9579535672878622,6,decreasing,0.5,24,0.5,SCAF11
ENSG00000075539,12,11,-0.008267883822761942,0.957953567287862,1,decreasing,0.9166666666666666,24,0.5,FRYL
ENSG00000078699,12,8,-4.946842372550845e-05,0.957953567287862,4,decreasing,0.6666666666666666,24,0.5,CBFA2T2
ENSG00000115112,12,12,-0.039960448772812435,0.957953567287862,0,decreasing,1.0,23,0.5217391304347826,TFCP2L1
ENSG00000131323,12,11,-0.006095177991765674,0.957953567287862,1,decreasing,0.9166666666666666,24,0.5,TRAF3
ENSG00000143614,12,11,-0.007834456694894633,0.957953567287862,1,decreasing,0.9166666666666666,24,0.5,GATAD2B
ENSG00000163605,12,6,0.006762771851748699,0.957953567287862,6,decreasing,0.5,23,0.5217391304347826,PPP4R2
ENSG00000123552,12,12,-0.012384615383061801,0.9562889414851208,0,decreasing,1.0,17,0.7058823529411765,USP45
ENSG00000048740,12,12,-0.008506879362956165,0.9562889414851207,0,decreasing,1.0,24,0.5,CELF2
ENSG00000120162,12,11,-0.004148713322931208,0.9562889414851207,1,decreasing,0.9166666666666666,21,0.5714285714285714,MOB3B
ENSG00000123095,12,9,-0.015153010114461981,0.9562889414851207,3,decreasing,0.75,19,0.631578947368421,BHLHE41
ENSG00000145675,12,12,-0.004592833410227075,0.9562889414851204,0,decreasing,1.0,19,0.631578947368421,PIK3R1
ENSG00000131389,12,9,-0.0017035446321080918,0.9536771754587384,3,decreasing,0.75,24,0.5,SLC6A6
ENSG00000058668,12,10,-0.0031232586701270414,0.9536771754587382,2,decreasing,0.8333333333333334,24,0.5,ATP2B4
ENSG00000090273,12,11,-0.005042787472610759,0.9536771754587382,1,decreasing,0.9166666666666666,23,0.5217391304347826,NUDC
ENSG00000115816,12,8,-0.008100102405742408,0.9536771754587382,4,decreasing,0.6666666666666666,22,0.5454545454545454,CEBPZ
ENSG00000122068,12,12,-0.015684847142216317,0.9536771754587382,0,decreasing,1.0,18,0.6666666666666666,FYTTD1
ENSG00000132952,12,12,-0.013393442031951074,0.9536771754587382,0,decreasing,1.0,22,0.5454545454545454,USPL1
ENSG00000156304,12,9,0.010355207939260876,0.9536771754587382,3,decreasing,0.75,24,0.5,SCAF4
ENSG00000159322,12,12,-0.02120093107645363,0.9536771754587382,0,decreasing,1.0,24,0.5,ADPGK
ENSG00000166272,12,10,-0.013331094494190107,0.9536771754587382,2,decreasing,0.8333333333333334,23,0.5217391304347826,WBP1L
ENSG00000183354,12,10,-0.011748968159300049,0.9536771754587382,2,decreasing,0.8333333333333334,23,0.5217391304347826,KIAA2026
ENSG00000205323,12,7,-0.0017206283856250587,0.9536771754587382,5,decreasing,0.5833333333333334,24,0.5,SARNP
ENSG00000256087,12,9,-0.03619437768849137,0.9536771754587382,3,decreasing,0.75,22,0.5454545454545454,ZNF432
ENSG00000128791,12,10,0.010217312204685408,0.9536771754587381,2,decreasing,0.8333333333333334,24,0.5,TWSG1
ENSG00000107036,12,12,-0.003408416462236833,0.952012549655997,0,decreasing,1.0,23,0.5217391304347826,RIC1
ENSG00000181027,12,12,-0.011620199383288217,0.952012549655997,0,decreasing,1.0,16,0.75,FKRP
ENSG00000070731,12,12,-0.007909917002875133,0.9520125496559967,0,decreasing,1.0,17,0.7058823529411765,ST6GALNAC2
ENSG00000103148,12,12,-0.018540863883138192,0.9520125496559967,0,decreasing,1.0,23,0.5217391304347826,NPRL3
ENSG00000034152,12,10,-0.00535983215247425,0.9510654094323558,2,decreasing,0.8333333333333334,23,0.5217391304347826,MAP2K3
ENSG00000111596,12,10,-0.013908697021057516,0.9510654094323558,2,decreasing,0.8333333333333334,24,0.5,CNOT2
ENSG00000163694,12,9,-0.004304324457222001,0.9510654094323558,3,decreasing,0.75,24,0.5,RBM47
ENSG00000174606,12,9,0.006002184301667143,0.9510654094323558,3,decreasing,0.75,24,0.5,ANGEL2
ENSG00000185651,12,11,-0.012255445167513049,0.9510654094323558,1,decreasing,0.9166666666666666,19,0.631578947368421,UBE2L3
ENSG00000032389,12,9,0.0005889334363977333,0.9494007836296144,3,decreasing,0.75,23,0.5217391304347826,EIPR1
ENSG00000081181,12,12,-0.004657029686468983,0.9494007836296144,0,decreasing,1.0,23,0.5217391304347826,ARG2
ENSG00000099622,12,11,-0.02190813484406899,0.9494007836296144,1,decreasing,0.9166666666666666,19,0.631578947368421,CIRBP
ENSG00000137776,12,12,-0.01145217574620566,0.9494007836296144,0,decreasing,1.0,19,0.631578947368421,SLTM
ENSG00000140374,12,12,-0.008641420605045292,0.9494007836296144,0,decreasing,1.0,23,0.5217391304347826,ETFA
ENSG00000135040,12,10,-0.0034526965663875006,0.9494007836296143,2,decreasing,0.8333333333333334,24,0.5,NAA35
ENSG00000154930,12,11,-0.0032036366564780327,0.9494007836296143,1,decreasing,0.9166666666666666,18,0.6666666666666666,ACSS1
ENSG00000158467,12,10,-0.0030646823345863495,0.9494007836296143,2,decreasing,0.8333333333333334,24,0.5,AHCYL2
ENSG00000160551,12,9,0.0008909241832964332,0.9494007836296143,3,decreasing,0.75,24,0.5,TAOK1
ENSG00000166825,12,12,-0.004257526164614692,0.9494007836296143,0,decreasing,1.0,23,0.5217391304347826,ANPEP
ENSG00000138119,12,10,0.003711109524887677,0.9467890176032321,2,decreasing,0.8333333333333334,24,0.5,MYOF
ENSG00000156504,12,10,0.0022477142737393,0.9467890176032321,2,decreasing,0.8333333333333334,17,0.7058823529411765,FAM122B
ENSG00000169756,12,12,-0.03754063589089952,0.9467890176032321,0,decreasing,1.0,19,0.631578947368421,LIMS1
ENSG00000176142,12,11,-0.005685826352881608,0.9467890176032321,1,decreasing,0.9166666666666666,23,0.5217391304347826,TMEM39A
ENSG00000178996,12,8,-0.0009452860820289502,0.9467890176032321,4,decreasing,0.6666666666666666,23,0.5217391304347826,SNX18
ENSG00000078369,12,10,-0.015357190948915031,0.946789017603232,2,decreasing,0.8333333333333334,24,0.5,GNB1
ENSG00000100034,12,11,-0.0020148031317080584,0.946789017603232,1,decreasing,0.9166666666666666,23,0.5217391304347826,PPM1F
ENSG00000140575,12,9,0.0010949889980417752,0.946789017603232,3,decreasing,0.75,24,0.5,IQGAP1
ENSG00000173744,12,9,-0.0099551346389058,0.946789017603232,3,decreasing,0.75,24,0.5,AGFG1
ENSG00000198380,12,9,-0.0012591288112168916,0.946789017603232,3,decreasing,0.75,23,0.5217391304347826,GFPT1
ENSG00000163644,12,9,-0.005157914937105708,0.9451243918004907,3,decreasing,0.75,21,0.5714285714285714,PPM1K
ENSG00000257103,12,12,-0.003222523790436067,0.9451243918004907,0,decreasing,1.0,24,0.5,LSM14A
ENSG00000095066,12,12,-0.005827318919361733,0.9451243918004906,0,decreasing,1.0,19,0.631578947368421,HOOK2
ENSG00000132329,12,12,-0.011413279659354942,0.9451243918004906,0,decreasing,1.0,15,0.8,RAMP1
ENSG00000173575,12,11,-0.005802959969963408,0.9451243918004906,1,decreasing,0.9166666666666666,23,0.5217391304347826,CHD2
ENSG00000269335,12,12,-0.010914817363558591,0.9451243918004906,0,decreasing,1.0,14,0.8571428571428571,IKBKG
ENSG00000006831,12,12,-0.013770826503066309,0.9441772515768495,0,decreasing,1.0,24,0.5,ADIPOR2
ENSG00000133961,12,12,-0.01867137808187935,0.9441772515768495,0,decreasing,1.0,24,0.5,NUMB
ENSG00000260916,12,11,-0.010195943245188526,0.9441772515768495,1,decreasing,0.9166666666666666,23,0.5217391304347826,CCPG1
ENSG00000111859,12,12,-0.01915762199343275,0.9425126257741083,0,decreasing,1.0,24,0.5,NEDD9
ENSG00000070214,12,12,-0.0072058003510355574,0.9425126257741082,0,decreasing,1.0,18,0.6666666666666666,SLC44A1
ENSG00000101882,12,11,-0.008202875752150883,0.9425126257741082,1,decreasing,0.9166666666666666,18,0.6666666666666666,NKAP
ENSG00000112893,12,11,-0.006708880243130892,0.9425126257741082,1,decreasing,0.9166666666666666,23,0.5217391304347826,MAN2A1
ENSG00000122218,12,11,-0.008507673528686383,0.9425126257741082,1,decreasing,0.9166666666666666,24,0.5,COPA
ENSG00000147459,12,12,-0.011042414917077692,0.9425126257741082,0,decreasing,1.0,24,0.5,DOCK5
ENSG00000168564,12,12,-0.00902859664341845,0.9425126257741082,0,decreasing,1.0,22,0.5454545454545454,CDKN2AIP
ENSG00000174574,12,12,-0.005523327286718308,0.9425126257741082,0,decreasing,1.0,22,0.5454545454545454,AKIRIN1
ENSG00000183023,12,11,0.0007055594309567752,0.9425126257741082,1,decreasing,0.9166666666666666,24,0.5,SLC8A1
ENSG00000248643,12,11,0.012540770454890772,0.9425126257741082,1,decreasing,0.9166666666666666,22,0.5454545454545454,RBM14-RBM4
ENSG00000258790,12,9,-0.0029985617862653413,0.9425126257741082,3,decreasing,0.75,24,0.5,AL121594.1
ENSG00000285827,12,12,-0.005269217783389958,0.9425126257741082,0,decreasing,1.0,24,0.5,AP001267.5
ENSG00000010803,12,11,-0.024330714655323108,0.942512625774108,1,decreasing,0.9166666666666666,23,0.5217391304347826,SCMH1
ENSG00000065243,12,10,-0.01602249841714212,0.942512625774108,2,decreasing,0.8333333333333334,24,0.5,PKN2
ENSG00000079950,12,12,-0.024083136709847634,0.942512625774108,0,decreasing,1.0,24,0.5,STX7
ENSG00000101337,12,12,-0.010889258503744274,0.942512625774108,0,decreasing,1.0,19,0.631578947368421,TM9SF4
ENSG00000175387,12,11,-0.040247436737477556,0.942512625774108,1,decreasing,0.9166666666666666,23,0.5217391304347826,SMAD2
ENSG00000198873,12,8,-0.003505229158004475,0.942512625774108,4,decreasing,0.6666666666666666,24,0.5,GRK5
ENSG00000100554,12,10,-0.006692852439013784,0.9408479999713668,2,decreasing,0.8333333333333334,23,0.5217391304347826,ATP6V1D
ENSG00000176046,12,12,-0.0065943808155373915,0.9408479999713668,0,decreasing,1.0,21,0.5714285714285714,NUPR1
ENSG00000158321,12,11,-0.014467861954857343,0.9399008597477257,1,decreasing,0.9166666666666666,24,0.5,AUTS2
ENSG00000140740,12,7,0.00039883531371433245,0.9399008597477256,5,decreasing,0.5833333333333334,23,0.5217391304347826,UQCRC2
ENSG00000133789,12,11,-0.013075290773946235,0.9382362339449845,1,decreasing,0.9166666666666666,22,0.5454545454545454,SWAP70
ENSG00000167703,12,12,-0.010021891733681851,0.9382362339449845,0,decreasing,1.0,23,0.5217391304347826,SLC43A2
ENSG00000132155,12,11,-0.0065820818142054,0.9382362339449842,1,decreasing,0.9166666666666666,24,0.5,RAF1
ENSG00000166181,12,12,-0.017908822166659042,0.9382362339449842,0,decreasing,1.0,23,0.5217391304347826,API5
ENSG00000122862,12,11,-0.005978603723162175,0.9382362339449841,1,decreasing,0.9166666666666666,24,0.5,SRGN
ENSG00000171051,12,12,-0.004733922332370775,0.9382362339449841,0,decreasing,1.0,20,0.6,FPR1
ENSG00000115896,12,12,-0.0036846779420471164,0.935624467918602,0,decreasing,1.0,23,0.5217391304347826,PLCL1
ENSG00000116514,12,10,-0.0031236210570857836,0.9356244679186019,2,decreasing,0.8333333333333334,23,0.5217391304347826,RNF19B
ENSG00000130921,12,10,-0.0028365365343218335,0.9356244679186019,2,decreasing,0.8333333333333334,24,0.5,C12orf65
ENSG00000143970,12,12,-0.0113798599281146,0.9356244679186019,0,decreasing,1.0,24,0.5,ASXL2
ENSG00000153283,12,10,-0.011261512339133375,0.9356244679186019,2,decreasing,0.8333333333333334,24,0.5,CD96
ENSG00000164483,12,12,-0.06077453774363827,0.9356244679186019,0,decreasing,1.0,21,0.5714285714285714,SAMD3
ENSG00000121989,12,11,-0.0014134128701474996,0.9356244679186018,1,decreasing,0.9166666666666666,22,0.5454545454545454,ACVR2A
ENSG00000003436,12,12,-0.008813353992945158,0.9339598421158605,0,decreasing,1.0,17,0.7058823529411765,TFPI
ENSG00000100532,12,12,-0.010164222886326417,0.9339598421158604,0,decreasing,1.0,14,0.8571428571428571,CGRRF1
ENSG00000118705,12,12,-0.016093864454461402,0.9339598421158604,0,decreasing,1.0,22,0.5454545454545454,RPN2
ENSG00000169402,12,12,-0.008999829209741116,0.9339598421158604,0,decreasing,1.0,15,0.8,RSPH10B2
ENSG00000170323,12,12,-0.009730890585090751,0.9339598421158604,0,decreasing,1.0,19,0.631578947368421,FABP4
ENSG00000197872,12,12,-0.010349812726176034,0.9339598421158604,0,decreasing,1.0,24,0.5,FAM49A
ENSG00000143919,12,9,0.0026404345895830413,0.9330127018922195,3,decreasing,0.75,24,0.5,CAMKMT
ENSG00000090060,12,10,-0.004354823020461975,0.9313480760894781,2,decreasing,0.8333333333333334,24,0.5,PAPOLA
ENSG00000125871,12,9,0.0014526595290536837,0.9313480760894781,3,decreasing,0.75,22,0.5454545454545454,MGME1
ENSG00000134954,12,12,-0.018115511845467176,0.9313480760894781,0,decreasing,1.0,24,0.5,ETS1
ENSG00000196935,12,11,-0.004462116385701625,0.9313480760894781,1,decreasing,0.9166666666666666,19,0.631578947368421,SRGAP1
ENSG00000081237,12,11,-0.004826010167222534,0.931348076089478,1,decreasing,0.9166666666666666,24,0.5,PTPRC
ENSG00000138639,12,12,-0.006178857810054793,0.931348076089478,0,decreasing,1.0,19,0.631578947368421,ARHGAP24
ENSG00000186469,12,10,-0.006168053290057609,0.931348076089478,2,decreasing,0.8333333333333334,24,0.5,GNG2
ENSG00000213204,12,12,-0.005006557372819441,0.931348076089478,0,decreasing,1.0,17,0.7058823529411765,AL049697.1
ENSG00000021776,12,12,-0.005120244425213775,0.9296834502867367,0,decreasing,1.0,21,0.5714285714285714,AQR
ENSG00000135870,12,10,-0.049054989500753245,0.9287363100630958,2,decreasing,0.8333333333333334,24,0.5,RC3H1
ENSG00000068878,12,12,-0.010325798433031316,0.9287363100630955,0,decreasing,1.0,24,0.5,PSME4
ENSG00000273136,12,10,0.0005766153883391417,0.9287363100630955,2,decreasing,0.8333333333333334,24,0.5,NBPF26
ENSG00000075413,12,11,-0.005648847055439908,0.9270716842603544,1,decreasing,0.9166666666666666,24,0.5,MARK3
ENSG00000153558,12,11,-0.005688529106430876,0.9270716842603544,1,decreasing,0.9166666666666666,22,0.5454545454545454,FBXL2
ENSG00000165501,12,11,-0.04456365207873361,0.9270716842603542,1,decreasing,0.9166666666666666,19,0.631578947368421,LRR1
ENSG00000239605,12,12,-0.011224739370715275,0.9270716842603542,0,decreasing,1.0,21,0.5714285714285714,STPG4
ENSG00000078687,12,12,-0.02785050299144304,0.9244599182339718,0,decreasing,1.0,24,0.5,TNRC6C
ENSG00000130560,12,10,-0.0011193348112326915,0.9244599182339718,2,decreasing,0.8333333333333334,18,0.6666666666666666,UBAC1
ENSG00000160194,12,11,-0.02269887558496894,0.9244599182339718,1,decreasing,0.9166666666666666,22,0.5454545454545454,NDUFV3
ENSG00000168411,12,12,-0.007086003102191441,0.9244599182339718,0,decreasing,1.0,22,0.5454545454545454,RFWD3
ENSG00000286185,12,11,-0.02066515695506412,0.9244599182339718,1,decreasing,0.9166666666666666,24,0.5,AC242842.3
ENSG00000125834,12,12,-0.016710603752641,0.9227952924312303,0,decreasing,1.0,15,0.8,STK35
ENSG00000132570,12,12,-0.013023905763262575,0.9227952924312303,0,decreasing,1.0,15,0.8,PCBD2
ENSG00000100883,12,10,-0.007915577174305117,0.920183526404848,2,decreasing,0.8333333333333334,17,0.7058823529411765,SRP54
ENSG00000083828,12,10,-0.03167823886528313,0.9201835264048479,2,decreasing,0.8333333333333334,22,0.5454545454545454,ZNF586
ENSG00000127124,12,9,-0.0012422891892519665,0.9175717603784656,3,decreasing,0.75,24,0.5,HIVEP3
ENSG00000151474,12,11,-0.014221157943647623,0.9175717603784656,1,decreasing,0.9166666666666666,23,0.5217391304347826,FRMD4A
ENSG00000186073,12,11,-0.008062603565272301,0.9159071345757241,1,decreasing,0.9166666666666666,16,0.75,C15orf41
ENSG00000133318,11,9,-0.009110108541733454,1.0,2,decreasing,0.8181818181818182,24,0.4583333333333333,RTN3
ENSG00000115306,11,10,-0.033089502448587736,0.9906696905546389,1,decreasing,0.9090909090909091,23,0.4782608695652174,SPTBN1
ENSG00000067900,11,6,-0.01204517708343509,0.9831553365304502,5,decreasing,0.5454545454545454,24,0.4583333333333333,ROCK1
ENSG00000135540,11,9,-0.005909934447360063,0.9831553365304502,2,decreasing,0.8181818181818182,23,0.4782608695652174,NHSL1
ENSG00000156642,11,6,-0.000794575648493545,0.9831553365304502,5,decreasing,0.5454545454545454,22,0.5,NPTN
ENSG00000161057,11,9,-0.006284930369509036,0.9831553365304502,2,decreasing,0.8181818181818182,20,0.55,PSMC2
ENSG00000175224,11,7,0.00021843221947252767,0.9831553365304502,4,decreasing,0.6363636363636364,24,0.4583333333333333,ATG13
ENSG00000185829,11,8,-0.005832466113928772,0.9831553365304502,3,decreasing,0.7272727272727273,24,0.4583333333333333,ARL17A
ENSG00000029725,11,9,-0.0020986801929095,0.9813393811092778,2,decreasing,0.8181818181818182,23,0.4782608695652174,RABEP1
ENSG00000145592,11,11,-0.013345055987414756,0.9813393811092778,0,decreasing,1.0,23,0.4782608695652174,RPL37
ENSG00000163848,11,11,-0.010499310716469664,0.9813393811092778,0,decreasing,1.0,24,0.4583333333333333,ZNF148
ENSG00000173193,11,10,-0.004465182965797646,0.9813393811092778,1,decreasing,0.9090909090909091,24,0.4583333333333333,PARP14
ENSG00000241839,11,11,-0.016617962031652726,0.9813393811092778,0,decreasing,1.0,17,0.6470588235294118,PLEKHO2
ENSG00000116815,11,4,0.0007338031371550087,0.9784901818077697,7,increasing,0.6363636363636364,23,0.4782608695652174,CD58
ENSG00000145901,11,11,-0.018946137065700756,0.9784901818077697,0,decreasing,1.0,19,0.5789473684210527,TNIP1
ENSG00000159459,11,9,-0.020396030692734417,0.9784901818077697,2,decreasing,0.8181818181818182,24,0.4583333333333333,UBR1
ENSG00000166848,11,7,0.04181169056441986,0.9784901818077697,4,decreasing,0.6363636363636364,23,0.4782608695652174,TERF2IP
ENSG00000178950,11,10,-0.025639667727268455,0.9784901818077697,1,decreasing,0.9090909090909091,23,0.4782608695652174,GAK
ENSG00000134255,11,8,-0.004607928043576555,0.9756409825062616,3,decreasing,0.7272727272727273,18,0.6111111111111112,CEPT1
ENSG00000143033,11,7,-0.0008292507586349911,0.9756409825062616,4,decreasing,0.6363636363636364,24,0.4583333333333333,MTF2
ENSG00000255819,11,8,-0.02591244521813059,0.9756409825062616,3,decreasing,0.7272727272727273,24,0.4583333333333333,KLRC4-KLRK1
ENSG00000120265,11,10,0.0023132876847577906,0.9738250270850893,1,decreasing,0.9090909090909091,24,0.4583333333333333,PCMT1
ENSG00000167862,11,10,-0.008037551255504191,0.9738250270850893,1,decreasing,0.9090909090909091,16,0.6875,MRPL58
ENSG00000114857,11,9,-0.0009562431613438,0.9738250270850891,2,decreasing,0.8181818181818182,23,0.4782608695652174,NKTR
ENSG00000164209,11,10,-0.01819364647075676,0.9738250270850891,1,decreasing,0.9090909090909091,23,0.4782608695652174,SLC25A46
ENSG00000173517,11,10,-0.006235132300973564,0.9738250270850891,1,decreasing,0.9090909090909091,24,0.4583333333333333,PEAK1
ENSG00000198846,11,10,-0.0074824594831640725,0.9738250270850891,1,decreasing,0.9090909090909091,19,0.5789473684210527,TOX
ENSG00000107521,11,7,0.0048603194736415644,0.970975827783581,4,decreasing,0.6363636363636364,23,0.4782608695652174,HPS1
ENSG00000114770,11,11,-0.008227869596865046,0.970975827783581,0,decreasing,1.0,19,0.5789473684210527,ABCC5
ENSG00000118200,11,7,0.0032641278453682736,0.970975827783581,4,decreasing,0.6363636363636364,23,0.4782608695652174,CAMSAP2
ENSG00000119772,11,8,-0.004654641806382036,0.970975827783581,3,decreasing,0.7272727272727273,23,0.4782608695652174,DNMT3A
ENSG00000127947,11,10,-0.005527274534800764,0.970975827783581,1,decreasing,0.9090909090909091,24,0.4583333333333333,PTPN12
ENSG00000155329,11,5,-0.0016540866144609636,0.970975827783581,6,increasing,0.5454545454545454,24,0.4583333333333333,ZCCHC10
ENSG00000180233,11,2,0.0059497090858137815,0.970975827783581,9,increasing,0.8181818181818182,23,0.4782608695652174,ZNRF2
ENSG00000157827,11,10,-0.005323463632575255,0.9691598723624086,1,decreasing,0.9090909090909091,24,0.4583333333333333,FMNL2
ENSG00000097021,11,9,0.006412148441773782,0.9691598723624085,2,decreasing,0.8181818181818182,23,0.4782608695652174,ACOT7
ENSG00000127663,11,11,-0.0212264535517166,0.9691598723624085,0,decreasing,1.0,19,0.5789473684210527,KDM4B
ENSG00000176390,11,10,-0.024622911086533902,0.9691598723624085,1,decreasing,0.9090909090909091,24,0.4583333333333333,CRLF3
ENSG00000002586,11,9,-0.009680303018346546,0.9663106730609006,2,decreasing,0.8181818181818182,24,0.4583333333333333,CD99
ENSG00000138600,11,9,-0.0018721941107596818,0.9663106730609006,2,decreasing,0.8181818181818182,24,0.4583333333333333,SPPL2A
ENSG00000149311,11,9,-0.001960907387271364,0.9663106730609006,2,decreasing,0.8181818181818182,23,0.4782608695652174,ATM
ENSG00000170542,11,8,-0.0005208226438753999,0.9663106730609006,3,decreasing,0.7272727272727273,24,0.4583333333333333,SERPINB9
ENSG00000172992,11,6,0.01032045606812209,0.9663106730609006,5,decreasing,0.5454545454545454,22,0.5,DCAKD
ENSG00000188554,11,8,-0.013638601301660254,0.9663106730609006,3,decreasing,0.7272727272727273,22,0.5,NBR1
ENSG00000244734,11,8,-0.009448141214849472,0.9663106730609006,3,decreasing,0.7272727272727273,22,0.5,HBB
ENSG00000108510,11,8,0.012006440829159944,0.9663106730609005,3,decreasing,0.7272727272727273,24,0.4583333333333333,MED13
ENSG00000117758,11,10,-0.005232538950496882,0.9663106730609005,1,decreasing,0.9090909090909091,23,0.4782608695652174,STX12
ENSG00000135541,11,8,-0.005555583149203718,0.9663106730609005,3,decreasing,0.7272727272727273,24,0.4583333333333333,AHI1
ENSG00000145439,11,9,0.0038123018393812656,0.9663106730609005,2,decreasing,0.8181818181818182,24,0.4583333333333333,CBR4
ENSG00000272886,11,6,0.011435348725964755,0.9663106730609005,5,decreasing,0.5454545454545454,23,0.4782608695652174,DCP1A
ENSG00000162923,11,11,-0.004403184867267518,0.9644947176397282,0,decreasing,1.0,24,0.4583333333333333,WDR26
ENSG00000047634,11,11,-0.04294657578545999,0.964494717639728,0,decreasing,1.0,14,0.7857142857142857,SCML1
ENSG00000015475,11,5,0.003568371655469327,0.9634614737593924,6,increasing,0.5454545454545454,23,0.4782608695652174,BID
ENSG00000111790,11,11,-0.019348745998257564,0.9634614737593924,0,decreasing,1.0,22,0.5,FGFR1OP2
ENSG00000143669,11,6,0.005052235053606328,0.9634614737593924,5,decreasing,0.5454545454545454,24,0.4583333333333333,LYST
ENSG00000110075,11,10,-0.010113577274274392,0.9616455183382201,1,decreasing,0.9090909090909091,24,0.4583333333333333,PPP6R3
ENSG00000129315,11,11,-0.00480646002872091,0.9616455183382201,0,decreasing,1.0,19,0.5789473684210527,CCNT1
ENSG00000168685,11,11,-0.02027485750847483,0.9616455183382201,0,decreasing,1.0,23,0.4782608695652174,IL7R
ENSG00000055208,11,10,-0.0045226565172702,0.96164551833822,1,decreasing,0.9090909090909091,23,0.4782608695652174,TAB2
ENSG00000117000,11,9,0.0005257956126294452,0.96164551833822,2,decreasing,0.8181818181818182,24,0.4583333333333333,RLF
ENSG00000130338,11,9,-0.0013482621642319182,0.96164551833822,2,decreasing,0.8181818181818182,24,0.4583333333333333,TULP4
ENSG00000145016,11,10,-0.026410169582844586,0.96164551833822,1,decreasing,0.9090909090909091,23,0.4782608695652174,RUBCN
ENSG00000154229,11,10,-0.006632282015834426,0.96164551833822,1,decreasing,0.9090909090909091,24,0.4583333333333333,PRKCA
ENSG00000004455,11,11,-0.008328278612707372,0.9598295629170476,0,decreasing,1.0,21,0.5238095238095238,AK2
ENSG00000009413,11,8,-0.015241374189681826,0.9587963190367119,3,decreasing,0.7272727272727273,24,0.4583333333333333,REV3L
ENSG00000109475,11,6,0.04379198229281242,0.9587963190367119,5,decreasing,0.5454545454545454,23,0.4782608695652174,RPL34
ENSG00000110330,11,9,-0.0192718740095916,0.9587963190367119,2,decreasing,0.8181818181818182,24,0.4583333333333333,BIRC2
ENSG00000138018,11,10,-0.025786288394807046,0.9587963190367119,1,decreasing,0.9090909090909091,24,0.4583333333333333,SELENOI
ENSG00000141298,11,8,-0.006549367060305838,0.9587963190367119,3,decreasing,0.7272727272727273,24,0.4583333333333333,SSH2
ENSG00000143207,11,10,-0.005352150649728791,0.9587963190367119,1,decreasing,0.9090909090909091,24,0.4583333333333333,COP1
ENSG00000172493,11,10,-0.03905971658074081,0.9587963190367119,1,decreasing,0.9090909090909091,24,0.4583333333333333,AFF1
ENSG00000184014,11,8,-0.004960751388556982,0.9587963190367119,3,decreasing,0.7272727272727273,24,0.4583333333333333,DENND5A
ENSG00000135932,11,9,-0.002883933198343618,0.9569803636155395,2,decreasing,0.8181818181818182,23,0.4782608695652174,CAB39
ENSG00000143753,11,11,-0.004072289472607991,0.9569803636155395,0,decreasing,1.0,23,0.4782608695652174,DEGS1
ENSG00000145569,11,11,-0.02344887170698563,0.9569803636155395,0,decreasing,1.0,23,0.4782608695652174,OTULINL
ENSG00000148120,11,11,-0.010558138048066408,0.9569803636155395,0,decreasing,1.0,24,0.4583333333333333,AOPEP
ENSG00000165025,11,9,-0.006730945094501482,0.9569803636155395,2,decreasing,0.8181818181818182,18,0.6111111111111112,SYK
ENSG00000188677,11,11,-0.05967641657278208,0.9569803636155395,0,decreasing,1.0,21,0.5238095238095238,PARVB
ENSG00000086289,11,8,0.0008200663776780543,0.9569803636155393,3,decreasing,0.7272727272727273,20,0.55,EPDR1
ENSG00000112357,11,11,-0.023268085355227484,0.9569803636155393,0,decreasing,1.0,14,0.7857142857142857,PEX7
ENSG00000130723,11,10,-0.018330617743877235,0.9569803636155393,1,decreasing,0.9090909090909091,23,0.4782608695652174,PRRC2B
ENSG00000159720,11,11,-0.008859040944242147,0.9569803636155393,0,decreasing,1.0,17,0.6470588235294118,ATP6V0D1
ENSG00000188916,11,11,-0.01586918236992142,0.9569803636155393,0,decreasing,1.0,18,0.6111111111111112,INSYN2A
ENSG00000005483,11,9,-0.0046704879213818,0.9541311643140314,2,decreasing,0.8181818181818182,24,0.4583333333333333,KMT2E
ENSG00000080371,11,7,0.004148375412857818,0.9541311643140314,4,decreasing,0.6363636363636364,24,0.4583333333333333,RAB21
ENSG00000092931,11,9,-0.022988105541142424,0.9541311643140314,2,decreasing,0.8181818181818182,23,0.4782608695652174,MFSD11
ENSG00000105372,11,11,-0.022362659266071724,0.9541311643140314,0,decreasing,1.0,24,0.4583333333333333,RPS19
ENSG00000112624,11,9,-0.0013090213517546543,0.9541311643140314,2,decreasing,0.8181818181818182,24,0.4583333333333333,BICRAL
ENSG00000115310,11,10,-0.019103547120457275,0.9541311643140314,1,decreasing,0.9090909090909091,24,0.4583333333333333,RTN4
ENSG00000086758,11,10,-0.0013984947620022089,0.9541311643140312,1,decreasing,0.9090909090909091,24,0.4583333333333333,HUWE1
ENSG00000087206,11,7,-0.0007293825807442544,0.9541311643140312,4,decreasing,0.6363636363636364,24,0.4583333333333333,UIMC1
ENSG00000107854,11,9,-0.0009760724258331273,0.9541311643140312,2,decreasing,0.8181818181818182,23,0.4782608695652174,TNKS2
ENSG00000115459,11,11,-0.0077450813453295185,0.9541311643140312,0,decreasing,1.0,22,0.5,ELMOD3
ENSG00000147274,11,10,-0.0057392953602805,0.9541311643140312,1,decreasing,0.9090909090909091,23,0.4782608695652174,RBMX
ENSG00000152601,11,8,-0.004035338825912164,0.9541311643140312,3,decreasing,0.7272727272727273,24,0.4583333333333333,MBNL1
ENSG00000154767,11,8,0.007503871668930019,0.9541311643140312,3,decreasing,0.7272727272727273,18,0.6111111111111112,XPC
ENSG00000169764,11,10,0.05025896042454182,0.9541311643140312,1,decreasing,0.9090909090909091,22,0.5,UGP2
ENSG00000180758,11,11,-0.013534262399635092,0.9541311643140312,0,decreasing,1.0,19,0.5789473684210527,GPR157
ENSG00000182197,11,11,-0.023895114172564534,0.9541311643140312,0,decreasing,1.0,24,0.4583333333333333,EXT1
ENSG00000196313,11,10,-0.008692500672963755,0.9541311643140312,1,decreasing,0.9090909090909091,23,0.4782608695652174,POM121
ENSG00000057608,11,11,-0.009042639189762391,0.952315208892859,0,decreasing,1.0,23,0.4782608695652174,GDI2
ENSG00000178951,11,9,-0.002939383987723027,0.952315208892859,2,decreasing,0.8181818181818182,21,0.5238095238095238,ZBTB7A
ENSG00000101266,11,9,0.0019242187028521546,0.9523152088928589,2,decreasing,0.8181818181818182,24,0.4583333333333333,CSNK2A1
ENSG00000134215,11,11,-0.009052111943847736,0.9512819650125232,0,decreasing,1.0,24,0.4583333333333333,VAV3
ENSG00000141568,11,8,-0.0018820686108535543,0.9512819650125232,3,decreasing,0.7272727272727273,24,0.4583333333333333,FOXK2
ENSG00000168615,11,7,0.028715345442078932,0.9512819650125232,4,decreasing,0.6363636363636364,23,0.4782608695652174,ADAM9
ENSG00000134900,11,9,-0.020419927374293545,0.949466009591351,2,decreasing,0.8181818181818182,24,0.4583333333333333,TPP2
ENSG00000143156,11,10,-0.004933552637268719,0.949466009591351,1,decreasing,0.9090909090909091,19,0.5789473684210527,NME7
ENSG00000063978,11,8,-0.006604748851037709,0.9494660095913509,3,decreasing,0.7272727272727273,24,0.4583333333333333,RNF4
ENSG00000082701,11,10,-0.0052225885322160276,0.9494660095913509,1,decreasing,0.9090909090909091,23,0.4782608695652174,GSK3B
ENSG00000089902,11,8,0.0021311525406679816,0.9494660095913509,3,decreasing,0.7272727272727273,24,0.4583333333333333,RCOR1
ENSG00000102753,11,11,-0.007383460381317955,0.9494660095913509,0,decreasing,1.0,22,0.5,KPNA3
ENSG00000114107,11,9,-0.009420573472670828,0.9494660095913509,2,decreasing,0.8181818181818182,23,0.4782608695652174,CEP70
ENSG00000115839,11,9,-0.0025066353758151,0.9494660095913509,2,decreasing,0.8181818181818182,23,0.4782608695652174,RAB3GAP1
ENSG00000126353,11,11,-0.02181721877698706,0.9494660095913509,0,decreasing,1.0,19,0.5789473684210527,CCR7
ENSG00000141084,11,9,-0.0038588774076581274,0.9494660095913509,2,decreasing,0.8181818181818182,23,0.4782608695652174,RANBP10
ENSG00000152332,11,9,-0.023754281161886038,0.9494660095913509,2,decreasing,0.8181818181818182,21,0.5238095238095238,UHMK1
ENSG00000173482,11,9,-0.003288629170364818,0.9494660095913509,2,decreasing,0.8181818181818182,24,0.4583333333333333,PTPRM
ENSG00000189430,11,11,-0.011806531929049081,0.9494660095913509,0,decreasing,1.0,22,0.5,NCR1
ENSG00000222011,11,11,-0.005101718639378964,0.9494660095913509,0,decreasing,1.0,21,0.5238095238095238,FAM185A
ENSG00000120910,11,7,0.007502897278567672,0.9494660095913506,4,decreasing,0.6363636363636364,23,0.4782608695652174,PPP3CC
ENSG00000128284,11,10,-0.03622486902594058,0.9494660095913506,1,decreasing,0.9090909090909091,18,0.6111111111111112,APOL3
ENSG00000168404,11,10,-0.012342273933878527,0.9494660095913506,1,decreasing,0.9090909090909091,23,0.4782608695652174,MLKL
ENSG00000175105,11,11,-0.018223578928190917,0.9494660095913506,0,decreasing,1.0,24,0.4583333333333333,ZNF654
ENSG00000196712,11,10,-0.0018884403241139181,0.9494660095913506,1,decreasing,0.9090909090909091,24,0.4583333333333333,NF1
ENSG00000113456,11,7,-0.003998985468163636,0.9466168102898428,4,decreasing,0.6363636363636364,23,0.4782608695652174,RAD1
ENSG00000113742,11,8,-0.01098473011350108,0.9466168102898428,3,decreasing,0.7272727272727273,23,0.4782608695652174,CPEB4
ENSG00000120690,11,6,-0.004275480704540373,0.9466168102898428,5,decreasing,0.5454545454545454,24,0.4583333333333333,ELF1
ENSG00000122884,11,8,-0.007473508087653064,0.9466168102898428,3,decreasing,0.7272727272727273,24,0.4583333333333333,P4HA1
ENSG00000145779,11,7,0.0027077605142390455,0.9466168102898428,4,decreasing,0.6363636363636364,24,0.4583333333333333,TNFAIP8
ENSG00000182606,11,5,0.005094592705359064,0.9466168102898428,6,increasing,0.5454545454545454,24,0.4583333333333333,TRAK1
ENSG00000166377,11,6,0.003111425612213409,0.9466168102898426,5,decreasing,0.5454545454545454,24,0.4583333333333333,ATP9B
ENSG00000105855,11,11,-0.020758434674236673,0.9448008548686704,0,decreasing,1.0,21,0.5238095238095238,ITGB8
ENSG00000138081,11,9,-4.789010451617295e-05,0.9448008548686704,2,decreasing,0.8181818181818182,24,0.4583333333333333,FBXO11
ENSG00000183011,11,11,-0.009026644581743855,0.9448008548686704,0,decreasing,1.0,16,0.6875,NAA38
ENSG00000039123,11,10,-0.007277331655133545,0.9448008548686702,1,decreasing,0.9090909090909091,24,0.4583333333333333,MTREX
ENSG00000054983,11,10,-0.005992865723476645,0.9448008548686702,1,decreasing,0.9090909090909091,18,0.6111111111111112,GALC
ENSG00000118217,11,10,-0.02088868927208189,0.9448008548686702,1,decreasing,0.9090909090909091,24,0.4583333333333333,ATF6
ENSG00000147124,11,11,-0.008039704411632199,0.9448008548686702,0,decreasing,1.0,17,0.6470588235294118,ZNF41
ENSG00000166233,11,7,0.0006430867512590817,0.9448008548686702,4,decreasing,0.6363636363636364,24,0.4583333333333333,ARIH1
ENSG00000183340,11,11,-0.004774490811624363,0.9448008548686702,0,decreasing,1.0,15,0.7333333333333333,JRKL
ENSG00000196776,11,11,-0.01493045110639069,0.9448008548686702,0,decreasing,1.0,24,0.4583333333333333,CD47
ENSG00000074319,11,11,-0.006287769463015283,0.9419516555671623,0,decreasing,1.0,24,0.4583333333333333,TSG101
ENSG00000119541,11,7,0.003119579930428509,0.9419516555671623,4,decreasing,0.6363636363636364,24,0.4583333333333333,VPS4B
ENSG00000144426,11,10,0.005057877792598745,0.9419516555671623,1,decreasing,0.9090909090909091,24,0.4583333333333333,NBEAL1
ENSG00000170776,11,10,-0.0031368918881301273,0.9419516555671623,1,decreasing,0.9090909090909091,24,0.4583333333333333,AKAP13
ENSG00000173166,11,10,-0.008638996269170654,0.9419516555671623,1,decreasing,0.9090909090909091,19,0.5789473684210527,RAPH1
ENSG00000175115,11,7,0.004536386024225945,0.9419516555671623,4,decreasing,0.6363636363636364,24,0.4583333333333333,PACS1
ENSG00000176597,11,11,-0.014003920088035554,0.9419516555671623,0,decreasing,1.0,23,0.4782608695652174,B3GNT5
ENSG00000081985,11,5,0.026570778286929345,0.9419516555671621,6,increasing,0.5454545454545454,24,0.4583333333333333,IL12RB2
ENSG00000102898,11,11,-0.019111334031901774,0.9419516555671621,0,decreasing,1.0,21,0.5238095238095238,NUTF2
ENSG00000104219,11,11,-0.007524790348392063,0.9419516555671621,0,decreasing,1.0,18,0.6111111111111112,ZDHHC2
ENSG00000121274,11,7,0.0028426254890619273,0.9419516555671621,4,decreasing,0.6363636363636364,24,0.4583333333333333,TENT4B
ENSG00000132694,11,9,-0.011730566205501853,0.9419516555671621,2,decreasing,0.8181818181818182,21,0.5238095238095238,ARHGEF11
ENSG00000136381,11,9,-0.0017493360496731731,0.9419516555671621,2,decreasing,0.8181818181818182,23,0.4782608695652174,IREB2
ENSG00000138613,11,10,-0.006748885614392692,0.9419516555671621,1,decreasing,0.9090909090909091,23,0.4782608695652174,APH1B
ENSG00000143190,11,5,0.0026364182040813995,0.9419516555671621,6,increasing,0.5454545454545454,24,0.4583333333333333,POU2F1
ENSG00000149761,11,9,-0.009119446258321137,0.9419516555671621,2,decreasing,0.8181818181818182,17,0.6470588235294118,NUDT22
ENSG00000164938,11,11,-0.004618111962239545,0.9419516555671621,0,decreasing,1.0,17,0.6470588235294118,TP53INP1
ENSG00000178974,11,9,-0.0031113647150711366,0.9419516555671621,2,decreasing,0.8181818181818182,24,0.4583333333333333,FBXO34
ENSG00000198742,11,9,-0.0036646476057594457,0.9419516555671621,2,decreasing,0.8181818181818182,24,0.4583333333333333,SMURF1
ENSG00000248905,11,7,-0.0011670436744806634,0.9419516555671621,4,decreasing,0.6363636363636364,23,0.4782608695652174,FMN1
ENSG00000134882,11,11,-0.006670110384319128,0.9401357001459899,0,decreasing,1.0,19,0.5789473684210527,UBAC2
ENSG00000197951,11,11,-0.007707323991652637,0.9401357001459899,0,decreasing,1.0,14,0.7857142857142857,ZNF71
ENSG00000136603,11,11,-0.0050176411117004,0.9401357001459897,0,decreasing,1.0,24,0.4583333333333333,SKIL
ENSG00000007168,11,5,0.002413693284081227,0.939102456265654,6,increasing,0.5454545454545454,24,0.4583333333333333,PAFAH1B1
ENSG00000053254,11,11,-0.008069782986143,0.939102456265654,0,decreasing,1.0,24,0.4583333333333333,FOXN3
ENSG00000087589,11,10,-0.004362151430994982,0.939102456265654,1,decreasing,0.9090909090909091,23,0.4782608695652174,CASS4
ENSG00000102699,11,9,-0.0020191714269247904,0.939102456265654,2,decreasing,0.8181818181818182,24,0.4583333333333333,PARP4
ENSG00000147526,11,9,0.041360047449003706,0.939102456265654,2,decreasing,0.8181818181818182,24,0.4583333333333333,TACC1
ENSG00000169084,11,10,-0.03303954022940743,0.939102456265654,1,decreasing,0.9090909090909091,24,0.4583333333333333,DHRSX
ENSG00000170871,11,9,-0.0098566422419965,0.939102456265654,2,decreasing,0.8181818181818182,24,0.4583333333333333,KIAA0232
ENSG00000197548,11,8,0.05209951190454056,0.939102456265654,3,decreasing,0.7272727272727273,24,0.4583333333333333,ATG7
ENSG00000051009,11,10,-0.024245921940446627,0.9372865008444816,1,decreasing,0.9090909090909091,20,0.55,FAM160A2
ENSG00000102858,11,11,-0.0054718226907395275,0.9372865008444816,0,decreasing,1.0,23,0.4782608695652174,MGRN1
ENSG00000107929,11,11,-0.008445153586717708,0.9372865008444816,0,decreasing,1.0,24,0.4583333333333333,LARP4B
ENSG00000110090,11,11,-0.014122801593535217,0.9372865008444816,0,decreasing,1.0,24,0.4583333333333333,CPT1A
ENSG00000115008,11,11,-0.006389060294844218,0.9372865008444816,0,decreasing,1.0,15,0.7333333333333333,IL1A
ENSG00000115464,11,9,-0.002098830629389427,0.9372865008444816,2,decreasing,0.8181818181818182,24,0.4583333333333333,USP34
ENSG00000147421,11,10,-0.00933589574229,0.9372865008444816,1,decreasing,0.9090909090909091,24,0.4583333333333333,HMBOX1
ENSG00000174796,11,11,-0.014586058435374617,0.9372865008444816,0,decreasing,1.0,18,0.6111111111111112,THAP6
ENSG00000234444,11,11,-0.006043586443506172,0.9372865008444816,0,decreasing,1.0,20,0.55,ZNF736
ENSG00000035403,11,10,-0.0044303700897844545,0.9372865008444815,1,decreasing,0.9090909090909091,24,0.4583333333333333,VCL
ENSG00000070770,11,11,-0.01181107417489581,0.9372865008444815,0,decreasing,1.0,24,0.4583333333333333,CSNK2A2
ENSG00000082996,11,11,-0.03159910867482482,0.9372865008444815,0,decreasing,1.0,24,0.4583333333333333,RNF13
ENSG00000108599,11,11,-0.006595782854529627,0.9372865008444815,0,decreasing,1.0,23,0.4782608695652174,AKAP10
ENSG00000132388,11,10,-0.002626884727742,0.9372865008444815,1,decreasing,0.9090909090909091,24,0.4583333333333333,UBE2G1
ENSG00000133104,11,11,-0.010054093771487754,0.9372865008444815,0,decreasing,1.0,22,0.5,SPART
ENSG00000141198,11,11,-0.00895642963509402,0.9372865008444815,0,decreasing,1.0,17,0.6470588235294118,TOM1L1
ENSG00000154640,11,10,-0.001985836913685691,0.9372865008444815,1,decreasing,0.9090909090909091,17,0.6470588235294118,BTG3
ENSG00000163539,11,11,-0.016968229601390026,0.9372865008444815,0,decreasing,1.0,24,0.4583333333333333,CLASP2
ENSG00000178809,11,11,-0.01234232754603919,0.9372865008444815,0,decreasing,1.0,18,0.6111111111111112,TRIM73
ENSG00000123104,11,8,0.0005122500299666728,0.9344373015429736,3,decreasing,0.7272727272727273,24,0.4583333333333333,ITPR2
ENSG00000161654,11,10,-0.0053073566109549455,0.9344373015429736,1,decreasing,0.9090909090909091,18,0.6111111111111112,LSM12
ENSG00000166225,11,7,-0.00036926873390947276,0.9344373015429736,4,decreasing,0.6363636363636364,19,0.5789473684210527,FRS2
ENSG00000174373,11,9,-0.0039023915812330455,0.9344373015429736,2,decreasing,0.8181818181818182,24,0.4583333333333333,RALGAPA1
ENSG00000048828,11,9,-0.004283012119836782,0.9344373015429734,2,decreasing,0.8181818181818182,24,0.4583333333333333,FAM120A
ENSG00000114416,11,5,0.0143306374815573,0.9344373015429734,6,increasing,0.5454545454545454,24,0.4583333333333333,FXR1
ENSG00000163297,11,11,-0.010220524075404601,0.9344373015429734,0,decreasing,1.0,19,0.5789473684210527,ANTXR2
ENSG00000172578,11,7,-0.002941028398755455,0.9344373015429734,4,decreasing,0.6363636363636364,23,0.4782608695652174,KLHL6
ENSG00000130775,11,10,-0.004628111429581082,0.9326213461218011,1,decreasing,0.9090909090909091,19,0.5789473684210527,THEMIS2
ENSG00000172375,11,10,-0.02733074675776501,0.9326213461218011,1,decreasing,0.9090909090909091,21,0.5238095238095238,C2CD2L
ENSG00000102780,11,11,-0.007850896483736927,0.932621346121801,0,decreasing,1.0,21,0.5238095238095238,DGKH
ENSG00000119820,11,10,-0.0019668881084004635,0.932621346121801,1,decreasing,0.9090909090909091,23,0.4782608695652174,YIPF4
ENSG00000123329,11,11,-0.0182872911412898,0.932621346121801,0,decreasing,1.0,16,0.6875,ARHGAP9
ENSG00000131263,11,10,-0.007776331369267046,0.932621346121801,1,decreasing,0.9090909090909091,23,0.4782608695652174,RLIM
ENSG00000143106,11,11,-0.015305999504096628,0.932621346121801,0,decreasing,1.0,22,0.5,PSMA5
ENSG00000153310,11,10,-0.003382638024293873,0.932621346121801,1,decreasing,0.9090909090909091,24,0.4583333333333333,FAM49B
ENSG00000197965,11,10,-0.0021054585542770276,0.932621346121801,1,decreasing,0.9090909090909091,17,0.6470588235294118,MPZL1
ENSG00000198876,11,11,-0.0023525685956399182,0.932621346121801,0,decreasing,1.0,17,0.6470588235294118,DCAF12
ENSG00000264545,11,11,-0.005139634967959464,0.932621346121801,0,decreasing,1.0,22,0.5,AL359922.1
ENSG00000275066,11,11,-0.0064355524183889005,0.932621346121801,0,decreasing,1.0,24,0.4583333333333333,SYNRG
ENSG00000182985,11,9,-0.0038153885335724907,0.9297721468202931,2,decreasing,0.8181818181818182,19,0.5789473684210527,CADM1
ENSG00000100852,11,10,-0.005296853416060754,0.929772146820293,1,decreasing,0.9090909090909091,24,0.4583333333333333,ARHGAP5
ENSG00000117461,11,8,-0.020930163398358594,0.929772146820293,3,decreasing,0.7272727272727273,23,0.4782608695652174,PIK3R3
ENSG00000131697,11,10,-0.0022819684629492823,0.929772146820293,1,decreasing,0.9090909090909091,23,0.4782608695652174,NPHP4
ENSG00000144724,11,11,-0.019747985308848956,0.929772146820293,0,decreasing,1.0,19,0.5789473684210527,PTPRG
ENSG00000163428,11,11,-0.013115816548887172,0.929772146820293,0,decreasing,1.0,16,0.6875,LRRC58
ENSG00000163512,11,11,-0.005856481504923645,0.929772146820293,0,decreasing,1.0,22,0.5,AZI2
ENSG00000133812,11,9,-0.005031785517726673,0.9297721468202927,2,decreasing,0.8181818181818182,24,0.4583333333333333,SBF2
ENSG00000219545,11,11,-0.005966354888157382,0.9279561913991207,0,decreasing,1.0,23,0.4782608695652174,UMAD1
ENSG00000104812,11,11,-0.010854960586146583,0.9279561913991206,0,decreasing,1.0,21,0.5238095238095238,GYS1
ENSG00000128536,11,11,-0.004203977111093609,0.9279561913991206,0,decreasing,1.0,17,0.6470588235294118,CDHR3
ENSG00000008128,11,11,-0.028685558558875102,0.9279561913991204,0,decreasing,1.0,23,0.4782608695652174,CDK11A
ENSG00000112576,11,11,-0.014388442666199529,0.9269229475187849,0,decreasing,1.0,24,0.4583333333333333,CCND3
ENSG00000133962,11,10,-0.01997368084532678,0.9269229475187849,1,decreasing,0.9090909090909091,21,0.5238095238095238,CATSPERB
ENSG00000154127,11,10,-0.01654797233396009,0.9269229475187849,1,decreasing,0.9090909090909091,24,0.4583333333333333,UBASH3B
ENSG00000083520,11,10,-0.0029825658184937094,0.9251069920976125,1,decreasing,0.9090909090909091,22,0.5,DIS3
ENSG00000117713,11,9,-0.0022608584299843456,0.9251069920976125,2,decreasing,0.8181818181818182,22,0.5,ARID1A
ENSG00000134644,11,10,-0.009418343609987737,0.9251069920976125,1,decreasing,0.9090909090909091,21,0.5238095238095238,PUM1
ENSG00000029363,11,11,-0.005552317948541873,0.9251069920976124,0,decreasing,1.0,19,0.5789473684210527,BCLAF1
ENSG00000133112,11,11,-0.004903491499733518,0.9222577927961043,0,decreasing,1.0,24,0.4583333333333333,TPT1
ENSG00000005379,11,11,-0.0022014885444969273,0.920441837374932,0,decreasing,1.0,15,0.7333333333333333,TSPOAP1
ENSG00000133275,11,11,-0.0024026234635569363,0.920441837374932,0,decreasing,1.0,23,0.4782608695652174,CSNK1G2
ENSG00000136122,11,11,-0.008530858519498091,0.920441837374932,0,decreasing,1.0,19,0.5789473684210527,BORA
ENSG00000213347,11,11,-0.01363702248365939,0.920441837374932,0,decreasing,1.0,15,0.7333333333333333,MXD3
ENSG00000084676,11,11,-0.008397893279711173,0.9204418373749319,0,decreasing,1.0,24,0.4583333333333333,NCOA1
ENSG00000117091,11,11,-0.006472078714515227,0.9204418373749319,0,decreasing,1.0,15,0.7333333333333333,CD48
ENSG00000186431,11,11,-0.007474766197727564,0.9204418373749319,0,decreasing,1.0,15,0.7333333333333333,FCAR
ENSG00000196730,11,11,-0.003379879688996591,0.9204418373749319,0,decreasing,1.0,24,0.4583333333333333,DAPK1
ENSG00000286106,11,10,-0.003041421827661418,0.9204418373749319,1,decreasing,0.9090909090909091,24,0.4583333333333333,AC253572.1
ENSG00000031081,11,10,-0.011148939348204817,0.9175926380734238,1,decreasing,0.9090909090909091,24,0.4583333333333333,ARHGAP31
ENSG00000003509,11,11,-0.010671242432786837,0.9175926380734236,0,decreasing,1.0,24,0.4583333333333333,NDUFAF7
ENSG00000069702,11,11,-0.005490266879419146,0.9175926380734236,0,decreasing,1.0,18,0.6111111111111112,TGFBR3
ENSG00000145982,11,11,-0.013052758163099865,0.9175926380734236,0,decreasing,1.0,24,0.4583333333333333,FARS2
ENSG00000135297,11,11,-0.0062946331098217454,0.9147434387719158,0,decreasing,1.0,23,0.4782608695652174,MTO1
ENSG00000151893,11,9,-0.004610569441343973,0.9147434387719158,2,decreasing,0.8181818181818182,19,0.5789473684210527,CACUL1
ENSG00000139793,11,6,-0.0035088408592547815,0.9147434387719156,5,decreasing,0.5454545454545454,23,0.4782608695652174,MBNL2
ENSG00000117523,11,8,0.009047526442796683,0.9129274833507434,3,decreasing,0.7272727272727273,24,0.4583333333333333,PRRC2C
ENSG00000197555,11,10,-0.0033020491278773364,0.9100782840492351,1,decreasing,0.9090909090909091,19,0.5789473684210527,SIPA1L1
ENSG00000023902,10,9,-0.00823171901573085,1.0,1,decreasing,0.9,22,0.45454545454545453,PLEKHO1
ENSG00000125356,10,9,-0.012611076977634961,1.0,1,decreasing,0.9,21,0.47619047619047616,NDUFA1
ENSG00000133872,10,2,0.00830307898509785,1.0,8,increasing,0.8,24,0.4166666666666667,SARAF
ENSG00000116005,10,4,0.00929784693145166,0.9897366596101028,6,increasing,0.6,17,0.5882352941176471,PCYOX1
ENSG00000135373,10,8,-0.01052961579007631,0.9897366596101028,2,decreasing,0.8,22,0.45454545454545453,EHF
ENSG00000141456,10,4,0.00570391827862887,0.9897366596101028,6,increasing,0.6,17,0.5882352941176471,PELP1
ENSG00000232593,10,8,-0.00595285481436699,0.9897366596101028,2,decreasing,0.8,24,0.4166666666666667,KANTR
ENSG00000047849,10,4,0.0040733266047293685,0.986602540378444,6,increasing,0.6,24,0.4166666666666667,MAP4
ENSG00000137337,10,8,-0.00963575476631218,0.986602540378444,2,decreasing,0.8,23,0.43478260869565216,MDC1
ENSG00000151466,10,7,-0.0037273458554059518,0.986602540378444,3,decreasing,0.7,24,0.4166666666666667,SCLT1
ENSG00000198466,10,3,0.01966231131399562,0.986602540378444,7,increasing,0.7,24,0.4166666666666667,ZNF587
ENSG00000108946,10,9,-0.02173222900163516,0.9814708701834952,1,decreasing,0.9,20,0.5,PRKAR1A
ENSG00000132676,10,5,0.020764753066160692,0.9814708701834952,5,decreasing,0.5,24,0.4166666666666667,DAP3
ENSG00000166889,10,7,0.00237989474516575,0.9814708701834952,3,decreasing,0.7,21,0.47619047619047616,PATL1
ENSG00000166900,10,10,-0.00926628937619576,0.9814708701834952,0,decreasing,1.0,23,0.43478260869565216,STX3
ENSG00000175348,10,3,0.025980829099598167,0.9814708701834952,7,increasing,0.7,18,0.5555555555555556,TMEM9B
ENSG00000180530,10,10,-0.03798019594654634,0.9814708701834952,0,decreasing,1.0,23,0.43478260869565216,NRIP1
ENSG00000206560,10,5,-0.006547554559897151,0.9814708701834952,5,decreasing,0.5,23,0.43478260869565216,ANKRD28
ENSG00000005187,10,6,-0.0065759065023461,0.9763391999885467,4,decreasing,0.6,24,0.4166666666666667,ACSM3
ENSG00000107882,10,9,-0.00738551934733047,0.9763391999885467,1,decreasing,0.9,23,0.43478260869565216,SUFU
ENSG00000137824,10,9,-0.00913558654158706,0.9763391999885467,1,decreasing,0.9,23,0.43478260869565216,RMDN3
ENSG00000169905,10,6,0.00010317088060264011,0.9763391999885467,4,decreasing,0.6,23,0.43478260869565216,TOR1AIP2
ENSG00000183943,10,10,-0.0412052248360937,0.9763391999885467,0,decreasing,1.0,24,0.4166666666666667,PRKX
ENSG00000035862,10,7,-0.02441831167558873,0.9732050807568878,3,decreasing,0.7,24,0.4166666666666667,TIMP2
ENSG00000087274,10,2,0.01703958060827335,0.9732050807568878,8,increasing,0.8,24,0.4166666666666667,ADD1
ENSG00000103061,10,7,-0.00026211802711237906,0.9732050807568878,3,decreasing,0.7,24,0.4166666666666667,SLC7A6OS
ENSG00000104375,10,6,-0.006679622604875091,0.9732050807568878,4,decreasing,0.6,24,0.4166666666666667,STK3
ENSG00000114933,10,4,0.0015091599429849591,0.9732050807568878,6,increasing,0.6,24,0.4166666666666667,INO80D
ENSG00000118985,10,6,0.00204180297189925,0.9732050807568878,4,decreasing,0.6,23,0.43478260869565216,ELL2
ENSG00000129083,10,4,0.007336594031377571,0.9732050807568878,6,increasing,0.6,23,0.43478260869565216,COPB1
ENSG00000142892,10,5,0.007221944442144711,0.9732050807568878,5,decreasing,0.5,22,0.45454545454545453,PIGK
ENSG00000169410,10,9,-0.00451376792270262,0.9732050807568878,1,decreasing,0.9,24,0.4166666666666667,PTPN9
ENSG00000177156,10,10,-0.02061197193291854,0.9732050807568878,0,decreasing,1.0,23,0.43478260869565216,TALDO1
ENSG00000205238,10,7,-0.00670292429756769,0.9732050807568878,3,decreasing,0.7,22,0.45454545454545453,SPDYE2
ENSG00000134440,10,10,-0.007126008516230789,0.9712075297935983,0,decreasing,1.0,16,0.625,NARS1
ENSG00000172939,10,6,0.00818440156121221,0.9712075297935983,4,decreasing,0.6,24,0.4166666666666667,OXSR1
ENSG00000248333,10,7,-0.00168218651378036,0.9712075297935983,3,decreasing,0.7,22,0.45454545454545453,CDK11B
ENSG00000104872,10,10,-0.00944086232780926,0.971207529793598,0,decreasing,1.0,22,0.45454545454545453,PIH1D1
ENSG00000132716,10,9,-0.00962993812905155,0.971207529793598,1,decreasing,0.9,23,0.43478260869565216,DCAF8
ENSG00000134744,10,5,-0.0016302498043241,0.971207529793598,5,decreasing,0.5,24,0.4166666666666667,TUT4
ENSG00000205531,10,8,-0.00206104615278847,0.971207529793598,2,decreasing,0.8,23,0.43478260869565216,NAP1L4
ENSG00000241962,10,8,0.00114640272984127,0.971207529793598,2,decreasing,0.8,22,0.45454545454545453,AC079447.1
ENSG00000286221,10,6,0.00039478660430649,0.971207529793598,4,decreasing,0.6,24,0.4166666666666667,AC009070.1
ENSG00000072864,10,6,-0.00322312140050401,0.9680734105619392,4,decreasing,0.6,23,0.43478260869565216,NDE1
ENSG00000081189,10,9,-0.00397358495465323,0.9680734105619392,1,decreasing,0.9,18,0.5555555555555556,MEF2C
ENSG00000095951,10,6,-0.0003611466312388201,0.9680734105619392,4,decreasing,0.6,24,0.4166666666666667,HIVEP1
ENSG00000099942,10,9,-0.00809686680239485,0.9680734105619392,1,decreasing,0.9,17,0.5882352941176471,CRKL
ENSG00000107290,10,9,-0.01237721877034971,0.9680734105619392,1,decreasing,0.9,24,0.4166666666666667,SETX
ENSG00000114331,10,6,-0.008333947666701381,0.9680734105619392,4,decreasing,0.6,24,0.4166666666666667,ACAP2
ENSG00000123268,10,8,-0.009736772055524019,0.9680734105619392,2,decreasing,0.8,22,0.45454545454545453,ATF1
ENSG00000135108,10,4,0.00623757723882401,0.9680734105619392,6,increasing,0.6,23,0.43478260869565216,FBXO21
ENSG00000138078,10,6,0.00131320932349737,0.9680734105619392,4,decreasing,0.6,23,0.43478260869565216,PREPL
ENSG00000146094,10,10,-0.02702248418753201,0.9680734105619392,0,decreasing,1.0,18,0.5555555555555556,DOK3
ENSG00000146457,10,6,0.00102465873577596,0.9680734105619392,4,decreasing,0.6,19,0.5263157894736842,WTAP
ENSG00000156675,10,4,0.0017100505719485099,0.9680734105619392,6,increasing,0.6,24,0.4166666666666667,RAB11FIP1
ENSG00000163110,10,6,0.006454625462402029,0.9680734105619392,4,decreasing,0.6,24,0.4166666666666667,PDLIM5
ENSG00000163171,10,9,0.02540315375764996,0.9680734105619392,1,decreasing,0.9,22,0.45454545454545453,CDC42EP3
ENSG00000163479,10,10,-0.0623511400818658,0.9680734105619392,0,decreasing,1.0,20,0.5,SSR2
ENSG00000168137,10,9,-0.02166175367984114,0.9680734105619392,1,decreasing,0.9,24,0.4166666666666667,SETD5
ENSG00000173821,10,8,-0.0029290343585764997,0.9680734105619392,2,decreasing,0.8,24,0.4166666666666667,RNF213
ENSG00000189079,10,7,-0.0021475488948323597,0.9680734105619392,3,decreasing,0.7,24,0.4166666666666667,ARID2
ENSG00000285238,10,5,0.012508050667298782,0.9680734105619392,5,decreasing,0.5,23,0.43478260869565216,AC006064.6
ENSG00000133794,10,9,-0.009440119005092529,0.9660758595986495,1,decreasing,0.9,23,0.43478260869565216,ARNTL
ENSG00000082212,10,10,-0.017598579033798627,0.9660758595986494,0,decreasing,1.0,17,0.5882352941176471,ME2
ENSG00000071054,10,8,-0.012470148578771389,0.9629417403669907,2,decreasing,0.8,24,0.4166666666666667,MAP4K4
ENSG00000091640,10,7,0.0017555149297544697,0.9629417403669907,3,decreasing,0.7,17,0.5882352941176471,SPAG7
ENSG00000092203,10,6,0.0005521699112944601,0.9629417403669907,4,decreasing,0.6,22,0.45454545454545453,TOX4
ENSG00000103319,10,10,-0.046288338776326196,0.9629417403669907,0,decreasing,1.0,18,0.5555555555555556,EEF2K
ENSG00000110446,10,10,-0.00582477065973041,0.9629417403669907,0,decreasing,1.0,21,0.47619047619047616,SLC15A3
ENSG00000119471,10,3,0.00294689299981531,0.9629417403669907,7,increasing,0.7,22,0.45454545454545453,HSDL2
ENSG00000137770,10,9,-0.007748479350959539,0.9629417403669907,1,decreasing,0.9,24,0.4166666666666667,CTDSPL2
ENSG00000154217,10,5,0.00445253303789765,0.9629417403669907,5,decreasing,0.5,24,0.4166666666666667,PITPNC1
ENSG00000166974,10,9,-0.00738703237281358,0.9629417403669907,1,decreasing,0.9,24,0.4166666666666667,MAPRE2
ENSG00000171631,10,9,-0.0022246117090086695,0.9629417403669907,1,decreasing,0.9,18,0.5555555555555556,P2RY6
ENSG00000173692,10,10,-0.01850934802928181,0.9629417403669907,0,decreasing,1.0,18,0.5555555555555556,PSMD1
ENSG00000177548,10,7,0.00284606091953988,0.9629417403669907,3,decreasing,0.7,20,0.5,RABEP2
ENSG00000204217,10,9,-0.0166561114560527,0.9629417403669907,1,decreasing,0.9,24,0.4166666666666667,BMPR2
ENSG00000236383,10,9,-0.0045016414335432,0.9629417403669907,1,decreasing,0.9,24,0.4166666666666667,CCDC200
ENSG00000073921,10,10,-0.00702228634657039,0.9629417403669904,0,decreasing,1.0,24,0.4166666666666667,PICALM
ENSG00000100345,10,7,-0.0024410242394082406,0.9629417403669904,3,decreasing,0.7,19,0.5263157894736842,MYH9
ENSG00000100380,10,9,0.008163528854402,0.9629417403669904,1,decreasing,0.9,20,0.5,ST13
ENSG00000103018,10,8,-0.00370914395583198,0.9629417403669904,2,decreasing,0.8,24,0.4166666666666667,CYB5B
ENSG00000106683,10,8,-0.00216718517619458,0.9629417403669904,2,decreasing,0.8,18,0.5555555555555556,LIMK1
ENSG00000116350,10,7,-0.0001618101638751897,0.9629417403669904,3,decreasing,0.7,23,0.43478260869565216,SRSF4
ENSG00000119335,10,9,-0.00509283954305811,0.9629417403669904,1,decreasing,0.9,17,0.5882352941176471,SET
ENSG00000120071,10,6,0.0031483096020800197,0.9629417403669904,4,decreasing,0.6,24,0.4166666666666667,KANSL1
ENSG00000132912,10,6,0.00201610181285634,0.9629417403669904,4,decreasing,0.6,19,0.5263157894736842,DCTN4
ENSG00000133818,10,6,-0.0021965690527839398,0.9629417403669904,4,decreasing,0.6,23,0.43478260869565216,RRAS2
ENSG00000141905,10,10,-0.0261439467145959,0.9629417403669904,0,decreasing,1.0,24,0.4166666666666667,NFIC
ENSG00000163513,10,9,-0.04629101350321445,0.9629417403669904,1,decreasing,0.9,24,0.4166666666666667,TGFBR2
ENSG00000170248,10,9,-0.014661193991877309,0.9629417403669904,1,decreasing,0.9,23,0.43478260869565216,PDCD6IP
ENSG00000255872,10,8,-0.01022927350909551,0.9629417403669904,2,decreasing,0.8,23,0.43478260869565216,AL138752.2
ENSG00000111269,10,10,-0.007517570080911281,0.9609441894037009,0,decreasing,1.0,21,0.47619047619047616,CREBL2
ENSG00000169193,10,10,-0.08831753828266287,0.9609441894037009,0,decreasing,1.0,15,0.6666666666666666,CCDC126
ENSG00000109919,10,5,0.00246119249090077,0.9598076211353316,5,decreasing,0.5,23,0.43478260869565216,MTCH2
ENSG00000115966,10,10,-0.01020914341463752,0.9598076211353316,0,decreasing,1.0,24,0.4166666666666667,ATF2
ENSG00000120705,10,6,0.0020727396704805197,0.9598076211353316,4,decreasing,0.6,24,0.4166666666666667,ETF1
ENSG00000121390,10,7,-0.00064035460439737,0.9598076211353316,3,decreasing,0.7,19,0.5263157894736842,PSPC1
ENSG00000132334,10,8,-0.00207912604488914,0.9598076211353316,2,decreasing,0.8,23,0.43478260869565216,PTPRE
ENSG00000138744,10,10,-0.015199346944673781,0.9598076211353316,0,decreasing,1.0,23,0.43478260869565216,NAAA
ENSG00000152404,10,8,-0.0177411800424637,0.9598076211353316,2,decreasing,0.8,23,0.43478260869565216,CWF19L2
ENSG00000164609,10,7,0.010970457932345582,0.9598076211353316,3,decreasing,0.7,24,0.4166666666666667,SLU7
ENSG00000171853,10,5,0.023822920190975788,0.9598076211353316,5,decreasing,0.5,18,0.5555555555555556,TRAPPC12
ENSG00000184432,10,9,-0.00611891580375599,0.9598076211353316,1,decreasing,0.9,24,0.4166666666666667,COPB2
ENSG00000112599,10,10,-0.00959719393649804,0.9578100701720421,0,decreasing,1.0,17,0.5882352941176471,GUCA1B
ENSG00000127527,10,10,-0.006869968501347081,0.9578100701720421,0,decreasing,1.0,24,0.4166666666666667,EPS15L1
ENSG00000131089,10,8,-0.00179848970254682,0.9578100701720421,2,decreasing,0.8,16,0.625,ARHGEF9
ENSG00000163811,10,10,-0.00465743819431736,0.9578100701720421,0,decreasing,1.0,18,0.5555555555555556,WDR43
ENSG00000187239,10,7,-0.0022510094796988427,0.9578100701720421,3,decreasing,0.7,24,0.4166666666666667,FNBP1
ENSG00000065060,10,10,-0.006616189292586711,0.957810070172042,0,decreasing,1.0,18,0.5555555555555556,UHRF1BP1
ENSG00000077713,10,7,-0.01947415139990519,0.957810070172042,3,decreasing,0.7,23,0.43478260869565216,SLC25A43
ENSG00000100372,10,10,-0.00396028609116741,0.957810070172042,0,decreasing,1.0,23,0.43478260869565216,SLC25A17
ENSG00000118873,10,7,0.023307287021320428,0.957810070172042,3,decreasing,0.7,23,0.43478260869565216,RAB3GAP2
ENSG00000122483,10,10,-0.006490574055568859,0.957810070172042,0,decreasing,1.0,22,0.45454545454545453,CCDC18
ENSG00000132846,10,10,-0.03540469321038929,0.957810070172042,0,decreasing,1.0,17,0.5882352941176471,ZBED3
ENSG00000144357,10,9,-0.00490214834154821,0.957810070172042,1,decreasing,0.9,24,0.4166666666666667,UBR3
ENSG00000162688,10,10,-0.00391321771070278,0.957810070172042,0,decreasing,1.0,17,0.5882352941176471,AGL
ENSG00000163902,10,9,-0.00507694224047239,0.957810070172042,1,decreasing,0.9,23,0.43478260869565216,RPN1
ENSG00000166387,10,10,-0.0160531420508334,0.957810070172042,0,decreasing,1.0,17,0.5882352941176471,PPFIBP2
ENSG00000168958,10,10,-0.028794741108753207,0.957810070172042,0,decreasing,1.0,18,0.5555555555555556,MFF
ENSG00000170144,10,10,-0.0061645131838660595,0.957810070172042,0,decreasing,1.0,23,0.43478260869565216,HNRNPA3
ENSG00000174238,10,8,-0.01362475037304168,0.957810070172042,2,decreasing,0.8,24,0.4166666666666667,PITPNA
ENSG00000176095,10,9,-0.0059567999132426695,0.957810070172042,1,decreasing,0.9,23,0.43478260869565216,IP6K1
ENSG00000004897,10,6,-9.52925914255101e-05,0.954675950940383,4,decreasing,0.6,24,0.4166666666666667,CDC27
ENSG00000075884,10,7,-0.00873985948905873,0.954675950940383,3,decreasing,0.7,24,0.4166666666666667,ARHGAP15
ENSG00000077254,10,8,0.00731071305132034,0.954675950940383,2,decreasing,0.8,24,0.4166666666666667,USP33
ENSG00000079739,10,10,-0.02191269399082193,0.954675950940383,0,decreasing,1.0,24,0.4166666666666667,PGM1
ENSG00000084073,10,10,-0.006753104778729389,0.954675950940383,0,decreasing,1.0,16,0.625,ZMPSTE24
ENSG00000091409,10,9,-0.06139374563443083,0.954675950940383,1,decreasing,0.9,21,0.47619047619047616,ITGA6
ENSG00000102172,10,7,-0.01564255211920097,0.954675950940383,3,decreasing,0.7,24,0.4166666666666667,SMS
ENSG00000103994,10,8,-0.01134626195642334,0.954675950940383,2,decreasing,0.8,24,0.4166666666666667,ZNF106
ENSG00000113391,10,8,-0.005491024628128749,0.954675950940383,2,decreasing,0.8,23,0.43478260869565216,FAM172A
ENSG00000131626,10,6,-0.0023866165210029607,0.954675950940383,4,decreasing,0.6,23,0.43478260869565216,PPFIA1
ENSG00000131748,10,3,0.01069974630963164,0.954675950940383,7,increasing,0.7,18,0.5555555555555556,STARD3
ENSG00000138029,10,8,0.00482915421552848,0.954675950940383,2,decreasing,0.8,24,0.4166666666666667,HADHB
ENSG00000139178,10,8,-0.0012826847660806899,0.954675950940383,2,decreasing,0.8,22,0.45454545454545453,C1RL
ENSG00000140941,10,3,0.01824440517263176,0.954675950940383,7,increasing,0.7,23,0.43478260869565216,MAP1LC3B
ENSG00000152348,10,7,0.0018663131063814003,0.954675950940383,3,decreasing,0.7,23,0.43478260869565216,ATG10
ENSG00000153048,10,9,-0.004872405456589081,0.954675950940383,1,decreasing,0.9,24,0.4166666666666667,CARHSP1
ENSG00000157540,10,10,-0.007633782341189489,0.954675950940383,0,decreasing,1.0,24,0.4166666666666667,DYRK1A
ENSG00000162852,10,8,0.00013941022914817002,0.954675950940383,2,decreasing,0.8,24,0.4166666666666667,CNST
ENSG00000164142,10,6,0.029006510029900973,0.954675950940383,4,decreasing,0.6,24,0.4166666666666667,FAM160A1
ENSG00000164329,10,5,0.0053380082116293,0.954675950940383,5,decreasing,0.5,24,0.4166666666666667,TENT2
ENSG00000175556,10,6,0.0076068020725076095,0.954675950940383,4,decreasing,0.6,23,0.43478260869565216,LONRF3
ENSG00000182827,10,9,-0.0275639431903625,0.954675950940383,1,decreasing,0.9,23,0.43478260869565216,ACBD3
ENSG00000186517,10,10,-0.014078795641750819,0.954675950940383,0,decreasing,1.0,19,0.5263157894736842,ARHGAP30
ENSG00000188647,10,6,-0.008119545879292249,0.954675950940383,4,decreasing,0.6,23,0.43478260869565216,PTAR1
ENSG00000197157,10,6,-0.026918522761352186,0.954675950940383,4,decreasing,0.6,24,0.4166666666666667,SND1
ENSG00000197562,10,9,-0.01607372561625195,0.954675950940383,1,decreasing,0.9,18,0.5555555555555556,RAB40C
ENSG00000198589,10,7,0.0017505399842557192,0.954675950940383,3,decreasing,0.7,24,0.4166666666666667,LRBA
ENSG00000052795,10,8,0.0026087350830279604,0.9526783999770935,2,decreasing,0.8,23,0.43478260869565216,FNIP2
ENSG00000063601,10,10,-0.00670915022513994,0.9526783999770935,0,decreasing,1.0,17,0.5882352941176471,MTMR1
ENSG00000073417,10,10,-0.00409457858099818,0.9526783999770935,0,decreasing,1.0,24,0.4166666666666667,PDE8A
ENSG00000075151,10,7,0.00878436512033399,0.9526783999770935,3,decreasing,0.7,24,0.4166666666666667,EIF4G3
ENSG00000104365,10,10,-0.01075909862701782,0.9526783999770935,0,decreasing,1.0,22,0.45454545454545453,IKBKB
ENSG00000105887,10,10,-0.00187225401795298,0.9526783999770935,0,decreasing,1.0,23,0.43478260869565216,MTPN
ENSG00000113328,10,9,-0.0072674473038219,0.9526783999770935,1,decreasing,0.9,23,0.43478260869565216,CCNG1
ENSG00000117472,10,9,0.00247052968224542,0.9526783999770935,1,decreasing,0.9,14,0.7142857142857143,TSPAN1
ENSG00000122033,10,7,0.004774816068904489,0.9526783999770935,3,decreasing,0.7,16,0.625,MTIF3
ENSG00000170142,10,10,-0.0069528323867657695,0.9526783999770935,0,decreasing,1.0,24,0.4166666666666667,UBE2E1
ENSG00000170946,10,10,-0.00756249680651844,0.9526783999770935,0,decreasing,1.0,17,0.5882352941176471,DNAJC24
ENSG00000180773,10,10,-0.0061911580188962,0.9526783999770935,0,decreasing,1.0,24,0.4166666666666667,SLC36A4
ENSG00000189091,10,10,-0.0033184992433448004,0.9526783999770935,0,decreasing,1.0,16,0.625,SF3B3
ENSG00000070961,10,10,-0.00798742773349521,0.9526783999770932,0,decreasing,1.0,24,0.4166666666666667,ATP2B1
ENSG00000164754,10,10,-0.00592284774445554,0.9526783999770932,0,decreasing,1.0,23,0.43478260869565216,RAD21
ENSG00000271503,10,10,-0.00588179634096192,0.9526783999770932,0,decreasing,1.0,15,0.6666666666666666,CCL5
ENSG00000137642,10,6,-0.0005564148692210304,0.9495442807454346,4,decreasing,0.6,24,0.4166666666666667,SORL1
ENSG00000167323,10,10,-0.00396274046647736,0.9495442807454346,0,decreasing,1.0,24,0.4166666666666667,STIM1
ENSG00000062194,10,10,-0.005744049880185479,0.9495442807454344,0,decreasing,1.0,24,0.4166666666666667,GPBP1
ENSG00000078304,10,10,-0.00569792126471738,0.9495442807454344,0,decreasing,1.0,24,0.4166666666666667,PPP2R5C
ENSG00000078747,10,9,-0.0061419352433399,0.9495442807454344,1,decreasing,0.9,22,0.45454545454545453,ITCH
ENSG00000081026,10,9,-0.006140874741535229,0.9495442807454344,1,decreasing,0.9,24,0.4166666666666667,MAGI3
ENSG00000110448,10,9,-0.01019959378251486,0.9495442807454344,1,decreasing,0.9,16,0.625,CD5
ENSG00000111142,10,10,-0.01862548771441781,0.9495442807454344,0,decreasing,1.0,18,0.5555555555555556,METAP2
ENSG00000113384,10,10,-0.00792750944084604,0.9495442807454344,0,decreasing,1.0,22,0.45454545454545453,GOLPH3
ENSG00000115760,10,8,-0.00148794055103985,0.9495442807454344,2,decreasing,0.8,24,0.4166666666666667,BIRC6
ENSG00000123338,10,7,0.0018502233707143802,0.9495442807454344,3,decreasing,0.7,23,0.43478260869565216,NCKAP1L
ENSG00000132294,10,10,-0.02131351674378378,0.9495442807454344,0,decreasing,1.0,16,0.625,EFR3A
ENSG00000133121,10,9,-0.010568839491863168,0.9495442807454344,1,decreasing,0.9,23,0.43478260869565216,STARD13
ENSG00000134545,10,10,-0.01680540136167384,0.9495442807454344,0,decreasing,1.0,18,0.5555555555555556,KLRC1
ENSG00000138443,10,8,0.0034217963146022197,0.9495442807454344,2,decreasing,0.8,18,0.5555555555555556,ABI2
ENSG00000163291,10,10,-0.03317442871727393,0.9495442807454344,0,decreasing,1.0,23,0.43478260869565216,PAQR3
ENSG00000165704,10,10,-0.013736658966358731,0.9495442807454344,0,decreasing,1.0,24,0.4166666666666667,HPRT1
ENSG00000166439,10,7,-0.010815150763459482,0.9495442807454344,3,decreasing,0.7,24,0.4166666666666667,RNF169
ENSG00000173230,10,8,0.00888969296044514,0.9495442807454344,2,decreasing,0.8,23,0.43478260869565216,GOLGB1
ENSG00000177663,10,9,0.00274497585569113,0.9495442807454344,1,decreasing,0.9,19,0.5263157894736842,IL17RA
ENSG00000186153,10,9,-0.00378722979842867,0.9495442807454344,1,decreasing,0.9,24,0.4166666666666667,WWOX
ENSG00000196396,10,6,0.0007370985979803002,0.9495442807454344,4,decreasing,0.6,24,0.4166666666666667,PTPN1
ENSG00000197081,10,8,-0.0042442462267917105,0.9495442807454344,2,decreasing,0.8,24,0.4166666666666667,IGF2R
ENSG00000242485,10,10,-0.02618502770049886,0.9495442807454344,0,decreasing,1.0,18,0.5555555555555556,MRPL20
ENSG00000257390,10,8,0.006007199410256151,0.9495442807454344,2,decreasing,0.8,21,0.47619047619047616,AC023055.1
ENSG00000271425,10,8,-0.009901070529784822,0.9495442807454344,2,decreasing,0.8,24,0.4166666666666667,NBPF10
ENSG00000037749,10,10,-0.0034471561778263203,0.9475467297821449,0,decreasing,1.0,16,0.625,MFAP3
ENSG00000126070,10,10,-0.00297187342465598,0.9475467297821449,0,decreasing,1.0,24,0.4166666666666667,AGO3
ENSG00000042493,10,9,-0.06099210763332463,0.9475467297821447,1,decreasing,0.9,19,0.5263157894736842,CAPG
ENSG00000056097,10,9,-0.016500284120193293,0.9475467297821447,1,decreasing,0.9,19,0.5263157894736842,ZFR
ENSG00000189337,10,9,-0.00447636803055426,0.9475467297821447,1,decreasing,0.9,20,0.5,KAZN
ENSG00000006607,10,9,-0.0054067175889515595,0.9464101615137755,1,decreasing,0.9,23,0.43478260869565216,FARP2
ENSG00000069943,10,6,-0.0034179404650934607,0.9464101615137755,4,decreasing,0.6,23,0.43478260869565216,PIGB
ENSG00000088387,10,4,-0.0010503350521526198,0.9464101615137755,6,increasing,0.6,24,0.4166666666666667,DOCK9
ENSG00000112159,10,4,0.00401229081829835,0.9464101615137755,6,increasing,0.6,24,0.4166666666666667,MDN1
ENSG00000121210,10,9,0.003360510876884039,0.9464101615137755,1,decreasing,0.9,24,0.4166666666666667,TMEM131L
ENSG00000121879,10,10,-0.00735647914865948,0.9464101615137755,0,decreasing,1.0,18,0.5555555555555556,PIK3CA
ENSG00000122515,10,7,-0.0023047308018468997,0.9464101615137755,3,decreasing,0.7,24,0.4166666666666667,ZMIZ2
ENSG00000132964,10,10,-0.01080845216040269,0.9464101615137755,0,decreasing,1.0,24,0.4166666666666667,CDK8
ENSG00000140395,10,4,0.01340168309245543,0.9464101615137755,6,increasing,0.6,22,0.45454545454545453,WDR61
ENSG00000145725,10,7,0.00136888345008227,0.9464101615137755,3,decreasing,0.7,21,0.47619047619047616,PPIP5K2
ENSG00000160710,10,6,-0.00106559064718822,0.9464101615137755,4,decreasing,0.6,18,0.5555555555555556,ADAR
ENSG00000175662,10,4,0.00794818185274029,0.9464101615137755,6,increasing,0.6,24,0.4166666666666667,TOM1L2
ENSG00000028277,10,8,-0.01559606510391997,0.9444126105504859,2,decreasing,0.8,24,0.4166666666666667,POU2F2
ENSG00000099337,10,9,-0.02313093015842621,0.9444126105504859,1,decreasing,0.9,22,0.45454545454545453,KCNK6
ENSG00000105397,10,9,-0.00514844439002539,0.9444126105504859,1,decreasing,0.9,16,0.625,TYK2
ENSG00000116209,10,10,-0.00249154540005368,0.9444126105504859,0,decreasing,1.0,23,0.43478260869565216,TMEM59
ENSG00000120519,10,10,-0.013873694722589019,0.9444126105504859,0,decreasing,1.0,22,0.45454545454545453,SLC10A7
ENSG00000122566,10,10,-0.006508399178520941,0.9444126105504859,0,decreasing,1.0,22,0.45454545454545453,HNRNPA2B1
ENSG00000123739,10,10,-0.00470115212320564,0.9444126105504859,0,decreasing,1.0,15,0.6666666666666666,PLA2G12A
ENSG00000135046,10,9,-0.00987577843037358,0.9444126105504859,1,decreasing,0.9,20,0.5,ANXA1
ENSG00000138756,10,9,-0.00915610887168611,0.9444126105504859,1,decreasing,0.9,23,0.43478260869565216,BMP2K
ENSG00000139514,10,8,-0.00570263889765261,0.9444126105504859,2,decreasing,0.8,23,0.43478260869565216,SLC7A1
ENSG00000147138,10,8,-0.01052918829831936,0.9444126105504859,2,decreasing,0.8,16,0.625,GPR174
ENSG00000163788,10,10,-0.017322796328649758,0.9444126105504859,0,decreasing,1.0,23,0.43478260869565216,SNRK
ENSG00000167202,10,10,-0.00763408342235376,0.9444126105504859,0,decreasing,1.0,24,0.4166666666666667,TBC1D2B
ENSG00000167286,10,9,-0.0023492055339203897,0.9444126105504859,1,decreasing,0.9,22,0.45454545454545453,CD3D
ENSG00000285283,10,10,-0.014324357677639529,0.9444126105504859,0,decreasing,1.0,16,0.625,AL035078.4
ENSG00000074416,10,9,-0.00423312052754837,0.9444126105504858,1,decreasing,0.9,24,0.4166666666666667,MGLL
ENSG00000107643,10,9,0.001262419716661731,0.9444126105504858,1,decreasing,0.9,24,0.4166666666666667,MAPK8
ENSG00000116266,10,9,-0.0035576654461597704,0.9444126105504858,1,decreasing,0.9,24,0.4166666666666667,STXBP3
ENSG00000158636,10,10,-0.00505746796724266,0.9444126105504858,0,decreasing,1.0,24,0.4166666666666667,EMSY
ENSG00000171132,10,7,-0.01635952728780648,0.9444126105504858,3,decreasing,0.7,23,0.43478260869565216,PRKCE
ENSG00000196504,10,9,-0.012835356083949489,0.9444126105504858,1,decreasing,0.9,23,0.43478260869565216,PRPF40A
ENSG00000001084,10,4,-0.00411429498980862,0.941278491318827,6,increasing,0.6,18,0.5555555555555556,GCLC
ENSG00000004534,10,7,0.0005684337339770401,0.941278491318827,3,decreasing,0.7,19,0.5263157894736842,RBM6
ENSG00000031003,10,7,0.01030857179529302,0.941278491318827,3,decreasing,0.7,23,0.43478260869565216,FAM13B
ENSG00000031698,10,6,0.01112723041413823,0.941278491318827,4,decreasing,0.6,23,0.43478260869565216,SARS1
ENSG00000072518,10,9,-0.00767026950303281,0.941278491318827,1,decreasing,0.9,19,0.5263157894736842,MARK2
ENSG00000100994,10,6,-0.00403608650010815,0.941278491318827,4,decreasing,0.6,22,0.45454545454545453,PYGB
ENSG00000106771,10,9,-0.01728392885617229,0.941278491318827,1,decreasing,0.9,24,0.4166666666666667,TMEM245
ENSG00000110497,10,7,0.00379492046939483,0.941278491318827,3,decreasing,0.7,24,0.4166666666666667,AMBRA1
ENSG00000117682,10,8,-0.0087311487524467,0.941278491318827,2,decreasing,0.8,23,0.43478260869565216,DHDDS
ENSG00000136238,10,8,-0.00382458914878391,0.941278491318827,2,decreasing,0.8,19,0.5263157894736842,RAC1
ENSG00000136891,10,6,-0.00783536360555013,0.941278491318827,4,decreasing,0.6,23,0.43478260869565216,TEX10
ENSG00000139132,10,9,-0.006110359960167769,0.941278491318827,1,decreasing,0.9,23,0.43478260869565216,FGD4
ENSG00000144468,10,9,-0.00623014876861365,0.941278491318827,1,decreasing,0.9,24,0.4166666666666667,RHBDD1
ENSG00000145730,10,8,-0.00922313125446582,0.941278491318827,2,decreasing,0.8,23,0.43478260869565216,PAM
ENSG00000153317,10,10,-0.010022901444194479,0.941278491318827,0,decreasing,1.0,24,0.4166666666666667,ASAP1
ENSG00000154845,10,9,0.0024997951697779,0.941278491318827,1,decreasing,0.9,18,0.5555555555555556,PPP4R1
ENSG00000158195,10,9,-0.00420255368980141,0.941278491318827,1,decreasing,0.9,24,0.4166666666666667,WASF2
ENSG00000169155,10,7,-0.017553953959616158,0.941278491318827,3,decreasing,0.7,24,0.4166666666666667,ZBTB43
ENSG00000198026,10,8,-0.01157285209779574,0.941278491318827,2,decreasing,0.8,24,0.4166666666666667,ZNF335
ENSG00000064419,10,9,0.00315122016636452,0.9412784913188268,1,decreasing,0.9,24,0.4166666666666667,TNPO3
ENSG00000085377,10,7,-0.0114617017930862,0.9412784913188268,3,decreasing,0.7,24,0.4166666666666667,PREP
ENSG00000057704,10,10,-0.0107122430714251,0.9392809403555373,0,decreasing,1.0,24,0.4166666666666667,TMCC3
ENSG00000108100,10,9,-0.0035604060206168102,0.9392809403555373,1,decreasing,0.9,24,0.4166666666666667,CCNY
ENSG00000112379,10,9,-0.0096086592326483,0.9392809403555373,1,decreasing,0.9,22,0.45454545454545453,ARFGEF3
ENSG00000129255,10,10,-0.00475843808688126,0.9392809403555373,0,decreasing,1.0,15,0.6666666666666666,MPDU1
ENSG00000165359,10,4,0.00422661636008207,0.9392809403555373,6,increasing,0.6,16,0.625,INTS6L
ENSG00000198900,10,10,-0.007909079660590951,0.9392809403555373,0,decreasing,1.0,22,0.45454545454545453,TOP1
ENSG00000254087,10,9,-0.00311707837809548,0.9392809403555373,1,decreasing,0.9,24,0.4166666666666667,LYN
ENSG00000104218,10,10,-0.013424274504181618,0.9392809403555372,0,decreasing,1.0,24,0.4166666666666667,CSPP1
ENSG00000104324,10,10,-0.00246401331786885,0.9392809403555372,0,decreasing,1.0,23,0.43478260869565216,CPQ
ENSG00000170364,10,10,-0.00362709323710683,0.9392809403555372,0,decreasing,1.0,15,0.6666666666666666,SETMAR
ENSG00000106009,10,9,-0.00290752652022934,0.9361468211238785,1,decreasing,0.9,17,0.5882352941176471,BRAT1
ENSG00000106829,10,8,0.00109592366778776,0.9361468211238785,2,decreasing,0.8,24,0.4166666666666667,TLE4
ENSG00000114127,10,10,-0.00528888709755812,0.9361468211238785,0,decreasing,1.0,19,0.5263157894736842,XRN1
ENSG00000120616,10,7,0.02012348702384793,0.9361468211238785,3,decreasing,0.7,24,0.4166666666666667,EPC1
ENSG00000084112,10,7,-0.0012310649974235002,0.9361468211238784,3,decreasing,0.7,22,0.45454545454545453,SSH1
ENSG00000084733,10,9,-0.00297043341146659,0.9361468211238784,1,decreasing,0.9,24,0.4166666666666667,RAB10
ENSG00000127220,10,10,-0.06160754054332037,0.9361468211238784,0,decreasing,1.0,17,0.5882352941176471,ABHD8
ENSG00000129675,10,9,-0.004682943681835141,0.9361468211238784,1,decreasing,0.9,18,0.5555555555555556,ARHGEF6
ENSG00000132549,10,10,-0.00323264664202721,0.9361468211238784,0,decreasing,1.0,24,0.4166666666666667,VPS13B
ENSG00000135018,10,9,-0.007200317080036811,0.9361468211238784,1,decreasing,0.9,24,0.4166666666666667,UBQLN1
ENSG00000135250,10,8,-0.00306447356535162,0.9361468211238784,2,decreasing,0.8,24,0.4166666666666667,SRPK2
ENSG00000150867,10,10,-0.01854437788156072,0.9361468211238784,0,decreasing,1.0,24,0.4166666666666667,PIP4K2A
ENSG00000153406,10,8,-0.009372186453133941,0.9361468211238784,2,decreasing,0.8,23,0.43478260869565216,NMRAL1
ENSG00000165733,10,10,-0.00578190445127285,0.9361468211238784,0,decreasing,1.0,16,0.625,BMS1
ENSG00000171843,10,8,-0.00031728465547063017,0.9361468211238784,2,decreasing,0.8,24,0.4166666666666667,MLLT3
ENSG00000198604,10,10,-0.01127266457874233,0.9361468211238784,0,decreasing,1.0,24,0.4166666666666667,BAZ1A
ENSG00000217930,10,8,-0.030541807451207208,0.9361468211238784,2,decreasing,0.8,22,0.45454545454545453,PAM16
ENSG00000128815,10,10,-0.00543309283895684,0.9341492701605887,0,decreasing,1.0,20,0.5,WDFY4
ENSG00000132842,10,10,-0.00540348462951602,0.9341492701605887,0,decreasing,1.0,23,0.43478260869565216,AP3B1
ENSG00000197826,10,10,-0.00419316256795209,0.9341492701605887,0,decreasing,1.0,21,0.47619047619047616,CFAP299
ENSG00000054611,10,8,-0.021116555977264178,0.9330127018922194,2,decreasing,0.8,24,0.4166666666666667,TBC1D22A
ENSG00000071242,10,9,-0.0062701186147826994,0.9330127018922194,1,decreasing,0.9,24,0.4166666666666667,RPS6KA2
ENSG00000083097,10,8,-0.00347312691031572,0.9330127018922194,2,decreasing,0.8,19,0.5263157894736842,DOP1A
ENSG00000089916,10,6,-0.002038707925755053,0.9330127018922194,4,decreasing,0.6,23,0.43478260869565216,GPATCH2L
ENSG00000097007,10,8,-0.00432560962169245,0.9330127018922194,2,decreasing,0.8,23,0.43478260869565216,ABL1
ENSG00000099194,10,9,-0.0080111009698032,0.9330127018922194,1,decreasing,0.9,22,0.45454545454545453,SCD
ENSG00000108219,10,6,-0.0009936495752388397,0.9330127018922194,4,decreasing,0.6,24,0.4166666666666667,TSPAN14
ENSG00000114120,10,9,-0.00962131641967798,0.9330127018922194,1,decreasing,0.9,19,0.5263157894736842,SLC25A36
ENSG00000125753,10,7,-0.0005433659362768501,0.9330127018922194,3,decreasing,0.7,23,0.43478260869565216,VASP
ENSG00000133678,10,9,-0.00275872672872778,0.9330127018922194,1,decreasing,0.9,20,0.5,TMEM254
ENSG00000135968,10,9,-0.00933573687838659,0.9330127018922194,1,decreasing,0.9,19,0.5263157894736842,GCC2
ENSG00000136868,10,9,-0.015708497736439862,0.9330127018922194,1,decreasing,0.9,23,0.43478260869565216,SLC31A1
ENSG00000138175,10,5,-0.0035329330897948498,0.9330127018922194,5,decreasing,0.5,18,0.5555555555555556,ARL3
ENSG00000140577,10,10,-0.02179310697625962,0.9330127018922194,0,decreasing,1.0,19,0.5263157894736842,CRTC3
ENSG00000149179,10,8,-0.0043748135196396195,0.9330127018922194,2,decreasing,0.8,24,0.4166666666666667,C11orf49
ENSG00000157500,10,9,0.00856049095564051,0.9330127018922194,1,decreasing,0.9,23,0.43478260869565216,APPL1
ENSG00000172340,10,9,-0.015639640001660092,0.9330127018922194,1,decreasing,0.9,19,0.5263157894736842,SUCLG2
ENSG00000184178,10,10,-0.01219937868069487,0.9330127018922194,0,decreasing,1.0,24,0.4166666666666667,SCFD2
ENSG00000213639,10,9,-0.03762187772983343,0.9330127018922194,1,decreasing,0.9,24,0.4166666666666667,PPP1CB
ENSG00000215301,10,9,-0.00944424415520503,0.9330127018922194,1,decreasing,0.9,22,0.45454545454545453,DDX3X
ENSG00000250349,10,8,-0.00723878300682272,0.9330127018922194,2,decreasing,0.8,24,0.4166666666666667,AF241726.2
ENSG00000005884,10,6,0.0006458668271611999,0.9310151509289298,4,decreasing,0.6,21,0.47619047619047616,ITGA3
ENSG00000103056,10,8,-0.00989985562148699,0.9310151509289298,2,decreasing,0.8,21,0.47619047619047616,SMPD3
ENSG00000105483,10,10,-0.00975420708668862,0.9310151509289298,0,decreasing,1.0,23,0.43478260869565216,CARD8
ENSG00000113595,10,10,-0.00617507807450313,0.9310151509289298,0,decreasing,1.0,15,0.6666666666666666,TRIM23
ENSG00000132207,10,9,-0.008232900510906142,0.9310151509289298,1,decreasing,0.9,17,0.5882352941176471,SLX1A
ENSG00000135077,10,10,-0.005406577208452499,0.9310151509289298,0,decreasing,1.0,22,0.45454545454545453,HAVCR2
ENSG00000164118,10,10,-0.06627257463444339,0.9310151509289298,0,decreasing,1.0,14,0.7142857142857143,CEP44
ENSG00000165140,10,10,-0.0048455260836721996,0.9310151509289298,0,decreasing,1.0,21,0.47619047619047616,FBP1
ENSG00000165959,10,10,-0.0062276267538723205,0.9310151509289298,0,decreasing,1.0,23,0.43478260869565216,CLMN
ENSG00000277400,10,10,-0.00632233674403256,0.9310151509289298,0,decreasing,1.0,18,0.5555555555555556,AC145212.1
ENSG00000107581,10,10,-0.00691288855513503,0.9310151509289296,0,decreasing,1.0,24,0.4166666666666667,EIF3A
ENSG00000120798,10,6,0.011780485487968551,0.9310151509289296,4,decreasing,0.6,21,0.47619047619047616,NR2C1
ENSG00000122482,10,10,-0.00526426696434681,0.9310151509289296,0,decreasing,1.0,24,0.4166666666666667,ZNF644
ENSG00000125304,10,10,-0.01030691298741921,0.9310151509289296,0,decreasing,1.0,18,0.5555555555555556,TM9SF2
ENSG00000239388,10,10,-0.04884437615962779,0.9310151509289296,0,decreasing,1.0,15,0.6666666666666666,ASB14
ENSG00000183726,10,10,-0.01563994308883197,0.92901759996564,0,decreasing,1.0,23,0.43478260869565216,TMEM50A
ENSG00000070540,10,9,-0.02286991994308677,0.927881031697271,1,decreasing,0.9,18,0.5555555555555556,WIPI1
ENSG00000123384,10,10,-0.0127912268979495,0.927881031697271,0,decreasing,1.0,22,0.45454545454545453,LRP1
ENSG00000113318,10,8,-0.0014433304501372305,0.9278810316972708,2,decreasing,0.8,21,0.47619047619047616,MSH3
ENSG00000133393,10,9,-0.0005185818572069803,0.9278810316972708,1,decreasing,0.9,21,0.47619047619047616,FOPNL
ENSG00000140455,10,6,-0.0167121119249254,0.9278810316972708,4,decreasing,0.6,24,0.4166666666666667,USP3
ENSG00000164169,10,10,-0.0123830870537217,0.9278810316972708,0,decreasing,1.0,24,0.4166666666666667,PRMT9
ENSG00000198839,10,10,-0.04570835316915623,0.9278810316972708,0,decreasing,1.0,17,0.5882352941176471,ZNF277
ENSG00000111652,10,9,-0.014911428819351442,0.9258834807339813,1,decreasing,0.9,15,0.6666666666666666,COPS7A
ENSG00000155542,10,10,-0.00226876102522643,0.9258834807339813,0,decreasing,1.0,23,0.43478260869565216,SETD9
ENSG00000285043,10,10,-0.016938737743079323,0.9258834807339813,0,decreasing,1.0,14,0.7142857142857143,AC093512.2
ENSG00000114999,10,10,-0.00516566083264917,0.9258834807339811,0,decreasing,1.0,15,0.6666666666666666,TTL
ENSG00000119787,10,10,-0.02666653891861636,0.9258834807339811,0,decreasing,1.0,20,0.5,ATL2
ENSG00000120254,10,10,-0.01220822380918323,0.9258834807339811,0,decreasing,1.0,24,0.4166666666666667,MTHFD1L
ENSG00000137075,10,10,-0.009109286259344821,0.9258834807339811,0,decreasing,1.0,23,0.43478260869565216,RNF38
ENSG00000148019,10,8,-0.0007775558822823599,0.9258834807339811,2,decreasing,0.8,21,0.47619047619047616,CEP78
ENSG00000172086,10,10,-0.00358876764215267,0.9258834807339811,0,decreasing,1.0,19,0.5263157894736842,KRCC1
ENSG00000072858,10,9,-0.01173100777586009,0.9227493615023222,1,decreasing,0.9,18,0.5555555555555556,SIDT1
ENSG00000120029,10,10,-0.01024289598853847,0.9227493615023222,0,decreasing,1.0,24,0.4166666666666667,ARMH3
ENSG00000120699,10,9,-0.0047266627992480995,0.9227493615023222,1,decreasing,0.9,16,0.625,EXOSC8
ENSG00000137266,10,8,-0.00275040689990457,0.9227493615023222,2,decreasing,0.8,21,0.47619047619047616,SLC22A23
ENSG00000156958,10,10,-0.0039830811274021004,0.9227493615023222,0,decreasing,1.0,19,0.5263157894736842,GALK2
ENSG00000189308,10,10,-0.00613971875631308,0.9227493615023222,0,decreasing,1.0,18,0.5555555555555556,LIN54
ENSG00000197312,10,7,0.0007194622395306702,0.9227493615023222,3,decreasing,0.7,21,0.47619047619047616,DDI2
ENSG00000197386,10,9,-0.01427421422230934,0.9227493615023222,1,decreasing,0.9,22,0.45454545454545453,HTT
ENSG00000048649,10,9,-0.00621857549359648,0.9196152422706634,1,decreasing,0.9,23,0.43478260869565216,RSF1
ENSG00000054267,10,10,-0.00729502304906005,0.9196152422706634,0,decreasing,1.0,24,0.4166666666666667,ARID4B
ENSG00000090905,10,10,-0.01041624563264016,0.9196152422706634,0,decreasing,1.0,19,0.5263157894736842,TNRC6A
ENSG00000095383,10,9,-0.01275951825672689,0.9196152422706634,1,decreasing,0.9,23,0.43478260869565216,TBC1D2
ENSG00000099331,10,8,-0.04719852139097327,0.9196152422706634,2,decreasing,0.8,24,0.4166666666666667,MYO9B
ENSG00000100124,10,8,-0.0022754948016391703,0.9196152422706634,2,decreasing,0.8,17,0.5882352941176471,ANKRD54
ENSG00000105176,10,9,-0.00318593461401801,0.9196152422706634,1,decreasing,0.9,23,0.43478260869565216,URI1
ENSG00000114166,10,10,-0.00585824725451976,0.9196152422706634,0,decreasing,1.0,23,0.43478260869565216,KAT2B
ENSG00000124207,10,7,-0.0005840368205877499,0.9196152422706634,3,decreasing,0.7,19,0.5263157894736842,CSE1L
ENSG00000131979,10,9,-0.005680322571624969,0.9196152422706634,1,decreasing,0.9,24,0.4166666666666667,GCH1
ENSG00000138777,10,7,-0.00047018803786239,0.9196152422706634,3,decreasing,0.7,19,0.5263157894736842,PPA2
ENSG00000164663,10,10,-0.0066665937829878605,0.9196152422706634,0,decreasing,1.0,17,0.5882352941176471,USP49
ENSG00000170962,10,10,-0.014215361276350239,0.9196152422706634,0,decreasing,1.0,23,0.43478260869565216,PDGFD
ENSG00000198879,10,8,-0.0065235561534331705,0.9196152422706634,2,decreasing,0.8,24,0.4166666666666667,SFMBT2
ENSG00000213066,10,9,-0.0027709628943951995,0.9196152422706634,1,decreasing,0.9,19,0.5263157894736842,FGFR1OP
ENSG00000130413,10,10,-0.00947092000760196,0.9176176913073737,0,decreasing,1.0,22,0.45454545454545453,STK33
ENSG00000155016,10,10,-0.0063915061227716894,0.9176176913073737,0,decreasing,1.0,20,0.5,CYP2U1
ENSG00000164649,10,9,-0.02024942114925457,0.9176176913073737,1,decreasing,0.9,15,0.6666666666666666,CDCA7L
ENSG00000137491,10,9,-0.00426690700617718,0.9176176913073736,1,decreasing,0.9,21,0.47619047619047616,SLCO2B1
ENSG00000164506,10,10,-0.00729322727428703,0.9176176913073736,0,decreasing,1.0,21,0.47619047619047616,STXBP5
ENSG00000011405,10,8,0.0022521566134323504,0.9144835720757147,2,decreasing,0.8,24,0.4166666666666667,PIK3C2A
ENSG00000033170,10,10,-0.01404330276793308,0.9144835720757147,0,decreasing,1.0,18,0.5555555555555556,FUT8
ENSG00000144635,10,10,-0.008963421570527649,0.9144835720757147,0,decreasing,1.0,19,0.5263157894736842,DYNC1LI1
ENSG00000170525,10,6,0.004223846568061076,0.9144835720757147,4,decreasing,0.6,19,0.5263157894736842,PFKFB3
ENSG00000085433,10,10,-0.0036736334528536,0.9062177826491071,0,decreasing,1.0,19,0.5263157894736842,WDR47
ENSG00000159086,10,10,-0.031088526127170807,0.9062177826491071,0,decreasing,1.0,18,0.5555555555555556,PAXBP1
ENSG00000160789,10,9,-0.01289074625766283,0.9062177826491071,1,decreasing,0.9,24,0.4166666666666667,LMNA
ENSG00000182621,10,10,-0.053307275150793254,0.9062177826491071,0,decreasing,1.0,19,0.5263157894736842,PLCB1
ENSG00000198752,10,9,-0.00499804844756311,0.9062177826491071,1,decreasing,0.9,23,0.43478260869565216,CDC42BPB
ENSG00000144455,10,10,-0.00597155421279056,0.8928203230275511,0,decreasing,1.0,17,0.5882352941176471,SUMF1
ENSG00000065000,9,0,0.008900138599626689,1.0,9,increasing,1.0,22,0.4090909090909091,AP3D1
ENSG00000070756,9,7,0.006072523676617855,1.0,2,decreasing,0.7777777777777778,24,0.375,PABPC1
ENSG00000090372,9,9,-0.032755468828572866,1.0,0,decreasing,1.0,23,0.391304347826087,STRN4
ENSG00000113194,9,3,0.027131088863356675,1.0,6,increasing,0.6666666666666666,23,0.391304347826087,FAF2
ENSG00000184903,9,4,0.007655151314544067,1.0,5,increasing,0.5555555555555556,24,0.375,IMMP2L
ENSG00000086062,9,7,-0.0014999931654465554,0.994298144227835,2,decreasing,0.7777777777777778,23,0.391304347826087,B4GALT1
ENSG00000141867,9,5,-0.02086473293698364,0.994298144227835,4,decreasing,0.5555555555555556,22,0.4090909090909091,BRD4
ENSG00000011454,9,5,-0.0025503186880477553,0.9851139337538266,4,decreasing,0.5555555555555556,24,0.375,RABGAP1
ENSG00000101782,9,3,0.0067251171545921,0.9851139337538266,6,increasing,0.6666666666666666,24,0.375,RIOK3
ENSG00000110713,9,7,-0.005338326942694789,0.9851139337538266,2,decreasing,0.7777777777777778,24,0.375,NUP98
ENSG00000114030,9,6,0.008487004713168246,0.9851139337538266,3,decreasing,0.6666666666666666,24,0.375,KPNA1
ENSG00000121281,9,2,0.07094180712706662,0.9851139337538266,7,increasing,0.7777777777777778,24,0.375,ADCY7
ENSG00000143393,9,3,0.03741448660189151,0.9851139337538266,6,increasing,0.6666666666666666,22,0.4090909090909091,PI4KB
ENSG00000146833,9,5,-6.3804958339004474e-06,0.9851139337538266,4,decreasing,0.5555555555555556,24,0.375,TRIM4
ENSG00000161638,9,2,0.020868485221362146,0.9851139337538266,7,increasing,0.7777777777777778,23,0.391304347826087,ITGA5
ENSG00000163162,9,5,-0.006816210963468877,0.9851139337538266,4,decreasing,0.5555555555555556,24,0.375,RNF149
ENSG00000164031,9,7,-0.004155584646119755,0.9851139337538266,2,decreasing,0.7777777777777778,24,0.375,DNAJB14
ENSG00000164463,9,3,0.004374604237312866,0.9851139337538266,6,increasing,0.6666666666666666,23,0.391304347826087,CREBRF
ENSG00000168769,9,5,0.021800427101096226,0.9851139337538266,4,decreasing,0.5555555555555556,24,0.375,TET2
ENSG00000169641,9,7,-0.006380874760677668,0.9851139337538266,2,decreasing,0.7777777777777778,24,0.375,LUZP1
ENSG00000182022,9,8,-0.028057510417293978,0.9851139337538266,1,decreasing,0.8888888888888888,24,0.375,CHST15
ENSG00000183826,9,5,-0.0004844047958985287,0.9851139337538266,4,decreasing,0.5555555555555556,24,0.375,BTBD9
ENSG00000283761,9,6,0.0029601948340504678,0.9851139337538266,3,decreasing,0.6666666666666666,23,0.391304347826087,AC118553.2
ENSG00000009307,9,8,-0.012567165255413688,0.9828944326835045,1,decreasing,0.8888888888888888,24,0.375,CSDE1
ENSG00000067064,9,7,-0.0029380075164370223,0.9828944326835045,2,decreasing,0.7777777777777778,24,0.375,IDI1
ENSG00000132825,9,8,-0.0024753190890894777,0.9828944326835045,1,decreasing,0.8888888888888888,16,0.5625,PPP1R3D
ENSG00000135457,9,7,0.003267674635573044,0.9828944326835045,2,decreasing,0.7777777777777778,24,0.375,TFCP2
ENSG00000165195,9,9,-0.011119226348722111,0.9828944326835045,0,decreasing,1.0,16,0.5625,PIGA
ENSG00000101972,9,7,-0.04239492323145488,0.9794120779816614,2,decreasing,0.7777777777777778,24,0.375,STAG2
ENSG00000103066,9,5,0.0033223487090647662,0.9794120779816614,4,decreasing,0.5555555555555556,20,0.45,PLA2G15
ENSG00000103248,9,6,0.0003602016556600333,0.9794120779816614,3,decreasing,0.6666666666666666,21,0.42857142857142855,MTHFSD
ENSG00000108306,9,9,-0.006673008081845389,0.9794120779816614,0,decreasing,1.0,24,0.375,FBXL20
ENSG00000113712,9,7,0.0008834603117831666,0.9794120779816614,2,decreasing,0.7777777777777778,19,0.47368421052631576,CSNK1A1
ENSG00000116478,9,4,0.003866483083974622,0.9794120779816614,5,increasing,0.5555555555555556,19,0.47368421052631576,HDAC1
ENSG00000116704,9,7,-0.000512715191993711,0.9794120779816614,2,decreasing,0.7777777777777778,23,0.391304347826087,SLC35D1
ENSG00000125354,9,6,0.0024968277125816327,0.9794120779816614,3,decreasing,0.6666666666666666,24,0.375,SEPTIN6
ENSG00000129657,9,3,0.0077403759195063555,0.9794120779816614,6,increasing,0.6666666666666666,23,0.391304347826087,SEC14L1
ENSG00000131507,9,6,-0.0008162127928943555,0.9794120779816614,3,decreasing,0.6666666666666666,19,0.47368421052631576,NDFIP1
ENSG00000131828,9,6,-0.014196938724186278,0.9794120779816614,3,decreasing,0.6666666666666666,23,0.391304347826087,PDHA1
ENSG00000136560,9,5,0.0054100521931469666,0.9794120779816614,4,decreasing,0.5555555555555556,24,0.375,TANK
ENSG00000141279,9,8,-0.011552294399993399,0.9794120779816614,1,decreasing,0.8888888888888888,24,0.375,NPEPPS
ENSG00000145736,9,3,0.02636856223435067,0.9794120779816614,6,increasing,0.6666666666666666,24,0.375,GTF2H2
ENSG00000147912,9,7,-0.05001432391828082,0.9794120779816614,2,decreasing,0.7777777777777778,22,0.4090909090909091,FBXO10
ENSG00000156026,9,2,0.024151210797818932,0.9794120779816614,7,increasing,0.7777777777777778,24,0.375,MCU
ENSG00000164190,9,4,-0.001900726157188144,0.9794120779816614,5,increasing,0.5555555555555556,24,0.375,NIPBL
ENSG00000176261,9,7,-0.004536321539767311,0.9794120779816614,2,decreasing,0.7777777777777778,18,0.5,ZBTB8OS
ENSG00000196850,9,7,-0.0027292607197041668,0.9794120779816614,2,decreasing,0.7777777777777778,19,0.47368421052631576,PPTC7
ENSG00000198064,9,5,0.0013778179585435446,0.9794120779816614,4,decreasing,0.5555555555555556,24,0.375,NPIPB13
ENSG00000277117,9,7,-0.002563039003127444,0.9794120779816614,2,decreasing,0.7777777777777778,16,0.5625,FP565260.3
ENSG00000288534,9,7,0.010087793404817089,0.9794120779816614,2,decreasing,0.7777777777777778,24,0.375,AP001931.2
ENSG00000205060,9,8,-0.004944993414501489,0.9771925769113395,1,decreasing,0.8888888888888888,21,0.42857142857142855,SLC35B4
ENSG00000018189,9,7,-0.0026484594521556,0.9737102222094963,2,decreasing,0.7777777777777778,24,0.375,RUFY3
ENSG00000038532,9,4,0.008010702428579,0.9737102222094963,5,increasing,0.5555555555555556,24,0.375,CLEC16A
ENSG00000081320,9,9,-0.012046716455641144,0.9737102222094963,0,decreasing,1.0,24,0.375,STK17B
ENSG00000111540,9,5,0.001953301236997466,0.9737102222094963,4,decreasing,0.5555555555555556,22,0.4090909090909091,RAB5B
ENSG00000112282,9,9,-0.005090305658999612,0.9737102222094963,0,decreasing,1.0,22,0.4090909090909091,MED23
ENSG00000116489,9,7,-0.0266016506371779,0.9737102222094963,2,decreasing,0.7777777777777778,24,0.375,CAPZA1
ENSG00000131966,9,7,0.002776732684152577,0.9737102222094963,2,decreasing,0.7777777777777778,20,0.45,ACTR10
ENSG00000132589,9,9,-0.026977322290971967,0.9737102222094963,0,decreasing,1.0,18,0.5,FLOT2
ENSG00000138640,9,7,-0.0034953439258059446,0.9737102222094963,2,decreasing,0.7777777777777778,24,0.375,FAM13A
ENSG00000138750,9,7,-0.0011027280418414223,0.9737102222094963,2,decreasing,0.7777777777777778,23,0.391304347826087,NUP54
ENSG00000143401,9,7,-0.0055941797118274,0.9737102222094963,2,decreasing,0.7777777777777778,24,0.375,ANP32E
ENSG00000144560,9,7,-0.0015379271256127554,0.9737102222094963,2,decreasing,0.7777777777777778,24,0.375,VGLL4
ENSG00000146872,9,7,-0.003532438333273056,0.9737102222094963,2,decreasing,0.7777777777777778,24,0.375,TLK2
ENSG00000153922,9,8,-0.011638119760224866,0.9737102222094963,1,decreasing,0.8888888888888888,24,0.375,CHD1
ENSG00000171045,9,9,-0.005600599449527367,0.9737102222094963,0,decreasing,1.0,18,0.5,TSNARE1
ENSG00000188690,9,8,-0.019776545509527413,0.9737102222094963,1,decreasing,0.8888888888888888,24,0.375,UROS
ENSG00000197622,9,5,0.005982505806193033,0.9737102222094963,4,decreasing,0.5555555555555556,23,0.391304347826087,CDC42SE1
ENSG00000198792,9,5,-0.0011569262268547667,0.9737102222094963,4,decreasing,0.5555555555555556,24,0.375,TMEM184B
ENSG00000255730,9,8,-0.009295158898879089,0.9737102222094963,1,decreasing,0.8888888888888888,24,0.375,AC011462.1
ENSG00000003402,9,5,-0.013595123950180678,0.9702278675076532,4,decreasing,0.5555555555555556,24,0.375,CFLAR
ENSG00000007341,9,6,-0.01788202127144148,0.9702278675076532,3,decreasing,0.6666666666666666,17,0.5294117647058824,ST7L
ENSG00000023228,9,6,-0.011119850341499933,0.9702278675076532,3,decreasing,0.6666666666666666,24,0.375,NDUFS1
ENSG00000054965,9,8,-0.015472926703273989,0.9702278675076532,1,decreasing,0.8888888888888888,24,0.375,FAM168A
ENSG00000068366,9,3,0.025700061294544448,0.9702278675076532,6,increasing,0.6666666666666666,24,0.375,ACSL4
ENSG00000068903,9,6,-0.009867094521712867,0.9702278675076532,3,decreasing,0.6666666666666666,23,0.391304347826087,SIRT2
ENSG00000072786,9,4,0.0122392135866473,0.9702278675076532,5,increasing,0.5555555555555556,23,0.391304347826087,STK10
ENSG00000089123,9,5,0.0007924730544464445,0.9702278675076532,4,decreasing,0.5555555555555556,19,0.47368421052631576,TASP1
ENSG00000090565,9,5,0.007459916797062035,0.9702278675076532,4,decreasing,0.5555555555555556,19,0.47368421052631576,RAB11FIP3
ENSG00000103091,9,7,-0.01419074650109768,0.9702278675076532,2,decreasing,0.7777777777777778,22,0.4090909090909091,WDR59
ENSG00000103187,9,7,-0.03301935826706381,0.9702278675076532,2,decreasing,0.7777777777777778,22,0.4090909090909091,COTL1
ENSG00000107771,9,5,0.006532437497485999,0.9702278675076532,4,decreasing,0.5555555555555556,24,0.375,CCSER2
ENSG00000109381,9,8,-0.0130616027597871,0.9702278675076532,1,decreasing,0.8888888888888888,24,0.375,ELF2
ENSG00000112305,9,3,0.0065390782262307,0.9702278675076532,6,increasing,0.6666666666666666,24,0.375,SMAP1
ENSG00000114648,9,7,-0.0007880829231376891,0.9702278675076532,2,decreasing,0.7777777777777778,23,0.391304347826087,KLHL18
ENSG00000115977,9,6,0.0382970911436463,0.9702278675076532,3,decreasing,0.6666666666666666,23,0.391304347826087,AAK1
ENSG00000116473,9,3,0.022856332721148512,0.9702278675076532,6,increasing,0.6666666666666666,24,0.375,RAP1A
ENSG00000118939,9,8,-0.017293519472172777,0.9702278675076532,1,decreasing,0.8888888888888888,19,0.47368421052631576,UCHL3
ENSG00000135317,9,7,-0.01633436088494032,0.9702278675076532,2,decreasing,0.7777777777777778,19,0.47368421052631576,SNX14
ENSG00000135341,9,6,0.0022699873082461333,0.9702278675076532,3,decreasing,0.6666666666666666,23,0.391304347826087,MAP3K7
ENSG00000141506,9,7,-0.007123445042742121,0.9702278675076532,2,decreasing,0.7777777777777778,24,0.375,PIK3R5
ENSG00000147853,9,8,-0.0033094355101953,0.9702278675076532,1,decreasing,0.8888888888888888,24,0.375,AK3
ENSG00000153214,9,3,0.0036557332632339667,0.9702278675076532,6,increasing,0.6666666666666666,19,0.47368421052631576,TMEM87B
ENSG00000154001,9,9,-0.02051145428192178,0.9702278675076532,0,decreasing,1.0,24,0.375,PPP2R5E
ENSG00000164924,9,4,0.018651852008235176,0.9702278675076532,5,increasing,0.5555555555555556,19,0.47368421052631576,YWHAZ
ENSG00000168385,9,4,0.015670217097329613,0.9702278675076532,5,increasing,0.5555555555555556,17,0.5294117647058824,SEPTIN2
ENSG00000182670,9,5,-0.00040578540935193335,0.9702278675076532,4,decreasing,0.5555555555555556,24,0.375,TTC3
ENSG00000198814,9,5,-0.0019877783407089445,0.9702278675076532,4,decreasing,0.5555555555555556,24,0.375,GK
ENSG00000275052,9,7,-0.034496538334046464,0.9702278675076532,2,decreasing,0.7777777777777778,24,0.375,PPP4R3B
ENSG00000028839,9,8,-0.018784945649321934,0.9680083664373313,1,decreasing,0.8888888888888888,21,0.42857142857142855,TBPL1
ENSG00000109943,9,9,-0.00771149596018929,0.9680083664373313,0,decreasing,1.0,17,0.5294117647058824,CRTAM
ENSG00000124702,9,9,-0.01140091667765889,0.9680083664373313,0,decreasing,1.0,15,0.6,KLHDC3
ENSG00000182541,9,8,-0.0018019299355485888,0.9680083664373313,1,decreasing,0.8888888888888888,21,0.42857142857142855,LIMK2
ENSG00000005893,9,9,-0.004047332440983477,0.9680083664373311,0,decreasing,1.0,24,0.375,LAMP2
ENSG00000070882,9,7,0.0011773398818431219,0.9680083664373311,2,decreasing,0.7777777777777778,23,0.391304347826087,OSBPL3
ENSG00000110077,9,8,-0.0046656580408619775,0.9680083664373311,1,decreasing,0.8888888888888888,20,0.45,MS4A6A
ENSG00000151014,9,9,-0.014462234842137977,0.9680083664373311,0,decreasing,1.0,10,0.9,NOCT
ENSG00000172613,9,9,-0.03078148317638081,0.9680083664373311,0,decreasing,1.0,17,0.5294117647058824,RAD9A
ENSG00000179119,9,8,-0.016295856941740454,0.9680083664373311,1,decreasing,0.8888888888888888,24,0.375,SPTY2D1
ENSG00000179912,9,9,-0.007347606422563011,0.9680083664373311,0,decreasing,1.0,22,0.4090909090909091,R3HDM2
ENSG00000185619,9,8,-0.02402578562208599,0.9680083664373311,1,decreasing,0.8888888888888888,23,0.391304347826087,PCGF3
ENSG00000205744,9,7,-0.005061153920257088,0.9680083664373311,2,decreasing,0.7777777777777778,16,0.5625,DENND1C
ENSG00000005810,9,7,-0.007744233385767988,0.9645260117354879,2,decreasing,0.7777777777777778,19,0.47368421052631576,MYCBP2
ENSG00000007923,9,8,-0.06740386486321853,0.9645260117354879,1,decreasing,0.8888888888888888,24,0.375,DNAJC11
ENSG00000028203,9,8,-0.0041804873033279445,0.9645260117354879,1,decreasing,0.8888888888888888,23,0.391304347826087,VEZT
ENSG00000033800,9,4,-0.0022809291569573665,0.9645260117354879,5,increasing,0.5555555555555556,24,0.375,PIAS1
ENSG00000039319,9,4,0.010047922766451712,0.9645260117354879,5,increasing,0.5555555555555556,24,0.375,ZFYVE16
ENSG00000072110,9,6,-0.005632734607890464,0.9645260117354879,3,decreasing,0.6666666666666666,24,0.375,ACTN1
ENSG00000072364,9,7,-0.0007454008817117443,0.9645260117354879,2,decreasing,0.7777777777777778,23,0.391304347826087,AFF4
ENSG00000092199,9,7,-0.0019093043609487669,0.9645260117354879,2,decreasing,0.7777777777777778,24,0.375,HNRNPC
ENSG00000097033,9,7,0.0014814795223242773,0.9645260117354879,2,decreasing,0.7777777777777778,24,0.375,SH3GLB1
ENSG00000107938,9,7,-0.010366404094668578,0.9645260117354879,2,decreasing,0.7777777777777778,23,0.391304347826087,EDRF1
ENSG00000110321,9,7,-0.0075750382137133665,0.9645260117354879,2,decreasing,0.7777777777777778,22,0.4090909090909091,EIF4G2
ENSG00000110851,9,9,-0.007191760398237778,0.9645260117354879,0,decreasing,1.0,16,0.5625,PRDM4
ENSG00000132953,9,8,-0.005619836090747322,0.9645260117354879,1,decreasing,0.8888888888888888,22,0.4090909090909091,XPO4
ENSG00000151491,9,6,-0.0012937454948693998,0.9645260117354879,3,decreasing,0.6666666666666666,24,0.375,EPS8
ENSG00000164074,9,6,-0.008263899861590132,0.9645260117354879,3,decreasing,0.6666666666666666,24,0.375,ABHD18
ENSG00000171681,9,5,0.02240639164917628,0.9645260117354879,4,decreasing,0.5555555555555556,24,0.375,ATF7IP
ENSG00000172785,9,4,0.0013978184143127667,0.9645260117354879,5,increasing,0.5555555555555556,24,0.375,CBWD1
ENSG00000175727,9,7,-0.0027579202273769776,0.9645260117354879,2,decreasing,0.7777777777777778,22,0.4090909090909091,MLXIP
ENSG00000175806,9,6,-0.003754820147057845,0.9645260117354879,3,decreasing,0.6666666666666666,23,0.391304347826087,MSRA
ENSG00000176623,9,7,-0.003347383846079367,0.9645260117354879,2,decreasing,0.7777777777777778,24,0.375,RMDN1
ENSG00000186566,9,8,-0.041118839469322516,0.9645260117354879,1,decreasing,0.8888888888888888,24,0.375,GPATCH8
ENSG00000221914,9,7,-0.006183616773768688,0.9645260117354879,2,decreasing,0.7777777777777778,19,0.47368421052631576,PPP2R2A
ENSG00000228696,9,7,-0.013778030045146644,0.9645260117354879,2,decreasing,0.7777777777777778,24,0.375,ARL17B
ENSG00000243207,9,9,-0.006186709126579911,0.9645260117354879,0,decreasing,1.0,17,0.5294117647058824,PPAN-P2RY11
ENSG00000083720,9,9,-0.003589364102331267,0.9623065106651661,0,decreasing,1.0,16,0.5625,OXCT1
ENSG00000131725,9,8,-0.002926708818966189,0.9623065106651661,1,decreasing,0.8888888888888888,22,0.4090909090909091,WDR44
ENSG00000135241,9,8,-0.005156569129591911,0.9623065106651661,1,decreasing,0.8888888888888888,23,0.391304347826087,PNPLA8
ENSG00000154822,9,8,-0.003737187844585611,0.9623065106651661,1,decreasing,0.8888888888888888,19,0.47368421052631576,PLCL2
ENSG00000168792,9,9,-0.012999955512826379,0.9623065106651661,0,decreasing,1.0,16,0.5625,ABHD15
ENSG00000100485,9,7,0.005751950690321989,0.9623065106651659,2,decreasing,0.7777777777777778,24,0.375,SOS2
ENSG00000107372,9,9,-0.006767172309534099,0.9623065106651659,0,decreasing,1.0,17,0.5294117647058824,ZFAND5
ENSG00000143772,9,8,-0.0006547934847278887,0.9623065106651659,1,decreasing,0.8888888888888888,18,0.5,ITPKB
ENSG00000157916,9,8,-0.0051456492559338995,0.9623065106651659,1,decreasing,0.8888888888888888,17,0.5294117647058824,RER1
ENSG00000104881,9,9,-0.004778857246519688,0.9588241559633229,0,decreasing,1.0,17,0.5294117647058824,PPP1R13L
ENSG00000153560,9,8,-0.005415781978642789,0.9588241559633229,1,decreasing,0.8888888888888888,23,0.391304347826087,UBP1
ENSG00000163349,9,7,-0.003056015427091289,0.9588241559633229,2,decreasing,0.7777777777777778,18,0.5,HIPK1
ENSG00000165630,9,4,0.003921286593935688,0.9588241559633229,5,increasing,0.5555555555555556,22,0.4090909090909091,PRPF18
ENSG00000172349,9,9,-0.02147673936767443,0.9588241559633229,0,decreasing,1.0,22,0.4090909090909091,IL16
ENSG00000198399,9,8,-0.0016559411020615887,0.9588241559633229,1,decreasing,0.8888888888888888,24,0.375,ITSN2
ENSG00000047346,9,8,-0.002811995305752145,0.9588241559633227,1,decreasing,0.8888888888888888,24,0.375,FAM214A
ENSG00000085224,9,7,-0.0043557444134592555,0.9588241559633227,2,decreasing,0.7777777777777778,24,0.375,ATRX
ENSG00000106560,9,8,-0.0035854896240671446,0.9588241559633227,1,decreasing,0.8888888888888888,17,0.5294117647058824,GIMAP2
ENSG00000118596,9,9,-0.014891172695079133,0.9588241559633227,0,decreasing,1.0,18,0.5,SLC16A7
ENSG00000120533,9,8,-0.0046668128358961555,0.9588241559633227,1,decreasing,0.8888888888888888,18,0.5,ENY2
ENSG00000124172,9,8,-0.0074984298599739445,0.9588241559633227,1,decreasing,0.8888888888888888,18,0.5,ATP5F1E
ENSG00000124203,9,9,-0.004205808491550989,0.9588241559633227,0,decreasing,1.0,24,0.375,ZNF831
ENSG00000131013,9,7,-0.0015001793733227223,0.9588241559633227,2,decreasing,0.7777777777777778,22,0.4090909090909091,PPIL4
ENSG00000131171,9,7,-0.0036538985513075778,0.9588241559633227,2,decreasing,0.7777777777777778,23,0.391304347826087,SH3BGRL
ENSG00000135837,9,6,0.008703847907759223,0.9588241559633227,3,decreasing,0.6666666666666666,23,0.391304347826087,CEP350
ENSG00000137161,9,5,-0.0006770311692434111,0.9588241559633227,4,decreasing,0.5555555555555556,23,0.391304347826087,CNPY3
ENSG00000140836,9,8,-0.0027987165762057556,0.9588241559633227,1,decreasing,0.8888888888888888,24,0.375,ZFHX3
ENSG00000165209,9,8,-0.0027744543978435333,0.9588241559633227,1,decreasing,0.8888888888888888,24,0.375,STRBP
ENSG00000172183,9,5,0.010095669883860589,0.9588241559633227,4,decreasing,0.5555555555555556,24,0.375,ISG20
ENSG00000180628,9,5,-0.0005642769145456888,0.9588241559633227,4,decreasing,0.5555555555555556,23,0.391304347826087,PCGF5
ENSG00000196743,9,6,0.0005975318185851334,0.9588241559633227,3,decreasing,0.6666666666666666,22,0.4090909090909091,GM2A
ENSG00000196814,9,7,-0.002495129200612233,0.9588241559633227,2,decreasing,0.7777777777777778,24,0.375,MVB12B
ENSG00000197912,9,8,-0.005079027293376611,0.9588241559633227,1,decreasing,0.8888888888888888,22,0.4090909090909091,SPG7
ENSG00000198162,9,6,-0.003319214937565455,0.9588241559633227,3,decreasing,0.6666666666666666,24,0.375,MAN1A2
ENSG00000198648,9,7,0.0021782548763000786,0.9588241559633227,2,decreasing,0.7777777777777778,23,0.391304347826087,STK39
ENSG00000284461,9,6,-0.012188445707031812,0.9588241559633227,3,decreasing,0.6666666666666666,24,0.375,AC027644.4
ENSG00000010278,9,7,-0.041960954286792244,0.9553418012614796,2,decreasing,0.7777777777777778,23,0.391304347826087,CD9
ENSG00000018408,9,7,0.00026424627295516725,0.9553418012614796,2,decreasing,0.7777777777777778,19,0.47368421052631576,WWTR1
ENSG00000033327,9,4,-0.0018050379135606666,0.9553418012614796,5,increasing,0.5555555555555556,24,0.375,GAB2
ENSG00000076685,9,8,-0.0036293274223885555,0.9553418012614796,1,decreasing,0.8888888888888888,24,0.375,NT5C2
ENSG00000092871,9,5,-3.176717937858901e-05,0.9553418012614796,4,decreasing,0.5555555555555556,22,0.4090909090909091,RFFL
ENSG00000105053,9,8,-0.03434151596490988,0.9553418012614796,1,decreasing,0.8888888888888888,21,0.42857142857142855,VRK3
ENSG00000112237,9,8,-0.011987745957489878,0.9553418012614796,1,decreasing,0.8888888888888888,19,0.47368421052631576,CCNC
ENSG00000118260,9,8,-0.005100204488075067,0.9553418012614796,1,decreasing,0.8888888888888888,24,0.375,CREB1
ENSG00000128595,9,9,-0.006119409250046122,0.9553418012614796,0,decreasing,1.0,23,0.391304347826087,CALU
ENSG00000128607,9,1,0.01308742480141519,0.9553418012614796,8,increasing,0.8888888888888888,21,0.42857142857142855,KLHDC10
ENSG00000133313,9,4,0.009094143831909533,0.9553418012614796,5,increasing,0.5555555555555556,18,0.5,CNDP2
ENSG00000137947,9,7,-0.006878980235062678,0.9553418012614796,2,decreasing,0.7777777777777778,23,0.391304347826087,GTF2B
ENSG00000138101,9,7,0.008563757480251778,0.9553418012614796,2,decreasing,0.7777777777777778,24,0.375,DTNB
ENSG00000153814,9,6,0.0056043852517438,0.9553418012614796,3,decreasing,0.6666666666666666,24,0.375,JAZF1
ENSG00000162819,9,4,0.004577611636654089,0.9553418012614796,5,increasing,0.5555555555555556,22,0.4090909090909091,BROX
ENSG00000169499,9,6,-0.001638571744280667,0.9553418012614796,3,decreasing,0.6666666666666666,24,0.375,PLEKHA2
ENSG00000169599,9,8,-0.010457564309023889,0.9553418012614796,1,decreasing,0.8888888888888888,23,0.391304347826087,NFU1
ENSG00000176809,9,5,0.0002552845247054555,0.9553418012614796,4,decreasing,0.5555555555555556,19,0.47368421052631576,LRRC37A3
ENSG00000181038,9,7,-0.005549398548541934,0.9553418012614796,2,decreasing,0.7777777777777778,23,0.391304347826087,METTL23
ENSG00000197771,9,5,0.002381312902318489,0.9553418012614796,4,decreasing,0.5555555555555556,22,0.4090909090909091,MCMBP
ENSG00000198060,9,5,0.011177411731325212,0.9553418012614796,4,decreasing,0.5555555555555556,24,0.375,MARCHF5
ENSG00000082805,9,9,-0.006703671016804711,0.9531223001911577,0,decreasing,1.0,24,0.375,ERC1
ENSG00000104237,9,9,-0.011031327365910544,0.9531223001911577,0,decreasing,1.0,18,0.5,RP1
ENSG00000108055,9,6,0.0006883126289446891,0.9531223001911577,3,decreasing,0.6666666666666666,22,0.4090909090909091,SMC3
ENSG00000113273,9,8,-0.0017245087530571668,0.9531223001911577,1,decreasing,0.8888888888888888,23,0.391304347826087,ARSB
ENSG00000124357,9,9,-0.006474089362153078,0.9531223001911577,0,decreasing,1.0,17,0.5294117647058824,NAGK
ENSG00000133195,9,8,-0.02134239609062217,0.9531223001911577,1,decreasing,0.8888888888888888,24,0.375,SLC39A11
ENSG00000135677,9,9,-0.004563193204742856,0.9531223001911577,0,decreasing,1.0,23,0.391304347826087,GNS
ENSG00000135821,9,9,-0.0045180362318396556,0.9531223001911577,0,decreasing,1.0,17,0.5294117647058824,GLUL
ENSG00000138835,9,9,-0.006916936595677778,0.9531223001911577,0,decreasing,1.0,16,0.5625,RGS3
ENSG00000148358,9,7,0.0007297817099245108,0.9531223001911577,2,decreasing,0.7777777777777778,18,0.5,GPR107
ENSG00000150540,9,8,-0.0078582454044082,0.9531223001911577,1,decreasing,0.8888888888888888,20,0.45,HNMT
ENSG00000161671,9,8,-0.010078976661968045,0.9531223001911577,1,decreasing,0.8888888888888888,22,0.4090909090909091,EMC10
ENSG00000177575,9,8,-0.007225005761591889,0.9531223001911577,1,decreasing,0.8888888888888888,19,0.47368421052631576,CD163
ENSG00000181788,9,9,-0.008646846263609667,0.9531223001911577,0,decreasing,1.0,22,0.4090909090909091,SIAH2
ENSG00000213047,9,9,-0.005311174643489378,0.9531223001911577,0,decreasing,1.0,23,0.391304347826087,DENND1B
ENSG00000283189,9,6,-0.0019084393100982217,0.9531223001911577,3,decreasing,0.6666666666666666,20,0.45,AC104452.1
ENSG00000054654,9,5,-0.008624469838065855,0.9496399454893145,4,decreasing,0.5555555555555556,22,0.4090909090909091,SYNE2
ENSG00000065413,9,7,0.03588608022508829,0.9496399454893145,2,decreasing,0.7777777777777778,24,0.375,ANKRD44
ENSG00000080845,9,9,-0.017672027841976856,0.9496399454893145,0,decreasing,1.0,18,0.5,DLGAP4
ENSG00000103534,9,6,-0.0009753539245043444,0.9496399454893145,3,decreasing,0.6666666666666666,19,0.47368421052631576,TMC5
ENSG00000108433,9,8,-0.0026405258138064,0.9496399454893145,1,decreasing,0.8888888888888888,24,0.375,GOSR2
ENSG00000108799,9,9,-0.010814461156615822,0.9496399454893145,0,decreasing,1.0,23,0.391304347826087,EZH1
ENSG00000111371,9,4,0.006669314461335834,0.9496399454893145,5,increasing,0.5555555555555556,24,0.375,SLC38A1
ENSG00000120899,9,5,0.006728501734252655,0.9496399454893145,4,decreasing,0.5555555555555556,23,0.391304347826087,PTK2B
ENSG00000122591,9,7,-0.004214001261826122,0.9496399454893145,2,decreasing,0.7777777777777778,21,0.42857142857142855,FAM126A
ENSG00000123908,9,7,-0.0015785682230020446,0.9496399454893145,2,decreasing,0.7777777777777778,19,0.47368421052631576,AGO2
ENSG00000127314,9,9,-0.0148649365650201,0.9496399454893145,0,decreasing,1.0,23,0.391304347826087,RAP1B
ENSG00000132323,9,4,0.005313967548042,0.9496399454893145,5,increasing,0.5555555555555556,23,0.391304347826087,ILKAP
ENSG00000134152,9,7,0.0007026933494839333,0.9496399454893145,2,decreasing,0.7777777777777778,24,0.375,KATNBL1
ENSG00000134313,9,6,0.007974821858730267,0.9496399454893145,3,decreasing,0.6666666666666666,23,0.391304347826087,KIDINS220
ENSG00000135362,9,8,-0.01053887660564889,0.9496399454893145,1,decreasing,0.8888888888888888,18,0.5,PRR5L
ENSG00000135829,9,5,-2.8284656792211037e-05,0.9496399454893145,4,decreasing,0.5555555555555556,18,0.5,DHX9
ENSG00000137343,9,5,0.0013751555287016888,0.9496399454893145,4,decreasing,0.5555555555555556,22,0.4090909090909091,ATAT1
ENSG00000139597,9,8,-0.01617258394503931,0.9496399454893145,1,decreasing,0.8888888888888888,24,0.375,N4BP2L1
ENSG00000139687,9,8,-0.004082218294317856,0.9496399454893145,1,decreasing,0.8888888888888888,18,0.5,RB1
ENSG00000144224,9,8,-0.011846020898695778,0.9496399454893145,1,decreasing,0.8888888888888888,18,0.5,UBXN4
ENSG00000149212,9,7,-0.004983382584847645,0.9496399454893145,2,decreasing,0.7777777777777778,23,0.391304347826087,SESN3
ENSG00000151694,9,7,-0.005394352879752522,0.9496399454893145,2,decreasing,0.7777777777777778,20,0.45,ADAM17
ENSG00000152291,9,5,0.017207870279329837,0.9496399454893145,4,decreasing,0.5555555555555556,23,0.391304347826087,TGOLN2
ENSG00000154124,9,9,-0.008331013020104956,0.9496399454893145,0,decreasing,1.0,24,0.375,OTULIN
ENSG00000156313,9,8,0.011154321964713122,0.9496399454893145,1,decreasing,0.8888888888888888,21,0.42857142857142855,RPGR
ENSG00000163683,9,8,0.0008203239785601667,0.9496399454893145,1,decreasing,0.8888888888888888,23,0.391304347826087,SMIM14
ENSG00000166471,9,5,0.010897858729786535,0.9496399454893145,4,decreasing,0.5555555555555556,23,0.391304347826087,TMEM41B
ENSG00000168807,9,7,0.006155404656809001,0.9496399454893145,2,decreasing,0.7777777777777778,24,0.375,SNTB2
ENSG00000170085,9,8,-0.008261245670875134,0.9496399454893145,1,decreasing,0.8888888888888888,24,0.375,SIMC1
ENSG00000170325,9,7,-9.23445525892237e-06,0.9496399454893145,2,decreasing,0.7777777777777778,17,0.5294117647058824,PRDM10
ENSG00000170430,9,7,-0.024276362311567344,0.9496399454893145,2,decreasing,0.7777777777777778,22,0.4090909090909091,MGMT
ENSG00000173226,9,4,0.004644504256662745,0.9496399454893145,5,increasing,0.5555555555555556,19,0.47368421052631576,IQCB1
ENSG00000176407,9,6,-0.004705860799604288,0.9496399454893145,3,decreasing,0.6666666666666666,22,0.4090909090909091,KCMF1
ENSG00000204514,9,4,0.0019115343180422224,0.9496399454893145,5,increasing,0.5555555555555556,24,0.375,ZNF814
ENSG00000213020,9,6,-0.0035209421578652556,0.9496399454893145,3,decreasing,0.6666666666666666,24,0.375,ZNF611
ENSG00000023330,9,8,-0.002704734706701989,0.9474204444189928,1,decreasing,0.8888888888888888,20,0.45,ALAS1
ENSG00000104884,9,8,-0.005330771923844233,0.9474204444189928,1,decreasing,0.8888888888888888,14,0.6428571428571429,ERCC2
ENSG00000172322,9,9,-0.007076070019299988,0.9474204444189928,0,decreasing,1.0,16,0.5625,CLEC12A
ENSG00000177879,9,8,-0.004745711972205056,0.9474204444189928,1,decreasing,0.8888888888888888,15,0.6,AP3S1
ENSG00000179889,9,8,-0.0122755983133409,0.9474204444189928,1,decreasing,0.8888888888888888,24,0.375,PDXDC1
ENSG00000254673,9,9,-0.019935326695812952,0.9474204444189928,0,decreasing,1.0,16,0.5625,AC110275.1
ENSG00000067066,9,8,-0.0013427252168204445,0.9439380897171495,1,decreasing,0.8888888888888888,23,0.391304347826087,SP100
ENSG00000113312,9,9,-0.0070061756822022885,0.9439380897171495,0,decreasing,1.0,17,0.5294117647058824,TTC1
ENSG00000131779,9,9,-0.011690005636557222,0.9439380897171495,0,decreasing,1.0,19,0.47368421052631576,PEX11B
ENSG00000196782,9,9,-0.004206719446981744,0.9439380897171495,0,decreasing,1.0,24,0.375,MAML3
ENSG00000007392,9,9,-0.004271691911037622,0.9439380897171493,0,decreasing,1.0,18,0.5,LUC7L
ENSG00000053918,9,4,-0.0007864340106144663,0.9439380897171493,5,increasing,0.5555555555555556,23,0.391304347826087,KCNQ1
ENSG00000062485,9,6,0.00927373561927989,0.9439380897171493,3,decreasing,0.6666666666666666,23,0.391304347826087,CS
ENSG00000068724,9,7,-0.002397245632115089,0.9439380897171493,2,decreasing,0.7777777777777778,21,0.42857142857142855,TTC7A
ENSG00000070476,9,6,0.0072980496351247,0.9439380897171493,3,decreasing,0.6666666666666666,20,0.45,ZXDC
ENSG00000076554,9,5,-0.0014716359609765553,0.9439380897171493,4,decreasing,0.5555555555555556,19,0.47368421052631576,TPD52
ENSG00000101109,9,5,-0.002528017579999056,0.9439380897171493,4,decreasing,0.5555555555555556,24,0.375,STK4
ENSG00000119048,9,9,-0.02947648840767751,0.9439380897171493,0,decreasing,1.0,23,0.391304347826087,UBE2B
ENSG00000119953,9,9,-0.009156336113183288,0.9439380897171493,0,decreasing,1.0,16,0.5625,SMNDC1
ENSG00000122359,9,9,-0.0043529049686177,0.9439380897171493,0,decreasing,1.0,19,0.47368421052631576,ANXA11
ENSG00000125482,9,8,-0.006098241787371044,0.9439380897171493,1,decreasing,0.8888888888888888,18,0.5,TTF1
ENSG00000125952,9,8,-0.004830842353437767,0.9439380897171493,1,decreasing,0.8888888888888888,24,0.375,MAX
ENSG00000128699,9,9,-0.02810833366709561,0.9439380897171493,0,decreasing,1.0,14,0.6428571428571429,ORMDL1
ENSG00000130520,9,5,-0.0009547169315358445,0.9439380897171493,4,decreasing,0.5555555555555556,22,0.4090909090909091,LSM4
ENSG00000132670,9,9,-0.007944760442636822,0.9439380897171493,0,decreasing,1.0,21,0.42857142857142855,PTPRA
ENSG00000133193,9,9,-0.0053306283946935006,0.9439380897171493,0,decreasing,1.0,19,0.47368421052631576,FAM104A
ENSG00000139517,9,6,0.011465108466048889,0.9439380897171493,3,decreasing,0.6666666666666666,24,0.375,LNX2
ENSG00000139842,9,9,-0.010841782025528655,0.9439380897171493,0,decreasing,1.0,22,0.4090909090909091,CUL4A
ENSG00000140386,9,5,0.012458432768188678,0.9439380897171493,4,decreasing,0.5555555555555556,23,0.391304347826087,SCAPER
ENSG00000141376,9,9,-0.005069621599561911,0.9439380897171493,0,decreasing,1.0,24,0.375,BCAS3
ENSG00000141968,9,9,-0.016622809495351644,0.9439380897171493,0,decreasing,1.0,24,0.375,VAV1
ENSG00000144036,9,9,-0.027609950508288225,0.9439380897171493,0,decreasing,1.0,18,0.5,EXOC6B
ENSG00000154016,9,9,-0.012312213993670322,0.9439380897171493,0,decreasing,1.0,16,0.5625,GRAP
ENSG00000156170,9,8,-0.0072911094680235666,0.9439380897171493,1,decreasing,0.8888888888888888,18,0.5,NDUFAF6
ENSG00000162511,9,8,-0.006426952519221488,0.9439380897171493,1,decreasing,0.8888888888888888,21,0.42857142857142855,LAPTM5
ENSG00000177311,9,8,-0.003587984317029422,0.9439380897171493,1,decreasing,0.8888888888888888,24,0.375,ZBTB38
ENSG00000177463,9,8,-0.008112336195970356,0.9439380897171493,1,decreasing,0.8888888888888888,22,0.4090909090909091,NR2C2
ENSG00000179454,9,8,-0.0021194044262616996,0.9439380897171493,1,decreasing,0.8888888888888888,22,0.4090909090909091,KLHL28
ENSG00000185420,9,8,-0.005663479315833778,0.9439380897171493,1,decreasing,0.8888888888888888,24,0.375,SMYD3
ENSG00000188529,9,8,-0.007562832540954733,0.9439380897171493,1,decreasing,0.8888888888888888,22,0.4090909090909091,SRSF10
ENSG00000196182,9,7,-0.011667467652646233,0.9439380897171493,2,decreasing,0.7777777777777778,23,0.391304347826087,STK40
ENSG00000197766,9,7,-0.0026780393497307115,0.9439380897171493,2,decreasing,0.7777777777777778,22,0.4090909090909091,CFD
ENSG00000263809,9,9,-0.005675739411406922,0.9439380897171493,0,decreasing,1.0,18,0.5,AC135178.3
ENSG00000280987,9,8,-0.0036621440041626663,0.9439380897171493,1,decreasing,0.8888888888888888,23,0.391304347826087,MATR3
ENSG00000085788,9,9,-0.01838995362454551,0.9417185886468276,0,decreasing,1.0,14,0.6428571428571429,DDHD2
ENSG00000122641,9,8,-0.003009168892742867,0.9417185886468276,1,decreasing,0.8888888888888888,22,0.4090909090909091,INHBA
ENSG00000064313,9,4,0.011622806441957888,0.9404557350153061,5,increasing,0.5555555555555556,24,0.375,TAF2
ENSG00000065613,9,4,0.012416209098446578,0.9404557350153061,5,increasing,0.5555555555555556,22,0.4090909090909091,SLK
ENSG00000066336,9,9,-0.02119977855887268,0.9404557350153061,0,decreasing,1.0,20,0.45,SPI1
ENSG00000066933,9,5,0.0037123359384280776,0.9404557350153061,4,decreasing,0.5555555555555556,23,0.391304347826087,MYO9A
ENSG00000076641,9,7,-0.007732027848687478,0.9404557350153061,2,decreasing,0.7777777777777778,24,0.375,PAG1
ENSG00000078124,9,7,-0.014582536442335755,0.9404557350153061,2,decreasing,0.7777777777777778,24,0.375,ACER3
ENSG00000080802,9,6,-0.0021067775411764,0.9404557350153061,3,decreasing,0.6666666666666666,23,0.391304347826087,CNOT4
ENSG00000085365,9,9,-0.007516381495868577,0.9404557350153061,0,decreasing,1.0,19,0.47368421052631576,SCAMP1
ENSG00000100731,9,8,-0.008876783733415088,0.9404557350153061,1,decreasing,0.8888888888888888,24,0.375,PCNX1
ENSG00000105186,9,8,-0.014801713971226578,0.9404557350153061,1,decreasing,0.8888888888888888,24,0.375,ANKRD27
ENSG00000111266,9,8,-0.006761805552895089,0.9404557350153061,1,decreasing,0.8888888888888888,24,0.375,DUSP16
ENSG00000115415,9,8,-0.004299378226900044,0.9404557350153061,1,decreasing,0.8888888888888888,24,0.375,STAT1
ENSG00000119318,9,7,0.0033801169295395003,0.9404557350153061,2,decreasing,0.7777777777777778,24,0.375,RAD23B
ENSG00000119686,9,7,-0.0005447881500090333,0.9404557350153061,2,decreasing,0.7777777777777778,22,0.4090909090909091,FLVCR2
ENSG00000125844,9,6,-0.016408954759008644,0.9404557350153061,3,decreasing,0.6666666666666666,23,0.391304347826087,RRBP1
ENSG00000127804,9,7,-0.0009028302024403553,0.9404557350153061,2,decreasing,0.7777777777777778,22,0.4090909090909091,METTL16
ENSG00000136371,9,6,0.0004255733983686776,0.9404557350153061,3,decreasing,0.6666666666666666,23,0.391304347826087,MTHFS
ENSG00000140396,9,8,-0.007169470567755522,0.9404557350153061,1,decreasing,0.8888888888888888,24,0.375,NCOA2
ENSG00000143376,9,7,-0.008155905112092722,0.9404557350153061,2,decreasing,0.7777777777777778,24,0.375,SNX27
ENSG00000146909,9,5,-0.004878461953770201,0.9404557350153061,4,decreasing,0.5555555555555556,19,0.47368421052631576,NOM1
ENSG00000151779,9,8,-0.006790964603599434,0.9404557350153061,1,decreasing,0.8888888888888888,19,0.47368421052631576,NBAS
ENSG00000155629,9,9,-0.008397424895087222,0.9404557350153061,0,decreasing,1.0,22,0.4090909090909091,PIK3AP1
ENSG00000158019,9,8,-0.004738527666090477,0.9404557350153061,1,decreasing,0.8888888888888888,19,0.47368421052631576,BABAM2
ENSG00000162616,9,7,0.0004291236714906666,0.9404557350153061,2,decreasing,0.7777777777777778,21,0.42857142857142855,DNAJB4
ENSG00000175029,9,8,-0.01159059095511831,0.9404557350153061,1,decreasing,0.8888888888888888,24,0.375,CTBP2
ENSG00000176463,9,9,-0.007177371975567044,0.9404557350153061,0,decreasing,1.0,19,0.47368421052631576,SLCO3A1
ENSG00000177853,9,7,-0.0008319633375128221,0.9404557350153061,2,decreasing,0.7777777777777778,24,0.375,ZNF518A
ENSG00000181704,9,8,-0.008655876920666434,0.9404557350153061,1,decreasing,0.8888888888888888,18,0.5,YIPF6
ENSG00000197329,9,7,-4.367774562752232e-05,0.9404557350153061,2,decreasing,0.7777777777777778,19,0.47368421052631576,PELI1
ENSG00000198874,9,9,-0.0273208085077093,0.9404557350153061,0,decreasing,1.0,24,0.375,TYW1
ENSG00000234127,9,4,-0.0006540696068627891,0.9404557350153061,5,increasing,0.5555555555555556,24,0.375,TRIM26
ENSG00000241399,9,7,0.023263120344512934,0.9404557350153061,2,decreasing,0.7777777777777778,21,0.42857142857142855,CD302
ENSG00000248592,9,8,-0.011194154618282545,0.9404557350153061,1,decreasing,0.8888888888888888,19,0.47368421052631576,STIMATE-MUSTN1
ENSG00000249437,9,6,-0.0005239345495632775,0.9404557350153061,3,decreasing,0.6666666666666666,23,0.391304347826087,NAIP
ENSG00000288558,9,9,-0.010969862478791233,0.9404557350153061,0,decreasing,1.0,22,0.4090909090909091,DUS4L-BCAP29
ENSG00000054118,9,7,-0.00708574594305059,0.9382362339449843,2,decreasing,0.7777777777777778,23,0.391304347826087,THRAP3
ENSG00000070718,9,9,-0.015028457474122967,0.9382362339449843,0,decreasing,1.0,21,0.42857142857142855,AP3M2
ENSG00000100528,9,8,-0.004886357431948811,0.9382362339449843,1,decreasing,0.8888888888888888,24,0.375,CNIH1
ENSG00000105329,9,8,-0.005896618069959745,0.9382362339449843,1,decreasing,0.8888888888888888,24,0.375,TGFB1
ENSG00000121766,9,8,-0.009573699993879255,0.9382362339449843,1,decreasing,0.8888888888888888,22,0.4090909090909091,ZCCHC17
ENSG00000122882,9,6,-0.00840669680353371,0.9382362339449843,3,decreasing,0.6666666666666666,23,0.391304347826087,ECD
ENSG00000125740,9,9,-0.005271479063509056,0.9382362339449843,0,decreasing,1.0,18,0.5,FOSB
ENSG00000133392,9,9,-0.005189212196702166,0.9382362339449843,0,decreasing,1.0,14,0.6428571428571429,MYH11
ENSG00000137842,9,8,0.00036656597317513326,0.9382362339449843,1,decreasing,0.8888888888888888,22,0.4090909090909091,TMEM62
ENSG00000138002,9,8,-0.007910612600425733,0.9382362339449843,1,decreasing,0.8888888888888888,20,0.45,IFT172
ENSG00000140521,9,9,-0.0259960198085872,0.9382362339449843,0,decreasing,1.0,16,0.5625,POLG
ENSG00000162496,9,8,-0.003954230349030667,0.9382362339449843,1,decreasing,0.8888888888888888,23,0.391304347826087,DHRS3
ENSG00000166478,9,8,-0.002635962517261522,0.9382362339449843,1,decreasing,0.8888888888888888,20,0.45,ZNF143
ENSG00000166582,9,8,-0.003031032121070622,0.9382362339449843,1,decreasing,0.8888888888888888,19,0.47368421052631576,CENPV
ENSG00000166997,9,8,-0.004474920991287956,0.9382362339449843,1,decreasing,0.8888888888888888,14,0.6428571428571429,CNPY4
ENSG00000172081,9,9,-0.003601105082102956,0.9382362339449843,0,decreasing,1.0,21,0.42857142857142855,MOB3A
ENSG00000185591,9,9,-0.018006468926902986,0.9382362339449843,0,decreasing,1.0,16,0.5625,SP1
ENSG00000103502,9,9,-0.004518901444457466,0.9382362339449841,0,decreasing,1.0,18,0.5,CDIPT
ENSG00000125772,9,9,-0.010318995841136588,0.9382362339449841,0,decreasing,1.0,24,0.375,GPCPD1
ENSG00000130304,9,8,-0.003787990558634733,0.9382362339449841,1,decreasing,0.8888888888888888,20,0.45,SLC27A1
ENSG00000139354,9,8,0.011074174335143844,0.9382362339449841,1,decreasing,0.8888888888888888,15,0.6,GAS2L3
ENSG00000107736,9,9,-0.012128180428763945,0.9360167328746625,0,decreasing,1.0,20,0.45,CDH23
ENSG00000007047,9,8,-0.0028330034353157333,0.9347538792431411,1,decreasing,0.8888888888888888,19,0.47368421052631576,MARK4
ENSG00000085511,9,6,-0.00684533987322632,0.9347538792431411,3,decreasing,0.6666666666666666,18,0.5,MAP3K4
ENSG00000115998,9,5,0.002706146295146845,0.9347538792431411,4,decreasing,0.5555555555555556,23,0.391304347826087,C2orf42
ENSG00000119231,9,7,-0.0036054905191035885,0.9347538792431411,2,decreasing,0.7777777777777778,24,0.375,SENP5
ENSG00000125037,9,8,-0.0026112417092322,0.9347538792431411,1,decreasing,0.8888888888888888,19,0.47368421052631576,EMC3
ENSG00000143226,9,6,-0.018150787764578943,0.9347538792431411,3,decreasing,0.6666666666666666,20,0.45,FCGR2A
ENSG00000153201,9,7,-0.002511474883303678,0.9347538792431411,2,decreasing,0.7777777777777778,19,0.47368421052631576,RANBP2
ENSG00000154447,9,8,-0.002840792766207078,0.9347538792431411,1,decreasing,0.8888888888888888,22,0.4090909090909091,SH3RF1
ENSG00000158669,9,8,-0.004324421235450589,0.9347538792431411,1,decreasing,0.8888888888888888,21,0.42857142857142855,GPAT4
ENSG00000162407,9,8,-0.008318269018439954,0.9347538792431411,1,decreasing,0.8888888888888888,18,0.5,PLPP3
ENSG00000171928,9,8,-0.011184159549222755,0.9347538792431411,1,decreasing,0.8888888888888888,23,0.391304347826087,TVP23B
ENSG00000185219,9,9,-0.023448213228742854,0.9347538792431411,0,decreasing,1.0,15,0.6,ZNF445
ENSG00000186298,9,6,-0.001658901051158111,0.9347538792431411,3,decreasing,0.6666666666666666,22,0.4090909090909091,PPP1CC
ENSG00000005059,9,9,-0.014352361034895879,0.9347538792431409,0,decreasing,1.0,22,0.4090909090909091,MCUB
ENSG00000057663,9,6,-0.00048395003373959974,0.9347538792431409,3,decreasing,0.6666666666666666,21,0.42857142857142855,ATG5
ENSG00000087365,9,6,-0.0010354409508120674,0.9347538792431409,3,decreasing,0.6666666666666666,23,0.391304347826087,SF3B2
ENSG00000092439,9,6,-0.0013577025252483445,0.9347538792431409,3,decreasing,0.6666666666666666,24,0.375,TRPM7
ENSG00000108587,9,8,-0.01350075526794258,0.9347538792431409,1,decreasing,0.8888888888888888,21,0.42857142857142855,GOSR1
ENSG00000109436,9,9,-0.0106222893625243,0.9347538792431409,0,decreasing,1.0,24,0.375,TBC1D9
ENSG00000112685,9,6,0.040066428068727206,0.9347538792431409,3,decreasing,0.6666666666666666,24,0.375,EXOC2
ENSG00000138674,9,7,-0.0028917169383689224,0.9347538792431409,2,decreasing,0.7777777777777778,24,0.375,SEC31A
ENSG00000140632,9,9,-0.0040826912671692445,0.9347538792431409,0,decreasing,1.0,24,0.375,GLYR1
ENSG00000147996,9,6,0.00038952438686046655,0.9347538792431409,3,decreasing,0.6666666666666666,17,0.5294117647058824,CBWD5
ENSG00000150938,9,8,-0.0007720264839432336,0.9347538792431409,1,decreasing,0.8888888888888888,23,0.391304347826087,CRIM1
ENSG00000166128,9,9,-0.00983793922629599,0.9347538792431409,0,decreasing,1.0,24,0.375,RAB8B
ENSG00000185716,9,9,-0.01673398704943649,0.9347538792431409,0,decreasing,1.0,23,0.391304347826087,MOSMO
ENSG00000189152,9,9,-0.020343783234460712,0.9347538792431409,0,decreasing,1.0,17,0.5294117647058824,GRAPL
ENSG00000204178,9,7,-0.001787459366384389,0.9347538792431409,2,decreasing,0.7777777777777778,23,0.391304347826087,MACO1
ENSG00000100796,9,9,-0.003940752685177756,0.9325343781728191,0,decreasing,1.0,22,0.4090909090909091,PPP4R3A
ENSG00000119801,9,9,-0.004705438309771367,0.9325343781728191,0,decreasing,1.0,22,0.4090909090909091,YPEL5
ENSG00000130038,9,9,-0.012537339370369344,0.9325343781728191,0,decreasing,1.0,17,0.5294117647058824,CRACR2A
ENSG00000145287,9,9,-0.003290780859980811,0.9325343781728191,0,decreasing,1.0,20,0.45,PLAC8
ENSG00000150907,9,9,-0.005065469914030545,0.9325343781728191,0,decreasing,1.0,17,0.5294117647058824,FOXO1
ENSG00000189190,9,9,-0.007943853180755488,0.9325343781728191,0,decreasing,1.0,17,0.5294117647058824,ZNF600
ENSG00000056586,9,9,-0.0049187521589669336,0.9290520234709759,0,decreasing,1.0,24,0.375,RC3H2
ENSG00000062650,9,9,-0.004358458677350256,0.9290520234709759,0,decreasing,1.0,24,0.375,WAPL
ENSG00000103978,9,8,-0.005984175348732256,0.9290520234709759,1,decreasing,0.8888888888888888,24,0.375,TMEM87A
ENSG00000105552,9,7,-0.004540438263257211,0.9290520234709759,2,decreasing,0.7777777777777778,16,0.5625,BCAT2
ENSG00000108474,9,9,-0.01015604196874959,0.9290520234709759,0,decreasing,1.0,20,0.45,PIGL
ENSG00000113532,9,8,-0.004616752273841666,0.9290520234709759,1,decreasing,0.8888888888888888,24,0.375,ST8SIA4
ENSG00000123146,9,9,-0.005972442185252077,0.9290520234709759,0,decreasing,1.0,23,0.391304347826087,ADGRE5
ENSG00000131873,9,9,-0.0553366809721021,0.9290520234709759,0,decreasing,1.0,20,0.45,CHSY1
ENSG00000138660,9,7,-0.0032585017887241555,0.9290520234709759,2,decreasing,0.7777777777777778,20,0.45,AP1AR
ENSG00000149541,9,8,-0.00955638661796429,0.9290520234709759,1,decreasing,0.8888888888888888,16,0.5625,B3GAT3
ENSG00000161011,9,7,0.003263938132167545,0.9290520234709759,2,decreasing,0.7777777777777778,19,0.47368421052631576,SQSTM1
ENSG00000163348,9,9,-0.009462074375466211,0.9290520234709759,0,decreasing,1.0,15,0.6,PYGO2
ENSG00000169398,9,7,0.005460094523660268,0.9290520234709759,2,decreasing,0.7777777777777778,17,0.5294117647058824,PTK2
ENSG00000170471,9,9,-0.02326310612749963,0.9290520234709759,0,decreasing,1.0,19,0.47368421052631576,RALGAPB
ENSG00000179532,9,9,-0.0058875958061105,0.9290520234709759,0,decreasing,1.0,17,0.5294117647058824,DNHD1
ENSG00000275740,9,8,-0.009803402698815068,0.9290520234709759,1,decreasing,0.8888888888888888,19,0.47368421052631576,AC091959.3
ENSG00000188906,9,6,0.008594355517223436,0.9268325224006541,3,decreasing,0.6666666666666666,21,0.42857142857142855,LRRK2
ENSG00000044115,9,6,-0.0012339833143680558,0.9255696687691327,3,decreasing,0.6666666666666666,22,0.4090909090909091,CTNNA1
ENSG00000068354,9,8,-0.0014973189041310895,0.9255696687691327,1,decreasing,0.8888888888888888,23,0.391304347826087,TBC1D25
ENSG00000069956,9,9,-0.021329286943874308,0.9255696687691327,0,decreasing,1.0,18,0.5,MAPK6
ENSG00000085491,9,9,-0.005762623928978822,0.9255696687691327,0,decreasing,1.0,22,0.4090909090909091,SLC25A24
ENSG00000102158,9,6,0.023182201975820545,0.9255696687691327,3,decreasing,0.6666666666666666,23,0.391304347826087,MAGT1
ENSG00000102189,9,9,-0.022260169981903433,0.9255696687691327,0,decreasing,1.0,24,0.375,EEA1
ENSG00000109689,9,7,-0.0010988445141154,0.9255696687691327,2,decreasing,0.7777777777777778,23,0.391304347826087,STIM2
ENSG00000118363,9,5,-0.0011045309214443222,0.9255696687691327,4,decreasing,0.5555555555555556,18,0.5,SPCS2
ENSG00000123600,9,8,-0.014848481744248678,0.9255696687691327,1,decreasing,0.8888888888888888,23,0.391304347826087,METTL8
ENSG00000123636,9,6,0.006969200639648033,0.9255696687691327,3,decreasing,0.6666666666666666,24,0.375,BAZ2B
ENSG00000124198,9,7,-0.0021466709081043667,0.9255696687691327,2,decreasing,0.7777777777777778,18,0.5,ARFGEF2
ENSG00000130363,9,8,-0.007056414424534756,0.9255696687691327,1,decreasing,0.8888888888888888,22,0.4090909090909091,RSPH3
ENSG00000131018,9,7,0.006303961416540779,0.9255696687691327,2,decreasing,0.7777777777777778,24,0.375,SYNE1
ENSG00000137492,9,8,-0.0017889392781207008,0.9255696687691327,1,decreasing,0.8888888888888888,23,0.391304347826087,THAP12
ENSG00000140853,9,6,0.0041506473572917,0.9255696687691327,3,decreasing,0.6666666666666666,23,0.391304347826087,NLRC5
ENSG00000143324,9,9,-0.008296906953370622,0.9255696687691327,0,decreasing,1.0,24,0.375,XPR1
ENSG00000144504,9,5,0.004350258067928666,0.9255696687691327,4,decreasing,0.5555555555555556,17,0.5294117647058824,ANKMY1
ENSG00000152422,9,8,-0.010297541037343167,0.9255696687691327,1,decreasing,0.8888888888888888,20,0.45,XRCC4
ENSG00000153006,9,8,-0.004360235717286,0.9255696687691327,1,decreasing,0.8888888888888888,21,0.42857142857142855,SREK1IP1
ENSG00000155849,9,8,0.008794982836702702,0.9255696687691327,1,decreasing,0.8888888888888888,23,0.391304347826087,ELMO1
ENSG00000164221,9,8,0.004888643665862044,0.9255696687691327,1,decreasing,0.8888888888888888,19,0.47368421052631576,CCDC112
ENSG00000165714,9,9,-0.019426656935472842,0.9255696687691327,0,decreasing,1.0,24,0.375,BORCS5
ENSG00000169118,9,7,-0.013547627661834486,0.9255696687691327,2,decreasing,0.7777777777777778,22,0.4090909090909091,CSNK1G1
ENSG00000182054,9,8,-0.0019461316037064557,0.9255696687691327,1,decreasing,0.8888888888888888,21,0.42857142857142855,IDH2
ENSG00000198898,9,7,-0.015472774696076044,0.9255696687691327,2,decreasing,0.7777777777777778,24,0.375,CAPZA2
ENSG00000204842,9,8,-0.00914047322081109,0.9255696687691327,1,decreasing,0.8888888888888888,24,0.375,ATXN2
ENSG00000238083,9,8,-0.004921591110995333,0.9255696687691327,1,decreasing,0.8888888888888888,23,0.391304347826087,LRRC37A2
ENSG00000027697,9,8,-0.0036794576546956004,0.923350167698811,1,decreasing,0.8888888888888888,22,0.4090909090909091,IFNGR1
ENSG00000073008,9,8,-0.0049767268666503555,0.923350167698811,1,decreasing,0.8888888888888888,15,0.6,PVR
ENSG00000078674,9,8,-0.0033123037253101556,0.923350167698811,1,decreasing,0.8888888888888888,22,0.4090909090909091,PCM1
ENSG00000124486,9,8,-0.007121071846041644,0.923350167698811,1,decreasing,0.8888888888888888,22,0.4090909090909091,USP9X
ENSG00000144744,9,9,-0.008729748393356867,0.923350167698811,0,decreasing,1.0,17,0.5294117647058824,UBA3
ENSG00000156931,9,9,-0.0035110268225744443,0.923350167698811,0,decreasing,1.0,21,0.42857142857142855,VPS8
ENSG00000182359,9,9,-0.0067500234690448776,0.923350167698811,0,decreasing,1.0,14,0.6428571428571429,KBTBD3
ENSG00000183323,9,9,-0.0030524797987282666,0.923350167698811,0,decreasing,1.0,17,0.5294117647058824,CCDC125
ENSG00000186088,9,9,-0.002699472154296178,0.923350167698811,0,decreasing,1.0,21,0.42857142857142855,GSAP
ENSG00000189350,9,9,-0.0037532865062135778,0.923350167698811,0,decreasing,1.0,21,0.42857142857142855,TOGARAM2
ENSG00000197070,9,9,-0.0041114004849797,0.923350167698811,0,decreasing,1.0,15,0.6,ARRDC1
ENSG00000068308,9,5,0.006995581831716866,0.9198678129969675,4,decreasing,0.5555555555555556,24,0.375,OTUD5
ENSG00000101773,9,9,-0.02203669638549362,0.9198678129969675,0,decreasing,1.0,21,0.42857142857142855,RBBP8
ENSG00000110583,9,8,-0.011171674349875356,0.9198678129969675,1,decreasing,0.8888888888888888,19,0.47368421052631576,NAA40
ENSG00000159216,9,6,0.023252157767486535,0.9198678129969675,3,decreasing,0.6666666666666666,22,0.4090909090909091,RUNX1
ENSG00000160746,9,8,-0.006092103625612333,0.9198678129969675,1,decreasing,0.8888888888888888,21,0.42857142857142855,ANO10
ENSG00000162434,9,9,-0.024880545195826775,0.9198678129969675,0,decreasing,1.0,24,0.375,JAK1
ENSG00000164023,9,8,-0.0032515686739330667,0.9198678129969675,1,decreasing,0.8888888888888888,24,0.375,SGMS2
ENSG00000173889,9,8,-0.012081596601188543,0.9198678129969675,1,decreasing,0.8888888888888888,22,0.4090909090909091,PHC3
ENSG00000176102,9,9,-0.0409624274692972,0.9198678129969675,0,decreasing,1.0,16,0.5625,CSTF3
ENSG00000196586,9,8,-0.015774641302965575,0.9198678129969675,1,decreasing,0.8888888888888888,21,0.42857142857142855,MYO6
ENSG00000197747,9,8,-0.0045340215206102225,0.9198678129969675,1,decreasing,0.8888888888888888,22,0.4090909090909091,S100A10
ENSG00000266412,9,7,-0.0035346096294389226,0.9198678129969675,2,decreasing,0.7777777777777778,17,0.5294117647058824,NCOA4
ENSG00000106635,9,9,-0.004562199884876222,0.9176483119266456,0,decreasing,1.0,15,0.6,BCL7B
ENSG00000137210,9,9,-0.003117539782682722,0.9176483119266456,0,decreasing,1.0,17,0.5294117647058824,TMEM14B
ENSG00000181381,9,9,-0.005188824995542733,0.9176483119266456,0,decreasing,1.0,22,0.4090909090909091,DDX60L
ENSG00000103064,9,9,-0.004166863235333055,0.9141659572248025,0,decreasing,1.0,23,0.391304347826087,SLC7A6
ENSG00000112297,9,9,-0.006928108347922066,0.9141659572248025,0,decreasing,1.0,21,0.42857142857142855,CRYBG1
ENSG00000119778,9,9,-0.01624466270541151,0.9141659572248025,0,decreasing,1.0,21,0.42857142857142855,ATAD2B
ENSG00000165071,9,9,-0.013465029752135356,0.9141659572248025,0,decreasing,1.0,23,0.391304347826087,TMEM71
ENSG00000169629,9,7,-0.004973742399484622,0.9141659572248025,2,decreasing,0.7777777777777778,22,0.4090909090909091,RGPD8
ENSG00000172243,9,9,-0.008249584753083655,0.9141659572248025,0,decreasing,1.0,17,0.5294117647058824,CLEC7A
ENSG00000180891,9,9,-0.005614372932058467,0.9141659572248025,0,decreasing,1.0,16,0.5625,CUEDC1
ENSG00000189171,9,8,-0.008774744027322333,0.9141659572248025,1,decreasing,0.8888888888888888,16,0.5625,S100A13
ENSG00000128708,9,9,-0.002750209414663378,0.9119464561544807,0,decreasing,1.0,20,0.45,HAT1
ENSG00000101336,9,9,-0.005102273570121433,0.9106836025229591,0,decreasing,1.0,23,0.391304347826087,HCK
ENSG00000113269,9,9,-0.01027606886372861,0.9106836025229591,0,decreasing,1.0,19,0.47368421052631576,RNF130
ENSG00000119906,9,8,-0.02103363509988749,0.9106836025229591,1,decreasing,0.8888888888888888,18,0.5,SLF2
ENSG00000137857,9,9,-0.007232187198385855,0.9106836025229591,0,decreasing,1.0,17,0.5294117647058824,DUOX1
ENSG00000141252,9,7,-0.010038070496372144,0.9106836025229591,2,decreasing,0.7777777777777778,22,0.4090909090909091,VPS53
ENSG00000162959,9,8,-0.04188268388606518,0.9106836025229591,1,decreasing,0.8888888888888888,22,0.4090909090909091,MEMO1
ENSG00000164815,9,9,-0.006797762467599444,0.9106836025229591,0,decreasing,1.0,22,0.4090909090909091,ORC5
ENSG00000169554,9,9,-0.0032036163263647333,0.9106836025229591,0,decreasing,1.0,24,0.375,ZEB2
ENSG00000188641,9,9,-0.023988225663397356,0.9106836025229591,0,decreasing,1.0,24,0.375,DPYD
ENSG00000135655,9,8,-0.020019551855114625,0.9084641014526373,1,decreasing,0.8888888888888888,24,0.375,USP15
ENSG00000080546,9,9,-0.0040735750299677,0.9049817467507941,0,decreasing,1.0,19,0.47368421052631576,SESN1
ENSG00000127329,9,9,-0.002614907702198322,0.9049817467507941,0,decreasing,1.0,15,0.6,PTPRB
ENSG00000144535,9,6,-0.010525880617585411,0.9049817467507941,3,decreasing,0.6666666666666666,17,0.5294117647058824,DIS3L2
ENSG00000099250,9,8,-0.028134586734506434,0.8957975362767857,1,decreasing,0.8888888888888888,21,0.42857142857142855,NRP1
ENSG00000101464,9,8,-0.02715630203802719,0.8957975362767857,1,decreasing,0.8888888888888888,17,0.5294117647058824,PIGU
ENSG00000102763,9,9,-0.014764261689633922,0.8957975362767857,0,decreasing,1.0,22,0.4090909090909091,VWA8
ENSG00000104325,9,8,-0.010309132670905856,0.8957975362767857,1,decreasing,0.8888888888888888,22,0.4090909090909091,DECR1
ENSG00000197943,9,9,-0.007603359586905334,0.8957975362767857,0,decreasing,1.0,22,0.4090909090909091,PLCG2
ENSG00000114013,9,9,-0.005230387548464322,0.8809114700306122,0,decreasing,1.0,17,0.5294117647058824,CD86
ENSG00000049247,8,2,0.007755094621395925,1.0,6,increasing,0.75,15,0.5333333333333333,UTS2
ENSG00000101745,8,3,0.0030776446972799122,1.0,5,increasing,0.625,22,0.36363636363636365,ANKRD12
ENSG00000124496,8,8,-0.05073667887393569,1.0,0,decreasing,1.0,24,0.3333333333333333,TRERF1
ENSG00000135387,8,5,0.0016610759317770125,1.0,3,decreasing,0.625,24,0.3333333333333333,CAPRIN1
ENSG00000138413,8,5,0.0027965866952997377,1.0,3,decreasing,0.625,17,0.47058823529411764,IDH1
ENSG00000159363,8,4,0.01742360314256375,1.0,4,decreasing,0.5,23,0.34782608695652173,ATP13A2
ENSG00000171735,8,5,0.019944341228480014,1.0,3,decreasing,0.625,24,0.3333333333333333,CAMTA1
ENSG00000009335,8,4,0.0027617711368946377,0.9935854122563142,4,decreasing,0.5,23,0.34782608695652173,UBE3C
ENSG00000065135,8,1,0.061830876068387275,0.9935854122563142,7,increasing,0.875,23,0.34782608695652173,GNAI3
ENSG00000072501,8,4,0.05146532052459561,0.9935854122563142,4,decreasing,0.5,22,0.36363636363636365,SMC1A
ENSG00000156110,8,8,-0.011113807584027488,0.9935854122563142,0,decreasing,1.0,24,0.3333333333333333,ADK
ENSG00000167657,8,8,-0.05044458964538,0.9935854122563142,0,decreasing,1.0,16,0.5,DAPK3
ENSG00000170581,8,6,-0.0006123788840868372,0.9935854122563142,2,decreasing,0.75,20,0.4,STAT2
ENSG00000176788,8,7,-0.01943781798155511,0.9935854122563142,1,decreasing,0.875,21,0.38095238095238093,BASP1
ENSG00000185722,8,8,-0.0080113034742023,0.9935854122563142,0,decreasing,1.0,19,0.42105263157894735,ANKFY1
ENSG00000116898,8,8,-0.038183120232196985,0.9871708245126285,0,decreasing,1.0,15,0.5333333333333333,MRPS15
ENSG00000014123,8,4,5.156330158227469e-05,0.9832531754730549,4,decreasing,0.5,22,0.36363636363636365,UFL1
ENSG00000062716,8,4,-0.05433661366600475,0.9832531754730549,4,decreasing,0.5,24,0.3333333333333333,VMP1
ENSG00000107341,8,4,0.0034797589034820126,0.9832531754730549,4,decreasing,0.5,24,0.3333333333333333,UBE2R2
ENSG00000108107,8,4,0.002113520914205412,0.9832531754730549,4,decreasing,0.5,24,0.3333333333333333,RPL28
ENSG00000113441,8,4,0.014901399509293837,0.9832531754730549,4,decreasing,0.5,23,0.34782608695652173,LNPEP
ENSG00000120093,8,8,-0.006799329946257462,0.9832531754730549,0,decreasing,1.0,18,0.4444444444444444,HOXB3
ENSG00000121579,8,5,-0.00025388234797083767,0.9832531754730549,3,decreasing,0.625,19,0.42105263157894735,NAA50
ENSG00000127946,8,4,0.005360221237067024,0.9832531754730549,4,decreasing,0.5,24,0.3333333333333333,HIP1
ENSG00000135905,8,7,-0.0152726193680881,0.9832531754730549,1,decreasing,0.875,24,0.3333333333333333,DOCK10
ENSG00000137944,8,3,0.005560742623572575,0.9832531754730549,5,increasing,0.625,23,0.34782608695652173,KYAT3
ENSG00000142082,8,1,0.06440233394792369,0.9832531754730549,7,increasing,0.875,23,0.34782608695652173,SIRT3
ENSG00000159592,8,5,0.006758691644655187,0.9832531754730549,3,decreasing,0.625,24,0.3333333333333333,GPBP1L1
ENSG00000160818,8,3,0.008708030653832625,0.9832531754730549,5,increasing,0.625,17,0.47058823529411764,GPATCH4
ENSG00000176783,8,3,0.00019925365766749992,0.9832531754730549,5,increasing,0.625,18,0.4444444444444444,RUFY1
ENSG00000183291,8,5,0.0011668388495981623,0.9832531754730549,3,decreasing,0.625,19,0.42105263157894735,SELENOF
ENSG00000189180,8,3,0.024042814020695788,0.9832531754730549,5,increasing,0.625,24,0.3333333333333333,ZNF33A
ENSG00000196141,8,2,-0.003885898719716713,0.9832531754730549,6,increasing,0.75,23,0.34782608695652173,SPATS2L
ENSG00000196199,8,5,-0.0007557462250385752,0.9832531754730549,3,decreasing,0.625,19,0.42105263157894735,MPHOSPH8
ENSG00000198218,8,6,-0.020223122623831535,0.9832531754730549,2,decreasing,0.75,22,0.36363636363636365,QRICH1
ENSG00000204628,8,5,-0.0033969409829210997,0.9832531754730549,3,decreasing,0.625,22,0.36363636363636365,RACK1
ENSG00000265590,8,4,0.001605908810985963,0.9832531754730549,4,decreasing,0.5,24,0.3333333333333333,C21orf59-TCP10L
ENSG00000272822,8,8,-0.011049077370289689,0.9832531754730549,0,decreasing,1.0,24,0.3333333333333333,AC073610.2
ENSG00000278311,8,2,0.014317310669164399,0.9832531754730549,6,increasing,0.75,19,0.42105263157894735,GGNBP2
ENSG00000076356,8,8,-0.0024857331110879626,0.9807562367689427,0,decreasing,1.0,18,0.4444444444444444,PLXNA2
ENSG00000130227,8,8,-0.010331300726899712,0.9807562367689427,0,decreasing,1.0,14,0.5714285714285714,XPO7
ENSG00000130414,8,8,-0.013482600998820699,0.9807562367689427,0,decreasing,1.0,15,0.5333333333333333,NDUFA10
ENSG00000181722,8,8,-0.005189923260631987,0.9807562367689427,0,decreasing,1.0,24,0.3333333333333333,ZBTB20
ENSG00000214954,8,8,-0.00632775536965225,0.9807562367689427,0,decreasing,1.0,15,0.5333333333333333,LRRC69
ENSG00000006125,8,8,-0.009266638598362575,0.976838587729369,0,decreasing,1.0,23,0.34782608695652173,AP2B1
ENSG00000059728,8,5,-0.00050553217936655,0.976838587729369,3,decreasing,0.625,23,0.34782608695652173,MXD1
ENSG00000063244,8,3,0.06393087927570838,0.976838587729369,5,increasing,0.625,21,0.38095238095238093,U2AF2
ENSG00000069424,8,7,-0.0031769208484848,0.976838587729369,1,decreasing,0.875,24,0.3333333333333333,KCNAB2
ENSG00000074966,8,8,-0.009047079368093576,0.976838587729369,0,decreasing,1.0,24,0.3333333333333333,TXK
ENSG00000080824,8,8,-0.012198643061031,0.976838587729369,0,decreasing,1.0,18,0.4444444444444444,HSP90AA1
ENSG00000106603,8,6,-0.0026739717193004246,0.976838587729369,2,decreasing,0.75,24,0.3333333333333333,COA1
ENSG00000112182,8,7,-0.0030824514452177003,0.976838587729369,1,decreasing,0.875,24,0.3333333333333333,BACH2
ENSG00000114302,8,7,-0.009636568641303212,0.976838587729369,1,decreasing,0.875,18,0.4444444444444444,PRKAR2A
ENSG00000115241,8,7,-0.0046403253256722,0.976838587729369,1,decreasing,0.875,19,0.42105263157894735,PPM1G
ENSG00000115421,8,5,-0.003428549066580325,0.976838587729369,3,decreasing,0.625,21,0.38095238095238093,PAPOLG
ENSG00000119285,8,6,-0.009506950236649178,0.976838587729369,2,decreasing,0.75,19,0.42105263157894735,HEATR1
ENSG00000128563,8,4,0.0075470979640220376,0.976838587729369,4,decreasing,0.5,10,0.8,PRKRIP1
ENSG00000131446,8,6,-0.007848881707062412,0.976838587729369,2,decreasing,0.75,19,0.42105263157894735,MGAT1
ENSG00000138495,8,2,0.005672225917190601,0.976838587729369,6,increasing,0.75,17,0.47058823529411764,COX17
ENSG00000141367,8,6,-0.0008595321797332875,0.976838587729369,2,decreasing,0.75,24,0.3333333333333333,CLTC
ENSG00000148154,8,6,-0.001072249855798138,0.976838587729369,2,decreasing,0.75,23,0.34782608695652173,UGCG
ENSG00000151135,8,5,-0.0035911543626416615,0.976838587729369,3,decreasing,0.625,23,0.34782608695652173,TMEM263
ENSG00000157741,8,8,-0.005890864006594875,0.976838587729369,0,decreasing,1.0,18,0.4444444444444444,UBN2
ENSG00000164048,8,7,-0.007595690334972075,0.976838587729369,1,decreasing,0.875,18,0.4444444444444444,ZNF589
ENSG00000165102,8,5,-0.005925043978145137,0.976838587729369,3,decreasing,0.625,23,0.34782608695652173,HGSNAT
ENSG00000166669,8,6,-0.005177483195317237,0.976838587729369,2,decreasing,0.75,23,0.34782608695652173,ATF7IP2
ENSG00000167083,8,7,-0.007501616955717175,0.976838587729369,1,decreasing,0.875,15,0.5333333333333333,GNGT2
ENSG00000180182,8,3,0.028485762132262664,0.976838587729369,5,increasing,0.625,22,0.36363636363636365,MED14
ENSG00000182481,8,4,0.008141132952515626,0.976838587729369,4,decreasing,0.5,24,0.3333333333333333,KPNA2
ENSG00000185650,8,3,0.008041268526947226,0.976838587729369,5,increasing,0.625,17,0.47058823529411764,ZFP36L1
ENSG00000185787,8,4,0.012961970518380413,0.976838587729369,4,decreasing,0.5,23,0.34782608695652173,MORF4L1
ENSG00000188312,8,4,-0.0016868223590105,0.976838587729369,4,decreasing,0.5,19,0.42105263157894735,CENPP
ENSG00000197798,8,6,-0.0301171474101042,0.976838587729369,2,decreasing,0.75,19,0.42105263157894735,FAM118B
ENSG00000198818,8,2,0.022155638627090777,0.976838587729369,6,increasing,0.75,15,0.5333333333333333,SFT2D1
ENSG00000213341,8,6,-0.012110003856643224,0.976838587729369,2,decreasing,0.75,18,0.4444444444444444,CHUK
ENSG00000215114,8,7,-0.06037856396918366,0.976838587729369,1,decreasing,0.875,18,0.4444444444444444,UBXN2B
ENSG00000019582,8,6,-0.024245276760862536,0.9704239999856834,2,decreasing,0.75,17,0.47058823529411764,CD74
ENSG00000022567,8,7,-0.005228930460849737,0.9704239999856834,1,decreasing,0.875,21,0.38095238095238093,SLC45A4
ENSG00000035141,8,5,0.001050442707100625,0.9704239999856834,3,decreasing,0.625,17,0.47058823529411764,FAM136A
ENSG00000063245,8,7,-0.0348768427114082,0.9704239999856834,1,decreasing,0.875,19,0.42105263157894735,EPN1
ENSG00000078142,8,8,-0.01950342343537861,0.9704239999856834,0,decreasing,1.0,24,0.3333333333333333,PIK3C3
ENSG00000108064,8,8,-0.005873916600202075,0.9704239999856834,0,decreasing,1.0,22,0.36363636363636365,TFAM
ENSG00000111666,8,6,-0.00195435723758275,0.9704239999856834,2,decreasing,0.75,18,0.4444444444444444,CHPT1
ENSG00000113013,8,6,0.006029735205453899,0.9704239999856834,2,decreasing,0.75,22,0.36363636363636365,HSPA9
ENSG00000113263,8,4,-0.0157046680261545,0.9704239999856834,4,decreasing,0.5,22,0.36363636363636365,ITK
ENSG00000115020,8,7,-0.0006899690258409625,0.9704239999856834,1,decreasing,0.875,17,0.47058823529411764,PIKFYVE
ENSG00000115355,8,7,-0.034241390521686635,0.9704239999856834,1,decreasing,0.875,24,0.3333333333333333,CCDC88A
ENSG00000129292,8,4,0.009443317883762938,0.9704239999856834,4,decreasing,0.5,22,0.36363636363636365,PHF20L1
ENSG00000131370,8,2,0.006707850293295288,0.9704239999856834,6,increasing,0.75,21,0.38095238095238093,SH3BP5
ENSG00000136754,8,7,-0.00610385082022845,0.9704239999856834,1,decreasing,0.875,24,0.3333333333333333,ABI1
ENSG00000137478,8,6,-0.0011330236737537001,0.9704239999856834,2,decreasing,0.75,24,0.3333333333333333,FCHSD2
ENSG00000143093,8,8,-0.010421771469732312,0.9704239999856834,0,decreasing,1.0,18,0.4444444444444444,STRIP1
ENSG00000174738,8,8,-0.0077651141953674375,0.9704239999856834,0,decreasing,1.0,18,0.4444444444444444,NR1D2
ENSG00000179241,8,7,-0.0013592529980166127,0.9704239999856834,1,decreasing,0.875,23,0.34782608695652173,LDLRAD3
ENSG00000259112,8,8,-0.0035945703339311,0.9704239999856834,0,decreasing,1.0,17,0.47058823529411764,NDUFC2-KCTD14
ENSG00000036549,8,6,0.020458892863405177,0.9665063509461097,2,decreasing,0.75,22,0.36363636363636365,AC118549.1
ENSG00000049618,8,8,-0.004120111239051013,0.9665063509461097,0,decreasing,1.0,24,0.3333333333333333,ARID1B
ENSG00000051825,8,4,0.0030179831836078374,0.9665063509461097,4,decreasing,0.5,19,0.42105263157894735,MPHOSPH9
ENSG00000055130,8,2,0.0035358217240048376,0.9665063509461097,6,increasing,0.75,24,0.3333333333333333,CUL1
ENSG00000055483,8,7,-0.0024279220079906003,0.9665063509461097,1,decreasing,0.875,23,0.34782608695652173,AC022966.1
ENSG00000062725,8,1,0.012581077230655189,0.9665063509461097,7,increasing,0.875,23,0.34782608695652173,APPBP2
ENSG00000065427,8,4,0.056121193825618476,0.9665063509461097,4,decreasing,0.5,17,0.47058823529411764,KARS1
ENSG00000102144,8,5,0.004486572608612738,0.9665063509461097,3,decreasing,0.625,24,0.3333333333333333,PGK1
ENSG00000103257,8,6,-0.0024718246388532373,0.9665063509461097,2,decreasing,0.75,18,0.4444444444444444,SLC7A5
ENSG00000104885,8,0,0.016461845847668726,0.9665063509461097,8,increasing,1.0,16,0.5,DOT1L
ENSG00000105810,8,4,0.012523897734139812,0.9665063509461097,4,decreasing,0.5,18,0.4444444444444444,CDK6
ENSG00000107201,8,3,0.005301444203673013,0.9665063509461097,5,increasing,0.625,24,0.3333333333333333,DDX58
ENSG00000118922,8,7,-0.012034604831589975,0.9665063509461097,1,decreasing,0.875,19,0.42105263157894735,KLF12
ENSG00000119314,8,3,0.012559732393493925,0.9665063509461097,5,increasing,0.625,24,0.3333333333333333,PTBP3
ENSG00000119638,8,1,0.00508880992104845,0.9665063509461097,7,increasing,0.875,20,0.4,NEK9
ENSG00000126773,8,6,-6.4272265845e-05,0.9665063509461097,2,decreasing,0.75,19,0.42105263157894735,PCNX4
ENSG00000137814,8,6,-0.0014169900394004518,0.9665063509461097,2,decreasing,0.75,22,0.36363636363636365,HAUS2
ENSG00000138031,8,5,-0.006775603000803913,0.9665063509461097,3,decreasing,0.625,22,0.36363636363636365,ADCY3
ENSG00000140992,8,3,0.0012293806500732127,0.9665063509461097,5,increasing,0.625,23,0.34782608695652173,PDPK1
ENSG00000142599,8,1,0.01656374402568866,0.9665063509461097,7,increasing,0.875,24,0.3333333333333333,RERE
ENSG00000147408,8,5,-0.002108381215110488,0.9665063509461097,3,decreasing,0.625,18,0.4444444444444444,CSGALNACT1
ENSG00000153250,8,4,0.039796075514035,0.9665063509461097,4,decreasing,0.5,24,0.3333333333333333,RBMS1
ENSG00000162613,8,4,0.00098824556469075,0.9665063509461097,4,decreasing,0.5,23,0.34782608695652173,FUBP1
ENSG00000164300,8,6,-0.00811505374493515,0.9665063509461097,2,decreasing,0.75,24,0.3333333333333333,SERINC5
ENSG00000165506,8,7,-0.0137941961733272,0.9665063509461097,1,decreasing,0.875,17,0.47058823529411764,DNAAF2
ENSG00000166750,8,4,0.01249473172363405,0.9665063509461097,4,decreasing,0.5,23,0.34782608695652173,SLFN5
ENSG00000166979,8,6,-0.020303676493754152,0.9665063509461097,2,decreasing,0.75,24,0.3333333333333333,EVA1C
ENSG00000169504,8,7,-0.006889413103134637,0.9665063509461097,1,decreasing,0.875,24,0.3333333333333333,CLIC4
ENSG00000170234,8,4,0.03664270707332284,0.9665063509461097,4,decreasing,0.5,23,0.34782608695652173,PWWP2A
ENSG00000172661,8,4,0.0007515394852144871,0.9665063509461097,4,decreasing,0.5,24,0.3333333333333333,WASHC2C
ENSG00000175893,8,2,0.012570383186265938,0.9665063509461097,6,increasing,0.75,23,0.34782608695652173,ZDHHC21
ENSG00000177302,8,3,0.0038864046085906874,0.9665063509461097,5,increasing,0.625,23,0.34782608695652173,TOP3A
ENSG00000183475,8,5,0.0006207539091956751,0.9665063509461097,3,decreasing,0.625,17,0.47058823529411764,ASB7
ENSG00000185404,8,5,0.04849376973201855,0.9665063509461097,3,decreasing,0.625,22,0.36363636363636365,SP140L
ENSG00000188994,8,7,-0.007736424589414001,0.9665063509461097,1,decreasing,0.875,19,0.42105263157894735,ZNF292
ENSG00000189042,8,7,-0.026090718814073027,0.9665063509461097,1,decreasing,0.875,21,0.38095238095238093,ZNF567
ENSG00000197321,8,7,-0.0034497944434907124,0.9665063509461097,1,decreasing,0.875,24,0.3333333333333333,SVIL
ENSG00000197892,8,7,-0.0037233136048290248,0.9665063509461097,1,decreasing,0.875,24,0.3333333333333333,KIF13B
ENSG00000198799,8,4,0.007342643814530488,0.9665063509461097,4,decreasing,0.5,21,0.38095238095238093,LRIG2
ENSG00000205937,8,5,-0.003172789799249375,0.9665063509461097,3,decreasing,0.625,21,0.38095238095238093,RNPS1
ENSG00000251201,8,6,-0.00393313649412025,0.9665063509461097,2,decreasing,0.75,19,0.42105263157894735,TMED7-TICAM2
ENSG00000253729,8,4,0.02178874063894775,0.9665063509461097,4,decreasing,0.5,24,0.3333333333333333,PRKDC
ENSG00000100813,8,6,0.0021519230577039,0.9640094122419975,2,decreasing,0.75,23,0.34782608695652173,ACIN1
ENSG00000105968,8,8,-0.0046543091116494125,0.9640094122419975,0,decreasing,1.0,16,0.5,H2AZ2
ENSG00000108262,8,8,-0.009538919081097587,0.9640094122419975,0,decreasing,1.0,20,0.4,GIT1
ENSG00000133606,8,8,-0.11580533283436273,0.9640094122419975,0,decreasing,1.0,22,0.36363636363636365,MKRN1
ENSG00000135596,8,8,-0.008247239078092113,0.9640094122419975,0,decreasing,1.0,22,0.36363636363636365,MICAL1
ENSG00000141337,8,8,-0.010365511702047026,0.9640094122419975,0,decreasing,1.0,18,0.4444444444444444,ARSG
ENSG00000155959,8,6,0.0004424364394517125,0.9640094122419975,2,decreasing,0.75,19,0.42105263157894735,VBP1
ENSG00000164543,8,6,0.0013750460964079127,0.9640094122419975,2,decreasing,0.75,24,0.3333333333333333,STK17A
ENSG00000168724,8,8,-0.0045611813842745125,0.9640094122419975,0,decreasing,1.0,15,0.5333333333333333,DNAJC21
ENSG00000276600,8,6,-0.023948880678608873,0.9640094122419975,2,decreasing,0.75,22,0.36363636363636365,RAB7B
ENSG00000007129,8,8,-0.01413813692967365,0.960091763202424,0,decreasing,1.0,22,0.36363636363636365,CEACAM21
ENSG00000019995,8,6,-0.00509886873248355,0.960091763202424,2,decreasing,0.75,18,0.4444444444444444,ZRANB1
ENSG00000022840,8,7,-0.0021447350582109873,0.960091763202424,1,decreasing,0.875,20,0.4,RNF10
ENSG00000047056,8,8,-0.0062447491167792624,0.960091763202424,0,decreasing,1.0,24,0.3333333333333333,WDR37
ENSG00000057657,8,6,-0.0005588606729110625,0.960091763202424,2,decreasing,0.75,21,0.38095238095238093,PRDM1
ENSG00000067225,8,7,-0.020617868187773388,0.960091763202424,1,decreasing,0.875,19,0.42105263157894735,PKM
ENSG00000068971,8,6,-0.006438498820641588,0.960091763202424,2,decreasing,0.75,16,0.5,PPP2R5B
ENSG00000071189,8,6,-0.003910492108688962,0.960091763202424,2,decreasing,0.75,23,0.34782608695652173,SNX13
ENSG00000079335,8,6,-0.0037030698161183376,0.960091763202424,2,decreasing,0.75,23,0.34782608695652173,CDC14A
ENSG00000083223,8,6,-0.0009581281722670998,0.960091763202424,2,decreasing,0.75,24,0.3333333333333333,TUT7
ENSG00000086827,8,8,-0.014951631337472624,0.960091763202424,0,decreasing,1.0,18,0.4444444444444444,ZW10
ENSG00000089057,8,7,-0.007838246230807588,0.960091763202424,1,decreasing,0.875,23,0.34782608695652173,SLC23A2
ENSG00000101126,8,3,0.034533064835521675,0.960091763202424,5,increasing,0.625,24,0.3333333333333333,ADNP
ENSG00000106546,8,8,-0.012853484635215075,0.960091763202424,0,decreasing,1.0,23,0.34782608695652173,AHR
ENSG00000107099,8,8,-0.03568719065068845,0.960091763202424,0,decreasing,1.0,24,0.3333333333333333,DOCK8
ENSG00000107164,8,5,0.0014438298640829,0.960091763202424,3,decreasing,0.625,21,0.38095238095238093,FUBP3
ENSG00000108061,8,8,-0.03612341329126997,0.960091763202424,0,decreasing,1.0,21,0.38095238095238093,SHOC2
ENSG00000112983,8,8,-0.006505464564764913,0.960091763202424,0,decreasing,1.0,18,0.4444444444444444,BRD8
ENSG00000118197,8,3,0.0040613149445092875,0.960091763202424,5,increasing,0.625,22,0.36363636363636365,DDX59
ENSG00000119977,8,7,-0.003974339274695062,0.960091763202424,1,decreasing,0.875,19,0.42105263157894735,TCTN3
ENSG00000122417,8,7,-0.008821843392811187,0.960091763202424,1,decreasing,0.875,22,0.36363636363636365,ODF2L
ENSG00000129625,8,7,-0.017493603772199225,0.960091763202424,1,decreasing,0.875,24,0.3333333333333333,REEP5
ENSG00000130856,8,5,-0.0014188042194864855,0.960091763202424,3,decreasing,0.625,21,0.38095238095238093,ZNF236
ENSG00000138032,8,6,-0.006623501310836237,0.960091763202424,2,decreasing,0.75,23,0.34782608695652173,PPM1B
ENSG00000138594,8,5,-0.002230269984003388,0.960091763202424,3,decreasing,0.625,23,0.34782608695652173,TMOD3
ENSG00000138796,8,6,-0.007838453647161438,0.960091763202424,2,decreasing,0.75,15,0.5333333333333333,HADH
ENSG00000138814,8,8,-0.021282313509948775,0.960091763202424,0,decreasing,1.0,24,0.3333333333333333,PPP3CA
ENSG00000141646,8,5,-0.003446598873992738,0.960091763202424,3,decreasing,0.625,18,0.4444444444444444,SMAD4
ENSG00000143079,8,5,-0.0011465797665128376,0.960091763202424,3,decreasing,0.625,23,0.34782608695652173,CTTNBP2NL
ENSG00000143420,8,6,-0.001238078829626675,0.960091763202424,2,decreasing,0.75,24,0.3333333333333333,ENSA
ENSG00000145703,8,6,0.0011288289430920622,0.960091763202424,2,decreasing,0.75,24,0.3333333333333333,IQGAP2
ENSG00000152520,8,5,-0.001817012433042275,0.960091763202424,3,decreasing,0.625,24,0.3333333333333333,PAN3
ENSG00000157216,8,4,0.005747996570524662,0.960091763202424,4,decreasing,0.5,22,0.36363636363636365,SSBP3
ENSG00000164252,8,6,-0.0036411321551550503,0.960091763202424,2,decreasing,0.75,18,0.4444444444444444,AGGF1
ENSG00000165322,8,7,0.0026492483800258874,0.960091763202424,1,decreasing,0.875,24,0.3333333333333333,ARHGAP12
ENSG00000171988,8,8,-0.010184627488323937,0.960091763202424,0,decreasing,1.0,24,0.3333333333333333,JMJD1C
ENSG00000175416,8,6,-0.003741438359391975,0.960091763202424,2,decreasing,0.75,18,0.4444444444444444,CLTB
ENSG00000186184,8,5,0.001216161466104925,0.960091763202424,3,decreasing,0.625,23,0.34782608695652173,POLR1D
ENSG00000187764,8,7,-0.0006617628749397127,0.960091763202424,1,decreasing,0.875,19,0.42105263157894735,SEMA4D
ENSG00000196284,8,6,-0.004007396110909737,0.960091763202424,2,decreasing,0.75,24,0.3333333333333333,SUPT3H
ENSG00000197930,8,4,0.007513728019430538,0.960091763202424,4,decreasing,0.5,18,0.4444444444444444,ERO1A
ENSG00000198624,8,8,-0.01961995745746741,0.960091763202424,0,decreasing,1.0,21,0.38095238095238093,CCDC69
ENSG00000204634,8,4,-0.0021558696139248375,0.960091763202424,4,decreasing,0.5,24,0.3333333333333333,TBC1D8
ENSG00000266028,8,3,0.006545935906610401,0.960091763202424,5,increasing,0.625,24,0.3333333333333333,SRGAP2
ENSG00000268350,8,2,0.002212234480158375,0.960091763202424,6,increasing,0.75,17,0.47058823529411764,FAM156A
ENSG00000275700,8,7,-0.007128259719054188,0.960091763202424,1,decreasing,0.875,23,0.34782608695652173,AATF
ENSG00000071073,8,8,-0.006151838190283587,0.9575948244983119,0,decreasing,1.0,22,0.36363636363636365,MGAT4A
ENSG00000134982,8,8,-0.004220506003769425,0.9575948244983119,0,decreasing,1.0,22,0.36363636363636365,APC
ENSG00000170100,8,8,-0.004438534982362863,0.9575948244983119,0,decreasing,1.0,15,0.5333333333333333,ZNF778
ENSG00000006715,8,5,-0.00028924661376622486,0.9536771754587382,3,decreasing,0.625,10,0.8,VPS41
ENSG00000025796,8,7,-0.0072886337656718125,0.9536771754587382,1,decreasing,0.875,19,0.42105263157894735,SEC63
ENSG00000033627,8,8,-0.007624098273382075,0.9536771754587382,0,decreasing,1.0,21,0.38095238095238093,ATP6V0A1
ENSG00000051382,8,6,-0.0066394457842830126,0.9536771754587382,2,decreasing,0.75,24,0.3333333333333333,PIK3CB
ENSG00000077147,8,6,-0.0035947735589783878,0.9536771754587382,2,decreasing,0.75,24,0.3333333333333333,TM9SF3
ENSG00000077150,8,4,0.0018354185494061377,0.9536771754587382,4,decreasing,0.5,22,0.36363636363636365,NFKB2
ENSG00000077782,8,7,-0.009607245290605812,0.9536771754587382,1,decreasing,0.875,21,0.38095238095238093,FGFR1
ENSG00000079263,8,7,-0.004304547620550162,0.9536771754587382,1,decreasing,0.875,23,0.34782608695652173,SP140
ENSG00000087008,8,7,-0.02943118436027696,0.9536771754587382,1,decreasing,0.875,10,0.8,ACOX3
ENSG00000091317,8,8,-0.062031830862357085,0.9536771754587382,0,decreasing,1.0,24,0.3333333333333333,CMTM6
ENSG00000104427,8,8,-0.007556009440427237,0.9536771754587382,0,decreasing,1.0,20,0.4,ZC2HC1A
ENSG00000104856,8,8,-0.0266372557296967,0.9536771754587382,0,decreasing,1.0,10,0.8,RELB
ENSG00000104907,8,6,-0.001434794297292225,0.9536771754587382,2,decreasing,0.75,19,0.42105263157894735,TRMT1
ENSG00000108861,8,8,-0.010477211874642525,0.9536771754587382,0,decreasing,1.0,16,0.5,DUSP3
ENSG00000108984,8,8,-0.008310186315239363,0.9536771754587382,0,decreasing,1.0,17,0.47058823529411764,MAP2K6
ENSG00000109929,8,8,-0.046339028759314074,0.9536771754587382,0,decreasing,1.0,10,0.8,SC5D
ENSG00000112699,8,8,-0.0099709586078344,0.9536771754587382,0,decreasing,1.0,19,0.42105263157894735,GMDS
ENSG00000115239,8,7,-0.0146098477254645,0.9536771754587382,1,decreasing,0.875,24,0.3333333333333333,ASB3
ENSG00000115761,8,8,-0.004342784124612275,0.9536771754587382,0,decreasing,1.0,19,0.42105263157894735,NOL10
ENSG00000115919,8,7,-0.0033117698449565496,0.9536771754587382,1,decreasing,0.875,23,0.34782608695652173,KYNU
ENSG00000116667,8,8,-0.005602205939601625,0.9536771754587382,0,decreasing,1.0,21,0.38095238095238093,C1orf21
ENSG00000118965,8,7,-0.0123935577324065,0.9536771754587382,1,decreasing,0.875,16,0.5,WDR35
ENSG00000121058,8,5,0.007681173039308913,0.9536771754587382,3,decreasing,0.625,16,0.5,COIL
ENSG00000122729,8,8,-0.005492535223068825,0.9536771754587382,0,decreasing,1.0,16,0.5,ACO1
ENSG00000127483,8,6,-0.003562685073440562,0.9536771754587382,2,decreasing,0.75,22,0.36363636363636365,HP1BP3
ENSG00000133028,8,6,0.005515741145960313,0.9536771754587382,2,decreasing,0.75,21,0.38095238095238093,SCO1
ENSG00000135048,8,8,-0.00365591264484645,0.9536771754587382,0,decreasing,1.0,24,0.3333333333333333,CEMIP2
ENSG00000138698,8,7,-0.006111169806187738,0.9536771754587382,1,decreasing,0.875,24,0.3333333333333333,RAP1GDS1
ENSG00000140548,8,7,0.0019174313819211126,0.9536771754587382,1,decreasing,0.875,23,0.34782608695652173,ZNF710
ENSG00000143155,8,7,-0.005667621929580462,0.9536771754587382,1,decreasing,0.875,22,0.36363636363636365,TIPRL
ENSG00000143507,8,8,-0.019376416734848637,0.9536771754587382,0,decreasing,1.0,18,0.4444444444444444,DUSP10
ENSG00000148908,8,8,-0.009505965715081825,0.9536771754587382,0,decreasing,1.0,22,0.36363636363636365,RGS10
ENSG00000150054,8,5,-0.013466203135543,0.9536771754587382,3,decreasing,0.625,24,0.3333333333333333,MPP7
ENSG00000159202,8,7,-0.014397130077623837,0.9536771754587382,1,decreasing,0.875,24,0.3333333333333333,UBE2Z
ENSG00000163125,8,5,-0.011791508080556724,0.9536771754587382,3,decreasing,0.625,24,0.3333333333333333,RPRD2
ENSG00000163939,8,5,-0.006692561505424488,0.9536771754587382,3,decreasing,0.625,24,0.3333333333333333,PBRM1
ENSG00000164022,8,6,-0.06095483609611753,0.9536771754587382,2,decreasing,0.75,23,0.34782608695652173,AIMP1
ENSG00000164211,8,8,-0.01451512834625495,0.9536771754587382,0,decreasing,1.0,21,0.38095238095238093,STARD4
ENSG00000168488,8,6,-0.00260598704406575,0.9536771754587382,2,decreasing,0.75,21,0.38095238095238093,ATXN2L
ENSG00000168917,8,8,-0.004048533679049675,0.9536771754587382,0,decreasing,1.0,14,0.5714285714285714,SLC35G2
ENSG00000170275,8,8,-0.0069665167787268875,0.9536771754587382,0,decreasing,1.0,20,0.4,CRTAP
ENSG00000171763,8,6,-0.0051640466846400125,0.9536771754587382,2,decreasing,0.75,15,0.5333333333333333,SPATA5L1
ENSG00000171867,8,4,0.02118403203551555,0.9536771754587382,4,decreasing,0.5,19,0.42105263157894735,PRNP
ENSG00000173914,8,6,0.04252151597374151,0.9536771754587382,2,decreasing,0.75,22,0.36363636363636365,RBM4B
ENSG00000178573,8,6,-0.0034416928099188253,0.9536771754587382,2,decreasing,0.75,22,0.36363636363636365,MAF
ENSG00000187676,8,8,-0.00465665309644735,0.9536771754587382,0,decreasing,1.0,22,0.36363636363636365,B3GLCT
ENSG00000197323,8,7,-0.001967659531813,0.9536771754587382,1,decreasing,0.875,24,0.3333333333333333,TRIM33
ENSG00000198663,8,6,0.005884845889284166,0.9536771754587382,2,decreasing,0.75,21,0.38095238095238093,C6orf89
ENSG00000232112,8,7,-0.004070279254926162,0.9536771754587382,1,decreasing,0.875,17,0.47058823529411764,TMA7
ENSG00000254206,8,5,-0.001903251510631511,0.9536771754587382,3,decreasing,0.625,21,0.38095238095238093,NPIPB11
ENSG00000266086,8,6,-0.0035574652310035627,0.9536771754587382,2,decreasing,0.75,18,0.4444444444444444,AC015813.2
ENSG00000002549,8,2,0.005152618991297,0.9497595264191645,6,increasing,0.75,15,0.5333333333333333,LAP3
ENSG00000005020,8,6,0.0033748042687781997,0.9497595264191645,2,decreasing,0.75,24,0.3333333333333333,SKAP2
ENSG00000007237,8,7,-0.0235886020533064,0.9497595264191645,1,decreasing,0.875,24,0.3333333333333333,AC005747.1
ENSG00000069974,8,6,-0.006145169683551513,0.9497595264191645,2,decreasing,0.75,24,0.3333333333333333,RAB27A
ENSG00000095787,8,6,-0.0020381785923848,0.9497595264191645,2,decreasing,0.75,24,0.3333333333333333,WAC
ENSG00000100129,8,2,0.02667494001346069,0.9497595264191645,6,increasing,0.75,24,0.3333333333333333,EIF3L
ENSG00000101294,8,8,-0.007129731418725887,0.9497595264191645,0,decreasing,1.0,23,0.34782608695652173,HM13
ENSG00000105993,8,3,0.006213598145427801,0.9497595264191645,5,increasing,0.625,19,0.42105263157894735,DNAJB6
ENSG00000106459,8,6,0.007965158268433813,0.9497595264191645,2,decreasing,0.75,23,0.34782608695652173,NRF1
ENSG00000112249,8,6,0.015224339972650686,0.9497595264191645,2,decreasing,0.75,24,0.3333333333333333,ASCC3
ENSG00000117298,8,7,-0.0030665332504251123,0.9497595264191645,1,decreasing,0.875,24,0.3333333333333333,ECE1
ENSG00000121741,8,5,0.004732604531621738,0.9497595264191645,3,decreasing,0.625,24,0.3333333333333333,ZMYM2
ENSG00000122912,8,6,-0.00197376658992175,0.9497595264191645,2,decreasing,0.75,23,0.34782608695652173,SLC25A16
ENSG00000123124,8,3,0.0054320258098915246,0.9497595264191645,5,increasing,0.625,17,0.47058823529411764,WWP1
ENSG00000126858,8,6,0.004756878387454087,0.9497595264191645,2,decreasing,0.75,23,0.34782608695652173,RHOT1
ENSG00000127666,8,7,-0.0012417202101385999,0.9497595264191645,1,decreasing,0.875,18,0.4444444444444444,TICAM1
ENSG00000131871,8,8,-0.011682744356697087,0.9497595264191645,0,decreasing,1.0,17,0.47058823529411764,SELENOS
ENSG00000134516,8,7,-0.009639829787138888,0.9497595264191645,1,decreasing,0.875,24,0.3333333333333333,DOCK2
ENSG00000135899,8,6,0.009261475647819888,0.9497595264191645,2,decreasing,0.75,22,0.36363636363636365,SP110
ENSG00000138190,8,5,0.006579389378655263,0.9497595264191645,3,decreasing,0.625,24,0.3333333333333333,EXOC6
ENSG00000138468,8,8,-0.013862412533755463,0.9497595264191645,0,decreasing,1.0,23,0.34782608695652173,SENP7
ENSG00000141027,8,4,0.009906854044201975,0.9497595264191645,4,decreasing,0.5,19,0.42105263157894735,NCOR1
ENSG00000141580,8,6,-0.007927931539623862,0.9497595264191645,2,decreasing,0.75,19,0.42105263157894735,WDR45B
ENSG00000143153,8,4,-0.018616640512648035,0.9497595264191645,4,decreasing,0.5,22,0.36363636363636365,ATP1B1
ENSG00000146535,8,7,-0.002276220646756325,0.9497595264191645,1,decreasing,0.875,19,0.42105263157894735,GNA12
ENSG00000147050,8,6,0.0010167371576477627,0.9497595264191645,2,decreasing,0.75,24,0.3333333333333333,KDM6A
ENSG00000147140,8,4,0.001715697820308975,0.9497595264191645,4,decreasing,0.5,16,0.5,NONO
ENSG00000147905,8,5,0.005425225339633076,0.9497595264191645,3,decreasing,0.625,24,0.3333333333333333,ZCCHC7
ENSG00000149577,8,6,-0.004447644707965324,0.9497595264191645,2,decreasing,0.75,21,0.38095238095238093,SIDT2
ENSG00000149932,8,6,-0.0023910327124434124,0.9497595264191645,2,decreasing,0.75,17,0.47058823529411764,TMEM219
ENSG00000156475,8,4,0.014040254235188888,0.9497595264191645,4,decreasing,0.5,19,0.42105263157894735,PPP2R2B
ENSG00000157823,8,6,0.0020251105717164378,0.9497595264191645,2,decreasing,0.75,21,0.38095238095238093,AP3S2
ENSG00000159267,8,4,-0.002767002933805175,0.9497595264191645,4,decreasing,0.5,24,0.3333333333333333,HLCS
ENSG00000163565,8,6,-0.004016434191025787,0.9497595264191645,2,decreasing,0.75,18,0.4444444444444444,IFI16
ENSG00000164548,8,4,0.014225482740606638,0.9497595264191645,4,decreasing,0.5,18,0.4444444444444444,TRA2A
ENSG00000168234,8,5,-0.00609897596404775,0.9497595264191645,3,decreasing,0.625,24,0.3333333333333333,TTC39C
ENSG00000172890,8,7,0.018198239692575835,0.9497595264191645,1,decreasing,0.875,24,0.3333333333333333,NADSYN1
ENSG00000173085,8,8,-0.006294596738812488,0.9497595264191645,0,decreasing,1.0,22,0.36363636363636365,COQ2
ENSG00000175198,8,7,-0.009252303561589988,0.9497595264191645,1,decreasing,0.875,22,0.36363636363636365,PCCA
ENSG00000177189,8,5,0.0008582413439170246,0.9497595264191645,3,decreasing,0.625,24,0.3333333333333333,RPS6KA3
ENSG00000179715,8,8,-0.0069902481952074874,0.9497595264191645,0,decreasing,1.0,24,0.3333333333333333,PCED1B
ENSG00000182923,8,8,-0.005732185329921475,0.9497595264191645,0,decreasing,1.0,17,0.47058823529411764,CEP63
ENSG00000187231,8,5,-0.0021837074304041004,0.9497595264191645,3,decreasing,0.625,24,0.3333333333333333,SESTD1
ENSG00000214113,8,4,0.025612909354481413,0.9497595264191645,4,decreasing,0.5,22,0.36363636363636365,LYRM4
ENSG00000256525,8,8,-0.015923808151309612,0.9497595264191645,0,decreasing,1.0,24,0.3333333333333333,POLG2
ENSG00000258311,8,3,0.006873209416575462,0.9497595264191645,5,increasing,0.625,16,0.5,AC009779.4
ENSG00000266173,8,6,-0.0061333081296184,0.9497595264191645,2,decreasing,0.75,19,0.42105263157894735,STRADA
ENSG00000273398,8,7,-0.02086586417633115,0.9497595264191645,1,decreasing,0.875,24,0.3333333333333333,AC017083.3
ENSG00000084070,8,8,-0.005550125409301838,0.9472625877150525,0,decreasing,1.0,24,0.3333333333333333,SMAP2
ENSG00000101342,8,8,-0.005049353483859325,0.9472625877150525,0,decreasing,1.0,16,0.5,TLDC2
ENSG00000113163,8,8,-0.006580718340112537,0.9472625877150525,0,decreasing,1.0,23,0.34782608695652173,CERT1
ENSG00000119866,8,8,-0.004717186384779387,0.9472625877150525,0,decreasing,1.0,22,0.36363636363636365,BCL11A
ENSG00000121680,8,7,-0.009500465852611275,0.9472625877150525,1,decreasing,0.875,19,0.42105263157894735,PEX16
ENSG00000136144,8,7,-0.014789918910303675,0.9472625877150525,1,decreasing,0.875,19,0.42105263157894735,RCBTB1
ENSG00000137509,8,7,-0.0055598113493068,0.9472625877150525,1,decreasing,0.875,22,0.36363636363636365,PRCP
ENSG00000139990,8,6,-0.0035520401532828,0.9472625877150525,2,decreasing,0.75,24,0.3333333333333333,DCAF5
ENSG00000159450,8,8,-0.002807236941270425,0.9472625877150525,0,decreasing,1.0,19,0.42105263157894735,TCHH
ENSG00000166199,8,8,-0.008039409032583475,0.9472625877150525,0,decreasing,1.0,14,0.5714285714285714,ALKBH3
ENSG00000166200,8,8,-0.0080307578878113,0.9472625877150525,0,decreasing,1.0,17,0.47058823529411764,COPS2
ENSG00000174485,8,7,-0.005349155734980238,0.9472625877150525,1,decreasing,0.875,24,0.3333333333333333,DENND4A
ENSG00000197006,8,6,-0.0024070081806247625,0.9472625877150525,2,decreasing,0.75,21,0.38095238095238093,METTL9
ENSG00000197961,8,8,-0.002672881126324975,0.9472625877150525,0,decreasing,1.0,20,0.4,ZNF121
ENSG00000215126,8,6,-0.0033620850023710126,0.9472625877150525,2,decreasing,0.75,21,0.38095238095238093,CBWD6
ENSG00000004864,8,6,-0.0011593320795635624,0.9433449386754789,2,decreasing,0.75,24,0.3333333333333333,SLC25A13
ENSG00000008853,8,7,-0.006737466770305662,0.9433449386754789,1,decreasing,0.875,18,0.4444444444444444,RHOBTB2
ENSG00000009954,8,6,0.0015716957674683373,0.9433449386754789,2,decreasing,0.75,19,0.42105263157894735,BAZ1B
ENSG00000058673,8,7,-0.007540909221965975,0.9433449386754789,1,decreasing,0.875,23,0.34782608695652173,ZC3H11A
ENSG00000065883,8,6,-0.0007188738996745625,0.9433449386754789,2,decreasing,0.75,24,0.3333333333333333,CDK13
ENSG00000071537,8,8,-0.0032604930373482752,0.9433449386754789,0,decreasing,1.0,18,0.4444444444444444,SEL1L
ENSG00000078403,8,8,-0.009429566878879638,0.9433449386754789,0,decreasing,1.0,19,0.42105263157894735,MLLT10
ENSG00000084234,8,7,0.012689835542509001,0.9433449386754789,1,decreasing,0.875,24,0.3333333333333333,APLP2
ENSG00000087088,8,7,-0.03057879889135259,0.9433449386754789,1,decreasing,0.875,19,0.42105263157894735,BAX
ENSG00000090863,8,8,-0.0064362078417143625,0.9433449386754789,0,decreasing,1.0,24,0.3333333333333333,GLG1
ENSG00000092108,8,7,-0.0011959209111743,0.9433449386754789,1,decreasing,0.875,22,0.36363636363636365,SCFD1
ENSG00000099968,8,7,-0.007399123023337163,0.9433449386754789,1,decreasing,0.875,22,0.36363636363636365,BCL2L13
ENSG00000105983,8,7,-0.00450816549592715,0.9433449386754789,1,decreasing,0.875,24,0.3333333333333333,LMBR1
ENSG00000108669,8,3,0.04906297547722898,0.9433449386754789,5,increasing,0.625,24,0.3333333333333333,CYTH1
ENSG00000113580,8,6,-0.01578121028990269,0.9433449386754789,2,decreasing,0.75,19,0.42105263157894735,NR3C1
ENSG00000115520,8,6,-0.004402254624602637,0.9433449386754789,2,decreasing,0.75,17,0.47058823529411764,COQ10B
ENSG00000123094,8,7,-0.0026197460628080375,0.9433449386754789,1,decreasing,0.875,21,0.38095238095238093,RASSF8
ENSG00000124783,8,3,0.004804126447780062,0.9433449386754789,5,increasing,0.625,23,0.34782608695652173,SSR1
ENSG00000128585,8,7,-0.012977013360290238,0.9433449386754789,1,decreasing,0.875,24,0.3333333333333333,MKLN1
ENSG00000130475,8,7,-0.0031055452512102374,0.9433449386754789,1,decreasing,0.875,21,0.38095238095238093,FCHO1
ENSG00000131238,8,8,-0.003888852542007325,0.9433449386754789,0,decreasing,1.0,18,0.4444444444444444,PPT1
ENSG00000134531,8,8,-0.0228921666855423,0.9433449386754789,0,decreasing,1.0,18,0.4444444444444444,EMP1
ENSG00000135090,8,8,-0.003929838074497837,0.9433449386754789,0,decreasing,1.0,24,0.3333333333333333,TAOK3
ENSG00000141076,8,8,-0.018107126272989178,0.9433449386754789,0,decreasing,1.0,18,0.4444444444444444,UTP4
ENSG00000143977,8,6,-0.00579765554885705,0.9433449386754789,2,decreasing,0.75,17,0.47058823529411764,SNRPG
ENSG00000146963,8,3,0.010233215130124186,0.9433449386754789,5,increasing,0.625,22,0.36363636363636365,LUC7L2
ENSG00000147119,8,8,-0.01036579241191995,0.9433449386754789,0,decreasing,1.0,17,0.47058823529411764,CHST7
ENSG00000147894,8,5,-0.0024102513538124624,0.9433449386754789,3,decreasing,0.625,18,0.4444444444444444,C9orf72
ENSG00000151247,8,8,-0.033732256630662566,0.9433449386754789,0,decreasing,1.0,24,0.3333333333333333,EIF4E
ENSG00000151422,8,6,0.0005293634468404751,0.9433449386754789,2,decreasing,0.75,21,0.38095238095238093,FER
ENSG00000152767,8,7,-0.014971552210196,0.9433449386754789,1,decreasing,0.875,22,0.36363636363636365,FARP1
ENSG00000153774,8,7,-0.001686731656936975,0.9433449386754789,1,decreasing,0.875,18,0.4444444444444444,CFDP1
ENSG00000154978,8,5,0.021099267283101925,0.9433449386754789,3,decreasing,0.625,22,0.36363636363636365,VOPP1
ENSG00000161956,8,6,0.00299409924330795,0.9433449386754789,2,decreasing,0.75,17,0.47058823529411764,SENP3
ENSG00000163681,8,6,0.011423542964233374,0.9433449386754789,2,decreasing,0.75,23,0.34782608695652173,SLMAP
ENSG00000168389,8,5,0.00045496932615861265,0.9433449386754789,3,decreasing,0.625,23,0.34782608695652173,MFSD2A
ENSG00000173674,8,7,-0.03494211143797483,0.9433449386754789,1,decreasing,0.875,24,0.3333333333333333,EIF1AX
ENSG00000175787,8,8,-0.009348126568518713,0.9433449386754789,0,decreasing,1.0,16,0.5,ZNF169
ENSG00000182866,8,4,0.0022453227965818375,0.9433449386754789,4,decreasing,0.5,18,0.4444444444444444,LCK
ENSG00000188786,8,5,0.004073808929943226,0.9433449386754789,3,decreasing,0.625,20,0.4,MTF1
ENSG00000268043,8,8,-0.0147300303737489,0.9433449386754789,0,decreasing,1.0,19,0.42105263157894735,NBPF12
ENSG00000090013,8,8,-0.012550526346640462,0.9433449386754788,0,decreasing,1.0,23,0.34782608695652173,BLVRB
ENSG00000100503,8,6,-0.0009531259967011,0.9433449386754788,2,decreasing,0.75,23,0.34782608695652173,NIN
ENSG00000111961,8,8,-0.01459089953153065,0.9433449386754788,0,decreasing,1.0,22,0.36363636363636365,SASH1
ENSG00000114439,8,8,-0.004030025839700562,0.9433449386754788,0,decreasing,1.0,22,0.36363636363636365,BBX
ENSG00000135336,8,6,-0.005565288163940125,0.9433449386754788,2,decreasing,0.75,22,0.36363636363636365,ORC3
ENSG00000067704,8,8,-0.0059054944010124,0.9408479999713667,0,decreasing,1.0,14,0.5714285714285714,IARS2
ENSG00000109118,8,8,-0.005308916705493225,0.9408479999713667,0,decreasing,1.0,15,0.5333333333333333,PHF12
ENSG00000127507,8,8,-0.003937430468801788,0.9408479999713667,0,decreasing,1.0,21,0.38095238095238093,ADGRE2
ENSG00000137177,8,7,-0.006793171633462025,0.9408479999713667,1,decreasing,0.875,24,0.3333333333333333,KIF13A
ENSG00000140262,8,8,-0.014338541889174574,0.9408479999713667,0,decreasing,1.0,24,0.3333333333333333,TCF12
ENSG00000165929,8,7,-0.023925805776447387,0.9408479999713667,1,decreasing,0.875,22,0.36363636363636365,TC2N
ENSG00000241878,8,7,0.0034032226867376004,0.9408479999713667,1,decreasing,0.875,14,0.5714285714285714,PISD
ENSG00000000938,8,8,-0.004619425776523125,0.936930350931793,0,decreasing,1.0,23,0.34782608695652173,FGR
ENSG00000011478,8,7,-0.004423767986939213,0.936930350931793,1,decreasing,0.875,24,0.3333333333333333,QPCTL
ENSG00000058272,8,7,-0.0023689068845239,0.936930350931793,1,decreasing,0.875,23,0.34782608695652173,PPP1R12A
ENSG00000067248,8,8,-0.008927402497903924,0.936930350931793,0,decreasing,1.0,23,0.34782608695652173,DHX29
ENSG00000082438,8,5,0.00494786081032205,0.936930350931793,3,decreasing,0.625,19,0.42105263157894735,COBLL1
ENSG00000101445,8,7,-0.005412155245098101,0.936930350931793,1,decreasing,0.875,19,0.42105263157894735,PPP1R16B
ENSG00000102054,8,7,-0.02311620960946125,0.936930350931793,1,decreasing,0.875,15,0.5333333333333333,RBBP7
ENSG00000103966,8,7,-0.0016097091329392997,0.936930350931793,1,decreasing,0.875,24,0.3333333333333333,EHD4
ENSG00000107537,8,7,-0.0014478447696235125,0.936930350931793,1,decreasing,0.875,14,0.5714285714285714,PHYH
ENSG00000108883,8,8,-0.010999118889174663,0.936930350931793,0,decreasing,1.0,17,0.47058823529411764,EFTUD2
ENSG00000119392,8,8,-0.0025837475200083003,0.936930350931793,0,decreasing,1.0,15,0.5333333333333333,GLE1
ENSG00000124177,8,8,-0.005132543708212513,0.936930350931793,0,decreasing,1.0,16,0.5,CHD6
ENSG00000131558,8,8,-0.004008667474290575,0.936930350931793,0,decreasing,1.0,24,0.3333333333333333,EXOC4
ENSG00000132669,8,7,-0.014767103893211099,0.936930350931793,1,decreasing,0.875,22,0.36363636363636365,RIN2
ENSG00000135678,8,6,-0.005169456142188137,0.936930350931793,2,decreasing,0.75,24,0.3333333333333333,CPM
ENSG00000139323,8,8,-0.0061991858202514625,0.936930350931793,0,decreasing,1.0,22,0.36363636363636365,POC1B
ENSG00000148773,8,7,-0.0074745067139977625,0.936930350931793,1,decreasing,0.875,17,0.47058823529411764,MKI67
ENSG00000149231,8,8,-0.004560326470975762,0.936930350931793,0,decreasing,1.0,22,0.36363636363636365,CCDC82
ENSG00000156232,8,6,-0.00011434387880466249,0.936930350931793,2,decreasing,0.75,24,0.3333333333333333,WHAMM
ENSG00000156639,8,6,-0.008515103633888762,0.936930350931793,2,decreasing,0.75,24,0.3333333333333333,ZFAND3
ENSG00000159685,8,8,-0.009380775650051063,0.936930350931793,0,decreasing,1.0,14,0.5714285714285714,CHCHD6
ENSG00000162521,8,8,-0.02459359198273729,0.936930350931793,0,decreasing,1.0,18,0.4444444444444444,RBBP4
ENSG00000166949,8,6,-0.013110693311414413,0.936930350931793,2,decreasing,0.75,10,0.8,SMAD3
ENSG00000168092,8,7,8.552116252162482e-05,0.936930350931793,1,decreasing,0.875,24,0.3333333333333333,PAFAH1B2
ENSG00000170017,8,5,-0.003797650610380475,0.936930350931793,3,decreasing,0.625,22,0.36363636363636365,ALCAM
ENSG00000173163,8,7,-0.00218464158557975,0.936930350931793,1,decreasing,0.875,22,0.36363636363636365,COMMD1
ENSG00000174705,8,8,-0.005084531988319175,0.936930350931793,0,decreasing,1.0,17,0.47058823529411764,SH3PXD2B
ENSG00000175155,8,7,-0.0019521022573731625,0.936930350931793,1,decreasing,0.875,16,0.5,YPEL2
ENSG00000179583,8,7,-0.006393627401322013,0.936930350931793,1,decreasing,0.875,23,0.34782608695652173,CIITA
ENSG00000185561,8,8,-0.011695182605275337,0.936930350931793,0,decreasing,1.0,14,0.5714285714285714,TLCD2
ENSG00000197024,8,7,0.0014642526453454252,0.936930350931793,1,decreasing,0.875,17,0.47058823529411764,ZNF398
ENSG00000258064,8,6,-0.0014689191030923749,0.936930350931793,2,decreasing,0.75,17,0.47058823529411764,AC073612.1
ENSG00000005339,8,6,-0.004077079244975613,0.9330127018922194,2,decreasing,0.75,23,0.34782608695652173,CREBBP
ENSG00000006756,8,8,-0.022495095283469126,0.9330127018922194,0,decreasing,1.0,21,0.38095238095238093,ARSD
ENSG00000017797,8,8,-0.00815383438849125,0.9330127018922194,0,decreasing,1.0,18,0.4444444444444444,RALBP1
ENSG00000065882,8,7,-0.0014196596067488874,0.9330127018922194,1,decreasing,0.875,23,0.34782608695652173,TBC1D1
ENSG00000078140,8,7,-0.00338721120319685,0.9330127018922194,1,decreasing,0.875,24,0.3333333333333333,UBE2K
ENSG00000087460,8,6,-0.041655461918710265,0.9330127018922194,2,decreasing,0.75,23,0.34782608695652173,GNAS
ENSG00000087470,8,5,-0.002546053015923738,0.9330127018922194,3,decreasing,0.625,24,0.3333333333333333,DNM1L
ENSG00000094975,8,4,0.0016215712553787878,0.9330127018922194,4,decreasing,0.5,19,0.42105263157894735,SUCO
ENSG00000096968,8,6,0.0031353456716671623,0.9330127018922194,2,decreasing,0.75,23,0.34782608695652173,JAK2
ENSG00000099139,8,8,-0.0073880596727175125,0.9330127018922194,0,decreasing,1.0,23,0.34782608695652173,PCSK5
ENSG00000101160,8,6,-0.0033135086541166373,0.9330127018922194,2,decreasing,0.75,18,0.4444444444444444,CTSZ
ENSG00000104613,8,8,-0.005013085284518575,0.9330127018922194,0,decreasing,1.0,18,0.4444444444444444,INTS10
ENSG00000104973,8,7,-0.005191753938095237,0.9330127018922194,1,decreasing,0.875,23,0.34782608695652173,MED25
ENSG00000105438,8,8,-0.04463374160390779,0.9330127018922194,0,decreasing,1.0,17,0.47058823529411764,KDELR1
ENSG00000108854,8,7,0.00230289842116095,0.9330127018922194,1,decreasing,0.875,19,0.42105263157894735,SMURF2
ENSG00000111647,8,7,-0.013575671393961875,0.9330127018922194,1,decreasing,0.875,23,0.34782608695652173,UHRF1BP1L
ENSG00000113966,8,5,0.004700068967586349,0.9330127018922194,3,decreasing,0.625,15,0.5333333333333333,ARL6
ENSG00000115756,8,2,0.013517821876915526,0.9330127018922194,6,increasing,0.75,24,0.3333333333333333,HPCAL1
ENSG00000116698,8,7,-0.011724289286459626,0.9330127018922194,1,decreasing,0.875,19,0.42105263157894735,SMG7
ENSG00000119397,8,6,-0.00390417884365185,0.9330127018922194,2,decreasing,0.75,18,0.4444444444444444,CNTRL
ENSG00000119729,8,5,-0.00116936737966935,0.9330127018922194,3,decreasing,0.625,22,0.36363636363636365,RHOQ
ENSG00000123106,8,8,-0.0036310294782226625,0.9330127018922194,0,decreasing,1.0,24,0.3333333333333333,CCDC91
ENSG00000124782,8,7,-0.005779977077230625,0.9330127018922194,1,decreasing,0.875,24,0.3333333333333333,RREB1
ENSG00000124813,8,5,-0.0011920303782607877,0.9330127018922194,3,decreasing,0.625,19,0.42105263157894735,RUNX2
ENSG00000127948,8,5,0.00045265495407638716,0.9330127018922194,3,decreasing,0.625,23,0.34782608695652173,POR
ENSG00000130449,8,7,-0.00212141551254745,0.9330127018922194,1,decreasing,0.875,24,0.3333333333333333,ZSWIM6
ENSG00000136932,8,6,-0.008860730218945002,0.9330127018922194,2,decreasing,0.75,21,0.38095238095238093,TRMO
ENSG00000138385,8,7,-0.001823098911948775,0.9330127018922194,1,decreasing,0.875,21,0.38095238095238093,SSB
ENSG00000142409,8,7,-0.004945002913817388,0.9330127018922194,1,decreasing,0.875,20,0.4,ZNF787
ENSG00000145214,8,8,-0.015064200748673762,0.9330127018922194,0,decreasing,1.0,20,0.4,DGKQ
ENSG00000145416,8,6,0.0012849849736794251,0.9330127018922194,2,decreasing,0.75,23,0.34782608695652173,MARCHF1
ENSG00000148180,8,6,0.03735467701341374,0.9330127018922194,2,decreasing,0.75,18,0.4444444444444444,GSN
ENSG00000155158,8,6,-0.0100773479034069,0.9330127018922194,2,decreasing,0.75,21,0.38095238095238093,TTC39B
ENSG00000162601,8,5,-0.006666785557451288,0.9330127018922194,3,decreasing,0.625,23,0.34782608695652173,MYSM1
ENSG00000164164,8,7,-0.0024019069458871495,0.9330127018922194,1,decreasing,0.875,17,0.47058823529411764,OTUD4
ENSG00000165476,8,8,-0.009714609901498437,0.9330127018922194,0,decreasing,1.0,24,0.3333333333333333,REEP3
ENSG00000168016,8,8,-0.0058401477756569505,0.9330127018922194,0,decreasing,1.0,18,0.4444444444444444,TRANK1
ENSG00000168434,8,8,-0.004859078854627763,0.9330127018922194,0,decreasing,1.0,18,0.4444444444444444,COG7
ENSG00000169032,8,5,-0.001159965676317475,0.9330127018922194,3,decreasing,0.625,24,0.3333333333333333,MAP2K1
ENSG00000170379,8,8,-0.007449754596412288,0.9330127018922194,0,decreasing,1.0,19,0.42105263157894735,TCAF2
ENSG00000172292,8,7,-0.008865145437635912,0.9330127018922194,1,decreasing,0.875,23,0.34782608695652173,CERS6
ENSG00000185345,8,7,-0.00031635194577897454,0.9330127018922194,1,decreasing,0.875,21,0.38095238095238093,PRKN
ENSG00000187210,8,8,-0.009853534251108,0.9330127018922194,0,decreasing,1.0,22,0.36363636363636365,GCNT1
ENSG00000196605,8,8,-0.02650952200470624,0.9330127018922194,0,decreasing,1.0,21,0.38095238095238093,ZNF846
ENSG00000196715,8,5,-0.012120367486176113,0.9330127018922194,3,decreasing,0.625,24,0.3333333333333333,VKORC1L1
ENSG00000197969,8,6,-0.014917834114207175,0.9330127018922194,2,decreasing,0.75,24,0.3333333333333333,VPS13A
ENSG00000198521,8,7,-0.01982949833177869,0.9330127018922194,1,decreasing,0.875,24,0.3333333333333333,ZNF43
ENSG00000198740,8,6,-0.003893843417444638,0.9330127018922194,2,decreasing,0.75,21,0.38095238095238093,ZNF652
ENSG00000198952,8,6,-0.0022089857242630125,0.9330127018922194,2,decreasing,0.75,18,0.4444444444444444,SMG5
ENSG00000205269,8,8,-0.02083000159420905,0.9330127018922194,0,decreasing,1.0,20,0.4,TMEM170B
ENSG00000249624,8,6,-0.003849796500730225,0.9330127018922194,2,decreasing,0.75,19,0.42105263157894735,AP000295.1
ENSG00000069275,8,8,-0.004505501765512725,0.9305157631881074,0,decreasing,1.0,14,0.5714285714285714,NUCKS1
ENSG00000086848,8,8,-0.013816647389251787,0.9305157631881074,0,decreasing,1.0,16,0.5,ALG9
ENSG00000090020,8,8,-0.007167750291429262,0.9305157631881074,0,decreasing,1.0,24,0.3333333333333333,SLC9A1
ENSG00000090097,8,8,-0.010727916236749437,0.9305157631881074,0,decreasing,1.0,16,0.5,PCBP4
ENSG00000147202,8,8,-0.0033904231676785625,0.9305157631881074,0,decreasing,1.0,24,0.3333333333333333,DIAPH2
ENSG00000154783,8,8,-0.004815875670965262,0.9305157631881074,0,decreasing,1.0,19,0.42105263157894735,FGD5
ENSG00000167601,8,8,-0.0054403187045874496,0.9305157631881074,0,decreasing,1.0,23,0.34782608695652173,AXL
ENSG00000170348,8,6,-0.02089898079642061,0.9305157631881074,2,decreasing,0.75,21,0.38095238095238093,TMED10
ENSG00000172986,8,8,-0.007334356958703625,0.9305157631881074,0,decreasing,1.0,20,0.4,GXYLT2
ENSG00000196233,8,8,-0.013116297983335887,0.9305157631881074,0,decreasing,1.0,24,0.3333333333333333,LCOR
ENSG00000281039,8,7,-0.001795776573380188,0.9305157631881074,1,decreasing,0.875,19,0.42105263157894735,AC005154.5
ENSG00000081791,8,8,-0.0059496543064821005,0.9265981141485337,0,decreasing,1.0,18,0.4444444444444444,DELE1
ENSG00000082512,8,7,-0.004267782509859375,0.9265981141485337,1,decreasing,0.875,22,0.36363636363636365,TRAF5
ENSG00000089063,8,7,-0.0027954622297273377,0.9265981141485337,1,decreasing,0.875,19,0.42105263157894735,TMEM230
ENSG00000104756,8,6,-0.0017724129686538875,0.9265981141485337,2,decreasing,0.75,18,0.4444444444444444,KCTD9
ENSG00000105717,8,6,-0.010699425607842025,0.9265981141485337,2,decreasing,0.75,19,0.42105263157894735,PBX4
ENSG00000112335,8,8,-0.0047809732262352,0.9265981141485337,0,decreasing,1.0,24,0.3333333333333333,SNX3
ENSG00000113407,8,8,-0.007503509779195049,0.9265981141485337,0,decreasing,1.0,23,0.34782608695652173,TARS1
ENSG00000114423,8,7,-0.008525717861192363,0.9265981141485337,1,decreasing,0.875,22,0.36363636363636365,CBLB
ENSG00000117009,8,8,-0.0026939881812679,0.9265981141485337,0,decreasing,1.0,23,0.34782608695652173,KMO
ENSG00000121774,8,5,-0.0008974809343933876,0.9265981141485337,3,decreasing,0.625,23,0.34782608695652173,KHDRBS1
ENSG00000138760,8,8,-0.0045963287724617875,0.9265981141485337,0,decreasing,1.0,21,0.38095238095238093,SCARB2
ENSG00000145390,8,6,-0.0017233412662629498,0.9265981141485337,2,decreasing,0.75,17,0.47058823529411764,USP53
ENSG00000158985,8,6,0.0002561738382905876,0.9265981141485337,2,decreasing,0.75,24,0.3333333333333333,CDC42SE2
ENSG00000163935,8,8,-0.0045663650293552875,0.9265981141485337,0,decreasing,1.0,19,0.42105263157894735,SFMBT1
ENSG00000164091,8,6,-0.010590256791916199,0.9265981141485337,2,decreasing,0.75,17,0.47058823529411764,WDR82
ENSG00000165632,8,7,0.0002310925335389498,0.9265981141485337,1,decreasing,0.875,18,0.4444444444444444,TAF3
ENSG00000166579,8,8,-0.005969455049189112,0.9265981141485337,0,decreasing,1.0,23,0.34782608695652173,NDEL1
ENSG00000171488,8,8,-0.008246584188505749,0.9265981141485337,0,decreasing,1.0,23,0.34782608695652173,LRRC8C
ENSG00000172239,8,8,-0.009035939398218075,0.9265981141485337,0,decreasing,1.0,15,0.5333333333333333,PAIP1
ENSG00000175482,8,7,-0.010590714955481714,0.9265981141485337,1,decreasing,0.875,20,0.4,POLD4
ENSG00000198223,8,8,-0.0026394633529986875,0.9265981141485337,0,decreasing,1.0,24,0.3333333333333333,CSF2RA
ENSG00000077312,8,7,-0.00252227138351345,0.9265981141485335,1,decreasing,0.875,18,0.4444444444444444,SNRPA
ENSG00000115504,8,6,-0.008735582927690737,0.9265981141485335,2,decreasing,0.75,17,0.47058823529411764,EHBP1
ENSG00000139631,8,8,-0.0032892426553040124,0.9265981141485335,0,decreasing,1.0,15,0.5333333333333333,CSAD
ENSG00000143198,8,5,-0.004035450053515575,0.9265981141485335,3,decreasing,0.625,21,0.38095238095238093,MGST3
ENSG00000161929,8,8,-0.00732639356324695,0.9265981141485335,0,decreasing,1.0,17,0.47058823529411764,SCIMP
ENSG00000173950,8,8,-0.00542787967175065,0.9265981141485335,0,decreasing,1.0,16,0.5,XXYLT1
ENSG00000174282,8,6,-0.0025708371308406,0.9265981141485335,2,decreasing,0.75,17,0.47058823529411764,ZBTB4
ENSG00000185963,8,7,-0.012484015734017574,0.9265981141485335,1,decreasing,0.875,17,0.47058823529411764,BICD2
ENSG00000197102,8,6,-0.002577023580983037,0.9265981141485335,2,decreasing,0.75,24,0.3333333333333333,DYNC1H1
ENSG00000263001,8,7,-0.008561838262610475,0.9265981141485335,1,decreasing,0.875,19,0.42105263157894735,GTF2I
ENSG00000149923,8,8,-0.008183084869940176,0.9241011754444215,0,decreasing,1.0,20,0.4,PPP4C
ENSG00000038002,8,8,-0.006335120278695275,0.9201835264048479,0,decreasing,1.0,15,0.5333333333333333,AGA
ENSG00000070785,8,8,-0.0061444592383083875,0.9201835264048479,0,decreasing,1.0,21,0.38095238095238093,EIF2B3
ENSG00000107625,8,7,-0.0062717397503059755,0.9201835264048479,1,decreasing,0.875,21,0.38095238095238093,DDX50
ENSG00000119986,8,8,-0.0038824745611183375,0.9201835264048479,0,decreasing,1.0,15,0.5333333333333333,AVPI1
ENSG00000138246,8,7,-0.004181869923186525,0.9201835264048479,1,decreasing,0.875,14,0.5714285714285714,DNAJC13
ENSG00000145907,8,8,-0.008806856511409687,0.9201835264048479,0,decreasing,1.0,22,0.36363636363636365,G3BP1
ENSG00000148841,8,7,-0.005805389258669013,0.9201835264048479,1,decreasing,0.875,15,0.5333333333333333,ITPRIP
ENSG00000153815,8,8,-0.007436843263959163,0.9201835264048479,0,decreasing,1.0,24,0.3333333333333333,CMIP
ENSG00000158714,8,8,-0.00579849835963465,0.9201835264048479,0,decreasing,1.0,15,0.5333333333333333,SLAMF8
ENSG00000167107,8,8,-0.008245437405527975,0.9201835264048479,0,decreasing,1.0,21,0.38095238095238093,ACSF2
ENSG00000170802,8,6,-0.001471229364471075,0.9201835264048479,2,decreasing,0.75,22,0.36363636363636365,FOXN2
ENSG00000198019,8,7,-0.003595981777478725,0.9201835264048479,1,decreasing,0.875,20,0.4,FCGR1B
ENSG00000256591,8,7,-0.0035876806829471127,0.9201835264048479,1,decreasing,0.875,21,0.38095238095238093,AP003108.2
ENSG00000286235,8,7,-0.0038575980096362,0.9201835264048479,1,decreasing,0.875,23,0.34782608695652173,AL035461.4
ENSG00000183060,8,8,-0.00523602273458465,0.9176865877007359,0,decreasing,1.0,15,0.5333333333333333,LYSMD4
ENSG00000026652,8,4,0.005556215078151375,0.9162658773652742,4,decreasing,0.5,24,0.3333333333333333,AGPAT4
ENSG00000048991,8,8,-0.008785424276086225,0.9162658773652742,0,decreasing,1.0,18,0.4444444444444444,R3HDM1
ENSG00000049860,8,8,-0.0035463600925048624,0.9162658773652742,0,decreasing,1.0,21,0.38095238095238093,HEXB
ENSG00000066777,8,8,-0.0070407227429289,0.9162658773652742,0,decreasing,1.0,24,0.3333333333333333,ARFGEF1
ENSG00000067167,8,8,-0.005585143024920938,0.9162658773652742,0,decreasing,1.0,17,0.47058823529411764,TRAM1
ENSG00000075223,8,7,-0.005798958121587938,0.9162658773652742,1,decreasing,0.875,21,0.38095238095238093,SEMA3C
ENSG00000086666,8,5,-0.0018912935468835624,0.9162658773652742,3,decreasing,0.625,19,0.42105263157894735,ZFAND6
ENSG00000092068,8,7,-0.006128054757611337,0.9162658773652742,1,decreasing,0.875,21,0.38095238095238093,SLC7A8
ENSG00000101040,8,7,0.00013784912659031278,0.9162658773652742,1,decreasing,0.875,18,0.4444444444444444,ZMYND8
ENSG00000104951,8,8,-0.01024332769603705,0.9162658773652742,0,decreasing,1.0,21,0.38095238095238093,IL4I1
ENSG00000107864,8,8,-0.0637552255469942,0.9162658773652742,0,decreasing,1.0,24,0.3333333333333333,CPEB3
ENSG00000108256,8,7,-0.0059878914341647375,0.9162658773652742,1,decreasing,0.875,22,0.36363636363636365,NUFIP2
ENSG00000110768,8,7,-0.013106273709892799,0.9162658773652742,1,decreasing,0.875,21,0.38095238095238093,GTF2H1
ENSG00000119522,8,7,-0.00924137525275765,0.9162658773652742,1,decreasing,0.875,22,0.36363636363636365,DENND1A
ENSG00000124356,8,8,-0.0063536176648058135,0.9162658773652742,0,decreasing,1.0,16,0.5,STAMBP
ENSG00000124588,8,7,-0.011631104169290262,0.9162658773652742,1,decreasing,0.875,23,0.34782608695652173,NQO2
ENSG00000124831,8,8,-0.00297564450272895,0.9162658773652742,0,decreasing,1.0,24,0.3333333333333333,LRRFIP1
ENSG00000137817,8,8,-0.006225902811749862,0.9162658773652742,0,decreasing,1.0,16,0.5,PARP6
ENSG00000138802,8,5,-0.006436225086614801,0.9162658773652742,3,decreasing,0.625,24,0.3333333333333333,SEC24B
ENSG00000139668,8,8,-0.03575220370726638,0.9162658773652742,0,decreasing,1.0,24,0.3333333333333333,WDFY2
ENSG00000156508,8,8,-0.016815333668628325,0.9162658773652742,0,decreasing,1.0,23,0.34782608695652173,EEF1A1
ENSG00000158864,8,7,-0.0512577968518729,0.9162658773652742,1,decreasing,0.875,16,0.5,NDUFS2
ENSG00000170634,8,8,-0.010308658196511075,0.9162658773652742,0,decreasing,1.0,24,0.3333333333333333,ACYP2
ENSG00000175467,8,6,-0.006364522053412525,0.9162658773652742,2,decreasing,0.75,23,0.34782608695652173,SART1
ENSG00000176485,8,8,-0.006006906709542125,0.9162658773652742,0,decreasing,1.0,21,0.38095238095238093,PLAAT3
ENSG00000198954,8,8,-0.008047660745746062,0.9162658773652742,0,decreasing,1.0,20,0.4,KIFBP
ENSG00000206190,8,7,-0.0166920943882292,0.9162658773652742,1,decreasing,0.875,23,0.34782608695652173,ATP10A
ENSG00000104643,8,8,-0.008539485027793014,0.9137689386611622,0,decreasing,1.0,22,0.36363636363636365,MTMR9
ENSG00000101574,8,7,-0.005358714170844488,0.913768938661162,1,decreasing,0.875,17,0.47058823529411764,METTL4
ENSG00000068784,8,6,-0.014701702981167537,0.9098512896215885,2,decreasing,0.75,21,0.38095238095238093,SRBD1
ENSG00000102710,8,8,-0.004022887311266987,0.9098512896215885,0,decreasing,1.0,20,0.4,SUPT20H
ENSG00000115514,8,8,-0.006576065049376775,0.9098512896215885,0,decreasing,1.0,21,0.38095238095238093,TXNDC9
ENSG00000119408,8,8,-0.011065800309846288,0.9098512896215885,0,decreasing,1.0,19,0.42105263157894735,NEK6
ENSG00000126804,8,6,0.0005211542320623628,0.9098512896215885,2,decreasing,0.75,21,0.38095238095238093,ZBTB1
ENSG00000129515,8,7,-0.0034217013300388375,0.9098512896215885,1,decreasing,0.875,24,0.3333333333333333,SNX6
ENSG00000137145,8,8,-0.012666855166224789,0.9098512896215885,0,decreasing,1.0,24,0.3333333333333333,DENND4C
ENSG00000139131,8,7,-0.003545696341331163,0.9098512896215885,1,decreasing,0.875,23,0.34782608695652173,YARS2
ENSG00000148300,8,5,-0.0007192800844728375,0.9098512896215885,3,decreasing,0.625,16,0.5,REXO4
ENSG00000153107,8,7,-0.0023175691202633,0.9098512896215885,1,decreasing,0.875,14,0.5714285714285714,ANAPC1
ENSG00000159256,8,5,-0.0027650355568843875,0.9098512896215885,3,decreasing,0.625,22,0.36363636363636365,MORC3
ENSG00000169180,8,8,-0.005979705685985313,0.9098512896215885,0,decreasing,1.0,21,0.38095238095238093,XPO6
ENSG00000169635,8,6,0.005340242977649562,0.9098512896215885,2,decreasing,0.75,21,0.38095238095238093,HIC2
ENSG00000180694,8,8,-0.005324016915694725,0.9098512896215885,0,decreasing,1.0,16,0.5,TMEM64
ENSG00000139117,8,7,-0.001497308401996725,0.9073543509174764,1,decreasing,0.875,22,0.36363636363636365,CPNE8
ENSG00000103047,8,8,-0.005249629742951937,0.899519052838329,0,decreasing,1.0,18,0.4444444444444444,TANGO6
ENSG00000114742,8,6,-0.0007251979057423376,0.899519052838329,2,decreasing,0.75,16,0.5,WDR48
ENSG00000118508,8,7,-0.007989213122917338,0.899519052838329,1,decreasing,0.875,16,0.5,RAB32
ENSG00000120008,8,7,-0.013140247306493337,0.899519052838329,1,decreasing,0.875,15,0.5333333333333333,WDR11
ENSG00000134352,8,8,-0.02319419237294901,0.899519052838329,0,decreasing,1.0,23,0.34782608695652173,IL6ST
ENSG00000134490,8,6,0.015597745613012599,0.899519052838329,2,decreasing,0.75,17,0.47058823529411764,TMEM241
ENSG00000136478,8,8,-0.015462195075160851,0.899519052838329,0,decreasing,1.0,22,0.36363636363636365,TEX2
ENSG00000137393,8,8,-0.009040767858223787,0.899519052838329,0,decreasing,1.0,24,0.3333333333333333,RNF144B
ENSG00000144320,8,8,-0.00405018878713435,0.899519052838329,0,decreasing,1.0,15,0.5333333333333333,LNPK
ENSG00000162704,8,8,-0.0171753586351375,0.899519052838329,0,decreasing,1.0,16,0.5,ARPC5
ENSG00000163590,8,8,-0.0069741995778997996,0.899519052838329,0,decreasing,1.0,22,0.36363636363636365,PPM1L
ENSG00000169813,8,5,0.022095075717555788,0.899519052838329,3,decreasing,0.625,24,0.3333333333333333,HNRNPF
ENSG00000170854,8,7,-0.0018276503306558249,0.899519052838329,1,decreasing,0.875,15,0.5333333333333333,RIOX2
ENSG00000197471,8,8,-0.003705615066173525,0.899519052838329,0,decreasing,1.0,20,0.4,SPN
ENSG00000263465,8,7,-0.03136169511061952,0.899519052838329,1,decreasing,0.875,15,0.5333333333333333,SRSF8
ENSG00000106780,7,4,0.021540589763298514,1.0,3,decreasing,0.5714285714285714,24,0.2916666666666667,MEGF9
ENSG00000113240,7,3,0.012367142749714144,1.0,4,increasing,0.5714285714285714,19,0.3684210526315789,CLK4
ENSG00000113615,7,3,0.0060630349945938284,1.0,4,increasing,0.5714285714285714,23,0.30434782608695654,SEC24A
ENSG00000135185,7,3,0.002790989362424914,1.0,4,increasing,0.5714285714285714,23,0.30434782608695654,TMEM243
ENSG00000137275,7,3,0.024453787807880843,1.0,4,increasing,0.5714285714285714,23,0.30434782608695654,RIPK1
ENSG00000139496,7,4,-0.001024015212328343,1.0,3,decreasing,0.5714285714285714,23,0.30434782608695654,NUP58
ENSG00000163131,7,4,-0.002309804663410957,1.0,3,decreasing,0.5714285714285714,19,0.3684210526315789,CTSS
ENSG00000168005,7,6,-0.008408316546158255,1.0,1,decreasing,0.8571428571428571,18,0.3888888888888889,SPINDOC
ENSG00000182150,7,5,4.667553141262842e-05,1.0,2,decreasing,0.7142857142857143,21,0.3333333333333333,ERCC6L2
ENSG00000182903,7,6,-0.0032507483597032857,1.0,1,decreasing,0.8571428571428571,24,0.2916666666666667,ZNF721
ENSG00000205268,7,5,-0.0023479369904365146,1.0,2,decreasing,0.7142857142857143,23,0.30434782608695654,PDE7A
ENSG00000241973,7,4,-0.0019181265064009852,1.0,3,decreasing,0.5714285714285714,18,0.3888888888888889,PI4KA
ENSG00000271793,7,3,0.000720732435800686,1.0,4,increasing,0.5714285714285714,23,0.30434782608695654,AL589666.1
ENSG00000013374,7,5,-0.00030772901881688546,0.9926690425786449,2,decreasing,0.7142857142857143,9,0.7777777777777778,NUB1
ENSG00000023909,7,3,0.0034330760377036,0.9926690425786449,4,increasing,0.5714285714285714,23,0.30434782608695654,GCLM
ENSG00000065526,7,6,-0.0009858433638429284,0.9926690425786449,1,decreasing,0.8571428571428571,24,0.2916666666666667,SPEN
ENSG00000079246,7,4,-0.005084685555991915,0.9926690425786449,3,decreasing,0.5714285714285714,17,0.4117647058823529,XRCC5
ENSG00000080298,7,7,-0.011585565071588472,0.9926690425786449,0,decreasing,1.0,24,0.2916666666666667,RFX3
ENSG00000100647,7,5,-0.0029441974640363566,0.9926690425786449,2,decreasing,0.7142857142857143,10,0.7,SUSD6
ENSG00000101290,7,6,-0.018481971988339597,0.9926690425786449,1,decreasing,0.8571428571428571,21,0.3333333333333333,CDS2
ENSG00000106153,7,7,-0.008453300915080399,0.9926690425786449,0,decreasing,1.0,18,0.3888888888888889,CHCHD2
ENSG00000110315,7,4,0.011151263933102215,0.9926690425786449,3,decreasing,0.5714285714285714,20,0.35,RNF141
ENSG00000123342,7,1,0.014099871583190829,0.9926690425786449,6,increasing,0.8571428571428571,21,0.3333333333333333,MMP19
ENSG00000125633,7,4,0.012101269700255685,0.9926690425786449,3,decreasing,0.5714285714285714,24,0.2916666666666667,CCDC93
ENSG00000137845,7,5,-0.010130566620764,0.9926690425786449,2,decreasing,0.7142857142857143,23,0.30434782608695654,ADAM10
ENSG00000138095,7,4,0.0038978476022990573,0.9926690425786449,3,decreasing,0.5714285714285714,10,0.7,LRPPRC
ENSG00000139438,7,4,-0.0013783533037567146,0.9926690425786449,3,decreasing,0.5714285714285714,9,0.7777777777777778,FAM222A
ENSG00000156411,7,5,-0.008615778049372858,0.9926690425786449,2,decreasing,0.7142857142857143,17,0.4117647058823529,ATP5MPL
ENSG00000161217,7,4,-0.02027850744954877,0.9926690425786449,3,decreasing,0.5714285714285714,24,0.2916666666666667,PCYT1A
ENSG00000170571,7,6,-0.006994763460370872,0.9926690425786449,1,decreasing,0.8571428571428571,23,0.30434782608695654,EMB
ENSG00000187742,7,7,-0.004902832585268214,0.9926690425786449,0,decreasing,1.0,15,0.4666666666666667,SECISBP2
ENSG00000206562,7,6,-0.005483435724137286,0.9926690425786449,1,decreasing,0.8571428571428571,21,0.3333333333333333,METTL6
ENSG00000254692,7,7,-0.009606388020057284,0.9926690425786449,0,decreasing,1.0,21,0.3333333333333333,AL136295.1
ENSG00000119912,7,5,0.0020833307835592,0.9853380851572897,2,decreasing,0.7142857142857143,21,0.3333333333333333,IDE
ENSG00000136770,7,3,0.002233966407608014,0.9853380851572897,4,increasing,0.5714285714285714,10,0.7,DNAJC1
ENSG00000139714,7,5,-0.00048418279574665747,0.9853380851572897,2,decreasing,0.7142857142857143,17,0.4117647058823529,MORN3
ENSG00000020633,7,4,-0.0023324738159702573,0.9808607719692056,3,decreasing,0.5714285714285714,19,0.3684210526315789,RUNX3
ENSG00000076321,7,6,-0.0027229105234887288,0.9808607719692056,1,decreasing,0.8571428571428571,24,0.2916666666666667,KLHL20
ENSG00000100461,7,7,-0.008282588725882714,0.9808607719692056,0,decreasing,1.0,19,0.3684210526315789,RBM23
ENSG00000103415,7,5,0.0006583215871785146,0.9808607719692056,2,decreasing,0.7142857142857143,23,0.30434782608695654,HMOX2
ENSG00000106682,7,3,0.00730055023625407,0.9808607719692056,4,increasing,0.5714285714285714,18,0.3888888888888889,EIF4H
ENSG00000108406,7,4,0.019251049365268315,0.9808607719692056,3,decreasing,0.5714285714285714,18,0.3888888888888889,DHX40
ENSG00000119685,7,6,-0.006581970236384129,0.9808607719692056,1,decreasing,0.8571428571428571,23,0.30434782608695654,TTLL5
ENSG00000120063,7,5,0.0133870513894361,0.9808607719692056,2,decreasing,0.7142857142857143,24,0.2916666666666667,GNA13
ENSG00000120437,7,4,0.0016056313709880143,0.9808607719692056,3,decreasing,0.5714285714285714,22,0.3181818181818182,ACAT2
ENSG00000122783,7,4,-0.014703291936294173,0.9808607719692056,3,decreasing,0.5714285714285714,17,0.4117647058823529,CYREN
ENSG00000149084,7,6,-0.005598578743809557,0.9808607719692056,1,decreasing,0.8571428571428571,18,0.3888888888888889,HSD17B12
ENSG00000152061,7,4,-0.008637035686601242,0.9808607719692056,3,decreasing,0.5714285714285714,24,0.2916666666666667,RABGAP1L
ENSG00000153561,7,3,-0.00020401542530542853,0.9808607719692056,4,increasing,0.5714285714285714,24,0.2916666666666667,RMND5A
ENSG00000162734,7,3,0.005807705309150757,0.9808607719692056,4,increasing,0.5714285714285714,17,0.4117647058823529,PEA15
ENSG00000166689,7,1,0.011738725534559614,0.9808607719692056,6,increasing,0.8571428571428571,24,0.2916666666666667,PLEKHA7
ENSG00000167522,7,4,0.008654787580867414,0.9808607719692056,3,decreasing,0.5714285714285714,24,0.2916666666666667,ANKRD11
ENSG00000168421,7,6,0.0038454464364476573,0.9808607719692056,1,decreasing,0.8571428571428571,22,0.3181818181818182,RHOH
ENSG00000173153,7,7,-0.016668765809999285,0.9808607719692056,0,decreasing,1.0,16,0.4375,ESRRA
ENSG00000173715,7,5,-0.0004582526264753857,0.9808607719692056,2,decreasing,0.7142857142857143,19,0.3684210526315789,C11orf80
ENSG00000175220,7,5,-0.0007180619170335143,0.9808607719692056,2,decreasing,0.7142857142857143,19,0.3684210526315789,ARHGAP1
ENSG00000184007,7,6,-0.009086682835457672,0.9808607719692056,1,decreasing,0.8571428571428571,14,0.5,PTP4A2
ENSG00000196843,7,6,-0.012380482439634558,0.9808607719692056,1,decreasing,0.8571428571428571,23,0.30434782608695654,ARID5A
ENSG00000198964,7,4,-0.0038235810748647285,0.9808607719692056,3,decreasing,0.5714285714285714,24,0.2916666666666667,SGMS1
ENSG00000285258,7,5,-0.0019868734185860713,0.9808607719692056,2,decreasing,0.7142857142857143,18,0.3888888888888889,ATXN7
ENSG00000002834,7,6,-0.007800434076022586,0.9808607719692055,1,decreasing,0.8571428571428571,24,0.2916666666666667,LASP1
ENSG00000058600,7,3,0.05939977017788161,0.9808607719692055,4,increasing,0.5714285714285714,23,0.30434782608695654,POLR3E
ENSG00000077238,7,4,-0.0005246990201997998,0.9808607719692055,3,decreasing,0.5714285714285714,22,0.3181818181818182,IL4R
ENSG00000104064,7,6,0.002857476105446886,0.9808607719692055,1,decreasing,0.8571428571428571,23,0.30434782608695654,GABPB1
ENSG00000105835,7,5,-0.004224119458362457,0.9808607719692055,2,decreasing,0.7142857142857143,23,0.30434782608695654,NAMPT
ENSG00000108561,7,5,-0.004806814985996057,0.9808607719692055,2,decreasing,0.7142857142857143,23,0.30434782608695654,C1QBP
ENSG00000111653,7,2,0.0087814063541614,0.9808607719692055,5,increasing,0.7142857142857143,17,0.4117647058823529,ING4
ENSG00000127914,7,4,-0.004220912737727728,0.9808607719692055,3,decreasing,0.5714285714285714,24,0.2916666666666667,AKAP9
ENSG00000129518,7,6,0.006767459647714872,0.9808607719692055,1,decreasing,0.8571428571428571,23,0.30434782608695654,EAPP
ENSG00000138834,7,4,0.010122016809889186,0.9808607719692055,3,decreasing,0.5714285714285714,20,0.35,MAPK8IP3
ENSG00000143756,7,6,-0.004104398180979572,0.9808607719692055,1,decreasing,0.8571428571428571,24,0.2916666666666667,FBXO28
ENSG00000147872,7,6,-0.0072207656599698,0.9808607719692055,1,decreasing,0.8571428571428571,21,0.3333333333333333,PLIN2
ENSG00000150593,7,4,-0.0015657052525267572,0.9808607719692055,3,decreasing,0.5714285714285714,16,0.4375,PDCD4
ENSG00000151151,7,4,0.008108466762012628,0.9808607719692055,3,decreasing,0.5714285714285714,24,0.2916666666666667,IPMK
ENSG00000157764,7,2,0.004522697026492828,0.9808607719692055,5,increasing,0.7142857142857143,24,0.2916666666666667,BRAF
ENSG00000166920,7,4,0.0028387817590562856,0.9808607719692055,3,decreasing,0.5714285714285714,22,0.3181818181818182,C15orf48
ENSG00000171793,7,3,0.005070027040392986,0.9808607719692055,4,increasing,0.5714285714285714,17,0.4117647058823529,CTPS1
ENSG00000183889,7,6,-0.0051937639823801274,0.9808607719692055,1,decreasing,0.8571428571428571,18,0.3888888888888889,AC138969.1
ENSG00000197563,7,4,-0.0007747935817019004,0.9808607719692055,3,decreasing,0.5714285714285714,19,0.3684210526315789,PIGN
ENSG00000257923,7,2,0.022419512877308426,0.9808607719692055,5,increasing,0.7142857142857143,24,0.2916666666666667,CUX1
ENSG00000086589,7,5,-0.0061860339549103865,0.9780071277359346,2,decreasing,0.7142857142857143,17,0.4117647058823529,RBM22
ENSG00000157933,7,6,-0.037968919094043506,0.9780071277359346,1,decreasing,0.8571428571428571,23,0.30434782608695654,SKI
ENSG00000162909,7,7,-0.00854723219688957,0.9780071277359346,0,decreasing,1.0,23,0.30434782608695654,CAPN2
ENSG00000169895,7,5,-0.022927919488707087,0.9780071277359346,2,decreasing,0.7142857142857143,10,0.7,SYAP1
ENSG00000074696,7,7,-0.007200330036278685,0.9735298145478505,0,decreasing,1.0,19,0.3684210526315789,HACD3
ENSG00000099995,7,4,-0.020570561511868986,0.9735298145478505,3,decreasing,0.5714285714285714,23,0.30434782608695654,SF3A1
ENSG00000130640,7,7,-0.012624617130336257,0.9735298145478505,0,decreasing,1.0,22,0.3181818181818182,TUBGCP2
ENSG00000151414,7,7,-0.007806804425600842,0.9735298145478505,0,decreasing,1.0,19,0.3684210526315789,NEK7
ENSG00000165264,7,6,-0.004228895229564229,0.9735298145478505,1,decreasing,0.8571428571428571,18,0.3888888888888889,NDUFB6
ENSG00000178971,7,6,-0.009776291718492728,0.9735298145478505,1,decreasing,0.8571428571428571,17,0.4117647058823529,CTC1
ENSG00000001167,7,5,-0.002118015902177714,0.9735298145478504,2,decreasing,0.7142857142857143,22,0.3181818181818182,NFYA
ENSG00000060749,7,6,-0.010363246815537987,0.9735298145478504,1,decreasing,0.8571428571428571,16,0.4375,QSER1
ENSG00000088367,7,5,0.0074585645246995425,0.9735298145478504,2,decreasing,0.7142857142857143,21,0.3333333333333333,EPB41L1
ENSG00000091127,7,5,-0.0009712430431665286,0.9735298145478504,2,decreasing,0.7142857142857143,18,0.3888888888888889,PUS7
ENSG00000101596,7,5,0.006061469935944314,0.9735298145478504,2,decreasing,0.7142857142857143,24,0.2916666666666667,SMCHD1
ENSG00000102572,7,6,-0.0027155509627634286,0.9735298145478504,1,decreasing,0.8571428571428571,24,0.2916666666666667,STK24
ENSG00000103769,7,5,0.00012432173895511446,0.9735298145478504,2,decreasing,0.7142857142857143,24,0.2916666666666667,RAB11A
ENSG00000107862,7,4,0.00011404123616672866,0.9735298145478504,3,decreasing,0.5714285714285714,24,0.2916666666666667,GBF1
ENSG00000108424,7,6,-0.0055792890772738,0.9735298145478504,1,decreasing,0.8571428571428571,24,0.2916666666666667,KPNB1
ENSG00000113387,7,3,0.0015990557569448428,0.9735298145478504,4,increasing,0.5714285714285714,21,0.3333333333333333,SUB1
ENSG00000117500,7,7,-0.006940638399299186,0.9735298145478504,0,decreasing,1.0,24,0.2916666666666667,TMED5
ENSG00000122557,7,5,-0.002379954040173614,0.9735298145478504,2,decreasing,0.7142857142857143,24,0.2916666666666667,HERPUD2
ENSG00000125868,7,4,-0.000895595983512686,0.9735298145478504,3,decreasing,0.5714285714285714,23,0.30434782608695654,DSTN
ENSG00000130193,7,7,-0.0055807766966929715,0.9735298145478504,0,decreasing,1.0,17,0.4117647058823529,THEM6
ENSG00000141458,7,2,0.00890542535058517,0.9735298145478504,5,increasing,0.7142857142857143,24,0.2916666666666667,NPC1
ENSG00000145740,7,4,0.003030568023959457,0.9735298145478504,3,decreasing,0.5714285714285714,19,0.3684210526315789,SLC30A5
ENSG00000146757,7,3,0.03513917757295244,0.9735298145478504,4,increasing,0.5714285714285714,9,0.7777777777777778,ZNF92
ENSG00000150455,7,5,-0.0024276604756100287,0.9735298145478504,2,decreasing,0.7142857142857143,20,0.35,TIRAP
ENSG00000153046,7,6,-0.002667857367939943,0.9735298145478504,1,decreasing,0.8571428571428571,22,0.3181818181818182,CDYL
ENSG00000159352,7,4,0.004849780514261943,0.9735298145478504,3,decreasing,0.5714285714285714,24,0.2916666666666667,PSMD4
ENSG00000162641,7,4,0.007100886106521957,0.9735298145478504,3,decreasing,0.5714285714285714,23,0.30434782608695654,AKNAD1
ENSG00000168216,7,5,-0.004497687376998371,0.9735298145478504,2,decreasing,0.7142857142857143,19,0.3684210526315789,LMBRD1
ENSG00000180329,7,4,0.009308665566798657,0.9735298145478504,3,decreasing,0.5714285714285714,16,0.4375,CCDC43
ENSG00000182108,7,6,-0.005543164770611157,0.9735298145478504,1,decreasing,0.8571428571428571,17,0.4117647058823529,DEXI
ENSG00000185158,7,5,-0.005614754806851557,0.9735298145478504,2,decreasing,0.7142857142857143,18,0.3888888888888889,LRRC37B
ENSG00000198087,7,2,0.008058637743853942,0.9735298145478504,5,increasing,0.7142857142857143,19,0.3684210526315789,CD2AP
ENSG00000204435,7,6,-0.012812889680352355,0.9735298145478504,1,decreasing,0.8571428571428571,18,0.3888888888888889,CSNK2B
ENSG00000215421,7,6,-0.003144282261834914,0.9735298145478504,1,decreasing,0.8571428571428571,23,0.30434782608695654,ZNF407
ENSG00000263513,7,7,-0.0155750476914204,0.9735298145478504,0,decreasing,1.0,17,0.4117647058823529,FAM72C
ENSG00000271254,7,3,0.003475284426442214,0.9735298145478504,4,increasing,0.5714285714285714,24,0.2916666666666667,AC240274.1
ENSG00000131269,7,6,-0.012856980941382186,0.9661988571264953,1,decreasing,0.8571428571428571,9,0.7777777777777778,ABCB7
ENSG00000131495,7,5,-0.0036244675692677004,0.9661988571264953,2,decreasing,0.7142857142857143,10,0.7,NDUFA2
ENSG00000160613,7,6,-0.008686410654112487,0.9661988571264953,1,decreasing,0.8571428571428571,21,0.3333333333333333,PCSK7
ENSG00000177565,7,7,-0.006038230419650314,0.9661988571264953,0,decreasing,1.0,10,0.7,TBL1XR1
ENSG00000090006,7,7,-0.0054127354332435705,0.9661988571264952,0,decreasing,1.0,16,0.4375,LTBP4
ENSG00000102893,7,6,-0.0019165952265322286,0.9661988571264952,1,decreasing,0.8571428571428571,23,0.30434782608695654,PHKB
ENSG00000105127,7,4,0.0012068592077084002,0.9661988571264952,3,decreasing,0.5714285714285714,21,0.3333333333333333,AKAP8
ENSG00000109606,7,4,0.007001639119104043,0.9661988571264952,3,decreasing,0.5714285714285714,21,0.3333333333333333,DHX15
ENSG00000112763,7,6,-0.002813474009444671,0.9661988571264952,1,decreasing,0.8571428571428571,21,0.3333333333333333,BTN2A1
ENSG00000118257,7,7,-0.007731474892264457,0.9661988571264952,0,decreasing,1.0,18,0.3888888888888889,NRP2
ENSG00000118689,7,4,-0.00047784952396500005,0.9661988571264952,3,decreasing,0.5714285714285714,24,0.2916666666666667,FOXO3
ENSG00000130816,7,7,-0.005374349023189672,0.9661988571264952,0,decreasing,1.0,17,0.4117647058823529,DNMT1
ENSG00000139318,7,7,-0.0064323938583904575,0.9661988571264952,0,decreasing,1.0,16,0.4375,DUSP6
ENSG00000140320,7,5,-0.001960078892938657,0.9661988571264952,2,decreasing,0.7142857142857143,22,0.3181818181818182,BAHD1
ENSG00000152127,7,7,-0.004754178942664357,0.9661988571264952,0,decreasing,1.0,24,0.2916666666666667,MGAT5
ENSG00000153936,7,4,0.0032854520575381144,0.9661988571264952,3,decreasing,0.5714285714285714,23,0.30434782608695654,HS2ST1
ENSG00000155926,7,7,-0.0032590033683125713,0.9661988571264952,0,decreasing,1.0,17,0.4117647058823529,SLA
ENSG00000157107,7,6,-0.005473464008137514,0.9661988571264952,1,decreasing,0.8571428571428571,21,0.3333333333333333,FCHO2
ENSG00000165669,7,7,-0.009386030025064085,0.9661988571264952,0,decreasing,1.0,23,0.30434782608695654,FAM204A
ENSG00000180370,7,6,-0.0011371185340349004,0.9661988571264952,1,decreasing,0.8571428571428571,24,0.2916666666666667,PAK2
ENSG00000182220,7,6,-0.019353011408506014,0.9661988571264952,1,decreasing,0.8571428571428571,21,0.3333333333333333,ATP6AP2
ENSG00000185261,7,7,-0.02514169166930616,0.9661988571264952,0,decreasing,1.0,21,0.3333333333333333,KIAA0825
ENSG00000185697,7,7,-0.011667663913267201,0.9661988571264952,0,decreasing,1.0,18,0.3888888888888889,MYBL1
ENSG00000268975,7,5,-0.0022479128152431862,0.9661988571264952,2,decreasing,0.7142857142857143,17,0.4117647058823529,MIA-RAB4B
ENSG00000028137,7,3,-0.011278571238905643,0.9617215439384111,4,increasing,0.5714285714285714,23,0.30434782608695654,TNFRSF1B
ENSG00000057252,7,6,-0.00045614125943291446,0.9617215439384111,1,decreasing,0.8571428571428571,23,0.30434782608695654,SOAT1
ENSG00000068831,7,5,-0.008293336551265042,0.9617215439384111,2,decreasing,0.7142857142857143,22,0.3181818181818182,RASGRP2
ENSG00000082153,7,4,0.01747288952177724,0.9617215439384111,3,decreasing,0.5714285714285714,21,0.3333333333333333,BZW1
ENSG00000091592,7,6,-0.0074090015853367,0.9617215439384111,1,decreasing,0.8571428571428571,24,0.2916666666666667,NLRP1
ENSG00000100234,7,5,-0.005647018675491014,0.9617215439384111,2,decreasing,0.7142857142857143,18,0.3888888888888889,TIMP3
ENSG00000104852,7,6,-0.0079937222003649,0.9617215439384111,1,decreasing,0.8571428571428571,23,0.30434782608695654,SNRNP70
ENSG00000104853,7,6,-0.005521999573885514,0.9617215439384111,1,decreasing,0.8571428571428571,10,0.7,CLPTM1
ENSG00000106266,7,4,0.0034525721448398286,0.9617215439384111,3,decreasing,0.5714285714285714,23,0.30434782608695654,SNX8
ENSG00000109466,7,5,0.0041896174323071715,0.9617215439384111,2,decreasing,0.7142857142857143,22,0.3181818181818182,KLHL2
ENSG00000111877,7,4,-0.009173056617188485,0.9617215439384111,3,decreasing,0.5714285714285714,23,0.30434782608695654,MCM9
ENSG00000113658,7,3,0.01644062014624344,0.9617215439384111,4,increasing,0.5714285714285714,17,0.4117647058823529,SMAD5
ENSG00000115159,7,7,-0.05703593897254015,0.9617215439384111,0,decreasing,1.0,23,0.30434782608695654,GPD2
ENSG00000116539,7,2,0.01682060061024457,0.9617215439384111,5,increasing,0.7142857142857143,24,0.2916666666666667,ASH1L
ENSG00000120253,7,3,0.0125452759415811,0.9617215439384111,4,increasing,0.5714285714285714,17,0.4117647058823529,NUP43
ENSG00000120963,7,4,0.0008311423985182427,0.9617215439384111,3,decreasing,0.5714285714285714,18,0.3888888888888889,ZNF706
ENSG00000121957,7,5,-0.010542145257186272,0.9617215439384111,2,decreasing,0.7142857142857143,17,0.4117647058823529,GPSM2
ENSG00000123066,7,2,0.0018076499840485715,0.9617215439384111,5,increasing,0.7142857142857143,24,0.2916666666666667,MED13L
ENSG00000125977,7,5,0.006149636560124072,0.9617215439384111,2,decreasing,0.7142857142857143,22,0.3181818181818182,EIF2S2
ENSG00000132466,7,5,-0.0045240355330906715,0.9617215439384111,2,decreasing,0.7142857142857143,24,0.2916666666666667,ANKRD17
ENSG00000133731,7,6,-0.027466800213737985,0.9617215439384111,1,decreasing,0.8571428571428571,23,0.30434782608695654,IMPA1
ENSG00000137288,7,2,0.009884445298330016,0.9617215439384111,5,increasing,0.7142857142857143,19,0.3684210526315789,UQCC2
ENSG00000140326,7,2,0.012908822792391972,0.9617215439384111,5,increasing,0.7142857142857143,16,0.4375,CDAN1
ENSG00000143322,7,5,-0.0024897786733861288,0.9617215439384111,2,decreasing,0.7142857142857143,24,0.2916666666666667,ABL2
ENSG00000143367,7,3,-0.001948964291986957,0.9617215439384111,4,increasing,0.5714285714285714,16,0.4375,TUFT1
ENSG00000144736,7,5,0.018324529714465403,0.9617215439384111,2,decreasing,0.7142857142857143,17,0.4117647058823529,SHQ1
ENSG00000145819,7,7,-0.010315011600660914,0.9617215439384111,0,decreasing,1.0,24,0.2916666666666667,ARHGAP26
ENSG00000153037,7,3,0.013941513230319657,0.9617215439384111,4,increasing,0.5714285714285714,17,0.4117647058823529,SRP19
ENSG00000153179,7,5,-0.0009739163426607002,0.9617215439384111,2,decreasing,0.7142857142857143,24,0.2916666666666667,RASSF3
ENSG00000154144,7,3,0.0024162924883079284,0.9617215439384111,4,increasing,0.5714285714285714,17,0.4117647058823529,TBRG1
ENSG00000156515,7,4,0.0004323276845877715,0.9617215439384111,3,decreasing,0.5714285714285714,23,0.30434782608695654,HK1
ENSG00000158270,7,7,-0.008218220661675029,0.9617215439384111,0,decreasing,1.0,22,0.3181818181818182,COLEC12
ENSG00000158470,7,6,-0.007371512340077971,0.9617215439384111,1,decreasing,0.8571428571428571,10,0.7,B4GALT5
ENSG00000160058,7,5,0.0008892638123854571,0.9617215439384111,2,decreasing,0.7142857142857143,18,0.3888888888888889,BSDC1
ENSG00000162971,7,4,0.0003933375087742003,0.9617215439384111,3,decreasing,0.5714285714285714,19,0.3684210526315789,TYW5
ENSG00000164574,7,7,-0.035179818806513045,0.9617215439384111,0,decreasing,1.0,18,0.3888888888888889,GALNT10
ENSG00000164674,7,7,-0.010214077447515684,0.9617215439384111,0,decreasing,1.0,24,0.2916666666666667,SYTL3
ENSG00000165219,7,4,0.012071148422601171,0.9617215439384111,3,decreasing,0.5714285714285714,17,0.4117647058823529,GAPVD1
ENSG00000167491,7,4,-0.0006605548566903568,0.9617215439384111,3,decreasing,0.5714285714285714,24,0.2916666666666667,GATAD2A
ENSG00000168610,7,4,0.026909314916177315,0.9617215439384111,3,decreasing,0.5714285714285714,24,0.2916666666666667,STAT3
ENSG00000169246,7,6,-0.0032620286509529714,0.9617215439384111,1,decreasing,0.8571428571428571,19,0.3684210526315789,NPIPB3
ENSG00000169696,7,7,-0.011649209891915058,0.9617215439384111,0,decreasing,1.0,22,0.3181818181818182,ASPSCR1
ENSG00000170293,7,4,-0.016700979726802716,0.9617215439384111,3,decreasing,0.5714285714285714,21,0.3333333333333333,CMTM8
ENSG00000170832,7,7,-0.0032772864126876717,0.9617215439384111,0,decreasing,1.0,24,0.2916666666666667,USP32
ENSG00000170921,7,6,-0.022224437458824957,0.9617215439384111,1,decreasing,0.8571428571428571,24,0.2916666666666667,TANC2
ENSG00000171503,7,4,-0.002626562628622914,0.9617215439384111,3,decreasing,0.5714285714285714,23,0.30434782608695654,ETFDH
ENSG00000172071,7,5,-0.003120817554212157,0.9617215439384111,2,decreasing,0.7142857142857143,24,0.2916666666666667,EIF2AK3
ENSG00000172775,7,6,-0.012129719130032928,0.9617215439384111,1,decreasing,0.8571428571428571,22,0.3181818181818182,PSME3IP1
ENSG00000173473,7,5,0.0006845345426796146,0.9617215439384111,2,decreasing,0.7142857142857143,24,0.2916666666666667,SMARCC1
ENSG00000179832,7,4,0.0033275573149842566,0.9617215439384111,3,decreasing,0.5714285714285714,22,0.3181818181818182,MROH1
ENSG00000180357,7,5,-0.0032681731048956144,0.9617215439384111,2,decreasing,0.7142857142857143,23,0.30434782608695654,ZNF609
ENSG00000180573,7,4,0.0008305127332229999,0.9617215439384111,3,decreasing,0.5714285714285714,18,0.3888888888888889,H2AC6
ENSG00000185122,7,4,0.0021726909846807997,0.9617215439384111,3,decreasing,0.5714285714285714,18,0.3888888888888889,HSF1
ENSG00000196693,7,5,-0.008588696889668129,0.9617215439384111,2,decreasing,0.7142857142857143,19,0.3684210526315789,ZNF33B
ENSG00000197601,7,3,0.003950932847562529,0.9617215439384111,4,increasing,0.5714285714285714,23,0.30434782608695654,FAR1
ENSG00000198837,7,5,0.0021895904321796284,0.9617215439384111,2,decreasing,0.7142857142857143,21,0.3333333333333333,DENND4B
ENSG00000266338,7,7,-0.011007014955534772,0.9617215439384111,0,decreasing,1.0,19,0.3684210526315789,NBPF15
ENSG00000273217,7,6,-0.0002980839000360568,0.9617215439384111,1,decreasing,0.8571428571428571,23,0.30434782608695654,AC008695.1
ENSG00000285404,7,1,0.005669840932263313,0.9617215439384111,6,increasing,0.8571428571428571,16,0.4375,Z82190.2
ENSG00000100722,7,4,0.007792002481233072,0.9617215439384109,3,decreasing,0.5714285714285714,19,0.3684210526315789,ZC3H14
ENSG00000110367,7,2,0.005399619474882543,0.9617215439384109,5,increasing,0.7142857142857143,24,0.2916666666666667,DDX6
ENSG00000008282,7,7,-0.002937606185935943,0.9588678997051402,0,decreasing,1.0,15,0.4666666666666667,SYPL1
ENSG00000069399,7,7,-0.0032879209785716713,0.9588678997051402,0,decreasing,1.0,17,0.4117647058823529,BCL3
ENSG00000142089,7,3,0.0022470826904373714,0.9588678997051402,4,increasing,0.5714285714285714,8,0.875,IFITM3
ENSG00000142166,7,7,-0.026527587789264156,0.9588678997051402,0,decreasing,1.0,15,0.4666666666666667,IFNAR1
ENSG00000143815,7,6,-0.0025533236839752715,0.9588678997051402,1,decreasing,0.8571428571428571,15,0.4666666666666667,LBR
ENSG00000144228,7,5,-0.02606078066831854,0.9588678997051402,2,decreasing,0.7142857142857143,10,0.7,SPOPL
ENSG00000166436,7,6,-0.008271028995313843,0.9588678997051402,1,decreasing,0.8571428571428571,16,0.4375,TRIM66
ENSG00000168309,7,7,-0.005739821793533129,0.9588678997051402,0,decreasing,1.0,14,0.5,FAM107A
ENSG00000100784,7,7,-0.01139422866434917,0.9588678997051401,0,decreasing,1.0,22,0.3181818181818182,RPS6KA5
ENSG00000103365,7,6,-0.002096491268586271,0.9588678997051401,1,decreasing,0.8571428571428571,24,0.2916666666666667,GGA2
ENSG00000133884,7,7,-0.0132793020138985,0.9588678997051401,0,decreasing,1.0,15,0.4666666666666667,DPF2
ENSG00000185304,7,6,-0.0012663760732320713,0.9588678997051401,1,decreasing,0.8571428571428571,22,0.3181818181818182,RGPD2
ENSG00000008283,7,4,0.059316406525615074,0.954390586517056,3,decreasing,0.5714285714285714,22,0.3181818181818182,CYB561
ENSG00000059758,7,3,0.022485330902016088,0.954390586517056,4,increasing,0.5714285714285714,19,0.3684210526315789,CDK17
ENSG00000099246,7,3,0.015539394024460315,0.954390586517056,4,increasing,0.5714285714285714,24,0.2916666666666667,RAB18
ENSG00000101350,7,6,-0.0019734352910088858,0.954390586517056,1,decreasing,0.8571428571428571,17,0.4117647058823529,KIF3B
ENSG00000104765,7,7,-0.003933150226298586,0.954390586517056,0,decreasing,1.0,18,0.3888888888888889,BNIP3L
ENSG00000105778,7,7,-0.011074776971487557,0.954390586517056,0,decreasing,1.0,19,0.3684210526315789,AVL9
ENSG00000117614,7,4,-0.0067951019916379285,0.954390586517056,3,decreasing,0.5714285714285714,18,0.3888888888888889,SYF2
ENSG00000120159,7,4,0.02416220543637383,0.954390586517056,3,decreasing,0.5714285714285714,18,0.3888888888888889,CAAP1
ENSG00000120733,7,6,-0.0040131092388856,0.954390586517056,1,decreasing,0.8571428571428571,23,0.30434782608695654,KDM3B
ENSG00000134574,7,5,-0.0033857431664136143,0.954390586517056,2,decreasing,0.7142857142857143,19,0.3684210526315789,DDB2
ENSG00000135476,7,4,0.002537969120892771,0.954390586517056,3,decreasing,0.5714285714285714,18,0.3888888888888889,ESPL1
ENSG00000136436,7,5,-0.0032696600840928284,0.954390586517056,2,decreasing,0.7142857142857143,23,0.30434782608695654,CALCOCO2
ENSG00000137055,7,7,-0.03425259411261154,0.954390586517056,0,decreasing,1.0,10,0.7,PLAA
ENSG00000137693,7,5,-0.004633513103497128,0.954390586517056,2,decreasing,0.7142857142857143,10,0.7,YAP1
ENSG00000141540,7,6,0.0017194404581797143,0.954390586517056,1,decreasing,0.8571428571428571,18,0.3888888888888889,TTYH2
ENSG00000142655,7,5,-0.0005763151155253573,0.954390586517056,2,decreasing,0.7142857142857143,23,0.30434782608695654,PEX14
ENSG00000145743,7,5,-0.0028117515750346574,0.954390586517056,2,decreasing,0.7142857142857143,24,0.2916666666666667,FBXL17
ENSG00000153551,7,6,0.0007653829467128142,0.954390586517056,1,decreasing,0.8571428571428571,23,0.30434782608695654,CMTM7
ENSG00000157191,7,7,-0.04240438380028442,0.954390586517056,0,decreasing,1.0,16,0.4375,NECAP2
ENSG00000164587,7,6,-0.0222473100008162,0.954390586517056,1,decreasing,0.8571428571428571,16,0.4375,RPS14
ENSG00000166451,7,7,-0.010142584637657314,0.954390586517056,0,decreasing,1.0,23,0.30434782608695654,CENPN
ENSG00000167550,7,7,-0.012201833545373329,0.954390586517056,0,decreasing,1.0,18,0.3888888888888889,RHEBL1
ENSG00000167588,7,6,-0.005329892720338386,0.954390586517056,1,decreasing,0.8571428571428571,16,0.4375,GPD1
ENSG00000167747,7,6,-0.014444930995662615,0.954390586517056,1,decreasing,0.8571428571428571,16,0.4375,C19orf48
ENSG00000175104,7,6,-0.0027714651194153572,0.954390586517056,1,decreasing,0.8571428571428571,24,0.2916666666666667,TRAF6
ENSG00000182183,7,5,-0.0005259459851375285,0.954390586517056,2,decreasing,0.7142857142857143,16,0.4375,SHISAL2A
ENSG00000197170,7,6,-0.0050459890807498286,0.954390586517056,1,decreasing,0.8571428571428571,23,0.30434782608695654,PSMD12
ENSG00000204574,7,7,-0.03313711639684286,0.954390586517056,0,decreasing,1.0,10,0.7,ABCF1
ENSG00000257093,7,2,0.024084691894014642,0.954390586517056,5,increasing,0.7142857142857143,17,0.4117647058823529,DENND11
ENSG00000047249,7,7,-0.01649528667359353,0.9543905865170558,0,decreasing,1.0,24,0.2916666666666667,ATP6V1H
ENSG00000067992,7,7,-0.006075634615906814,0.9543905865170558,0,decreasing,1.0,22,0.3181818181818182,PDK3
ENSG00000069667,7,6,-0.012457464266563457,0.9543905865170558,1,decreasing,0.8571428571428571,24,0.2916666666666667,RORA
ENSG00000079332,7,6,-0.010683662723224813,0.9543905865170558,1,decreasing,0.8571428571428571,10,0.7,SAR1A
ENSG00000087095,7,5,-0.001823387222177343,0.9543905865170558,2,decreasing,0.7142857142857143,23,0.30434782608695654,NLK
ENSG00000089159,7,6,-0.02528654929147837,0.9543905865170558,1,decreasing,0.8571428571428571,15,0.4666666666666667,PXN
ENSG00000091157,7,5,-0.005204258182644429,0.9543905865170558,2,decreasing,0.7142857142857143,24,0.2916666666666667,WDR7
ENSG00000100077,7,7,-0.0038751309917633855,0.9543905865170558,0,decreasing,1.0,18,0.3888888888888889,GRK3
ENSG00000104974,7,5,-0.002365474532304543,0.9543905865170558,2,decreasing,0.7142857142857143,15,0.4666666666666667,LILRA1
ENSG00000105617,7,1,0.00897675418829647,0.9543905865170558,6,increasing,0.8571428571428571,17,0.4117647058823529,LENG1
ENSG00000106733,7,7,-0.004782392151617071,0.9543905865170558,0,decreasing,1.0,23,0.30434782608695654,NMRK1
ENSG00000110344,7,5,-0.005460561341704172,0.9543905865170558,2,decreasing,0.7142857142857143,24,0.2916666666666667,UBE4A
ENSG00000114861,7,4,-0.008190881946898999,0.9543905865170558,3,decreasing,0.5714285714285714,24,0.2916666666666667,FOXP1
ENSG00000116809,7,4,-0.00021761300735791432,0.9543905865170558,3,decreasing,0.5714285714285714,17,0.4117647058823529,ZBTB17
ENSG00000117868,7,5,0.0026688822900882,0.9543905865170558,2,decreasing,0.7142857142857143,19,0.3684210526315789,ESYT2
ENSG00000122042,7,7,-0.006862228986799271,0.9543905865170558,0,decreasing,1.0,23,0.30434782608695654,UBL3
ENSG00000122643,7,7,-0.004601891496715814,0.9543905865170558,0,decreasing,1.0,19,0.3684210526315789,NT5C3A
ENSG00000123607,7,6,-0.00025725036561405817,0.9543905865170558,1,decreasing,0.8571428571428571,23,0.30434782608695654,TTC21B
ENSG00000125651,7,5,-0.0014745679503374856,0.9543905865170558,2,decreasing,0.7142857142857143,18,0.3888888888888889,GTF2F1
ENSG00000125755,7,4,-0.027277320506118856,0.9543905865170558,3,decreasing,0.5714285714285714,22,0.3181818181818182,SYMPK
ENSG00000135127,7,6,-0.008094571649629357,0.9543905865170558,1,decreasing,0.8571428571428571,23,0.30434782608695654,BICDL1
ENSG00000135845,7,6,-0.007738191598409814,0.9543905865170558,1,decreasing,0.8571428571428571,18,0.3888888888888889,PIGC
ENSG00000137500,7,5,-0.015016340750196701,0.9543905865170558,2,decreasing,0.7142857142857143,20,0.35,CCDC90B
ENSG00000154269,7,4,0.0019486108923552857,0.9543905865170558,3,decreasing,0.5714285714285714,21,0.3333333333333333,ENPP3
ENSG00000155307,7,4,-0.0004761731462508718,0.9543905865170558,3,decreasing,0.5714285714285714,18,0.3888888888888889,SAMSN1
ENSG00000155962,7,5,-6.81007612795715e-05,0.9543905865170558,2,decreasing,0.7142857142857143,23,0.30434782608695654,CLIC2
ENSG00000160602,7,7,-0.007125044705091786,0.9543905865170558,0,decreasing,1.0,14,0.5,NEK8
ENSG00000173960,7,5,-0.008162725578228386,0.9543905865170558,2,decreasing,0.7142857142857143,21,0.3333333333333333,UBXN2A
ENSG00000182446,7,2,0.0017824797575920713,0.9543905865170558,5,increasing,0.7142857142857143,10,0.7,NPLOC4
ENSG00000196628,7,4,-0.0011101684163030425,0.9543905865170558,3,decreasing,0.5714285714285714,17,0.4117647058823529,TCF4
ENSG00000243716,7,3,0.0017822751938092285,0.9543905865170558,4,increasing,0.5714285714285714,24,0.2916666666666667,NPIPB5
ENSG00000258677,7,7,-0.013575543056889714,0.9543905865170558,0,decreasing,1.0,24,0.2916666666666667,AC022826.2
ENSG00000006062,7,7,-0.0031161412069453287,0.9470596290957009,0,decreasing,1.0,19,0.3684210526315789,MAP3K14
ENSG00000082074,7,7,-0.006890858564037428,0.9470596290957009,0,decreasing,1.0,24,0.2916666666666667,FYB1
ENSG00000087338,7,7,-0.0014038616074068858,0.9470596290957009,0,decreasing,1.0,18,0.3888888888888889,GMCL1
ENSG00000091106,7,7,-0.005118661017222957,0.9470596290957009,0,decreasing,1.0,20,0.35,NLRC4
ENSG00000106554,7,6,-0.0026222146196855146,0.9470596290957009,1,decreasing,0.8571428571428571,22,0.3181818181818182,CHCHD3
ENSG00000106991,7,6,-0.03799437382409703,0.9470596290957009,1,decreasing,0.8571428571428571,10,0.7,ENG
ENSG00000113282,7,5,0.007590296336820329,0.9470596290957009,2,decreasing,0.7142857142857143,22,0.3181818181818182,CLINT1
ENSG00000114480,7,7,-0.008147020073124714,0.9470596290957009,0,decreasing,1.0,23,0.30434782608695654,GBE1
ENSG00000117616,7,7,-0.006565954779053214,0.9470596290957009,0,decreasing,1.0,24,0.2916666666666667,RSRP1
ENSG00000122986,7,3,0.004176189456346714,0.9470596290957009,4,increasing,0.5714285714285714,14,0.5,HVCN1
ENSG00000123091,7,7,-0.005005624776036943,0.9470596290957009,0,decreasing,1.0,23,0.30434782608695654,RNF11
ENSG00000124160,7,6,-0.005416511750646899,0.9470596290957009,1,decreasing,0.8571428571428571,16,0.4375,NCOA5
ENSG00000124570,7,7,-0.011888102539579929,0.9470596290957009,0,decreasing,1.0,20,0.35,SERPINB6
ENSG00000131023,7,6,-0.0027132958546689143,0.9470596290957009,1,decreasing,0.8571428571428571,16,0.4375,LATS1
ENSG00000131375,7,5,-0.002763430827084172,0.9470596290957009,2,decreasing,0.7142857142857143,24,0.2916666666666667,CAPN7
ENSG00000133226,7,5,-0.00012317702160262852,0.9470596290957009,2,decreasing,0.7142857142857143,9,0.7777777777777778,SRRM1
ENSG00000138036,7,6,-0.002147275122005185,0.9470596290957009,1,decreasing,0.8571428571428571,15,0.4666666666666667,DYNC2LI1
ENSG00000143891,7,6,-0.0030004972495540857,0.9470596290957009,1,decreasing,0.8571428571428571,21,0.3333333333333333,GALM
ENSG00000149503,7,7,-0.011926300891669144,0.9470596290957009,0,decreasing,1.0,14,0.5,INCENP
ENSG00000153827,7,5,0.0011253400960367285,0.9470596290957009,2,decreasing,0.7142857142857143,21,0.3333333333333333,TRIP12
ENSG00000153975,7,5,-0.0026627723219195,0.9470596290957009,2,decreasing,0.7142857142857143,21,0.3333333333333333,ZUP1
ENSG00000154655,7,5,-0.00017167384694361413,0.9470596290957009,2,decreasing,0.7142857142857143,22,0.3181818181818182,L3MBTL4
ENSG00000174749,7,4,0.0007100717359799284,0.9470596290957009,3,decreasing,0.5714285714285714,23,0.30434782608695654,FAM241A
ENSG00000176155,7,7,-0.004968925322458086,0.9470596290957009,0,decreasing,1.0,24,0.2916666666666667,CCDC57
ENSG00000178104,7,7,-0.0019004270709241141,0.9470596290957009,0,decreasing,1.0,24,0.2916666666666667,PDE4DIP
ENSG00000183283,7,6,-0.005348521724027928,0.9470596290957009,1,decreasing,0.8571428571428571,24,0.2916666666666667,DAZAP2
ENSG00000197045,7,6,0.003331184166246428,0.9470596290957009,1,decreasing,0.8571428571428571,23,0.30434782608695654,GMFB
ENSG00000197956,7,7,-0.013062637904189215,0.9470596290957009,0,decreasing,1.0,14,0.5,S100A6
ENSG00000285708,7,5,-0.002543440703093557,0.9470596290957009,2,decreasing,0.7142857142857143,18,0.3888888888888889,AC097634.4
ENSG00000065970,7,7,-0.010956028104838686,0.9470596290957006,0,decreasing,1.0,16,0.4375,FOXJ2
ENSG00000073331,7,6,-0.001291472214059343,0.9470596290957006,1,decreasing,0.8571428571428571,20,0.35,ALPK1
ENSG00000087903,7,6,-0.0033560165217976427,0.9470596290957006,1,decreasing,0.8571428571428571,24,0.2916666666666667,RFX2
ENSG00000100603,7,7,-0.0023788085084137426,0.9470596290957006,0,decreasing,1.0,23,0.30434782608695654,SNW1
ENSG00000107890,7,7,-0.0018091192295823144,0.9470596290957006,0,decreasing,1.0,22,0.3181818181818182,ANKRD26
ENSG00000108239,7,7,-0.011451816278630013,0.9470596290957006,0,decreasing,1.0,20,0.35,TBC1D12
ENSG00000109920,7,5,-0.003961554568501757,0.9470596290957006,2,decreasing,0.7142857142857143,24,0.2916666666666667,FNBP4
ENSG00000111832,7,6,-0.03166465255630839,0.9470596290957006,1,decreasing,0.8571428571428571,15,0.4666666666666667,RWDD1
ENSG00000117597,7,6,-0.0027662638568790717,0.9470596290957006,1,decreasing,0.8571428571428571,15,0.4666666666666667,UTP25
ENSG00000130770,7,7,-0.005152061313066457,0.9470596290957006,0,decreasing,1.0,21,0.3333333333333333,ATP5IF1
ENSG00000140307,7,5,-0.0039751913879751,0.9470596290957006,2,decreasing,0.7142857142857143,23,0.30434782608695654,GTF2A2
ENSG00000144401,7,7,-0.0018398786319950857,0.9470596290957006,0,decreasing,1.0,24,0.2916666666666667,METTL21A
ENSG00000146063,7,4,0.002613877249866157,0.9470596290957006,3,decreasing,0.5714285714285714,14,0.5,TRIM41
ENSG00000169403,7,7,-0.005171401756343686,0.9442059848624298,0,decreasing,1.0,19,0.3684210526315789,PTAFR
ENSG00000012048,7,7,-0.017156563860391758,0.9425823159076165,0,decreasing,1.0,17,0.4117647058823529,BRCA1
ENSG00000021355,7,6,-0.004459346745394714,0.9425823159076165,1,decreasing,0.8571428571428571,18,0.3888888888888889,SERPINB1
ENSG00000034053,7,6,-0.007332243467154056,0.9425823159076165,1,decreasing,0.8571428571428571,22,0.3181818181818182,APBA2
ENSG00000048028,7,7,-0.005406761541611972,0.9425823159076165,0,decreasing,1.0,19,0.3684210526315789,USP28
ENSG00000061987,7,6,-0.0017548474929856715,0.9425823159076165,1,decreasing,0.8571428571428571,24,0.2916666666666667,MON2
ENSG00000065559,7,3,0.004153609990922729,0.9425823159076165,4,increasing,0.5714285714285714,24,0.2916666666666667,MAP2K4
ENSG00000067208,7,5,-0.016656067753266657,0.9425823159076165,2,decreasing,0.7142857142857143,23,0.30434782608695654,EVI5
ENSG00000067369,7,7,-0.005792780455212471,0.9425823159076165,0,decreasing,1.0,24,0.2916666666666667,TP53BP1
ENSG00000073910,7,6,-0.002222905145018129,0.9425823159076165,1,decreasing,0.8571428571428571,24,0.2916666666666667,FRY
ENSG00000075568,7,6,-0.0008720077285255284,0.9425823159076165,1,decreasing,0.8571428571428571,22,0.3181818181818182,TMEM131
ENSG00000079277,7,7,-0.003467721922757357,0.9425823159076165,0,decreasing,1.0,19,0.3684210526315789,MKNK1
ENSG00000086102,7,3,0.02424913789373584,0.9425823159076165,4,increasing,0.5714285714285714,24,0.2916666666666667,NFX1
ENSG00000103429,7,3,0.008156498644613486,0.9425823159076165,4,increasing,0.5714285714285714,18,0.3888888888888889,BFAR
ENSG00000106052,7,7,-0.006688367634044286,0.9425823159076165,0,decreasing,1.0,24,0.2916666666666667,TAX1BP1
ENSG00000107669,7,6,-0.0008897195736105858,0.9425823159076165,1,decreasing,0.8571428571428571,18,0.3888888888888889,ATE1
ENSG00000111412,7,7,-0.010432877334295373,0.9425823159076165,0,decreasing,1.0,23,0.30434782608695654,C12orf49
ENSG00000111581,7,6,-3.3146095326929155e-05,0.9425823159076165,1,decreasing,0.8571428571428571,18,0.3888888888888889,NUP107
ENSG00000111860,7,6,-0.0029866442881073857,0.9425823159076165,1,decreasing,0.8571428571428571,24,0.2916666666666667,CEP85L
ENSG00000114541,7,7,-0.0042964626019674,0.9425823159076165,0,decreasing,1.0,19,0.3684210526315789,FRMD4B
ENSG00000114988,7,4,0.012089571846090528,0.9425823159076165,3,decreasing,0.5714285714285714,21,0.3333333333333333,LMAN2L
ENSG00000115207,7,4,0.005412695138668456,0.9425823159076165,3,decreasing,0.5714285714285714,23,0.30434782608695654,GTF3C2
ENSG00000115233,7,6,-0.019006473180612226,0.9425823159076165,1,decreasing,0.8571428571428571,17,0.4117647058823529,PSMD14
ENSG00000115685,7,4,-0.002348279426297828,0.9425823159076165,3,decreasing,0.5714285714285714,17,0.4117647058823529,PPP1R7
ENSG00000116095,7,7,-0.019062963239116958,0.9425823159076165,0,decreasing,1.0,18,0.3888888888888889,PLEKHA3
ENSG00000116752,7,6,-0.00017924677972701457,0.9425823159076165,1,decreasing,0.8571428571428571,18,0.3888888888888889,BCAS2
ENSG00000116824,7,4,-0.004578925447923329,0.9425823159076165,3,decreasing,0.5714285714285714,17,0.4117647058823529,CD2
ENSG00000117592,7,5,0.001456348777352228,0.9425823159076165,2,decreasing,0.7142857142857143,18,0.3888888888888889,PRDX6
ENSG00000120725,7,7,-0.005860833051636857,0.9425823159076165,0,decreasing,1.0,22,0.3181818181818182,SIL1
ENSG00000120742,7,7,-0.0029606218714499717,0.9425823159076165,0,decreasing,1.0,17,0.4117647058823529,SERP1
ENSG00000122008,7,6,-0.0064115855902894285,0.9425823159076165,1,decreasing,0.8571428571428571,18,0.3888888888888889,POLK
ENSG00000125695,7,7,-0.003961028952502943,0.9425823159076165,0,decreasing,1.0,17,0.4117647058823529,AC046185.1
ENSG00000130164,7,6,-0.012884280621515514,0.9425823159076165,1,decreasing,0.8571428571428571,19,0.3684210526315789,LDLR
ENSG00000132434,7,7,-0.011800741916946186,0.9425823159076165,0,decreasing,1.0,17,0.4117647058823529,LANCL2
ENSG00000132792,7,7,-0.0034909766621775283,0.9425823159076165,0,decreasing,1.0,18,0.3888888888888889,CTNNBL1
ENSG00000133816,7,4,-0.002158654491857786,0.9425823159076165,3,decreasing,0.5714285714285714,24,0.2916666666666667,MICAL2
ENSG00000134250,7,7,-0.007058626677015785,0.9425823159076165,0,decreasing,1.0,24,0.2916666666666667,NOTCH2
ENSG00000135378,7,6,-0.006749356812211657,0.9425823159076165,1,decreasing,0.8571428571428571,22,0.3181818181818182,PRRG4
ENSG00000135698,7,5,-0.0013111588197495141,0.9425823159076165,2,decreasing,0.7142857142857143,21,0.3333333333333333,MPHOSPH6
ENSG00000136111,7,7,-0.016064334447821172,0.9425823159076165,0,decreasing,1.0,17,0.4117647058823529,TBC1D4
ENSG00000136235,7,5,0.010440183848033758,0.9425823159076165,2,decreasing,0.7142857142857143,22,0.3181818181818182,GPNMB
ENSG00000138670,7,4,0.004068542581766457,0.9425823159076165,3,decreasing,0.5714285714285714,24,0.2916666666666667,RASGEF1B
ENSG00000139436,7,5,-0.029983063904957145,0.9425823159076165,2,decreasing,0.7142857142857143,19,0.3684210526315789,GIT2
ENSG00000140694,7,7,-0.004159968750327786,0.9425823159076165,0,decreasing,1.0,18,0.3888888888888889,PARN
ENSG00000140968,7,5,-0.010586608097771727,0.9425823159076165,2,decreasing,0.7142857142857143,22,0.3181818181818182,IRF8
ENSG00000143110,7,4,-0.01498070544182053,0.9425823159076165,3,decreasing,0.5714285714285714,18,0.3888888888888889,C1orf162
ENSG00000143457,7,2,0.006216477079271914,0.9425823159076165,5,increasing,0.7142857142857143,24,0.2916666666666667,GOLPH3L
ENSG00000143499,7,7,-0.016407776527358302,0.9425823159076165,0,decreasing,1.0,22,0.3181818181818182,SMYD2
ENSG00000144645,7,6,-0.004775169236373515,0.9425823159076165,1,decreasing,0.8571428571428571,20,0.35,OSBPL10
ENSG00000146433,7,5,-0.007262973463565586,0.9425823159076165,2,decreasing,0.7142857142857143,23,0.30434782608695654,TMEM181
ENSG00000150961,7,4,0.002197917183725143,0.9425823159076165,3,decreasing,0.5714285714285714,17,0.4117647058823529,SEC24D
ENSG00000151116,7,7,-0.01731748536992837,0.9425823159076165,0,decreasing,1.0,24,0.2916666666666667,UEVLD
ENSG00000156052,7,5,-0.0019934287972584,0.9425823159076165,2,decreasing,0.7142857142857143,24,0.2916666666666667,GNAQ
ENSG00000156650,7,4,0.0081752784078763,0.9425823159076165,3,decreasing,0.5714285714285714,24,0.2916666666666667,KAT6B
ENSG00000156990,7,7,-0.008953149297896658,0.9425823159076165,0,decreasing,1.0,19,0.3684210526315789,RPUSD3
ENSG00000159842,7,6,-0.004350760156872257,0.9425823159076165,1,decreasing,0.8571428571428571,24,0.2916666666666667,ABR
ENSG00000160190,7,5,-0.005608744803867071,0.9425823159076165,2,decreasing,0.7142857142857143,20,0.35,SLC37A1
ENSG00000160218,7,3,0.08346226318366168,0.9425823159076165,4,increasing,0.5714285714285714,24,0.2916666666666667,TRAPPC10
ENSG00000162236,7,3,0.02282913271683953,0.9425823159076165,4,increasing,0.5714285714285714,21,0.3333333333333333,STX5
ENSG00000162378,7,6,-0.008518043584059685,0.9425823159076165,1,decreasing,0.8571428571428571,18,0.3888888888888889,ZYG11B
ENSG00000163803,7,5,0.0109416104465731,0.9425823159076165,2,decreasing,0.7142857142857143,17,0.4117647058823529,PLB1
ENSG00000163812,7,4,-0.0032091219044858145,0.9425823159076165,3,decreasing,0.5714285714285714,21,0.3333333333333333,ZDHHC3
ENSG00000165732,7,7,-0.010016028957403528,0.9425823159076165,0,decreasing,1.0,24,0.2916666666666667,DDX21
ENSG00000168397,7,7,-0.010951614129272999,0.9425823159076165,0,decreasing,1.0,23,0.30434782608695654,ATG4B
ENSG00000169045,7,3,0.0015037199572640859,0.9425823159076165,4,increasing,0.5714285714285714,19,0.3684210526315789,HNRNPH1
ENSG00000169379,7,4,0.002873884638986771,0.9425823159076165,3,decreasing,0.5714285714285714,22,0.3181818181818182,ARL13B
ENSG00000169519,7,6,-0.006352658421851043,0.9425823159076165,1,decreasing,0.8571428571428571,19,0.3684210526315789,METTL15
ENSG00000170852,7,4,0.0038632876179451998,0.9425823159076165,3,decreasing,0.5714285714285714,18,0.3888888888888889,KBTBD2
ENSG00000171206,7,7,-0.012006622773080957,0.9425823159076165,0,decreasing,1.0,23,0.30434782608695654,TRIM8
ENSG00000173559,7,4,-0.0010954800564042144,0.9425823159076165,3,decreasing,0.5714285714285714,18,0.3888888888888889,NABP1
ENSG00000174953,7,7,-0.027989496899254417,0.9425823159076165,0,decreasing,1.0,23,0.30434782608695654,DHX36
ENSG00000175309,7,4,0.0017469657153585145,0.9425823159076165,3,decreasing,0.5714285714285714,18,0.3888888888888889,PHYKPL
ENSG00000178385,7,6,-0.0021900226480711144,0.9425823159076165,1,decreasing,0.8571428571428571,17,0.4117647058823529,PLEKHM3
ENSG00000181467,7,6,-0.0030138240019465285,0.9425823159076165,1,decreasing,0.8571428571428571,16,0.4375,RAP2B
ENSG00000181472,7,7,-0.0027723665134954142,0.9425823159076165,0,decreasing,1.0,22,0.3181818181818182,ZBTB2
ENSG00000181894,7,5,0.03592247655634932,0.9425823159076165,2,decreasing,0.7142857142857143,19,0.3684210526315789,ZNF329
ENSG00000183474,7,6,-0.0036922686103762425,0.9425823159076165,1,decreasing,0.8571428571428571,18,0.3888888888888889,GTF2H2C
ENSG00000187605,7,7,-0.0058766255758868,0.9425823159076165,0,decreasing,1.0,17,0.4117647058823529,TET3
ENSG00000187688,7,6,-0.005799349122218114,0.9425823159076165,1,decreasing,0.8571428571428571,17,0.4117647058823529,TRPV2
ENSG00000196367,7,7,-0.0098181756556124,0.9425823159076165,0,decreasing,1.0,18,0.3888888888888889,TRRAP
ENSG00000196591,7,3,0.0014476505122300997,0.9425823159076165,4,increasing,0.5714285714285714,18,0.3888888888888889,HDAC2
ENSG00000198673,7,7,-0.004734780632923372,0.9425823159076165,0,decreasing,1.0,17,0.4117647058823529,TAFA2
ENSG00000198909,7,4,0.03321604061775889,0.9425823159076165,3,decreasing,0.5714285714285714,22,0.3181818181818182,MAP3K3
ENSG00000221963,7,6,-0.005588804156473229,0.9425823159076165,1,decreasing,0.8571428571428571,19,0.3684210526315789,APOL6
ENSG00000263956,7,5,-0.0034030033050298143,0.9425823159076165,2,decreasing,0.7142857142857143,19,0.3684210526315789,NBPF11
ENSG00000086544,7,7,-0.014611687368043386,0.9397286716743457,0,decreasing,1.0,23,0.30434782608695654,ITPKC
ENSG00000088179,7,7,-0.0017142180071050858,0.9397286716743457,0,decreasing,1.0,19,0.3684210526315789,PTPN4
ENSG00000101474,7,7,-0.0037918168017321142,0.9397286716743457,0,decreasing,1.0,15,0.4666666666666667,APMAP
ENSG00000128908,7,6,-0.002638613744486,0.9397286716743457,1,decreasing,0.8571428571428571,22,0.3181818181818182,INO80
ENSG00000134326,7,7,-0.0017398450537000146,0.9397286716743457,0,decreasing,1.0,19,0.3684210526315789,CMPK2
ENSG00000137513,7,7,-0.0048991656545682855,0.9397286716743457,0,decreasing,1.0,15,0.4666666666666667,NARS2
ENSG00000138604,7,7,-0.006424417509284386,0.9397286716743457,0,decreasing,1.0,15,0.4666666666666667,GLCE
ENSG00000150045,7,7,-0.005163481088386971,0.9397286716743457,0,decreasing,1.0,15,0.4666666666666667,KLRF1
ENSG00000167895,7,6,-0.014451526380509614,0.9397286716743457,1,decreasing,0.8571428571428571,20,0.35,TMC8
ENSG00000170873,7,6,-0.015829792234702114,0.9397286716743457,1,decreasing,0.8571428571428571,10,0.7,MTSS1
ENSG00000174516,7,7,-0.012907467014786428,0.9397286716743457,0,decreasing,1.0,14,0.5,PELI3
ENSG00000204220,7,7,-0.01377986728423897,0.9397286716743457,0,decreasing,1.0,19,0.3684210526315789,PFDN6
ENSG00000214944,7,7,-0.007155027174440471,0.9397286716743457,0,decreasing,1.0,19,0.3684210526315789,ARHGEF28
ENSG00000284057,7,7,-0.015793452093391645,0.9397286716743457,0,decreasing,1.0,23,0.30434782608695654,AP001273.2
ENSG00000115944,7,7,-0.016262568093827073,0.9397286716743455,0,decreasing,1.0,15,0.4666666666666667,COX7A2L
ENSG00000008083,7,5,-0.00019150479247988562,0.9352513584862614,2,decreasing,0.7142857142857143,19,0.3684210526315789,JARID2
ENSG00000072274,7,5,-0.0071351100053863,0.9352513584862614,2,decreasing,0.7142857142857143,22,0.3181818181818182,TFRC
ENSG00000106993,7,7,-0.014901745711343157,0.9352513584862614,0,decreasing,1.0,24,0.2916666666666667,CDC37L1
ENSG00000108846,7,6,0.0007505365955047428,0.9352513584862614,1,decreasing,0.8571428571428571,22,0.3181818181818182,ABCC3
ENSG00000109332,7,6,0.0067925804452498295,0.9352513584862614,1,decreasing,0.8571428571428571,23,0.30434782608695654,UBE2D3
ENSG00000112367,7,6,-0.0003538006258102571,0.9352513584862614,1,decreasing,0.8571428571428571,22,0.3181818181818182,FIG4
ENSG00000116459,7,7,-0.005416950685683471,0.9352513584862614,0,decreasing,1.0,20,0.35,ATP5PB
ENSG00000121067,7,7,-0.006114790003839043,0.9352513584862614,0,decreasing,1.0,24,0.2916666666666667,SPOP
ENSG00000128000,7,6,-0.005770232661147743,0.9352513584862614,1,decreasing,0.8571428571428571,16,0.4375,ZNF780B
ENSG00000136048,7,0,0.04810513497327042,0.9352513584862614,7,increasing,1.0,21,0.3333333333333333,DRAM1
ENSG00000139372,7,6,-0.004154902825236357,0.9352513584862614,1,decreasing,0.8571428571428571,21,0.3333333333333333,TDG
ENSG00000139971,7,6,-0.0032838384624197287,0.9352513584862614,1,decreasing,0.8571428571428571,19,0.3684210526315789,ARMH4
ENSG00000140153,7,5,-0.025190672716576386,0.9352513584862614,2,decreasing,0.7142857142857143,24,0.2916666666666667,WDR20
ENSG00000142784,7,7,-0.016850861927089872,0.9352513584862614,0,decreasing,1.0,15,0.4666666666666667,WDTC1
ENSG00000145782,7,5,-0.0008117457114349857,0.9352513584862614,2,decreasing,0.7142857142857143,18,0.3888888888888889,ATG12
ENSG00000146729,7,5,0.0023862615985550143,0.9352513584862614,2,decreasing,0.7142857142857143,19,0.3684210526315789,NIPSNAP2
ENSG00000148634,7,7,-0.009418086980712014,0.9352513584862614,0,decreasing,1.0,24,0.2916666666666667,HERC4
ENSG00000150347,7,6,-0.0027949503083042,0.9352513584862614,1,decreasing,0.8571428571428571,19,0.3684210526315789,ARID5B
ENSG00000150403,7,5,-0.0016015383244129713,0.9352513584862614,2,decreasing,0.7142857142857143,17,0.4117647058823529,TMCO3
ENSG00000153563,7,4,-0.0002586895803308571,0.9352513584862614,3,decreasing,0.5714285714285714,15,0.4666666666666667,CD8A
ENSG00000163564,7,7,-0.004828778040366071,0.9352513584862614,0,decreasing,1.0,23,0.30434782608695654,PYHIN1
ENSG00000163624,7,5,0.005233880183326057,0.9352513584862614,2,decreasing,0.7142857142857143,16,0.4375,CDS1
ENSG00000170088,7,6,-0.005060263382337287,0.9352513584862614,1,decreasing,0.8571428571428571,21,0.3333333333333333,TMEM192
ENSG00000187474,7,4,0.010552404673110515,0.9352513584862614,3,decreasing,0.5714285714285714,22,0.3181818181818182,FPR3
ENSG00000196275,7,4,0.005393680199211701,0.9352513584862614,3,decreasing,0.5714285714285714,23,0.30434782608695654,GTF2IRD2
ENSG00000196781,7,5,-0.0002879717546700143,0.9352513584862614,2,decreasing,0.7142857142857143,24,0.2916666666666667,TLE1
ENSG00000196954,7,6,-0.01098157192343877,0.9352513584862614,1,decreasing,0.8571428571428571,23,0.30434782608695654,CASP4
ENSG00000197779,7,6,-0.0023095062707826283,0.9352513584862614,1,decreasing,0.8571428571428571,20,0.35,ZNF81
ENSG00000197958,7,3,0.0001130928154519286,0.9352513584862614,4,increasing,0.5714285714285714,20,0.35,RPL12
ENSG00000213281,7,7,-0.0245745869264614,0.9352513584862614,0,decreasing,1.0,15,0.4666666666666667,NRAS
ENSG00000239306,7,6,0.004102896713063329,0.9352513584862614,1,decreasing,0.8571428571428571,14,0.5,RBM14
ENSG00000267281,7,6,-0.012353833494010558,0.9352513584862614,1,decreasing,0.8571428571428571,24,0.2916666666666667,ATF7-NPFF
ENSG00000284512,7,7,-0.0050423920971004715,0.9352513584862614,0,decreasing,1.0,20,0.35,AC092718.8
ENSG00000081059,7,7,-0.023893709847736786,0.9352513584862613,0,decreasing,1.0,23,0.30434782608695654,TCF7
ENSG00000104805,7,4,0.0534812945742177,0.9352513584862613,3,decreasing,0.5714285714285714,21,0.3333333333333333,NUCB1
ENSG00000170027,7,6,-0.003196394857640286,0.9352513584862613,1,decreasing,0.8571428571428571,21,0.3333333333333333,YWHAG
ENSG00000132359,7,7,-0.0035107365984330713,0.9323977142529906,0,decreasing,1.0,21,0.3333333333333333,AC002316.1
ENSG00000135249,7,6,-0.003147821817528657,0.9279204010649064,1,decreasing,0.8571428571428571,18,0.3888888888888889,RINT1
ENSG00000047188,7,5,0.00019631421042025707,0.9279204010649063,2,decreasing,0.7142857142857143,16,0.4375,YTHDC2
ENSG00000055211,7,7,-0.0042364178026467565,0.9279204010649063,0,decreasing,1.0,17,0.4117647058823529,GINM1
ENSG00000083535,7,6,-0.003503322120168914,0.9279204010649063,1,decreasing,0.8571428571428571,22,0.3181818181818182,PIBF1
ENSG00000101052,7,7,-0.005522820197622757,0.9279204010649063,0,decreasing,1.0,16,0.4375,IFT52
ENSG00000125149,7,7,-0.0032539942078829,0.9279204010649063,0,decreasing,1.0,16,0.4375,C16orf70
ENSG00000126216,7,6,-0.004724849215995972,0.9279204010649063,1,decreasing,0.8571428571428571,15,0.4666666666666667,TUBGCP3
ENSG00000140943,7,6,-0.003124648182984443,0.9279204010649063,1,decreasing,0.8571428571428571,21,0.3333333333333333,MBTPS1
ENSG00000142920,7,7,-0.0029288196667034143,0.9279204010649063,0,decreasing,1.0,14,0.5,AZIN2
ENSG00000149639,7,7,-0.0016939174128791574,0.9279204010649063,0,decreasing,1.0,19,0.3684210526315789,SOGA1
ENSG00000152207,7,7,-0.0056230263417828,0.9279204010649063,0,decreasing,1.0,15,0.4666666666666667,CYSLTR2
ENSG00000163006,7,6,0.028413591229572616,0.9279204010649063,1,decreasing,0.8571428571428571,19,0.3684210526315789,CCDC138
ENSG00000164253,7,7,-0.0021132669969636856,0.9279204010649063,0,decreasing,1.0,16,0.4375,WDR41
ENSG00000167548,7,6,0.0057892693181451575,0.9279204010649063,1,decreasing,0.8571428571428571,19,0.3684210526315789,KMT2D
ENSG00000187741,7,7,-0.008292136475696401,0.9279204010649063,0,decreasing,1.0,22,0.3181818181818182,FANCA
ENSG00000198551,7,6,-0.0025625152496355284,0.9279204010649063,1,decreasing,0.8571428571428571,20,0.35,ZNF627
ENSG00000213762,7,7,-0.005983848257411128,0.9279204010649063,0,decreasing,1.0,16,0.4375,ZNF134
ENSG00000221983,7,5,-0.003891707812607558,0.9279204010649063,2,decreasing,0.7142857142857143,15,0.4666666666666667,UBA52
ENSG00000239704,7,6,-0.006711267267027857,0.9279204010649063,1,decreasing,0.8571428571428571,19,0.3684210526315789,CDRT4
ENSG00000038219,7,5,-0.0028746700142378854,0.923443087876822,2,decreasing,0.7142857142857143,16,0.4375,BOD1L1
ENSG00000042832,7,5,-0.0004567779030806571,0.923443087876822,2,decreasing,0.7142857142857143,17,0.4117647058823529,TG
ENSG00000066136,7,7,-0.0058904118368271,0.923443087876822,0,decreasing,1.0,18,0.3888888888888889,NFYC
ENSG00000071205,7,7,-0.0022969192084265426,0.923443087876822,0,decreasing,1.0,24,0.2916666666666667,ARHGAP10
ENSG00000082269,7,6,-0.009350012243648329,0.923443087876822,1,decreasing,0.8571428571428571,19,0.3684210526315789,FAM135A
ENSG00000087502,7,5,-0.001215208183699043,0.923443087876822,2,decreasing,0.7142857142857143,17,0.4117647058823529,ERGIC2
ENSG00000100344,7,6,-0.016210308846013585,0.923443087876822,1,decreasing,0.8571428571428571,19,0.3684210526315789,PNPLA3
ENSG00000100991,7,6,-0.010735622829212487,0.923443087876822,1,decreasing,0.8571428571428571,22,0.3181818181818182,TRPC4AP
ENSG00000107077,7,5,-0.0004944782515678713,0.923443087876822,2,decreasing,0.7142857142857143,23,0.30434782608695654,KDM4C
ENSG00000111785,7,6,-0.0064252556716879435,0.923443087876822,1,decreasing,0.8571428571428571,21,0.3333333333333333,RIC8B
ENSG00000112200,7,2,0.0098404768298255,0.923443087876822,5,increasing,0.7142857142857143,19,0.3684210526315789,ZNF451
ENSG00000113597,7,7,-0.0035011046765701143,0.923443087876822,0,decreasing,1.0,15,0.4666666666666667,TRAPPC13
ENSG00000114520,7,7,-0.012558471528572899,0.923443087876822,0,decreasing,1.0,20,0.35,SNX4
ENSG00000115267,7,5,-0.004042255282941257,0.923443087876822,2,decreasing,0.7142857142857143,16,0.4375,IFIH1
ENSG00000117569,7,7,-0.007874048178149457,0.923443087876822,0,decreasing,1.0,19,0.3684210526315789,PTBP2
ENSG00000117625,7,3,0.014387139496268372,0.923443087876822,4,increasing,0.5714285714285714,21,0.3333333333333333,RCOR3
ENSG00000118762,7,6,-0.0031219956685499856,0.923443087876822,1,decreasing,0.8571428571428571,16,0.4375,PKD2
ENSG00000123131,7,6,-0.005169517676892371,0.923443087876822,1,decreasing,0.8571428571428571,16,0.4375,PRDX4
ENSG00000126653,7,3,0.008505624865652572,0.923443087876822,4,increasing,0.5714285714285714,22,0.3181818181818182,NSRP1
ENSG00000134851,7,6,-0.0025781443490934856,0.923443087876822,1,decreasing,0.8571428571428571,24,0.2916666666666667,TMEM165
ENSG00000140948,7,6,-0.005396672821240056,0.923443087876822,1,decreasing,0.8571428571428571,20,0.35,ZCCHC14
ENSG00000144566,7,6,-0.0017011242807988287,0.923443087876822,1,decreasing,0.8571428571428571,23,0.30434782608695654,RAB5A
ENSG00000151718,7,7,-0.0043332754542653,0.923443087876822,0,decreasing,1.0,22,0.3181818181818182,WWC2
ENSG00000152229,7,5,0.0004799827368603431,0.923443087876822,2,decreasing,0.7142857142857143,20,0.35,PSTPIP2
ENSG00000156671,7,5,0.002260971038094886,0.923443087876822,2,decreasing,0.7142857142857143,22,0.3181818181818182,SAMD8
ENSG00000156973,7,6,-0.010687724825297314,0.923443087876822,1,decreasing,0.8571428571428571,21,0.3333333333333333,PDE6D
ENSG00000159082,7,5,0.007853311907387871,0.923443087876822,2,decreasing,0.7142857142857143,18,0.3888888888888889,SYNJ1
ENSG00000161405,7,6,-0.0035186173078481714,0.923443087876822,1,decreasing,0.8571428571428571,24,0.2916666666666667,IKZF3
ENSG00000168461,7,5,-0.0054042735605765715,0.923443087876822,2,decreasing,0.7142857142857143,24,0.2916666666666667,RAB31
ENSG00000169139,7,7,-0.00972247307742853,0.923443087876822,0,decreasing,1.0,15,0.4666666666666667,UBE2V2
ENSG00000170310,7,6,-0.002198171712345771,0.923443087876822,1,decreasing,0.8571428571428571,24,0.2916666666666667,STX8
ENSG00000171862,7,7,-0.015643281702783587,0.923443087876822,0,decreasing,1.0,24,0.2916666666666667,PTEN
ENSG00000172380,7,6,-0.0028845184489524572,0.923443087876822,1,decreasing,0.8571428571428571,18,0.3888888888888889,GNG12
ENSG00000173599,7,7,-0.011885284601623159,0.923443087876822,0,decreasing,1.0,17,0.4117647058823529,PC
ENSG00000181404,7,4,0.000593392822803986,0.923443087876822,3,decreasing,0.5714285714285714,16,0.4375,WASHC1
ENSG00000183576,7,6,-0.0011256287207555857,0.923443087876822,1,decreasing,0.8571428571428571,21,0.3333333333333333,SETD3
ENSG00000185658,7,5,-0.0039072811653110134,0.923443087876822,2,decreasing,0.7142857142857143,19,0.3684210526315789,BRWD1
ENSG00000188001,7,7,-0.003914034623154558,0.923443087876822,0,decreasing,1.0,21,0.3333333333333333,TPRG1
ENSG00000188092,7,3,0.0021618962643594713,0.923443087876822,4,increasing,0.5714285714285714,24,0.2916666666666667,GPR89B
ENSG00000198843,7,7,-0.05642165399261944,0.923443087876822,0,decreasing,1.0,17,0.4117647058823529,SELENOT
ENSG00000204084,7,7,-0.019742796124311845,0.923443087876822,0,decreasing,1.0,18,0.3888888888888889,INPP5B
ENSG00000213619,7,7,-0.004038152325217472,0.923443087876822,0,decreasing,1.0,21,0.3333333333333333,NDUFS3
ENSG00000109066,7,7,-0.003184271308708057,0.9205894436435511,0,decreasing,1.0,15,0.4666666666666667,TMEM104
ENSG00000058262,7,6,-0.003960825027441771,0.9161121304554669,1,decreasing,0.8571428571428571,17,0.4117647058823529,SEC61A1
ENSG00000089177,7,4,-0.00037483407049082845,0.9161121304554669,3,decreasing,0.5714285714285714,24,0.2916666666666667,KIF16B
ENSG00000108405,7,7,-0.011569923179270844,0.9161121304554669,0,decreasing,1.0,23,0.30434782608695654,P2RX1
ENSG00000116871,7,7,-0.008568322794382814,0.9161121304554669,0,decreasing,1.0,21,0.3333333333333333,MAP7D1
ENSG00000135930,7,4,0.015430854008852659,0.9161121304554669,3,decreasing,0.5714285714285714,16,0.4375,EIF4E2
ENSG00000138642,7,7,-0.006706399462991571,0.9161121304554669,0,decreasing,1.0,15,0.4666666666666667,HERC6
ENSG00000144362,7,7,-0.005299790314314742,0.9161121304554669,0,decreasing,1.0,16,0.4375,PHOSPHO2
ENSG00000148700,7,7,-0.0028750812701635003,0.9161121304554669,0,decreasing,1.0,23,0.30434782608695654,ADD3
ENSG00000154080,7,7,-0.009653555013954014,0.9161121304554669,0,decreasing,1.0,19,0.3684210526315789,CHST9
ENSG00000156599,7,5,-0.010019562524958016,0.9161121304554669,2,decreasing,0.7142857142857143,23,0.30434782608695654,ZDHHC5
ENSG00000158486,7,7,-0.023345645875121813,0.9161121304554669,0,decreasing,1.0,21,0.3333333333333333,DNAH3
ENSG00000161267,7,7,-0.004941487084814043,0.9161121304554669,0,decreasing,1.0,14,0.5,BDH1
ENSG00000175265,7,7,-0.0038258008275385003,0.9161121304554669,0,decreasing,1.0,16,0.4375,GOLGA8A
ENSG00000181991,7,6,-0.0037804768067816997,0.9161121304554669,1,decreasing,0.8571428571428571,16,0.4375,MRPS11
ENSG00000185565,7,7,-0.010430772128382828,0.9161121304554669,0,decreasing,1.0,21,0.3333333333333333,LSAMP
ENSG00000137936,7,6,-0.008232587305106186,0.913258486222196,1,decreasing,0.8571428571428571,22,0.3181818181818182,BCAR3
ENSG00000150681,7,7,-0.0020260036683018286,0.9087811730341118,0,decreasing,1.0,16,0.4375,RGS18
ENSG00000144895,7,7,-0.006145475971996457,0.9043038598460277,0,decreasing,1.0,18,0.3888888888888889,EIF2A
ENSG00000166762,7,7,-0.014169112605385044,0.9043038598460277,0,decreasing,1.0,15,0.4666666666666667,CATSPER2
ENSG00000172575,7,7,-0.0042807337205813,0.9043038598460277,0,decreasing,1.0,16,0.4375,RASGRP1
ENSG00000174482,7,7,-0.006075338819003786,0.9043038598460277,0,decreasing,1.0,15,0.4666666666666667,LINGO2
ENSG00000020922,7,7,-0.011455039931224901,0.9043038598460276,0,decreasing,1.0,14,0.5,MRE11
ENSG00000064726,7,6,-0.005424274283299986,0.9043038598460276,1,decreasing,0.8571428571428571,16,0.4375,BTBD1
ENSG00000079482,7,6,-0.0049014152908769424,0.9043038598460276,1,decreasing,0.8571428571428571,17,0.4117647058823529,OPHN1
ENSG00000095564,7,6,-0.0022446771482780145,0.9043038598460276,1,decreasing,0.8571428571428571,24,0.2916666666666667,BTAF1
ENSG00000104154,7,7,-0.007492848613403528,0.9043038598460276,0,decreasing,1.0,16,0.4375,SLC30A4
ENSG00000105568,7,5,-0.02502580798396133,0.9043038598460276,2,decreasing,0.7142857142857143,23,0.30434782608695654,PPP2R1A
ENSG00000107745,7,4,0.011677393343087,0.9043038598460276,3,decreasing,0.5714285714285714,17,0.4117647058823529,MICU1
ENSG00000108798,7,7,-0.007947390503544014,0.9043038598460276,0,decreasing,1.0,16,0.4375,ABI3
ENSG00000116701,7,7,-0.014105551004785144,0.9043038598460276,0,decreasing,1.0,15,0.4666666666666667,NCF2
ENSG00000119487,7,6,-0.021417161212419527,0.9043038598460276,1,decreasing,0.8571428571428571,24,0.2916666666666667,MAPKAP1
ENSG00000119899,7,7,-0.006556399210914214,0.9043038598460276,0,decreasing,1.0,18,0.3888888888888889,SLC17A5
ENSG00000126107,7,7,-0.0031858622424528857,0.9043038598460276,0,decreasing,1.0,20,0.35,HECTD3
ENSG00000126749,7,7,-0.021811065588153045,0.9043038598460276,0,decreasing,1.0,18,0.3888888888888889,EMG1
ENSG00000134318,7,7,-0.006299551529424686,0.9043038598460276,0,decreasing,1.0,21,0.3333333333333333,ROCK2
ENSG00000134627,7,7,-0.004038404887146728,0.9043038598460276,0,decreasing,1.0,19,0.3684210526315789,PIWIL4
ENSG00000137760,7,7,-0.004203294152576557,0.9043038598460276,0,decreasing,1.0,14,0.5,ALKBH8
ENSG00000139618,7,7,-0.006207330109457972,0.9043038598460276,0,decreasing,1.0,14,0.5,BRCA2
ENSG00000144681,7,7,-0.0048597259995922714,0.9043038598460276,0,decreasing,1.0,20,0.35,STAC
ENSG00000145220,7,7,-0.004445188964048014,0.9043038598460276,0,decreasing,1.0,16,0.4375,LYAR
ENSG00000150764,7,7,-0.025577494466003225,0.9043038598460276,0,decreasing,1.0,14,0.5,DIXDC1
ENSG00000152492,7,7,-0.008098168326983315,0.9043038598460276,0,decreasing,1.0,16,0.4375,CCDC50
ENSG00000154832,7,7,-0.02026349589842247,0.9043038598460276,0,decreasing,1.0,14,0.5,CXXC1
ENSG00000155659,7,7,-0.011749725871520844,0.9043038598460276,0,decreasing,1.0,14,0.5,VSIG4
ENSG00000156587,7,7,-0.022354332224979116,0.9043038598460276,0,decreasing,1.0,19,0.3684210526315789,UBE2L6
ENSG00000166068,7,6,-0.004057839741999057,0.9043038598460276,1,decreasing,0.8571428571428571,21,0.3333333333333333,SPRED1
ENSG00000167264,7,7,-0.006363556746142801,0.9043038598460276,0,decreasing,1.0,14,0.5,DUS2
ENSG00000178467,7,5,0.009366045719610928,0.9043038598460276,2,decreasing,0.7142857142857143,15,0.4666666666666667,P4HTM
ENSG00000180739,7,7,-0.0061605106032847,0.9043038598460276,0,decreasing,1.0,15,0.4666666666666667,S1PR5
ENSG00000184708,7,7,-0.0069913363576386,0.9043038598460276,0,decreasing,1.0,15,0.4666666666666667,EIF4ENIF1
ENSG00000185305,7,6,-0.0012579167346278856,0.9043038598460276,1,decreasing,0.8571428571428571,24,0.2916666666666667,ARL15
ENSG00000185896,7,7,-0.00798373151989527,0.9043038598460276,0,decreasing,1.0,22,0.3181818181818182,LAMP1
ENSG00000196126,7,7,-0.02117968392282617,0.9043038598460276,0,decreasing,1.0,17,0.4117647058823529,HLA-DRB1
ENSG00000196498,7,7,-0.013498663633260272,0.9043038598460276,0,decreasing,1.0,20,0.35,NCOR2
ENSG00000196735,7,7,-0.010010395661810001,0.9043038598460276,0,decreasing,1.0,14,0.5,HLA-DQA1
ENSG00000197776,7,7,-0.059454036963205045,0.9043038598460276,0,decreasing,1.0,14,0.5,KLHDC1
ENSG00000205765,7,7,-0.007592090103701043,0.9043038598460276,0,decreasing,1.0,15,0.4666666666666667,C5orf51
ENSG00000262461,7,7,-0.009513793529291728,0.9043038598460276,0,decreasing,1.0,15,0.4666666666666667,SPDYE9P
ENSG00000285082,7,7,-0.0041633019891259854,0.9043038598460276,0,decreasing,1.0,21,0.3333333333333333,AL160272.2
ENSG00000001629,6,3,0.0014551056800643832,1.0,3,decreasing,0.5,24,0.25,ANKIB1
ENSG00000009780,6,6,-0.0053265881163221005,1.0,0,decreasing,1.0,18,0.3333333333333333,FAM76A
ENSG00000028116,6,4,0.007057528540852117,1.0,2,decreasing,0.6666666666666666,24,0.25,VRK2
ENSG00000060237,6,5,-0.05600631467839103,1.0,1,decreasing,0.8333333333333334,24,0.25,WNK1
ENSG00000067606,6,4,-0.005217351190073733,1.0,2,decreasing,0.6666666666666666,18,0.3333333333333333,PRKCZ
ENSG00000075292,6,4,0.0013733234053406665,1.0,2,decreasing,0.6666666666666666,19,0.3157894736842105,ZNF638
ENSG00000093010,6,4,-0.0028089295095563333,1.0,2,decreasing,0.6666666666666666,23,0.2608695652173913,COMT
ENSG00000100764,6,4,0.006028547733577067,1.0,2,decreasing,0.6666666666666666,21,0.2857142857142857,PSMC1
ENSG00000104205,6,6,-0.009439746193068017,1.0,0,decreasing,1.0,23,0.2608695652173913,SGK3
ENSG00000106723,6,5,-0.017362560506502166,1.0,1,decreasing,0.8333333333333334,21,0.2857142857142857,SPIN1
ENSG00000110696,6,4,-0.0024557233832389835,1.0,2,decreasing,0.6666666666666666,9,0.6666666666666666,C11orf58
ENSG00000124541,6,6,-0.011932041020307699,1.0,0,decreasing,1.0,17,0.35294117647058826,RRP36
ENSG00000130779,6,3,0.003577535182584133,1.0,3,decreasing,0.5,24,0.25,CLIP1
ENSG00000136810,6,5,0.00023467042311600046,1.0,1,decreasing,0.8333333333333334,10,0.6,TXN
ENSG00000141551,6,4,-0.00696353603288345,1.0,2,decreasing,0.6666666666666666,22,0.2727272727272727,CSNK1D
ENSG00000144136,6,3,-0.0006250194683443667,1.0,3,decreasing,0.5,23,0.2608695652173913,SLC20A1
ENSG00000144909,6,6,-0.01182758441164365,1.0,0,decreasing,1.0,24,0.25,OSBPL11
ENSG00000148840,6,2,-0.0028978733833899674,1.0,4,increasing,0.6666666666666666,18,0.3333333333333333,PPRC1
ENSG00000149823,6,6,-0.037212714937065586,1.0,0,decreasing,1.0,23,0.2608695652173913,VPS51
ENSG00000155324,6,2,0.011703045096454567,1.0,4,increasing,0.6666666666666666,17,0.35294117647058826,GRAMD2B
ENSG00000160179,6,6,-0.006425570827324883,1.0,0,decreasing,1.0,24,0.25,ABCG1
ENSG00000166024,6,4,0.004367725141327668,1.0,2,decreasing,0.6666666666666666,21,0.2857142857142857,R3HCC1L
ENSG00000181852,6,5,-0.010161699781551068,1.0,1,decreasing,0.8333333333333334,18,0.3333333333333333,RNF41
ENSG00000184220,6,5,-0.0015151228681416166,1.0,1,decreasing,0.8333333333333334,10,0.6,CMSS1
ENSG00000187735,6,4,-0.003964304787397284,1.0,2,decreasing,0.6666666666666666,19,0.3157894736842105,TCEA1
ENSG00000188559,6,5,-0.028723003342269602,1.0,1,decreasing,0.8333333333333334,24,0.25,RALGAPA2
ENSG00000039523,6,5,-0.0024256374773089996,0.9914472163417524,1,decreasing,0.8333333333333334,14,0.42857142857142855,RIPOR1
ENSG00000047457,6,5,-0.0023464884831251166,0.9914472163417524,1,decreasing,0.8333333333333334,18,0.3333333333333333,CP
ENSG00000057935,6,6,-0.014334738197144899,0.9914472163417524,0,decreasing,1.0,16,0.375,MTA3
ENSG00000075407,6,5,-0.0025891382010075,0.9914472163417524,1,decreasing,0.8333333333333334,18,0.3333333333333333,ZNF37A
ENSG00000079999,6,1,0.014382060676871916,0.9914472163417524,5,increasing,0.8333333333333334,15,0.4,KEAP1
ENSG00000089289,6,5,-0.013253612521327984,0.9914472163417524,1,decreasing,0.8333333333333334,19,0.3157894736842105,IGBP1
ENSG00000100811,6,2,0.0020430673401415837,0.9914472163417524,4,increasing,0.6666666666666666,23,0.2608695652173913,YY1
ENSG00000110958,6,3,0.0026185583019416336,0.9914472163417524,3,decreasing,0.5,9,0.6666666666666666,PTGES3
ENSG00000116497,6,4,0.004376722605675949,0.9914472163417524,2,decreasing,0.6666666666666666,18,0.3333333333333333,S100PBP
ENSG00000130311,6,5,-0.0054313533064735174,0.9914472163417524,1,decreasing,0.8333333333333334,16,0.375,DDA1
ENSG00000134996,6,5,-0.0050411335348864,0.9914472163417524,1,decreasing,0.8333333333333334,24,0.25,OSTF1
ENSG00000135842,6,5,-0.0021354249230995334,0.9914472163417524,1,decreasing,0.8333333333333334,24,0.25,NIBAN1
ENSG00000140471,6,4,-0.003529131203298701,0.9914472163417524,2,decreasing,0.6666666666666666,23,0.2608695652173913,LINS1
ENSG00000145833,6,6,-0.0032324364103099665,0.9914472163417524,0,decreasing,1.0,24,0.25,DDX46
ENSG00000146414,6,3,0.020057425990123615,0.9914472163417524,3,decreasing,0.5,21,0.2857142857142857,SHPRH
ENSG00000148672,6,5,-0.0029820765887452,0.9914472163417524,1,decreasing,0.8333333333333334,23,0.2608695652173913,GLUD1
ENSG00000160752,6,3,0.01817723751972792,0.9914472163417524,3,decreasing,0.5,19,0.3157894736842105,FDPS
ENSG00000162695,6,4,-0.027104294905046688,0.9914472163417524,2,decreasing,0.6666666666666666,10,0.6,SLC30A7
ENSG00000163320,6,3,0.004101755902614333,0.9914472163417524,3,decreasing,0.5,18,0.3333333333333333,CGGBP1
ENSG00000163389,6,3,-0.0013015101498639334,0.9914472163417524,3,decreasing,0.5,22,0.2727272727272727,POGLUT1
ENSG00000167995,6,4,-0.008769073953375667,0.9914472163417524,2,decreasing,0.6666666666666666,9,0.6666666666666666,BEST1
ENSG00000173065,6,5,-0.0121055124072132,0.9914472163417524,1,decreasing,0.8333333333333334,24,0.25,FAM222B
ENSG00000197226,6,6,-0.0032871030526120336,0.9914472163417524,0,decreasing,1.0,18,0.3333333333333333,TBC1D9B
ENSG00000205189,6,2,0.004609162912274717,0.9914472163417524,4,increasing,0.6666666666666666,19,0.3157894736842105,ZBTB10
ENSG00000205208,6,3,0.0013258697331176338,0.9914472163417524,3,decreasing,0.5,8,0.75,C4orf46
ENSG00000211455,6,6,-0.002528505631993429,0.9914472163417524,0,decreasing,1.0,19,0.3157894736842105,STK38L
ENSG00000270647,6,5,-0.009196266674348266,0.9914472163417524,1,decreasing,0.8333333333333334,23,0.2608695652173913,TAF15
ENSG00000284952,6,5,-0.01400580670511005,0.9914472163417524,1,decreasing,0.8333333333333334,9,0.6666666666666666,AC104472.3
ENSG00000009790,6,5,-0.004857384575719217,0.9828944326835046,1,decreasing,0.8333333333333334,19,0.3157894736842105,TRAF3IP3
ENSG00000020577,6,6,-0.003616661906869017,0.9828944326835046,0,decreasing,1.0,24,0.25,SAMD4A
ENSG00000073578,6,3,0.012594635196344581,0.9828944326835046,3,decreasing,0.5,9,0.6666666666666666,SDHA
ENSG00000100523,6,5,-0.0008386756011405168,0.9828944326835046,1,decreasing,0.8333333333333334,22,0.2727272727272727,DDHD1
ENSG00000104408,6,2,0.0025961211088944836,0.9828944326835046,4,increasing,0.6666666666666666,10,0.6,EIF3E
ENSG00000106397,6,5,-0.0039710844989815,0.9828944326835046,1,decreasing,0.8333333333333334,9,0.6666666666666666,PLOD3
ENSG00000107021,6,5,-0.00168315475292555,0.9828944326835046,1,decreasing,0.8333333333333334,14,0.42857142857142855,TBC1D13
ENSG00000126067,6,4,-0.021344171048650717,0.9828944326835046,2,decreasing,0.6666666666666666,7,0.8571428571428571,PSMB2
ENSG00000166224,6,6,-0.00498325537449125,0.9828944326835046,0,decreasing,1.0,22,0.2727272727272727,SGPL1
ENSG00000166912,6,6,-0.00473480458875085,0.9828944326835046,0,decreasing,1.0,18,0.3333333333333333,MTMR10
ENSG00000167633,6,5,-0.0026252028823555667,0.9828944326835046,1,decreasing,0.8333333333333334,15,0.4,KIR3DL1
ENSG00000169239,6,6,-0.005829630486057916,0.9828944326835046,0,decreasing,1.0,24,0.25,CA5B
ENSG00000175866,6,4,-0.06770882117866951,0.9828944326835046,2,decreasing,0.6666666666666666,8,0.75,BAIAP2
ENSG00000023318,6,1,0.042867513871788415,0.9776709006307399,5,increasing,0.8333333333333334,10,0.6,ERP44
ENSG00000068024,6,6,-0.02291285787541422,0.9776709006307399,0,decreasing,1.0,22,0.2727272727272727,HDAC4
ENSG00000070831,6,5,-0.004829483319144983,0.9776709006307399,1,decreasing,0.8333333333333334,23,0.2608695652173913,CDC42
ENSG00000080608,6,5,-0.024069043100972482,0.9776709006307399,1,decreasing,0.8333333333333334,10,0.6,PUM3
ENSG00000091039,6,5,0.007561909351933133,0.9776709006307399,1,decreasing,0.8333333333333334,23,0.2608695652173913,OSBPL8
ENSG00000100084,6,4,-0.043325101878545685,0.9776709006307399,2,decreasing,0.6666666666666666,23,0.2608695652173913,HIRA
ENSG00000101096,6,1,0.020917592278320934,0.9776709006307399,5,increasing,0.8333333333333334,8,0.75,NFATC2
ENSG00000101752,6,5,-0.0075978730325042656,0.9776709006307399,1,decreasing,0.8333333333333334,23,0.2608695652173913,MIB1
ENSG00000103260,6,3,0.0021206260297032,0.9776709006307399,3,decreasing,0.5,16,0.375,METRN
ENSG00000104957,6,4,0.0040683152574760495,0.9776709006307399,2,decreasing,0.6666666666666666,20,0.3,CCDC130
ENSG00000110172,6,2,0.016805573517342052,0.9776709006307399,4,increasing,0.6666666666666666,10,0.6,CHORDC1
ENSG00000113448,6,5,-0.05690345309656816,0.9776709006307399,1,decreasing,0.8333333333333334,19,0.3157894736842105,PDE4D
ENSG00000116793,6,3,0.01462756502004607,0.9776709006307399,3,decreasing,0.5,24,0.25,PHTF1
ENSG00000117528,6,2,0.020541217660626835,0.9776709006307399,4,increasing,0.6666666666666666,9,0.6666666666666666,ABCD3
ENSG00000124226,6,5,-0.017875498116652084,0.9776709006307399,1,decreasing,0.8333333333333334,10,0.6,RNF114
ENSG00000126522,6,2,0.015532707979366381,0.9776709006307399,4,increasing,0.6666666666666666,9,0.6666666666666666,ASL
ENSG00000130177,6,4,-0.005102755115056967,0.9776709006307399,2,decreasing,0.6666666666666666,16,0.375,CDC16
ENSG00000136280,6,3,0.01763810654931823,0.9776709006307399,3,decreasing,0.5,21,0.2857142857142857,CCM2
ENSG00000136485,6,2,0.017781733731290602,0.9776709006307399,4,increasing,0.6666666666666666,24,0.25,DCAF7
ENSG00000137713,6,5,0.015124713427446554,0.9776709006307399,1,decreasing,0.8333333333333334,22,0.2727272727272727,PPP2R1B
ENSG00000144674,6,4,-0.0014575479542249664,0.9776709006307399,2,decreasing,0.6666666666666666,24,0.25,GOLGA4
ENSG00000145604,6,4,-0.0014537438845877834,0.9776709006307399,2,decreasing,0.6666666666666666,19,0.3157894736842105,SKP2
ENSG00000147439,6,2,0.014322155397722884,0.9776709006307399,4,increasing,0.6666666666666666,18,0.3333333333333333,BIN3
ENSG00000148187,6,5,-0.0037901267087906334,0.9776709006307399,1,decreasing,0.8333333333333334,22,0.2727272727272727,MRRF
ENSG00000149100,6,5,-0.05218629903276373,0.9776709006307399,1,decreasing,0.8333333333333334,22,0.2727272727272727,EIF3M
ENSG00000150782,6,5,-0.04046588613277275,0.9776709006307399,1,decreasing,0.8333333333333334,21,0.2857142857142857,IL18
ENSG00000151923,6,1,0.00464864795701445,0.9776709006307399,5,increasing,0.8333333333333334,16,0.375,TIAL1
ENSG00000154511,6,6,-0.013424066519785215,0.9776709006307399,0,decreasing,1.0,24,0.25,DIPK1A
ENSG00000155621,6,6,-0.011544120362027066,0.9776709006307399,0,decreasing,1.0,24,0.25,C9orf85
ENSG00000162869,6,6,-0.010049312180329466,0.9776709006307399,0,decreasing,1.0,22,0.2727272727272727,PPP1R21
ENSG00000162972,6,4,-0.008274505720175932,0.9776709006307399,2,decreasing,0.6666666666666666,17,0.35294117647058826,MAIP1
ENSG00000163104,6,3,-0.005907444768867533,0.9776709006307399,3,decreasing,0.5,16,0.375,SMARCAD1
ENSG00000164830,6,3,0.011861708757023267,0.9776709006307399,3,decreasing,0.5,19,0.3157894736842105,OXR1
ENSG00000166226,6,4,-0.0033485410543932,0.9776709006307399,2,decreasing,0.6666666666666666,20,0.3,CCT2
ENSG00000166986,6,5,-0.003307043745116084,0.9776709006307399,1,decreasing,0.8333333333333334,18,0.3333333333333333,MARS1
ENSG00000171055,6,2,0.003606224157861483,0.9776709006307399,4,increasing,0.6666666666666666,21,0.2857142857142857,FEZ2
ENSG00000172530,6,3,0.0021121550147040666,0.9776709006307399,3,decreasing,0.5,24,0.25,BANP
ENSG00000174165,6,5,-0.007478669354383301,0.9776709006307399,1,decreasing,0.8333333333333334,17,0.35294117647058826,ZDHHC24
ENSG00000180376,6,5,-0.004733198184643634,0.9776709006307399,1,decreasing,0.8333333333333334,19,0.3157894736842105,CCDC66
ENSG00000181827,6,4,7.425154240535002e-05,0.9776709006307399,2,decreasing,0.6666666666666666,23,0.2608695652173913,RFX7
ENSG00000182158,6,1,0.008154111882236635,0.9776709006307399,5,increasing,0.8333333333333334,20,0.3,CREB3L2
ENSG00000182162,6,5,-0.044484364699943685,0.9776709006307399,1,decreasing,0.8333333333333334,23,0.2608695652173913,P2RY8
ENSG00000183621,6,2,0.008126932628350467,0.9776709006307399,4,increasing,0.6666666666666666,23,0.2608695652173913,ZNF438
ENSG00000184575,6,2,0.008163744121817217,0.9776709006307399,4,increasing,0.6666666666666666,16,0.375,XPOT
ENSG00000187079,6,3,0.00207042081410115,0.9776709006307399,3,decreasing,0.5,22,0.2727272727272727,TEAD1
ENSG00000196083,6,4,-0.004955773502375149,0.9776709006307399,2,decreasing,0.6666666666666666,22,0.2727272727272727,IL1RAP
ENSG00000198815,6,2,0.001353908808410767,0.9776709006307399,4,increasing,0.6666666666666666,24,0.25,FOXJ3
ENSG00000203780,6,6,-0.03783890270291804,0.9776709006307399,0,decreasing,1.0,21,0.2857142857142857,FANK1
ENSG00000204120,6,3,0.00022611223247886666,0.9776709006307399,3,decreasing,0.5,19,0.3157894736842105,GIGYF2
ENSG00000231500,6,1,0.005582667414292566,0.9776709006307399,5,increasing,0.8333333333333334,16,0.375,RPS18
ENSG00000265972,6,1,0.0034162372603188337,0.9776709006307399,5,increasing,0.8333333333333334,19,0.3157894736842105,TXNIP
ENSG00000285329,6,3,0.0014087486888187666,0.9776709006307399,3,decreasing,0.5,19,0.3157894736842105,AC025283.2
ENSG00000288208,6,4,0.07801355763418384,0.9776709006307399,2,decreasing,0.6666666666666666,24,0.25,AL451136.1
ENSG00000026508,6,2,0.014714118491878767,0.9776709006307397,4,increasing,0.6666666666666666,24,0.25,CD44
ENSG00000069966,6,6,-0.010646591632368634,0.9776709006307397,0,decreasing,1.0,18,0.3333333333333333,GNB5
ENSG00000074842,6,1,0.004797971446994967,0.9776709006307397,5,increasing,0.8333333333333334,17,0.35294117647058826,MYDGF
ENSG00000091490,6,3,-0.0041243165287281015,0.9776709006307397,3,decreasing,0.5,19,0.3157894736842105,SEL1L3
ENSG00000095794,6,1,0.0056959915104310005,0.9776709006307397,5,increasing,0.8333333333333334,23,0.2608695652173913,CREM
ENSG00000101695,6,4,-0.003318698265058633,0.9776709006307397,2,decreasing,0.6666666666666666,24,0.25,RNF125
ENSG00000101849,6,4,-0.01188112225028165,0.9776709006307397,2,decreasing,0.6666666666666666,24,0.25,TBL1X
ENSG00000101966,6,3,0.0030323406594904164,0.9776709006307397,3,decreasing,0.5,9,0.6666666666666666,XIAP
ENSG00000105953,6,5,-0.0072302980212078675,0.9776709006307397,1,decreasing,0.8333333333333334,24,0.25,OGDH
ENSG00000106799,6,4,-0.016891741855218568,0.9776709006307397,2,decreasing,0.6666666666666666,18,0.3333333333333333,TGFBR1
ENSG00000107738,6,5,-0.0012500143961636997,0.9776709006307397,1,decreasing,0.8333333333333334,23,0.2608695652173913,VSIR
ENSG00000110721,6,4,-0.0018922096725105502,0.9776709006307397,2,decreasing,0.6666666666666666,24,0.25,CHKA
ENSG00000112584,6,4,-9.409338774115024e-05,0.9776709006307397,2,decreasing,0.6666666666666666,18,0.3333333333333333,FAM120B
ENSG00000113649,6,6,-0.004526740901388433,0.9776709006307397,0,decreasing,1.0,19,0.3157894736842105,TCERG1
ENSG00000116874,6,4,0.0038940007818784,0.9776709006307397,2,decreasing,0.6666666666666666,21,0.2857142857142857,WARS2
ENSG00000122678,6,3,0.0005714085672370832,0.9776709006307397,3,decreasing,0.5,17,0.35294117647058826,POLM
ENSG00000124214,6,3,-0.01047002817581535,0.9776709006307397,3,decreasing,0.5,22,0.2727272727272727,STAU1
ENSG00000127081,6,4,-0.0025940306927251006,0.9776709006307397,2,decreasing,0.6666666666666666,16,0.375,ZNF484
ENSG00000131381,6,3,0.008128917093050483,0.9776709006307397,3,decreasing,0.5,18,0.3333333333333333,RBSN
ENSG00000131981,6,3,0.0247417837899857,0.9776709006307397,3,decreasing,0.5,17,0.35294117647058826,LGALS3
ENSG00000137074,6,5,-0.0024733030397049334,0.9776709006307397,1,decreasing,0.8333333333333334,18,0.3333333333333333,APTX
ENSG00000138398,6,4,-0.00041032306373758355,0.9776709006307397,2,decreasing,0.6666666666666666,22,0.2727272727272727,PPIG
ENSG00000139722,6,4,-0.0021661403218529163,0.9776709006307397,2,decreasing,0.6666666666666666,18,0.3333333333333333,VPS37B
ENSG00000150712,6,4,-0.0024864530516836166,0.9776709006307397,2,decreasing,0.6666666666666666,19,0.3157894736842105,MTMR12
ENSG00000152223,6,5,-0.0006252795400659498,0.9776709006307397,1,decreasing,0.8333333333333334,24,0.25,EPG5
ENSG00000156011,6,5,-0.004133384185047517,0.9776709006307397,1,decreasing,0.8333333333333334,23,0.2608695652173913,PSD3
ENSG00000156299,6,3,0.0003008396013535498,0.9776709006307397,3,decreasing,0.5,19,0.3157894736842105,TIAM1
ENSG00000165029,6,4,-0.028119269865021067,0.9776709006307397,2,decreasing,0.6666666666666666,24,0.25,ABCA1
ENSG00000166228,6,5,-0.0106387806284847,0.9776709006307397,1,decreasing,0.8333333333333334,18,0.3333333333333333,PCBD1
ENSG00000166435,6,4,-0.00748451154659015,0.9776709006307397,2,decreasing,0.6666666666666666,18,0.3333333333333333,XRRA1
ENSG00000167004,6,4,-0.003663525154102967,0.9776709006307397,2,decreasing,0.6666666666666666,24,0.25,PDIA3
ENSG00000170606,6,1,0.018981513869762916,0.9776709006307397,5,increasing,0.8333333333333334,23,0.2608695652173913,HSPA4
ENSG00000183735,6,5,-0.009733314254865283,0.9776709006307397,1,decreasing,0.8333333333333334,23,0.2608695652173913,TBK1
ENSG00000185033,6,5,0.003868815475392817,0.9776709006307397,1,decreasing,0.8333333333333334,10,0.6,SEMA4B
ENSG00000196305,6,5,-0.00294812128023395,0.9776709006307397,1,decreasing,0.8333333333333334,18,0.3333333333333333,IARS1
ENSG00000197756,6,4,0.031075407961719384,0.9776709006307397,2,decreasing,0.6666666666666666,17,0.35294117647058826,RPL37A
ENSG00000213015,6,4,0.0032024380962525664,0.9776709006307397,2,decreasing,0.6666666666666666,22,0.2727272727272727,ZNF580
ENSG00000256206,6,3,0.007352811604717166,0.9776709006307397,3,decreasing,0.5,22,0.2727272727272727,AC018523.2
ENSG00000265241,6,4,0.005972199989496899,0.9776709006307397,2,decreasing,0.6666666666666666,17,0.35294117647058826,RBM8A
ENSG00000171302,6,6,-0.0053041232313835495,0.974341649025257,0,decreasing,1.0,8,0.75,CANT1
ENSG00000204524,6,6,-0.07474430581240636,0.974341649025257,0,decreasing,1.0,8,0.75,ZNF805
ENSG00000204569,6,4,0.002281327221880117,0.974341649025257,2,decreasing,0.6666666666666666,9,0.6666666666666666,PPP1R10
ENSG00000005486,6,5,-0.01237258751353445,0.9691181169724922,1,decreasing,0.8333333333333334,19,0.3157894736842105,RHBDD2
ENSG00000086015,6,6,-0.0055134248435695825,0.9691181169724922,0,decreasing,1.0,23,0.2608695652173913,MAST2
ENSG00000132003,6,5,0.005573132744712501,0.9691181169724922,1,decreasing,0.8333333333333334,22,0.2727272727272727,ZSWIM4
ENSG00000157445,6,6,-0.0053397729303928665,0.9691181169724922,0,decreasing,1.0,17,0.35294117647058826,CACNA2D3
ENSG00000175073,6,6,-0.006027369235836084,0.9691181169724922,0,decreasing,1.0,22,0.2727272727272727,VCPIP1
ENSG00000013725,6,4,-0.009692936497686083,0.9691181169724921,2,decreasing,0.6666666666666666,9,0.6666666666666666,CD6
ENSG00000033178,6,6,-0.007485756805159716,0.9691181169724921,0,decreasing,1.0,24,0.25,UBA6
ENSG00000039068,6,5,-0.0045448489965648495,0.9691181169724921,1,decreasing,0.8333333333333334,10,0.6,CDH1
ENSG00000055044,6,3,0.06649834402815305,0.9691181169724921,3,decreasing,0.5,24,0.25,NOP58
ENSG00000059378,6,6,-0.00660509377881205,0.9691181169724921,0,decreasing,1.0,22,0.2727272727272727,PARP12
ENSG00000072310,6,6,-0.0078424000920509,0.9691181169724921,0,decreasing,1.0,18,0.3333333333333333,SREBF1
ENSG00000089775,6,5,-0.008062172348592817,0.9691181169724921,1,decreasing,0.8333333333333334,21,0.2857142857142857,ZBTB25
ENSG00000099290,6,4,-0.0040209542240457665,0.9691181169724921,2,decreasing,0.6666666666666666,9,0.6666666666666666,WASHC2A
ENSG00000102580,6,2,0.02693394111338372,0.9691181169724921,4,increasing,0.6666666666666666,10,0.6,DNAJC3
ENSG00000110047,6,5,-0.0077597646501998,0.9691181169724921,1,decreasing,0.8333333333333334,21,0.2857142857142857,EHD1
ENSG00000112531,6,3,-0.0022563437921699334,0.9691181169724921,3,decreasing,0.5,24,0.25,QKI
ENSG00000113300,6,5,3.565332801735001e-05,0.9691181169724921,1,decreasing,0.8333333333333334,19,0.3157894736842105,CNOT6
ENSG00000115295,6,6,-0.00475419969666475,0.9691181169724921,0,decreasing,1.0,22,0.2727272727272727,CLIP4
ENSG00000115594,6,3,-0.0024249851970349497,0.9691181169724921,3,decreasing,0.5,9,0.6666666666666666,IL1R1
ENSG00000123358,6,3,-0.0022619738509670503,0.9691181169724921,3,decreasing,0.5,8,0.75,NR4A1
ENSG00000123595,6,6,-0.029818019031565085,0.9691181169724921,0,decreasing,1.0,10,0.6,RAB9A
ENSG00000125246,6,6,-0.0032957292391007,0.9691181169724921,0,decreasing,1.0,16,0.375,CLYBL
ENSG00000128739,6,6,-0.007045017643204549,0.9691181169724921,0,decreasing,1.0,21,0.2857142857142857,SNRPN
ENSG00000129084,6,4,-0.0010376383593170666,0.9691181169724921,2,decreasing,0.6666666666666666,17,0.35294117647058826,PSMA1
ENSG00000137692,6,4,-0.015174285985117032,0.9691181169724921,2,decreasing,0.6666666666666666,9,0.6666666666666666,DCUN1D5
ENSG00000138496,6,6,-0.0038060011644153497,0.9691181169724921,0,decreasing,1.0,18,0.3333333333333333,PARP9
ENSG00000141380,6,3,-0.004378917578340383,0.9691181169724921,3,decreasing,0.5,22,0.2727272727272727,SS18
ENSG00000144746,6,5,-0.004603843186865966,0.9691181169724921,1,decreasing,0.8333333333333334,17,0.35294117647058826,ARL6IP5
ENSG00000146376,6,6,-0.01171549438294175,0.9691181169724921,0,decreasing,1.0,24,0.25,ARHGAP18
ENSG00000146574,6,5,-0.0038210737540589333,0.9691181169724921,1,decreasing,0.8333333333333334,21,0.2857142857142857,CCZ1B
ENSG00000151304,6,5,-0.0105979016033056,0.9691181169724921,1,decreasing,0.8333333333333334,8,0.75,SRFBP1
ENSG00000157600,6,5,-0.0027459948018224833,0.9691181169724921,1,decreasing,0.8333333333333334,24,0.25,TMEM164
ENSG00000157837,6,6,-0.0068441209318491165,0.9691181169724921,0,decreasing,1.0,21,0.2857142857142857,SPPL3
ENSG00000157911,6,5,-0.01130016117897655,0.9691181169724921,1,decreasing,0.8333333333333334,14,0.42857142857142855,PEX10
ENSG00000159063,6,2,0.002058924970505433,0.9691181169724921,4,increasing,0.6666666666666666,16,0.375,ALG8
ENSG00000160087,6,2,0.01427664064627415,0.9691181169724921,4,increasing,0.6666666666666666,10,0.6,UBE2J2
ENSG00000164180,6,5,-0.00400829956442455,0.9691181169724921,1,decreasing,0.8333333333333334,18,0.3333333333333333,TMEM161B
ENSG00000164430,6,3,-0.0019888002122634336,0.9691181169724921,3,decreasing,0.5,23,0.2608695652173913,CGAS
ENSG00000166411,6,4,-0.0009657655018938,0.9691181169724921,2,decreasing,0.6666666666666666,19,0.3157894736842105,IDH3A
ENSG00000167461,6,5,-0.030336099447085305,0.9691181169724921,1,decreasing,0.8333333333333334,19,0.3157894736842105,RAB8A
ENSG00000168310,6,5,-0.009924207755371851,0.9691181169724921,1,decreasing,0.8333333333333334,18,0.3333333333333333,IRF2
ENSG00000173757,6,5,-0.005833623153645751,0.9691181169724921,1,decreasing,0.8333333333333334,24,0.25,STAT5B
ENSG00000178982,6,6,-0.0017697200976275666,0.9691181169724921,0,decreasing,1.0,16,0.375,EIF3K
ENSG00000182534,6,4,-0.0015083639236812667,0.9691181169724921,2,decreasing,0.6666666666666666,14,0.42857142857142855,MXRA7
ENSG00000184922,6,6,-0.011299735107601266,0.9691181169724921,0,decreasing,1.0,16,0.375,FMNL1
ENSG00000196072,6,5,-0.0015269748405827167,0.9691181169724921,1,decreasing,0.8333333333333334,16,0.375,BLOC1S2
ENSG00000204590,6,4,-0.013191543691233968,0.9691181169724921,2,decreasing,0.6666666666666666,10,0.6,GNL1
ENSG00000213918,6,4,0.006687080639682267,0.9691181169724921,2,decreasing,0.6666666666666666,22,0.2727272727272727,DNASE1
ENSG00000275385,6,4,-0.017837041977430166,0.9691181169724921,2,decreasing,0.6666666666666666,19,0.3157894736842105,CCL18
ENSG00000285932,6,5,-0.005644355862176618,0.9691181169724921,1,decreasing,0.8333333333333334,23,0.2608695652173913,AL133353.2
ENSG00000001461,6,3,-0.0017672835558997333,0.9605653333142445,3,decreasing,0.5,10,0.6,NIPAL3
ENSG00000010017,6,4,-0.011884680296834151,0.9605653333142445,2,decreasing,0.6666666666666666,10,0.6,RANBP9
ENSG00000047644,6,5,-0.00217504132103455,0.9605653333142445,1,decreasing,0.8333333333333334,15,0.4,WWC3
ENSG00000100650,6,4,0.002555692340520267,0.9605653333142445,2,decreasing,0.6666666666666666,8,0.75,SRSF5
ENSG00000122741,6,5,0.001601175986538083,0.9605653333142445,1,decreasing,0.8333333333333334,21,0.2857142857142857,DCAF10
ENSG00000128923,6,4,0.0005169935298097499,0.9605653333142445,2,decreasing,0.6666666666666666,9,0.6666666666666666,MINDY2
ENSG00000134686,6,5,-0.006708078523248933,0.9605653333142445,1,decreasing,0.8333333333333334,22,0.2727272727272727,PHC2
ENSG00000137801,6,6,-0.004755422517281383,0.9605653333142445,0,decreasing,1.0,16,0.375,THBS1
ENSG00000138688,6,6,-0.010650292413599017,0.9605653333142445,0,decreasing,1.0,19,0.3157894736842105,KIAA1109
ENSG00000151150,6,5,-0.006564011528848851,0.9605653333142445,1,decreasing,0.8333333333333334,10,0.6,ANK3
ENSG00000167618,6,6,-0.018743958639368414,0.9605653333142445,0,decreasing,1.0,7,0.8571428571428571,LAIR2
ENSG00000172954,6,6,-0.0333884224078664,0.9605653333142445,0,decreasing,1.0,17,0.35294117647058826,LCLAT1
ENSG00000188846,6,5,-0.0177755583275836,0.9605653333142445,1,decreasing,0.8333333333333334,9,0.6666666666666666,RPL14
ENSG00000072134,6,6,-0.0042827675845216,0.9605653333142444,0,decreasing,1.0,17,0.35294117647058826,EPN2
ENSG00000104998,6,5,-0.009643410092785833,0.9605653333142444,1,decreasing,0.8333333333333334,17,0.35294117647058826,IL27RA
ENSG00000110422,6,5,-0.008163637243735117,0.9605653333142444,1,decreasing,0.8333333333333334,24,0.25,HIPK3
ENSG00000112306,6,3,-0.0021897042855682836,0.9605653333142444,3,decreasing,0.5,9,0.6666666666666666,RPS12
ENSG00000116273,6,6,-0.0033461630370797833,0.9605653333142444,0,decreasing,1.0,14,0.42857142857142855,PHF13
ENSG00000125386,6,5,0.0015201145782053162,0.9605653333142444,1,decreasing,0.8333333333333334,17,0.35294117647058826,FAM193A
ENSG00000132002,6,6,-0.00393231715996615,0.9605653333142444,0,decreasing,1.0,16,0.375,DNAJB1
ENSG00000132182,6,5,-0.0018469640827010498,0.9605653333142444,1,decreasing,0.8333333333333334,17,0.35294117647058826,NUP210
ENSG00000138207,6,6,-0.005789653665107616,0.9605653333142444,0,decreasing,1.0,14,0.42857142857142855,RBP4
ENSG00000141384,6,4,0.0019228327412986,0.9605653333142444,2,decreasing,0.6666666666666666,9,0.6666666666666666,TAF4B
ENSG00000144029,6,6,-0.003965802739584917,0.9605653333142444,0,decreasing,1.0,22,0.2727272727272727,MRPS5
ENSG00000165115,6,6,-0.0036471298857051002,0.9605653333142444,0,decreasing,1.0,21,0.2857142857142857,KIF27
ENSG00000175203,6,6,-0.0034306725430223333,0.9605653333142444,0,decreasing,1.0,15,0.4,DCTN2
ENSG00000180776,6,5,-0.0005476586936120671,0.9605653333142444,1,decreasing,0.8333333333333334,22,0.2727272727272727,ZDHHC20
ENSG00000185947,6,5,-0.0005270599235496999,0.9605653333142444,1,decreasing,0.8333333333333334,9,0.6666666666666666,ZNF267
ENSG00000197208,6,6,-0.005229933025378434,0.9605653333142444,0,decreasing,1.0,17,0.35294117647058826,SLC22A4
ENSG00000204172,6,5,0.0004270756397954166,0.9605653333142444,1,decreasing,0.8333333333333334,17,0.35294117647058826,AGAP9
ENSG00000276289,6,6,-0.0026623360301738,0.9605653333142444,0,decreasing,1.0,15,0.4,KCNE1B
ENSG00000003400,6,4,0.014728322641978,0.9553418012614796,2,decreasing,0.6666666666666666,20,0.3,CASP10
ENSG00000011243,6,1,0.03732794775521805,0.9553418012614796,5,increasing,0.8333333333333334,20,0.3,AKAP8L
ENSG00000012061,6,3,0.02103458924215798,0.9553418012614796,3,decreasing,0.5,23,0.2608695652173913,ERCC1
ENSG00000013441,6,3,0.03591804187573055,0.9553418012614796,3,decreasing,0.5,20,0.3,CLK1
ENSG00000040341,6,4,0.04548267242784767,0.9553418012614796,2,decreasing,0.6666666666666666,24,0.25,STAU2
ENSG00000055332,6,2,0.004124923693194417,0.9553418012614796,4,increasing,0.6666666666666666,22,0.2727272727272727,EIF2AK2
ENSG00000055917,6,3,-0.004482170842788717,0.9553418012614796,3,decreasing,0.5,22,0.2727272727272727,PUM2
ENSG00000064607,6,6,-0.011046395161774135,0.9553418012614796,0,decreasing,1.0,23,0.2608695652173913,SUGP2
ENSG00000078618,6,4,-0.001234806796035651,0.9553418012614796,2,decreasing,0.6666666666666666,10,0.6,NRDC
ENSG00000083844,6,6,-0.006428239015952817,0.9553418012614796,0,decreasing,1.0,17,0.35294117647058826,ZNF264
ENSG00000084093,6,4,0.0016950648221787665,0.9553418012614796,2,decreasing,0.6666666666666666,19,0.3157894736842105,REST
ENSG00000092036,6,6,-0.0033558529472391837,0.9553418012614796,0,decreasing,1.0,19,0.3157894736842105,HAUS4
ENSG00000100354,6,2,0.006174059073117733,0.9553418012614796,4,increasing,0.6666666666666666,19,0.3157894736842105,TNRC6B
ENSG00000100997,6,4,-0.012256275795588566,0.9553418012614796,2,decreasing,0.6666666666666666,24,0.25,ABHD12
ENSG00000102786,6,5,-0.0027756610787307164,0.9553418012614796,1,decreasing,0.8333333333333334,24,0.25,INTS6
ENSG00000103194,6,4,-0.02056001161861435,0.9553418012614796,2,decreasing,0.6666666666666666,20,0.3,USP10
ENSG00000103657,6,2,0.05610313562673116,0.9553418012614796,4,increasing,0.6666666666666666,24,0.25,HERC1
ENSG00000106948,6,6,-0.007340888396122384,0.9553418012614796,0,decreasing,1.0,23,0.2608695652173913,AKNA
ENSG00000107249,6,5,-0.006146065069953434,0.9553418012614796,1,decreasing,0.8333333333333334,21,0.2857142857142857,GLIS3
ENSG00000109790,6,2,0.004020361240098,0.9553418012614796,4,increasing,0.6666666666666666,24,0.25,KLHL5
ENSG00000110880,6,4,-0.0015474073327485002,0.9553418012614796,2,decreasing,0.6666666666666666,22,0.2727272727272727,CORO1C
ENSG00000113558,6,5,-0.007140373165120568,0.9553418012614796,1,decreasing,0.8333333333333334,15,0.4,SKP1
ENSG00000115165,6,4,0.014877699626946433,0.9553418012614796,2,decreasing,0.6666666666666666,21,0.2857142857142857,CYTIP
ENSG00000115232,6,5,-0.0005108946208013833,0.9553418012614796,1,decreasing,0.8333333333333334,19,0.3157894736842105,ITGA4
ENSG00000115271,6,6,-0.025661323803001384,0.9553418012614796,0,decreasing,1.0,16,0.375,GCA
ENSG00000115414,6,5,-0.0021023868064238,0.9553418012614796,1,decreasing,0.8333333333333334,18,0.3333333333333333,FN1
ENSG00000115825,6,4,-0.0041251262975077,0.9553418012614796,2,decreasing,0.6666666666666666,24,0.25,PRKD3
ENSG00000119844,6,4,0.013431643671449148,0.9553418012614796,2,decreasing,0.6666666666666666,18,0.3333333333333333,AFTPH
ENSG00000119878,6,5,-0.009623602937262034,0.9553418012614796,1,decreasing,0.8333333333333334,18,0.3333333333333333,CRIPT
ENSG00000121671,6,5,0.029935099252246366,0.9553418012614796,1,decreasing,0.8333333333333334,19,0.3157894736842105,CRY2
ENSG00000122565,6,5,-0.0011178379569996,0.9553418012614796,1,decreasing,0.8333333333333334,22,0.2727272727272727,CBX3
ENSG00000128512,6,3,0.016942053545695317,0.9553418012614796,3,decreasing,0.5,24,0.25,DOCK4
ENSG00000130254,6,6,-0.006697665137632917,0.9553418012614796,0,decreasing,1.0,19,0.3157894736842105,SAFB2
ENSG00000130303,6,3,0.026455223644260648,0.9553418012614796,3,decreasing,0.5,16,0.375,BST2
ENSG00000130813,6,6,-0.007211277187804416,0.9553418012614796,0,decreasing,1.0,19,0.3157894736842105,SHFL
ENSG00000132485,6,4,0.017056292010150468,0.9553418012614796,2,decreasing,0.6666666666666666,18,0.3333333333333333,ZRANB2
ENSG00000135334,6,5,-0.0041373335652690165,0.9553418012614796,1,decreasing,0.8333333333333334,18,0.3333333333333333,AKIRIN2
ENSG00000135679,6,4,9.518092832751719e-05,0.9553418012614796,2,decreasing,0.6666666666666666,23,0.2608695652173913,MDM2
ENSG00000136536,6,3,0.016737746702687167,0.9553418012614796,3,decreasing,0.5,21,0.2857142857142857,MARCHF7
ENSG00000136813,6,6,-0.004379629294797067,0.9553418012614796,0,decreasing,1.0,19,0.3157894736842105,ECPAS
ENSG00000136930,6,4,-0.00859044232906525,0.9553418012614796,2,decreasing,0.6666666666666666,9,0.6666666666666666,PSMB7
ENSG00000137819,6,4,0.008315053430431218,0.9553418012614796,2,decreasing,0.6666666666666666,20,0.3,PAQR5
ENSG00000138162,6,3,0.0101055574128477,0.9553418012614796,3,decreasing,0.5,10,0.6,TACC2
ENSG00000138378,6,3,-0.002362619815616933,0.9553418012614796,3,decreasing,0.5,24,0.25,STAT4
ENSG00000138764,6,3,0.0168097111649781,0.9553418012614796,3,decreasing,0.5,20,0.3,CCNG2
ENSG00000139505,6,4,-0.0018955911918019667,0.9553418012614796,2,decreasing,0.6666666666666666,16,0.375,MTMR6
ENSG00000140718,6,3,-0.004960772279938717,0.9553418012614796,3,decreasing,0.5,24,0.25,FTO
ENSG00000141068,6,3,0.006178782376163583,0.9553418012614796,3,decreasing,0.5,24,0.25,KSR1
ENSG00000141429,6,3,0.0592372226881214,0.9553418012614796,3,decreasing,0.5,10,0.6,GALNT1
ENSG00000147454,6,3,0.0011277429387685333,0.9553418012614796,3,decreasing,0.5,10,0.6,SLC25A37
ENSG00000148175,6,4,0.005923129894278516,0.9553418012614796,2,decreasing,0.6666666666666666,24,0.25,STOM
ENSG00000148356,6,4,-0.010281553418427366,0.9553418012614796,2,decreasing,0.6666666666666666,23,0.2608695652173913,LRSAM1
ENSG00000148925,6,2,0.010597097782691285,0.9553418012614796,4,increasing,0.6666666666666666,22,0.2727272727272727,BTBD10
ENSG00000151229,6,4,-0.014689157708018865,0.9553418012614796,2,decreasing,0.6666666666666666,19,0.3157894736842105,SLC2A13
ENSG00000151883,6,2,0.0026849912305153835,0.9553418012614796,4,increasing,0.6666666666666666,24,0.25,PARP8
ENSG00000152102,6,3,0.017692681234017796,0.9553418012614796,3,decreasing,0.5,17,0.35294117647058826,FAM168B
ENSG00000155313,6,6,-0.01876128618466695,0.9553418012614796,0,decreasing,1.0,23,0.2608695652173913,USP25
ENSG00000155744,6,4,-0.0045517411365103835,0.9553418012614796,2,decreasing,0.6666666666666666,19,0.3157894736842105,FAM126B
ENSG00000158417,6,3,-0.0008313332792713001,0.9553418012614796,3,decreasing,0.5,18,0.3333333333333333,EIF5B
ENSG00000161533,6,3,0.002154982998548583,0.9553418012614796,3,decreasing,0.5,23,0.2608695652173913,ACOX1
ENSG00000164134,6,4,0.011849880600624668,0.9553418012614796,2,decreasing,0.6666666666666666,10,0.6,NAA15
ENSG00000166037,6,4,0.009366931109595567,0.9553418012614796,2,decreasing,0.6666666666666666,22,0.2727272727272727,CEP57
ENSG00000167258,6,4,-0.0021395653051119,0.9553418012614796,2,decreasing,0.6666666666666666,9,0.6666666666666666,CDK12
ENSG00000168010,6,5,0.00015260525858925002,0.9553418012614796,1,decreasing,0.8333333333333334,17,0.35294117647058826,ATG16L2
ENSG00000168066,6,6,-0.012355422353113599,0.9553418012614796,0,decreasing,1.0,16,0.375,SF1
ENSG00000168300,6,3,0.014718231246151967,0.9553418012614796,3,decreasing,0.5,24,0.25,PCMTD1
ENSG00000170242,6,6,-0.004021223209738033,0.9553418012614796,0,decreasing,1.0,24,0.25,USP47
ENSG00000171791,6,4,-0.00432341034333945,0.9553418012614796,2,decreasing,0.6666666666666666,24,0.25,BCL2
ENSG00000172673,6,5,-0.003623978948899417,0.9553418012614796,1,decreasing,0.8333333333333334,24,0.25,THEMIS
ENSG00000173530,6,5,-0.027679006066845032,0.9553418012614796,1,decreasing,0.8333333333333334,19,0.3157894736842105,TNFRSF10D
ENSG00000174501,6,6,-0.007789731382269217,0.9553418012614796,0,decreasing,1.0,16,0.375,ANKRD36C
ENSG00000176953,6,4,-0.0019315611882193167,0.9553418012614796,2,decreasing,0.6666666666666666,23,0.2608695652173913,NFATC2IP
ENSG00000177885,6,6,-0.005247806595613934,0.9553418012614796,0,decreasing,1.0,19,0.3157894736842105,GRB2
ENSG00000181625,6,2,0.00397645079968635,0.9553418012614796,4,increasing,0.6666666666666666,10,0.6,SLX1B
ENSG00000182149,6,2,0.0088279606140971,0.9553418012614796,4,increasing,0.6666666666666666,22,0.2727272727272727,IST1
ENSG00000182247,6,6,-0.006388825085139283,0.9553418012614796,0,decreasing,1.0,24,0.25,UBE2E2
ENSG00000183049,6,4,-0.0029648022374163326,0.9553418012614796,2,decreasing,0.6666666666666666,24,0.25,CAMK1D
ENSG00000189050,6,2,0.009817482521960883,0.9553418012614796,4,increasing,0.6666666666666666,21,0.2857142857142857,RNFT1
ENSG00000189283,6,6,-0.0038337185626863834,0.9553418012614796,0,decreasing,1.0,19,0.3157894736842105,FHIT
ENSG00000196189,6,4,-0.0005300074178644331,0.9553418012614796,2,decreasing,0.6666666666666666,22,0.2727272727272727,SEMA4A
ENSG00000197362,6,3,0.0034625496503045664,0.9553418012614796,3,decreasing,0.5,16,0.375,ZNF786
ENSG00000197405,6,5,-0.0146258846100155,0.9553418012614796,1,decreasing,0.8333333333333334,10,0.6,C5AR1
ENSG00000198169,6,6,-0.017662544996330933,0.9553418012614796,0,decreasing,1.0,19,0.3157894736842105,ZNF251
ENSG00000198771,6,1,0.017325748289715365,0.9553418012614796,5,increasing,0.8333333333333334,17,0.35294117647058826,RCSD1
ENSG00000204713,6,5,-0.007819101505842283,0.9553418012614796,1,decreasing,0.8333333333333334,24,0.25,TRIM27
ENSG00000250151,6,5,-0.0034012317493772835,0.9553418012614796,1,decreasing,0.8333333333333334,17,0.35294117647058826,ARPC4-TTLL3
ENSG00000254470,6,6,-0.018219378603476884,0.9553418012614796,0,decreasing,1.0,17,0.35294117647058826,AP5B1
ENSG00000261371,6,6,-0.003799413944123633,0.9553418012614796,0,decreasing,1.0,18,0.3333333333333333,PECAM1
ENSG00000277149,6,6,-0.010885000454218266,0.9553418012614796,0,decreasing,1.0,19,0.3157894736842105,TYW1B
ENSG00000283782,6,4,-0.0013728450050078502,0.9553418012614796,2,decreasing,0.6666666666666666,18,0.3333333333333333,AC116366.3
ENSG00000284292,6,5,-0.019495494323257583,0.9553418012614796,1,decreasing,0.8333333333333334,10,0.6,AC004922.1
ENSG00000107263,6,3,-0.0042952551927509,0.9553418012614795,3,decreasing,0.5,24,0.25,RAPGEF1
ENSG00000115935,6,4,-0.00194327892131645,0.9553418012614795,2,decreasing,0.6666666666666666,24,0.25,WIPF1
ENSG00000185104,6,5,-0.030270881890448784,0.9553418012614795,1,decreasing,0.8333333333333334,24,0.25,FAF1
ENSG00000188811,6,1,0.008555962268064899,0.9553418012614795,5,increasing,0.8333333333333334,16,0.375,NHLRC3
ENSG00000213722,6,3,-0.0014895745423210668,0.9553418012614795,3,decreasing,0.5,17,0.35294117647058826,DDAH2
ENSG00000078114,6,6,-0.00409045968301195,0.9520125496559969,0,decreasing,1.0,17,0.35294117647058826,NEBL
ENSG00000115425,6,2,0.05691411397163668,0.9520125496559969,4,increasing,0.6666666666666666,14,0.42857142857142855,PECR
ENSG00000116525,6,6,-0.005193378501047434,0.9520125496559969,0,decreasing,1.0,16,0.375,TRIM62
ENSG00000120915,6,6,-0.0026724678454788,0.9520125496559969,0,decreasing,1.0,15,0.4,EPHX2
ENSG00000157379,6,6,-0.006279555018061884,0.9520125496559969,0,decreasing,1.0,15,0.4,DHRS1
ENSG00000075651,6,3,0.00218075149688435,0.9520125496559967,3,decreasing,0.5,21,0.2857142857142857,PLD1
ENSG00000131848,6,6,-0.002797361200468617,0.9520125496559967,0,decreasing,1.0,20,0.3,ZSCAN5A
ENSG00000134108,6,4,-0.045840735257554714,0.9520125496559967,2,decreasing,0.6666666666666666,10,0.6,ARL8B
ENSG00000147162,6,6,-0.0036790287275329,0.9520125496559967,0,decreasing,1.0,19,0.3157894736842105,OGT
ENSG00000156113,6,6,-0.0024177079265332167,0.9520125496559967,0,decreasing,1.0,21,0.2857142857142857,KCNMA1
ENSG00000198258,6,6,-0.006905265058714733,0.9520125496559967,0,decreasing,1.0,15,0.4,UBL5
ENSG00000002822,6,6,-0.0096402191631532,0.946789017603232,0,decreasing,1.0,24,0.25,MAD1L1
ENSG00000006576,6,6,-0.006946990054314517,0.946789017603232,0,decreasing,1.0,24,0.25,PHTF2
ENSG00000008394,6,6,-0.012291331984414301,0.946789017603232,0,decreasing,1.0,18,0.3333333333333333,MGST1
ENSG00000008838,6,4,-0.013376203767839817,0.946789017603232,2,decreasing,0.6666666666666666,21,0.2857142857142857,MED24
ENSG00000023734,6,5,-0.005890779835587699,0.946789017603232,1,decreasing,0.8333333333333334,9,0.6666666666666666,STRAP
ENSG00000065978,6,5,-0.0045551737154714,0.946789017603232,1,decreasing,0.8333333333333334,17,0.35294117647058826,YBX1
ENSG00000083544,6,4,-0.0009090348459951334,0.946789017603232,2,decreasing,0.6666666666666666,20,0.3,TDRD3
ENSG00000095637,6,6,-0.01533597286451605,0.946789017603232,0,decreasing,1.0,10,0.6,SORBS1
ENSG00000100592,6,5,-0.014427596040003834,0.946789017603232,1,decreasing,0.8333333333333334,18,0.3333333333333333,DAAM1
ENSG00000102743,6,5,-0.005187602635590534,0.946789017603232,1,decreasing,0.8333333333333334,15,0.4,SLC25A15
ENSG00000105223,6,3,0.041948990640307694,0.946789017603232,3,decreasing,0.5,20,0.3,PLD3
ENSG00000112033,6,6,-0.009230618762560283,0.946789017603232,0,decreasing,1.0,10,0.6,PPARD
ENSG00000112406,6,6,-0.015355301843705234,0.946789017603232,0,decreasing,1.0,10,0.6,HECA
ENSG00000113648,6,6,-0.007979520866881902,0.946789017603232,0,decreasing,1.0,22,0.2727272727272727,MACROH2A1
ENSG00000117036,6,2,0.024819433344240718,0.946789017603232,4,increasing,0.6666666666666666,22,0.2727272727272727,ETV3
ENSG00000117118,6,5,-0.0108478812113792,0.946789017603232,1,decreasing,0.8333333333333334,19,0.3157894736842105,SDHB
ENSG00000121931,6,4,0.004639455426383583,0.946789017603232,2,decreasing,0.6666666666666666,9,0.6666666666666666,LRIF1
ENSG00000123213,6,5,-0.007381252752899583,0.946789017603232,1,decreasing,0.8333333333333334,22,0.2727272727272727,NLN
ENSG00000126467,6,5,-0.004477469706111033,0.946789017603232,1,decreasing,0.8333333333333334,14,0.42857142857142855,TSKS
ENSG00000132205,6,5,-0.01711210533260335,0.946789017603232,1,decreasing,0.8333333333333334,18,0.3333333333333333,EMILIN2
ENSG00000135956,6,5,-0.010333843637669668,0.946789017603232,1,decreasing,0.8333333333333334,21,0.2857142857142857,TMEM127
ENSG00000140563,6,6,-0.022422926973830384,0.946789017603232,0,decreasing,1.0,10,0.6,MCTP2
ENSG00000141560,6,4,0.0023660917052093834,0.946789017603232,2,decreasing,0.6666666666666666,9,0.6666666666666666,FN3KRP
ENSG00000163946,6,4,-0.00034011951343885003,0.946789017603232,2,decreasing,0.6666666666666666,17,0.35294117647058826,TASOR
ENSG00000166398,6,6,-0.004514629095985249,0.946789017603232,0,decreasing,1.0,24,0.25,KIAA0355
ENSG00000169249,6,3,0.008373869156953016,0.946789017603232,3,decreasing,0.5,16,0.375,ZRSR2
ENSG00000172602,6,4,-0.0006391864220962167,0.946789017603232,2,decreasing,0.6666666666666666,15,0.4,RND1
ENSG00000186432,6,4,0.015035855383037382,0.946789017603232,2,decreasing,0.6666666666666666,22,0.2727272727272727,KPNA4
ENSG00000101421,6,6,-0.007698870134407651,0.9467890176032318,0,decreasing,1.0,10,0.6,CHMP4B
ENSG00000105738,6,4,0.0019505716960718335,0.9467890176032318,2,decreasing,0.6666666666666666,19,0.3157894736842105,SIPA1L3
ENSG00000109445,6,6,-0.02702467028434492,0.9467890176032318,0,decreasing,1.0,14,0.42857142857142855,ZNF330
ENSG00000109572,6,6,-0.003772881224123467,0.9467890176032318,0,decreasing,1.0,18,0.3333333333333333,CLCN3
ENSG00000115128,6,4,-0.0002736362933272002,0.9467890176032318,2,decreasing,0.6666666666666666,14,0.42857142857142855,SF3B6
ENSG00000115677,6,6,-0.00418650883461185,0.9467890176032318,0,decreasing,1.0,17,0.35294117647058826,HDLBP
ENSG00000115970,6,5,-0.0082743067717594,0.9467890176032318,1,decreasing,0.8333333333333334,24,0.25,THADA
ENSG00000116260,6,5,-0.00532619666485185,0.9467890176032318,1,decreasing,0.8333333333333334,22,0.2727272727272727,QSOX1
ENSG00000126524,6,6,-0.0038005055136831833,0.9467890176032318,0,decreasing,1.0,16,0.375,SBDS
ENSG00000127074,6,6,-0.0044057620840671,0.9467890176032318,0,decreasing,1.0,16,0.375,RGS13
ENSG00000129521,6,6,-0.005963795567030017,0.9467890176032318,0,decreasing,1.0,23,0.2608695652173913,EGLN3
ENSG00000131368,6,6,-0.0028880392420730164,0.9467890176032318,0,decreasing,1.0,17,0.35294117647058826,MRPS25
ENSG00000136141,6,5,-0.00271935385587725,0.9467890176032318,1,decreasing,0.8333333333333334,24,0.25,LRCH1
ENSG00000141979,6,6,-0.017750994218178984,0.9467890176032318,0,decreasing,1.0,24,0.25,AC008764.1
ENSG00000146192,6,5,0.007495360462701483,0.9467890176032318,1,decreasing,0.8333333333333334,20,0.3,FGD2
ENSG00000148660,6,4,0.0321828271417586,0.9467890176032318,2,decreasing,0.6666666666666666,23,0.2608695652173913,CAMK2G
ENSG00000155256,6,4,-0.005234573660722334,0.9467890176032318,2,decreasing,0.6666666666666666,16,0.375,ZFYVE27
ENSG00000158796,6,5,-0.0014566717547552666,0.9467890176032318,1,decreasing,0.8333333333333334,16,0.375,DEDD
ENSG00000164941,6,4,-0.0009965323093112835,0.9467890176032318,2,decreasing,0.6666666666666666,17,0.35294117647058826,INTS8
ENSG00000164961,6,4,0.029603531192611065,0.9467890176032318,2,decreasing,0.6666666666666666,18,0.3333333333333333,WASHC5
ENSG00000166788,6,6,-0.04847597793807864,0.9467890176032318,0,decreasing,1.0,14,0.42857142857142855,SAAL1
ENSG00000168918,6,3,0.00930700870541575,0.9467890176032318,3,decreasing,0.5,24,0.25,INPP5D
ENSG00000174943,6,1,0.022748112660946982,0.9467890176032318,5,increasing,0.8333333333333334,17,0.35294117647058826,KCTD13
ENSG00000180398,6,4,0.00311198847390925,0.9467890176032318,2,decreasing,0.6666666666666666,21,0.2857142857142857,MCFD2
ENSG00000198265,6,6,-0.00663582235481885,0.9467890176032318,0,decreasing,1.0,24,0.25,HELZ
ENSG00000213999,6,2,0.016781810820134285,0.9467890176032318,4,increasing,0.6666666666666666,16,0.375,MEF2B
ENSG00000218739,6,6,-0.002655285748606367,0.9467890176032318,0,decreasing,1.0,18,0.3333333333333333,CEBPZOS
ENSG00000095319,6,6,-0.004036103543356883,0.9434597659977491,0,decreasing,1.0,15,0.4,NUP188
ENSG00000075420,6,5,-0.00252084262030585,0.9382362339449842,1,decreasing,0.8333333333333334,24,0.25,FNDC3B
ENSG00000107566,6,6,-0.004159476853530333,0.9382362339449842,0,decreasing,1.0,18,0.3333333333333333,ERLIN1
ENSG00000108312,6,6,-0.011399339357086183,0.9382362339449842,0,decreasing,1.0,18,0.3333333333333333,UBTF
ENSG00000109046,6,6,-0.0065687484723913,0.9382362339449842,0,decreasing,1.0,24,0.25,WSB1
ENSG00000118495,6,6,-0.0024784899382963668,0.9382362339449842,0,decreasing,1.0,21,0.2857142857142857,PLAGL1
ENSG00000118507,6,6,-0.00899177748924395,0.9382362339449842,0,decreasing,1.0,16,0.375,AKAP7
ENSG00000130731,6,6,-0.0037193461210609166,0.9382362339449842,0,decreasing,1.0,15,0.4,METTL26
ENSG00000134308,6,6,-0.049890959065060136,0.9382362339449842,0,decreasing,1.0,20,0.3,YWHAQ
ENSG00000135525,6,3,0.004032734601264801,0.9382362339449842,3,decreasing,0.5,10,0.6,MAP7
ENSG00000138303,6,5,-0.029625947148776168,0.9382362339449842,1,decreasing,0.8333333333333334,10,0.6,ASCC1
ENSG00000138433,6,6,-0.006613731442830867,0.9382362339449842,0,decreasing,1.0,10,0.6,CIR1
ENSG00000140367,6,5,0.00035462892983201673,0.9382362339449842,1,decreasing,0.8333333333333334,24,0.25,UBE2Q2
ENSG00000145349,6,5,-0.00477064143036335,0.9382362339449842,1,decreasing,0.8333333333333334,22,0.2727272727272727,CAMK2D
ENSG00000149021,6,6,-0.003717427384860183,0.9382362339449842,0,decreasing,1.0,19,0.3157894736842105,SCGB1A1
ENSG00000152242,6,5,-0.0005858461564456,0.9382362339449842,1,decreasing,0.8333333333333334,24,0.25,C18orf25
ENSG00000155097,6,5,-0.002555189136896083,0.9382362339449842,1,decreasing,0.8333333333333334,9,0.6666666666666666,ATP6V1C1
ENSG00000162636,6,4,-0.00054472297419177,0.9382362339449842,2,decreasing,0.6666666666666666,22,0.2727272727272727,FAM102B
ENSG00000163393,6,6,-0.0038780429911082835,0.9382362339449842,0,decreasing,1.0,14,0.42857142857142855,SLC22A15
ENSG00000163714,6,5,-0.014158909338214948,0.9382362339449842,1,decreasing,0.8333333333333334,10,0.6,U2SURP
ENSG00000165240,6,4,0.0018844638670509502,0.9382362339449842,2,decreasing,0.6666666666666666,15,0.4,ATP7A
ENSG00000166192,6,6,-0.00984782996253155,0.9382362339449842,0,decreasing,1.0,14,0.42857142857142855,SENP8
ENSG00000182934,6,3,-0.0052720988841390174,0.9382362339449842,3,decreasing,0.5,10,0.6,SRPRA
ENSG00000205339,6,3,0.0029709495136546337,0.9382362339449842,3,decreasing,0.5,19,0.3157894736842105,IPO7
ENSG00000005889,6,4,-0.00369696706384025,0.9330127018922193,2,decreasing,0.6666666666666666,21,0.2857142857142857,ZFX
ENSG00000035681,6,6,-0.0034606470957042833,0.9330127018922193,0,decreasing,1.0,24,0.25,NSMAF
ENSG00000042088,6,3,0.0044121264239364,0.9330127018922193,3,decreasing,0.5,20,0.3,TDP1
ENSG00000067365,6,6,-0.009301861512966884,0.9330127018922193,0,decreasing,1.0,18,0.3333333333333333,METTL22
ENSG00000070413,6,5,-0.019686518472738983,0.9330127018922193,1,decreasing,0.8333333333333334,24,0.25,DGCR2
ENSG00000077585,6,5,-0.006218280399006334,0.9330127018922193,1,decreasing,0.8333333333333334,23,0.2608695652173913,GPR137B
ENSG00000080815,6,3,0.004423918246122383,0.9330127018922193,3,decreasing,0.5,23,0.2608695652173913,PSEN1
ENSG00000080839,6,6,-0.00391766471840795,0.9330127018922193,0,decreasing,1.0,16,0.375,RBL1
ENSG00000082397,6,4,0.029542916253506035,0.9330127018922193,2,decreasing,0.6666666666666666,24,0.25,EPB41L3
ENSG00000089154,6,5,-0.0040383382902660836,0.9330127018922193,1,decreasing,0.8333333333333334,21,0.2857142857142857,GCN1
ENSG00000092201,6,3,0.009438642148776516,0.9330127018922193,3,decreasing,0.5,22,0.2727272727272727,SUPT16H
ENSG00000100580,6,6,-0.00756383902249165,0.9330127018922193,0,decreasing,1.0,24,0.25,TMED8
ENSG00000101347,6,6,-0.004878256062988134,0.9330127018922193,0,decreasing,1.0,23,0.2608695652173913,SAMHD1
ENSG00000102781,6,4,-0.00564589368927555,0.9330127018922193,2,decreasing,0.6666666666666666,15,0.4,KATNAL1
ENSG00000104517,6,4,-0.016574792320658515,0.9330127018922193,2,decreasing,0.6666666666666666,24,0.25,UBR5
ENSG00000107957,6,4,0.00101797610929745,0.9330127018922193,2,decreasing,0.6666666666666666,22,0.2727272727272727,SH3PXD2A
ENSG00000108950,6,5,-0.0013245161630381834,0.9330127018922193,1,decreasing,0.8333333333333334,24,0.25,FAM20A
ENSG00000109756,6,4,-0.003518762795126033,0.9330127018922193,2,decreasing,0.6666666666666666,24,0.25,RAPGEF2
ENSG00000111252,6,5,-0.005726646903350883,0.9330127018922193,1,decreasing,0.8333333333333334,16,0.375,SH2B3
ENSG00000112679,6,6,-0.00326420036791145,0.9330127018922193,0,decreasing,1.0,14,0.42857142857142855,DUSP22
ENSG00000112992,6,6,-0.004051425514953017,0.9330127018922193,0,decreasing,1.0,16,0.375,NNT
ENSG00000116062,6,5,-0.00047736410451260374,0.9330127018922193,1,decreasing,0.8333333333333334,19,0.3157894736842105,MSH6
ENSG00000117481,6,5,-6.345972109899946e-05,0.9330127018922193,1,decreasing,0.8333333333333334,15,0.4,NSUN4
ENSG00000118454,6,3,-0.0041436503686787,0.9330127018922193,3,decreasing,0.5,23,0.2608695652173913,ANKRD13C
ENSG00000118849,6,6,-0.0030946477750213833,0.9330127018922193,0,decreasing,1.0,17,0.35294117647058826,RARRES1
ENSG00000119321,6,5,-0.0039681683834711665,0.9330127018922193,1,decreasing,0.8333333333333334,24,0.25,FKBP15
ENSG00000122335,6,4,0.08098862993461917,0.9330127018922193,2,decreasing,0.6666666666666666,17,0.35294117647058826,SERAC1
ENSG00000122958,6,6,-0.00381573191425325,0.9330127018922193,0,decreasing,1.0,23,0.2608695652173913,VPS26A
ENSG00000122965,6,4,0.0012896943340475167,0.9330127018922193,2,decreasing,0.6666666666666666,10,0.6,RBM19
ENSG00000124789,6,5,-0.008520277243397201,0.9330127018922193,1,decreasing,0.8333333333333334,24,0.25,NUP153
ENSG00000126883,6,2,0.07005881203295734,0.9330127018922193,4,increasing,0.6666666666666666,18,0.3333333333333333,NUP214
ENSG00000127084,6,6,-0.0084410835624988,0.9330127018922193,0,decreasing,1.0,19,0.3157894736842105,FGD3
ENSG00000130175,6,3,-0.00030695475147411673,0.9330127018922193,3,decreasing,0.5,16,0.375,PRKCSH
ENSG00000130826,6,5,0.00105323729383165,0.9330127018922193,1,decreasing,0.8333333333333334,21,0.2857142857142857,DKC1
ENSG00000131398,6,4,-0.0046564247200991,0.9330127018922193,2,decreasing,0.6666666666666666,20,0.3,KCNC3
ENSG00000134243,6,5,-0.0021894048049013667,0.9330127018922193,1,decreasing,0.8333333333333334,20,0.3,SORT1
ENSG00000134539,6,5,-0.0058130193407966825,0.9330127018922193,1,decreasing,0.8333333333333334,24,0.25,KLRD1
ENSG00000136167,6,4,0.003933924043992916,0.9330127018922193,2,decreasing,0.6666666666666666,19,0.3157894736842105,LCP1
ENSG00000136250,6,5,0.03565885154131395,0.9330127018922193,1,decreasing,0.8333333333333334,24,0.25,AOAH
ENSG00000137486,6,2,0.05135423675177517,0.9330127018922193,4,increasing,0.6666666666666666,24,0.25,ARRB1
ENSG00000138185,6,4,0.011463136204641669,0.9330127018922193,2,decreasing,0.6666666666666666,24,0.25,ENTPD1
ENSG00000138767,6,4,0.00042709861294125,0.9330127018922193,2,decreasing,0.6666666666666666,22,0.2727272727272727,CNOT6L
ENSG00000138771,6,5,-0.0015107315044681168,0.9330127018922193,1,decreasing,0.8333333333333334,22,0.2727272727272727,SHROOM3
ENSG00000138801,6,6,-0.00553797167360405,0.9330127018922193,0,decreasing,1.0,21,0.2857142857142857,PAPSS1
ENSG00000139163,6,6,-0.004971116936041,0.9330127018922193,0,decreasing,1.0,24,0.25,ETNK1
ENSG00000140406,6,5,-0.008328835946354451,0.9330127018922193,1,decreasing,0.8333333333333334,19,0.3157894736842105,TLNRD1
ENSG00000142192,6,6,-0.058829550205480426,0.9330127018922193,0,decreasing,1.0,16,0.375,APP
ENSG00000143549,6,6,-0.03761814136348033,0.9330127018922193,0,decreasing,1.0,22,0.2727272727272727,TPM3
ENSG00000143771,6,3,0.0036961652524555334,0.9330127018922193,3,decreasing,0.5,21,0.2857142857142857,CNIH4
ENSG00000145715,6,6,-0.013402080437604885,0.9330127018922193,0,decreasing,1.0,23,0.2608695652173913,RASA1
ENSG00000145781,6,6,-0.0046850285207325005,0.9330127018922193,0,decreasing,1.0,19,0.3157894736842105,COMMD10
ENSG00000145860,6,4,5.090201021016686e-05,0.9330127018922193,2,decreasing,0.6666666666666666,17,0.35294117647058826,RNF145
ENSG00000147251,6,6,-0.003925237844348733,0.9330127018922193,0,decreasing,1.0,23,0.2608695652173913,DOCK11
ENSG00000147533,6,6,-0.007772397243338,0.9330127018922193,0,decreasing,1.0,14,0.42857142857142855,GOLGA7
ENSG00000148429,6,5,0.00017700012749845016,0.9330127018922193,1,decreasing,0.8333333333333334,19,0.3157894736842105,USP6NL
ENSG00000148842,6,4,-0.0026667236924821335,0.9330127018922193,2,decreasing,0.6666666666666666,22,0.2727272727272727,CNNM2
ENSG00000149262,6,4,0.08336692949695028,0.9330127018922193,2,decreasing,0.6666666666666666,22,0.2727272727272727,INTS4
ENSG00000150753,6,3,0.00126054432647155,0.9330127018922193,3,decreasing,0.5,16,0.375,CCT5
ENSG00000150995,6,5,-0.012442735994088966,0.9330127018922193,1,decreasing,0.8333333333333334,24,0.25,ITPR1
ENSG00000153789,6,6,-0.0058239006797045,0.9330127018922193,0,decreasing,1.0,20,0.3,FAM92B
ENSG00000154310,6,5,-0.0003676691449539,0.9330127018922193,1,decreasing,0.8333333333333334,24,0.25,TNIK
ENSG00000156471,6,6,-0.00488049582416505,0.9330127018922193,0,decreasing,1.0,23,0.2608695652173913,PTDSS1
ENSG00000162104,6,3,0.006892044357476933,0.9330127018922193,3,decreasing,0.5,18,0.3333333333333333,ADCY9
ENSG00000166348,6,6,-0.014107851386124567,0.9330127018922193,0,decreasing,1.0,16,0.375,USP54
ENSG00000166710,6,5,-0.0020892234920258665,0.9330127018922193,1,decreasing,0.8333333333333334,16,0.375,B2M
ENSG00000166801,6,0,0.02336780006275495,0.9330127018922193,6,increasing,1.0,19,0.3157894736842105,FAM111A
ENSG00000168679,6,4,0.006757093355055084,0.9330127018922193,2,decreasing,0.6666666666666666,20,0.3,SLC16A4
ENSG00000171608,6,4,-0.0014568078330070334,0.9330127018922193,2,decreasing,0.6666666666666666,17,0.35294117647058826,PIK3CD
ENSG00000172795,6,5,-0.013258174367632132,0.9330127018922193,1,decreasing,0.8333333333333334,16,0.375,DCP2
ENSG00000173681,6,6,-0.005050747964960767,0.9330127018922193,0,decreasing,1.0,17,0.35294117647058826,BCLAF3
ENSG00000176049,6,6,-0.0025751100398900164,0.9330127018922193,0,decreasing,1.0,19,0.3157894736842105,JAKMIP2
ENSG00000177200,6,4,-0.00014088780364024996,0.9330127018922193,2,decreasing,0.6666666666666666,10,0.6,CHD9
ENSG00000182362,6,5,-0.0006815252169646331,0.9330127018922193,1,decreasing,0.8333333333333334,15,0.4,YBEY
ENSG00000186716,6,1,0.03193509978980825,0.9330127018922193,5,increasing,0.8333333333333334,19,0.3157894736842105,BCR
ENSG00000187098,6,5,-0.0035110892289622,0.9330127018922193,1,decreasing,0.8333333333333334,23,0.2608695652173913,MITF
ENSG00000196352,6,5,-0.01982835240098665,0.9330127018922193,1,decreasing,0.8333333333333334,22,0.2727272727272727,CD55
ENSG00000196862,6,5,-0.00617333791776185,0.9330127018922193,1,decreasing,0.8333333333333334,23,0.2608695652173913,RGPD4
ENSG00000213585,6,5,-0.0021971986868931834,0.9330127018922193,1,decreasing,0.8333333333333334,18,0.3333333333333333,VDAC1
ENSG00000231887,6,1,0.007952106639265034,0.9330127018922193,5,increasing,0.8333333333333334,24,0.25,PRH1
ENSG00000234545,6,2,0.0017865663984796502,0.9330127018922193,4,increasing,0.6666666666666666,19,0.3157894736842105,FAM133B
ENSG00000269313,6,4,-0.019864354846987765,0.9330127018922193,2,decreasing,0.6666666666666666,19,0.3157894736842105,MAGIX
ENSG00000179134,6,5,-0.004492908159587299,0.9296834502867366,1,decreasing,0.8333333333333334,10,0.6,SAMD4B
ENSG00000196505,6,5,-0.0018569840455135832,0.9244599182339718,1,decreasing,0.8333333333333334,21,0.2857142857142857,GDAP2
ENSG00000054277,6,6,-0.013779601299962285,0.9244599182339717,0,decreasing,1.0,18,0.3333333333333333,OPN3
ENSG00000055163,6,5,-0.010573437456746285,0.9244599182339717,1,decreasing,0.8333333333333334,23,0.2608695652173913,CYFIP2
ENSG00000070367,6,4,-0.0004460021642718667,0.9244599182339717,2,decreasing,0.6666666666666666,21,0.2857142857142857,EXOC5
ENSG00000074054,6,3,-0.0001227595920610166,0.9244599182339717,3,decreasing,0.5,21,0.2857142857142857,CLASP1
ENSG00000075131,6,5,-0.008659096755117734,0.9244599182339717,1,decreasing,0.8333333333333334,20,0.3,TIPIN
ENSG00000100596,6,6,-0.005467591724741701,0.9244599182339717,0,decreasing,1.0,22,0.2727272727272727,SPTLC2
ENSG00000107282,6,5,-0.0002578330187745167,0.9244599182339717,1,decreasing,0.8333333333333334,14,0.42857142857142855,APBA1
ENSG00000111846,6,6,-0.009842182457005733,0.9244599182339717,0,decreasing,1.0,17,0.35294117647058826,GCNT2
ENSG00000124882,6,6,-0.004942627202490816,0.9244599182339717,0,decreasing,1.0,18,0.3333333333333333,EREG
ENSG00000125089,6,6,-0.006528167777696367,0.9244599182339717,0,decreasing,1.0,16,0.375,SH3TC1
ENSG00000130717,6,6,-0.00205373672151945,0.9244599182339717,0,decreasing,1.0,14,0.42857142857142855,UCK1
ENSG00000131469,6,4,-0.006772703401002167,0.9244599182339717,2,decreasing,0.6666666666666666,16,0.375,RPL27
ENSG00000133246,6,6,-0.0025551606640445168,0.9244599182339717,0,decreasing,1.0,15,0.4,PRAM1
ENSG00000136045,6,6,-0.007136615041103033,0.9244599182339717,0,decreasing,1.0,16,0.375,PWP1
ENSG00000137040,6,5,-0.002837759515355283,0.9244599182339717,1,decreasing,0.8333333333333334,15,0.4,RANBP6
ENSG00000138646,6,6,-0.011360005195216216,0.9244599182339717,0,decreasing,1.0,14,0.42857142857142855,HERC5
ENSG00000140950,6,6,-0.0028068479942984,0.9244599182339717,0,decreasing,1.0,15,0.4,MEAK7
ENSG00000144218,6,4,-0.0010465678619463166,0.9244599182339717,2,decreasing,0.6666666666666666,17,0.35294117647058826,AFF3
ENSG00000147133,6,6,-0.00272609495313445,0.9244599182339717,0,decreasing,1.0,16,0.375,TAF1
ENSG00000149573,6,6,-0.00409078566195015,0.9244599182339717,0,decreasing,1.0,14,0.42857142857142855,MPZL2
ENSG00000149930,6,5,-0.0037479816002580833,0.9244599182339717,1,decreasing,0.8333333333333334,16,0.375,TAOK2
ENSG00000151503,6,4,0.0014637958329647832,0.9244599182339717,2,decreasing,0.6666666666666666,14,0.42857142857142855,NCAPD3
ENSG00000157349,6,5,-0.00037262291283515005,0.9244599182339717,1,decreasing,0.8333333333333334,16,0.375,DDX19B
ENSG00000157450,6,6,-0.006460571533215082,0.9244599182339717,0,decreasing,1.0,19,0.3157894736842105,RNF111
ENSG00000160208,6,5,-0.003263312126846083,0.9244599182339717,1,decreasing,0.8333333333333334,15,0.4,RRP1B
ENSG00000164244,6,4,-0.001993010949977117,0.9244599182339717,2,decreasing,0.6666666666666666,17,0.35294117647058826,PRRC1
ENSG00000165097,6,6,-0.002896654916871367,0.9244599182339717,0,decreasing,1.0,19,0.3157894736842105,KDM1B
ENSG00000165671,6,5,-0.006396534727317817,0.9244599182339717,1,decreasing,0.8333333333333334,17,0.35294117647058826,NSD1
ENSG00000165914,6,6,-0.0019871219476333,0.9244599182339717,0,decreasing,1.0,19,0.3157894736842105,TTC7B
ENSG00000166046,6,5,-0.0008619466133412166,0.9244599182339717,1,decreasing,0.8333333333333334,15,0.4,TCP11L2
ENSG00000172765,6,6,-0.0033865990795297666,0.9244599182339717,0,decreasing,1.0,19,0.3157894736842105,TMCC1
ENSG00000175782,6,5,-0.0038310134203161667,0.9244599182339717,1,decreasing,0.8333333333333334,16,0.375,SLC35E3
ENSG00000185088,6,4,0.002603070071919467,0.9244599182339717,2,decreasing,0.6666666666666666,22,0.2727272727272727,RPS27L
ENSG00000186532,6,6,-0.007259575157285683,0.9244599182339717,0,decreasing,1.0,15,0.4,SMYD4
ENSG00000187189,6,6,-0.005161355486819233,0.9244599182339717,0,decreasing,1.0,14,0.42857142857142855,TSPYL4
ENSG00000196262,6,5,-0.0022677353815740166,0.9244599182339717,1,decreasing,0.8333333333333334,16,0.375,PPIA
ENSG00000197808,6,6,-0.0024708569070575168,0.9244599182339717,0,decreasing,1.0,16,0.375,ZNF461
ENSG00000206538,6,6,-0.002742480575831117,0.9244599182339717,0,decreasing,1.0,14,0.42857142857142855,VGLL3
ENSG00000196511,6,5,0.0019089706887534166,0.915907134575724,1,decreasing,0.8333333333333334,24,0.25,TPK1
ENSG00000249967,6,6,-0.003658358926758533,0.915907134575724,0,decreasing,1.0,21,0.2857142857142857,AL355315.1
ENSG00000040199,6,3,-0.005448034090075583,0.9106836025229592,3,decreasing,0.5,21,0.2857142857142857,PHLPP2
ENSG00000260007,6,4,-0.0023381476762433335,0.9106836025229592,2,decreasing,0.6666666666666666,21,0.2857142857142857,AC107871.1
ENSG00000012232,6,6,-0.00184640646547855,0.9106836025229591,0,decreasing,1.0,14,0.42857142857142855,EXTL3
ENSG00000012983,6,5,-0.0038072391497474003,0.9106836025229591,1,decreasing,0.8333333333333334,22,0.2727272727272727,MAP4K5
ENSG00000023697,6,6,-0.018948763631453966,0.9106836025229591,0,decreasing,1.0,15,0.4,DERA
ENSG00000048540,6,5,0.00365059379136675,0.9106836025229591,1,decreasing,0.8333333333333334,16,0.375,LMO3
ENSG00000049541,6,3,0.0015369133371848998,0.9106836025229591,3,decreasing,0.5,14,0.42857142857142855,RFC2
ENSG00000050438,6,6,-0.003358799884254983,0.9106836025229591,0,decreasing,1.0,19,0.3157894736842105,SLC4A8
ENSG00000054282,6,5,-0.018605123982498868,0.9106836025229591,1,decreasing,0.8333333333333334,23,0.2608695652173913,SDCCAG8
ENSG00000073584,6,5,-0.0036675155495137835,0.9106836025229591,1,decreasing,0.8333333333333334,24,0.25,SMARCE1
ENSG00000100504,6,4,0.00020103942909093292,0.9106836025229591,2,decreasing,0.6666666666666666,21,0.2857142857142857,PYGL
ENSG00000102125,6,4,0.0013975429073291165,0.9106836025229591,2,decreasing,0.6666666666666666,15,0.4,TAZ
ENSG00000103037,6,6,-0.004484518157038817,0.9106836025229591,0,decreasing,1.0,18,0.3333333333333333,SETD6
ENSG00000104133,6,5,0.026066047986199502,0.9106836025229591,1,decreasing,0.8333333333333334,19,0.3157894736842105,SPG11
ENSG00000104783,6,6,-0.003104828277451583,0.9106836025229591,0,decreasing,1.0,19,0.3157894736842105,KCNN4
ENSG00000110318,6,6,-0.008157592658409466,0.9106836025229591,0,decreasing,1.0,20,0.3,CEP126
ENSG00000111817,6,6,-0.06306182571640291,0.9106836025229591,0,decreasing,1.0,23,0.2608695652173913,DSE
ENSG00000112146,6,6,-0.006764192357519167,0.9106836025229591,0,decreasing,1.0,16,0.375,FBXO9
ENSG00000116885,6,6,-0.0069133749140005835,0.9106836025229591,0,decreasing,1.0,19,0.3157894736842105,OSCP1
ENSG00000116991,6,6,-0.0046865041630274,0.9106836025229591,0,decreasing,1.0,16,0.375,SIPA1L2
ENSG00000119705,6,6,-0.008649274084796649,0.9106836025229591,0,decreasing,1.0,21,0.2857142857142857,SLIRP
ENSG00000122122,6,6,-0.004766957623982733,0.9106836025229591,0,decreasing,1.0,14,0.42857142857142855,SASH3
ENSG00000122435,6,6,-0.01143094546116475,0.9106836025229591,0,decreasing,1.0,16,0.375,TRMT13
ENSG00000124942,6,6,-0.003134141067152617,0.9106836025229591,0,decreasing,1.0,22,0.2727272727272727,AHNAK
ENSG00000131943,6,5,-0.03827036435673401,0.9106836025229591,1,decreasing,0.8333333333333334,15,0.4,C19orf12
ENSG00000137959,6,4,-0.015330236352676033,0.9106836025229591,2,decreasing,0.6666666666666666,15,0.4,IFI44L
ENSG00000138061,6,5,-0.061011754453598945,0.9106836025229591,1,decreasing,0.8333333333333334,15,0.4,CYP1B1
ENSG00000141219,6,3,0.002270429250366983,0.9106836025229591,3,decreasing,0.5,14,0.42857142857142855,C17orf80
ENSG00000141371,6,4,0.0449917726444563,0.9106836025229591,2,decreasing,0.6666666666666666,14,0.42857142857142855,C17orf64
ENSG00000142347,6,6,-0.008027085138754117,0.9106836025229591,0,decreasing,1.0,16,0.375,MYO1F
ENSG00000143167,6,6,-0.004337224713174316,0.9106836025229591,0,decreasing,1.0,19,0.3157894736842105,GPA33
ENSG00000144199,6,6,-0.010148231634795467,0.9106836025229591,0,decreasing,1.0,14,0.42857142857142855,FAHD2B
ENSG00000145491,6,6,-0.008234113768242018,0.9106836025229591,0,decreasing,1.0,14,0.42857142857142855,ROPN1L
ENSG00000147862,6,4,-0.0011444998805056833,0.9106836025229591,2,decreasing,0.6666666666666666,17,0.35294117647058826,NFIB
ENSG00000150457,6,5,-0.007769178141723049,0.9106836025229591,1,decreasing,0.8333333333333334,24,0.25,LATS2
ENSG00000155530,6,6,-0.008558780384834966,0.9106836025229591,0,decreasing,1.0,14,0.42857142857142855,LRGUK
ENSG00000156735,6,2,0.006171863753666633,0.9106836025229591,4,increasing,0.6666666666666666,15,0.4,BAG4
ENSG00000156869,6,6,-0.004621075079498517,0.9106836025229591,0,decreasing,1.0,14,0.42857142857142855,FRRS1
ENSG00000157423,6,6,-0.0048219401174816,0.9106836025229591,0,decreasing,1.0,19,0.3157894736842105,HYDIN
ENSG00000160193,6,6,-0.012669840790789082,0.9106836025229591,0,decreasing,1.0,14,0.42857142857142855,WDR4
ENSG00000161551,6,5,-0.0008421036658756666,0.9106836025229591,1,decreasing,0.8333333333333334,14,0.42857142857142855,ZNF577
ENSG00000162599,6,6,-0.007064675931764901,0.9106836025229591,0,decreasing,1.0,17,0.35294117647058826,NFIA
ENSG00000162645,6,6,-0.0022596718618354333,0.9106836025229591,0,decreasing,1.0,22,0.2727272727272727,GBP2
ENSG00000163154,6,6,-0.002731493342326,0.9106836025229591,0,decreasing,1.0,15,0.4,TNFAIP8L2
ENSG00000163312,6,6,-0.0037515404583364,0.9106836025229591,0,decreasing,1.0,16,0.375,HELQ
ENSG00000163655,6,6,-0.0023932343093370665,0.9106836025229591,0,decreasing,1.0,15,0.4,GMPS
ENSG00000163697,6,6,-0.0028340613709263167,0.9106836025229591,0,decreasing,1.0,16,0.375,APBB2
ENSG00000164054,6,6,-0.005840254114164184,0.9106836025229591,0,decreasing,1.0,14,0.42857142857142855,SHISA5
ENSG00000164654,6,4,0.0010193901658226998,0.9106836025229591,2,decreasing,0.6666666666666666,17,0.35294117647058826,MIOS
ENSG00000165185,6,5,-0.0003606020313449334,0.9106836025229591,1,decreasing,0.8333333333333334,20,0.3,KIAA1958
ENSG00000166260,6,3,-0.0011788731103464832,0.9106836025229591,3,decreasing,0.5,15,0.4,COX11
ENSG00000168067,6,4,-0.004680504046162817,0.9106836025229591,2,decreasing,0.6666666666666666,15,0.4,MAP4K2
ENSG00000169762,6,4,0.010095583797462435,0.9106836025229591,2,decreasing,0.6666666666666666,17,0.35294117647058826,TAPT1
ENSG00000170190,6,6,-0.0025293909732407665,0.9106836025229591,0,decreasing,1.0,16,0.375,SLC16A5
ENSG00000171105,6,6,-0.006580304925542566,0.9106836025229591,0,decreasing,1.0,17,0.35294117647058826,INSR
ENSG00000171840,6,4,-0.004248875557312717,0.9106836025229591,2,decreasing,0.6666666666666666,14,0.42857142857142855,NINJ2
ENSG00000173852,6,3,0.003974739708204466,0.9106836025229591,3,decreasing,0.5,16,0.375,DPY19L1
ENSG00000176454,6,6,-0.003004927039155,0.9106836025229591,0,decreasing,1.0,14,0.42857142857142855,LPCAT4
ENSG00000178295,6,6,-0.013342790447517365,0.9106836025229591,0,decreasing,1.0,14,0.42857142857142855,GEN1
ENSG00000179104,6,5,-0.0027908528382167334,0.9106836025229591,1,decreasing,0.8333333333333334,18,0.3333333333333333,TMTC2
ENSG00000180871,6,6,-0.0031131863562356165,0.9106836025229591,0,decreasing,1.0,14,0.42857142857142855,CXCR2
ENSG00000182552,6,6,-0.01329315158026455,0.9106836025229591,0,decreasing,1.0,19,0.3157894736842105,RWDD4
ENSG00000186973,6,6,-0.008435246436935733,0.9106836025229591,0,decreasing,1.0,15,0.4,FAM183A
ENSG00000187037,6,6,-0.005515970904632467,0.9106836025229591,0,decreasing,1.0,16,0.375,GPR141
ENSG00000196535,6,4,-0.0022794020257804995,0.9106836025229591,2,decreasing,0.6666666666666666,14,0.42857142857142855,MYO18A
ENSG00000197852,6,6,-0.0019237463685111667,0.9106836025229591,0,decreasing,1.0,18,0.3333333333333333,INKA2
ENSG00000198176,6,5,-0.0050996794222541,0.9106836025229591,1,decreasing,0.8333333333333334,17,0.35294117647058826,TFDP1
ENSG00000198842,6,6,-0.0032245645462799168,0.9106836025229591,0,decreasing,1.0,14,0.42857142857142855,DUSP27
ENSG00000203747,6,6,-0.0040026266420567,0.9106836025229591,0,decreasing,1.0,14,0.42857142857142855,FCGR3A
ENSG00000215375,6,6,-0.0046038430660037,0.9106836025229591,0,decreasing,1.0,14,0.42857142857142855,MYL5
ENSG00000255432,6,6,-0.01810320863867805,0.9106836025229591,0,decreasing,1.0,19,0.3157894736842105,AP001458.2
ENSG00000256349,6,6,-0.016060156230389717,0.9106836025229591,0,decreasing,1.0,16,0.375,AP002748.5
ENSG00000273003,6,6,-0.0793471448795225,0.9106836025229591,0,decreasing,1.0,18,0.3333333333333333,ARL2-SNX15
ENSG00000006007,6,6,-0.0020326465707966334,0.9073543509174763,0,decreasing,1.0,15,0.4,GDE1
ENSG00000100714,6,6,-0.010398824540201168,0.9073543509174763,0,decreasing,1.0,15,0.4,MTHFD1
ENSG00000057294,6,6,-0.007461802766228567,0.9021308188647114,0,decreasing,1.0,20,0.3,PKP2
ENSG00000137831,6,6,-0.012274351848139783,0.9021308188647114,0,decreasing,1.0,14,0.42857142857142855,UACA
ENSG00000184500,6,6,-0.004875902995927534,0.9021308188647114,0,decreasing,1.0,15,0.4,PROS1
ENSG00000133315,6,6,-0.002843837867000034,0.8883545031536989,0,decreasing,1.0,16,0.375,MACROD1
ENSG00000163399,6,5,-0.0008615195719979835,0.8883545031536989,1,decreasing,0.8333333333333334,18,0.3333333333333333,ATP1A1
ENSG00000114956,6,4,-0.0006056576439948167,0.8883545031536988,2,decreasing,0.6666666666666666,14,0.42857142857142855,DGUOK
ENSG00000129595,6,6,-0.0028112062878768336,0.8883545031536988,0,decreasing,1.0,16,0.375,EPB41L4A
ENSG00000169926,6,5,-0.020568385835859414,0.8883545031536988,1,decreasing,0.8333333333333334,15,0.4,KLF13
ENSG00000171611,6,6,-0.034844730063145736,0.8883545031536988,0,decreasing,1.0,19,0.3157894736842105,PTCRA
ENSG00000205302,6,5,-0.007610305547937217,0.8883545031536988,1,decreasing,0.8333333333333334,22,0.2727272727272727,SNX2
ENSG00000011258,5,3,0.017728206819890756,1.0,2,decreasing,0.6,19,0.2631578947368421,MBTD1
ENSG00000013588,5,2,-0.006864332322415299,1.0,3,increasing,0.6,10,0.5,GPRC5A
ENSG00000018280,5,3,0.0039738205855389015,1.0,2,decreasing,0.6,9,0.5555555555555556,SLC11A1
ENSG00000064932,5,2,-0.0016425729400460199,1.0,3,increasing,0.6,23,0.21739130434782608,SBNO2
ENSG00000074800,5,5,-0.027680601460331522,1.0,0,decreasing,1.0,19,0.2631578947368421,ENO1
ENSG00000075239,5,3,-0.00920998751481866,1.0,2,decreasing,0.6,10,0.5,ACAT1
ENSG00000077044,5,4,-0.03069544891714974,1.0,1,decreasing,0.8,18,0.2777777777777778,DGKD
ENSG00000102760,5,4,-0.012916604709331859,1.0,1,decreasing,0.8,10,0.5,RGCC
ENSG00000107679,5,3,-0.0036166626500755,1.0,2,decreasing,0.6,19,0.2631578947368421,PLEKHA1
ENSG00000112149,5,3,-0.0192409566034735,1.0,2,decreasing,0.6,10,0.5,CD83
ENSG00000112739,5,4,-0.010521729302251401,1.0,1,decreasing,0.8,17,0.29411764705882354,PRPF4B
ENSG00000116030,5,2,-0.0021380802291975365,1.0,3,increasing,0.6,8,0.625,SUMO1
ENSG00000118292,5,3,0.0216347520486743,1.0,2,decreasing,0.6,8,0.625,C1orf54
ENSG00000118816,5,2,0.05295333085065684,1.0,3,increasing,0.6,22,0.22727272727272727,CCNI
ENSG00000125347,5,5,-0.00510688146631122,1.0,0,decreasing,1.0,16,0.3125,IRF1
ENSG00000128294,5,3,-0.0040924989032881404,1.0,2,decreasing,0.6,18,0.2777777777777778,TPST2
ENSG00000133030,5,4,-0.013955860953437699,1.0,1,decreasing,0.8,19,0.2631578947368421,MPRIP
ENSG00000135002,5,3,0.006214915508552121,1.0,2,decreasing,0.6,21,0.23809523809523808,RFK
ENSG00000135686,5,2,-0.0005737813507549407,1.0,3,increasing,0.6,19,0.2631578947368421,KLHL36
ENSG00000136888,5,1,0.0023842230875818597,1.0,4,increasing,0.8,14,0.35714285714285715,ATP6V1G1
ENSG00000141424,5,5,-0.07152703451911564,1.0,0,decreasing,1.0,16,0.3125,SLC39A6
ENSG00000142230,5,4,-0.02679897671775916,1.0,1,decreasing,0.8,10,0.5,SAE1
ENSG00000143612,5,3,-0.017141367631494306,1.0,2,decreasing,0.6,9,0.5555555555555556,C1orf43
ENSG00000145545,5,2,0.035035408076910135,1.0,3,increasing,0.6,9,0.5555555555555556,SRD5A1
ENSG00000146247,5,5,-0.0165518099929428,1.0,0,decreasing,1.0,10,0.5,PHIP
ENSG00000147677,5,2,0.020457245037197182,1.0,3,increasing,0.6,10,0.5,EIF3H
ENSG00000152700,5,4,0.00031875900346496,1.0,1,decreasing,0.8,19,0.2631578947368421,SAR1B
ENSG00000157483,5,4,-0.008253906268989,1.0,1,decreasing,0.8,24,0.20833333333333334,MYO1E
ENSG00000165006,5,2,0.19142579457121114,1.0,3,increasing,0.6,24,0.20833333333333334,UBAP1
ENSG00000165494,5,3,-0.0025818834956413002,1.0,2,decreasing,0.6,23,0.21739130434782608,PCF11
ENSG00000171310,5,3,-0.00752145179969034,1.0,2,decreasing,0.6,24,0.20833333333333334,CHST11
ENSG00000173992,5,2,0.018471389975020118,1.0,3,increasing,0.6,9,0.5555555555555556,CCS
ENSG00000176681,5,5,-0.00857238932586752,1.0,0,decreasing,1.0,22,0.22727272727272727,LRRC37A
ENSG00000178607,5,4,0.09171718867111076,1.0,1,decreasing,0.8,10,0.5,ERN1
ENSG00000185627,5,5,-0.028600392843244938,1.0,0,decreasing,1.0,9,0.5555555555555556,PSMD13
ENSG00000047932,5,5,-0.0069108589783976005,0.9897366596101028,0,decreasing,1.0,14,0.35714285714285715,GOPC
ENSG00000100599,5,3,-0.0003423556199952202,0.9897366596101028,2,decreasing,0.6,10,0.5,AL159141.1
ENSG00000104093,5,4,-0.0024965622468444,0.9897366596101028,1,decreasing,0.8,9,0.5555555555555556,DMXL2
ENSG00000105220,5,4,-0.05572669069922348,0.9897366596101028,1,decreasing,0.8,10,0.5,GPI
ENSG00000109270,5,4,-0.0032980232148960196,0.9897366596101028,1,decreasing,0.8,8,0.625,LAMTOR3
ENSG00000111737,5,4,-0.00527346856870764,0.9897366596101028,1,decreasing,0.8,23,0.21739130434782608,RAB35
ENSG00000114491,5,3,0.00440642518347688,0.9897366596101028,2,decreasing,0.6,8,0.625,UMPS
ENSG00000116299,5,3,-0.0033955266359578795,0.9897366596101028,2,decreasing,0.6,9,0.5555555555555556,KIAA1324
ENSG00000116584,5,4,-0.0066295865421984205,0.9897366596101028,1,decreasing,0.8,9,0.5555555555555556,ARHGEF2
ENSG00000117335,5,3,-0.00036311456838234005,0.9897366596101028,2,decreasing,0.6,8,0.625,CD46
ENSG00000117425,5,2,0.05576273544076114,0.9897366596101028,3,increasing,0.6,8,0.625,PTCH2
ENSG00000119396,5,5,-0.00425489392193958,0.9897366596101028,0,decreasing,1.0,18,0.2777777777777778,RAB14
ENSG00000119559,5,2,0.013702202403776582,0.9897366596101028,3,increasing,0.6,17,0.29411764705882354,C19orf25
ENSG00000120896,5,4,-0.003910471728501759,0.9897366596101028,1,decreasing,0.8,16,0.3125,SORBS3
ENSG00000137878,5,5,-0.0138830128325125,0.9897366596101028,0,decreasing,1.0,9,0.5555555555555556,GCOM1
ENSG00000139636,5,4,-0.0054117865723802795,0.9897366596101028,1,decreasing,0.8,7,0.7142857142857143,LMBR1L
ENSG00000160917,5,3,-0.0056570039371029,0.9897366596101028,2,decreasing,0.6,8,0.625,CPSF4
ENSG00000162928,5,4,-0.01097955711713718,0.9897366596101028,1,decreasing,0.8,8,0.625,PEX13
ENSG00000167315,5,5,-0.016493823460094058,0.9897366596101028,0,decreasing,1.0,9,0.5555555555555556,ACAA2
ENSG00000171606,5,5,-0.031605618921934156,0.9897366596101028,0,decreasing,1.0,9,0.5555555555555556,ZNF274
ENSG00000184182,5,5,-0.00501297660082434,0.9897366596101028,0,decreasing,1.0,23,0.21739130434782608,UBE2F
ENSG00000185291,5,2,-0.04265611832351118,0.9897366596101028,3,increasing,0.6,24,0.20833333333333334,IL3RA
ENSG00000196437,5,4,-0.011711704015736379,0.9897366596101028,1,decreasing,0.8,17,0.29411764705882354,ZNF569
ENSG00000196497,5,4,0.0033789910783808596,0.9897366596101028,1,decreasing,0.8,7,0.7142857142857143,IPO4
ENSG00000072849,5,4,-0.01081229545699604,0.9794733192202056,1,decreasing,0.8,6,0.8333333333333334,DERL2
ENSG00000086598,5,4,-0.00521918331035946,0.9794733192202056,1,decreasing,0.8,7,0.7142857142857143,TMED2
ENSG00000090686,5,5,-0.00514111424652624,0.9794733192202056,0,decreasing,1.0,10,0.5,USP48
ENSG00000107175,5,4,-0.007392806439873239,0.9794733192202056,1,decreasing,0.8,7,0.7142857142857143,CREB3
ENSG00000111880,5,3,0.004076836478727701,0.9794733192202056,2,decreasing,0.6,10,0.5,RNGTT
ENSG00000115568,5,3,0.014052996505878962,0.9794733192202056,2,decreasing,0.6,7,0.7142857142857143,ZNF142
ENSG00000121542,5,5,-0.01058666070306562,0.9794733192202056,0,decreasing,1.0,8,0.625,SEC22A
ENSG00000127125,5,5,-0.00417204714104518,0.9794733192202056,0,decreasing,1.0,14,0.35714285714285715,PPCS
ENSG00000130741,5,4,-0.0008862322592095399,0.9794733192202056,1,decreasing,0.8,17,0.29411764705882354,EIF2S3
ENSG00000131236,5,3,-0.005891248392049201,0.9794733192202056,2,decreasing,0.6,9,0.5555555555555556,CAP1
ENSG00000135365,5,5,-0.0020022341963990197,0.9794733192202056,0,decreasing,1.0,23,0.21739130434782608,PHF21A
ENSG00000140743,5,3,0.005766840536081161,0.9794733192202056,2,decreasing,0.6,24,0.20833333333333334,CDR2
ENSG00000143622,5,3,0.0003025821513169399,0.9794733192202056,2,decreasing,0.6,9,0.5555555555555556,RIT1
ENSG00000145375,5,3,-0.0013150579818413998,0.9794733192202056,2,decreasing,0.6,17,0.29411764705882354,SPATA5
ENSG00000145741,5,5,-0.0029792161112133205,0.9794733192202056,0,decreasing,1.0,21,0.23809523809523808,BTF3
ENSG00000168374,5,5,-0.03003175982349294,0.9794733192202056,0,decreasing,1.0,9,0.5555555555555556,ARF4
ENSG00000172738,5,3,0.0102576736147427,0.9794733192202056,2,decreasing,0.6,8,0.625,TMEM217
ENSG00000196689,5,4,-0.006334147788512561,0.9794733192202056,1,decreasing,0.8,6,0.8333333333333334,TRPV1
ENSG00000221968,5,4,-0.01021954272979028,0.9794733192202056,1,decreasing,0.8,10,0.5,FADS3
ENSG00000020426,5,5,-0.013791660130477178,0.9732050807568878,0,decreasing,1.0,10,0.5,MNAT1
ENSG00000032219,5,3,-0.0023319435016602398,0.9732050807568878,2,decreasing,0.6,18,0.2777777777777778,ARID4A
ENSG00000037637,5,3,0.006684759907732081,0.9732050807568878,2,decreasing,0.6,19,0.2631578947368421,FBXO42
ENSG00000040933,5,3,0.0037879161707861193,0.9732050807568878,2,decreasing,0.6,22,0.22727272727272727,INPP4A
ENSG00000060339,5,2,0.0017549410464858597,0.9732050807568878,3,increasing,0.6,23,0.21739130434782608,CCAR1
ENSG00000065833,5,3,-0.00533385854969662,0.9732050807568878,2,decreasing,0.6,21,0.23809523809523808,ME1
ENSG00000070610,5,2,0.01114953616315662,0.9732050807568878,3,increasing,0.6,20,0.25,GBA2
ENSG00000081087,5,5,-0.0157579618382071,0.9732050807568878,0,decreasing,1.0,9,0.5555555555555556,OSTM1
ENSG00000082258,5,4,-0.009504847100547541,0.9732050807568878,1,decreasing,0.8,22,0.22727272727272727,CCNT2
ENSG00000085117,5,2,-0.00200826191935524,0.9732050807568878,3,increasing,0.6,23,0.21739130434782608,CD82
ENSG00000085832,5,4,-0.0032757640566516795,0.9732050807568878,1,decreasing,0.8,19,0.2631578947368421,EPS15
ENSG00000089053,5,3,0.00512285833873404,0.9732050807568878,2,decreasing,0.6,8,0.625,ANAPC5
ENSG00000095015,5,4,0.011568644013319081,0.9732050807568878,1,decreasing,0.8,10,0.5,MAP3K1
ENSG00000100030,5,5,-0.013391576127741481,0.9732050807568878,0,decreasing,1.0,10,0.5,MAPK1
ENSG00000101391,5,1,0.006541872120883541,0.9732050807568878,4,increasing,0.8,17,0.29411764705882354,CDK5RAP1
ENSG00000102081,5,2,0.03674289578500088,0.9732050807568878,3,increasing,0.6,20,0.25,FMR1
ENSG00000104419,5,4,-0.04475984227967838,0.9732050807568878,1,decreasing,0.8,9,0.5555555555555556,NDRG1
ENSG00000104447,5,5,-0.00396407622027796,0.9732050807568878,0,decreasing,1.0,24,0.20833333333333334,TRPS1
ENSG00000104763,5,4,0.01057467229488346,0.9732050807568878,1,decreasing,0.8,21,0.23809523809523808,ASAH1
ENSG00000105619,5,2,0.0033499816593765995,0.9732050807568878,3,increasing,0.6,16,0.3125,TFPT
ENSG00000106355,5,2,0.0006131423375714802,0.9732050807568878,3,increasing,0.6,16,0.3125,LSM5
ENSG00000106443,5,5,-0.00210419377255206,0.9732050807568878,0,decreasing,1.0,19,0.2631578947368421,PHF14
ENSG00000106615,5,2,0.00189201115227644,0.9732050807568878,3,increasing,0.6,24,0.20833333333333334,RHEB
ENSG00000106952,5,3,0.020847536724347,0.9732050807568878,2,decreasing,0.6,21,0.23809523809523808,TNFSF8
ENSG00000110911,5,3,0.005735192807492841,0.9732050807568878,2,decreasing,0.6,9,0.5555555555555556,SLC11A2
ENSG00000111605,5,3,-0.0018402632465938402,0.9732050807568878,2,decreasing,0.6,18,0.2777777777777778,CPSF6
ENSG00000111912,5,5,-0.0146176082498841,0.9732050807568878,0,decreasing,1.0,10,0.5,NCOA7
ENSG00000116288,5,4,0.029752827420400318,0.9732050807568878,1,decreasing,0.8,9,0.5555555555555556,PARK7
ENSG00000116977,5,2,0.00154424040564248,0.9732050807568878,3,increasing,0.6,16,0.3125,LGALS8
ENSG00000117020,5,4,-0.00927341863500854,0.9732050807568878,1,decreasing,0.8,24,0.20833333333333334,AKT3
ENSG00000117859,5,3,1.1447534994401143e-06,0.9732050807568878,2,decreasing,0.6,22,0.22727272727272727,OSBPL9
ENSG00000120948,5,4,-0.04018040106757192,0.9732050807568878,1,decreasing,0.8,9,0.5555555555555556,TARDBP
ENSG00000122545,5,5,-0.030792001745231123,0.9732050807568878,0,decreasing,1.0,10,0.5,SEPTIN7
ENSG00000122779,5,3,-0.0045173984113205,0.9732050807568878,2,decreasing,0.6,10,0.5,TRIM24
ENSG00000124731,5,3,0.0017699855619351204,0.9732050807568878,2,decreasing,0.6,23,0.21739130434782608,TREM1
ENSG00000125351,5,4,-0.010908495215607682,0.9732050807568878,1,decreasing,0.8,24,0.20833333333333334,UPF3B
ENSG00000126214,5,4,-0.00181306632902596,0.9732050807568878,1,decreasing,0.8,24,0.20833333333333334,KLC1
ENSG00000126777,5,3,0.00983310852173824,0.9732050807568878,2,decreasing,0.6,24,0.20833333333333334,KTN1
ENSG00000128059,5,4,-0.017223881965511938,0.9732050807568878,1,decreasing,0.8,18,0.2777777777777778,PPAT
ENSG00000129562,5,4,-0.00414585024877598,0.9732050807568878,1,decreasing,0.8,10,0.5,DAD1
ENSG00000134278,5,2,0.004107105482894601,0.9732050807568878,3,increasing,0.6,9,0.5555555555555556,SPIRE1
ENSG00000134684,5,4,-0.00717597205220546,0.9732050807568878,1,decreasing,0.8,19,0.2631578947368421,YARS1
ENSG00000135506,5,2,0.014221505666833539,0.9732050807568878,3,increasing,0.6,22,0.22727272727272727,OS9
ENSG00000137154,5,1,0.00424789151385854,0.9732050807568878,4,increasing,0.8,7,0.7142857142857143,RPS6
ENSG00000140382,5,4,-0.00134016115527626,0.9732050807568878,1,decreasing,0.8,23,0.21739130434782608,HMG20A
ENSG00000141030,5,4,-0.00302040579220558,0.9732050807568878,1,decreasing,0.8,17,0.29411764705882354,COPS3
ENSG00000141759,5,4,-0.0022032718994413197,0.9732050807568878,1,decreasing,0.8,21,0.23809523809523808,TXNL4A
ENSG00000142867,5,5,-0.0027006189106841003,0.9732050807568878,0,decreasing,1.0,18,0.2777777777777778,BCL10
ENSG00000142875,5,2,0.0016775529381457999,0.9732050807568878,3,increasing,0.6,19,0.2631578947368421,PRKACB
ENSG00000143319,5,2,0.019071118281124,0.9732050807568878,3,increasing,0.6,9,0.5555555555555556,ISG20L2
ENSG00000143379,5,5,-0.007101219678307841,0.9732050807568878,0,decreasing,1.0,22,0.22727272727272727,SETDB1
ENSG00000147164,5,2,0.01477718903317434,0.9732050807568878,3,increasing,0.6,8,0.625,SNX12
ENSG00000147548,5,3,0.0007826212309931396,0.9732050807568878,2,decreasing,0.6,21,0.23809523809523808,NSD3
ENSG00000151413,5,4,-0.050196424563339205,0.9732050807568878,1,decreasing,0.8,17,0.29411764705882354,NUBPL
ENSG00000151532,5,5,-0.0049690247432045,0.9732050807568878,0,decreasing,1.0,24,0.20833333333333334,VTI1A
ENSG00000152558,5,4,-0.00411419278911328,0.9732050807568878,1,decreasing,0.8,10,0.5,TMEM123
ENSG00000153029,5,3,0.01548216725813958,0.9732050807568878,2,decreasing,0.6,9,0.5555555555555556,MR1
ENSG00000155508,5,4,0.014012815941373519,0.9732050807568878,1,decreasing,0.8,8,0.625,CNOT8
ENSG00000156831,5,3,-0.0005287325852848,0.9732050807568878,2,decreasing,0.6,24,0.20833333333333334,NSMCE2
ENSG00000157617,5,5,-0.007851797623107299,0.9732050807568878,0,decreasing,1.0,19,0.2631578947368421,C2CD2
ENSG00000158517,5,5,-0.00640214642536346,0.9732050807568878,0,decreasing,1.0,21,0.23809523809523808,NCF1
ENSG00000158545,5,5,-0.00470304390881578,0.9732050807568878,0,decreasing,1.0,19,0.2631578947368421,ZC3H18
ENSG00000158604,5,3,0.00038801295539575987,0.9732050807568878,2,decreasing,0.6,17,0.29411764705882354,TMED4
ENSG00000159140,5,4,-0.00633513503273854,0.9732050807568878,1,decreasing,0.8,21,0.23809523809523808,SON
ENSG00000160712,5,3,-0.02127220297974704,0.9732050807568878,2,decreasing,0.6,5,1.0,IL6R
ENSG00000165688,5,1,0.00262395805665272,0.9732050807568878,4,increasing,0.8,16,0.3125,PMPCA
ENSG00000166016,5,3,0.004746919661072559,0.9732050807568878,2,decreasing,0.6,10,0.5,ABTB2
ENSG00000168439,5,5,-0.0035079429401216598,0.9732050807568878,0,decreasing,1.0,19,0.2631578947368421,STIP1
ENSG00000168575,5,4,-0.00496939799304264,0.9732050807568878,1,decreasing,0.8,19,0.2631578947368421,SLC20A2
ENSG00000170677,5,5,-0.006518011386845479,0.9732050807568878,0,decreasing,1.0,22,0.22727272727272727,SOCS6
ENSG00000175455,5,1,0.0018948653575278599,0.9732050807568878,4,increasing,0.8,22,0.22727272727272727,CCDC14
ENSG00000175582,5,5,-0.00274960784284118,0.9732050807568878,0,decreasing,1.0,22,0.22727272727272727,RAB6A
ENSG00000177409,5,3,0.00030890328727835976,0.9732050807568878,2,decreasing,0.6,17,0.29411764705882354,SAMD9L
ENSG00000180644,5,5,-0.01253747224906816,0.9732050807568878,0,decreasing,1.0,9,0.5555555555555556,PRF1
ENSG00000181045,5,5,-0.02174475270886548,0.9732050807568878,0,decreasing,1.0,9,0.5555555555555556,SLC26A11
ENSG00000182378,5,5,-0.10606764656610719,0.9732050807568878,0,decreasing,1.0,10,0.5,PLCXD1
ENSG00000182858,5,5,-0.016504449717892142,0.9732050807568878,0,decreasing,1.0,8,0.625,ALG12
ENSG00000183486,5,2,0.00346637532975022,0.9732050807568878,3,increasing,0.6,9,0.5555555555555556,MX2
ENSG00000183864,5,4,-0.052585174655319276,0.9732050807568878,1,decreasing,0.8,9,0.5555555555555556,TOB2
ENSG00000187627,5,4,-0.01774793033741122,0.9732050807568878,1,decreasing,0.8,10,0.5,RGPD1
ENSG00000188976,5,5,-0.03491506303861592,0.9732050807568878,0,decreasing,1.0,8,0.625,NOC2L
ENSG00000196418,5,5,-0.00988669736173426,0.9732050807568878,0,decreasing,1.0,10,0.5,ZNF124
ENSG00000196792,5,2,0.00246619585276472,0.9732050807568878,3,increasing,0.6,23,0.21739130434782608,STRN3
ENSG00000197724,5,4,-0.00133819322949134,0.9732050807568878,1,decreasing,0.8,16,0.3125,PHF2
ENSG00000198000,5,4,-0.0038499456468468396,0.9732050807568878,1,decreasing,0.8,17,0.29411764705882354,NOL8
ENSG00000213923,5,4,-0.03470387068088098,0.9732050807568878,1,decreasing,0.8,23,0.21739130434782608,CSNK1E
ENSG00000229474,5,5,-0.00628313769660444,0.9732050807568878,0,decreasing,1.0,18,0.2777777777777778,PATL2
ENSG00000235568,5,4,7.427912290426039e-05,0.9732050807568878,1,decreasing,0.8,9,0.5555555555555556,NFAM1
ENSG00000240065,5,2,0.00803519621997846,0.9732050807568878,3,increasing,0.6,20,0.25,PSMB9
ENSG00000250021,5,5,-0.016268699594879636,0.9732050807568878,0,decreasing,1.0,22,0.22727272727272727,ARPIN-AP3S2
ENSG00000258472,5,2,-0.00047515838436740004,0.9732050807568878,3,increasing,0.6,19,0.2631578947368421,AC005726.1
ENSG00000259024,5,3,0.007592413628506439,0.9732050807568878,2,decreasing,0.6,22,0.22727272727272727,TVP23C-CDRT4
ENSG00000105364,5,4,-0.008974902828645579,0.9732050807568877,1,decreasing,0.8,17,0.29411764705882354,MRPL4
ENSG00000109171,5,3,0.06981524112267658,0.9732050807568877,2,decreasing,0.6,22,0.22727272727272727,SLAIN2
ENSG00000116171,5,4,-0.00167297518553122,0.9732050807568877,1,decreasing,0.8,17,0.29411764705882354,SCP2
ENSG00000133935,5,3,0.008781726659477702,0.9732050807568877,2,decreasing,0.6,20,0.25,ERG28
ENSG00000137409,5,5,-0.02265900963807712,0.9732050807568877,0,decreasing,1.0,16,0.3125,MTCH1
ENSG00000165661,5,1,0.013696783115017892,0.9732050807568877,4,increasing,0.8,17,0.29411764705882354,QSOX2
ENSG00000181929,5,2,0.012086600697841081,0.9732050807568877,3,increasing,0.6,19,0.2631578947368421,PRKAG1
ENSG00000259332,5,4,-0.0056110396134846805,0.9732050807568877,1,decreasing,0.8,17,0.29411764705882354,ST20-MTHFS
ENSG00000065361,5,5,-0.01879495075976888,0.9692099788303083,0,decreasing,1.0,5,1.0,ERBB3
ENSG00000105967,5,5,-0.0162726596808463,0.9692099788303083,0,decreasing,1.0,7,0.7142857142857143,TFEC
ENSG00000106462,5,4,-0.037198563295008535,0.9692099788303083,1,decreasing,0.8,8,0.625,EZH2
ENSG00000119138,5,5,-0.0034324426448331,0.9692099788303083,0,decreasing,1.0,9,0.5555555555555556,KLF9
ENSG00000141576,5,4,0.0018235896571694606,0.9692099788303083,1,decreasing,0.8,9,0.5555555555555556,RNF157
ENSG00000157637,5,4,-0.046306986291743756,0.9692099788303083,1,decreasing,0.8,9,0.5555555555555556,SLC38A10
ENSG00000166959,5,5,-0.02324702025883398,0.9692099788303083,0,decreasing,1.0,7,0.7142857142857143,MS4A8
ENSG00000171067,5,4,-0.00787506872552654,0.9692099788303083,1,decreasing,0.8,5,1.0,C11orf24
ENSG00000174885,5,4,-0.00599347010541676,0.9692099788303083,1,decreasing,0.8,8,0.625,NLRP6
ENSG00000008869,5,2,0.0015756709534212997,0.9629417403669904,3,increasing,0.6,20,0.25,HEATR5B
ENSG00000011422,5,3,6.603601343658002e-05,0.9629417403669904,2,decreasing,0.6,9,0.5555555555555556,PLAUR
ENSG00000033030,5,4,-0.004366840678241659,0.9629417403669904,1,decreasing,0.8,10,0.5,ZCCHC8
ENSG00000054523,5,3,-0.0028779299275894805,0.9629417403669904,2,decreasing,0.6,24,0.20833333333333334,KIF1B
ENSG00000066084,5,3,-0.0082609186640572,0.9629417403669904,2,decreasing,0.6,24,0.20833333333333334,DIP2B
ENSG00000071994,5,5,-0.008392864263650119,0.9629417403669904,0,decreasing,1.0,8,0.625,PDCD2
ENSG00000074370,5,5,-0.007129436075440419,0.9629417403669904,0,decreasing,1.0,9,0.5555555555555556,ATP2A3
ENSG00000075303,5,5,-0.009194699413358199,0.9629417403669904,0,decreasing,1.0,22,0.22727272727272727,SLC25A40
ENSG00000084090,5,4,-0.0061675225690552,0.9629417403669904,1,decreasing,0.8,10,0.5,STARD7
ENSG00000085276,5,5,-0.00864497412603378,0.9629417403669904,0,decreasing,1.0,10,0.5,MECOM
ENSG00000089234,5,2,0.00564512531845746,0.9629417403669904,3,increasing,0.6,9,0.5555555555555556,BRAP
ENSG00000089248,5,4,0.009615948406752898,0.9629417403669904,1,decreasing,0.8,10,0.5,ERP29
ENSG00000089818,5,5,-0.00759460720004172,0.9629417403669904,0,decreasing,1.0,15,0.3333333333333333,NECAP1
ENSG00000090487,5,4,7.576748404758e-05,0.9629417403669904,1,decreasing,0.8,21,0.23809523809523808,SPG21
ENSG00000092964,5,4,-0.0028906352582537,0.9629417403669904,1,decreasing,0.8,15,0.3333333333333333,DPYSL2
ENSG00000100353,5,4,0.0010079276432901202,0.9629417403669904,1,decreasing,0.8,17,0.29411764705882354,EIF3D
ENSG00000100401,5,3,0.0049849309811679805,0.9629417403669904,2,decreasing,0.6,10,0.5,RANGAP1
ENSG00000104472,5,5,-0.035080271480377755,0.9629417403669904,0,decreasing,1.0,16,0.3125,CHRAC1
ENSG00000108175,5,4,-0.015038279983779457,0.9629417403669904,1,decreasing,0.8,23,0.21739130434782608,ZMIZ1
ENSG00000113732,5,5,-0.00369311247587542,0.9629417403669904,0,decreasing,1.0,18,0.2777777777777778,ATP6V0E1
ENSG00000114503,5,2,0.03929518511657774,0.9629417403669904,3,increasing,0.6,10,0.5,NCBP2
ENSG00000116586,5,5,-0.09380582104437601,0.9629417403669904,0,decreasing,1.0,14,0.35714285714285715,LAMTOR2
ENSG00000116731,5,3,0.0031839509688237596,0.9629417403669904,2,decreasing,0.6,24,0.20833333333333334,PRDM2
ENSG00000118900,5,4,-0.0037685227933636793,0.9629417403669904,1,decreasing,0.8,23,0.21739130434782608,UBN1
ENSG00000119004,5,4,-0.006643469003815181,0.9629417403669904,1,decreasing,0.8,19,0.2631578947368421,CYP20A1
ENSG00000120802,5,5,-0.0038133561186247202,0.9629417403669904,0,decreasing,1.0,19,0.2631578947368421,TMPO
ENSG00000128829,5,5,-0.00457932112730004,0.9629417403669904,0,decreasing,1.0,18,0.2777777777777778,EIF2AK4
ENSG00000128881,5,5,-0.00247093211713684,0.9629417403669904,0,decreasing,1.0,18,0.2777777777777778,TTBK2
ENSG00000129925,5,5,-0.002986623614565,0.9629417403669904,0,decreasing,1.0,14,0.35714285714285715,PGAP6
ENSG00000130844,5,1,-0.030656231982430636,0.9629417403669904,4,increasing,0.8,9,0.5555555555555556,ZNF331
ENSG00000131781,5,5,-0.00516545378939034,0.9629417403669904,0,decreasing,1.0,16,0.3125,FMO5
ENSG00000133302,5,5,-0.004695628266491459,0.9629417403669904,0,decreasing,1.0,15,0.3333333333333333,SLF1
ENSG00000135070,5,5,-0.0032869310938818406,0.9629417403669904,0,decreasing,1.0,14,0.35714285714285715,ISCA1
ENSG00000135722,5,5,-0.001466949387052,0.9629417403669904,0,decreasing,1.0,14,0.35714285714285715,FBXL8
ENSG00000136243,5,5,-0.0110093453026792,0.9629417403669904,0,decreasing,1.0,9,0.5555555555555556,NUP42
ENSG00000137265,5,4,-0.01370319964375708,0.9629417403669904,1,decreasing,0.8,22,0.22727272727272727,IRF4
ENSG00000139289,5,5,-0.00899766967110798,0.9629417403669904,0,decreasing,1.0,20,0.25,PHLDA1
ENSG00000139921,5,3,-0.00079966466846306,0.9629417403669904,2,decreasing,0.6,19,0.2631578947368421,TMX1
ENSG00000140749,5,3,0.0072667071894281805,0.9629417403669904,2,decreasing,0.6,22,0.22727272727272727,IGSF6
ENSG00000141524,5,2,0.00447308523398934,0.9629417403669904,3,increasing,0.6,15,0.3333333333333333,TMC6
ENSG00000142765,5,3,0.00452547146019428,0.9629417403669904,2,decreasing,0.6,14,0.35714285714285715,SYTL1
ENSG00000145414,5,3,-0.00196517011658658,0.9629417403669904,2,decreasing,0.6,9,0.5555555555555556,NAF1
ENSG00000145734,5,5,-0.0016289730514306802,0.9629417403669904,0,decreasing,1.0,21,0.23809523809523808,BDP1
ENSG00000146856,5,4,-0.0032938455817707,0.9629417403669904,1,decreasing,0.8,15,0.3333333333333333,AGBL3
ENSG00000148110,5,5,-0.00209249382019376,0.9629417403669904,0,decreasing,1.0,23,0.21739130434782608,MFSD14B
ENSG00000148200,5,4,-2.9761550347839894e-05,0.9629417403669904,1,decreasing,0.8,23,0.21739130434782608,NR6A1
ENSG00000148339,5,3,-0.00219922000565404,0.9629417403669904,2,decreasing,0.6,9,0.5555555555555556,SLC25A25
ENSG00000149418,5,3,0.00211113576787636,0.9629417403669904,2,decreasing,0.6,8,0.625,ST14
ENSG00000152620,5,4,-0.00261922674397122,0.9629417403669904,1,decreasing,0.8,15,0.3333333333333333,NADK2
ENSG00000153944,5,4,-0.00446390392558456,0.9629417403669904,1,decreasing,0.8,19,0.2631578947368421,MSI2
ENSG00000155090,5,3,-0.007443405856805781,0.9629417403669904,2,decreasing,0.6,17,0.29411764705882354,KLF10
ENSG00000157181,5,4,0.00242221317941526,0.9629417403669904,1,decreasing,0.8,21,0.23809523809523808,ODR4
ENSG00000158435,5,3,0.00464798956763242,0.9629417403669904,2,decreasing,0.6,14,0.35714285714285715,CNOT11
ENSG00000158615,5,4,0.0007034017066522402,0.9629417403669904,1,decreasing,0.8,9,0.5555555555555556,PPP1R15B
ENSG00000163466,5,4,-0.008811756253010599,0.9629417403669904,1,decreasing,0.8,10,0.5,ARPC2
ENSG00000163527,5,3,-0.0007789565542321196,0.9629417403669904,2,decreasing,0.6,24,0.20833333333333334,STT3B
ENSG00000164916,5,5,-0.006917683070153139,0.9629417403669904,0,decreasing,1.0,10,0.5,FOXK1
ENSG00000165119,5,5,-0.0049031163916483,0.9629417403669904,0,decreasing,1.0,9,0.5555555555555556,HNRNPK
ENSG00000167280,5,5,-0.01674573378211398,0.9629417403669904,0,decreasing,1.0,9,0.5555555555555556,ENGASE
ENSG00000172115,5,5,-0.00583516762861492,0.9629417403669904,0,decreasing,1.0,19,0.2631578947368421,CYCS
ENSG00000172171,5,3,0.00016489780450424006,0.9629417403669904,2,decreasing,0.6,15,0.3333333333333333,TEFM
ENSG00000173801,5,2,0.06150469486448834,0.9629417403669904,3,increasing,0.6,7,0.7142857142857143,JUP
ENSG00000174780,5,5,-0.0143751729511746,0.9629417403669904,0,decreasing,1.0,19,0.2631578947368421,SRP72
ENSG00000177675,5,5,-0.026907479289032483,0.9629417403669904,0,decreasing,1.0,14,0.35714285714285715,CD163L1
ENSG00000180011,5,5,-0.00371905923841962,0.9629417403669904,0,decreasing,1.0,17,0.29411764705882354,ZADH2
ENSG00000183495,5,5,-0.014117938883141879,0.9629417403669904,0,decreasing,1.0,9,0.5555555555555556,EP400
ENSG00000185201,5,1,0.00684391928580282,0.9629417403669904,4,increasing,0.8,23,0.21739130434782608,IFITM2
ENSG00000196323,5,2,0.00900621178043156,0.9629417403669904,3,increasing,0.6,9,0.5555555555555556,ZBTB44
ENSG00000196588,5,5,-0.0144406527285324,0.9629417403669904,0,decreasing,1.0,10,0.5,MRTFA
ENSG00000196914,5,3,-0.009273222983145321,0.9629417403669904,2,decreasing,0.6,8,0.625,ARHGEF12
ENSG00000197603,5,4,-0.00072279291468402,0.9629417403669904,1,decreasing,0.8,18,0.2777777777777778,CPLANE1
ENSG00000204186,5,2,-0.0034805343082979596,0.9629417403669904,3,increasing,0.6,8,0.625,ZDBF2
ENSG00000254772,5,4,0.0013173240775553204,0.9629417403669904,1,decreasing,0.8,9,0.5555555555555556,EEF1G
ENSG00000270106,5,5,-0.0054310559960087795,0.9629417403669904,0,decreasing,1.0,14,0.35714285714285715,TSNAX-DISC1
ENSG00000285920,5,3,0.0039048729616177605,0.9629417403669904,2,decreasing,0.6,8,0.625,AC087721.2
ENSG00000286098,5,5,-0.014102284735336663,0.9629417403669904,0,decreasing,1.0,9,0.5555555555555556,AC008770.4
ENSG00000015568,5,5,-0.009302190360634061,0.9526783999770935,0,decreasing,1.0,24,0.20833333333333334,RGPD5
ENSG00000090061,5,5,-0.00460237740411764,0.9526783999770935,0,decreasing,1.0,21,0.23809523809523808,CCNK
ENSG00000093167,5,4,-0.043141071808272605,0.9526783999770935,1,decreasing,0.8,10,0.5,LRRFIP2
ENSG00000096063,5,4,-0.01266351168150338,0.9526783999770935,1,decreasing,0.8,10,0.5,SRPK1
ENSG00000101911,5,5,-0.00526907648850964,0.9526783999770935,0,decreasing,1.0,10,0.5,PRPS2
ENSG00000103197,5,3,0.029417433471893385,0.9526783999770935,2,decreasing,0.6,7,0.7142857142857143,TSC2
ENSG00000109320,5,3,-0.01485507526113706,0.9526783999770935,2,decreasing,0.6,10,0.5,NFKB1
ENSG00000115446,5,4,-0.0147233155221111,0.9526783999770935,1,decreasing,0.8,6,0.8333333333333334,UNC50
ENSG00000130309,5,5,-0.00197490481030792,0.9526783999770935,0,decreasing,1.0,20,0.25,COLGALT1
ENSG00000131067,5,5,-0.00456042318030666,0.9526783999770935,0,decreasing,1.0,16,0.3125,GGT7
ENSG00000131711,5,4,0.00080569018969614,0.9526783999770935,1,decreasing,0.8,6,0.8333333333333334,MAP1B
ENSG00000138399,5,4,-0.01889513219765328,0.9526783999770935,1,decreasing,0.8,20,0.25,FASTKD1
ENSG00000138668,5,5,-0.00308406851948874,0.9526783999770935,0,decreasing,1.0,9,0.5555555555555556,HNRNPD
ENSG00000139970,5,5,-0.0031105191950461402,0.9526783999770935,0,decreasing,1.0,22,0.22727272727272727,RTN1
ENSG00000150337,5,4,-0.002636935365729319,0.9526783999770935,1,decreasing,0.8,6,0.8333333333333334,FCGR1A
ENSG00000151502,5,2,0.0036328132272686205,0.9526783999770935,3,increasing,0.6,7,0.7142857142857143,VPS26B
ENSG00000153094,5,4,-0.00227075891608428,0.9526783999770935,1,decreasing,0.8,9,0.5555555555555556,BCL2L11
ENSG00000166938,5,5,-0.00729552997391214,0.9526783999770935,0,decreasing,1.0,14,0.35714285714285715,DIS3L
ENSG00000168438,5,5,-0.01614304334866542,0.9526783999770935,0,decreasing,1.0,9,0.5555555555555556,CDC40
ENSG00000177830,5,5,-0.015544639362165703,0.9526783999770935,0,decreasing,1.0,6,0.8333333333333334,CHID1
ENSG00000184305,5,4,-0.00210646650472966,0.9526783999770935,1,decreasing,0.8,9,0.5555555555555556,CCSER1
ENSG00000188234,5,5,-0.02109037186975924,0.9526783999770935,0,decreasing,1.0,8,0.625,AGAP4
ENSG00000189159,5,3,-0.00465801715917444,0.9526783999770935,2,decreasing,0.6,7,0.7142857142857143,JPT1
ENSG00000197345,5,5,-0.015751119386235198,0.9526783999770935,0,decreasing,1.0,6,0.8333333333333334,MRPL21
ENSG00000198225,5,5,-0.0034144966946536596,0.9526783999770935,0,decreasing,1.0,14,0.35714285714285715,FKBP1C
ENSG00000198722,5,5,-0.00793063463949248,0.9526783999770935,0,decreasing,1.0,8,0.625,UNC13B
ENSG00000204138,5,3,-0.00086435044519356,0.9526783999770935,2,decreasing,0.6,24,0.20833333333333334,PHACTR4
ENSG00000256683,5,5,-0.03204133709067404,0.9526783999770935,0,decreasing,1.0,7,0.7142857142857143,ZNF350
ENSG00000258539,5,4,-0.0012635086310232402,0.9526783999770935,1,decreasing,0.8,9,0.5555555555555556,AC068896.3
ENSG00000100296,5,4,-0.0008267854239740399,0.9526783999770932,1,decreasing,0.8,14,0.35714285714285715,THOC5
ENSG00000131473,5,4,-0.0013289180259379598,0.9526783999770932,1,decreasing,0.8,21,0.23809523809523808,ACLY
ENSG00000164597,5,4,0.0016752116237728598,0.9526783999770932,1,decreasing,0.8,24,0.20833333333333334,COG5
ENSG00000004487,5,3,-0.00114452392117762,0.9464101615137755,2,decreasing,0.6,22,0.22727272727272727,KDM1A
ENSG00000019169,5,5,-0.01627549295577644,0.9464101615137755,0,decreasing,1.0,19,0.2631578947368421,MARCO
ENSG00000041802,5,3,-0.00563052862589358,0.9464101615137755,2,decreasing,0.6,22,0.22727272727272727,LSG1
ENSG00000056972,5,5,-0.00407154191930934,0.9464101615137755,0,decreasing,1.0,20,0.25,TRAF3IP2
ENSG00000060762,5,1,0.00873350465413522,0.9464101615137755,4,increasing,0.8,17,0.29411764705882354,MPC1
ENSG00000064999,5,4,-0.0005878393749244799,0.9464101615137755,1,decreasing,0.8,24,0.20833333333333334,ANKS1A
ENSG00000065150,5,2,0.0016015169493643357,0.9464101615137755,3,increasing,0.6,18,0.2777777777777778,IPO5
ENSG00000072803,5,1,0.00566329211990576,0.9464101615137755,4,increasing,0.8,24,0.20833333333333334,FBXW11
ENSG00000074201,5,2,-0.00255045831644804,0.9464101615137755,3,increasing,0.6,16,0.3125,CLNS1A
ENSG00000074356,5,3,0.00014623911172798016,0.9464101615137755,2,decreasing,0.6,18,0.2777777777777778,NCBP3
ENSG00000076513,5,1,0.02904167943650062,0.9464101615137755,4,increasing,0.8,5,1.0,ANKRD13A
ENSG00000089006,5,3,-0.0005395738045523601,0.9464101615137755,2,decreasing,0.6,17,0.29411764705882354,SNX5
ENSG00000090661,5,3,-0.0002563573191875803,0.9464101615137755,2,decreasing,0.6,19,0.2631578947368421,CERS4
ENSG00000096433,5,3,-0.022264932670271083,0.9464101615137755,2,decreasing,0.6,5,1.0,ITPR3
ENSG00000096717,5,4,-0.00357296767628638,0.9464101615137755,1,decreasing,0.8,5,1.0,SIRT1
ENSG00000100330,5,4,-0.00157128257640934,0.9464101615137755,1,decreasing,0.8,23,0.21739130434782608,MTMR3
ENSG00000100601,5,4,-0.0031900744218256007,0.9464101615137755,1,decreasing,0.8,16,0.3125,ALKBH1
ENSG00000100926,5,3,0.00628345305917046,0.9464101615137755,2,decreasing,0.6,20,0.25,TM9SF1
ENSG00000101974,5,3,-0.00334631904607856,0.9464101615137755,2,decreasing,0.6,20,0.25,ATP11C
ENSG00000102225,5,5,-0.0026241387872893403,0.9464101615137755,0,decreasing,1.0,17,0.29411764705882354,CDK16
ENSG00000103356,5,0,0.00870446355938706,0.9464101615137755,5,increasing,1.0,15,0.3333333333333333,EARS2
ENSG00000104412,5,4,-0.00116660725897772,0.9464101615137755,1,decreasing,0.8,16,0.3125,EMC2
ENSG00000106080,5,3,0.00044695413320410443,0.9464101615137755,2,decreasing,0.6,20,0.25,FKBP14
ENSG00000108423,5,5,-0.013563613014467419,0.9464101615137755,0,decreasing,1.0,18,0.2777777777777778,TUBD1
ENSG00000108848,5,5,-0.007724453259524419,0.9464101615137755,0,decreasing,1.0,10,0.5,LUC7L3
ENSG00000108932,5,5,-0.00922333176292966,0.9464101615137755,0,decreasing,1.0,22,0.22727272727272727,SLC16A6
ENSG00000109184,5,5,-0.00234790413383428,0.9464101615137755,0,decreasing,1.0,17,0.29411764705882354,DCUN1D4
ENSG00000109814,5,2,0.0033262263212565806,0.9464101615137755,3,increasing,0.6,10,0.5,UGDH
ENSG00000109911,5,3,0.014086279770346637,0.9464101615137755,2,decreasing,0.6,24,0.20833333333333334,ELP4
ENSG00000110066,5,4,-0.023458310091829537,0.9464101615137755,1,decreasing,0.8,19,0.2631578947368421,KMT5B
ENSG00000111911,5,5,-0.01112713803710238,0.9464101615137755,0,decreasing,1.0,16,0.3125,HINT3
ENSG00000114744,5,4,0.005800841099586519,0.9464101615137755,1,decreasing,0.8,16,0.3125,COMMD2
ENSG00000115561,5,3,0.01356213176038736,0.9464101615137755,2,decreasing,0.6,23,0.21739130434782608,CHMP3
ENSG00000116016,5,3,0.0067986843728214,0.9464101615137755,2,decreasing,0.6,23,0.21739130434782608,EPAS1
ENSG00000116830,5,5,-0.00392434596929826,0.9464101615137755,0,decreasing,1.0,20,0.25,TTF2
ENSG00000119650,5,3,0.00263445483220152,0.9464101615137755,2,decreasing,0.6,16,0.3125,IFT43
ENSG00000120158,5,5,-0.00494047536318868,0.9464101615137755,0,decreasing,1.0,23,0.21739130434782608,RCL1
ENSG00000120889,5,2,0.006381874033395821,0.9464101615137755,3,increasing,0.6,19,0.2631578947368421,TNFRSF10B
ENSG00000120992,5,3,-0.029006435676764464,0.9464101615137755,2,decreasing,0.6,19,0.2631578947368421,LYPLA1
ENSG00000122507,5,3,0.032356652448588916,0.9464101615137755,2,decreasing,0.6,18,0.2777777777777778,BBS9
ENSG00000124208,5,4,-0.00865980974718398,0.9464101615137755,1,decreasing,0.8,24,0.20833333333333334,TMEM189-UBE2V1
ENSG00000125630,5,5,-0.012179189099176441,0.9464101615137755,0,decreasing,1.0,14,0.35714285714285715,POLR1B
ENSG00000125746,5,4,-0.01013771496464662,0.9464101615137755,1,decreasing,0.8,5,1.0,EML2
ENSG00000126391,5,4,-0.0037228542297545997,0.9464101615137755,1,decreasing,0.8,5,1.0,FRMD8
ENSG00000130559,5,4,-0.00457523123166348,0.9464101615137755,1,decreasing,0.8,18,0.2777777777777778,CAMSAP1
ENSG00000130818,5,5,-0.0031633310740369998,0.9464101615137755,0,decreasing,1.0,15,0.3333333333333333,ZNF426
ENSG00000130939,5,4,-0.00422540935259576,0.9464101615137755,1,decreasing,0.8,17,0.29411764705882354,UBE4B
ENSG00000131100,5,4,-0.00875906741278894,0.9464101615137755,1,decreasing,0.8,24,0.20833333333333334,ATP6V1E1
ENSG00000131788,5,2,0.01698228391821762,0.9464101615137755,3,increasing,0.6,15,0.3333333333333333,PIAS3
ENSG00000134371,5,3,-0.00607950301174534,0.9464101615137755,2,decreasing,0.6,21,0.23809523809523808,CDC73
ENSG00000135205,5,5,-0.00257554224112858,0.9464101615137755,0,decreasing,1.0,16,0.3125,CCDC146
ENSG00000136021,5,4,0.00029884275306818,0.9464101615137755,1,decreasing,0.8,17,0.29411764705882354,SCYL2
ENSG00000136631,5,2,0.034249199842806256,0.9464101615137755,3,increasing,0.6,5,1.0,VPS45
ENSG00000137502,5,5,-0.0070482940752179995,0.9464101615137755,0,decreasing,1.0,15,0.3333333333333333,RAB30
ENSG00000138448,5,5,-0.038264620537407354,0.9464101615137755,0,decreasing,1.0,5,1.0,ITGAV
ENSG00000138757,5,5,-0.0023814723913761797,0.9464101615137755,0,decreasing,1.0,24,0.20833333333333334,G3BP2
ENSG00000139629,5,3,0.00216251540148524,0.9464101615137755,2,decreasing,0.6,10,0.5,GALNT6
ENSG00000140598,5,2,0.02121879962093936,0.9464101615137755,3,increasing,0.6,22,0.22727272727272727,EFL1
ENSG00000141258,5,1,0.00229602343529532,0.9464101615137755,4,increasing,0.8,19,0.2631578947368421,SGSM2
ENSG00000141293,5,4,-0.0092438166155121,0.9464101615137755,1,decreasing,0.8,19,0.2631578947368421,SKAP1
ENSG00000141446,5,3,-0.00907459995454976,0.9464101615137755,2,decreasing,0.6,18,0.2777777777777778,ESCO1
ENSG00000141562,5,4,-0.01093409428381476,0.9464101615137755,1,decreasing,0.8,10,0.5,NARF
ENSG00000141664,5,3,0.0007547895729815603,0.9464101615137755,2,decreasing,0.6,19,0.2631578947368421,ZCCHC2
ENSG00000142173,5,2,0.00790848973422778,0.9464101615137755,3,increasing,0.6,15,0.3333333333333333,COL6A2
ENSG00000143621,5,3,0.00415740568753586,0.9464101615137755,2,decreasing,0.6,21,0.23809523809523808,ILF2
ENSG00000144021,5,1,0.06573508530570846,0.9464101615137755,4,increasing,0.8,18,0.2777777777777778,CIAO1
ENSG00000145780,5,5,-0.013301277544560198,0.9464101615137755,0,decreasing,1.0,18,0.2777777777777778,FEM1C
ENSG00000146282,5,5,-0.00801554320179286,0.9464101615137755,0,decreasing,1.0,24,0.20833333333333334,RARS2
ENSG00000146648,5,4,0.0028770487856843,0.9464101615137755,1,decreasing,0.8,16,0.3125,EGFR
ENSG00000146676,5,4,-0.0007320905239483998,0.9464101615137755,1,decreasing,0.8,16,0.3125,PURB
ENSG00000147601,5,3,-0.00484006003213768,0.9464101615137755,2,decreasing,0.6,9,0.5555555555555556,TERF1
ENSG00000148719,5,5,-0.010972593303061818,0.9464101615137755,0,decreasing,1.0,18,0.2777777777777778,DNAJB12
ENSG00000152926,5,2,-0.0028428750076150804,0.9464101615137755,3,increasing,0.6,20,0.25,ZNF117
ENSG00000153015,5,4,-0.0025855367322199204,0.9464101615137755,1,decreasing,0.8,16,0.3125,CWC27
ENSG00000154153,5,5,-0.0031335892054222604,0.9464101615137755,0,decreasing,1.0,17,0.29411764705882354,RETREG1
ENSG00000156049,5,1,0.00472662731656108,0.9464101615137755,4,increasing,0.8,10,0.5,GNA14
ENSG00000156802,5,4,0.015053165183130057,0.9464101615137755,1,decreasing,0.8,5,1.0,ATAD2
ENSG00000157350,5,4,-0.00245286584830988,0.9464101615137755,1,decreasing,0.8,20,0.25,ST3GAL2
ENSG00000158158,5,3,-0.013037852373107738,0.9464101615137755,2,decreasing,0.6,22,0.22727272727272727,CNNM4
ENSG00000159231,5,3,0.008856795537571141,0.9464101615137755,2,decreasing,0.6,17,0.29411764705882354,CBR3
ENSG00000159640,5,5,-0.00395821143737458,0.9464101615137755,0,decreasing,1.0,19,0.2631578947368421,ACE
ENSG00000162543,5,4,-0.00203717567311598,0.9464101615137755,1,decreasing,0.8,14,0.35714285714285715,UBXN10
ENSG00000162889,5,5,-0.02665159341444424,0.9464101615137755,0,decreasing,1.0,15,0.3333333333333333,MAPKAPK2
ENSG00000163328,5,5,-0.012756090388565,0.9464101615137755,0,decreasing,1.0,5,1.0,GPR155
ENSG00000163380,5,5,-0.01118456068358996,0.9464101615137755,0,decreasing,1.0,5,1.0,LMOD3
ENSG00000164535,5,4,-0.00215847777555876,0.9464101615137755,1,decreasing,0.8,23,0.21739130434782608,DAGLB
ENSG00000166326,5,4,-0.0011181948568061198,0.9464101615137755,1,decreasing,0.8,22,0.22727272727272727,TRIM44
ENSG00000166902,5,3,-0.007056178857972858,0.9464101615137755,2,decreasing,0.6,19,0.2631578947368421,MRPL16
ENSG00000166928,5,4,-0.009013643208015159,0.9464101615137755,1,decreasing,0.8,21,0.23809523809523808,MS4A14
ENSG00000169814,5,4,5.720508389011943e-05,0.9464101615137755,1,decreasing,0.8,22,0.22727272727272727,BTD
ENSG00000170365,5,4,-0.003614937358247,0.9464101615137755,1,decreasing,0.8,17,0.29411764705882354,SMAD1
ENSG00000170584,5,4,-0.008663267815023641,0.9464101615137755,1,decreasing,0.8,22,0.22727272727272727,NUDCD2
ENSG00000171408,5,3,0.0004149819067294398,0.9464101615137755,2,decreasing,0.6,18,0.2777777777777778,PDE7B
ENSG00000171860,5,5,-0.00508231982145798,0.9464101615137755,0,decreasing,1.0,14,0.35714285714285715,C3AR1
ENSG00000171962,5,4,-0.0024572199469132,0.9464101615137755,1,decreasing,0.8,15,0.3333333333333333,DRC3
ENSG00000172716,5,4,-0.00324832113429184,0.9464101615137755,1,decreasing,0.8,17,0.29411764705882354,SLFN11
ENSG00000174842,5,4,-0.006737782126069744,0.9464101615137755,1,decreasing,0.8,18,0.2777777777777778,GLMN
ENSG00000175445,5,4,-0.00399424750469888,0.9464101615137755,1,decreasing,0.8,21,0.23809523809523808,LPL
ENSG00000176986,5,4,-0.0006406448479658401,0.9464101615137755,1,decreasing,0.8,18,0.2777777777777778,SEC24C
ENSG00000177051,5,3,0.007395498332700079,0.9464101615137755,2,decreasing,0.6,16,0.3125,FBXO46
ENSG00000178301,5,5,-0.00430006347295286,0.9464101615137755,0,decreasing,1.0,15,0.3333333333333333,AQP11
ENSG00000183077,5,5,-0.03618951592302272,0.9464101615137755,0,decreasing,1.0,16,0.3125,AFMID
ENSG00000184588,5,5,-0.0107970011017074,0.9464101615137755,0,decreasing,1.0,10,0.5,PDE4B
ENSG00000185215,5,5,-0.0153692542071106,0.9464101615137755,0,decreasing,1.0,8,0.625,TNFAIP2
ENSG00000185721,5,3,-0.0050560127750485,0.9464101615137755,2,decreasing,0.6,20,0.25,DRG1
ENSG00000187609,5,5,-0.00548202994845592,0.9464101615137755,0,decreasing,1.0,17,0.29411764705882354,EXD3
ENSG00000196387,5,5,-0.02513600153732264,0.9464101615137755,0,decreasing,1.0,14,0.35714285714285715,ZNF140
ENSG00000197142,5,5,-0.00853138304906276,0.9464101615137755,0,decreasing,1.0,21,0.23809523809523808,ACSL5
ENSG00000197150,5,4,0.0003001284327658803,0.9464101615137755,1,decreasing,0.8,16,0.3125,ABCB8
ENSG00000197217,5,5,-0.00817539157293162,0.9464101615137755,0,decreasing,1.0,19,0.2631578947368421,ENTPD4
ENSG00000197746,5,4,-0.01399216278908726,0.9464101615137755,1,decreasing,0.8,9,0.5555555555555556,PSAP
ENSG00000198089,5,2,-2.3414394822720077e-05,0.9464101615137755,3,increasing,0.6,14,0.35714285714285715,SFI1
ENSG00000198556,5,4,-0.00309681422774694,0.9464101615137755,1,decreasing,0.8,9,0.5555555555555556,ZNF789
ENSG00000204463,5,5,-0.008322430346830539,0.9464101615137755,0,decreasing,1.0,18,0.2777777777777778,BAG6
ENSG00000259224,5,4,-0.00501443683506018,0.9464101615137755,1,decreasing,0.8,16,0.3125,SLC35G6
ENSG00000278259,5,4,-0.0018821704558202802,0.9464101615137755,1,decreasing,0.8,17,0.29411764705882354,MYO19
ENSG00000286239,5,4,0.005069465715270701,0.9464101615137755,1,decreasing,0.8,22,0.22727272727272727,AC093884.1
ENSG00000074755,5,5,-0.00650043344845132,0.9424150595871961,0,decreasing,1.0,9,0.5555555555555556,ZZEF1
ENSG00000079215,5,5,-0.00192810267338932,0.9424150595871961,0,decreasing,1.0,21,0.23809523809523808,SLC1A3
ENSG00000102897,5,3,0.00118257081518902,0.9424150595871961,2,decreasing,0.6,6,0.8333333333333334,LYRM1
ENSG00000107262,5,4,-0.050637581746239946,0.9424150595871961,1,decreasing,0.8,6,0.8333333333333334,BAG1
ENSG00000109472,5,3,0.0076282482102353,0.9424150595871961,2,decreasing,0.6,6,0.8333333333333334,CPE
ENSG00000115084,5,4,-0.0042858562995902,0.9424150595871961,1,decreasing,0.8,8,0.625,SLC35F5
ENSG00000130935,5,4,-0.00365207800730294,0.9424150595871961,1,decreasing,0.8,6,0.8333333333333334,NOL11
ENSG00000153113,5,4,-0.00197223718951724,0.9424150595871961,1,decreasing,0.8,23,0.21739130434782608,CAST
ENSG00000168036,5,4,-0.0017366360566002403,0.9424150595871961,1,decreasing,0.8,7,0.7142857142857143,CTNNB1
ENSG00000182718,5,3,0.0010148650119145397,0.9424150595871961,2,decreasing,0.6,10,0.5,ANXA2
ENSG00000283515,5,4,-0.00532482014969956,0.9424150595871961,1,decreasing,0.8,7,0.7142857142857143,AC020915.5
ENSG00000006016,5,4,-0.0021484424986751203,0.9361468211238784,1,decreasing,0.8,15,0.3333333333333333,CRLF1
ENSG00000049239,5,4,-0.0037097690661398396,0.9361468211238784,1,decreasing,0.8,20,0.25,H6PD
ENSG00000063761,5,4,0.0008943597458884397,0.9361468211238784,1,decreasing,0.8,14,0.35714285714285715,ADCK1
ENSG00000066044,5,4,-0.00403932252055552,0.9361468211238784,1,decreasing,0.8,17,0.29411764705882354,ELAVL1
ENSG00000067955,5,3,-0.002181086415797,0.9361468211238784,2,decreasing,0.6,22,0.22727272727272727,CBFB
ENSG00000070614,5,5,-0.0037110174839017603,0.9361468211238784,0,decreasing,1.0,15,0.3333333333333333,NDST1
ENSG00000081870,5,5,-0.005524839795754461,0.9361468211238784,0,decreasing,1.0,18,0.2777777777777778,HSPB11
ENSG00000085382,5,4,-0.00903317853417062,0.9361468211238784,1,decreasing,0.8,15,0.3333333333333333,HACE1
ENSG00000091073,5,5,-0.013967672117487562,0.9361468211238784,0,decreasing,1.0,15,0.3333333333333333,DTX2
ENSG00000103222,5,3,-0.0009133289529229597,0.9361468211238784,2,decreasing,0.6,24,0.20833333333333334,ABCC1
ENSG00000103540,5,3,0.0006050600961206201,0.9361468211238784,2,decreasing,0.6,16,0.3125,CCP110
ENSG00000104490,5,4,0.00491651663514506,0.9361468211238784,1,decreasing,0.8,18,0.2777777777777778,NCALD
ENSG00000111615,5,4,-0.00220029774108374,0.9361468211238784,1,decreasing,0.8,16,0.3125,KRR1
ENSG00000115548,5,4,-0.006620826217194601,0.9361468211238784,1,decreasing,0.8,8,0.625,KDM3A
ENSG00000120837,5,5,-0.00377835727141406,0.9361468211238784,0,decreasing,1.0,14,0.35714285714285715,NFYB
ENSG00000121413,5,4,-0.0031481852769849597,0.9361468211238784,1,decreasing,0.8,20,0.25,ZSCAN18
ENSG00000121897,5,5,-0.0033466098895345,0.9361468211238784,0,decreasing,1.0,15,0.3333333333333333,LIAS
ENSG00000127995,5,5,-0.006282079761280821,0.9361468211238784,0,decreasing,1.0,16,0.3125,CASD1
ENSG00000133858,5,3,-0.00211761746676924,0.9361468211238784,2,decreasing,0.6,21,0.23809523809523808,ZFC3H1
ENSG00000136143,5,1,0.00415302841775304,0.9361468211238784,4,increasing,0.8,17,0.29411764705882354,SUCLA2
ENSG00000137601,5,4,-0.0037019089401175,0.9361468211238784,1,decreasing,0.8,23,0.21739130434782608,NEK1
ENSG00000143850,5,5,-0.009792370719746441,0.9361468211238784,0,decreasing,1.0,9,0.5555555555555556,PLEKHA6
ENSG00000145012,5,5,-0.006642890861909461,0.9361468211238784,0,decreasing,1.0,24,0.20833333333333334,LPP
ENSG00000148655,5,5,-0.007440957334186721,0.9361468211238784,0,decreasing,1.0,24,0.20833333333333334,LRMDA
ENSG00000156017,5,4,-0.0019413343687339417,0.9361468211238784,1,decreasing,0.8,9,0.5555555555555556,CARNMT1
ENSG00000159314,5,5,-0.0016306615341136602,0.9361468211238784,0,decreasing,1.0,14,0.35714285714285715,ARHGAP27
ENSG00000159658,5,5,-0.0098828677159329,0.9361468211238784,0,decreasing,1.0,16,0.3125,EFCAB14
ENSG00000160226,5,4,-0.0021965483789553,0.9361468211238784,1,decreasing,0.8,15,0.3333333333333333,CFAP410
ENSG00000160445,5,5,-0.0028533822460665203,0.9361468211238784,0,decreasing,1.0,18,0.2777777777777778,ZER1
ENSG00000160799,5,3,-0.00939778097490312,0.9361468211238784,2,decreasing,0.6,9,0.5555555555555556,CCDC12
ENSG00000166126,5,5,-0.0014909070084330402,0.9361468211238784,0,decreasing,1.0,14,0.35714285714285715,AMN
ENSG00000166887,5,5,-0.0045124402088194595,0.9361468211238784,0,decreasing,1.0,9,0.5555555555555556,VPS39
ENSG00000168003,5,5,-0.03202807755027224,0.9361468211238784,0,decreasing,1.0,14,0.35714285714285715,SLC3A2
ENSG00000172113,5,5,-0.0090600185245469,0.9361468211238784,0,decreasing,1.0,14,0.35714285714285715,NME6
ENSG00000173848,5,4,-0.00032271080839417975,0.9361468211238784,1,decreasing,0.8,14,0.35714285714285715,NET1
ENSG00000173905,5,4,-0.00291570957324934,0.9361468211238784,1,decreasing,0.8,10,0.5,GOLIM4
ENSG00000174197,5,4,-0.005932690453111381,0.9361468211238784,1,decreasing,0.8,18,0.2777777777777778,MGA
ENSG00000174206,5,5,-0.00341530684298866,0.9361468211238784,0,decreasing,1.0,15,0.3333333333333333,C12orf66
ENSG00000198363,5,4,-0.02278109862291136,0.9361468211238784,1,decreasing,0.8,8,0.625,ASPH
ENSG00000198429,5,2,0.013159845553801059,0.9361468211238784,3,increasing,0.6,15,0.3333333333333333,ZNF69
ENSG00000204599,5,4,-0.025556925012712624,0.9361468211238784,1,decreasing,0.8,10,0.5,TRIM39
ENSG00000224531,5,5,-0.0031475137295405202,0.9361468211238784,0,decreasing,1.0,19,0.2631578947368421,SMIM13
ENSG00000236287,5,4,-0.00244897684448316,0.9361468211238784,1,decreasing,0.8,19,0.2631578947368421,ZBED5
ENSG00000243660,5,5,-0.0039898600234722,0.9361468211238784,0,decreasing,1.0,18,0.2777777777777778,ZNF487
ENSG00000261609,5,4,-0.00284729978105574,0.9361468211238784,1,decreasing,0.8,21,0.23809523809523808,GAN
ENSG00000285943,5,5,-0.00538436515648784,0.9361468211238784,0,decreasing,1.0,14,0.35714285714285715,AC112128.1
ENSG00000101181,5,5,-0.00684136301102054,0.9258834807339811,0,decreasing,1.0,8,0.625,MTG2
ENSG00000124313,5,5,-0.008210895828698639,0.9258834807339811,0,decreasing,1.0,7,0.7142857142857143,IQSEC2
ENSG00000138709,5,4,-0.00730590382386456,0.9258834807339811,1,decreasing,0.8,10,0.5,LARP1B
ENSG00000143368,5,5,-0.01922433312067456,0.9258834807339811,0,decreasing,1.0,8,0.625,SF3B4
ENSG00000162772,5,5,-0.00876262669372518,0.9258834807339811,0,decreasing,1.0,9,0.5555555555555556,ATF3
ENSG00000163625,5,4,-0.0008501553492934199,0.9258834807339811,1,decreasing,0.8,17,0.29411764705882354,WDFY3
ENSG00000165675,5,3,-0.00776465801881792,0.9258834807339811,2,decreasing,0.6,8,0.625,ENOX2
ENSG00000167969,5,4,-0.0017989745827607598,0.9258834807339811,1,decreasing,0.8,16,0.3125,ECI1
ENSG00000170485,5,5,-0.00212965421489372,0.9258834807339811,0,decreasing,1.0,14,0.35714285714285715,NPAS2
ENSG00000171617,5,5,-0.0100047567493595,0.9258834807339811,0,decreasing,1.0,7,0.7142857142857143,ENC1
ENSG00000179299,5,5,-0.00202647220133678,0.9258834807339811,0,decreasing,1.0,15,0.3333333333333333,NSUN7
ENSG00000003756,5,5,-0.00347322717113934,0.9196152422706632,0,decreasing,1.0,14,0.35714285714285715,RBM5
ENSG00000009694,5,5,-0.0043446257702315794,0.9196152422706632,0,decreasing,1.0,14,0.35714285714285715,TENM1
ENSG00000011275,5,5,-0.04250106170893293,0.9196152422706632,0,decreasing,1.0,10,0.5,RNF216
ENSG00000011523,5,3,-0.0017082571967921198,0.9196152422706632,2,decreasing,0.6,18,0.2777777777777778,CEP68
ENSG00000014164,5,4,-0.0023482651706492803,0.9196152422706632,1,decreasing,0.8,15,0.3333333333333333,ZC3H3
ENSG00000023041,5,5,-0.06943572620725395,0.9196152422706632,0,decreasing,1.0,15,0.3333333333333333,ZDHHC6
ENSG00000035115,5,5,-0.0029939866062139,0.9196152422706632,0,decreasing,1.0,15,0.3333333333333333,SH3YL1
ENSG00000047936,5,5,-0.016799717324448397,0.9196152422706632,0,decreasing,1.0,16,0.3125,ROS1
ENSG00000050327,5,5,-0.010866063618768521,0.9196152422706632,0,decreasing,1.0,15,0.3333333333333333,ARHGEF5
ENSG00000058091,5,5,-0.0022031062566088,0.9196152422706632,0,decreasing,1.0,22,0.22727272727272727,CDK14
ENSG00000066427,5,3,0.0058734742341493,0.9196152422706632,2,decreasing,0.6,22,0.22727272727272727,ATXN3
ENSG00000070366,5,4,-0.00082125818671628,0.9196152422706632,1,decreasing,0.8,23,0.21739130434782608,SMG6
ENSG00000072657,5,5,-0.00206543868878742,0.9196152422706632,0,decreasing,1.0,14,0.35714285714285715,TRHDE
ENSG00000084092,5,2,0.0016816290060392002,0.9196152422706632,3,increasing,0.6,18,0.2777777777777778,NOA1
ENSG00000085415,5,5,-0.0043304594724512795,0.9196152422706632,0,decreasing,1.0,16,0.3125,SEH1L
ENSG00000087266,5,5,-0.0047740704192318194,0.9196152422706632,0,decreasing,1.0,14,0.35714285714285715,SH3BP2
ENSG00000099817,5,5,-0.00482281072823308,0.9196152422706632,0,decreasing,1.0,5,1.0,POLR2E
ENSG00000102032,5,5,-0.00253601111265652,0.9196152422706632,0,decreasing,1.0,15,0.3333333333333333,RENBP
ENSG00000102524,5,5,-0.0020074303060636,0.9196152422706632,0,decreasing,1.0,15,0.3333333333333333,TNFSF13B
ENSG00000104299,5,3,-0.00383663735541086,0.9196152422706632,2,decreasing,0.6,18,0.2777777777777778,INTS9
ENSG00000104835,5,5,-0.00499750662531416,0.9196152422706632,0,decreasing,1.0,14,0.35714285714285715,SARS2
ENSG00000106701,5,5,-0.00401246244641932,0.9196152422706632,0,decreasing,1.0,20,0.25,FSD1L
ENSG00000106868,5,5,-0.00490698688414724,0.9196152422706632,0,decreasing,1.0,18,0.2777777777777778,SUSD1
ENSG00000107897,5,2,0.00013382406477928008,0.9196152422706632,3,increasing,0.6,21,0.23809523809523808,ACBD5
ENSG00000112796,5,5,-0.0030392890976057,0.9196152422706632,0,decreasing,1.0,16,0.3125,ENPP5
ENSG00000114268,5,4,-0.0027768460287410403,0.9196152422706632,1,decreasing,0.8,17,0.29411764705882354,PFKFB4
ENSG00000115808,5,3,0.0029415633072885205,0.9196152422706632,2,decreasing,0.6,19,0.2631578947368421,STRN
ENSG00000116984,5,3,-0.00431411911784416,0.9196152422706632,2,decreasing,0.6,14,0.35714285714285715,MTR
ENSG00000117479,5,5,-0.0034344626662234203,0.9196152422706632,0,decreasing,1.0,17,0.29411764705882354,SLC19A2
ENSG00000118420,5,5,-0.0035146252830546205,0.9196152422706632,0,decreasing,1.0,15,0.3333333333333333,UBE3D
ENSG00000118777,5,5,-0.00103177287076888,0.9196152422706632,0,decreasing,1.0,19,0.2631578947368421,ABCG2
ENSG00000119537,5,5,-0.00280682589162356,0.9196152422706632,0,decreasing,1.0,17,0.29411764705882354,KDSR
ENSG00000122257,5,5,-0.02007225406475734,0.9196152422706632,0,decreasing,1.0,5,1.0,RBBP6
ENSG00000124587,5,5,-0.01535339392659844,0.9196152422706632,0,decreasing,1.0,17,0.29411764705882354,PEX6
ENSG00000125900,5,5,-0.0021561742349934,0.9196152422706632,0,decreasing,1.0,14,0.35714285714285715,SIRPD
ENSG00000126822,5,5,-0.00649985021829468,0.9196152422706632,0,decreasing,1.0,16,0.3125,PLEKHG3
ENSG00000128335,5,5,-0.00576812874430408,0.9196152422706632,0,decreasing,1.0,14,0.35714285714285715,APOL2
ENSG00000130958,5,5,-0.00621489924295364,0.9196152422706632,0,decreasing,1.0,14,0.35714285714285715,SLC35D2
ENSG00000131242,5,4,-0.0056097985567749396,0.9196152422706632,1,decreasing,0.8,15,0.3333333333333333,RAB11FIP4
ENSG00000132275,5,4,-0.00169707633172838,0.9196152422706632,1,decreasing,0.8,15,0.3333333333333333,RRP8
ENSG00000133640,5,5,-0.00900772758042382,0.9196152422706632,0,decreasing,1.0,19,0.2631578947368421,LRRIQ1
ENSG00000135604,5,4,-0.00430202553501984,0.9196152422706632,1,decreasing,0.8,21,0.23809523809523808,STX11
ENSG00000136100,5,5,-0.008885801096932499,0.9196152422706632,0,decreasing,1.0,23,0.21739130434782608,VPS36
ENSG00000138592,5,5,-0.0042914265587109795,0.9196152422706632,0,decreasing,1.0,24,0.20833333333333334,USP8
ENSG00000138758,5,4,-0.00628705119085346,0.9196152422706632,1,decreasing,0.8,22,0.22727272727272727,SEPTIN11
ENSG00000143751,5,4,-0.00261335527143584,0.9196152422706632,1,decreasing,0.8,15,0.3333333333333333,SDE2
ENSG00000150760,5,3,0.0018956836184655594,0.9196152422706632,2,decreasing,0.6,21,0.23809523809523808,DOCK1
ENSG00000151748,5,5,-0.00711705895504042,0.9196152422706632,0,decreasing,1.0,15,0.3333333333333333,SAV1
ENSG00000155085,5,5,-0.0020612452992584,0.9196152422706632,0,decreasing,1.0,19,0.2631578947368421,AK9
ENSG00000156171,5,5,-0.0168473918329414,0.9196152422706632,0,decreasing,1.0,15,0.3333333333333333,DRAM2
ENSG00000156253,5,5,-0.0034477403577556,0.9196152422706632,0,decreasing,1.0,14,0.35714285714285715,RWDD2B
ENSG00000161791,5,5,-0.00526419642221264,0.9196152422706632,0,decreasing,1.0,24,0.20833333333333334,FMNL3
ENSG00000163093,5,5,-0.006338612843679739,0.9196152422706632,0,decreasing,1.0,14,0.35714285714285715,BBS5
ENSG00000163214,5,5,-0.0046242093531252,0.9196152422706632,0,decreasing,1.0,15,0.3333333333333333,DHX57
ENSG00000163322,5,5,-0.00311505002049524,0.9196152422706632,0,decreasing,1.0,14,0.35714285714285715,ABRAXAS1
ENSG00000163964,5,3,-0.0005221003537548799,0.9196152422706632,2,decreasing,0.6,15,0.3333333333333333,PIGX
ENSG00000164258,5,4,-0.0009146792367455799,0.9196152422706632,1,decreasing,0.8,16,0.3125,NDUFS4
ENSG00000165685,5,5,-0.00401220100353694,0.9196152422706632,0,decreasing,1.0,19,0.2631578947368421,TMEM52B
ENSG00000165886,5,4,-0.016600119130116518,0.9196152422706632,1,decreasing,0.8,15,0.3333333333333333,UBTD1
ENSG00000167196,5,4,-0.00032419523019370036,0.9196152422706632,1,decreasing,0.8,19,0.2631578947368421,FBXO22
ENSG00000168675,5,3,0.006422843499819021,0.9196152422706632,2,decreasing,0.6,24,0.20833333333333334,LDLRAD4
ENSG00000169255,5,5,-0.00162857974680708,0.9196152422706632,0,decreasing,1.0,14,0.35714285714285715,B3GALNT1
ENSG00000171723,5,4,0.0008488829910720402,0.9196152422706632,1,decreasing,0.8,24,0.20833333333333334,GPHN
ENSG00000173546,5,5,-0.00515088824444056,0.9196152422706632,0,decreasing,1.0,14,0.35714285714285715,CSPG4
ENSG00000175354,5,3,0.00102678731319236,0.9196152422706632,2,decreasing,0.6,10,0.5,PTPN2
ENSG00000176542,5,5,-0.004676896017780859,0.9196152422706632,0,decreasing,1.0,17,0.29411764705882354,USF3
ENSG00000179021,5,5,-0.0024350049665214204,0.9196152422706632,0,decreasing,1.0,15,0.3333333333333333,C3orf38
ENSG00000179833,5,5,-0.004046430683315861,0.9196152422706632,0,decreasing,1.0,16,0.3125,SERTAD2
ENSG00000180354,5,2,0.0014651213951109403,0.9196152422706632,3,increasing,0.6,17,0.29411764705882354,MTURN
ENSG00000181036,5,2,0.01041995180572754,0.9196152422706632,3,increasing,0.6,15,0.3333333333333333,FCRL6
ENSG00000183742,5,3,-3.743431179774308e-05,0.9196152422706632,2,decreasing,0.6,23,0.21739130434782608,MACC1
ENSG00000186188,5,5,-0.0088880353893457,0.9196152422706632,0,decreasing,1.0,14,0.35714285714285715,FFAR4
ENSG00000196209,5,4,-0.00221795035529934,0.9196152422706632,1,decreasing,0.8,14,0.35714285714285715,SIRPB2
ENSG00000196678,5,4,-0.00159094299552198,0.9196152422706632,1,decreasing,0.8,10,0.5,ERI2
ENSG00000197860,5,5,-0.004126625030723139,0.9196152422706632,0,decreasing,1.0,16,0.3125,SGTB
ENSG00000198168,5,5,-0.0037788044211006797,0.9196152422706632,0,decreasing,1.0,14,0.35714285714285715,SVIP
ENSG00000198189,5,5,-0.00612842127437102,0.9196152422706632,0,decreasing,1.0,15,0.3333333333333333,HSD17B11
ENSG00000205464,5,5,-0.00386128080590696,0.9196152422706632,0,decreasing,1.0,19,0.2631578947368421,ATP6AP1L
ENSG00000205639,5,5,-0.004256212738282099,0.9196152422706632,0,decreasing,1.0,15,0.3333333333333333,MFSD2B
ENSG00000205726,5,5,-0.0070163574144933,0.9196152422706632,0,decreasing,1.0,10,0.5,ITSN1
ENSG00000223865,5,3,0.01114947419997488,0.9196152422706632,2,decreasing,0.6,20,0.25,HLA-DPB1
ENSG00000232653,5,3,0.0030987637708579804,0.9196152422706632,2,decreasing,0.6,15,0.3333333333333333,GOLGA8N
ENSG00000259040,5,5,-0.0025615144418059802,0.9196152422706632,0,decreasing,1.0,14,0.35714285714285715,BLOC1S5-TXNDC5
ENSG00000259529,5,5,-0.03948082151516208,0.9196152422706632,0,decreasing,1.0,17,0.29411764705882354,AL136295.5
ENSG00000270629,5,5,-0.00477711066750612,0.9196152422706632,0,decreasing,1.0,24,0.20833333333333334,NBPF14
ENSG00000271601,5,4,-0.00369223838476168,0.9196152422706632,1,decreasing,0.8,14,0.35714285714285715,LIX1L
ENSG00000285162,5,5,-0.01134639177565122,0.9196152422706632,0,decreasing,1.0,21,0.23809523809523808,AC004593.2
ENSG00000285901,5,1,-0.01857055723475404,0.9196152422706632,4,increasing,0.8,21,0.23809523809523808,AC008012.1
ENSG00000178177,5,4,-0.01133452919810338,0.9093519018807662,1,decreasing,0.8,22,0.22727272727272727,LCORL
ENSG00000030582,5,5,-0.014928447288220001,0.909351901880766,0,decreasing,1.0,15,0.3333333333333333,GRN
ENSG00000106066,5,5,-0.008027242201099339,0.909351901880766,0,decreasing,1.0,20,0.25,CPVL
ENSG00000113460,5,4,-0.00143566332859924,0.909351901880766,1,decreasing,0.8,15,0.3333333333333333,BRIX1
ENSG00000137656,5,5,-0.00404916457265032,0.909351901880766,0,decreasing,1.0,17,0.29411764705882354,BUD13
ENSG00000141627,5,3,0.0035720099730902006,0.909351901880766,2,decreasing,0.6,24,0.20833333333333334,DYM
ENSG00000161920,5,2,0.0092491426200121,0.909351901880766,3,increasing,0.6,14,0.35714285714285715,MED11
ENSG00000173200,5,5,-0.00304870509625112,0.909351901880766,0,decreasing,1.0,20,0.25,PARP15
ENSG00000187134,5,5,-0.00342188064759106,0.909351901880766,0,decreasing,1.0,15,0.3333333333333333,AKR1C1
ENSG00000042753,5,5,-0.00229810281925446,0.8990885614908688,0,decreasing,1.0,15,0.3333333333333333,AP2S1
ENSG00000083168,5,5,-0.00877983584277458,0.8928203230275511,0,decreasing,1.0,21,0.23809523809523808,KAT6A
ENSG00000107651,5,5,-0.00565699813704066,0.8928203230275511,0,decreasing,1.0,19,0.2631578947368421,SEC23IP
ENSG00000121594,5,5,-0.00366541459475098,0.8928203230275511,0,decreasing,1.0,18,0.2777777777777778,CD80
ENSG00000132170,5,5,-0.00301831344153556,0.8928203230275511,0,decreasing,1.0,24,0.20833333333333334,PPARG
ENSG00000135503,5,5,-0.00402898926079346,0.8928203230275511,0,decreasing,1.0,23,0.21739130434782608,ACVR1B
ENSG00000143643,5,4,3.3837027824579895e-05,0.8928203230275511,1,decreasing,0.8,15,0.3333333333333333,TTC13
ENSG00000143740,5,4,-0.0017865957829179397,0.8928203230275511,1,decreasing,0.8,15,0.3333333333333333,SNAP47
ENSG00000149131,5,5,-0.0191654475622792,0.8928203230275511,0,decreasing,1.0,19,0.2631578947368421,SERPING1
ENSG00000162542,5,5,-0.0036832202723477,0.8928203230275511,0,decreasing,1.0,15,0.3333333333333333,TMCO4
ENSG00000164904,5,1,0.00334354867828634,0.8928203230275511,4,increasing,0.8,14,0.35714285714285715,ALDH7A1
ENSG00000172766,5,4,-0.0028958682300998803,0.8928203230275511,1,decreasing,0.8,18,0.2777777777777778,NAA16
ENSG00000175792,5,5,-0.0046179117870763205,0.8928203230275511,0,decreasing,1.0,17,0.29411764705882354,RUVBL1
ENSG00000198791,5,3,-0.010595495654080819,0.8928203230275511,2,decreasing,0.6,17,0.29411764705882354,CNOT7
ENSG00000117899,5,1,0.00991119176046264,0.8928203230275509,4,increasing,0.8,22,0.22727272727272727,MESD
ENSG00000141503,5,2,0.00924001385723416,0.8928203230275509,3,increasing,0.6,21,0.23809523809523808,MINK1
ENSG00000260314,5,5,-0.0038966138247687396,0.8928203230275509,0,decreasing,1.0,20,0.25,MRC1
ENSG00000004799,4,4,-0.00424447421418545,1.0,0,decreasing,1.0,17,0.23529411764705882,PDK4
ENSG00000005436,4,4,-0.005173480714639325,1.0,0,decreasing,1.0,15,0.26666666666666666,GCFC2
ENSG00000007545,4,3,0.0011703037510894581,1.0,1,decreasing,0.75,16,0.25,CRAMP1
ENSG00000010671,4,3,-0.057768486442010145,1.0,1,decreasing,0.75,9,0.4444444444444444,BTK
ENSG00000019144,4,3,-0.016910109040286676,1.0,1,decreasing,0.75,9,0.4444444444444444,PHLDB1
ENSG00000022277,4,4,-0.01376980743387575,1.0,0,decreasing,1.0,10,0.4,RTF2
ENSG00000049246,4,3,-0.020709618283104428,1.0,1,decreasing,0.75,10,0.4,PER3
ENSG00000049249,4,4,-0.00954326438058695,1.0,0,decreasing,1.0,5,0.8,TNFRSF9
ENSG00000066654,4,0,0.014330776658271725,1.0,4,increasing,1.0,9,0.4444444444444444,THUMPD1
ENSG00000066697,4,2,0.008054917885248552,1.0,2,decreasing,0.5,9,0.4444444444444444,MSANTD3
ENSG00000069329,4,3,-0.023727039875940874,1.0,1,decreasing,0.75,9,0.4444444444444444,VPS35
ENSG00000069493,4,4,-0.16538182023496928,1.0,0,decreasing,1.0,9,0.4444444444444444,CLEC2D
ENSG00000077549,4,4,-0.004520861699302525,1.0,0,decreasing,1.0,10,0.4,CAPZB
ENSG00000083099,4,1,0.0085566806733656,1.0,3,increasing,0.75,9,0.4444444444444444,LYRM2
ENSG00000083799,4,3,-0.0133570491994629,1.0,1,decreasing,0.75,10,0.4,CYLD
ENSG00000087884,4,3,-0.006175924867033101,1.0,1,decreasing,0.75,10,0.4,AAMDC
ENSG00000088930,4,4,-0.0036046068650119,1.0,0,decreasing,1.0,18,0.2222222222222222,XRN2
ENSG00000089048,4,4,-0.003302620734187825,1.0,0,decreasing,1.0,17,0.23529411764705882,ESF1
ENSG00000089280,4,4,-0.04930225235920678,1.0,0,decreasing,1.0,8,0.5,FUS
ENSG00000099977,4,3,-0.17631034939754744,1.0,1,decreasing,0.75,8,0.5,DDT
ENSG00000099991,4,3,0.05909085727378452,1.0,1,decreasing,0.75,9,0.4444444444444444,CABIN1
ENSG00000106524,4,4,-0.04597278408470535,1.0,0,decreasing,1.0,8,0.5,ANKMY2
ENSG00000107362,4,3,-0.0038103027483083252,1.0,1,decreasing,0.75,9,0.4444444444444444,ABHD17B
ENSG00000108559,4,3,-0.0012986373173878006,1.0,1,decreasing,0.75,9,0.4444444444444444,NUP88
ENSG00000108960,4,1,0.009043511579182,1.0,3,increasing,0.75,14,0.2857142857142857,MMD
ENSG00000110048,4,3,-0.014287737097246248,1.0,1,decreasing,0.75,9,0.4444444444444444,OSBP
ENSG00000113048,4,2,0.022460497716314476,1.0,2,decreasing,0.5,9,0.4444444444444444,MRPS27
ENSG00000113916,4,0,0.0656003615390549,1.0,4,increasing,1.0,8,0.5,BCL6
ENSG00000114316,4,1,0.004481905422558425,1.0,3,increasing,0.75,24,0.16666666666666666,USP4
ENSG00000114650,4,2,-0.03637618129859635,1.0,2,decreasing,0.5,9,0.4444444444444444,SCAP
ENSG00000115806,4,3,-0.011571064221057574,1.0,1,decreasing,0.75,9,0.4444444444444444,GORASP2
ENSG00000117262,4,3,-0.001013690355614074,1.0,1,decreasing,0.75,10,0.4,GPR89A
ENSG00000123143,4,3,-0.003329369279497575,1.0,1,decreasing,0.75,17,0.23529411764705882,PKN1
ENSG00000123416,4,2,0.0249509356053125,1.0,2,decreasing,0.5,8,0.5,TUBA1B
ENSG00000124422,4,3,-0.010247987432942075,1.0,1,decreasing,0.75,19,0.21052631578947367,USP22
ENSG00000125107,4,4,-0.0036273618228057254,1.0,0,decreasing,1.0,19,0.21052631578947367,CNOT1
ENSG00000127616,4,2,-0.0009659810346611499,1.0,2,decreasing,0.5,18,0.2222222222222222,SMARCA4
ENSG00000131503,4,3,-0.020691105233598926,1.0,1,decreasing,0.75,10,0.4,ANKHD1
ENSG00000131508,4,2,0.00025212571938075,1.0,2,decreasing,0.5,9,0.4444444444444444,UBE2D2
ENSG00000134317,4,3,-0.011055733698575125,1.0,1,decreasing,0.75,14,0.2857142857142857,GRHL1
ENSG00000134758,4,3,1.668055481825019e-05,1.0,1,decreasing,0.75,10,0.4,RNF138
ENSG00000136108,4,3,-0.005361762328334751,1.0,1,decreasing,0.75,10,0.4,CKAP2
ENSG00000137501,4,4,-0.019884727819082598,1.0,0,decreasing,1.0,10,0.4,SYTL2
ENSG00000141564,4,4,-0.023440836119657225,1.0,0,decreasing,1.0,10,0.4,RPTOR
ENSG00000142541,4,4,-0.09014463956775076,1.0,0,decreasing,1.0,7,0.5714285714285714,RPL13A
ENSG00000144711,4,3,0.0022567909508141243,1.0,1,decreasing,0.75,22,0.18181818181818182,IQSEC1
ENSG00000147065,4,2,0.0016046902897331747,1.0,2,decreasing,0.5,16,0.25,MSN
ENSG00000148690,4,4,-0.01863187163970375,1.0,0,decreasing,1.0,14,0.2857142857142857,FRA10AC1
ENSG00000151461,4,4,-0.005475393093751825,1.0,0,decreasing,1.0,4,1.0,UPF2
ENSG00000152056,4,3,-0.003060854822135349,1.0,1,decreasing,0.75,9,0.4444444444444444,AP1S3
ENSG00000154059,4,4,-0.05408300822651123,1.0,0,decreasing,1.0,9,0.4444444444444444,IMPACT
ENSG00000155111,4,4,-0.00783410438237965,1.0,0,decreasing,1.0,10,0.4,CDK19
ENSG00000156502,4,3,-0.001029984162476451,1.0,1,decreasing,0.75,10,0.4,SUPV3L1
ENSG00000159212,4,3,-0.06179145871424038,1.0,1,decreasing,0.75,16,0.25,CLIC6
ENSG00000160683,4,2,-0.05356057656815465,1.0,2,decreasing,0.5,6,0.6666666666666666,CXCR5
ENSG00000162191,4,2,0.0037887604686517497,1.0,2,decreasing,0.5,6,0.6666666666666666,UBXN1
ENSG00000162368,4,2,0.00682455875964695,1.0,2,decreasing,0.5,8,0.5,CMPK1
ENSG00000162642,4,4,-0.00611488681351585,1.0,0,decreasing,1.0,9,0.4444444444444444,C1orf52
ENSG00000163719,4,2,0.055024370295691204,1.0,2,decreasing,0.5,10,0.4,MTMR14
ENSG00000163904,4,3,0.004308774876815776,1.0,1,decreasing,0.75,10,0.4,SENP2
ENSG00000165416,4,2,0.027181497473205175,1.0,2,decreasing,0.5,10,0.4,SUGT1
ENSG00000165660,4,2,0.02006242135910105,1.0,2,decreasing,0.5,5,0.8,ABRAXAS2
ENSG00000167106,4,0,0.03195304916046347,1.0,4,increasing,1.0,4,1.0,FAM102A
ENSG00000167625,4,3,-0.055585965252507176,1.0,1,decreasing,0.75,8,0.5,ZNF526
ENSG00000169682,4,1,0.00642894407473075,1.0,3,increasing,0.75,22,0.18181818181818182,SPNS1
ENSG00000169896,4,2,0.00928172444854115,1.0,2,decreasing,0.5,8,0.5,ITGAM
ENSG00000170266,4,2,0.013883401542739699,1.0,2,decreasing,0.5,9,0.4444444444444444,GLB1
ENSG00000171311,4,2,0.0035907785894130745,1.0,2,decreasing,0.5,10,0.4,EXOSC1
ENSG00000172667,4,1,0.011051211252494149,1.0,3,increasing,0.75,8,0.5,ZMAT3
ENSG00000173273,4,3,-0.01359966097187345,1.0,1,decreasing,0.75,10,0.4,TNKS
ENSG00000173611,4,2,-0.01248343490733075,1.0,2,decreasing,0.5,10,0.4,SCAI
ENSG00000178234,4,2,0.055897283564965775,1.0,2,decreasing,0.5,19,0.21052631578947367,GALNT11
ENSG00000181026,4,2,0.007627631361869775,1.0,2,decreasing,0.5,7,0.5714285714285714,AEN
ENSG00000182326,4,3,0.009643323366670075,1.0,1,decreasing,0.75,8,0.5,C1S
ENSG00000183426,4,3,-0.008793300837238699,1.0,1,decreasing,0.75,7,0.5714285714285714,NPIPA1
ENSG00000184164,4,4,-0.040587270000199724,1.0,0,decreasing,1.0,8,0.5,CRELD2
ENSG00000185811,4,4,-0.014153252196183125,1.0,0,decreasing,1.0,17,0.23529411764705882,IKZF1
ENSG00000185880,4,3,-0.0044979434697404504,1.0,1,decreasing,0.75,9,0.4444444444444444,TRIM69
ENSG00000186812,4,4,-0.008018432575053676,1.0,0,decreasing,1.0,18,0.2222222222222222,ZNF397
ENSG00000188938,4,2,0.009921441961330574,1.0,2,decreasing,0.5,9,0.4444444444444444,FAM120AOS
ENSG00000196950,4,4,-0.021209797239887525,1.0,0,decreasing,1.0,9,0.4444444444444444,SLC39A10
ENSG00000197635,4,4,-0.013532920525348324,1.0,0,decreasing,1.0,18,0.2222222222222222,DPP4
ENSG00000204272,4,4,-0.00413119033950285,1.0,0,decreasing,1.0,19,0.21052631578947367,NBDY
ENSG00000204525,4,1,0.002009752215290125,1.0,3,increasing,0.75,9,0.4444444444444444,HLA-C
ENSG00000206527,4,1,0.010527366590826325,1.0,3,increasing,0.75,7,0.5714285714285714,HACD2
ENSG00000213465,4,2,0.0022810748135741995,1.0,2,decreasing,0.5,15,0.26666666666666666,ARL2
ENSG00000228144,4,2,-0.05028769842766807,1.0,2,decreasing,0.5,5,0.8,AC078927.1
ENSG00000234857,4,3,-0.0121912261537318,1.0,1,decreasing,0.75,10,0.4,HNRNPUL2-BSCL2
ENSG00000240230,4,3,0.018952850818554377,1.0,1,decreasing,0.75,18,0.2222222222222222,COX19
ENSG00000254979,4,1,0.008303740749187325,1.0,3,increasing,0.75,8,0.5,AP000781.2
ENSG00000256223,4,4,-0.0190419395894538,1.0,0,decreasing,1.0,9,0.4444444444444444,ZNF10
ENSG00000257529,4,2,0.0097435214200216,1.0,2,decreasing,0.5,7,0.5714285714285714,RPL36A-HNRNPH2
ENSG00000285713,4,2,0.006824240911367451,1.0,2,decreasing,0.5,8,0.5,AC098588.2
ENSG00000286219,4,3,-0.01269369380361265,1.0,1,decreasing,0.75,9,0.4444444444444444,NOTCH2NLC
ENSG00000039650,4,3,-0.00394219675694725,0.9871708245126285,1,decreasing,0.75,21,0.19047619047619047,PNKP
ENSG00000057757,4,4,-0.007396536077592875,0.9871708245126285,0,decreasing,1.0,21,0.19047619047619047,PITHD1
ENSG00000060558,4,3,-0.01123249578264445,0.9871708245126285,1,decreasing,0.75,9,0.4444444444444444,GNA15
ENSG00000066455,4,2,-0.00537648433340595,0.9871708245126285,2,decreasing,0.5,7,0.5714285714285714,GOLGA5
ENSG00000067560,4,3,0.022609318613369876,0.9871708245126285,1,decreasing,0.75,24,0.16666666666666666,RHOA
ENSG00000072401,4,4,-0.01838407102545695,0.9871708245126285,0,decreasing,1.0,9,0.4444444444444444,UBE2D1
ENSG00000081154,4,3,-0.009024807449267775,0.9871708245126285,1,decreasing,0.75,9,0.4444444444444444,PCNP
ENSG00000100526,4,3,-0.008013413245501224,0.9871708245126285,1,decreasing,0.75,7,0.5714285714285714,CDKN3
ENSG00000107937,4,4,-0.013900500327635274,0.9871708245126285,0,decreasing,1.0,9,0.4444444444444444,GTPBP4
ENSG00000111358,4,4,-0.017020031236861077,0.9871708245126285,0,decreasing,1.0,9,0.4444444444444444,GTF2H3
ENSG00000121749,4,2,0.0294618291184425,0.9871708245126285,2,decreasing,0.5,21,0.19047619047619047,TBC1D15
ENSG00000123200,4,4,-0.0018954395461732501,0.9871708245126285,0,decreasing,1.0,23,0.17391304347826086,ZC3H13
ENSG00000125691,4,4,-0.017549099484286027,0.9871708245126285,0,decreasing,1.0,18,0.2222222222222222,RPL23
ENSG00000129696,4,2,0.003710220171910375,0.9871708245126285,2,decreasing,0.5,7,0.5714285714285714,TTI2
ENSG00000134109,4,2,-0.00023209034612095016,0.9871708245126285,2,decreasing,0.5,8,0.5,EDEM1
ENSG00000135913,4,3,-0.003318454762106625,0.9871708245126285,1,decreasing,0.75,10,0.4,USP37
ENSG00000137076,4,3,0.00045718477408462563,0.9871708245126285,1,decreasing,0.75,8,0.5,TLN1
ENSG00000137414,4,2,-0.00087260927194115,0.9871708245126285,2,decreasing,0.5,16,0.25,FAM8A1
ENSG00000137710,4,4,-0.015456791622940374,0.9871708245126285,0,decreasing,1.0,23,0.17391304347826086,RDX
ENSG00000137871,4,4,-0.029894210997722197,0.9871708245126285,0,decreasing,1.0,10,0.4,ZNF280D
ENSG00000143398,4,4,-0.0029014763978351,0.9871708245126285,0,decreasing,1.0,10,0.4,PIP5K1A
ENSG00000143870,4,4,-0.004607165746141026,0.9871708245126285,0,decreasing,1.0,15,0.26666666666666666,PDIA6
ENSG00000147457,4,2,0.0035682716278285505,0.9871708245126285,2,decreasing,0.5,8,0.5,CHMP7
ENSG00000147684,4,3,-0.038196895157516224,0.9871708245126285,1,decreasing,0.75,9,0.4444444444444444,NDUFB9
ENSG00000149091,4,3,-0.0022344138751618503,0.9871708245126285,1,decreasing,0.75,9,0.4444444444444444,DGKZ
ENSG00000151726,4,3,-0.0143457245560279,0.9871708245126285,1,decreasing,0.75,10,0.4,ACSL1
ENSG00000152766,4,4,-0.005082442250550825,0.9871708245126285,0,decreasing,1.0,7,0.5714285714285714,ANKRD22
ENSG00000153147,4,4,-0.0175459186500984,0.9871708245126285,0,decreasing,1.0,8,0.5,SMARCA5
ENSG00000154065,4,4,-0.012837867900218423,0.9871708245126285,0,decreasing,1.0,8,0.5,ANKRD29
ENSG00000159733,4,4,-0.014441065890175674,0.9871708245126285,0,decreasing,1.0,10,0.4,ZFYVE28
ENSG00000161558,4,3,-0.005972305784130076,0.9871708245126285,1,decreasing,0.75,8,0.5,TMEM143
ENSG00000163251,4,2,0.009045685209343474,0.9871708245126285,2,decreasing,0.5,6,0.6666666666666666,FZD5
ENSG00000164978,4,4,-0.0063197887828322745,0.9871708245126285,0,decreasing,1.0,7,0.5714285714285714,NUDT2
ENSG00000166454,4,4,-0.0215435498216663,0.9871708245126285,0,decreasing,1.0,7,0.5714285714285714,ATMIN
ENSG00000166734,4,4,-0.006150288134847276,0.9871708245126285,0,decreasing,1.0,9,0.4444444444444444,CASC4
ENSG00000168785,4,3,0.005777458768562375,0.9871708245126285,1,decreasing,0.75,19,0.21052631578947367,TSPAN5
ENSG00000172757,4,3,-0.0105319474487631,0.9871708245126285,1,decreasing,0.75,6,0.6666666666666666,CFL1
ENSG00000173281,4,1,0.021141554466167226,0.9871708245126285,3,increasing,0.75,8,0.5,PPP1R3B
ENSG00000178105,4,4,-0.0031353689197735,0.9871708245126285,0,decreasing,1.0,17,0.23529411764705882,DDX10
ENSG00000182400,4,3,0.001653525743392524,0.9871708245126285,1,decreasing,0.75,9,0.4444444444444444,TRAPPC6B
ENSG00000186063,4,3,-0.0005748460604982999,0.9871708245126285,1,decreasing,0.75,21,0.19047619047619047,AIDA
ENSG00000187164,4,3,-0.013018824604248575,0.9871708245126285,1,decreasing,0.75,10,0.4,SHTN1
ENSG00000196151,4,2,-0.01205932902482835,0.9871708245126285,2,decreasing,0.5,21,0.19047619047619047,WDSUB1
ENSG00000197302,4,3,-0.006519896025466801,0.9871708245126285,1,decreasing,0.75,7,0.5714285714285714,ZNF720
ENSG00000198018,4,3,-0.010018403928345224,0.9871708245126285,1,decreasing,0.75,7,0.5714285714285714,ENTPD7
ENSG00000205581,4,3,-0.003095049444593375,0.9871708245126285,1,decreasing,0.75,7,0.5714285714285714,HMGN1
ENSG00000213780,4,3,0.0006423577050964999,0.9871708245126285,1,decreasing,0.75,20,0.2,GTF2H4
ENSG00000256806,4,2,-0.005972703539499175,0.9871708245126285,2,decreasing,0.5,8,0.5,C17orf100
ENSG00000266472,4,1,0.007233983041153075,0.9871708245126285,3,increasing,0.75,8,0.5,MRPS21
ENSG00000270882,4,1,0.016490574164583074,0.9871708245126285,3,increasing,0.75,8,0.5,H4C14
ENSG00000005844,4,4,-0.003367314186792275,0.974341649025257,0,decreasing,1.0,9,0.4444444444444444,ITGAL
ENSG00000008710,4,3,-0.0027752984367083503,0.974341649025257,1,decreasing,0.75,6,0.6666666666666666,PKD1
ENSG00000013523,4,3,-0.007207237523411325,0.974341649025257,1,decreasing,0.75,7,0.5714285714285714,ANGEL1
ENSG00000048392,4,4,-0.00534098444392115,0.974341649025257,0,decreasing,1.0,17,0.23529411764705882,RRM2B
ENSG00000095485,4,3,-0.001456220509940375,0.974341649025257,1,decreasing,0.75,7,0.5714285714285714,CWF19L1
ENSG00000111962,4,4,-0.00186799175963105,0.974341649025257,0,decreasing,1.0,23,0.17391304347826086,UST
ENSG00000118503,4,4,-0.012874084539351224,0.974341649025257,0,decreasing,1.0,9,0.4444444444444444,TNFAIP3
ENSG00000120727,4,2,0.0036543452538657507,0.974341649025257,2,decreasing,0.5,9,0.4444444444444444,PAIP2
ENSG00000122861,4,4,-0.004194119928075,0.974341649025257,0,decreasing,1.0,14,0.2857142857142857,PLAU
ENSG00000123240,4,3,-0.0043412052818323004,0.974341649025257,1,decreasing,0.75,22,0.18181818181818182,OPTN
ENSG00000127481,4,3,0.0051534973544925,0.974341649025257,1,decreasing,0.75,9,0.4444444444444444,UBR4
ENSG00000134759,4,3,-0.002063272808802925,0.974341649025257,1,decreasing,0.75,9,0.4444444444444444,ELP2
ENSG00000146278,4,3,-0.04888865589634313,0.974341649025257,1,decreasing,0.75,7,0.5714285714285714,PNRC1
ENSG00000152133,4,3,-0.002118054252142275,0.974341649025257,1,decreasing,0.75,8,0.5,GPATCH11
ENSG00000152409,4,4,-0.01548766978671015,0.974341649025257,0,decreasing,1.0,10,0.4,JMY
ENSG00000157014,4,4,-0.04569910049017753,0.974341649025257,0,decreasing,1.0,6,0.6666666666666666,TATDN2
ENSG00000160201,4,3,-0.0019399288935285,0.974341649025257,1,decreasing,0.75,8,0.5,U2AF1
ENSG00000161813,4,3,-0.0089250315267343,0.974341649025257,1,decreasing,0.75,8,0.5,LARP4
ENSG00000162377,4,4,-0.0075149429732875,0.974341649025257,0,decreasing,1.0,14,0.2857142857142857,COA7
ENSG00000165113,4,3,-0.0002084143924182746,0.974341649025257,1,decreasing,0.75,8,0.5,GKAP1
ENSG00000165810,4,4,-0.001974173695740275,0.974341649025257,0,decreasing,1.0,14,0.2857142857142857,BTNL9
ENSG00000170836,4,2,-0.00022163339670472479,0.974341649025257,2,decreasing,0.5,9,0.4444444444444444,PPM1D
ENSG00000171522,4,3,-0.0007422257765174503,0.974341649025257,1,decreasing,0.75,8,0.5,PTGER4
ENSG00000171634,4,4,-0.003680815099126375,0.974341649025257,0,decreasing,1.0,24,0.16666666666666666,BPTF
ENSG00000172663,4,3,-0.00339004306727355,0.974341649025257,1,decreasing,0.75,7,0.5714285714285714,TMEM134
ENSG00000174125,4,4,-0.007393238284898775,0.974341649025257,0,decreasing,1.0,22,0.18181818181818182,TLR1
ENSG00000184924,4,3,-0.012550618671162925,0.974341649025257,1,decreasing,0.75,5,0.8,PTRHD1
ENSG00000188735,4,4,-0.0048269469268289,0.974341649025257,0,decreasing,1.0,17,0.23529411764705882,TMEM120B
ENSG00000197343,4,4,-0.02408462896985975,0.974341649025257,0,decreasing,1.0,8,0.5,ZNF655
ENSG00000197928,4,4,-0.01954129863369675,0.974341649025257,0,decreasing,1.0,5,0.8,ZNF677
ENSG00000204642,4,4,-0.006974373125354176,0.974341649025257,0,decreasing,1.0,7,0.5714285714285714,HLA-F
ENSG00000267228,4,4,-0.0039620145673240756,0.974341649025257,0,decreasing,1.0,7,0.5714285714285714,AC012254.2
ENSG00000004468,4,2,0.0192441902033908,0.9665063509461097,2,decreasing,0.5,20,0.2,CD38
ENSG00000008405,4,4,-0.14962421406886606,0.9665063509461097,0,decreasing,1.0,9,0.4444444444444444,CRY1
ENSG00000008513,4,3,0.013509187968627025,0.9665063509461097,1,decreasing,0.75,23,0.17391304347826086,ST3GAL1
ENSG00000013563,4,2,0.0170237865626915,0.9665063509461097,2,decreasing,0.5,4,1.0,DNASE1L1
ENSG00000013810,4,3,-0.011130730384622525,0.9665063509461097,1,decreasing,0.75,9,0.4444444444444444,TACC3
ENSG00000026950,4,4,-0.01197441999747165,0.9665063509461097,0,decreasing,1.0,4,1.0,BTN3A1
ENSG00000047365,4,2,0.0178160288579653,0.9665063509461097,2,decreasing,0.5,9,0.4444444444444444,ARAP2
ENSG00000048544,4,2,0.0018997904309348002,0.9665063509461097,2,decreasing,0.5,8,0.5,MRPS10
ENSG00000048707,4,2,0.00504883694094205,0.9665063509461097,2,decreasing,0.5,24,0.16666666666666666,VPS13D
ENSG00000051108,4,3,-0.00547827826383965,0.9665063509461097,1,decreasing,0.75,10,0.4,HERPUD1
ENSG00000056558,4,3,-0.005150593041762674,0.9665063509461097,1,decreasing,0.75,5,0.8,TRAF1
ENSG00000070814,4,3,-0.014162240895747299,0.9665063509461097,1,decreasing,0.75,19,0.21052631578947367,TCOF1
ENSG00000075785,4,2,-0.0037259107434602246,0.9665063509461097,2,decreasing,0.5,24,0.16666666666666666,RAB7A
ENSG00000076716,4,3,0.014259738058269675,0.9665063509461097,1,decreasing,0.75,19,0.21052631578947367,GPC4
ENSG00000091436,4,1,0.03798208218596898,0.9665063509461097,3,increasing,0.75,9,0.4444444444444444,MAP3K20
ENSG00000093072,4,1,0.0028356131615752,0.9665063509461097,3,increasing,0.75,18,0.2222222222222222,ADA2
ENSG00000095370,4,3,-0.00262324659107125,0.9665063509461097,1,decreasing,0.75,15,0.26666666666666666,SH2D3C
ENSG00000099219,4,2,-0.0016771790183407994,0.9665063509461097,2,decreasing,0.5,16,0.25,ERMP1
ENSG00000099956,4,1,0.06276789150395168,0.9665063509461097,3,increasing,0.75,4,1.0,SMARCB1
ENSG00000100209,4,2,0.0612413916899554,0.9665063509461097,2,decreasing,0.5,9,0.4444444444444444,HSCB
ENSG00000100266,4,1,0.008473456170816799,0.9665063509461097,3,increasing,0.75,10,0.4,PACSIN2
ENSG00000100478,4,4,-0.008852731315338026,0.9665063509461097,0,decreasing,1.0,9,0.4444444444444444,AP4S1
ENSG00000100644,4,3,-0.0010382963063639502,0.9665063509461097,1,decreasing,0.75,10,0.4,HIF1A
ENSG00000101935,4,4,-0.004946600643755625,0.9665063509461097,0,decreasing,1.0,5,0.8,AMMECR1
ENSG00000102921,4,3,-0.010322709097695625,0.9665063509461097,1,decreasing,0.75,9,0.4444444444444444,N4BP1
ENSG00000103245,4,2,-0.004178177250921375,0.9665063509461097,2,decreasing,0.5,15,0.26666666666666666,CIAO3
ENSG00000103342,4,2,0.027319200918150325,0.9665063509461097,2,decreasing,0.5,9,0.4444444444444444,GSPT1
ENSG00000103426,4,3,-0.006888551995684025,0.9665063509461097,1,decreasing,0.75,8,0.5,CORO7-PAM16
ENSG00000103512,4,2,-0.0024090660063232254,0.9665063509461097,2,decreasing,0.5,9,0.4444444444444444,NOMO1
ENSG00000103811,4,1,0.009411458064770175,0.9665063509461097,3,increasing,0.75,10,0.4,CTSH
ENSG00000104228,4,3,-0.002332858470756175,0.9665063509461097,1,decreasing,0.75,15,0.26666666666666666,TRIM35
ENSG00000104660,4,3,0.006861119637519125,0.9665063509461097,1,decreasing,0.75,5,0.8,LEPROTL1
ENSG00000105821,4,2,-0.0018704669084062,0.9665063509461097,2,decreasing,0.5,8,0.5,DNAJC2
ENSG00000106070,4,1,0.012677514334235548,0.9665063509461097,3,increasing,0.75,7,0.5714285714285714,GRB10
ENSG00000107949,4,1,0.011111459393798925,0.9665063509461097,3,increasing,0.75,5,0.8,BCCIP
ENSG00000108021,4,3,0.0023356130975687246,0.9665063509461097,1,decreasing,0.75,10,0.4,TASOR2
ENSG00000109016,4,3,0.006032726898336726,0.9665063509461097,1,decreasing,0.75,18,0.2222222222222222,DHRS7B
ENSG00000110011,4,3,-0.00323152134254565,0.9665063509461097,1,decreasing,0.75,16,0.25,DNAJC4
ENSG00000110031,4,2,0.06897518751417818,0.9665063509461097,2,decreasing,0.5,10,0.4,LPXN
ENSG00000111011,4,3,-0.020582744730881848,0.9665063509461097,1,decreasing,0.75,10,0.4,RSRC2
ENSG00000111144,4,3,-0.0028126380862686,0.9665063509461097,1,decreasing,0.75,5,0.8,LTA4H
ENSG00000111726,4,3,-0.004706502509858801,0.9665063509461097,1,decreasing,0.75,14,0.2857142857142857,CMAS
ENSG00000111802,4,4,-0.010575352517519575,0.9665063509461097,0,decreasing,1.0,18,0.2222222222222222,TDP2
ENSG00000112234,4,3,0.01299069520363175,0.9665063509461097,1,decreasing,0.75,20,0.2,FBXL4
ENSG00000112419,4,3,-0.006174340089216749,0.9665063509461097,1,decreasing,0.75,10,0.4,PHACTR2
ENSG00000112972,4,3,-0.0073407971009393745,0.9665063509461097,1,decreasing,0.75,10,0.4,HMGCS1
ENSG00000113368,4,1,0.042979136896002725,0.9665063509461097,3,increasing,0.75,20,0.2,LMNB1
ENSG00000114125,4,4,-0.003371513985100425,0.9665063509461097,0,decreasing,1.0,4,1.0,RNF7
ENSG00000116560,4,2,-0.001512338757706175,0.9665063509461097,2,decreasing,0.5,4,1.0,SFPQ
ENSG00000116688,4,2,0.00300082570261975,0.9665063509461097,2,decreasing,0.5,9,0.4444444444444444,MFN2
ENSG00000117174,4,4,-0.0056077826977059255,0.9665063509461097,0,decreasing,1.0,17,0.23529411764705882,ZNHIT6
ENSG00000118246,4,2,0.0040161868362260005,0.9665063509461097,2,decreasing,0.5,10,0.4,FASTKD2
ENSG00000118564,4,2,0.006241739536144475,0.9665063509461097,2,decreasing,0.5,9,0.4444444444444444,FBXL5
ENSG00000118579,4,3,0.0005782676692758252,0.9665063509461097,1,decreasing,0.75,15,0.26666666666666666,MED28
ENSG00000118971,4,3,-0.015773045330775726,0.9665063509461097,1,decreasing,0.75,17,0.23529411764705882,CCND2
ENSG00000120526,4,3,-0.0188991315223912,0.9665063509461097,1,decreasing,0.75,8,0.5,NUDCD1
ENSG00000121481,4,4,-0.00816270693193075,0.9665063509461097,0,decreasing,1.0,16,0.25,RNF2
ENSG00000122406,4,1,0.06784599720835545,0.9665063509461097,3,increasing,0.75,8,0.5,RPL5
ENSG00000123684,4,3,0.002566423856869475,0.9665063509461097,1,decreasing,0.75,9,0.4444444444444444,LPGAT1
ENSG00000124145,4,2,0.0056801445188591,0.9665063509461097,2,decreasing,0.5,16,0.25,SDC4
ENSG00000125676,4,4,-0.0044116763947896495,0.9665063509461097,0,decreasing,1.0,24,0.16666666666666666,THOC2
ENSG00000126775,4,3,-0.01333048683061335,0.9665063509461097,1,decreasing,0.75,5,0.8,ATG14
ENSG00000127334,4,4,-0.005702545668646825,0.9665063509461097,0,decreasing,1.0,17,0.23529411764705882,DYRK2
ENSG00000129158,4,3,-0.006452022140853675,0.9665063509461097,1,decreasing,0.75,16,0.25,SERGEF
ENSG00000130638,4,4,-0.018303660314490926,0.9665063509461097,0,decreasing,1.0,9,0.4444444444444444,ATXN10
ENSG00000131196,4,3,-0.004581070241895274,0.9665063509461097,1,decreasing,0.75,20,0.2,NFATC1
ENSG00000132965,4,4,-0.004188668048086725,0.9665063509461097,0,decreasing,1.0,17,0.23529411764705882,ALOX5AP
ENSG00000133983,4,1,0.018616062146874453,0.9665063509461097,3,increasing,0.75,10,0.4,COX16
ENSG00000134001,4,2,-0.000768673014760175,0.9665063509461097,2,decreasing,0.5,9,0.4444444444444444,EIF2S1
ENSG00000135426,4,2,-0.006037832902226625,0.9665063509461097,2,decreasing,0.5,18,0.2222222222222222,TESPA1
ENSG00000135945,4,3,-0.0004930920797118249,0.9665063509461097,1,decreasing,0.75,18,0.2222222222222222,REV1
ENSG00000136152,4,2,0.00528529757063655,0.9665063509461097,2,decreasing,0.5,8,0.5,COG3
ENSG00000136709,4,1,0.007121580898047375,0.9665063509461097,3,increasing,0.75,10,0.4,WDR33
ENSG00000136738,4,3,-0.0071248747011946,0.9665063509461097,1,decreasing,0.75,16,0.25,STAM
ENSG00000136935,4,3,0.001425166747862425,0.9665063509461097,1,decreasing,0.75,4,1.0,GOLGA1
ENSG00000139168,4,4,-0.00259600048111455,0.9665063509461097,0,decreasing,1.0,4,1.0,ZCRB1
ENSG00000139651,4,3,0.0145246875838346,0.9665063509461097,1,decreasing,0.75,17,0.23529411764705882,ZNF740
ENSG00000140612,4,1,0.0080905813259921,0.9665063509461097,3,increasing,0.75,9,0.4444444444444444,SEC11A
ENSG00000140995,4,2,-0.0012552182703017998,0.9665063509461097,2,decreasing,0.5,8,0.5,DEF8
ENSG00000143437,4,3,-0.0019843091343085253,0.9665063509461097,1,decreasing,0.75,18,0.2222222222222222,ARNT
ENSG00000143889,4,3,-0.0001849891512877501,0.9665063509461097,1,decreasing,0.75,20,0.2,HNRNPLL
ENSG00000143951,4,4,-0.00477356021560865,0.9665063509461097,0,decreasing,1.0,16,0.25,WDPCP
ENSG00000144713,4,2,0.003270569477131775,0.9665063509461097,2,decreasing,0.5,8,0.5,RPL32
ENSG00000144791,4,3,-0.017894363729365526,0.9665063509461097,1,decreasing,0.75,5,0.8,LIMD1
ENSG00000148835,4,4,-0.0016576059054878001,0.9665063509461097,0,decreasing,1.0,16,0.25,TAF5
ENSG00000149196,4,1,0.014379771136095551,0.9665063509461097,3,increasing,0.75,10,0.4,HIKESHI
ENSG00000149289,4,2,0.0004204803388393498,0.9665063509461097,2,decreasing,0.5,4,1.0,ZC3H12C
ENSG00000151092,4,3,-0.0017890410223642748,0.9665063509461097,1,decreasing,0.75,4,1.0,NGLY1
ENSG00000151353,4,3,-0.033532727900632976,0.9665063509461097,1,decreasing,0.75,9,0.4444444444444444,TMEM18
ENSG00000152128,4,2,-0.005327680091934576,0.9665063509461097,2,decreasing,0.5,10,0.4,TMEM163
ENSG00000153339,4,2,-6.5094299730025e-05,0.9665063509461097,2,decreasing,0.5,19,0.21052631578947367,TRAPPC8
ENSG00000154237,4,4,-0.01333787468824345,0.9665063509461097,0,decreasing,1.0,17,0.23529411764705882,LRRK1
ENSG00000154451,4,3,-0.0033156863049647743,0.9665063509461097,1,decreasing,0.75,4,1.0,GBP5
ENSG00000154781,4,3,-0.07308187546527461,0.9665063509461097,1,decreasing,0.75,10,0.4,CCDC174
ENSG00000155096,4,3,-0.0084262424557754,0.9665063509461097,1,decreasing,0.75,10,0.4,AZIN1
ENSG00000155506,4,1,0.011969265464042176,0.9665063509461097,3,increasing,0.75,9,0.4444444444444444,LARP1
ENSG00000155903,4,4,-0.008165072300810825,0.9665063509461097,0,decreasing,1.0,24,0.16666666666666666,RASA2
ENSG00000156804,4,3,-0.0062349555714289245,0.9665063509461097,1,decreasing,0.75,9,0.4444444444444444,FBXO32
ENSG00000157404,4,2,-0.0002312673942008,0.9665063509461097,2,decreasing,0.5,16,0.25,KIT
ENSG00000159674,4,4,-0.026303226129155748,0.9665063509461097,0,decreasing,1.0,9,0.4444444444444444,SPON2
ENSG00000159873,4,0,0.0178804130181843,0.9665063509461097,4,increasing,1.0,8,0.5,CCDC117
ENSG00000160223,4,2,0.0079881576195539,0.9665063509461097,2,decreasing,0.5,21,0.19047619047619047,ICOSLG
ENSG00000160271,4,3,0.007637882544556025,0.9665063509461097,1,decreasing,0.75,18,0.2222222222222222,RALGDS
ENSG00000160305,4,3,-0.0036801921846576,0.9665063509461097,1,decreasing,0.75,18,0.2222222222222222,DIP2A
ENSG00000160345,4,2,0.03880515430332268,0.9665063509461097,2,decreasing,0.5,14,0.2857142857142857,C9orf116
ENSG00000161179,4,2,-0.001115374514439225,0.9665063509461097,2,decreasing,0.5,14,0.2857142857142857,YDJC
ENSG00000162607,4,3,-0.00392342636022815,0.9665063509461097,1,decreasing,0.75,4,1.0,USP1
ENSG00000162885,4,3,-0.00038891534330690015,0.9665063509461097,1,decreasing,0.75,16,0.25,B3GALNT2
ENSG00000163126,4,0,0.0037603054572579,0.9665063509461097,4,increasing,1.0,15,0.26666666666666666,ANKRD23
ENSG00000163249,4,1,0.0647920330468682,0.9665063509461097,3,increasing,0.75,24,0.16666666666666666,CCNYL1
ENSG00000163374,4,2,0.0003470630627777252,0.9665063509461097,2,decreasing,0.5,9,0.4444444444444444,YY1AP1
ENSG00000163728,4,4,-0.008855584305783676,0.9665063509461097,0,decreasing,1.0,15,0.26666666666666666,TTC14
ENSG00000163832,4,4,-0.011950855305154575,0.9665063509461097,0,decreasing,1.0,4,1.0,ELP6
ENSG00000164040,4,3,-0.005600555020926275,0.9665063509461097,1,decreasing,0.75,5,0.8,PGRMC2
ENSG00000165030,4,1,0.007365026057124375,0.9665063509461097,3,increasing,0.75,9,0.4444444444444444,NFIL3
ENSG00000165233,4,3,-0.00412242942725005,0.9665063509461097,1,decreasing,0.75,4,1.0,CARD19
ENSG00000165525,4,3,-0.011095344889117075,0.9665063509461097,1,decreasing,0.75,24,0.16666666666666666,NEMF
ENSG00000165943,4,1,0.02955089752564035,0.9665063509461097,3,increasing,0.75,5,0.8,MOAP1
ENSG00000166266,4,3,0.0017325947129050003,0.9665063509461097,1,decreasing,0.75,10,0.4,CUL5
ENSG00000166295,4,2,-0.00017671770674982518,0.9665063509461097,2,decreasing,0.5,10,0.4,ANAPC16
ENSG00000168827,4,4,-0.00303659158861475,0.9665063509461097,0,decreasing,1.0,16,0.25,GFM1
ENSG00000170889,4,4,-0.01184025407857575,0.9665063509461097,0,decreasing,1.0,5,0.8,RPS9
ENSG00000171490,4,2,0.00042325046061247493,0.9665063509461097,2,decreasing,0.5,9,0.4444444444444444,RSL1D1
ENSG00000171552,4,3,-0.018762661333103777,0.9665063509461097,1,decreasing,0.75,9,0.4444444444444444,BCL2L1
ENSG00000171823,4,2,0.0045858425009691495,0.9665063509461097,2,decreasing,0.5,8,0.5,FBXL14
ENSG00000172058,4,4,-0.0038030363557515247,0.9665063509461097,0,decreasing,1.0,16,0.25,SERF1A
ENSG00000173542,4,3,-0.040605364441805375,0.9665063509461097,1,decreasing,0.75,23,0.17391304347826086,MOB1B
ENSG00000173588,4,1,0.020587629624068102,0.9665063509461097,3,increasing,0.75,9,0.4444444444444444,CEP83
ENSG00000173926,4,3,-0.01665332192601195,0.9665063509461097,1,decreasing,0.75,10,0.4,MARCHF3
ENSG00000175470,4,3,0.004021547839885125,0.9665063509461097,1,decreasing,0.75,9,0.4444444444444444,PPP2R2D
ENSG00000176105,4,4,-0.025579424358967123,0.9665063509461097,0,decreasing,1.0,10,0.4,YES1
ENSG00000176148,4,4,-0.0142404406988418,0.9665063509461097,0,decreasing,1.0,19,0.21052631578947367,TCP11L1
ENSG00000176222,4,1,0.001845037083804325,0.9665063509461097,3,increasing,0.75,14,0.2857142857142857,ZNF404
ENSG00000177119,4,1,0.016878329504304374,0.9665063509461097,3,increasing,0.75,9,0.4444444444444444,ANO6
ENSG00000178425,4,0,0.0131349158430036,0.9665063509461097,4,increasing,1.0,18,0.2222222222222222,NT5DC1
ENSG00000180998,4,3,-0.0033524935767976997,0.9665063509461097,1,decreasing,0.75,5,0.8,GPR137C
ENSG00000182831,4,3,-0.014802135914286326,0.9665063509461097,1,decreasing,0.75,8,0.5,C16orf72
ENSG00000183337,4,3,0.0104645950541754,0.9665063509461097,1,decreasing,0.75,8,0.5,BCOR
ENSG00000183597,4,2,0.006927330384431001,0.9665063509461097,2,decreasing,0.5,9,0.4444444444444444,TANGO2
ENSG00000183655,4,3,-0.0054609275380417995,0.9665063509461097,1,decreasing,0.75,10,0.4,KLHL25
ENSG00000184005,4,4,-0.05795628842330562,0.9665063509461097,0,decreasing,1.0,16,0.25,ST6GALNAC3
ENSG00000184060,4,3,0.007122553095399374,0.9665063509461097,1,decreasing,0.75,17,0.23529411764705882,ADAP2
ENSG00000184470,4,1,0.0016551052974756498,0.9665063509461097,3,increasing,0.75,10,0.4,TXNRD2
ENSG00000184863,4,1,0.03975916858997085,0.9665063509461097,3,increasing,0.75,9,0.4444444444444444,RBM33
ENSG00000185436,4,3,-0.00711242539161755,0.9665063509461097,1,decreasing,0.75,8,0.5,IFNLR1
ENSG00000186480,4,3,-0.0045991140509532,0.9665063509461097,1,decreasing,0.75,8,0.5,INSIG1
ENSG00000189067,4,3,-0.015532374619151,0.9665063509461097,1,decreasing,0.75,10,0.4,LITAF
ENSG00000189376,4,3,0.0049516084392726995,0.9665063509461097,1,decreasing,0.75,9,0.4444444444444444,C8orf76
ENSG00000196975,4,2,-0.0018122160910532003,0.9665063509461097,2,decreasing,0.5,22,0.18181818181818182,ANXA4
ENSG00000197162,4,4,-0.01773106967475165,0.9665063509461097,0,decreasing,1.0,4,1.0,ZNF785
ENSG00000197451,4,4,-0.0028606108854277498,0.9665063509461097,0,decreasing,1.0,16,0.25,HNRNPAB
ENSG00000197971,4,3,-0.0044054301839470756,0.9665063509461097,1,decreasing,0.75,23,0.17391304347826086,MBP
ENSG00000198369,4,3,0.0014668977291766253,0.9665063509461097,1,decreasing,0.75,9,0.4444444444444444,SPRED2
ENSG00000198668,4,1,0.0012563834520859,0.9665063509461097,3,increasing,0.75,16,0.25,CALM1
ENSG00000203814,4,1,0.0038425199170350754,0.9665063509461097,3,increasing,0.75,8,0.5,H2BC18
ENSG00000204991,4,3,-0.0021932462377338502,0.9665063509461097,1,decreasing,0.75,9,0.4444444444444444,SPIRE2
ENSG00000215252,4,2,0.013466397581142677,0.9665063509461097,2,decreasing,0.5,22,0.18181818181818182,GOLGA8B
ENSG00000221874,4,3,-0.002981256551275625,0.9665063509461097,1,decreasing,0.75,9,0.4444444444444444,ZNF816-ZNF321P
ENSG00000230358,4,2,0.0317779058544867,0.9665063509461097,2,decreasing,0.5,9,0.4444444444444444,SPDYE21P
ENSG00000232119,4,3,-0.004602466083820625,0.9665063509461097,1,decreasing,0.75,17,0.23529411764705882,MCTS1
ENSG00000271605,4,3,-0.003330969973526175,0.9665063509461097,1,decreasing,0.75,17,0.23529411764705882,MILR1
ENSG00000272333,4,4,-0.0313784254852126,0.9665063509461097,0,decreasing,1.0,7,0.5714285714285714,KMT2B
ENSG00000274322,4,2,0.00200778687287745,0.9665063509461097,2,decreasing,0.5,16,0.25,AL136531.2
ENSG00000277443,4,3,-0.0017711848805101,0.9665063509461097,1,decreasing,0.75,4,1.0,MARCKS
ENSG00000279170,4,3,-0.009201278112811326,0.9665063509461097,1,decreasing,0.75,4,1.0,TSTD3
ENSG00000287542,4,4,-0.01138019383462055,0.9665063509461097,0,decreasing,1.0,24,0.16666666666666666,AC098582.1
ENSG00000067334,4,4,-0.07952557165565656,0.9615124735378855,0,decreasing,1.0,8,0.5,DNTTIP2
ENSG00000099385,4,3,-0.008084515548956225,0.9615124735378855,1,decreasing,0.75,6,0.6666666666666666,BCL7C
ENSG00000132122,4,4,-0.0083167898971117,0.9615124735378855,0,decreasing,1.0,21,0.19047619047619047,SPATA6
ENSG00000137522,4,4,-0.006737713811151225,0.9615124735378855,0,decreasing,1.0,7,0.5714285714285714,RNF121
ENSG00000144579,4,3,-0.0382601763846524,0.9615124735378855,1,decreasing,0.75,6,0.6666666666666666,CTDSP1
ENSG00000151148,4,3,-0.004349108647825525,0.9615124735378855,1,decreasing,0.75,8,0.5,UBE3B
ENSG00000152583,4,4,-0.0021322954308731,0.9615124735378855,0,decreasing,1.0,7,0.5714285714285714,SPARCL1
ENSG00000179526,4,4,-0.00458029647127325,0.9615124735378855,0,decreasing,1.0,8,0.5,SHARPIN
ENSG00000241058,4,4,-0.0024140074820498247,0.9615124735378855,0,decreasing,1.0,9,0.4444444444444444,NSUN6
ENSG00000006652,4,4,-0.013482971886190302,0.9536771754587382,0,decreasing,1.0,9,0.4444444444444444,IFRD1
ENSG00000036257,4,4,-0.0018188210571330001,0.9536771754587382,0,decreasing,1.0,24,0.16666666666666666,CUL3
ENSG00000046651,4,2,0.0008227204282059502,0.9536771754587382,2,decreasing,0.5,10,0.4,OFD1
ENSG00000053371,4,4,-0.006046665505851076,0.9536771754587382,0,decreasing,1.0,15,0.26666666666666666,AKR7A2
ENSG00000071051,4,3,-0.007754819550622175,0.9536771754587382,1,decreasing,0.75,9,0.4444444444444444,NCK2
ENSG00000072415,4,4,-0.007972043940252225,0.9536771754587382,0,decreasing,1.0,9,0.4444444444444444,MPP5
ENSG00000099783,4,4,-0.005135039670243975,0.9536771754587382,0,decreasing,1.0,16,0.25,HNRNPM
ENSG00000100263,4,4,-0.026325640179201,0.9536771754587382,0,decreasing,1.0,6,0.6666666666666666,RHBDD3
ENSG00000103226,4,3,-0.0032970515354178,0.9536771754587382,1,decreasing,0.75,16,0.25,NOMO3
ENSG00000104731,4,4,-0.013286955792890173,0.9536771754587382,0,decreasing,1.0,9,0.4444444444444444,KLHDC4
ENSG00000104774,4,3,-0.005343910499513175,0.9536771754587382,1,decreasing,0.75,8,0.5,MAN2B1
ENSG00000105708,4,2,0.003062495753938425,0.9536771754587382,2,decreasing,0.5,10,0.4,ZNF14
ENSG00000108091,4,3,-0.001495783280354325,0.9536771754587382,1,decreasing,0.75,9,0.4444444444444444,CCDC6
ENSG00000109452,4,2,0.01952818745852035,0.9536771754587382,2,decreasing,0.5,24,0.16666666666666666,INPP4B
ENSG00000115275,4,4,-0.003948387532136725,0.9536771754587382,0,decreasing,1.0,14,0.2857142857142857,MOGS
ENSG00000115875,4,2,0.0038125352658714747,0.9536771754587382,2,decreasing,0.5,8,0.5,SRSF7
ENSG00000116711,4,3,-0.002915465240263375,0.9536771754587382,1,decreasing,0.75,14,0.2857142857142857,PLA2G4A
ENSG00000120539,4,3,-0.006964162160168,0.9536771754587382,1,decreasing,0.75,10,0.4,MASTL
ENSG00000124733,4,2,-0.0007209661368395,0.9536771754587382,2,decreasing,0.5,14,0.2857142857142857,MEA1
ENSG00000124784,4,3,-0.007969493003812425,0.9536771754587382,1,decreasing,0.75,14,0.2857142857142857,RIOK1
ENSG00000133019,4,4,-0.0028627850817148246,0.9536771754587382,0,decreasing,1.0,20,0.2,CHRM3
ENSG00000136938,4,4,-0.007436843220238425,0.9536771754587382,0,decreasing,1.0,8,0.5,ANP32B
ENSG00000139112,4,4,-0.01224099380815295,0.9536771754587382,0,decreasing,1.0,6,0.6666666666666666,GABARAPL1
ENSG00000140199,4,3,-0.0039960778475802,0.9536771754587382,1,decreasing,0.75,21,0.19047619047619047,SLC12A6
ENSG00000140350,4,2,0.004592422456069075,0.9536771754587382,2,decreasing,0.5,7,0.5714285714285714,ANP32A
ENSG00000145990,4,3,-0.00132133873458595,0.9536771754587382,1,decreasing,0.75,9,0.4444444444444444,GFOD1
ENSG00000146072,4,4,-0.0083979661364841,0.9536771754587382,0,decreasing,1.0,7,0.5714285714285714,TNFRSF21
ENSG00000148516,4,4,-0.009607839671576749,0.9536771754587382,0,decreasing,1.0,9,0.4444444444444444,ZEB1
ENSG00000149313,4,2,0.0019404982701139,0.9536771754587382,2,decreasing,0.5,8,0.5,AASDHPPT
ENSG00000149489,4,4,-0.0032415456534392,0.9536771754587382,0,decreasing,1.0,15,0.26666666666666666,ROM1
ENSG00000150401,4,4,-0.0074214657026978005,0.9536771754587382,0,decreasing,1.0,17,0.23529411764705882,DCUN1D2
ENSG00000150459,4,3,-0.024258363831711774,0.9536771754587382,1,decreasing,0.75,6,0.6666666666666666,SAP18
ENSG00000151276,4,2,0.0060506615157076,0.9536771754587382,2,decreasing,0.5,8,0.5,MAGI1
ENSG00000152683,4,1,0.0075774938417263,0.9536771754587382,3,increasing,0.75,10,0.4,SLC30A6
ENSG00000152904,4,3,0.00028052820777895024,0.9536771754587382,1,decreasing,0.75,9,0.4444444444444444,GGPS1
ENSG00000153066,4,1,0.007562510127930225,0.9536771754587382,3,increasing,0.75,10,0.4,TXNDC11
ENSG00000156273,4,3,-0.0005246251043315,0.9536771754587382,1,decreasing,0.75,19,0.21052631578947367,BACH1
ENSG00000160221,4,3,-0.00030068711008114993,0.9536771754587382,1,decreasing,0.75,16,0.25,GATD3A
ENSG00000163472,4,4,-0.005203882127091675,0.9536771754587382,0,decreasing,1.0,8,0.5,TMEM79
ENSG00000164615,4,1,0.0023532497062836253,0.9536771754587382,3,increasing,0.75,15,0.26666666666666666,CAMLG
ENSG00000164970,4,4,-0.0873857608490779,0.9536771754587382,0,decreasing,1.0,7,0.5714285714285714,FAM219A
ENSG00000164983,4,4,-0.0345473557060187,0.9536771754587382,0,decreasing,1.0,10,0.4,TMEM65
ENSG00000167613,4,4,-0.01387995834759095,0.9536771754587382,0,decreasing,1.0,14,0.2857142857142857,LAIR1
ENSG00000169062,4,4,-0.003448627758588775,0.9536771754587382,0,decreasing,1.0,16,0.25,UPF3A
ENSG00000169203,4,4,-0.016835226667658774,0.9536771754587382,0,decreasing,1.0,8,0.5,NPIPB12
ENSG00000169967,4,4,-0.017732943222538274,0.9536771754587382,0,decreasing,1.0,10,0.4,MAP3K2
ENSG00000171729,4,2,8.706260579925012e-05,0.9536771754587382,2,decreasing,0.5,6,0.6666666666666666,TMEM51
ENSG00000172262,4,3,-0.0026144422645292247,0.9536771754587382,1,decreasing,0.75,24,0.16666666666666666,ZNF131
ENSG00000173064,4,4,-0.0036478047510404253,0.9536771754587382,0,decreasing,1.0,10,0.4,HECTD4
ENSG00000173818,4,3,-0.00097800792874865,0.9536771754587382,1,decreasing,0.75,9,0.4444444444444444,ENDOV
ENSG00000174840,4,2,0.0006879480632147251,0.9536771754587382,2,decreasing,0.5,9,0.4444444444444444,PDE12
ENSG00000175197,4,3,-0.0034237229857744,0.9536771754587382,1,decreasing,0.75,14,0.2857142857142857,DDIT3
ENSG00000177954,4,3,-0.03166422977469342,0.9536771754587382,1,decreasing,0.75,14,0.2857142857142857,RPS27
ENSG00000183207,4,3,-0.0011482127001723995,0.9536771754587382,1,decreasing,0.75,7,0.5714285714285714,RUVBL2
ENSG00000185989,4,3,-0.0510363122631895,0.9536771754587382,1,decreasing,0.75,16,0.25,RASA3
ENSG00000186283,4,4,-0.008951822580417275,0.9536771754587382,0,decreasing,1.0,10,0.4,TOR3A
ENSG00000186834,4,4,-0.0362281701270833,0.9536771754587382,0,decreasing,1.0,7,0.5714285714285714,HEXIM1
ENSG00000196419,4,2,0.0009212166793808501,0.9536771754587382,2,decreasing,0.5,9,0.4444444444444444,XRCC6
ENSG00000204397,4,3,-0.002328604014774875,0.9536771754587382,1,decreasing,0.75,10,0.4,CARD16
ENSG00000204767,4,4,-0.006192895957959851,0.9536771754587382,0,decreasing,1.0,15,0.26666666666666666,INSYN2B
ENSG00000213190,4,3,-0.029444227807987826,0.9536771754587382,1,decreasing,0.75,6,0.6666666666666666,MLLT11
ENSG00000214756,4,4,-0.02103302969925945,0.9536771754587382,0,decreasing,1.0,8,0.5,CSKMT
ENSG00000243927,4,3,-0.011025300910832399,0.9536771754587382,1,decreasing,0.75,10,0.4,MRPS6
ENSG00000243943,4,4,-0.002477991318393675,0.9536771754587382,0,decreasing,1.0,17,0.23529411764705882,ZNF512
ENSG00000264187,4,4,-0.007318367182987701,0.9536771754587382,0,decreasing,1.0,16,0.25,AC055811.2
ENSG00000276231,4,4,-0.0188920004009676,0.9536771754587382,0,decreasing,1.0,8,0.5,PIK3R6
ENSG00000087053,4,3,0.015162793463852298,0.9408479999713667,1,decreasing,0.75,6,0.6666666666666666,MTMR2
ENSG00000100393,4,3,-0.00850688632903405,0.9408479999713667,1,decreasing,0.75,8,0.5,EP300
ENSG00000102393,4,4,-0.0093432797725136,0.9408479999713667,0,decreasing,1.0,9,0.4444444444444444,GLA
ENSG00000103569,4,4,-0.003469226883024075,0.9408479999713667,0,decreasing,1.0,22,0.18181818181818182,AQP9
ENSG00000129534,4,4,-0.00391498083268535,0.9408479999713667,0,decreasing,1.0,24,0.16666666666666666,MIS18BP1
ENSG00000130021,4,4,-0.0203734158967727,0.9408479999713667,0,decreasing,1.0,9,0.4444444444444444,PUDP
ENSG00000151376,4,3,-0.001497733526651925,0.9408479999713667,1,decreasing,0.75,19,0.21052631578947367,ME3
ENSG00000157869,4,2,0.0156699719854447,0.9408479999713667,2,decreasing,0.5,7,0.5714285714285714,RAB28
ENSG00000158079,4,4,-0.004856997071160575,0.9408479999713667,0,decreasing,1.0,19,0.21052631578947367,PTPDC1
ENSG00000164120,4,4,-0.001363435437585525,0.9408479999713667,0,decreasing,1.0,18,0.2222222222222222,HPGD
ENSG00000177150,4,4,-0.019129707360530553,0.9408479999713667,0,decreasing,1.0,7,0.5714285714285714,FAM210A
ENSG00000177889,4,4,-0.0037491514923055497,0.9408479999713667,0,decreasing,1.0,9,0.4444444444444444,UBE2N
ENSG00000184428,4,4,-0.004750619099793475,0.9408479999713667,0,decreasing,1.0,14,0.2857142857142857,TOP1MT
ENSG00000206561,4,4,-0.0078195709988692,0.9408479999713667,0,decreasing,1.0,14,0.2857142857142857,COLQ
ENSG00000215717,4,2,0.012423262907461674,0.9408479999713667,2,decreasing,0.5,6,0.6666666666666666,TMEM167B
ENSG00000219481,4,2,-0.05386969748549428,0.9408479999713667,2,decreasing,0.5,7,0.5714285714285714,NBPF1
ENSG00000258465,4,2,-0.0009747983118186501,0.9408479999713667,2,decreasing,0.5,7,0.5714285714285714,AL139011.2
ENSG00000268750,4,4,-0.010271629319146075,0.9408479999713667,0,decreasing,1.0,8,0.5,AC010522.1
ENSG00000273559,4,4,-0.018498902092961074,0.9408479999713667,0,decreasing,1.0,9,0.4444444444444444,CWC25
ENSG00000004478,4,1,0.0059844718133641,0.9330127018922194,3,increasing,0.75,5,0.8,FKBP4
ENSG00000005075,4,4,-0.0050008745984687,0.9330127018922194,0,decreasing,1.0,9,0.4444444444444444,POLR2J
ENSG00000006625,4,3,2.9209644534259824e-06,0.9330127018922194,1,decreasing,0.75,20,0.2,GGCT
ENSG00000014824,4,3,-0.003751310796842175,0.9330127018922194,1,decreasing,0.75,9,0.4444444444444444,SLC30A9
ENSG00000038945,4,4,-0.004832459622186975,0.9330127018922194,0,decreasing,1.0,24,0.16666666666666666,MSR1
ENSG00000049167,4,3,-0.005393153108468225,0.9330127018922194,1,decreasing,0.75,4,1.0,ERCC8
ENSG00000050748,4,3,-0.004453991048263875,0.9330127018922194,1,decreasing,0.75,4,1.0,MAPK9
ENSG00000052723,4,1,0.00721426763052925,0.9330127018922194,3,increasing,0.75,7,0.5714285714285714,SIKE1
ENSG00000058063,4,4,-0.008878194326442799,0.9330127018922194,0,decreasing,1.0,10,0.4,ATP11B
ENSG00000062598,4,1,0.004798999571306175,0.9330127018922194,3,increasing,0.75,20,0.2,ELMO2
ENSG00000065485,4,4,-0.003336210683135925,0.9330127018922194,0,decreasing,1.0,9,0.4444444444444444,PDIA5
ENSG00000070501,4,1,-0.0035123246303936755,0.9330127018922194,3,increasing,0.75,9,0.4444444444444444,POLB
ENSG00000071282,4,3,-0.0144349238023467,0.9330127018922194,1,decreasing,0.75,4,1.0,LMCD1
ENSG00000071462,4,4,-0.003955236298778225,0.9330127018922194,0,decreasing,1.0,16,0.25,BUD23
ENSG00000073737,4,4,-0.00341060827933945,0.9330127018922194,0,decreasing,1.0,14,0.2857142857142857,DHRS9
ENSG00000074621,4,2,0.0377146843435352,0.9330127018922194,2,decreasing,0.5,5,0.8,SLC24A1
ENSG00000075975,4,3,0.0118557713933738,0.9330127018922194,1,decreasing,0.75,9,0.4444444444444444,MKRN2
ENSG00000077157,4,4,-0.0031445630529471002,0.9330127018922194,0,decreasing,1.0,5,0.8,PPP1R12B
ENSG00000082068,4,4,-0.00541219956984185,0.9330127018922194,0,decreasing,1.0,19,0.21052631578947367,WDR70
ENSG00000085982,4,4,-0.008142138410389275,0.9330127018922194,0,decreasing,1.0,15,0.26666666666666666,USP40
ENSG00000087301,4,2,0.006679537694944476,0.9330127018922194,2,decreasing,0.5,5,0.8,TXNDC16
ENSG00000089639,4,4,-0.020175797098976475,0.9330127018922194,0,decreasing,1.0,8,0.5,GMIP
ENSG00000090857,4,4,-0.0154896908003458,0.9330127018922194,0,decreasing,1.0,4,1.0,PDPR
ENSG00000093183,4,2,0.0050120447849987,0.9330127018922194,2,decreasing,0.5,9,0.4444444444444444,SEC22C
ENSG00000094880,4,4,-0.0038331700370145003,0.9330127018922194,0,decreasing,1.0,15,0.26666666666666666,CDC23
ENSG00000096060,4,3,-0.00702739416792695,0.9330127018922194,1,decreasing,0.75,10,0.4,FKBP5
ENSG00000100028,4,2,0.00370413990985525,0.9330127018922194,2,decreasing,0.5,15,0.26666666666666666,SNRPD3
ENSG00000100567,4,3,-0.00611404647744685,0.9330127018922194,1,decreasing,0.75,16,0.25,PSMA3
ENSG00000100605,4,4,-0.008430732277815975,0.9330127018922194,0,decreasing,1.0,10,0.4,ITPK1
ENSG00000100897,4,3,0.0118838865681919,0.9330127018922194,1,decreasing,0.75,15,0.26666666666666666,DCAF11
ENSG00000100916,4,4,-0.0090988799116006,0.9330127018922194,0,decreasing,1.0,4,1.0,BRMS1L
ENSG00000101146,4,3,-0.00346159498722425,0.9330127018922194,1,decreasing,0.75,17,0.23529411764705882,RAE1
ENSG00000102606,4,4,-0.004979183002736175,0.9330127018922194,0,decreasing,1.0,5,0.8,ARHGEF7
ENSG00000102931,4,4,-0.016355064004903976,0.9330127018922194,0,decreasing,1.0,7,0.5714285714285714,ARL2BP
ENSG00000103707,4,4,-0.00290552640324405,0.9330127018922194,0,decreasing,1.0,17,0.23529411764705882,MTFMT
ENSG00000103855,4,3,-0.0007005864982119244,0.9330127018922194,1,decreasing,0.75,17,0.23529411764705882,CD276
ENSG00000104381,4,2,0.00037805733834585025,0.9330127018922194,2,decreasing,0.5,4,1.0,GDAP1
ENSG00000104689,4,2,0.002588026308480074,0.9330127018922194,2,decreasing,0.5,4,1.0,TNFRSF10A
ENSG00000104804,4,2,0.0043681374423243,0.9330127018922194,2,decreasing,0.5,15,0.26666666666666666,TULP2
ENSG00000108443,4,1,0.003483779479026025,0.9330127018922194,3,increasing,0.75,24,0.16666666666666666,RPS6KB1
ENSG00000109099,4,3,-0.04408191739611797,0.9330127018922194,1,decreasing,0.75,19,0.21052631578947367,PMP22
ENSG00000110046,4,4,-0.024670008936030274,0.9330127018922194,0,decreasing,1.0,16,0.25,ATG2A
ENSG00000111224,4,3,0.00032059299791640004,0.9330127018922194,1,decreasing,0.75,15,0.26666666666666666,PARP11
ENSG00000111237,4,2,-0.00015611411187504975,0.9330127018922194,2,decreasing,0.5,21,0.19047619047619047,VPS29
ENSG00000111670,4,2,0.0015594547156480999,0.9330127018922194,2,decreasing,0.5,17,0.23529411764705882,GNPTAB
ENSG00000112078,4,4,-0.010675016038644724,0.9330127018922194,0,decreasing,1.0,4,1.0,KCTD20
ENSG00000112343,4,4,-0.002878647207018825,0.9330127018922194,0,decreasing,1.0,20,0.2,TRIM38
ENSG00000113068,4,4,-0.004232004419619625,0.9330127018922194,0,decreasing,1.0,5,0.8,PFDN1
ENSG00000114354,4,3,0.0014342784076975998,0.9330127018922194,1,decreasing,0.75,8,0.5,TFG
ENSG00000114738,4,4,-0.03485342324594162,0.9330127018922194,0,decreasing,1.0,5,0.8,MAPKAPK3
ENSG00000114841,4,3,-0.008360445462633849,0.9330127018922194,1,decreasing,0.75,14,0.2857142857142857,DNAH1
ENSG00000115282,4,4,-0.004388148245394449,0.9330127018922194,0,decreasing,1.0,4,1.0,TTC31
ENSG00000115365,4,3,-0.022919510197355598,0.9330127018922194,1,decreasing,0.75,4,1.0,LANCL1
ENSG00000116044,4,4,-0.003656957834248575,0.9330127018922194,0,decreasing,1.0,24,0.16666666666666666,NFE2L2
ENSG00000116205,4,3,-0.002325044309126275,0.9330127018922194,1,decreasing,0.75,14,0.2857142857142857,TCEANC2
ENSG00000117360,4,4,-0.0035885218237482752,0.9330127018922194,0,decreasing,1.0,4,1.0,PRPF3
ENSG00000120333,4,4,-0.03292069177751478,0.9330127018922194,0,decreasing,1.0,4,1.0,MRPS14
ENSG00000121644,4,2,0.00848033181969145,0.9330127018922194,2,decreasing,0.5,5,0.8,DESI2
ENSG00000122203,4,4,-0.0039918639957219,0.9330127018922194,0,decreasing,1.0,4,1.0,KIAA1191
ENSG00000123219,4,4,-0.00165703159441675,0.9330127018922194,0,decreasing,1.0,14,0.2857142857142857,CENPK
ENSG00000124535,4,1,-0.0007501241686258501,0.9330127018922194,3,increasing,0.75,14,0.2857142857142857,WRNIP1
ENSG00000125445,4,4,-0.006766010693026776,0.9330127018922194,0,decreasing,1.0,5,0.8,MRPS7
ENSG00000125611,4,4,-0.0033474380527709247,0.9330127018922194,0,decreasing,1.0,14,0.2857142857142857,CHCHD5
ENSG00000125731,4,1,0.013614195427085526,0.9330127018922194,3,increasing,0.75,4,1.0,SH2D3A
ENSG00000126261,4,2,0.0012300862787039248,0.9330127018922194,2,decreasing,0.5,10,0.4,UBA2
ENSG00000126767,4,4,-0.00355286742209435,0.9330127018922194,0,decreasing,1.0,17,0.23529411764705882,ELK1
ENSG00000130052,4,4,-0.003098806915583725,0.9330127018922194,0,decreasing,1.0,14,0.2857142857142857,STARD8
ENSG00000130119,4,1,0.06701271869139577,0.9330127018922194,3,increasing,0.75,19,0.21052631578947367,GNL3L
ENSG00000130714,4,4,-0.002470578086862625,0.9330127018922194,0,decreasing,1.0,14,0.2857142857142857,POMT1
ENSG00000131174,4,4,-0.018516563654766727,0.9330127018922194,0,decreasing,1.0,4,1.0,COX7B
ENSG00000131378,4,3,-0.03490913467491667,0.9330127018922194,1,decreasing,0.75,5,0.8,RFTN1
ENSG00000132005,4,4,-0.007904572045606299,0.9330127018922194,0,decreasing,1.0,5,0.8,RFX1
ENSG00000132305,4,3,-0.003820350255302025,0.9330127018922194,1,decreasing,0.75,5,0.8,IMMT
ENSG00000132405,4,4,-0.002448374341307475,0.9330127018922194,0,decreasing,1.0,16,0.25,TBC1D14
ENSG00000134905,4,4,-0.01187181633786575,0.9330127018922194,0,decreasing,1.0,4,1.0,CARS2
ENSG00000135045,4,4,-0.005183824836215925,0.9330127018922194,0,decreasing,1.0,15,0.26666666666666666,C9orf40
ENSG00000136861,4,4,-0.0029079353185357004,0.9330127018922194,0,decreasing,1.0,15,0.26666666666666666,CDK5RAP2
ENSG00000138382,4,4,-0.002186096786188375,0.9330127018922194,0,decreasing,1.0,20,0.2,METTL5
ENSG00000138821,4,4,-0.0049349148198146505,0.9330127018922194,0,decreasing,1.0,9,0.4444444444444444,SLC39A8
ENSG00000139278,4,2,0.0014295377738304253,0.9330127018922194,2,decreasing,0.5,17,0.23529411764705882,GLIPR1
ENSG00000139324,4,4,-0.006709461764999775,0.9330127018922194,0,decreasing,1.0,16,0.25,TMTC3
ENSG00000139624,4,2,-0.000468433856479475,0.9330127018922194,2,decreasing,0.5,15,0.26666666666666666,CERS5
ENSG00000139641,4,3,-0.0008750321728064499,0.9330127018922194,1,decreasing,0.75,14,0.2857142857142857,ESYT1
ENSG00000140987,4,4,-0.003731885678774175,0.9330127018922194,0,decreasing,1.0,16,0.25,ZSCAN32
ENSG00000143119,4,0,0.0446446719795192,0.9330127018922194,4,increasing,1.0,24,0.16666666666666666,CD53
ENSG00000143514,4,3,-0.017331108830426375,0.9330127018922194,1,decreasing,0.75,9,0.4444444444444444,TP53BP2
ENSG00000144040,4,3,-0.00566241643057815,0.9330127018922194,1,decreasing,0.75,15,0.26666666666666666,SFXN5
ENSG00000144445,4,3,0.0016952385155967501,0.9330127018922194,1,decreasing,0.75,19,0.21052631578947367,KANSL1L
ENSG00000144747,4,4,-0.002984179212219375,0.9330127018922194,0,decreasing,1.0,17,0.23529411764705882,TMF1
ENSG00000144749,4,3,-0.006076528898566875,0.9330127018922194,1,decreasing,0.75,5,0.8,LRIG1
ENSG00000145191,4,3,0.006861329663587202,0.9330127018922194,1,decreasing,0.75,7,0.5714285714285714,EIF2B5
ENSG00000145996,4,4,-0.016444443853368323,0.9330127018922194,0,decreasing,1.0,10,0.4,CDKAL1
ENSG00000146463,4,3,-0.0029187336425957502,0.9330127018922194,1,decreasing,0.75,10,0.4,ZMYM4
ENSG00000146592,4,2,0.00228414720247915,0.9330127018922194,2,decreasing,0.5,21,0.19047619047619047,CREB5
ENSG00000146802,4,4,-0.00822900721965125,0.9330127018922194,0,decreasing,1.0,4,1.0,TMEM168
ENSG00000147443,4,4,-0.0014114339644755501,0.9330127018922194,0,decreasing,1.0,21,0.19047619047619047,DOK2
ENSG00000149089,4,4,-0.002729291166637875,0.9330127018922194,0,decreasing,1.0,15,0.26666666666666666,APIP
ENSG00000151725,4,4,-0.02130845305414675,0.9330127018922194,0,decreasing,1.0,9,0.4444444444444444,CENPU
ENSG00000151929,4,4,-0.012033884351083025,0.9330127018922194,0,decreasing,1.0,9,0.4444444444444444,BAG3
ENSG00000154479,4,2,2.9142776556350053e-05,0.9330127018922194,2,decreasing,0.5,20,0.2,CCDC173
ENSG00000154814,4,4,-0.004781733179433374,0.9330127018922194,0,decreasing,1.0,18,0.2222222222222222,OXNAD1
ENSG00000155304,4,4,-0.0014292704183902002,0.9330127018922194,0,decreasing,1.0,14,0.2857142857142857,HSPA13
ENSG00000155906,4,4,-0.002953369268369325,0.9330127018922194,0,decreasing,1.0,22,0.18181818181818182,RMND1
ENSG00000156030,4,4,-0.013115458224596725,0.9330127018922194,0,decreasing,1.0,4,1.0,ELMSAN1
ENSG00000157106,4,3,0.0010123842376533248,0.9330127018922194,1,decreasing,0.75,5,0.8,SMG1
ENSG00000157426,4,4,-0.005219555402538725,0.9330127018922194,0,decreasing,1.0,14,0.2857142857142857,AASDH
ENSG00000159788,4,3,-0.002220376760599275,0.9330127018922194,1,decreasing,0.75,17,0.23529411764705882,RGS12
ENSG00000160013,4,4,-0.007282819971288425,0.9330127018922194,0,decreasing,1.0,4,1.0,PTGIR
ENSG00000160953,4,4,-0.010192637782281626,0.9330127018922194,0,decreasing,1.0,5,0.8,PWWP3A
ENSG00000160999,4,2,0.005039823200115525,0.9330127018922194,2,decreasing,0.5,14,0.2857142857142857,SH2B2
ENSG00000162222,4,4,-0.017333758107924525,0.9330127018922194,0,decreasing,1.0,4,1.0,TTC9C
ENSG00000163219,4,3,-0.0016533173769022,0.9330127018922194,1,decreasing,0.75,16,0.25,ARHGAP25
ENSG00000163534,4,4,-0.0028394626668255,0.9330127018922194,0,decreasing,1.0,14,0.2857142857142857,FCRL1
ENSG00000163872,4,4,-0.009459056430191525,0.9330127018922194,0,decreasing,1.0,5,0.8,YEATS2
ENSG00000163932,4,3,-0.0094768003558295,0.9330127018922194,1,decreasing,0.75,5,0.8,PRKCD
ENSG00000164494,4,4,-0.013928378282009976,0.9330127018922194,0,decreasing,1.0,22,0.18181818181818182,PDSS2
ENSG00000164741,4,4,-0.01572422998857705,0.9330127018922194,0,decreasing,1.0,4,1.0,DLC1
ENSG00000165417,4,4,-0.019428187177292274,0.9330127018922194,0,decreasing,1.0,8,0.5,GTF2A1
ENSG00000166164,4,3,-0.004417000139458325,0.9330127018922194,1,decreasing,0.75,22,0.18181818181818182,BRD7
ENSG00000167186,4,4,-0.0070409826914989496,0.9330127018922194,0,decreasing,1.0,4,1.0,COQ7
ENSG00000167460,4,3,0.0038724123447972988,0.9330127018922194,1,decreasing,0.75,9,0.4444444444444444,TPM4
ENSG00000167904,4,2,-0.0272119171821218,0.9330127018922194,2,decreasing,0.5,18,0.2222222222222222,TMEM68
ENSG00000168028,4,4,-0.0177638187762086,0.9330127018922194,0,decreasing,1.0,7,0.5714285714285714,RPSA
ENSG00000168259,4,4,-0.005086466216944225,0.9330127018922194,0,decreasing,1.0,16,0.25,DNAJC7
ENSG00000168538,4,4,-0.01287238914519755,0.9330127018922194,0,decreasing,1.0,20,0.2,TRAPPC11
ENSG00000169093,4,2,-0.0011089318065462001,0.9330127018922194,2,decreasing,0.5,22,0.18181818181818182,ASMTL
ENSG00000171136,4,4,-0.010967749122548248,0.9330127018922194,0,decreasing,1.0,5,0.8,RLN3
ENSG00000171530,4,4,-0.004182767674980225,0.9330127018922194,0,decreasing,1.0,23,0.17391304347826086,TBCA
ENSG00000171714,4,4,-0.003011800316177225,0.9330127018922194,0,decreasing,1.0,14,0.2857142857142857,ANO5
ENSG00000172053,4,2,0.005647636583197151,0.9330127018922194,2,decreasing,0.5,7,0.5714285714285714,QARS1
ENSG00000173406,4,3,-0.004688006100346875,0.9330127018922194,1,decreasing,0.75,5,0.8,DAB1
ENSG00000174004,4,4,-0.001779235388592275,0.9330127018922194,0,decreasing,1.0,17,0.23529411764705882,NRROS
ENSG00000177082,4,4,-0.07787482457745623,0.9330127018922194,0,decreasing,1.0,7,0.5714285714285714,WDR73
ENSG00000177628,4,3,-0.003143545074305725,0.9330127018922194,1,decreasing,0.75,14,0.2857142857142857,GBA
ENSG00000179271,4,4,-0.007192385910637325,0.9330127018922194,0,decreasing,1.0,9,0.4444444444444444,GADD45GIP1
ENSG00000182287,4,4,-0.001527529831231025,0.9330127018922194,0,decreasing,1.0,16,0.25,AP1S2
ENSG00000182944,4,4,-0.002672661494285425,0.9330127018922194,0,decreasing,1.0,10,0.4,EWSR1
ENSG00000183336,4,3,0.006769528773806724,0.9330127018922194,1,decreasing,0.75,5,0.8,BOLA2
ENSG00000184371,4,4,-0.0107184489717703,0.9330127018922194,0,decreasing,1.0,19,0.21052631578947367,CSF1
ENSG00000184635,4,4,-0.00428020073195575,0.9330127018922194,0,decreasing,1.0,14,0.2857142857142857,ZNF93
ENSG00000184743,4,3,0.00036671877142502524,0.9330127018922194,1,decreasing,0.75,20,0.2,ATL3
ENSG00000185624,4,1,0.0127518347262491,0.9330127018922194,3,increasing,0.75,15,0.26666666666666666,P4HB
ENSG00000185917,4,2,-0.001906900012839125,0.9330127018922194,2,decreasing,0.5,15,0.26666666666666666,SETD4
ENSG00000188659,4,4,-0.00465379081952525,0.9330127018922194,0,decreasing,1.0,14,0.2857142857142857,SAXO2
ENSG00000196550,4,3,-0.001132467927326325,0.9330127018922194,1,decreasing,0.75,17,0.23529411764705882,FAM72A
ENSG00000197448,4,3,-0.0011690068222401,0.9330127018922194,1,decreasing,0.75,15,0.26666666666666666,GSTK1
ENSG00000198286,4,3,-0.014957991858923825,0.9330127018922194,1,decreasing,0.75,8,0.5,CARD11
ENSG00000198689,4,4,-0.003927750782041475,0.9330127018922194,0,decreasing,1.0,15,0.26666666666666666,SLC9A6
ENSG00000198836,4,4,-0.026263117571416528,0.9330127018922194,0,decreasing,1.0,8,0.5,OPA1
ENSG00000198856,4,4,-0.011765269397213049,0.9330127018922194,0,decreasing,1.0,5,0.8,OSTC
ENSG00000204104,4,3,8.261025009667503e-05,0.9330127018922194,1,decreasing,0.75,15,0.26666666666666666,TRAF3IP1
ENSG00000204256,4,4,-0.003418740406360075,0.9330127018922194,0,decreasing,1.0,20,0.2,BRD2
ENSG00000213064,4,3,-0.01449204911781635,0.9330127018922194,1,decreasing,0.75,21,0.19047619047619047,SFT2D2
ENSG00000213380,4,2,0.0002830223127301,0.9330127018922194,2,decreasing,0.5,18,0.2222222222222222,COG8
ENSG00000214413,4,4,-0.00835538059399875,0.9330127018922194,0,decreasing,1.0,9,0.4444444444444444,BBIP1
ENSG00000226124,4,4,-0.00348224653497655,0.9330127018922194,0,decreasing,1.0,14,0.2857142857142857,FTCDNL1
ENSG00000235750,4,2,0.006257435173632325,0.9330127018922194,2,decreasing,0.5,5,0.8,KIAA0040
ENSG00000258881,4,3,-0.0032313973277878,0.9330127018922194,1,decreasing,0.75,14,0.2857142857142857,AC007040.2
ENSG00000273749,4,4,-0.0100004233071607,0.9330127018922194,0,decreasing,1.0,20,0.2,CYFIP1
ENSG00000285441,4,2,-0.0050198565616449255,0.9330127018922194,2,decreasing,0.5,4,1.0,SOD2
ENSG00000119509,4,3,-4.7894548317899425e-05,0.9280188244839952,1,decreasing,0.75,10,0.4,INVS
ENSG00000150991,4,4,-0.00997761200735425,0.9280188244839952,0,decreasing,1.0,6,0.6666666666666666,UBC
ENSG00000204592,4,4,-0.00938382697101455,0.9280188244839952,0,decreasing,1.0,8,0.5,HLA-E
ENSG00000006740,4,4,-0.0088260639496007,0.9201835264048479,0,decreasing,1.0,16,0.25,ARHGAP44
ENSG00000015133,4,4,-0.021168933140217824,0.9201835264048479,0,decreasing,1.0,8,0.5,CCDC88C
ENSG00000073849,4,2,0.004498435474749225,0.9201835264048479,2,decreasing,0.5,17,0.23529411764705882,ST6GAL1
ENSG00000101236,4,4,-0.01069749739503105,0.9201835264048479,0,decreasing,1.0,10,0.4,RNF24
ENSG00000115170,4,4,-0.004042348166306825,0.9201835264048479,0,decreasing,1.0,15,0.26666666666666666,ACVR1
ENSG00000115840,4,2,0.007936868303616475,0.9201835264048479,2,decreasing,0.5,14,0.2857142857142857,SLC25A12
ENSG00000117222,4,3,-0.00887687263337645,0.9201835264048479,1,decreasing,0.75,7,0.5714285714285714,RBBP5
ENSG00000118482,4,4,-0.003183078938403225,0.9201835264048479,0,decreasing,1.0,17,0.23529411764705882,PHF3
ENSG00000120137,4,4,-0.018983507693603477,0.9201835264048479,0,decreasing,1.0,18,0.2222222222222222,PANK3
ENSG00000123472,4,4,-0.00242472289267665,0.9201835264048479,0,decreasing,1.0,15,0.26666666666666666,ATPAF1
ENSG00000129116,4,3,-0.002064248105035,0.9201835264048479,1,decreasing,0.75,8,0.5,PALLD
ENSG00000129295,4,1,0.004228587738211725,0.9201835264048479,3,increasing,0.75,14,0.2857142857142857,LRRC6
ENSG00000130703,4,3,-0.011455545333840975,0.9201835264048479,1,decreasing,0.75,8,0.5,OSBPL2
ENSG00000131845,4,2,0.0018699708351088253,0.9201835264048479,2,decreasing,0.5,7,0.5714285714285714,AC005261.1
ENSG00000134717,4,2,0.0020202522595390003,0.9201835264048479,2,decreasing,0.5,17,0.23529411764705882,BTF3L4
ENSG00000135720,4,2,-0.0017717959937820248,0.9201835264048479,2,decreasing,0.5,7,0.5714285714285714,DYNC1LI2
ENSG00000141699,4,3,-0.00277273143181595,0.9201835264048479,1,decreasing,0.75,8,0.5,RETREG3
ENSG00000143157,4,3,-0.00377171391603295,0.9201835264048479,1,decreasing,0.75,20,0.2,POGK
ENSG00000153898,4,4,-0.009948387188881726,0.9201835264048479,0,decreasing,1.0,9,0.4444444444444444,MCOLN2
ENSG00000159131,4,4,-0.00374464932479805,0.9201835264048479,0,decreasing,1.0,15,0.26666666666666666,GART
ENSG00000163563,4,4,-0.003495783792301475,0.9201835264048479,0,decreasing,1.0,23,0.17391304347826086,MNDA
ENSG00000165355,4,4,-0.008669086044423825,0.9201835264048479,0,decreasing,1.0,9,0.4444444444444444,FBXO33
ENSG00000168303,4,3,0.001403690827097325,0.9201835264048479,1,decreasing,0.75,15,0.26666666666666666,MPLKIP
ENSG00000169439,4,4,-0.000689810223636325,0.9201835264048479,0,decreasing,1.0,20,0.2,SDC2
ENSG00000185250,4,4,-0.008567720534553524,0.9201835264048479,0,decreasing,1.0,7,0.5714285714285714,PPIL6
ENSG00000197265,4,4,-0.006523304592576525,0.9201835264048479,0,decreasing,1.0,9,0.4444444444444444,GTF2E2
ENSG00000214078,4,3,0.001050170896976625,0.9201835264048479,1,decreasing,0.75,10,0.4,CPNE1
ENSG00000085871,4,4,-0.0019274331227925499,0.9073543509174764,0,decreasing,1.0,16,0.25,MGST2
ENSG00000058804,4,4,-0.004863327997845,0.8995190528383291,0,decreasing,1.0,15,0.26666666666666666,NDC1
ENSG00000076770,4,4,-0.0058223260338768745,0.8995190528383291,0,decreasing,1.0,20,0.2,MBNL3
ENSG00000095139,4,4,-0.003076619894619975,0.8995190528383291,0,decreasing,1.0,15,0.26666666666666666,ARCN1
ENSG00000099338,4,3,-0.0007802092898967503,0.8995190528383291,1,decreasing,0.75,5,0.8,CATSPERG
ENSG00000100336,4,4,-0.004824517465467425,0.8995190528383291,0,decreasing,1.0,14,0.2857142857142857,APOL4
ENSG00000105662,4,3,-0.0015510870372937755,0.8995190528383291,1,decreasing,0.75,17,0.23529411764705882,CRTC1
ENSG00000109079,4,2,0.0023845880384152,0.8995190528383291,2,decreasing,0.5,16,0.25,TNFAIP1
ENSG00000109944,4,4,-0.008286203353034101,0.8995190528383291,0,decreasing,1.0,14,0.2857142857142857,JHY
ENSG00000116353,4,4,-0.001890384961933975,0.8995190528383291,0,decreasing,1.0,16,0.25,MECR
ENSG00000119771,4,3,-0.005483131489220075,0.8995190528383291,1,decreasing,0.75,21,0.19047619047619047,KLHL29
ENSG00000121064,4,3,-0.0012274788869085001,0.8995190528383291,1,decreasing,0.75,17,0.23529411764705882,SCPEP1
ENSG00000136404,4,4,-0.0048710166372235245,0.8995190528383291,0,decreasing,1.0,14,0.2857142857142857,TM6SF1
ENSG00000140105,4,4,-0.002839168423094475,0.8995190528383291,0,decreasing,1.0,18,0.2222222222222222,WARS1
ENSG00000145332,4,3,0.002755420514427825,0.8995190528383291,1,decreasing,0.75,16,0.25,KLHL8
ENSG00000146143,4,1,0.004940968701996975,0.8995190528383291,3,increasing,0.75,16,0.25,PRIM2
ENSG00000156162,4,4,-0.0028463791693378497,0.8995190528383291,0,decreasing,1.0,14,0.2857142857142857,DPY19L4
ENSG00000160219,4,2,0.0007016101229270245,0.8995190528383291,2,decreasing,0.5,21,0.19047619047619047,GAB3
ENSG00000162929,4,4,-0.005078036930559701,0.8995190528383291,0,decreasing,1.0,16,0.25,KIAA1841
ENSG00000164035,4,2,0.010410163113910801,0.8995190528383291,2,decreasing,0.5,15,0.26666666666666666,EMCN
ENSG00000172671,4,3,0.0008330733674171498,0.8995190528383291,1,decreasing,0.75,21,0.19047619047619047,ZFAND4
ENSG00000186625,4,4,-0.003570158778972325,0.8995190528383291,0,decreasing,1.0,19,0.21052631578947367,KATNA1
ENSG00000188033,4,2,-0.0003473965497115501,0.8995190528383291,2,decreasing,0.5,18,0.2222222222222222,ZNF490
ENSG00000198746,4,4,-0.002571540036998,0.8995190528383291,0,decreasing,1.0,5,0.8,GPATCH3
ENSG00000232434,4,4,-0.003756509485070225,0.8995190528383291,0,decreasing,1.0,14,0.2857142857142857,AJM1
ENSG00000124126,4,4,-0.0096470249517024,0.899519052838329,0,decreasing,1.0,8,0.5,PREX1
ENSG00000128891,4,4,-0.0045010454398753,0.899519052838329,0,decreasing,1.0,19,0.21052631578947367,CCDC32
ENSG00000131051,4,3,-0.003994318756738325,0.899519052838329,1,decreasing,0.75,8,0.5,RBM39
ENSG00000133835,4,4,-0.002078476824082725,0.899519052838329,0,decreasing,1.0,16,0.25,HSD17B4
ENSG00000166012,4,3,-0.010644179228511423,0.899519052838329,1,decreasing,0.75,10,0.4,TAF1D
ENSG00000170006,4,4,-0.009941909125406125,0.899519052838329,0,decreasing,1.0,8,0.5,TMEM154
ENSG00000175054,4,4,-0.00327455955180775,0.899519052838329,0,decreasing,1.0,23,0.17391304347826086,ATR
ENSG00000184828,4,4,-0.008742130002286026,0.899519052838329,0,decreasing,1.0,21,0.19047619047619047,ZBTB7C
ENSG00000214300,4,2,0.023513746158472675,0.899519052838329,2,decreasing,0.5,8,0.5,SPDYE3
ENSG00000227124,4,4,-0.00376776669665615,0.899519052838329,0,decreasing,1.0,16,0.25,ZNF717
ENSG00000170381,4,4,-0.00209590934764505,0.8866898773509576,0,decreasing,1.0,16,0.25,SEMA3E
ENSG00000003393,3,2,-0.010744164140133733,1.0,1,decreasing,0.6666666666666666,3,1.0,ALS2
ENSG00000010626,3,3,-0.012179430904678467,1.0,0,decreasing,1.0,4,0.75,LRRC23
ENSG00000012174,3,2,-0.0009898623026792994,1.0,1,decreasing,0.6666666666666666,14,0.21428571428571427,MBTPS2
ENSG00000013573,3,3,-0.07273616118706697,1.0,0,decreasing,1.0,14,0.21428571428571427,DDX11
ENSG00000025293,3,3,-0.0319734690829827,1.0,0,decreasing,1.0,10,0.3,PHF20
ENSG00000029993,3,0,0.016144455673568533,1.0,3,increasing,1.0,8,0.375,HMGB3
ENSG00000030419,3,3,-0.0024494602261483332,1.0,0,decreasing,1.0,18,0.16666666666666666,IKZF2
ENSG00000038210,3,3,-0.010949112016893166,1.0,0,decreasing,1.0,5,0.6,PI4K2B
ENSG00000042286,3,3,-0.0067312960062322,1.0,0,decreasing,1.0,7,0.42857142857142855,AIFM2
ENSG00000050426,3,1,0.004714066454026701,1.0,2,increasing,0.6666666666666666,9,0.3333333333333333,LETMD1
ENSG00000059769,3,1,0.0664977613331423,1.0,2,increasing,0.6666666666666666,4,0.75,DNAJC25
ENSG00000061936,3,3,-0.0031047086382519997,1.0,0,decreasing,1.0,10,0.3,SFSWAP
ENSG00000064201,3,3,-0.033330265462876235,1.0,0,decreasing,1.0,8,0.375,TSPAN32
ENSG00000065491,3,2,0.002964234573934601,1.0,1,decreasing,0.6666666666666666,7,0.42857142857142855,TBC1D22B
ENSG00000068383,3,2,-0.0046225053370464,1.0,1,decreasing,0.6666666666666666,9,0.3333333333333333,INPP5A
ENSG00000071967,3,3,-0.009215600009570933,1.0,0,decreasing,1.0,5,0.6,CYBRD1
ENSG00000077935,3,3,-0.014256375765802666,1.0,0,decreasing,1.0,3,1.0,SMC1B
ENSG00000081014,3,3,-0.0026137893655444333,1.0,0,decreasing,1.0,3,1.0,AP4E1
ENSG00000081721,3,3,-0.01757633693289923,1.0,0,decreasing,1.0,4,0.75,DUSP12
ENSG00000085563,3,1,0.0002819377634207143,1.0,2,increasing,0.6666666666666666,18,0.16666666666666666,ABCB1
ENSG00000086232,3,1,0.0084938799099833,1.0,2,increasing,0.6666666666666666,8,0.375,EIF2AK1
ENSG00000090989,3,1,0.0020371701552113334,1.0,2,increasing,0.6666666666666666,19,0.15789473684210525,EXOC1
ENSG00000095574,3,3,-0.02654589603569697,1.0,0,decreasing,1.0,9,0.3333333333333333,IKZF5
ENSG00000100221,3,2,0.15808365800388,1.0,1,decreasing,0.6666666666666666,8,0.375,JOSD1
ENSG00000100227,3,2,-0.0022936377649173333,1.0,1,decreasing,0.6666666666666666,5,0.6,POLDIP3
ENSG00000100239,3,2,-0.006605645671849367,1.0,1,decreasing,0.6666666666666666,10,0.3,PPP6R2
ENSG00000100412,3,2,-0.009534668088082733,1.0,1,decreasing,0.6666666666666666,10,0.3,ACO2
ENSG00000100418,3,1,0.006710636557714866,1.0,2,increasing,0.6666666666666666,7,0.42857142857142855,DESI1
ENSG00000100749,3,2,0.002439589529745766,1.0,1,decreasing,0.6666666666666666,3,1.0,VRK1
ENSG00000101888,3,2,0.0045319751242973326,1.0,1,decreasing,0.6666666666666666,7,0.42857142857142855,NXT2
ENSG00000102241,3,1,0.0070976285153628,1.0,2,increasing,0.6666666666666666,3,1.0,HTATSF1
ENSG00000103550,3,2,-0.0032172906486318334,1.0,1,decreasing,0.6666666666666666,3,1.0,KNOP1
ENSG00000103876,3,1,0.0090424656452099,1.0,2,increasing,0.6666666666666666,14,0.21428571428571427,FAH
ENSG00000104497,3,3,-0.008268430231049334,1.0,0,decreasing,1.0,9,0.3333333333333333,SNX16
ENSG00000105639,3,1,-0.014060875220334538,1.0,2,increasing,0.6666666666666666,9,0.3333333333333333,JAK3
ENSG00000105671,3,2,0.0067147669128936995,1.0,1,decreasing,0.6666666666666666,4,0.75,DDX49
ENSG00000105851,3,3,-0.004794244091981067,1.0,0,decreasing,1.0,10,0.3,PIK3CG
ENSG00000106399,3,1,0.027199881630820932,1.0,2,increasing,0.6666666666666666,8,0.375,RPA3
ENSG00000106526,3,2,-0.0053911893629268,1.0,1,decreasing,0.6666666666666666,5,0.6,ACTR3C
ENSG00000107185,3,0,0.011171108371690034,1.0,3,increasing,1.0,4,0.75,RGP1
ENSG00000107742,3,3,-0.018115470720642433,1.0,0,decreasing,1.0,5,0.6,SPOCK2
ENSG00000108590,3,2,-0.0003033284747561667,1.0,1,decreasing,0.6666666666666666,17,0.17647058823529413,MED31
ENSG00000108953,3,2,-0.0010042382773522334,1.0,1,decreasing,0.6666666666666666,9,0.3333333333333333,YWHAE
ENSG00000111186,3,2,-0.02401134617568783,1.0,1,decreasing,0.6666666666666666,3,1.0,WNT5B
ENSG00000111203,3,3,-0.008518293975916767,1.0,0,decreasing,1.0,5,0.6,ITFG2
ENSG00000111275,3,1,0.013357557512229168,1.0,2,increasing,0.6666666666666666,8,0.375,ALDH2
ENSG00000111897,3,2,-0.009212065252677934,1.0,1,decreasing,0.6666666666666666,9,0.3333333333333333,SERINC1
ENSG00000112561,3,3,-0.005436558159945633,1.0,0,decreasing,1.0,8,0.375,TFEB
ENSG00000113638,3,3,-0.010962876432475331,1.0,0,decreasing,1.0,10,0.3,TTC33
ENSG00000115091,3,2,0.004600180403472066,1.0,1,decreasing,0.6666666666666666,10,0.3,ACTR3
ENSG00000115649,3,1,0.0218561919205806,1.0,2,increasing,0.6666666666666666,8,0.375,CNPPD1
ENSG00000115694,3,1,0.02166639266421017,1.0,2,increasing,0.6666666666666666,5,0.6,STK25
ENSG00000116285,3,0,0.012423112112617601,1.0,3,increasing,1.0,9,0.3333333333333333,ERRFI1
ENSG00000116754,3,3,-0.008157461462354767,1.0,0,decreasing,1.0,5,0.6,SRSF11
ENSG00000117281,3,1,0.0008435145919840665,1.0,2,increasing,0.6666666666666666,6,0.5,CD160
ENSG00000117505,3,2,-0.0166909409131651,1.0,1,decreasing,0.6666666666666666,7,0.42857142857142855,DR1
ENSG00000118600,3,1,0.001594248632336567,1.0,2,increasing,0.6666666666666666,3,1.0,RXYLT1
ENSG00000119720,3,3,-0.008815617584498834,1.0,0,decreasing,1.0,16,0.1875,NRDE2
ENSG00000120053,3,1,0.0066533909915650995,1.0,2,increasing,0.6666666666666666,8,0.375,GOT1
ENSG00000120868,3,3,-0.008790906177525966,1.0,0,decreasing,1.0,17,0.17647058823529413,APAF1
ENSG00000121895,3,3,-0.012469120071794565,1.0,0,decreasing,1.0,4,0.75,TMEM156
ENSG00000124786,3,3,-0.006333694697280567,1.0,0,decreasing,1.0,15,0.2,SLC35B3
ENSG00000125875,3,2,-0.0012710415391784667,1.0,1,decreasing,0.6666666666666666,4,0.75,TBC1D20
ENSG00000125912,3,0,0.0329456424312316,1.0,3,increasing,1.0,8,0.375,NCLN
ENSG00000126814,3,2,0.003209968617149133,1.0,1,decreasing,0.6666666666666666,7,0.42857142857142855,TRMT5
ENSG00000128915,3,0,0.016033807704701367,1.0,3,increasing,1.0,9,0.3333333333333333,ICE2
ENSG00000129197,3,2,0.005400856845979532,1.0,1,decreasing,0.6666666666666666,4,0.75,RPAIN
ENSG00000129351,3,3,-0.0046936822547641,1.0,0,decreasing,1.0,4,0.75,ILF3
ENSG00000130332,3,3,-0.010802242473862867,1.0,0,decreasing,1.0,3,1.0,LSM7
ENSG00000130592,3,3,-0.04110114782522347,1.0,0,decreasing,1.0,4,0.75,LSP1
ENSG00000131148,3,3,-0.0014855732935923334,1.0,0,decreasing,1.0,17,0.17647058823529413,EMC8
ENSG00000131408,3,1,-0.0014397627222586008,1.0,2,increasing,0.6666666666666666,7,0.42857142857142855,NR1H2
ENSG00000131459,3,3,-0.008435961295412533,1.0,0,decreasing,1.0,4,0.75,GFPT2
ENSG00000132153,3,1,0.05273070128579036,1.0,2,increasing,0.6666666666666666,4,0.75,DHX30
ENSG00000132394,3,1,-0.0043798524195747665,1.0,2,increasing,0.6666666666666666,3,1.0,EEFSEC
ENSG00000132478,3,0,0.0336641823319409,1.0,3,increasing,1.0,8,0.375,UNK
ENSG00000134056,3,2,0.0021884083096806333,1.0,1,decreasing,0.6666666666666666,3,1.0,MRPS36
ENSG00000134294,3,2,0.0006113164460619663,1.0,1,decreasing,0.6666666666666666,8,0.375,SLC38A2
ENSG00000134324,3,0,0.011279858385996733,1.0,3,increasing,1.0,7,0.42857142857142855,LPIN1
ENSG00000134698,3,1,0.018668728290513865,1.0,2,increasing,0.6666666666666666,9,0.3333333333333333,AGO4
ENSG00000134825,3,3,-0.028429434482712037,1.0,0,decreasing,1.0,8,0.375,TMEM258
ENSG00000135052,3,1,0.01893746630029323,1.0,2,increasing,0.6666666666666666,10,0.3,GOLM1
ENSG00000135723,3,2,-0.0003530272350829333,1.0,1,decreasing,0.6666666666666666,7,0.42857142857142855,FHOD1
ENSG00000135929,3,1,0.013712846797751902,1.0,2,increasing,0.6666666666666666,8,0.375,CYP27A1
ENSG00000136451,3,1,0.0010048254081567998,1.0,2,increasing,0.6666666666666666,4,0.75,VEZF1
ENSG00000136874,3,1,0.00023878593338770007,1.0,2,increasing,0.6666666666666666,9,0.3333333333333333,STX17
ENSG00000137462,3,3,-0.008585294466548633,1.0,0,decreasing,1.0,10,0.3,TLR2
ENSG00000137806,3,2,-0.03405886463515994,1.0,1,decreasing,0.6666666666666666,8,0.375,NDUFAF1
ENSG00000137815,3,3,-0.0071412415373544,1.0,0,decreasing,1.0,10,0.3,RTF1
ENSG00000138069,3,2,0.10100508657521078,1.0,1,decreasing,0.6666666666666666,4,0.75,RAB1A
ENSG00000138071,3,2,0.0305778222752673,1.0,1,decreasing,0.6666666666666666,4,0.75,ACTR2
ENSG00000138434,3,1,0.09018700795322349,1.0,2,increasing,0.6666666666666666,15,0.2,ITPRID2
ENSG00000139146,3,3,-0.007723367732384301,1.0,0,decreasing,1.0,18,0.16666666666666666,SINHCAF
ENSG00000139644,3,1,-0.0032909371516645996,1.0,2,increasing,0.6666666666666666,8,0.375,TMBIM6
ENSG00000139826,3,3,-0.009183349586712599,1.0,0,decreasing,1.0,4,0.75,ABHD13
ENSG00000140259,3,1,-0.0012035226727908001,1.0,2,increasing,0.6666666666666666,9,0.3333333333333333,MFAP1
ENSG00000140403,3,1,0.010180866608683831,1.0,2,increasing,0.6666666666666666,9,0.3333333333333333,DNAJA4
ENSG00000140464,3,3,-0.0473675242237338,1.0,0,decreasing,1.0,3,1.0,PML
ENSG00000141543,3,2,0.0009685063554447669,1.0,1,decreasing,0.6666666666666666,9,0.3333333333333333,EIF4A3
ENSG00000142687,3,1,0.016208812938298334,1.0,2,increasing,0.6666666666666666,10,0.3,KIAA0319L
ENSG00000143164,3,1,0.0046389071208544,1.0,2,increasing,0.6666666666666666,16,0.1875,DCAF6
ENSG00000143458,3,1,0.0038351205396601334,1.0,2,increasing,0.6666666666666666,4,0.75,GABPB2
ENSG00000144231,3,3,-0.028117884341723798,1.0,0,decreasing,1.0,9,0.3333333333333333,POLR2D
ENSG00000144567,3,1,0.028713018167453298,1.0,2,increasing,0.6666666666666666,3,1.0,RETREG2
ENSG00000145817,3,2,-0.0033368608135457,1.0,1,decreasing,0.6666666666666666,3,1.0,YIPF5
ENSG00000146067,3,2,0.011080028227767132,1.0,1,decreasing,0.6666666666666666,18,0.16666666666666666,FAM193B
ENSG00000147403,3,1,0.0006886265920090333,1.0,2,increasing,0.6666666666666666,8,0.375,RPL10
ENSG00000147854,3,0,0.011108572159678967,1.0,3,increasing,1.0,10,0.3,UHRF2
ENSG00000148943,3,3,-0.006538497567394267,1.0,0,decreasing,1.0,8,0.375,LIN7C
ENSG00000149308,3,3,-0.012767611990744734,1.0,0,decreasing,1.0,9,0.3333333333333333,NPAT
ENSG00000151702,3,3,-0.07146151027591846,1.0,0,decreasing,1.0,10,0.3,FLI1
ENSG00000152377,3,3,-0.004603806203149667,1.0,0,decreasing,1.0,3,1.0,SPOCK1
ENSG00000152778,3,2,0.006891153713581267,1.0,1,decreasing,0.6666666666666666,3,1.0,IFIT5
ENSG00000156500,3,3,-0.0049645653407405,1.0,0,decreasing,1.0,4,0.75,FAM122C
ENSG00000156787,3,3,-0.0095295559428304,1.0,0,decreasing,1.0,7,0.42857142857142855,TBC1D31
ENSG00000157538,3,0,0.008766482584593,1.0,3,increasing,1.0,7,0.42857142857142855,VPS26C
ENSG00000160131,3,3,-0.005251605688954267,1.0,0,decreasing,1.0,9,0.3333333333333333,VMA21
ENSG00000160285,3,3,-0.006662825937933467,1.0,0,decreasing,1.0,18,0.16666666666666666,LSS
ENSG00000160298,3,2,-0.0005689919647727668,1.0,1,decreasing,0.6666666666666666,14,0.21428571428571427,C21orf58
ENSG00000161010,3,0,0.009839613357897934,1.0,3,increasing,1.0,10,0.3,MRNIP
ENSG00000162585,3,2,-0.013482756024637268,1.0,1,decreasing,0.6666666666666666,9,0.3333333333333333,FAAP20
ENSG00000162825,3,1,0.0001703782810598669,1.0,2,increasing,0.6666666666666666,7,0.42857142857142855,NBPF20
ENSG00000162924,3,1,-0.018549779346578466,1.0,2,increasing,0.6666666666666666,9,0.3333333333333333,REL
ENSG00000162927,3,2,0.0011379560255690678,1.0,1,decreasing,0.6666666666666666,9,0.3333333333333333,PUS10
ENSG00000163344,3,1,0.0018653545675260334,1.0,2,increasing,0.6666666666666666,8,0.375,PMVK
ENSG00000163346,3,3,-0.009500272189211867,1.0,0,decreasing,1.0,5,0.6,PBXIP1
ENSG00000164136,3,0,0.019961623105280935,1.0,3,increasing,1.0,9,0.3333333333333333,IL15
ENSG00000165644,3,2,-0.0055642960740391,1.0,1,decreasing,0.6666666666666666,15,0.2,COMTD1
ENSG00000166004,3,3,-0.0146718921376584,1.0,0,decreasing,1.0,3,1.0,CEP295
ENSG00000166441,3,2,-0.0018842611074415337,1.0,1,decreasing,0.6666666666666666,15,0.2,RPL27A
ENSG00000166783,3,2,-0.004964441726730034,1.0,1,decreasing,0.6666666666666666,20,0.15,MARF1
ENSG00000167088,3,2,0.0013912912191547666,1.0,1,decreasing,0.6666666666666666,3,1.0,SNRPD1
ENSG00000167553,3,2,0.0023732907371771324,1.0,1,decreasing,0.6666666666666666,7,0.42857142857142855,TUBA1C
ENSG00000167881,3,3,-0.004849432563637533,1.0,0,decreasing,1.0,4,0.75,SRP68
ENSG00000167987,3,1,0.0010215600304102998,1.0,2,increasing,0.6666666666666666,9,0.3333333333333333,VPS37C
ENSG00000168246,3,0,0.050411650964836706,1.0,3,increasing,1.0,8,0.375,UBTD2
ENSG00000168386,3,1,0.006934482522632933,1.0,2,increasing,0.6666666666666666,10,0.3,FILIP1L
ENSG00000168813,3,2,0.0005722498891733333,1.0,1,decreasing,0.6666666666666666,3,1.0,ZNF507
ENSG00000169684,3,1,0.022342912599489603,1.0,2,increasing,0.6666666666666666,7,0.42857142857142855,CHRNA5
ENSG00000170260,3,2,-0.005068378605210234,1.0,1,decreasing,0.6666666666666666,16,0.1875,ZNF212
ENSG00000170881,3,2,-0.0087427421169325,1.0,1,decreasing,0.6666666666666666,9,0.3333333333333333,RNF139
ENSG00000171314,3,2,-0.002967113099655333,1.0,1,decreasing,0.6666666666666666,3,1.0,PGAM1
ENSG00000171497,3,2,0.005929929982594967,1.0,1,decreasing,0.6666666666666666,10,0.3,PPID
ENSG00000171940,3,2,-0.0015951527091501011,1.0,1,decreasing,0.6666666666666666,4,0.75,ZNF217
ENSG00000172197,3,3,-0.024465546190781368,1.0,0,decreasing,1.0,8,0.375,MBOAT1
ENSG00000172432,3,2,0.006446687158617067,1.0,1,decreasing,0.6666666666666666,3,1.0,GTPBP2
ENSG00000173214,3,3,-0.004463310538509033,1.0,0,decreasing,1.0,5,0.6,MFSD4B
ENSG00000173327,3,3,-0.0079745489433194,1.0,0,decreasing,1.0,3,1.0,MAP3K11
ENSG00000173391,3,2,-0.0015910119676873999,1.0,1,decreasing,0.6666666666666666,20,0.15,OLR1
ENSG00000173402,3,1,0.004622300763476598,1.0,2,increasing,0.6666666666666666,3,1.0,DAG1
ENSG00000173567,3,3,-0.004838822523910134,1.0,0,decreasing,1.0,7,0.42857142857142855,ADGRF3
ENSG00000173762,3,2,-0.037344945072059064,1.0,1,decreasing,0.6666666666666666,5,0.6,CD7
ENSG00000174132,3,2,-0.0029663247891310667,1.0,1,decreasing,0.6666666666666666,20,0.15,FAM174A
ENSG00000174720,3,3,-0.0015246765226964332,1.0,0,decreasing,1.0,21,0.14285714285714285,LARP7
ENSG00000175931,3,2,-0.04733661113762717,1.0,1,decreasing,0.6666666666666666,9,0.3333333333333333,UBE2O
ENSG00000176018,3,3,-0.027128384343442568,1.0,0,decreasing,1.0,3,1.0,LYSMD3
ENSG00000176974,3,2,-0.0013124692154152997,1.0,1,decreasing,0.6666666666666666,4,0.75,SHMT1
ENSG00000177479,3,1,0.0015690448483376667,1.0,2,increasing,0.6666666666666666,24,0.125,ARIH2
ENSG00000177700,3,3,-0.0109991671098123,1.0,0,decreasing,1.0,7,0.42857142857142855,POLR2L
ENSG00000178567,3,2,0.0031955001497237334,1.0,1,decreasing,0.6666666666666666,4,0.75,EPM2AIP1
ENSG00000179344,3,2,-0.004614744766970834,1.0,1,decreasing,0.6666666666666666,16,0.1875,HLA-DQB1
ENSG00000180228,3,3,-0.002093641180378467,1.0,0,decreasing,1.0,4,0.75,PRKRA
ENSG00000180304,3,0,0.0031286963689906334,1.0,3,increasing,1.0,3,1.0,OAZ2
ENSG00000181513,3,3,-0.0150787630108659,1.0,0,decreasing,1.0,14,0.21428571428571427,ACBD4
ENSG00000182973,3,2,-0.0032242756225707666,1.0,1,decreasing,0.6666666666666666,5,0.6,CNOT10
ENSG00000183530,3,1,0.03482759950225674,1.0,2,increasing,0.6666666666666666,8,0.375,PRR14L
ENSG00000184194,3,3,-0.0224876833426108,1.0,0,decreasing,1.0,3,1.0,GPR173
ENSG00000185019,3,1,0.1060444806673632,1.0,2,increasing,0.6666666666666666,9,0.3333333333333333,UBOX5
ENSG00000185838,3,3,-0.0027476449435459662,1.0,0,decreasing,1.0,4,0.75,GNB1L
ENSG00000186074,3,3,-0.010706964726521067,1.0,0,decreasing,1.0,4,0.75,CD300LF
ENSG00000186106,3,3,-0.011682845810731868,1.0,0,decreasing,1.0,4,0.75,ANKRD46
ENSG00000186417,3,2,0.007990342343261467,1.0,1,decreasing,0.6666666666666666,20,0.15,GLDN
ENSG00000186815,3,2,0.0010502796747030002,1.0,1,decreasing,0.6666666666666666,5,0.6,TPCN1
ENSG00000187531,3,1,0.023783209558100565,1.0,2,increasing,0.6666666666666666,3,1.0,SIRT7
ENSG00000188868,3,1,-0.04642703962270996,1.0,2,increasing,0.6666666666666666,8,0.375,ZNF563
ENSG00000188897,3,1,0.013377139567063831,1.0,2,increasing,0.6666666666666666,9,0.3333333333333333,AC099489.1
ENSG00000196150,3,2,0.012294548753301701,1.0,1,decreasing,0.6666666666666666,4,0.75,ZNF250
ENSG00000196230,3,2,-0.006844860626530832,1.0,1,decreasing,0.6666666666666666,3,1.0,TUBB
ENSG00000196459,3,3,-0.0384736919183154,1.0,0,decreasing,1.0,8,0.375,TRAPPC2
ENSG00000196639,3,1,0.010054549849995834,1.0,2,increasing,0.6666666666666666,8,0.375,HRH1
ENSG00000197620,3,1,0.0007146619956480003,1.0,2,increasing,0.6666666666666666,4,0.75,CXorf40A
ENSG00000198331,3,2,-0.0143646995127285,1.0,1,decreasing,0.6666666666666666,3,1.0,HYLS1
ENSG00000198563,3,3,-0.0071347851968613,1.0,0,decreasing,1.0,5,0.6,DDX39B
ENSG00000198612,3,1,0.04782411161240063,1.0,2,increasing,0.6666666666666666,3,1.0,COPS8
ENSG00000198911,3,1,0.0068032290856265,1.0,2,increasing,0.6666666666666666,10,0.3,SREBF2
ENSG00000198951,3,3,-0.0264682400159431,1.0,0,decreasing,1.0,3,1.0,NAGA
ENSG00000204520,3,1,0.020578637905895435,1.0,2,increasing,0.6666666666666666,3,1.0,MICA
ENSG00000204977,3,1,0.0027084660853568155,1.0,2,increasing,0.6666666666666666,9,0.3333333333333333,TRIM13
ENSG00000213699,3,3,-0.010595017559889534,1.0,0,decreasing,1.0,21,0.14285714285714285,SLC35F6
ENSG00000221909,3,2,0.00040880107655920025,1.0,1,decreasing,0.6666666666666666,3,1.0,FAM200A
ENSG00000228716,3,1,0.007293344441979466,1.0,2,increasing,0.6666666666666666,8,0.375,DHFR
ENSG00000231925,3,2,-0.0014138141987369332,1.0,1,decreasing,0.6666666666666666,7,0.42857142857142855,TAPBP
ENSG00000241343,3,2,-0.0015430630223614,1.0,1,decreasing,0.6666666666666666,8,0.375,RPL36A
ENSG00000243317,3,1,0.007298014058577533,1.0,2,increasing,0.6666666666666666,7,0.42857142857142855,STMP1
ENSG00000246922,3,1,0.009583743725316066,1.0,2,increasing,0.6666666666666666,3,1.0,UBAP1L
ENSG00000248710,3,1,0.0104115937898296,1.0,2,increasing,0.6666666666666666,9,0.3333333333333333,AC079594.2
ENSG00000249773,3,1,0.025724483630555798,1.0,2,increasing,0.6666666666666666,3,1.0,AC092647.5
ENSG00000256861,3,2,0.011684516819171799,1.0,1,decreasing,0.6666666666666666,22,0.13636363636363635,AC048338.1
ENSG00000258890,3,3,-0.0092484984026694,1.0,0,decreasing,1.0,4,0.75,CEP95
ENSG00000275023,3,2,-0.006547510539328467,1.0,1,decreasing,0.6666666666666666,8,0.375,MLLT6
ENSG00000283900,3,0,0.009902660326403433,1.0,3,increasing,1.0,9,0.3333333333333333,TPTEP2-CSNK1E
ENSG00000021574,3,1,0.0068235563530296,0.9828944326835046,2,increasing,0.6666666666666666,8,0.375,SPAST
ENSG00000026103,3,2,-0.002022829489327967,0.9828944326835046,1,decreasing,0.6666666666666666,7,0.42857142857142855,FAS
ENSG00000062282,3,2,0.00013806809364550008,0.9828944326835046,1,decreasing,0.6666666666666666,7,0.42857142857142855,DGAT2
ENSG00000067057,3,2,-0.05179222342729164,0.9828944326835046,1,decreasing,0.6666666666666666,8,0.375,PFKP
ENSG00000075914,3,2,-0.004881871784965033,0.9828944326835046,1,decreasing,0.6666666666666666,8,0.375,EXOSC7
ENSG00000085514,3,3,-0.04787398742523594,0.9828944326835046,0,decreasing,1.0,7,0.42857142857142855,PILRA
ENSG00000089682,3,3,-0.026106120832927834,0.9828944326835046,0,decreasing,1.0,7,0.42857142857142855,RBM41
ENSG00000090376,3,2,-0.00042292374628046664,0.9828944326835046,1,decreasing,0.6666666666666666,24,0.125,IRAK3
ENSG00000096872,3,3,-0.007533736233015067,0.9828944326835046,0,decreasing,1.0,15,0.2,IFT74
ENSG00000100201,3,1,0.0050171631440221005,0.9828944326835046,2,increasing,0.6666666666666666,8,0.375,DDX17
ENSG00000100325,3,1,0.01692901492229153,0.9828944326835046,2,increasing,0.6666666666666666,7,0.42857142857142855,ASCC2
ENSG00000100664,3,3,-0.0038857995382578,0.9828944326835046,0,decreasing,1.0,9,0.3333333333333333,EIF5
ENSG00000101310,3,3,-0.11590982127083639,0.9828944326835046,0,decreasing,1.0,6,0.5,SEC23B
ENSG00000105321,3,1,0.02391717158781667,0.9828944326835046,2,increasing,0.6666666666666666,7,0.42857142857142855,CCDC9
ENSG00000105819,3,3,-0.0026634574536720333,0.9828944326835046,0,decreasing,1.0,8,0.375,PMPCB
ENSG00000106100,3,3,-0.002680193237354867,0.9828944326835046,0,decreasing,1.0,20,0.15,NOD1
ENSG00000109323,3,2,-0.0009018071602364001,0.9828944326835046,1,decreasing,0.6666666666666666,10,0.3,MANBA
ENSG00000109854,3,3,-0.020083965471216898,0.9828944326835046,0,decreasing,1.0,7,0.42857142857142855,HTATIP2
ENSG00000111328,3,3,-0.0082081345978563,0.9828944326835046,0,decreasing,1.0,8,0.375,CDK2AP1
ENSG00000112304,3,3,-0.009152887627881433,0.9828944326835046,0,decreasing,1.0,20,0.15,ACOT13
ENSG00000114098,3,3,-0.0031201102257862,0.9828944326835046,0,decreasing,1.0,9,0.3333333333333333,ARMC8
ENSG00000115073,3,2,-0.016581613839299732,0.9828944326835046,1,decreasing,0.6666666666666666,5,0.6,ACTR1B
ENSG00000116679,3,3,-0.019799669345754133,0.9828944326835046,0,decreasing,1.0,8,0.375,IVNS1ABP
ENSG00000117010,3,3,-0.013372979457746167,0.9828944326835046,0,decreasing,1.0,7,0.42857142857142855,ZNF684
ENSG00000120451,3,2,-0.024464801155000965,0.9828944326835046,1,decreasing,0.6666666666666666,6,0.5,SNX19
ENSG00000124067,3,2,0.0215646633168169,0.9828944326835046,1,decreasing,0.6666666666666666,7,0.42857142857142855,SLC12A4
ENSG00000130997,3,3,-0.006456524596813067,0.9828944326835046,0,decreasing,1.0,8,0.375,POLN
ENSG00000136379,3,3,-0.016416746349836933,0.9828944326835046,0,decreasing,1.0,5,0.6,ABHD17C
ENSG00000136732,3,2,-0.016685026525675998,0.9828944326835046,1,decreasing,0.6666666666666666,6,0.5,GYPC
ENSG00000138463,3,1,0.009133880415763566,0.9828944326835046,2,increasing,0.6666666666666666,7,0.42857142857142855,SLC49A4
ENSG00000142178,3,1,0.030994646008602664,0.9828944326835046,2,increasing,0.6666666666666666,6,0.5,SIK1
ENSG00000142227,3,1,0.04309605588167426,0.9828944326835046,2,increasing,0.6666666666666666,6,0.5,EMP3
ENSG00000144580,3,3,-0.018433613177048867,0.9828944326835046,0,decreasing,1.0,8,0.375,CNOT9
ENSG00000147586,3,2,-0.0026107286893309336,0.9828944326835046,1,decreasing,0.6666666666666666,19,0.15789473684210525,MRPS28
ENSG00000150093,3,2,-0.0005270200932504333,0.9828944326835046,1,decreasing,0.6666666666666666,23,0.13043478260869565,ITGB1
ENSG00000158201,3,3,-0.030979419538995367,0.9828944326835046,0,decreasing,1.0,10,0.3,ABHD3
ENSG00000160255,3,3,-0.0015474479728031666,0.9828944326835046,0,decreasing,1.0,14,0.21428571428571427,ITGB2
ENSG00000162139,3,2,-0.003947960789377601,0.9828944326835046,1,decreasing,0.6666666666666666,21,0.14285714285714285,NEU3
ENSG00000162441,3,1,-0.0030415278675543327,0.9828944326835046,2,increasing,0.6666666666666666,5,0.6,LZIC
ENSG00000163029,3,3,-0.007266556987605566,0.9828944326835046,0,decreasing,1.0,8,0.375,SMC6
ENSG00000163257,3,3,-0.033578722580446835,0.9828944326835046,0,decreasing,1.0,7,0.42857142857142855,DCAF16
ENSG00000165118,3,2,-0.01751300715655413,0.9828944326835046,1,decreasing,0.6666666666666666,5,0.6,C9orf64
ENSG00000165698,3,3,-0.0101250728237504,0.9828944326835046,0,decreasing,1.0,9,0.3333333333333333,SPACA9
ENSG00000165792,3,2,-0.0074338294334636,0.9828944326835046,1,decreasing,0.6666666666666666,7,0.42857142857142855,METTL17
ENSG00000165801,3,2,-0.0010762002528130331,0.9828944326835046,1,decreasing,0.6666666666666666,9,0.3333333333333333,ARHGEF40
ENSG00000167566,3,3,-0.0077306195276807335,0.9828944326835046,0,decreasing,1.0,7,0.42857142857142855,NCKAP5L
ENSG00000169564,3,2,-0.0028196948577033005,0.9828944326835046,1,decreasing,0.6666666666666666,7,0.42857142857142855,PCBP1
ENSG00000172831,3,2,-0.005376334875661866,0.9828944326835046,1,decreasing,0.6666666666666666,5,0.6,CES2
ENSG00000175182,3,3,-0.0179527605539071,0.9828944326835046,0,decreasing,1.0,5,0.6,FAM131A
ENSG00000175324,3,3,-0.0057955940736419,0.9828944326835046,0,decreasing,1.0,15,0.2,LSM1
ENSG00000175544,3,3,-0.006289509953231999,0.9828944326835046,0,decreasing,1.0,15,0.2,CABP4
ENSG00000176171,3,1,0.010122625094136466,0.9828944326835046,2,increasing,0.6666666666666666,6,0.5,BNIP3
ENSG00000176845,3,1,0.036534520974401366,0.9828944326835046,2,increasing,0.6666666666666666,6,0.5,METRNL
ENSG00000177426,3,1,6.236466302046659e-05,0.9828944326835046,2,increasing,0.6666666666666666,7,0.42857142857142855,TGIF1
ENSG00000181481,3,2,-0.005521162003423533,0.9828944326835046,1,decreasing,0.6666666666666666,7,0.42857142857142855,RNF135
ENSG00000184277,3,2,-0.0022711802568576335,0.9828944326835046,1,decreasing,0.6666666666666666,8,0.375,TM2D3
ENSG00000186575,3,3,-0.0038446633405993334,0.9828944326835046,0,decreasing,1.0,21,0.14285714285714285,NF2
ENSG00000186660,3,3,-0.0022743315036443334,0.9828944326835046,0,decreasing,1.0,8,0.375,ZFP91
ENSG00000186818,3,2,0.0035695539443009335,0.9828944326835046,1,decreasing,0.6666666666666666,8,0.375,LILRB4
ENSG00000187257,3,3,-0.0015103272057175668,0.9828944326835046,0,decreasing,1.0,23,0.13043478260869565,RSBN1L
ENSG00000198498,3,2,0.0002606194986212334,0.9828944326835046,1,decreasing,0.6666666666666666,7,0.42857142857142855,TMA16
ENSG00000205356,3,3,-0.0022321371195882333,0.9828944326835046,0,decreasing,1.0,21,0.14285714285714285,TECPR1
ENSG00000217555,3,2,-0.0032607817478020333,0.9828944326835046,1,decreasing,0.6666666666666666,9,0.3333333333333333,CKLF
ENSG00000270800,3,2,-0.004872959854786033,0.9828944326835046,1,decreasing,0.6666666666666666,8,0.375,RPS10-NUDT3
ENSG00000286261,3,3,-0.0318883052259497,0.9828944326835046,0,decreasing,1.0,6,0.5,AC022137.3
ENSG00000001561,3,3,-0.018427498591000034,0.9657888653670094,0,decreasing,1.0,7,0.42857142857142855,ENPP4
ENSG00000089737,3,3,-0.008759750205554466,0.9657888653670094,0,decreasing,1.0,6,0.5,DDX24
ENSG00000100804,3,2,0.002092759545760934,0.9657888653670094,1,decreasing,0.6666666666666666,6,0.5,PSMB5
ENSG00000104960,3,2,-0.0027117826787157336,0.9657888653670094,1,decreasing,0.6666666666666666,5,0.6,PTOV1
ENSG00000112799,3,3,-0.002495628300061767,0.9657888653670094,0,decreasing,1.0,14,0.21428571428571427,LY86
ENSG00000115942,3,2,-0.013775071161560633,0.9657888653670094,1,decreasing,0.6666666666666666,7,0.42857142857142855,ORC2
ENSG00000121933,3,2,0.00044993906713743326,0.9657888653670094,1,decreasing,0.6666666666666666,6,0.5,TMIGD3
ENSG00000134910,3,2,0.0032339578217754003,0.9657888653670094,1,decreasing,0.6666666666666666,8,0.375,STT3A
ENSG00000136261,3,3,-0.006927696545710134,0.9657888653670094,0,decreasing,1.0,9,0.3333333333333333,BZW2
ENSG00000136830,3,3,-0.06989745942404774,0.9657888653670094,0,decreasing,1.0,9,0.3333333333333333,NIBAN2
ENSG00000144959,3,3,-0.024997360119071735,0.9657888653670094,0,decreasing,1.0,10,0.3,NCEH1
ENSG00000162032,3,2,-0.009935959928271466,0.9657888653670094,1,decreasing,0.6666666666666666,5,0.6,SPSB3
ENSG00000165699,3,3,-0.006019212393804867,0.9657888653670094,0,decreasing,1.0,7,0.42857142857142855,TSC1
ENSG00000168878,3,3,-0.0053081627484925,0.9657888653670094,0,decreasing,1.0,8,0.375,SFTPB
ENSG00000169609,3,2,-0.006191656994806734,0.9657888653670094,1,decreasing,0.6666666666666666,6,0.5,C15orf40
ENSG00000169871,3,2,0.0017485597534578335,0.9657888653670094,1,decreasing,0.6666666666666666,6,0.5,TRIM56
ENSG00000181315,3,3,-0.015716826022548865,0.9657888653670094,0,decreasing,1.0,8,0.375,ZNF322
ENSG00000182117,3,2,0.0040722438456131,0.9657888653670094,1,decreasing,0.6666666666666666,5,0.6,NOP10
ENSG00000182782,3,3,-0.010351192098134267,0.9657888653670094,0,decreasing,1.0,5,0.6,HCAR2
ENSG00000183019,3,3,-0.0024858303377637,0.9657888653670094,0,decreasing,1.0,14,0.21428571428571427,MCEMP1
ENSG00000184602,3,3,-0.007944963150134035,0.9657888653670094,0,decreasing,1.0,7,0.42857142857142855,SNN
ENSG00000187147,3,3,-0.0036343132729817333,0.9657888653670094,0,decreasing,1.0,9,0.3333333333333333,RNF220
ENSG00000187240,3,3,-0.06124812002573337,0.9657888653670094,0,decreasing,1.0,5,0.6,DYNC2H1
ENSG00000187954,3,3,-0.003706666051077967,0.9657888653670094,0,decreasing,1.0,7,0.42857142857142855,CYHR1
ENSG00000197714,3,3,-0.013789804355740932,0.9657888653670094,0,decreasing,1.0,5,0.6,ZNF460
ENSG00000235162,3,2,0.001970313154464033,0.9657888653670094,1,decreasing,0.6666666666666666,5,0.6,C12orf75
ENSG00000271723,3,3,-0.003018983853716033,0.9657888653670094,0,decreasing,1.0,6,0.5,MROH7-TTC4
ENSG00000272916,3,2,0.001761997400143267,0.9657888653670094,1,decreasing,0.6666666666666666,6,0.5,AC022400.7
ENSG00000000419,3,2,-0.006506237324180034,0.9553418012614796,1,decreasing,0.6666666666666666,8,0.375,DPM1
ENSG00000006194,3,3,-0.0175111156591003,0.9553418012614796,0,decreasing,1.0,6,0.5,ZNF263
ENSG00000010256,3,3,-0.0038758339218545666,0.9553418012614796,0,decreasing,1.0,3,1.0,UQCRC1
ENSG00000010818,3,3,-0.007271833074231599,0.9553418012614796,0,decreasing,1.0,10,0.3,HIVEP2
ENSG00000011114,3,3,-0.0033238973231399667,0.9553418012614796,0,decreasing,1.0,10,0.3,BTBD7
ENSG00000013364,3,3,-0.0024391954303214,0.9553418012614796,0,decreasing,1.0,16,0.1875,MVP
ENSG00000023516,3,3,-0.034675056374144995,0.9553418012614796,0,decreasing,1.0,4,0.75,AKAP11
ENSG00000036054,3,3,-0.019766699563964932,0.9553418012614796,0,decreasing,1.0,5,0.6,TBC1D23
ENSG00000048052,3,2,0.00035577821519803345,0.9553418012614796,1,decreasing,0.6666666666666666,9,0.3333333333333333,HDAC9
ENSG00000048471,3,2,-0.0035184707006616326,0.9553418012614796,1,decreasing,0.6666666666666666,4,0.75,SNX29
ENSG00000049192,3,3,-0.0046303662235261,0.9553418012614796,0,decreasing,1.0,14,0.21428571428571427,ADAMTS6
ENSG00000053372,3,3,-0.007750037373029535,0.9553418012614796,0,decreasing,1.0,3,1.0,MRTO4
ENSG00000059691,3,3,-0.0046624310866529,0.9553418012614796,0,decreasing,1.0,3,1.0,GATB
ENSG00000063322,3,1,0.021355667784237503,0.9553418012614796,2,increasing,0.6666666666666666,9,0.3333333333333333,MED29
ENSG00000064042,3,0,0.01587156561466373,0.9553418012614796,3,increasing,1.0,5,0.6,LIMCH1
ENSG00000064115,3,2,-0.0011919889598861336,0.9553418012614796,1,decreasing,0.6666666666666666,18,0.16666666666666666,TM7SF3
ENSG00000064225,3,2,-0.009257424123094833,0.9553418012614796,1,decreasing,0.6666666666666666,9,0.3333333333333333,ST3GAL6
ENSG00000064989,3,2,-0.003587240237517634,0.9553418012614796,1,decreasing,0.6666666666666666,17,0.17647058823529413,CALCRL
ENSG00000065809,3,3,-0.0026361719328631002,0.9553418012614796,0,decreasing,1.0,9,0.3333333333333333,FAM107B
ENSG00000066379,3,2,0.006060093213307433,0.9553418012614796,1,decreasing,0.6666666666666666,4,0.75,ZNRD1
ENSG00000070010,3,2,-0.0008842557403498999,0.9553418012614796,1,decreasing,0.6666666666666666,4,0.75,UFD1
ENSG00000070081,3,3,-0.0015958181545719,0.9553418012614796,0,decreasing,1.0,15,0.2,NUCB2
ENSG00000072571,3,3,-0.036153822188420635,0.9553418012614796,0,decreasing,1.0,3,1.0,HMMR
ENSG00000073803,3,3,-0.020703940230215764,0.9553418012614796,0,decreasing,1.0,4,0.75,MAP3K13
ENSG00000073969,3,3,-0.0028242065415390667,0.9553418012614796,0,decreasing,1.0,5,0.6,NSF
ENSG00000074695,3,2,-0.0220938896902909,0.9553418012614796,1,decreasing,0.6666666666666666,5,0.6,LMAN1
ENSG00000074706,3,2,-0.005925389377000634,0.9553418012614796,1,decreasing,0.6666666666666666,10,0.3,IPCEF1
ENSG00000075391,3,3,-0.0028329436879557667,0.9553418012614796,0,decreasing,1.0,24,0.125,RASAL2
ENSG00000075399,3,2,-0.0013612581855413665,0.9553418012614796,1,decreasing,0.6666666666666666,14,0.21428571428571427,VPS9D1
ENSG00000076067,3,1,0.0010524458500450666,0.9553418012614796,2,increasing,0.6666666666666666,21,0.14285714285714285,RBMS2
ENSG00000076706,3,2,-0.020726669307524,0.9553418012614796,1,decreasing,0.6666666666666666,3,1.0,MCAM
ENSG00000077420,3,2,-0.0024822969837422332,0.9553418012614796,1,decreasing,0.6666666666666666,10,0.3,APBB1IP
ENSG00000078589,3,2,-0.003528867176262366,0.9553418012614796,1,decreasing,0.6666666666666666,3,1.0,P2RY10
ENSG00000083312,3,2,-0.005424358389015834,0.9553418012614796,1,decreasing,0.6666666666666666,10,0.3,TNPO1
ENSG00000086300,3,3,-0.0099802405078719,0.9553418012614796,0,decreasing,1.0,19,0.15789473684210525,SNX10
ENSG00000086619,3,2,0.00044464741908376666,0.9553418012614796,1,decreasing,0.6666666666666666,5,0.6,ERO1B
ENSG00000086730,3,3,-0.0057738951984347,0.9553418012614796,0,decreasing,1.0,5,0.6,LAT2
ENSG00000088812,3,0,0.005220346296022467,0.9553418012614796,3,increasing,1.0,8,0.375,ATRN
ENSG00000088888,3,1,0.013042046906952598,0.9553418012614796,2,increasing,0.6666666666666666,7,0.42857142857142855,MAVS
ENSG00000089022,3,3,-0.013912342626664367,0.9553418012614796,0,decreasing,1.0,5,0.6,MAPKAPK5
ENSG00000089060,3,3,-0.0046358423186071,0.9553418012614796,0,decreasing,1.0,10,0.3,SLC8B1
ENSG00000089195,3,3,-0.0012298355995053667,0.9553418012614796,0,decreasing,1.0,14,0.21428571428571427,TRMT6
ENSG00000089327,3,3,-0.12394159741228312,0.9553418012614796,0,decreasing,1.0,8,0.375,FXYD5
ENSG00000089351,3,3,-0.0038324055994999,0.9553418012614796,0,decreasing,1.0,4,0.75,GRAMD1A
ENSG00000089876,3,3,-0.02979754311842547,0.9553418012614796,0,decreasing,1.0,4,0.75,DHX32
ENSG00000090621,3,2,-0.0024533974365712335,0.9553418012614796,1,decreasing,0.6666666666666666,14,0.21428571428571427,PABPC4
ENSG00000092531,3,3,-0.007926093645759235,0.9553418012614796,0,decreasing,1.0,10,0.3,SNAP23
ENSG00000100014,3,2,-0.007049530524275466,0.9553418012614796,1,decreasing,0.6666666666666666,10,0.3,SPECC1L
ENSG00000100023,3,0,0.04013640400097777,0.9553418012614796,3,increasing,1.0,3,1.0,PPIL2
ENSG00000100083,3,3,-0.010846491424235667,0.9553418012614796,0,decreasing,1.0,5,0.6,GGA1
ENSG00000100207,3,3,-0.005196494286375433,0.9553418012614796,0,decreasing,1.0,10,0.3,TCF20
ENSG00000100226,3,2,-0.0312978510450427,0.9553418012614796,1,decreasing,0.6666666666666666,3,1.0,GTPBP1
ENSG00000100280,3,2,-0.002135451351385567,0.9553418012614796,1,decreasing,0.6666666666666666,9,0.3333333333333333,AP1B1
ENSG00000100284,3,3,-0.06055141675898427,0.9553418012614796,0,decreasing,1.0,5,0.6,TOM1
ENSG00000100351,3,3,-0.0101205334899573,0.9553418012614796,0,decreasing,1.0,5,0.6,GRAP2
ENSG00000100387,3,3,-0.007591121952947233,0.9553418012614796,0,decreasing,1.0,3,1.0,RBX1
ENSG00000100403,3,3,-0.0026799022113419,0.9553418012614796,0,decreasing,1.0,5,0.6,ZC3H7B
ENSG00000100413,3,0,0.0629943000760891,0.9553418012614796,3,increasing,1.0,3,1.0,POLR3H
ENSG00000101152,3,2,-0.004605391477840766,0.9553418012614796,1,decreasing,0.6666666666666666,4,0.75,DNAJC5
ENSG00000101191,3,1,0.007314939270698266,0.9553418012614796,2,increasing,0.6666666666666666,5,0.6,DIDO1
ENSG00000101544,3,2,-0.0051497011496005,0.9553418012614796,1,decreasing,0.6666666666666666,5,0.6,ADNP2
ENSG00000101680,3,3,-0.0012147674584500666,0.9553418012614796,0,decreasing,1.0,14,0.21428571428571427,LAMA1
ENSG00000101811,3,3,-0.028135336516683932,0.9553418012614796,0,decreasing,1.0,3,1.0,CSTF2
ENSG00000101928,3,1,0.0008219134923062005,0.9553418012614796,2,increasing,0.6666666666666666,21,0.14285714285714285,MOSPD1
ENSG00000102024,3,3,-0.0060601950015849336,0.9553418012614796,0,decreasing,1.0,4,0.75,PLS3
ENSG00000103202,3,2,-0.004190967808581066,0.9553418012614796,1,decreasing,0.6666666666666666,4,0.75,NME4
ENSG00000103351,3,3,-0.047633834344617994,0.9553418012614796,0,decreasing,1.0,3,1.0,CLUAP1
ENSG00000103642,3,2,-0.0221881515714204,0.9553418012614796,1,decreasing,0.6666666666666666,9,0.3333333333333333,LACTB
ENSG00000104164,3,2,0.0060297495871161,0.9553418012614796,1,decreasing,0.6666666666666666,14,0.21428571428571427,BLOC1S6
ENSG00000104312,3,2,-0.0012870800028400335,0.9553418012614796,1,decreasing,0.6666666666666666,10,0.3,RIPK2
ENSG00000104529,3,3,-0.030712039525413636,0.9553418012614796,0,decreasing,1.0,3,1.0,EEF1D
ENSG00000104859,3,3,-0.0032519349006045334,0.9553418012614796,0,decreasing,1.0,4,0.75,CLASRP
ENSG00000105699,3,3,-0.0073196263793659675,0.9553418012614796,0,decreasing,1.0,4,0.75,LSR
ENSG00000105793,3,3,-0.029795376793057365,0.9553418012614796,0,decreasing,1.0,4,0.75,GTPBP10
ENSG00000106246,3,3,-0.0028567002080365,0.9553418012614796,0,decreasing,1.0,4,0.75,PTCD1
ENSG00000106261,3,1,-0.012648972760140533,0.9553418012614796,2,increasing,0.6666666666666666,8,0.375,ZKSCAN1
ENSG00000106299,3,3,-0.005430246584750033,0.9553418012614796,0,decreasing,1.0,9,0.3333333333333333,WASL
ENSG00000106346,3,0,0.03167599765727653,0.9553418012614796,3,increasing,1.0,7,0.42857142857142855,USP42
ENSG00000106348,3,3,-0.0011844338413810333,0.9553418012614796,0,decreasing,1.0,14,0.21428571428571427,IMPDH1
ENSG00000106479,3,2,0.003707433759981,0.9553418012614796,1,decreasing,0.6666666666666666,14,0.21428571428571427,ZNF862
ENSG00000106565,3,3,-0.04755960371616147,0.9553418012614796,0,decreasing,1.0,3,1.0,TMEM176B
ENSG00000106665,3,2,-0.00030640438742286666,0.9553418012614796,1,decreasing,0.6666666666666666,10,0.3,CLIP2
ENSG00000106686,3,3,-0.010807265420795435,0.9553418012614796,0,decreasing,1.0,15,0.2,SPATA6L
ENSG00000106789,3,3,-0.016694720250218033,0.9553418012614796,0,decreasing,1.0,4,0.75,CORO2A
ENSG00000107758,3,3,-0.012897820231491533,0.9553418012614796,0,decreasing,1.0,3,1.0,PPP3CB
ENSG00000107779,3,2,-0.017325804719045167,0.9553418012614796,1,decreasing,0.6666666666666666,4,0.75,BMPR1A
ENSG00000107959,3,1,0.007543485567270334,0.9553418012614796,2,increasing,0.6666666666666666,3,1.0,PITRM1
ENSG00000108010,3,3,-0.008065070593756865,0.9553418012614796,0,decreasing,1.0,8,0.375,GLRX3
ENSG00000108622,3,2,-0.042684456942221505,0.9553418012614796,1,decreasing,0.6666666666666666,5,0.6,ICAM2
ENSG00000109685,3,2,-0.004904628184298734,0.9553418012614796,1,decreasing,0.6666666666666666,5,0.6,NSD2
ENSG00000109771,3,2,-0.0004368759769601,0.9553418012614796,1,decreasing,0.6666666666666666,4,0.75,LRP2BP
ENSG00000110801,3,1,0.022784350767171734,0.9553418012614796,2,increasing,0.6666666666666666,3,1.0,PSMD9
ENSG00000111077,3,2,-0.0021119019172193,0.9553418012614796,1,decreasing,0.6666666666666666,14,0.21428571428571427,TNS2
ENSG00000111348,3,3,-0.014924568693340667,0.9553418012614796,0,decreasing,1.0,4,0.75,ARHGDIB
ENSG00000111450,3,3,-0.0022170695549767333,0.9553418012614796,0,decreasing,1.0,17,0.17647058823529413,STX2
ENSG00000111641,3,1,0.022059532349606736,0.9553418012614796,2,increasing,0.6666666666666666,4,0.75,NOP2
ENSG00000112473,3,0,0.0193079152281036,0.9553418012614796,3,increasing,1.0,4,0.75,SLC39A7
ENSG00000112977,3,3,-0.004208034667477733,0.9553418012614796,0,decreasing,1.0,9,0.3333333333333333,DAP
ENSG00000113583,3,2,-0.00046400547324983366,0.9553418012614796,1,decreasing,0.6666666666666666,16,0.1875,C5orf15
ENSG00000113621,3,2,0.0008771191860543337,0.9553418012614796,1,decreasing,0.6666666666666666,15,0.2,TXNDC15
ENSG00000113643,3,2,-0.008425765699035232,0.9553418012614796,1,decreasing,0.6666666666666666,23,0.13043478260869565,RARS1
ENSG00000113845,3,3,-0.013028788912689568,0.9553418012614796,0,decreasing,1.0,3,1.0,TIMMDC1
ENSG00000114026,3,3,-0.0246195634454135,0.9553418012614796,0,decreasing,1.0,4,0.75,OGG1
ENSG00000114686,3,3,-0.010367706081779135,0.9553418012614796,0,decreasing,1.0,8,0.375,MRPL3
ENSG00000114904,3,2,-0.028806528194393666,0.9553418012614796,1,decreasing,0.6666666666666666,4,0.75,NEK4
ENSG00000114942,3,1,0.002224888354544067,0.9553418012614796,2,increasing,0.6666666666666666,3,1.0,EEF1B2
ENSG00000115053,3,1,0.006206804422558267,0.9553418012614796,2,increasing,0.6666666666666666,5,0.6,NCL
ENSG00000115750,3,1,0.00017463253446779996,0.9553418012614796,2,increasing,0.6666666666666666,15,0.2,TAF1B
ENSG00000115762,3,1,0.0031762118803874335,0.9553418012614796,2,increasing,0.6666666666666666,7,0.42857142857142855,PLEKHB2
ENSG00000115993,3,1,0.007154579988737667,0.9553418012614796,2,increasing,0.6666666666666666,5,0.6,TRAK2
ENSG00000116191,3,3,-0.010214088182123,0.9553418012614796,0,decreasing,1.0,3,1.0,RALGPS2
ENSG00000116198,3,3,-0.014456269291179968,0.9553418012614796,0,decreasing,1.0,5,0.6,CEP104
ENSG00000116604,3,2,-0.0012290943025694001,0.9553418012614796,1,decreasing,0.6666666666666666,10,0.3,MEF2D
ENSG00000117054,3,1,0.0020898721079040668,0.9553418012614796,2,increasing,0.6666666666666666,4,0.75,ACADM
ENSG00000117411,3,3,-0.0267956403602658,0.9553418012614796,0,decreasing,1.0,3,1.0,B4GALT2
ENSG00000117643,3,3,-0.003958938056889734,0.9553418012614796,0,decreasing,1.0,3,1.0,MAN1C1
ENSG00000118680,3,2,0.008729505795764134,0.9553418012614796,1,decreasing,0.6666666666666666,8,0.375,MYL12B
ENSG00000119328,3,3,-0.004770149304115133,0.9553418012614796,0,decreasing,1.0,16,0.1875,ABITRAM
ENSG00000119616,3,3,-0.014738387920023702,0.9553418012614796,0,decreasing,1.0,9,0.3333333333333333,FCF1
ENSG00000120913,3,1,0.006794027342444266,0.9553418012614796,2,increasing,0.6666666666666666,14,0.21428571428571427,PDLIM2
ENSG00000121289,3,3,-0.004617844946014,0.9553418012614796,0,decreasing,1.0,15,0.2,CEP89
ENSG00000121578,3,3,-0.03125423653823687,0.9553418012614796,0,decreasing,1.0,9,0.3333333333333333,B4GALT4
ENSG00000121691,3,3,-0.006073594791944599,0.9553418012614796,0,decreasing,1.0,15,0.2,CAT
ENSG00000122550,3,3,-0.0092492524184933,0.9553418012614796,0,decreasing,1.0,4,0.75,KLHL7
ENSG00000124571,3,1,0.0037449383848585332,0.9553418012614796,2,increasing,0.6666666666666666,4,0.75,XPO5
ENSG00000125618,3,3,-0.008432834340588767,0.9553418012614796,0,decreasing,1.0,3,1.0,PAX8
ENSG00000125629,3,3,-0.0021103220604447,0.9553418012614796,0,decreasing,1.0,16,0.1875,INSIG2
ENSG00000125810,3,3,-0.005624543465945466,0.9553418012614796,0,decreasing,1.0,3,1.0,CD93
ENSG00000125827,3,3,-0.0060511222618302675,0.9553418012614796,0,decreasing,1.0,5,0.6,TMX4
ENSG00000127083,3,2,-0.014603672154657034,0.9553418012614796,1,decreasing,0.6666666666666666,3,1.0,OMD
ENSG00000128394,3,2,-0.0044716005860078,0.9553418012614796,1,decreasing,0.6666666666666666,3,1.0,APOBEC3F
ENSG00000128833,3,3,-0.002780087607810433,0.9553418012614796,0,decreasing,1.0,4,0.75,MYO5C
ENSG00000129667,3,2,-0.0032780858241908996,0.9553418012614796,1,decreasing,0.6666666666666666,10,0.3,RHBDF2
ENSG00000130479,3,2,-0.024567930274388198,0.9553418012614796,1,decreasing,0.6666666666666666,6,0.5,MAP1S
ENSG00000131127,3,2,-0.00022578872124810005,0.9553418012614796,1,decreasing,0.6666666666666666,4,0.75,ZNF141
ENSG00000131504,3,0,0.1195726905640918,0.9553418012614796,3,increasing,1.0,24,0.125,DIAPH1
ENSG00000132128,3,2,0.0007353893066468666,0.9553418012614796,1,decreasing,0.6666666666666666,4,0.75,LRRC41
ENSG00000132376,3,2,-0.0074188384170608005,0.9553418012614796,1,decreasing,0.6666666666666666,3,1.0,INPP5K
ENSG00000132463,3,1,0.017153000033581268,0.9553418012614796,2,increasing,0.6666666666666666,9,0.3333333333333333,GRSF1
ENSG00000132740,3,3,-0.009275605724422133,0.9553418012614796,0,decreasing,1.0,4,0.75,IGHMBP2
ENSG00000132849,3,3,-0.027063942998300564,0.9553418012614796,0,decreasing,1.0,5,0.6,PATJ
ENSG00000133106,3,3,-0.023989186620406,0.9553418012614796,0,decreasing,1.0,5,0.6,EPSTI1
ENSG00000133706,3,1,0.005691123155107366,0.9553418012614796,2,increasing,0.6666666666666666,4,0.75,LARS1
ENSG00000134077,3,3,-0.005345658851925668,0.9553418012614796,0,decreasing,1.0,15,0.2,THUMPD3
ENSG00000134245,3,2,0.0336816177666878,0.9553418012614796,1,decreasing,0.6666666666666666,3,1.0,WNT2B
ENSG00000134453,3,3,-0.09090699748261866,0.9553418012614796,0,decreasing,1.0,4,0.75,RBM17
ENSG00000134508,3,3,-0.0076200880584309,0.9553418012614796,0,decreasing,1.0,4,0.75,CABLES1
ENSG00000134532,3,3,-0.004849119046762233,0.9553418012614796,0,decreasing,1.0,3,1.0,SOX5
ENSG00000134815,3,3,-0.004792978678670133,0.9553418012614796,0,decreasing,1.0,3,1.0,DHX34
ENSG00000134830,3,1,0.0810172611650621,0.9553418012614796,2,increasing,0.6666666666666666,6,0.5,C5AR2
ENSG00000134884,3,3,-0.0040365558301617335,0.9553418012614796,0,decreasing,1.0,4,0.75,ARGLU1
ENSG00000135094,3,3,-0.0072068686910283335,0.9553418012614796,0,decreasing,1.0,4,0.75,SDS
ENSG00000135218,3,3,-0.007347258142172267,0.9553418012614796,0,decreasing,1.0,15,0.2,CD36
ENSG00000135749,3,3,-0.0230626472222238,0.9553418012614796,0,decreasing,1.0,4,0.75,PCNX2
ENSG00000135823,3,2,-0.0008788423095359667,0.9553418012614796,1,decreasing,0.6666666666666666,9,0.3333333333333333,STX6
ENSG00000135999,3,1,-0.0032252445355518988,0.9553418012614796,2,increasing,0.6666666666666666,5,0.6,EPC2
ENSG00000136040,3,2,-0.0016374821887217665,0.9553418012614796,1,decreasing,0.6666666666666666,10,0.3,PLXNC1
ENSG00000136068,3,3,-0.006196222322888867,0.9553418012614796,0,decreasing,1.0,4,0.75,FLNB
ENSG00000136146,3,3,-0.027091051548088302,0.9553418012614796,0,decreasing,1.0,17,0.17647058823529413,MED4
ENSG00000136271,3,1,0.0061183109167298995,0.9553418012614796,2,increasing,0.6666666666666666,3,1.0,DDX56
ENSG00000136682,3,3,-0.005089085014123266,0.9553418012614796,0,decreasing,1.0,9,0.3333333333333333,CBWD2
ENSG00000136807,3,1,0.0003240997931670669,0.9553418012614796,2,increasing,0.6666666666666666,4,0.75,CDK9
ENSG00000136878,3,3,-0.019783816587586534,0.9553418012614796,0,decreasing,1.0,5,0.6,USP20
ENSG00000136942,3,2,0.0260498026355336,0.9553418012614796,1,decreasing,0.6666666666666666,3,1.0,RPL35
ENSG00000137312,3,3,-0.011790257020730601,0.9553418012614796,0,decreasing,1.0,5,0.6,FLOT1
ENSG00000138107,3,3,-0.02611858661486083,0.9553418012614796,0,decreasing,1.0,20,0.15,ACTR1A
ENSG00000138138,3,1,0.0101059391012943,0.9553418012614796,2,increasing,0.6666666666666666,9,0.3333333333333333,ATAD1
ENSG00000138606,3,3,-0.0036150718466610335,0.9553418012614796,0,decreasing,1.0,3,1.0,SHF
ENSG00000139190,3,2,-8.176762203620028e-05,0.9553418012614796,1,decreasing,0.6666666666666666,3,1.0,VAMP1
ENSG00000139684,3,3,-0.0058601490159057995,0.9553418012614796,0,decreasing,1.0,15,0.2,ESD
ENSG00000139718,3,3,-0.0098315754604511,0.9553418012614796,0,decreasing,1.0,3,1.0,SETD1B
ENSG00000140379,3,0,0.0098721600209967,0.9553418012614796,3,increasing,1.0,15,0.2,BCL2A1
ENSG00000140391,3,2,-0.0036606685541713,0.9553418012614796,1,decreasing,0.6666666666666666,8,0.375,TSPAN3
ENSG00000140497,3,2,0.007089090162091301,0.9553418012614796,1,decreasing,0.6666666666666666,8,0.375,SCAMP2
ENSG00000140526,3,1,0.0057203482129979345,0.9553418012614796,2,increasing,0.6666666666666666,22,0.13636363636363635,ABHD2
ENSG00000140650,3,2,-0.0009170821868716665,0.9553418012614796,1,decreasing,0.6666666666666666,5,0.6,PMM2
ENSG00000141002,3,1,0.002708190279543133,0.9553418012614796,2,increasing,0.6666666666666666,9,0.3333333333333333,TCF25
ENSG00000141127,3,2,0.001622659509688467,0.9553418012614796,1,decreasing,0.6666666666666666,4,0.75,PRPSAP2
ENSG00000142168,3,3,-0.0101334056836348,0.9553418012614796,0,decreasing,1.0,4,0.75,SOD1
ENSG00000142751,3,1,0.0042892202919956,0.9553418012614796,2,increasing,0.6666666666666666,8,0.375,GPN2
ENSG00000143256,3,2,-0.0010361817116595333,0.9553418012614796,1,decreasing,0.6666666666666666,17,0.17647058823529413,PFDN2
ENSG00000143436,3,2,0.05249392561148167,0.9553418012614796,1,decreasing,0.6666666666666666,3,1.0,MRPL9
ENSG00000144152,3,3,-0.048239364646362796,0.9553418012614796,0,decreasing,1.0,3,1.0,FBLN7
ENSG00000144554,3,3,-0.010868091630252569,0.9553418012614796,0,decreasing,1.0,4,0.75,FANCD2
ENSG00000144741,3,2,-0.014840896612271101,0.9553418012614796,1,decreasing,0.6666666666666666,10,0.3,SLC25A26
ENSG00000145241,3,3,-0.0032402269891204003,0.9553418012614796,0,decreasing,1.0,4,0.75,CENPC
ENSG00000145348,3,3,-0.0116830538797476,0.9553418012614796,0,decreasing,1.0,5,0.6,TBCK
ENSG00000145868,3,1,-0.014019644470859266,0.9553418012614796,2,increasing,0.6666666666666666,3,1.0,FBXO38
ENSG00000145936,3,3,-0.012208271303120966,0.9553418012614796,0,decreasing,1.0,3,1.0,KCNMB1
ENSG00000147679,3,1,0.0086086284084018,0.9553418012614796,2,increasing,0.6666666666666666,10,0.3,UTP23
ENSG00000148057,3,3,-0.0029911188054471335,0.9553418012614796,0,decreasing,1.0,4,0.75,IDNK
ENSG00000148484,3,3,-0.0152086266169564,0.9553418012614796,0,decreasing,1.0,5,0.6,RSU1
ENSG00000148730,3,1,0.004444865889576867,0.9553418012614796,2,increasing,0.6666666666666666,10,0.3,EIF4EBP2
ENSG00000148950,3,1,0.035623988620847064,0.9553418012614796,2,increasing,0.6666666666666666,4,0.75,IMMP1L
ENSG00000149483,3,3,-0.0101332441439046,0.9553418012614796,0,decreasing,1.0,6,0.5,TMEM138
ENSG00000151136,3,3,-0.0035051498781778333,0.9553418012614796,0,decreasing,1.0,4,0.75,BTBD11
ENSG00000151287,3,2,0.0004497203441503667,0.9553418012614796,1,decreasing,0.6666666666666666,14,0.21428571428571427,TEX30
ENSG00000151849,3,3,-0.006273208457304333,0.9553418012614796,0,decreasing,1.0,3,1.0,CENPJ
ENSG00000152684,3,2,-0.0008365649082183998,0.9553418012614796,1,decreasing,0.6666666666666666,3,1.0,PELO
ENSG00000152795,3,2,-0.001661138535507,0.9553418012614796,1,decreasing,0.6666666666666666,8,0.375,HNRNPDL
ENSG00000153187,3,1,0.0077358235030663336,0.9553418012614796,2,increasing,0.6666666666666666,9,0.3333333333333333,HNRNPU
ENSG00000154359,3,3,-0.033914512241641534,0.9553418012614796,0,decreasing,1.0,3,1.0,LONRF1
ENSG00000154473,3,1,-0.0018861502714114997,0.9553418012614796,2,increasing,0.6666666666666666,3,1.0,BUB3
ENSG00000155229,3,3,-0.005546443813212833,0.9553418012614796,0,decreasing,1.0,18,0.16666666666666666,MMS19
ENSG00000155275,3,2,0.031681695521452065,0.9553418012614796,1,decreasing,0.6666666666666666,15,0.2,TRMT44
ENSG00000156482,3,2,0.0008996561198025664,0.9553418012614796,1,decreasing,0.6666666666666666,15,0.2,RPL30
ENSG00000156976,3,3,-0.013635744513508533,0.9553418012614796,0,decreasing,1.0,3,1.0,EIF4A2
ENSG00000158292,3,1,0.003164179554895267,0.9553418012614796,2,increasing,0.6666666666666666,4,0.75,GPR153
ENSG00000158411,3,3,-0.0038447000543797663,0.9553418012614796,0,decreasing,1.0,16,0.1875,MITD1
ENSG00000158850,3,2,-0.023521644132294864,0.9553418012614796,1,decreasing,0.6666666666666666,3,1.0,B4GALT3
ENSG00000160049,3,3,-0.001488674669032533,0.9553418012614796,0,decreasing,1.0,5,0.6,DFFA
ENSG00000160199,3,3,-0.0027543037150742004,0.9553418012614796,0,decreasing,1.0,23,0.13043478260869565,PKNOX1
ENSG00000160633,3,1,-0.0029704164225737334,0.9553418012614796,2,increasing,0.6666666666666666,5,0.6,SAFB
ENSG00000160908,3,2,0.0005198168910139003,0.9553418012614796,1,decreasing,0.6666666666666666,9,0.3333333333333333,ZNF394
ENSG00000161542,3,3,-0.007276707517948667,0.9553418012614796,0,decreasing,1.0,3,1.0,PRPSAP1
ENSG00000162408,3,1,0.0026695306001197666,0.9553418012614796,2,increasing,0.6666666666666666,10,0.3,NOL9
ENSG00000162413,3,0,0.017610808508013533,0.9553418012614796,3,increasing,1.0,7,0.42857142857142855,KLHL21
ENSG00000162804,3,2,-0.007241901053686766,0.9553418012614796,1,decreasing,0.6666666666666666,5,0.6,SNED1
ENSG00000163191,3,1,0.0012250850431042997,0.9553418012614796,2,increasing,0.6666666666666666,6,0.5,S100A11
ENSG00000163453,3,3,-0.006385953620959166,0.9553418012614796,0,decreasing,1.0,3,1.0,IGFBP7
ENSG00000163577,3,3,-0.021335213119188633,0.9553418012614796,0,decreasing,1.0,4,0.75,EIF5A2
ENSG00000163738,3,1,0.010106728003250033,0.9553418012614796,2,increasing,0.6666666666666666,6,0.5,MTHFD2L
ENSG00000163743,3,3,-0.0118937186119159,0.9553418012614796,0,decreasing,1.0,4,0.75,RCHY1
ENSG00000163746,3,2,0.0006333406721741669,0.9553418012614796,1,decreasing,0.6666666666666666,4,0.75,PLSCR2
ENSG00000163755,3,2,-0.0078114602739476,0.9553418012614796,1,decreasing,0.6666666666666666,4,0.75,HPS3
ENSG00000163823,3,3,-0.0157130209565346,0.9553418012614796,0,decreasing,1.0,6,0.5,CCR1
ENSG00000163938,3,3,-0.0547276174338252,0.9553418012614796,0,decreasing,1.0,10,0.3,GNL3
ENSG00000163945,3,3,-0.027834703287616266,0.9553418012614796,0,decreasing,1.0,3,1.0,UVSSA
ENSG00000164187,3,1,-0.0223286305087329,0.9553418012614796,2,increasing,0.6666666666666666,9,0.3333333333333333,LMBRD2
ENSG00000164292,3,2,0.004667800619952366,0.9553418012614796,1,decreasing,0.6666666666666666,8,0.375,RHOBTB3
ENSG00000164307,3,2,-0.0010255327094761666,0.9553418012614796,1,decreasing,0.6666666666666666,9,0.3333333333333333,ERAP1
ENSG00000164576,3,1,-0.007205293141404365,0.9553418012614796,2,increasing,0.6666666666666666,3,1.0,SAP30L
ENSG00000164626,3,3,-0.003867474350051667,0.9553418012614796,0,decreasing,1.0,3,1.0,KCNK5
ENSG00000164659,3,3,-0.006978756150808334,0.9553418012614796,0,decreasing,1.0,4,0.75,KIAA1324L
ENSG00000164713,3,3,-0.006724744290760899,0.9553418012614796,0,decreasing,1.0,9,0.3333333333333333,BRI3
ENSG00000164715,3,1,0.003269847309935133,0.9553418012614796,2,increasing,0.6666666666666666,5,0.6,LMTK2
ENSG00000164902,3,2,-0.0021197069101990336,0.9553418012614796,1,decreasing,0.6666666666666666,4,0.75,PHAX
ENSG00000164944,3,2,0.0018694256176002334,0.9553418012614796,1,decreasing,0.6666666666666666,9,0.3333333333333333,VIRMA
ENSG00000165105,3,1,0.015926634546387566,0.9553418012614796,2,increasing,0.6666666666666666,5,0.6,RASEF
ENSG00000165434,3,3,-0.0112697820547657,0.9553418012614796,0,decreasing,1.0,5,0.6,PGM2L1
ENSG00000165591,3,3,-0.0044430855359207,0.9553418012614796,0,decreasing,1.0,10,0.3,FAAH2
ENSG00000165646,3,3,-0.014098481364958832,0.9553418012614796,0,decreasing,1.0,4,0.75,SLC18A2
ENSG00000165650,3,3,-0.050815689072705866,0.9553418012614796,0,decreasing,1.0,4,0.75,PDZD8
ENSG00000165752,3,3,-0.0019282947324339667,0.9553418012614796,0,decreasing,1.0,22,0.13636363636363635,STK32C
ENSG00000165879,3,2,0.0052819967987771,0.9553418012614796,1,decreasing,0.6666666666666666,4,0.75,FRAT1
ENSG00000165934,3,2,0.019261591884051903,0.9553418012614796,1,decreasing,0.6666666666666666,7,0.42857142857142855,CPSF2
ENSG00000166130,3,3,-0.004236683991593467,0.9553418012614796,0,decreasing,1.0,17,0.17647058823529413,IKBIP
ENSG00000166197,3,3,-0.009870531942545334,0.9553418012614796,0,decreasing,1.0,15,0.2,NOLC1
ENSG00000166595,3,3,-0.007872155115100733,0.9553418012614796,0,decreasing,1.0,3,1.0,CIAO2B
ENSG00000166926,3,2,-0.0012858550852713,0.9553418012614796,1,decreasing,0.6666666666666666,9,0.3333333333333333,MS4A6E
ENSG00000167005,3,3,-0.018204336582504768,0.9553418012614796,0,decreasing,1.0,4,0.75,NUDT21
ENSG00000167094,3,3,-0.016827966903899868,0.9553418012614796,0,decreasing,1.0,3,1.0,TTC16
ENSG00000167232,3,2,-0.019296137886956367,0.9553418012614796,1,decreasing,0.6666666666666666,10,0.3,ZNF91
ENSG00000167261,3,2,0.0266961921098645,0.9553418012614796,1,decreasing,0.6666666666666666,7,0.42857142857142855,DPEP2
ENSG00000167325,3,0,0.10132960473311348,0.9553418012614796,3,increasing,1.0,7,0.42857142857142855,RRM1
ENSG00000167470,3,3,-0.004950181755602367,0.9553418012614796,0,decreasing,1.0,3,1.0,MIDN
ENSG00000167604,3,2,-0.023419387064122,0.9553418012614796,1,decreasing,0.6666666666666666,8,0.375,NFKBID
ENSG00000167693,3,2,0.0024944601048287334,0.9553418012614796,1,decreasing,0.6666666666666666,4,0.75,NXN
ENSG00000168395,3,2,-0.002598131837497133,0.9553418012614796,1,decreasing,0.6666666666666666,18,0.16666666666666666,ING5
ENSG00000168734,3,2,-0.008790634989298234,0.9553418012614796,1,decreasing,0.6666666666666666,6,0.5,PKIG
ENSG00000168924,3,3,-0.012360576205591266,0.9553418012614796,0,decreasing,1.0,4,0.75,LETM1
ENSG00000169116,3,2,0.003841884206754367,0.9553418012614796,1,decreasing,0.6666666666666666,4,0.75,PARM1
ENSG00000169188,3,3,-0.000979781677714,0.9553418012614796,0,decreasing,1.0,14,0.21428571428571427,APEX2
ENSG00000170035,3,3,-0.0010294858082199334,0.9553418012614796,0,decreasing,1.0,16,0.1875,UBE2E3
ENSG00000170270,3,3,-0.0101711386075469,0.9553418012614796,0,decreasing,1.0,3,1.0,GON7
ENSG00000170445,3,2,0.0004436437568302,0.9553418012614796,1,decreasing,0.6666666666666666,3,1.0,HARS1
ENSG00000171044,3,3,-0.0061694944771137,0.9553418012614796,0,decreasing,1.0,3,1.0,XKR6
ENSG00000171100,3,2,-0.0008718388825878667,0.9553418012614796,1,decreasing,0.6666666666666666,15,0.2,MTM1
ENSG00000171222,3,1,0.0037731215517932334,0.9553418012614796,2,increasing,0.6666666666666666,4,0.75,SCAND1
ENSG00000171456,3,3,-0.0053179640152394006,0.9553418012614796,0,decreasing,1.0,16,0.1875,ASXL1
ENSG00000171476,3,1,0.001557687127000467,0.9553418012614796,2,increasing,0.6666666666666666,5,0.6,HOPX
ENSG00000172264,3,3,-0.008365436241387234,0.9553418012614796,0,decreasing,1.0,10,0.3,MACROD2
ENSG00000172650,3,3,-0.017390994595559334,0.9553418012614796,0,decreasing,1.0,3,1.0,AGAP5
ENSG00000172771,3,3,-0.014939158395881868,0.9553418012614796,0,decreasing,1.0,4,0.75,EFCAB12
ENSG00000173020,3,3,-0.0048803094469771335,0.9553418012614796,0,decreasing,1.0,3,1.0,GRK2
ENSG00000173442,3,3,-0.007263970733755999,0.9553418012614796,0,decreasing,1.0,3,1.0,EHBP1L1
ENSG00000173706,3,3,-0.019668369880067767,0.9553418012614796,0,decreasing,1.0,8,0.375,HEG1
ENSG00000173875,3,2,-0.009148675197374832,0.9553418012614796,1,decreasing,0.6666666666666666,8,0.375,ZNF791
ENSG00000174032,3,3,-0.0017582277489216,0.9553418012614796,0,decreasing,1.0,15,0.2,SLC25A30
ENSG00000174428,3,3,-0.0043360926990568,0.9553418012614796,0,decreasing,1.0,10,0.3,GTF2IRD2B
ENSG00000175048,3,3,-0.007811176131068934,0.9553418012614796,0,decreasing,1.0,9,0.3333333333333333,ZDHHC14
ENSG00000175390,3,2,0.001533593530874633,0.9553418012614796,1,decreasing,0.6666666666666666,4,0.75,EIF3F
ENSG00000175606,3,3,-0.009601183334678865,0.9553418012614796,0,decreasing,1.0,8,0.375,TMEM70
ENSG00000176386,3,3,-0.0250851047823993,0.9553418012614796,0,decreasing,1.0,7,0.42857142857142855,CDC26
ENSG00000176533,3,3,-0.007552372356002601,0.9553418012614796,0,decreasing,1.0,4,0.75,GNG7
ENSG00000176853,3,3,-0.008572710446742134,0.9553418012614796,0,decreasing,1.0,3,1.0,FAM91A1
ENSG00000176915,3,0,0.014931817863025802,0.9553418012614796,3,increasing,1.0,8,0.375,ANKLE2
ENSG00000177570,3,2,0.0005941184078705001,0.9553418012614796,1,decreasing,0.6666666666666666,5,0.6,SAMD12
ENSG00000178053,3,3,-0.005355071949503333,0.9553418012614796,0,decreasing,1.0,4,0.75,MLF1
ENSG00000178802,3,3,-0.020959449986127532,0.9553418012614796,0,decreasing,1.0,3,1.0,MPI
ENSG00000179152,3,2,0.003092003634704133,0.9553418012614796,1,decreasing,0.6666666666666666,16,0.1875,TCAIM
ENSG00000180008,3,2,0.0064611754122409675,0.9553418012614796,1,decreasing,0.6666666666666666,4,0.75,SOCS4
ENSG00000180817,3,3,-0.0036956082003724,0.9553418012614796,0,decreasing,1.0,5,0.6,PPA1
ENSG00000181631,3,3,-0.0025485294215152666,0.9553418012614796,0,decreasing,1.0,14,0.21428571428571427,P2RY13
ENSG00000181789,3,1,0.012200059349949268,0.9553418012614796,2,increasing,0.6666666666666666,5,0.6,COPG1
ENSG00000182010,3,3,-0.006708909135524,0.9553418012614796,0,decreasing,1.0,4,0.75,RTKN2
ENSG00000182185,3,3,-0.0024688857085076996,0.9553418012614796,0,decreasing,1.0,24,0.125,RAD51B
ENSG00000183508,3,3,-0.03430410666973633,0.9553418012614796,0,decreasing,1.0,4,0.75,TENT5C
ENSG00000183624,3,3,-0.011412365324766935,0.9553418012614796,0,decreasing,1.0,4,0.75,HMCES
ENSG00000183696,3,2,0.0001999261004491,0.9553418012614796,1,decreasing,0.6666666666666666,22,0.13636363636363635,UPP1
ENSG00000184009,3,2,-0.0099721394303277,0.9553418012614796,1,decreasing,0.6666666666666666,4,0.75,ACTG1
ENSG00000184209,3,3,-0.025781315606704134,0.9553418012614796,0,decreasing,1.0,3,1.0,SNRNP35
ENSG00000184545,3,3,-0.10486904473903003,0.9553418012614796,0,decreasing,1.0,7,0.42857142857142855,DUSP8
ENSG00000184613,3,3,-0.005204858227463567,0.9553418012614796,0,decreasing,1.0,3,1.0,NELL2
ENSG00000185049,3,2,-0.0016274884458228334,0.9553418012614796,1,decreasing,0.6666666666666666,4,0.75,NELFA
ENSG00000185278,3,1,0.008166486635289768,0.9553418012614796,2,increasing,0.6666666666666666,4,0.75,ZBTB37
ENSG00000185432,3,3,-0.002379276308177367,0.9553418012614796,0,decreasing,1.0,14,0.21428571428571427,METTL7A
ENSG00000185442,3,3,-0.0065229424768070005,0.9553418012614796,0,decreasing,1.0,4,0.75,FAM174B
ENSG00000185477,3,2,0.0013259711469540004,0.9553418012614796,1,decreasing,0.6666666666666666,23,0.13043478260869565,GPRIN3
ENSG00000185973,3,3,-0.0031206406085853666,0.9553418012614796,0,decreasing,1.0,18,0.16666666666666666,TMLHE
ENSG00000186104,3,2,-0.015096203211393133,0.9553418012614796,1,decreasing,0.6666666666666666,7,0.42857142857142855,CYP2R1
ENSG00000186350,3,0,0.03317083294277013,0.9553418012614796,3,increasing,1.0,3,1.0,RXRA
ENSG00000187775,3,2,0.06093611861847864,0.9553418012614796,1,decreasing,0.6666666666666666,8,0.375,DNAH17
ENSG00000188321,3,3,-0.014926496568954733,0.9553418012614796,0,decreasing,1.0,3,1.0,ZNF559
ENSG00000188739,3,1,0.0070201383632493,0.9553418012614796,2,increasing,0.6666666666666666,16,0.1875,RBM34
ENSG00000188997,3,3,-0.011148614897682665,0.9553418012614796,0,decreasing,1.0,3,1.0,KCTD21
ENSG00000196961,3,1,0.0013631584950347666,0.9553418012614796,2,increasing,0.6666666666666666,16,0.1875,AP2A1
ENSG00000197043,3,3,-0.0027873032375260996,0.9553418012614796,0,decreasing,1.0,4,0.75,ANXA6
ENSG00000197111,3,1,-0.00043115289383646667,0.9553418012614796,2,increasing,0.6666666666666666,18,0.16666666666666666,PCBP2
ENSG00000197124,3,3,-0.0059667092043468,0.9553418012614796,0,decreasing,1.0,4,0.75,ZNF682
ENSG00000197429,3,3,-0.0038776173622034667,0.9553418012614796,0,decreasing,1.0,4,0.75,IPP
ENSG00000197457,3,3,-0.0063672855732172665,0.9553418012614796,0,decreasing,1.0,3,1.0,STMN3
ENSG00000197748,3,3,-0.0011765320752051,0.9553418012614796,0,decreasing,1.0,19,0.15789473684210525,CFAP43
ENSG00000197857,3,3,-0.0244132805585817,0.9553418012614796,0,decreasing,1.0,8,0.375,ZNF44
ENSG00000197863,3,3,-0.09669203271174609,0.9553418012614796,0,decreasing,1.0,7,0.42857142857142855,ZNF790
ENSG00000198160,3,2,-0.0038497619118114334,0.9553418012614796,1,decreasing,0.6666666666666666,9,0.3333333333333333,MIER1
ENSG00000198231,3,2,0.0007133554844296,0.9553418012614796,1,decreasing,0.6666666666666666,3,1.0,DDX42
ENSG00000198242,3,3,-0.0058382138540809675,0.9553418012614796,0,decreasing,1.0,3,1.0,RPL23A
ENSG00000198408,3,3,-0.019849775081523403,0.9553418012614796,0,decreasing,1.0,24,0.125,OGA
ENSG00000198586,3,1,-0.0009401722913482668,0.9553418012614796,2,increasing,0.6666666666666666,10,0.3,TLK1
ENSG00000198774,3,3,-0.0068611520946885,0.9553418012614796,0,decreasing,1.0,14,0.21428571428571427,RASSF9
ENSG00000198863,3,2,0.00023558212905910002,0.9553418012614796,1,decreasing,0.6666666666666666,4,0.75,RUNDC1
ENSG00000204516,3,3,-0.003350858526284467,0.9553418012614796,0,decreasing,1.0,3,1.0,MICB
ENSG00000213523,3,3,-0.006759990971242801,0.9553418012614796,0,decreasing,1.0,4,0.75,SRA1
ENSG00000213626,3,3,-0.026869865584597964,0.9553418012614796,0,decreasing,1.0,4,0.75,LBH
ENSG00000213965,3,2,-0.0003296711356932,0.9553418012614796,1,decreasing,0.6666666666666666,14,0.21428571428571427,NUDT19
ENSG00000215193,3,3,-0.005076884991986667,0.9553418012614796,0,decreasing,1.0,8,0.375,PEX26
ENSG00000226979,3,3,-0.0098646985956559,0.9553418012614796,0,decreasing,1.0,4,0.75,LTA
ENSG00000239713,3,1,0.004849369308801233,0.9553418012614796,2,increasing,0.6666666666666666,8,0.375,APOBEC3G
ENSG00000239900,3,1,0.016918854591203767,0.9553418012614796,2,increasing,0.6666666666666666,4,0.75,ADSL
ENSG00000259066,3,0,0.017611426120203066,0.9553418012614796,3,increasing,1.0,8,0.375,AL110118.2
ENSG00000259305,3,2,-0.006951973106893133,0.9553418012614796,1,decreasing,0.6666666666666666,8,0.375,ZHX1-C8orf76
ENSG00000261832,3,3,-0.020092872153030267,0.9553418012614796,0,decreasing,1.0,8,0.375,AC138894.1
ENSG00000265354,3,1,0.0051599669145228995,0.9553418012614796,2,increasing,0.6666666666666666,6,0.5,TIMM23
ENSG00000268790,3,3,-0.022944692213824534,0.9553418012614796,0,decreasing,1.0,4,0.75,AC008764.4
ENSG00000269242,3,3,-0.016321156170391166,0.9553418012614796,0,decreasing,1.0,3,1.0,AC010422.3
ENSG00000269743,3,3,-0.003479230364847033,0.9553418012614796,0,decreasing,1.0,4,0.75,SLC25A53
ENSG00000273331,3,2,0.036955140755107335,0.9553418012614796,1,decreasing,0.6666666666666666,7,0.42857142857142855,TM4SF19-TCTEX1D2
ENSG00000275895,3,1,0.001881505063375433,0.9553418012614796,2,increasing,0.6666666666666666,3,1.0,U2AF1L5
ENSG00000278540,3,3,-0.0157563355906228,0.9553418012614796,0,decreasing,1.0,5,0.6,ACACA
ENSG00000280433,3,3,-0.015433960237408567,0.9553418012614796,0,decreasing,1.0,15,0.2,FP565260.6
ENSG00000284989,3,0,0.009575037560627532,0.9553418012614796,3,increasing,1.0,6,0.5,AL451062.4
ENSG00000285188,3,3,-0.0026578689002153,0.9553418012614796,0,decreasing,1.0,17,0.17647058823529413,AC008397.2
ENSG00000285978,3,3,-0.020582586745686835,0.9553418012614796,0,decreasing,1.0,3,1.0,AC113348.2
ENSG00000100109,3,3,-0.0011330782914562665,0.948683298050514,0,decreasing,1.0,14,0.21428571428571427,TFIP11
ENSG00000100890,3,3,-0.013805246481640101,0.948683298050514,0,decreasing,1.0,9,0.3333333333333333,PRORP
ENSG00000105290,3,3,-0.03018327132130377,0.948683298050514,0,decreasing,1.0,6,0.5,APLP1
ENSG00000131732,3,3,-0.0029903018283921334,0.948683298050514,0,decreasing,1.0,7,0.42857142857142855,ZCCHC9
ENSG00000148308,3,3,-0.0135421474854332,0.948683298050514,0,decreasing,1.0,5,0.6,GTF3C5
ENSG00000163879,3,3,-0.008715522067278632,0.948683298050514,0,decreasing,1.0,6,0.5,DNALI1
ENSG00000186468,3,3,-0.008833492403023334,0.948683298050514,0,decreasing,1.0,5,0.6,RPS23
ENSG00000025434,3,3,-0.0148533977710183,0.9382362339449842,0,decreasing,1.0,6,0.5,NR1H3
ENSG00000078070,3,3,-0.036444050651717096,0.9382362339449842,0,decreasing,1.0,8,0.375,MCCC1
ENSG00000089041,3,2,0.030041169417084998,0.9382362339449842,1,decreasing,0.6666666666666666,6,0.5,P2RX7
ENSG00000089157,3,3,-0.0056414423510578,0.9382362339449842,0,decreasing,1.0,6,0.5,RPLP0
ENSG00000091483,3,2,-0.0019654459986408667,0.9382362339449842,1,decreasing,0.6666666666666666,6,0.5,FH
ENSG00000100364,3,2,0.011570135303366069,0.9382362339449842,1,decreasing,0.6666666666666666,7,0.42857142857142855,KIAA0930
ENSG00000104131,3,3,-0.008810585566813701,0.9382362339449842,0,decreasing,1.0,9,0.3333333333333333,EIF3J
ENSG00000106086,3,3,-0.0017453536488740333,0.9382362339449842,0,decreasing,1.0,15,0.2,PLEKHA8
ENSG00000106105,3,3,-0.0116118937539468,0.9382362339449842,0,decreasing,1.0,9,0.3333333333333333,GARS1
ENSG00000112242,3,3,-0.01122558530909,0.9382362339449842,0,decreasing,1.0,7,0.42857142857142855,E2F3
ENSG00000114126,3,2,0.0004454740837200998,0.9382362339449842,1,decreasing,0.6666666666666666,10,0.3,TFDP2
ENSG00000115216,3,3,-0.026578996934305196,0.9382362339449842,0,decreasing,1.0,15,0.2,NRBP1
ENSG00000116750,3,3,-0.0019947924690491333,0.9382362339449842,0,decreasing,1.0,20,0.15,UCHL5
ENSG00000118518,3,3,-0.008686969785683634,0.9382362339449842,0,decreasing,1.0,15,0.2,RNF146
ENSG00000119431,3,2,-0.002583507186078067,0.9382362339449842,1,decreasing,0.6666666666666666,8,0.375,HDHD3
ENSG00000121104,3,3,-0.0108649280079151,0.9382362339449842,0,decreasing,1.0,10,0.3,FAM117A
ENSG00000124098,3,3,-0.008233798897050832,0.9382362339449842,0,decreasing,1.0,7,0.42857142857142855,FAM210B
ENSG00000124193,3,2,0.0055234646616074,0.9382362339449842,1,decreasing,0.6666666666666666,6,0.5,SRSF6
ENSG00000126247,3,2,0.0021665836314049332,0.9382362339449842,1,decreasing,0.6666666666666666,8,0.375,CAPNS1
ENSG00000127311,3,3,-0.003076846756851367,0.9382362339449842,0,decreasing,1.0,18,0.16666666666666666,HELB
ENSG00000128789,3,2,0.006634158261728767,0.9382362339449842,1,decreasing,0.6666666666666666,6,0.5,PSMG2
ENSG00000134086,3,1,0.017289407307914333,0.9382362339449842,2,increasing,0.6666666666666666,7,0.42857142857142855,VHL
ENSG00000134909,3,3,-0.081241849788879,0.9382362339449842,0,decreasing,1.0,7,0.42857142857142855,ARHGAP32
ENSG00000136279,3,2,0.0004963622791836665,0.9382362339449842,1,decreasing,0.6666666666666666,7,0.42857142857142855,DBNL
ENSG00000138794,3,1,0.0037665811162068334,0.9382362339449842,2,increasing,0.6666666666666666,8,0.375,CASP6
ENSG00000141447,3,1,0.004578782353699967,0.9382362339449842,2,increasing,0.6666666666666666,21,0.14285714285714285,OSBPL1A
ENSG00000152380,3,3,-0.0040912777548221665,0.9382362339449842,0,decreasing,1.0,8,0.375,FAM151B
ENSG00000152413,3,3,-0.003461420265741233,0.9382362339449842,0,decreasing,1.0,10,0.3,HOMER1
ENSG00000153879,3,1,0.0045769852861689666,0.9382362339449842,2,increasing,0.6666666666666666,14,0.21428571428571427,CEBPG
ENSG00000153933,3,3,-0.0136222737736595,0.9382362339449842,0,decreasing,1.0,9,0.3333333333333333,DGKE
ENSG00000163629,3,2,0.002998606183463499,0.9382362339449842,1,decreasing,0.6666666666666666,10,0.3,PTPN13
ENSG00000163798,3,3,-0.0038178638928338666,0.9382362339449842,0,decreasing,1.0,15,0.2,SLC4A1AP
ENSG00000167515,3,3,-0.008404448766259967,0.9382362339449842,0,decreasing,1.0,6,0.5,TRAPPC2L
ENSG00000167972,3,3,-0.0041460232353564665,0.9382362339449842,0,decreasing,1.0,8,0.375,ABCA3
ENSG00000172687,3,3,-0.003363491821451433,0.9382362339449842,0,decreasing,1.0,15,0.2,ZNF738
ENSG00000173812,3,3,-0.003922756842174333,0.9382362339449842,0,decreasing,1.0,7,0.42857142857142855,EIF1
ENSG00000178585,3,3,-0.02505945037201747,0.9382362339449842,0,decreasing,1.0,9,0.3333333333333333,CTNNBIP1
ENSG00000179820,3,2,-0.0037999152961521667,0.9382362339449842,1,decreasing,0.6666666666666666,7,0.42857142857142855,MYADM
ENSG00000180104,3,2,-0.004289953654191033,0.9382362339449842,1,decreasing,0.6666666666666666,6,0.5,EXOC3
ENSG00000180198,3,2,0.0018501056476801332,0.9382362339449842,1,decreasing,0.6666666666666666,10,0.3,RCC1
ENSG00000181804,3,2,-0.004750500268127767,0.9382362339449842,1,decreasing,0.6666666666666666,10,0.3,SLC9A9
ENSG00000186020,3,3,-0.02368078968792793,0.9382362339449842,0,decreasing,1.0,9,0.3333333333333333,ZNF529
ENSG00000188313,3,1,0.0056652701787506,0.9382362339449842,2,increasing,0.6666666666666666,10,0.3,PLSCR1
ENSG00000196090,3,3,-0.005211407999217567,0.9382362339449842,0,decreasing,1.0,19,0.15789473684210525,PTPRT
ENSG00000196839,3,2,-0.0027861280158854667,0.9382362339449842,1,decreasing,0.6666666666666666,7,0.42857142857142855,ADA
ENSG00000198053,3,3,-0.0353551662300939,0.9382362339449842,0,decreasing,1.0,6,0.5,SIRPA
ENSG00000198431,3,3,-0.010659413127770566,0.9382362339449842,0,decreasing,1.0,7,0.42857142857142855,TXNRD1
ENSG00000198918,3,3,-0.006881926813026734,0.9382362339449842,0,decreasing,1.0,9,0.3333333333333333,RPL39
ENSG00000204576,3,3,-0.008733096441374367,0.9382362339449842,0,decreasing,1.0,9,0.3333333333333333,PRR3
ENSG00000205045,3,3,-0.006001285496937767,0.9382362339449842,0,decreasing,1.0,8,0.375,SLFN12L
ENSG00000283977,3,2,-0.0033805620982590005,0.9382362339449842,1,decreasing,0.6666666666666666,7,0.42857142857142855,AC084337.2
ENSG00000079819,3,3,-0.0032531471385070336,0.921130666628489,0,decreasing,1.0,9,0.3333333333333333,EPB41L2
ENSG00000124256,3,3,-0.006861269659010033,0.921130666628489,0,decreasing,1.0,9,0.3333333333333333,ZBP1
ENSG00000125503,3,3,-0.0072191284541806,0.921130666628489,0,decreasing,1.0,6,0.5,PPP1R12C
ENSG00000129460,3,3,-0.009964643647756333,0.921130666628489,0,decreasing,1.0,7,0.42857142857142855,NGDN
ENSG00000130956,3,3,-0.0021390232175298334,0.921130666628489,0,decreasing,1.0,8,0.375,HABP4
ENSG00000131759,3,2,-0.009946013128550334,0.921130666628489,1,decreasing,0.6666666666666666,6,0.5,RARA
ENSG00000134987,3,2,-0.0069533713190946,0.921130666628489,1,decreasing,0.6666666666666666,8,0.375,WDR36
ENSG00000149257,3,3,-0.013705918423757632,0.921130666628489,0,decreasing,1.0,8,0.375,SERPINH1
ENSG00000158122,3,3,-0.0040617573026685,0.921130666628489,0,decreasing,1.0,6,0.5,PRXL2C
ENSG00000181396,3,3,-0.027452027169234564,0.921130666628489,0,decreasing,1.0,7,0.42857142857142855,OGFOD3
ENSG00000197818,3,3,-0.010911853315480368,0.921130666628489,0,decreasing,1.0,9,0.3333333333333333,SLC9A8
ENSG00000005700,3,3,-0.0070509390762633,0.9106836025229592,0,decreasing,1.0,8,0.375,IBTK
ENSG00000008256,3,1,0.024471812084013302,0.9106836025229592,2,increasing,0.6666666666666666,10,0.3,CYTH3
ENSG00000010704,3,2,0.00011191690489843334,0.9106836025229592,1,decreasing,0.6666666666666666,14,0.21428571428571427,HFE
ENSG00000033867,3,3,-0.0020241224483552333,0.9106836025229592,0,decreasing,1.0,4,0.75,SLC4A7
ENSG00000037474,3,3,-0.006551822015857534,0.9106836025229592,0,decreasing,1.0,3,1.0,NSUN2
ENSG00000056277,3,3,-0.006213568386500599,0.9106836025229592,0,decreasing,1.0,4,0.75,ZNF280C
ENSG00000060138,3,3,-0.03753759809149136,0.9106836025229592,0,decreasing,1.0,4,0.75,YBX3
ENSG00000064763,3,3,-0.06181403543046304,0.9106836025229592,0,decreasing,1.0,16,0.1875,FAR2
ENSG00000066027,3,3,-0.0162696984937079,0.9106836025229592,0,decreasing,1.0,10,0.3,PPP2R5A
ENSG00000068912,3,3,-0.0045061953072578,0.9106836025229592,0,decreasing,1.0,4,0.75,ERLEC1
ENSG00000071127,3,3,-0.020422270497510733,0.9106836025229592,0,decreasing,1.0,7,0.42857142857142855,WDR1
ENSG00000073712,3,3,-0.005400460042800033,0.9106836025229592,0,decreasing,1.0,3,1.0,FERMT2
ENSG00000075275,3,3,-0.012414465037514933,0.9106836025229592,0,decreasing,1.0,3,1.0,CELSR1
ENSG00000075856,3,2,-0.004577265681662932,0.9106836025229592,1,decreasing,0.6666666666666666,8,0.375,SART3
ENSG00000076242,3,0,0.004836089586875334,0.9106836025229592,3,increasing,1.0,9,0.3333333333333333,MLH1
ENSG00000079459,3,2,-0.0021843771624079997,0.9106836025229592,1,decreasing,0.6666666666666666,18,0.16666666666666666,FDFT1
ENSG00000083750,3,3,-0.0051246158826535665,0.9106836025229592,0,decreasing,1.0,4,0.75,RRAGB
ENSG00000092978,3,3,-0.0037696838863112334,0.9106836025229592,0,decreasing,1.0,22,0.13636363636363635,GPATCH2
ENSG00000095261,3,3,-0.006622900504496966,0.9106836025229592,0,decreasing,1.0,5,0.6,PSMD5
ENSG00000100092,3,3,-0.0012647683680950667,0.9106836025229592,0,decreasing,1.0,14,0.21428571428571427,SH3BP1
ENSG00000100320,3,2,0.0056468566072884335,0.9106836025229592,1,decreasing,0.6666666666666666,16,0.1875,RBFOX2
ENSG00000100697,3,2,-0.0013628752707143669,0.9106836025229592,1,decreasing,0.6666666666666666,9,0.3333333333333333,DICER1
ENSG00000100888,3,1,0.0005980227575002666,0.9106836025229592,2,increasing,0.6666666666666666,7,0.42857142857142855,CHD8
ENSG00000101161,3,1,0.012372233502523,0.9106836025229592,2,increasing,0.6666666666666666,4,0.75,PRPF6
ENSG00000101346,3,3,-0.011028474047421633,0.9106836025229592,0,decreasing,1.0,4,0.75,POFUT1
ENSG00000101384,3,3,-0.039687598297929096,0.9106836025229592,0,decreasing,1.0,8,0.375,JAG1
ENSG00000101871,3,3,-0.008841420906983033,0.9106836025229592,0,decreasing,1.0,8,0.375,MID1
ENSG00000103043,3,1,0.007561385147970066,0.9106836025229592,2,increasing,0.6666666666666666,21,0.14285714285714285,VAC14
ENSG00000103126,3,2,-0.0020556959777076997,0.9106836025229592,1,decreasing,0.6666666666666666,14,0.21428571428571427,AXIN1
ENSG00000104356,3,3,-0.012049454614927966,0.9106836025229592,0,decreasing,1.0,14,0.21428571428571427,POP1
ENSG00000104626,3,3,-0.0013824468047282333,0.9106836025229592,0,decreasing,1.0,22,0.13636363636363635,ERI1
ENSG00000105202,3,3,-0.008133918091190467,0.9106836025229592,0,decreasing,1.0,3,1.0,FBL
ENSG00000107731,3,1,0.017775171910474466,0.9106836025229592,2,increasing,0.6666666666666666,19,0.15789473684210525,UNC5B
ENSG00000107863,3,2,-0.0002066372868170666,0.9106836025229592,1,decreasing,0.6666666666666666,10,0.3,ARHGAP21
ENSG00000109458,3,2,0.002971240034310733,0.9106836025229592,1,decreasing,0.6666666666666666,8,0.375,GAB1
ENSG00000111229,3,3,-0.0027981944497806333,0.9106836025229592,0,decreasing,1.0,14,0.21428571428571427,ARPC3
ENSG00000113140,3,3,-0.0023923673690855666,0.9106836025229592,0,decreasing,1.0,14,0.21428571428571427,SPARC
ENSG00000114446,3,2,0.0005121835611972331,0.9106836025229592,1,decreasing,0.6666666666666666,5,0.6,IFT57
ENSG00000114573,3,3,-0.009593364009021966,0.9106836025229592,0,decreasing,1.0,5,0.6,ATP6V1A
ENSG00000114867,3,3,-0.0089314998676136,0.9106836025229592,0,decreasing,1.0,5,0.6,EIF4G1
ENSG00000115392,3,3,-0.0024692533514947333,0.9106836025229592,0,decreasing,1.0,16,0.1875,FANCL
ENSG00000115652,3,2,-0.04715724811334837,0.9106836025229592,1,decreasing,0.6666666666666666,4,0.75,UXS1
ENSG00000117115,3,2,0.0203724424502558,0.9106836025229592,1,decreasing,0.6666666666666666,4,0.75,PADI2
ENSG00000117139,3,3,-0.009398733985267867,0.9106836025229592,0,decreasing,1.0,5,0.6,KDM5B
ENSG00000117602,3,3,-0.0028744367104524336,0.9106836025229592,0,decreasing,1.0,4,0.75,RCAN3
ENSG00000118620,3,1,7.682482673173321e-05,0.9106836025229592,2,increasing,0.6666666666666666,5,0.6,ZNF430
ENSG00000120645,3,3,-0.0028975268395753334,0.9106836025229592,0,decreasing,1.0,14,0.21428571428571427,IQSEC3
ENSG00000121486,3,3,-0.003450704864969167,0.9106836025229592,0,decreasing,1.0,15,0.2,TRMT1L
ENSG00000125384,3,3,-0.0035208827479572664,0.9106836025229592,0,decreasing,1.0,15,0.2,PTGER2
ENSG00000125870,3,2,-0.0166040663952669,0.9106836025229592,1,decreasing,0.6666666666666666,4,0.75,SNRPB2
ENSG00000125885,3,1,0.03242807497706917,0.9106836025229592,2,increasing,0.6666666666666666,14,0.21428571428571427,MCM8
ENSG00000125999,3,3,-0.0006786844044239667,0.9106836025229592,0,decreasing,1.0,14,0.21428571428571427,BPIFB1
ENSG00000126698,3,3,-0.003091183621993,0.9106836025229592,0,decreasing,1.0,9,0.3333333333333333,DNAJC8
ENSG00000128731,3,2,0.0054633153613947,0.9106836025229592,1,decreasing,0.6666666666666666,16,0.1875,HERC2
ENSG00000131724,3,2,-0.0071771997810742005,0.9106836025229592,1,decreasing,0.6666666666666666,3,1.0,IL13RA1
ENSG00000132024,3,2,-0.0024064121885385005,0.9106836025229592,1,decreasing,0.6666666666666666,4,0.75,CC2D1A
ENSG00000132780,3,3,-0.008382923209059466,0.9106836025229592,0,decreasing,1.0,10,0.3,NASP
ENSG00000132824,3,3,-0.0033794708147059003,0.9106836025229592,0,decreasing,1.0,21,0.14285714285714285,SERINC3
ENSG00000132950,3,3,-0.0015416444413581,0.9106836025229592,0,decreasing,1.0,10,0.3,ZMYM5
ENSG00000133612,3,1,0.0008761258284956667,0.9106836025229592,2,increasing,0.6666666666666666,23,0.13043478260869565,AGAP3
ENSG00000135074,3,3,-0.010198980795723,0.9106836025229592,0,decreasing,1.0,10,0.3,ADAM19
ENSG00000135709,3,2,-0.0035318449639674333,0.9106836025229592,1,decreasing,0.6666666666666666,22,0.13636363636363635,KIAA0513
ENSG00000135974,3,3,-0.0117192123778264,0.9106836025229592,0,decreasing,1.0,8,0.375,C2orf49
ENSG00000136052,3,0,0.038989528533238164,0.9106836025229592,3,increasing,1.0,9,0.3333333333333333,SLC41A2
ENSG00000136854,3,0,0.013774975052891466,0.9106836025229592,3,increasing,1.0,7,0.42857142857142855,STXBP1
ENSG00000136936,3,3,-0.0023379560062307334,0.9106836025229592,0,decreasing,1.0,14,0.21428571428571427,XPA
ENSG00000138050,3,3,-0.008037366542870933,0.9106836025229592,0,decreasing,1.0,5,0.6,THUMPD2
ENSG00000138621,3,2,0.0808920208747254,0.9106836025229592,1,decreasing,0.6666666666666666,15,0.2,PPCDC
ENSG00000139746,3,2,0.0051284744987495,0.9106836025229592,1,decreasing,0.6666666666666666,5,0.6,RBM26
ENSG00000140750,3,3,-0.0060478926391283995,0.9106836025229592,0,decreasing,1.0,5,0.6,ARHGAP17
ENSG00000142494,3,3,-0.005425713366036766,0.9106836025229592,0,decreasing,1.0,14,0.21428571428571427,SLC47A1
ENSG00000143183,3,3,-0.0044161246003341335,0.9106836025229592,0,decreasing,1.0,14,0.21428571428571427,TMCO1
ENSG00000146540,3,2,-0.0035243773475517326,0.9106836025229592,1,decreasing,0.6666666666666666,10,0.3,C7orf50
ENSG00000148737,3,3,-0.005097204836920733,0.9106836025229592,0,decreasing,1.0,23,0.13043478260869565,TCF7L2
ENSG00000149294,3,3,-0.0041460562879018,0.9106836025229592,0,decreasing,1.0,15,0.2,NCAM1
ENSG00000151233,3,1,0.0062462593514735,0.9106836025229592,2,increasing,0.6666666666666666,17,0.17647058823529413,GXYLT1
ENSG00000151914,3,2,0.0014381686308578001,0.9106836025229592,1,decreasing,0.6666666666666666,19,0.15789473684210525,DST
ENSG00000152137,3,2,0.006799824564438668,0.9106836025229592,1,decreasing,0.6666666666666666,7,0.42857142857142855,HSPB8
ENSG00000156535,3,3,-0.010613482352044934,0.9106836025229592,0,decreasing,1.0,5,0.6,CD109
ENSG00000158987,3,1,-0.0015270448892294333,0.9106836025229592,2,increasing,0.6666666666666666,24,0.125,RAPGEF6
ENSG00000160072,3,2,-0.00021491904703123342,0.9106836025229592,1,decreasing,0.6666666666666666,15,0.2,ATAD3B
ENSG00000160209,3,1,0.0001691255691160667,0.9106836025229592,2,increasing,0.6666666666666666,21,0.14285714285714285,PDXK
ENSG00000160216,3,2,0.0004193847208384998,0.9106836025229592,1,decreasing,0.6666666666666666,18,0.16666666666666666,AGPAT3
ENSG00000160299,3,2,0.0014797008403992333,0.9106836025229592,1,decreasing,0.6666666666666666,15,0.2,PCNT
ENSG00000164323,3,3,-0.004438069205684534,0.9106836025229592,0,decreasing,1.0,5,0.6,CFAP97
ENSG00000165288,3,3,-0.005582532079585233,0.9106836025229592,0,decreasing,1.0,4,0.75,BRWD3
ENSG00000165775,3,3,-0.0033952557257695,0.9106836025229592,0,decreasing,1.0,15,0.2,FUNDC2
ENSG00000166444,3,3,-0.013694620079956468,0.9106836025229592,0,decreasing,1.0,5,0.6,DENND2B
ENSG00000169372,3,0,0.024769213464901633,0.9106836025229592,3,increasing,1.0,10,0.3,CRADD
ENSG00000170396,3,3,-0.0016566266072027668,0.9106836025229592,0,decreasing,1.0,19,0.15789473684210525,ZNF804A
ENSG00000171169,3,1,0.0034105810999325334,0.9106836025229592,2,increasing,0.6666666666666666,7,0.42857142857142855,NAIF1
ENSG00000171208,3,2,-0.0026387743903226336,0.9106836025229592,1,decreasing,0.6666666666666666,5,0.6,NETO2
ENSG00000173548,3,3,-0.0037200016325204667,0.9106836025229592,0,decreasing,1.0,14,0.21428571428571427,SNX33
ENSG00000174776,3,3,-0.013850181201453501,0.9106836025229592,0,decreasing,1.0,19,0.15789473684210525,WDR49
ENSG00000174891,3,3,-0.006384363866685667,0.9106836025229592,0,decreasing,1.0,18,0.16666666666666666,RSRC1
ENSG00000176601,3,3,-0.0011671368886778668,0.9106836025229592,0,decreasing,1.0,14,0.21428571428571427,MAP3K19
ENSG00000177058,3,3,-0.008946801424792566,0.9106836025229592,0,decreasing,1.0,16,0.1875,SLC38A9
ENSG00000179361,3,2,-0.0003281249478321666,0.9106836025229592,1,decreasing,0.6666666666666666,4,0.75,ARID3B
ENSG00000181896,3,2,-0.05483248181330316,0.9106836025229592,1,decreasing,0.6666666666666666,4,0.75,ZNF101
ENSG00000182095,3,2,-0.009997533783666067,0.9106836025229592,1,decreasing,0.6666666666666666,5,0.6,TNRC18
ENSG00000182118,3,3,-0.005461189225695068,0.9106836025229592,0,decreasing,1.0,14,0.21428571428571427,FAM89A
ENSG00000184677,3,1,0.021094503005914835,0.9106836025229592,2,increasing,0.6666666666666666,7,0.42857142857142855,ZBTB40
ENSG00000185010,3,3,-0.0025836603463306,0.9106836025229592,0,decreasing,1.0,14,0.21428571428571427,F8
ENSG00000185798,3,2,-0.021793578050227067,0.9106836025229592,1,decreasing,0.6666666666666666,3,1.0,WDR53
ENSG00000185862,3,2,-0.0037042410201579665,0.9106836025229592,1,decreasing,0.6666666666666666,5,0.6,EVI2B
ENSG00000188707,3,3,-0.0021489539104113,0.9106836025229592,0,decreasing,1.0,4,0.75,ZBED6CL
ENSG00000213079,3,2,-0.00036841579749449983,0.9106836025229592,1,decreasing,0.6666666666666666,10,0.3,SCAF8
ENSG00000213214,3,3,-0.0026943115300292336,0.9106836025229592,0,decreasing,1.0,14,0.21428571428571427,ARHGEF35
ENSG00000214013,3,2,0.018119969180374697,0.9106836025229592,1,decreasing,0.6666666666666666,15,0.2,GANC
ENSG00000249884,3,3,-0.006211619234407867,0.9106836025229592,0,decreasing,1.0,5,0.6,RNF103-CHMP3
ENSG00000256825,3,2,0.001532207277676799,0.9106836025229592,1,decreasing,0.6666666666666666,15,0.2,AC026786.1
ENSG00000275342,3,2,-0.0453509546372057,0.9106836025229592,1,decreasing,0.6666666666666666,16,0.1875,PRAG1
ENSG00000283563,3,2,-0.0032134491613146333,0.9106836025229592,1,decreasing,0.6666666666666666,7,0.42857142857142855,AC098650.1
ENSG00000049759,3,3,-0.006979515675837766,0.8935780352064638,0,decreasing,1.0,23,0.13043478260869565,NEDD4L
ENSG00000103479,3,3,-0.01609402195562173,0.8935780352064638,0,decreasing,1.0,7,0.42857142857142855,RBL2
ENSG00000114209,3,3,-0.017943807174600864,0.8935780352064638,0,decreasing,1.0,8,0.375,PDCD10
ENSG00000136527,3,3,-0.008166752070555667,0.8935780352064638,0,decreasing,1.0,7,0.42857142857142855,TRA2B
ENSG00000066651,3,3,-0.0377400184099123,0.8660254037844387,0,decreasing,1.0,3,1.0,TRMT11
ENSG00000115109,3,1,0.005671836163407999,0.8660254037844387,2,increasing,0.6666666666666666,3,1.0,EPB41L5
ENSG00000135966,3,3,-0.013026474462756668,0.8660254037844387,0,decreasing,1.0,8,0.375,TGFBRAP1
ENSG00000147316,3,3,-0.003636436255850167,0.8660254037844387,0,decreasing,1.0,3,1.0,MCPH1
ENSG00000163041,3,3,-0.0016679711242187,0.8660254037844387,0,decreasing,1.0,16,0.1875,H3-3A
ENSG00000168118,3,3,-0.0019123597966725669,0.8660254037844387,0,decreasing,1.0,14,0.21428571428571427,RAB4A
ENSG00000169860,3,3,-0.010196656584351434,0.8660254037844387,0,decreasing,1.0,14,0.21428571428571427,P2RY1
ENSG00000196549,3,3,-0.0028705468878755334,0.8660254037844387,0,decreasing,1.0,19,0.15789473684210525,MME
ENSG00000278053,3,3,-0.0035361368758373003,0.8660254037844387,0,decreasing,1.0,3,1.0,DDX52
ENSG00000285382,3,3,-0.004951354194643934,0.8660254037844387,0,decreasing,1.0,3,1.0,FO393400.1
ENSG00000001036,2,2,-0.02015146827699085,1.0,0,decreasing,1.0,3,0.6666666666666666,FUCA2
ENSG00000005156,2,2,-0.00651242580160865,1.0,0,decreasing,1.0,2,1.0,LIG3
ENSG00000006634,2,1,0.0030137630116168997,1.0,1,decreasing,0.5,4,0.5,DBF4
ENSG00000010244,2,2,-0.00757576154452825,1.0,0,decreasing,1.0,2,1.0,ZNF207
ENSG00000011304,2,0,0.00805579164003205,1.0,2,increasing,1.0,2,1.0,PTBP1
ENSG00000011485,2,2,-0.00390738203211715,1.0,0,decreasing,1.0,2,1.0,PPP5C
ENSG00000012822,2,2,-0.0119827058502254,1.0,0,decreasing,1.0,5,0.4,CALCOCO1
ENSG00000013275,2,2,-0.0656050654355866,1.0,0,decreasing,1.0,2,1.0,PSMC4
ENSG00000015285,2,2,-0.005773675189243601,1.0,0,decreasing,1.0,14,0.14285714285714285,WAS
ENSG00000015676,2,1,0.0030762299310479503,1.0,1,decreasing,0.5,3,0.6666666666666666,NUDCD3
ENSG00000016864,2,2,-0.01192104439314825,1.0,0,decreasing,1.0,4,0.5,GLT8D1
ENSG00000024862,2,1,0.0005164896058144491,1.0,1,decreasing,0.5,2,1.0,CCDC28A
ENSG00000040531,2,2,-0.02607781345062385,1.0,0,decreasing,1.0,6,0.3333333333333333,CTNS
ENSG00000043514,2,1,0.014397646464015649,1.0,1,decreasing,0.5,3,0.6666666666666666,TRIT1
ENSG00000046653,2,2,-0.1668383214337042,1.0,0,decreasing,1.0,6,0.3333333333333333,GPM6B
ENSG00000047648,2,2,-0.01261789813473215,1.0,0,decreasing,1.0,7,0.2857142857142857,ARHGAP6
ENSG00000049089,2,1,0.0010033899165002003,1.0,1,decreasing,0.5,2,1.0,COL9A2
ENSG00000049245,2,2,-0.0081970069466656,1.0,0,decreasing,1.0,3,0.6666666666666666,VAMP3
ENSG00000052749,2,1,0.0010177756514287502,1.0,1,decreasing,0.5,3,0.6666666666666666,RRP12
ENSG00000058799,2,2,-0.0059339290773216995,1.0,0,decreasing,1.0,2,1.0,YIPF1
ENSG00000060982,2,2,-0.009237187843195,1.0,0,decreasing,1.0,8,0.25,BCAT1
ENSG00000063176,2,1,-0.03453635641937325,1.0,1,decreasing,0.5,3,0.6666666666666666,SPHK2
ENSG00000064012,2,2,-0.0308597142283796,1.0,0,decreasing,1.0,5,0.4,CASP8
ENSG00000064687,2,1,-0.0011251724018772498,1.0,1,decreasing,0.5,3,0.6666666666666666,ABCA7
ENSG00000065154,2,2,-0.0025871830173421003,1.0,0,decreasing,1.0,3,0.6666666666666666,OAT
ENSG00000065548,2,1,-0.0123434660940978,1.0,1,decreasing,0.5,10,0.2,ZC3H15
ENSG00000065923,2,2,-0.005756880351567149,1.0,0,decreasing,1.0,5,0.4,SLC9A7
ENSG00000067113,2,2,-0.031945745208690854,1.0,0,decreasing,1.0,10,0.2,PLPP1
ENSG00000068394,2,2,-0.00529200938151915,1.0,0,decreasing,1.0,3,0.6666666666666666,GPKOW
ENSG00000068438,2,1,-0.01608344468900565,1.0,1,decreasing,0.5,3,0.6666666666666666,FTSJ1
ENSG00000068745,2,2,-0.01921902264918555,1.0,0,decreasing,1.0,3,0.6666666666666666,IP6K2
ENSG00000069345,2,1,0.0143239799458632,1.0,1,decreasing,0.5,3,0.6666666666666666,DNAJA2
ENSG00000069764,2,2,-0.00265839176860865,1.0,0,decreasing,1.0,2,1.0,PLA2G10
ENSG00000069849,2,2,-0.00590212751844145,1.0,0,decreasing,1.0,5,0.4,ATP1B3
ENSG00000070190,2,2,-0.0052996443366183504,1.0,0,decreasing,1.0,2,1.0,DAPP1
ENSG00000070423,2,2,-0.0098345238496477,1.0,0,decreasing,1.0,3,0.6666666666666666,RNF126
ENSG00000070495,2,2,-0.00962905787494585,1.0,0,decreasing,1.0,7,0.2857142857142857,JMJD6
ENSG00000071082,2,2,-0.00900801360533145,1.0,0,decreasing,1.0,2,1.0,RPL31
ENSG00000071626,2,2,-0.0054124798865427,1.0,0,decreasing,1.0,3,0.6666666666666666,DAZAP1
ENSG00000071794,2,2,-0.0116423444844144,1.0,0,decreasing,1.0,3,0.6666666666666666,HLTF
ENSG00000072071,2,2,-0.009421589953288699,1.0,0,decreasing,1.0,2,1.0,ADGRL1
ENSG00000072682,2,1,0.00291885891150685,1.0,1,decreasing,0.5,6,0.3333333333333333,P4HA2
ENSG00000072818,2,2,-0.009418879150427351,1.0,0,decreasing,1.0,3,0.6666666666666666,ACAP1
ENSG00000074527,2,2,-0.00521505800620835,1.0,0,decreasing,1.0,4,0.5,NTN4
ENSG00000074855,2,0,0.01439059240203585,1.0,2,increasing,1.0,5,0.4,ANO8
ENSG00000074964,2,2,-0.0146242558337522,1.0,0,decreasing,1.0,3,0.6666666666666666,ARHGEF10L
ENSG00000075142,2,2,-0.0042579929481353,1.0,0,decreasing,1.0,2,1.0,SRI
ENSG00000075415,2,2,-0.0027550578782954,1.0,0,decreasing,1.0,4,0.5,SLC25A3
ENSG00000077684,2,1,-0.0016156471439867498,1.0,1,decreasing,0.5,4,0.5,JADE1
ENSG00000077721,2,1,-0.00041444129988710005,1.0,1,decreasing,0.5,3,0.6666666666666666,UBE2A
ENSG00000078269,2,2,-0.00625846396162745,1.0,0,decreasing,1.0,4,0.5,SYNJ2
ENSG00000079134,2,2,-0.00308830032464865,1.0,0,decreasing,1.0,18,0.1111111111111111,THOC1
ENSG00000079308,2,1,0.006158306362999751,1.0,1,decreasing,0.5,8,0.25,TNS1
ENSG00000079435,2,2,-0.0045596659768618,1.0,0,decreasing,1.0,3,0.6666666666666666,LIPE
ENSG00000079616,2,1,0.0019308775537930998,1.0,1,decreasing,0.5,3,0.6666666666666666,KIF22
ENSG00000080345,2,1,0.0019083397438251,1.0,1,decreasing,0.5,4,0.5,RIF1
ENSG00000083812,2,1,0.0026667590014188,1.0,1,decreasing,0.5,2,1.0,ZNF324
ENSG00000084463,2,2,-0.0027132312153704,1.0,0,decreasing,1.0,2,1.0,WBP11
ENSG00000085644,2,2,-0.004909476215956251,1.0,0,decreasing,1.0,2,1.0,ZNF213
ENSG00000085719,2,2,-0.006832008483871249,1.0,0,decreasing,1.0,3,0.6666666666666666,CPNE3
ENSG00000085998,2,1,0.0003170130715908499,1.0,1,decreasing,0.5,3,0.6666666666666666,POMGNT1
ENSG00000086061,2,1,0.15362712781818608,1.0,1,decreasing,0.5,3,0.6666666666666666,DNAJA1
ENSG00000086475,2,1,0.0048276766579489995,1.0,1,decreasing,0.5,7,0.2857142857142857,SEPHS1
ENSG00000086712,2,2,-0.0045155283265696,1.0,0,decreasing,1.0,4,0.5,TXLNG
ENSG00000087299,2,2,-0.0069497620455895,1.0,0,decreasing,1.0,5,0.4,L2HGDH
ENSG00000089820,2,1,-0.00588722822735345,1.0,1,decreasing,0.5,3,0.6666666666666666,ARHGAP4
ENSG00000090266,2,1,0.11813578026327845,1.0,1,decreasing,0.5,7,0.2857142857142857,NDUFB2
ENSG00000090316,2,2,-0.01775442124608325,1.0,0,decreasing,1.0,5,0.4,MAEA
ENSG00000091542,2,2,-0.004078840076583649,1.0,0,decreasing,1.0,4,0.5,ALKBH5
ENSG00000092094,2,1,-0.00023404073387859995,1.0,1,decreasing,0.5,5,0.4,OSGEP
ENSG00000092140,2,0,0.0027044630121416504,1.0,2,increasing,1.0,7,0.2857142857142857,G2E3
ENSG00000092470,2,2,-0.02017533096616715,1.0,0,decreasing,1.0,2,1.0,WDR76
ENSG00000092929,2,2,-0.0060348572871077,1.0,0,decreasing,1.0,3,0.6666666666666666,UNC13D
ENSG00000093000,2,1,0.0026396845014809503,1.0,1,decreasing,0.5,4,0.5,NUP50
ENSG00000094841,2,1,0.01766223035968525,1.0,1,decreasing,0.5,7,0.2857142857142857,UPRT
ENSG00000095380,2,1,-0.0014745518238623995,1.0,1,decreasing,0.5,10,0.2,NANS
ENSG00000099958,2,2,-0.00792868577557245,1.0,0,decreasing,1.0,2,1.0,DERL3
ENSG00000099974,2,2,-0.0252378280143639,1.0,0,decreasing,1.0,2,1.0,DDTL
ENSG00000100003,2,1,-0.0037714827935971997,1.0,1,decreasing,0.5,4,0.5,SEC14L2
ENSG00000100099,2,2,-0.05502525484164125,1.0,0,decreasing,1.0,3,0.6666666666666666,HPS4
ENSG00000100106,2,0,0.013162436958102049,1.0,2,increasing,1.0,2,1.0,TRIOBP
ENSG00000100138,2,1,0.02274722362366035,1.0,1,decreasing,0.5,4,0.5,SNU13
ENSG00000100147,2,1,0.01126461324669585,1.0,1,decreasing,0.5,5,0.4,CCDC134
ENSG00000100220,2,2,-0.007731455298097,1.0,0,decreasing,1.0,2,1.0,RTCB
ENSG00000100243,2,1,0.011242274295130751,1.0,1,decreasing,0.5,4,0.5,CYB5R3
ENSG00000100316,2,1,-0.005358824866754951,1.0,1,decreasing,0.5,2,1.0,RPL3
ENSG00000100385,2,1,0.007355351628021249,1.0,1,decreasing,0.5,4,0.5,IL2RB
ENSG00000100417,2,0,0.11159547572199724,1.0,2,increasing,1.0,5,0.4,PMM1
ENSG00000100425,2,2,-0.09667328490062879,1.0,0,decreasing,1.0,9,0.2222222222222222,BRD1
ENSG00000100426,2,2,-0.00276648432011245,1.0,0,decreasing,1.0,9,0.2222222222222222,ZBED4
ENSG00000100442,2,1,-0.00015773575681280003,1.0,1,decreasing,0.5,8,0.25,FKBP3
ENSG00000100522,2,2,-0.0117676224147863,1.0,0,decreasing,1.0,2,1.0,GNPNAT1
ENSG00000100593,2,2,-0.00178236576547685,1.0,0,decreasing,1.0,3,0.6666666666666666,ISM2
ENSG00000100600,2,2,-0.009758003012744,1.0,0,decreasing,1.0,4,0.5,LGMN
ENSG00000100614,2,2,-0.00731747905042165,1.0,0,decreasing,1.0,3,0.6666666666666666,PPM1A
ENSG00000100629,2,2,-0.04415621511672565,1.0,0,decreasing,1.0,3,0.6666666666666666,CEP128
ENSG00000100802,2,2,-0.0064764402484085,1.0,0,decreasing,1.0,2,1.0,C14orf93
ENSG00000100814,2,0,0.0358573302693728,1.0,2,increasing,1.0,2,1.0,CCNB1IP1
ENSG00000100865,2,2,-0.00399435725161005,1.0,0,decreasing,1.0,3,0.6666666666666666,CINP
ENSG00000100889,2,2,-0.00444211962289315,1.0,0,decreasing,1.0,3,0.6666666666666666,PCK2
ENSG00000100906,2,2,-0.0173517954310924,1.0,0,decreasing,1.0,2,1.0,NFKBIA
ENSG00000101079,2,2,-0.03111339174918865,1.0,0,decreasing,1.0,4,0.5,NDRG3
ENSG00000101082,2,2,-0.00466595731860205,1.0,0,decreasing,1.0,4,0.5,SLA2
ENSG00000101247,2,2,-0.0047377291112928,1.0,0,decreasing,1.0,2,1.0,NDUFAF5
ENSG00000101407,2,1,0.0035143863735712004,1.0,1,decreasing,0.5,2,1.0,TTI1
ENSG00000101639,2,1,0.0814866843386579,1.0,1,decreasing,0.5,4,0.5,CEP192
ENSG00000102445,2,2,-0.01427893425032825,1.0,0,decreasing,1.0,3,0.6666666666666666,RUBCNL
ENSG00000102878,2,2,-0.0342375613810613,1.0,0,decreasing,1.0,2,1.0,HSF4
ENSG00000102901,2,2,-0.0046584535214771496,1.0,0,decreasing,1.0,3,0.6666666666666666,CENPT
ENSG00000103042,2,2,-0.028742435470851,1.0,0,decreasing,1.0,8,0.25,SLC38A7
ENSG00000103485,2,2,-0.0105415625697222,1.0,0,decreasing,1.0,3,0.6666666666666666,QPRT
ENSG00000103496,2,2,-0.0027827914023032,1.0,0,decreasing,1.0,3,0.6666666666666666,STX4
ENSG00000103653,2,2,-0.00771529039074665,1.0,0,decreasing,1.0,3,0.6666666666666666,CSK
ENSG00000103932,2,1,-0.0022489724933994,1.0,1,decreasing,0.5,2,1.0,RPAP1
ENSG00000104067,2,1,-0.0030884999559715504,1.0,1,decreasing,0.5,8,0.25,TJP1
ENSG00000104129,2,1,0.0022553886935646,1.0,1,decreasing,0.5,4,0.5,DNAJC17
ENSG00000104320,2,2,-0.0009847744339683,1.0,0,decreasing,1.0,20,0.1,NBN
ENSG00000104368,2,2,-0.0023338609750151,1.0,0,decreasing,1.0,2,1.0,PLAT
ENSG00000104413,2,0,0.060021162974067246,1.0,2,increasing,1.0,2,1.0,ESRP1
ENSG00000104671,2,2,-0.10302881320471716,1.0,0,decreasing,1.0,2,1.0,DCTN6
ENSG00000104691,2,2,-0.02294157320618975,1.0,0,decreasing,1.0,2,1.0,UBXN8
ENSG00000104695,2,2,-0.0250049665752505,1.0,0,decreasing,1.0,9,0.2222222222222222,PPP2CB
ENSG00000105185,2,2,-0.0267179686486101,1.0,0,decreasing,1.0,2,1.0,PDCD5
ENSG00000105323,2,1,-0.0039394640877575,1.0,1,decreasing,0.5,8,0.25,HNRNPUL1
ENSG00000105373,2,1,0.040113329526895204,1.0,1,decreasing,0.5,7,0.2857142857142857,NOP53
ENSG00000105499,2,2,-0.0145756637565696,1.0,0,decreasing,1.0,3,0.6666666666666666,PLA2G4C
ENSG00000105669,2,2,-0.03088611865623445,1.0,0,decreasing,1.0,4,0.5,COPE
ENSG00000105829,2,0,0.02990696091043275,1.0,2,increasing,1.0,2,1.0,BET1
ENSG00000105856,2,1,0.0024191555824249,1.0,1,decreasing,0.5,9,0.2222222222222222,HBP1
ENSG00000105875,2,2,-0.0046327834927908495,1.0,0,decreasing,1.0,2,1.0,WDR91
ENSG00000105976,2,2,-0.02855018096433505,1.0,0,decreasing,1.0,3,0.6666666666666666,MET
ENSG00000106263,2,2,-0.006504602944943949,1.0,0,decreasing,1.0,4,0.5,EIF3B
ENSG00000106537,2,0,0.04734897602232985,1.0,2,increasing,1.0,6,0.3333333333333333,TSPAN13
ENSG00000107796,2,1,-0.0019457111546589004,1.0,1,decreasing,0.5,3,0.6666666666666666,ACTA2
ENSG00000107872,2,0,0.00570449968839335,1.0,2,increasing,1.0,6,0.3333333333333333,FBXL15
ENSG00000108509,2,2,-0.00264225355830145,1.0,0,decreasing,1.0,3,0.6666666666666666,CAMTA2
ENSG00000108518,2,1,-0.007237848495581449,1.0,1,decreasing,0.5,3,0.6666666666666666,PFN1
ENSG00000108557,2,2,-0.01975495204496635,1.0,0,decreasing,1.0,5,0.4,RAI1
ENSG00000108588,2,1,0.0007849304657800999,1.0,1,decreasing,0.5,5,0.4,CCDC47
ENSG00000108604,2,2,-0.0031607039798175,1.0,0,decreasing,1.0,2,1.0,SMARCD2
ENSG00000108671,2,2,-0.00358123301732315,1.0,0,decreasing,1.0,2,1.0,PSMD11
ENSG00000108826,2,2,-0.01043426496008865,1.0,0,decreasing,1.0,7,0.2857142857142857,MRPL27
ENSG00000109321,2,2,-0.00990198345550235,1.0,0,decreasing,1.0,4,0.5,AREG
ENSG00000109390,2,2,-0.0027239290054678,1.0,0,decreasing,1.0,8,0.25,NDUFC1
ENSG00000109534,2,2,-0.01126011169284575,1.0,0,decreasing,1.0,6,0.3333333333333333,GAR1
ENSG00000109536,2,1,0.00462294325463235,1.0,1,decreasing,0.5,3,0.6666666666666666,FRG1
ENSG00000109794,2,1,0.01394680550860095,1.0,1,decreasing,0.5,2,1.0,FAM149A
ENSG00000110079,2,2,-0.031576512982716645,1.0,0,decreasing,1.0,7,0.2857142857142857,MS4A4A
ENSG00000110218,2,1,-0.0027056251169221505,1.0,1,decreasing,0.5,4,0.5,PANX1
ENSG00000110660,2,2,-0.0033812618755348,1.0,0,decreasing,1.0,3,0.6666666666666666,SLC35F2
ENSG00000110852,2,2,-0.005327126864764,1.0,0,decreasing,1.0,4,0.5,CLEC2B
ENSG00000110906,2,1,0.0159843977297465,1.0,1,decreasing,0.5,7,0.2857142857142857,KCTD10
ENSG00000110944,2,1,0.0548870549967089,1.0,1,decreasing,0.5,2,1.0,IL23A
ENSG00000111145,2,1,0.00169437858577965,1.0,1,decreasing,0.5,4,0.5,ELK3
ENSG00000111276,2,1,0.012728696655167149,1.0,1,decreasing,0.5,4,0.5,CDKN1B
ENSG00000111335,2,0,0.0228076129117855,1.0,2,increasing,1.0,6,0.3333333333333333,OAS2
ENSG00000111671,2,2,-0.028391389086962503,1.0,0,decreasing,1.0,2,1.0,SPSB2
ENSG00000111728,2,2,-0.00844724526220605,1.0,0,decreasing,1.0,2,1.0,ST8SIA1
ENSG00000111731,2,2,-0.0042839362512556,1.0,0,decreasing,1.0,2,1.0,C2CD5
ENSG00000111775,2,0,0.008405189909334351,1.0,2,increasing,1.0,2,1.0,COX6A1
ENSG00000111780,2,0,0.01605233156192035,1.0,2,increasing,1.0,6,0.3333333333333333,AL021546.1
ENSG00000111801,2,2,-0.0017509807335565999,1.0,0,decreasing,1.0,2,1.0,BTN3A3
ENSG00000111879,2,1,0.0030831854071159998,1.0,1,decreasing,0.5,4,0.5,FAM184A
ENSG00000112096,2,2,-0.035135857697765546,1.0,0,decreasing,1.0,4,0.5,SOD2
ENSG00000112110,2,2,-0.00271997313901145,1.0,0,decreasing,1.0,2,1.0,MRPL18
ENSG00000112137,2,1,-0.0016300460037086998,1.0,1,decreasing,0.5,9,0.2222222222222222,PHACTR1
ENSG00000112303,2,2,-0.00865927283762235,1.0,0,decreasing,1.0,14,0.14285714285714285,VNN2
ENSG00000112787,2,2,-0.01801598356748665,1.0,0,decreasing,1.0,8,0.25,FBRSL1
ENSG00000112941,2,2,-0.00472060652407565,1.0,0,decreasing,1.0,4,0.5,TENT4A
ENSG00000113569,2,2,-0.0027708991879680503,1.0,0,decreasing,1.0,3,0.6666666666666666,NUP155
ENSG00000113600,2,2,-0.00197135908342675,1.0,0,decreasing,1.0,9,0.2222222222222222,C9
ENSG00000113719,2,2,-0.00159539381961865,1.0,0,decreasing,1.0,23,0.08695652173913043,ERGIC1
ENSG00000113811,2,2,-0.062887408640732,1.0,0,decreasing,1.0,4,0.5,SELENOK
ENSG00000114204,2,2,-0.0016450653546251,1.0,0,decreasing,1.0,19,0.10526315789473684,SERPINI2
ENSG00000114353,2,2,-0.0165712361817421,1.0,0,decreasing,1.0,3,0.6666666666666666,GNAI2
ENSG00000114391,2,2,-0.0219453694200153,1.0,0,decreasing,1.0,6,0.3333333333333333,RPL24
ENSG00000114529,2,1,0.02024625606948125,1.0,1,decreasing,0.5,7,0.2857142857142857,C3orf52
ENSG00000114850,2,1,0.0067040423457617,1.0,1,decreasing,0.5,2,1.0,SSR3
ENSG00000114982,2,1,0.0079703817701972,1.0,1,decreasing,0.5,6,0.3333333333333333,KANSL3
ENSG00000115286,2,2,-0.00880184679417505,1.0,0,decreasing,1.0,2,1.0,NDUFS7
ENSG00000115484,2,0,0.0473018500689444,1.0,2,increasing,1.0,3,0.6666666666666666,CCT4
ENSG00000115524,2,2,-0.0559769969232147,1.0,0,decreasing,1.0,5,0.4,SF3B1
ENSG00000115946,2,2,-0.006454756072541599,1.0,0,decreasing,1.0,8,0.25,PNO1
ENSG00000116138,2,2,-0.0074998072074346,1.0,0,decreasing,1.0,2,1.0,DNAJC16
ENSG00000116157,2,0,0.0112077047354556,1.0,2,increasing,1.0,6,0.3333333333333333,GPX7
ENSG00000116161,2,1,0.007287291393959051,1.0,1,decreasing,0.5,2,1.0,CACYBP
ENSG00000116237,2,1,0.046964434911006804,1.0,1,decreasing,0.5,9,0.2222222222222222,ICMT
ENSG00000116337,2,1,-0.04202228209545159,1.0,1,decreasing,0.5,6,0.3333333333333333,AMPD2
ENSG00000116521,2,2,-0.00551704793438925,1.0,0,decreasing,1.0,2,1.0,SCAMP3
ENSG00000116663,2,2,-0.017775449148333747,1.0,0,decreasing,1.0,2,1.0,FBXO6
ENSG00000116717,2,2,-0.060767949574005095,1.0,0,decreasing,1.0,8,0.25,GADD45A
ENSG00000116747,2,2,-0.022834237819725448,1.0,0,decreasing,1.0,2,1.0,RO60
ENSG00000116761,2,2,-0.00685643147156295,1.0,0,decreasing,1.0,2,1.0,CTH
ENSG00000116906,2,2,-0.0054388696771107995,1.0,0,decreasing,1.0,2,1.0,GNPAT
ENSG00000116985,2,2,-0.00268585746050915,1.0,0,decreasing,1.0,2,1.0,BMP8B
ENSG00000117399,2,2,-0.048637977806131355,1.0,0,decreasing,1.0,2,1.0,CDC20
ENSG00000117477,2,1,0.0040603174271700996,1.0,1,decreasing,0.5,2,1.0,CCDC181
ENSG00000117560,2,2,-0.0110713519110173,1.0,0,decreasing,1.0,2,1.0,FASLG
ENSG00000117586,2,1,0.0049053215444775,1.0,1,decreasing,0.5,2,1.0,TNFSF4
ENSG00000117691,2,2,-0.01332831778371555,1.0,0,decreasing,1.0,2,1.0,NENF
ENSG00000117697,2,2,-0.0119211150719883,1.0,0,decreasing,1.0,3,0.6666666666666666,NSL1
ENSG00000117748,2,1,0.012527727800332551,1.0,1,decreasing,0.5,4,0.5,RPA2
ENSG00000118242,2,1,0.02237916614930305,1.0,1,decreasing,0.5,2,1.0,MREG
ENSG00000118308,2,2,-0.005895514323554301,1.0,0,decreasing,1.0,4,0.5,LRMP
ENSG00000118492,2,2,-0.0015429752200956,1.0,0,decreasing,1.0,19,0.10526315789473684,ADGB
ENSG00000118513,2,2,-0.00850762798711645,1.0,0,decreasing,1.0,2,1.0,MYB
ENSG00000118707,2,1,-0.0016992519237128,1.0,1,decreasing,0.5,3,0.6666666666666666,TGIF2
ENSG00000118855,2,2,-0.0041128720008082,1.0,0,decreasing,1.0,3,0.6666666666666666,MFSD1
ENSG00000119403,2,2,-0.0036616908161279504,1.0,0,decreasing,1.0,3,0.6666666666666666,PHF19
ENSG00000119632,2,2,-0.0041621438516423,1.0,0,decreasing,1.0,3,0.6666666666666666,IFI27L2
ENSG00000119760,2,1,0.0601953071149762,1.0,1,decreasing,0.5,3,0.6666666666666666,SUPT7L
ENSG00000119922,2,2,-0.008504394836892649,1.0,0,decreasing,1.0,4,0.5,IFIT2
ENSG00000119950,2,2,-0.028128887766854897,1.0,0,decreasing,1.0,5,0.4,MXI1
ENSG00000120262,2,1,-0.00034642618243244994,1.0,1,decreasing,0.5,7,0.2857142857142857,CCDC170
ENSG00000120278,2,2,-0.0036181309103435,1.0,0,decreasing,1.0,4,0.5,PLEKHG1
ENSG00000120438,2,2,-0.0089672433136391,1.0,0,decreasing,1.0,3,0.6666666666666666,TCP1
ENSG00000120708,2,2,-0.00127952389145865,1.0,0,decreasing,1.0,17,0.11764705882352941,TGFBI
ENSG00000120805,2,1,0.015322906150402752,1.0,1,decreasing,0.5,2,1.0,ARL1
ENSG00000120875,2,2,-0.0426266129990679,1.0,0,decreasing,1.0,8,0.25,DUSP4
ENSG00000121101,2,2,-0.0129158204266995,1.0,0,decreasing,1.0,3,0.6666666666666666,TEX14
ENSG00000122376,2,0,0.00279646245092135,1.0,2,increasing,1.0,9,0.2222222222222222,SHLD2
ENSG00000122547,2,1,0.00032879695405764985,1.0,1,decreasing,0.5,6,0.3333333333333333,EEPD1
ENSG00000123064,2,2,-0.006082644998919051,1.0,0,decreasing,1.0,4,0.5,DDX54
ENSG00000123136,2,1,-0.0183856096568586,1.0,1,decreasing,0.5,2,1.0,DDX39A
ENSG00000123352,2,1,0.010678921361662699,1.0,1,decreasing,0.5,4,0.5,SPATS2
ENSG00000123395,2,1,0.0019299722814775993,1.0,1,decreasing,0.5,5,0.4,ATG101
ENSG00000123411,2,0,0.0091162564570726,1.0,2,increasing,1.0,6,0.3333333333333333,IKZF4
ENSG00000123415,2,1,-0.00098123717548185,1.0,1,decreasing,0.5,7,0.2857142857142857,SMUG1
ENSG00000123575,2,2,-0.00890182280783445,1.0,0,decreasing,1.0,3,0.6666666666666666,FAM199X
ENSG00000123737,2,1,0.0270555930586702,1.0,1,decreasing,0.5,2,1.0,EXOSC9
ENSG00000124164,2,2,-0.00196272257530215,1.0,0,decreasing,1.0,8,0.25,VAPB
ENSG00000124201,2,2,-0.0191139909887594,1.0,0,decreasing,1.0,5,0.4,ZNFX1
ENSG00000124225,2,2,-0.01263410865475665,1.0,0,decreasing,1.0,4,0.5,PMEPA1
ENSG00000124334,2,2,-0.00628121429026395,1.0,0,decreasing,1.0,3,0.6666666666666666,IL9R
ENSG00000124383,2,0,0.0621045152365146,1.0,2,increasing,1.0,7,0.2857142857142857,MPHOSPH10
ENSG00000124466,2,2,-0.01564157220707085,1.0,0,decreasing,1.0,5,0.4,LYPD3
ENSG00000124608,2,1,0.014518142787573652,1.0,1,decreasing,0.5,2,1.0,AARS2
ENSG00000124767,2,2,-0.003141239218845,1.0,0,decreasing,1.0,15,0.13333333333333333,GLO1
ENSG00000124939,2,2,-0.01291013082630545,1.0,0,decreasing,1.0,6,0.3333333333333333,SCGB2A1
ENSG00000125144,2,1,0.11894970488244955,1.0,1,decreasing,0.5,5,0.4,MT1G
ENSG00000125257,2,2,-0.0052493482296438,1.0,0,decreasing,1.0,5,0.4,ABCC4
ENSG00000125505,2,0,0.0099340982217085,1.0,2,increasing,1.0,3,0.6666666666666666,MBOAT7
ENSG00000125657,2,2,-0.00378952541235205,1.0,0,decreasing,1.0,3,0.6666666666666666,TNFSF9
ENSG00000125730,2,2,-0.0414826403139582,1.0,0,decreasing,1.0,3,0.6666666666666666,C3
ENSG00000125743,2,2,-0.0552381466829929,1.0,0,decreasing,1.0,3,0.6666666666666666,SNRPD2
ENSG00000125895,2,1,0.01285893934174715,1.0,1,decreasing,0.5,5,0.4,TMEM74B
ENSG00000125954,2,0,0.0109441391319131,1.0,2,increasing,1.0,5,0.4,CHURC1-FNTB
ENSG00000125991,2,0,0.0200316495887633,1.0,2,increasing,1.0,6,0.3333333333333333,ERGIC3
ENSG00000126602,2,2,-0.0163835379224227,1.0,0,decreasing,1.0,2,1.0,TRAP1
ENSG00000127191,2,0,0.0247736515270007,1.0,2,increasing,1.0,7,0.2857142857142857,TRAF2
ENSG00000127463,2,2,-0.01135777226681635,1.0,0,decreasing,1.0,3,0.6666666666666666,EMC1
ENSG00000127838,2,2,-0.0046742590551363,1.0,0,decreasing,1.0,8,0.25,PNKD
ENSG00000127922,2,0,0.03652533201669565,1.0,2,increasing,1.0,3,0.6666666666666666,SEM1
ENSG00000127980,2,2,-0.0006588231153832999,1.0,0,decreasing,1.0,3,0.6666666666666666,PEX1
ENSG00000128656,2,1,0.00064837961484385,1.0,1,decreasing,0.5,3,0.6666666666666666,CHN1
ENSG00000128951,2,2,-0.01314038528201845,1.0,0,decreasing,1.0,2,1.0,DUT
ENSG00000129071,2,2,-0.00281244665135425,1.0,0,decreasing,1.0,2,1.0,MBD4
ENSG00000129493,2,2,-0.01414574372405365,1.0,0,decreasing,1.0,10,0.2,HEATR5A
ENSG00000130024,2,2,-0.0057605524967031,1.0,0,decreasing,1.0,3,0.6666666666666666,PHF10
ENSG00000130147,2,1,0.009247296121687001,1.0,1,decreasing,0.5,2,1.0,SH3BP4
ENSG00000130204,2,2,-0.028894305561993697,1.0,0,decreasing,1.0,7,0.2857142857142857,TOMM40
ENSG00000130707,2,1,0.00032547709981595,1.0,1,decreasing,0.5,2,1.0,ASS1
ENSG00000130940,2,1,0.006589540297650701,1.0,1,decreasing,0.5,5,0.4,CASZ1
ENSG00000131149,2,2,-0.020110589029458947,1.0,0,decreasing,1.0,3,0.6666666666666666,GSE1
ENSG00000131373,2,1,-0.00201786072057525,1.0,1,decreasing,0.5,9,0.2222222222222222,HACL1
ENSG00000131791,2,2,-0.0062092936087153,1.0,0,decreasing,1.0,3,0.6666666666666666,PRKAB2
ENSG00000131876,2,1,0.021219543483757,1.0,1,decreasing,0.5,2,1.0,SNRPA1
ENSG00000132274,2,0,0.11130361896763885,1.0,2,increasing,1.0,7,0.2857142857142857,TRIM22
ENSG00000132326,2,2,-0.1602570495235162,1.0,0,decreasing,1.0,7,0.2857142857142857,PER2
ENSG00000132510,2,2,-0.040895181353948346,1.0,0,decreasing,1.0,6,0.3333333333333333,KDM6B
ENSG00000132718,2,2,-0.0055418176545001495,1.0,0,decreasing,1.0,3,0.6666666666666666,SYT11
ENSG00000133131,2,0,0.0293303890354091,1.0,2,increasing,1.0,6,0.3333333333333333,MORC4
ENSG00000133321,2,2,-0.10980075192734726,1.0,0,decreasing,1.0,5,0.4,PLAAT4
ENSG00000133422,2,1,-0.0017605952190175998,1.0,1,decreasing,0.5,2,1.0,MORC2
ENSG00000133424,2,2,-0.01619994211741555,1.0,0,decreasing,1.0,5,0.4,LARGE1
ENSG00000133627,2,1,0.007695863260769249,1.0,1,decreasing,0.5,7,0.2857142857142857,ACTR3B
ENSG00000133805,2,2,-0.010215968216837,1.0,0,decreasing,1.0,2,1.0,AMPD3
ENSG00000134107,2,1,-0.0093913949835833,1.0,1,decreasing,0.5,7,0.2857142857142857,BHLHE40
ENSG00000134262,2,2,-0.0212855240549172,1.0,0,decreasing,1.0,3,0.6666666666666666,AP4B1
ENSG00000134460,2,2,-0.0044096424350083,1.0,0,decreasing,1.0,3,0.6666666666666666,IL2RA
ENSG00000134697,2,1,0.0089738251644427,1.0,1,decreasing,0.5,3,0.6666666666666666,GNL2
ENSG00000134779,2,1,-0.0036465996303998503,1.0,1,decreasing,0.5,4,0.5,TPGS2
ENSG00000134824,2,2,-0.00941997621207135,1.0,0,decreasing,1.0,2,1.0,FADS2
ENSG00000134864,2,2,-0.0071952028450689,1.0,0,decreasing,1.0,3,0.6666666666666666,GGACT
ENSG00000135316,2,2,-0.00329157269296655,1.0,0,decreasing,1.0,23,0.08695652173913043,SYNCRIP
ENSG00000135469,2,2,-0.0161269101362249,1.0,0,decreasing,1.0,2,1.0,COQ10A
ENSG00000135535,2,2,-0.01003063932105225,1.0,0,decreasing,1.0,3,0.6666666666666666,CD164
ENSG00000135747,2,1,0.0003419496205401499,1.0,1,decreasing,0.5,6,0.3333333333333333,ZNF670-ZNF695
ENSG00000135778,2,2,-0.01944306560904165,1.0,0,decreasing,1.0,2,1.0,NTPCR
ENSG00000135912,2,0,0.023777509298999848,1.0,2,increasing,1.0,6,0.3333333333333333,TTLL4
ENSG00000136044,2,2,-0.0102383396606643,1.0,0,decreasing,1.0,2,1.0,APPL2
ENSG00000136051,2,1,0.0043867995088113995,1.0,1,decreasing,0.5,6,0.3333333333333333,WASHC4
ENSG00000136319,2,1,0.00539077180568845,1.0,1,decreasing,0.5,6,0.3333333333333333,TTC5
ENSG00000136463,2,1,0.005257791409616249,1.0,1,decreasing,0.5,2,1.0,TACO1
ENSG00000136731,2,2,-0.19956737628866275,1.0,0,decreasing,1.0,6,0.3333333333333333,UGGT1
ENSG00000136826,2,2,-0.0027051531217779003,1.0,0,decreasing,1.0,7,0.2857142857142857,KLF4
ENSG00000136986,2,2,-0.00564881903644855,1.0,0,decreasing,1.0,9,0.2222222222222222,DERL1
ENSG00000137124,2,1,0.01029580407006725,1.0,1,decreasing,0.5,2,1.0,ALDH1B1
ENSG00000137171,2,2,-0.00340485531019995,1.0,0,decreasing,1.0,3,0.6666666666666666,KLC4
ENSG00000137269,2,2,-0.0058702784088859,1.0,0,decreasing,1.0,3,0.6666666666666666,LRRC1
ENSG00000137309,2,0,0.0115520797541515,1.0,2,increasing,1.0,6,0.3333333333333333,HMGA1
ENSG00000137504,2,2,-0.0196399534927775,1.0,0,decreasing,1.0,4,0.5,CREBZF
ENSG00000137574,2,1,0.0029233629121051498,1.0,1,decreasing,0.5,8,0.25,TGS1
ENSG00000137691,2,2,-0.0061844457882612,1.0,0,decreasing,1.0,5,0.4,CFAP300
ENSG00000137752,2,2,-0.0100691755299139,1.0,0,decreasing,1.0,2,1.0,CASP1
ENSG00000137992,2,0,0.03136865312904705,1.0,2,increasing,1.0,5,0.4,DBT
ENSG00000138035,2,2,-0.00369097100088545,1.0,0,decreasing,1.0,3,0.6666666666666666,PNPT1
ENSG00000138166,2,2,-0.0038915715915429,1.0,0,decreasing,1.0,2,1.0,DUSP5
ENSG00000138386,2,0,0.0296422342481648,1.0,2,increasing,1.0,5,0.4,NAB1
ENSG00000138686,2,1,0.020435482656221648,1.0,1,decreasing,0.5,9,0.2222222222222222,BBS7
ENSG00000138769,2,2,-0.04980633697748291,1.0,0,decreasing,1.0,3,0.6666666666666666,CDKL2
ENSG00000138942,2,2,-0.008351753121624748,1.0,0,decreasing,1.0,7,0.2857142857142857,RNF185
ENSG00000139211,2,2,-0.019581317882175653,1.0,0,decreasing,1.0,2,1.0,AMIGO2
ENSG00000139508,2,1,0.016319300711944047,1.0,1,decreasing,0.5,3,0.6666666666666666,SLC46A3
ENSG00000139725,2,1,0.0042535327644973,1.0,1,decreasing,0.5,4,0.5,RHOF
ENSG00000139726,2,2,-0.0042753294896724,1.0,0,decreasing,1.0,4,0.5,DENR
ENSG00000140264,2,1,-0.0078959124814495,1.0,1,decreasing,0.5,7,0.2857142857142857,SERF2
ENSG00000140319,2,1,0.030232171787478,1.0,1,decreasing,0.5,8,0.25,SRP14
ENSG00000140368,2,1,-0.0028056884533575995,1.0,1,decreasing,0.5,2,1.0,PSTPIP1
ENSG00000140830,2,2,-0.00074910603474205,1.0,0,decreasing,1.0,3,0.6666666666666666,TXNL4B
ENSG00000141034,2,2,-0.00390686349561325,1.0,0,decreasing,1.0,2,1.0,GID4
ENSG00000141378,2,1,0.0365310898862647,1.0,1,decreasing,0.5,6,0.3333333333333333,PTRH2
ENSG00000141452,2,2,-0.00710719792277745,1.0,0,decreasing,1.0,5,0.4,RMC1
ENSG00000141577,2,2,-0.00385080235123255,1.0,0,decreasing,1.0,3,0.6666666666666666,CEP131
ENSG00000141738,2,1,-0.0014763292623135,1.0,1,decreasing,0.5,5,0.4,GRB7
ENSG00000142185,2,2,-0.00233444886761685,1.0,0,decreasing,1.0,2,1.0,TRPM2
ENSG00000142186,2,2,-0.0367758759050527,1.0,0,decreasing,1.0,2,1.0,SCYL1
ENSG00000142444,2,2,-0.0025440522039344997,1.0,0,decreasing,1.0,3,0.6666666666666666,TIMM29
ENSG00000142657,2,2,-0.00786305432475615,1.0,0,decreasing,1.0,8,0.25,PGD
ENSG00000143013,2,1,0.0030491947915822497,1.0,1,decreasing,0.5,4,0.5,LMO4
ENSG00000143252,2,1,0.0009742212535177499,1.0,1,decreasing,0.5,2,1.0,SDHC
ENSG00000143258,2,2,-0.00238631863188805,1.0,0,decreasing,1.0,2,1.0,USP21
ENSG00000143321,2,2,-0.0110711655451194,1.0,0,decreasing,1.0,2,1.0,HDGF
ENSG00000143493,2,2,-0.00272835005700455,1.0,0,decreasing,1.0,2,1.0,INTS7
ENSG00000143633,2,2,-0.0039171380955613,1.0,0,decreasing,1.0,3,0.6666666666666666,C1orf131
ENSG00000143776,2,2,-0.0022500266318399,1.0,0,decreasing,1.0,15,0.13333333333333333,CDC42BPA
ENSG00000143842,2,0,0.00838366608254405,1.0,2,increasing,1.0,6,0.3333333333333333,SOX13
ENSG00000144028,2,1,0.0761700022901194,1.0,1,decreasing,0.5,9,0.2222222222222222,SNRNP200
ENSG00000144161,2,1,-0.0053052768283080995,1.0,1,decreasing,0.5,8,0.25,ZC3H8
ENSG00000144597,2,2,-0.0325414342092692,1.0,0,decreasing,1.0,9,0.2222222222222222,EAF1
ENSG00000145335,2,2,-0.0075021311159785,1.0,0,decreasing,1.0,3,0.6666666666666666,SNCA
ENSG00000145476,2,1,0.004674775825781149,1.0,1,decreasing,0.5,3,0.6666666666666666,CYP4V2
ENSG00000145685,2,2,-0.0034246065311288,1.0,0,decreasing,1.0,3,0.6666666666666666,LHFPL2
ENSG00000146232,2,2,-0.00807491342932065,1.0,0,decreasing,1.0,2,1.0,NFKBIE
ENSG00000146425,2,2,-0.0029618381850883497,1.0,0,decreasing,1.0,2,1.0,DYNLT1
ENSG00000148053,2,2,-0.0134293000345803,1.0,0,decreasing,1.0,2,1.0,NTRK2
ENSG00000148153,2,1,-0.0005046419935813499,1.0,1,decreasing,0.5,16,0.125,INIP
ENSG00000148832,2,2,-0.028131166984897697,1.0,0,decreasing,1.0,2,1.0,PAOX
ENSG00000149218,2,1,-0.0139210431697337,1.0,1,decreasing,0.5,6,0.3333333333333333,ENDOD1
ENSG00000149273,2,1,0.000608240160323,1.0,1,decreasing,0.5,10,0.2,RPS3
ENSG00000149346,2,2,-0.0029476755036019,1.0,0,decreasing,1.0,3,0.6666666666666666,SLX4IP
ENSG00000149527,2,0,0.0339699338569072,1.0,2,increasing,1.0,2,1.0,PLCH2
ENSG00000149532,2,0,0.0057871068529459,1.0,2,increasing,1.0,9,0.2222222222222222,CPSF7
ENSG00000149743,2,2,-0.0255152591393015,1.0,0,decreasing,1.0,3,0.6666666666666666,TRPT1
ENSG00000149781,2,2,-0.00678306153276275,1.0,0,decreasing,1.0,4,0.5,FERMT3
ENSG00000150768,2,0,0.01749602870654495,1.0,2,increasing,1.0,5,0.4,DLAT
ENSG00000151465,2,0,0.017102195647055,1.0,2,increasing,1.0,3,0.6666666666666666,CDC123
ENSG00000151500,2,2,-0.03790114870753525,1.0,0,decreasing,1.0,2,1.0,THYN1
ENSG00000151553,2,2,-0.00628890559248015,1.0,0,decreasing,1.0,4,0.5,FAM160B1
ENSG00000151623,2,2,-0.0011438559086516,1.0,0,decreasing,1.0,5,0.4,NR3C2
ENSG00000151881,2,1,0.015752524166062598,1.0,1,decreasing,0.5,4,0.5,TMEM267
ENSG00000151882,2,2,-0.0284035501535074,1.0,0,decreasing,1.0,3,0.6666666666666666,CCL28
ENSG00000152464,2,1,0.002000969118685551,1.0,1,decreasing,0.5,2,1.0,RPP38
ENSG00000152518,2,2,-0.013876432263163799,1.0,0,decreasing,1.0,6,0.3333333333333333,ZFP36L2
ENSG00000153064,2,0,0.0030443471930016,1.0,2,increasing,1.0,2,1.0,BANK1
ENSG00000153165,2,0,0.0154061406855465,1.0,2,increasing,1.0,9,0.2222222222222222,RGPD3
ENSG00000153786,2,0,0.0177286842364152,1.0,2,increasing,1.0,5,0.4,ZDHHC7
ENSG00000154274,2,0,0.0120784913677379,1.0,2,increasing,1.0,3,0.6666666666666666,C4orf19
ENSG00000154518,2,1,0.0032681101875294506,1.0,1,decreasing,0.5,7,0.2857142857142857,ATP5MC3
ENSG00000154642,2,2,-0.00738162922652905,1.0,0,decreasing,1.0,4,0.5,C21orf91
ENSG00000155330,2,2,-0.0027515396428152,1.0,0,decreasing,1.0,3,0.6666666666666666,C16orf87
ENSG00000155561,2,2,-0.00704227786582135,1.0,0,decreasing,1.0,2,1.0,NUP205
ENSG00000155827,2,2,-0.0035809411801486,1.0,0,decreasing,1.0,2,1.0,RNF20
ENSG00000156127,2,2,-0.0129196694609411,1.0,0,decreasing,1.0,8,0.25,BATF
ENSG00000156467,2,2,-0.0090266809488961,1.0,0,decreasing,1.0,2,1.0,UQCRB
ENSG00000156709,2,2,-0.00255963552691805,1.0,0,decreasing,1.0,2,1.0,AIFM1
ENSG00000158092,2,2,-0.0029328806504724,1.0,0,decreasing,1.0,23,0.08695652173913043,NCK1
ENSG00000158373,2,2,-0.0048934597002242,1.0,0,decreasing,1.0,2,1.0,H2BC5
ENSG00000158828,2,2,-0.0054702829714796,1.0,0,decreasing,1.0,2,1.0,PINK1
ENSG00000158941,2,2,-0.0041694768724945,1.0,0,decreasing,1.0,2,1.0,CCAR2
ENSG00000159128,2,2,-0.0025418696597536003,1.0,0,decreasing,1.0,5,0.4,IFNGR2
ENSG00000159792,2,1,0.004432466785626701,1.0,1,decreasing,0.5,3,0.6666666666666666,PSKH1
ENSG00000159917,2,2,-0.0163802552697008,1.0,0,decreasing,1.0,5,0.4,ZNF235
ENSG00000160014,2,2,-0.007038984893560999,1.0,0,decreasing,1.0,4,0.5,CALM3
ENSG00000160310,2,0,0.0105064269724952,1.0,2,increasing,1.0,4,0.5,PRMT2
ENSG00000160410,2,1,0.0028789732285504498,1.0,1,decreasing,0.5,2,1.0,SHKBP1
ENSG00000160460,2,2,-0.23635709501646737,1.0,0,decreasing,1.0,5,0.4,AC020929.1
ENSG00000160606,2,2,-0.00847511740295075,1.0,0,decreasing,1.0,2,1.0,TLCD1
ENSG00000160972,2,1,0.02403682801252055,1.0,1,decreasing,0.5,2,1.0,PPP1R16A
ENSG00000161021,2,2,-0.00701863273134115,1.0,0,decreasing,1.0,5,0.4,MAML1
ENSG00000161249,2,0,0.01716351101806185,1.0,2,increasing,1.0,5,0.4,DMKN
ENSG00000161270,2,0,0.015203759911487851,1.0,2,increasing,1.0,5,0.4,NPHS1
ENSG00000161526,2,2,-0.00465861428727075,1.0,0,decreasing,1.0,8,0.25,SAP30BP
ENSG00000161847,2,1,-0.0037396652697292004,1.0,1,decreasing,0.5,6,0.3333333333333333,RAVER1
ENSG00000161904,2,2,-0.00275225790487105,1.0,0,decreasing,1.0,3,0.6666666666666666,LEMD2
ENSG00000162086,2,2,-0.02789911139605305,1.0,0,decreasing,1.0,3,0.6666666666666666,ZNF75A
ENSG00000162129,2,1,-0.00893524689638605,1.0,1,decreasing,0.5,6,0.3333333333333333,CLPB
ENSG00000162241,2,2,-0.0106574525299474,1.0,0,decreasing,1.0,2,1.0,SLC25A45
ENSG00000162341,2,1,0.0025923042328656505,1.0,1,decreasing,0.5,4,0.5,TPCN2
ENSG00000162551,2,1,0.004830062105273,1.0,1,decreasing,0.5,4,0.5,ALPL
ENSG00000162946,2,2,-0.00550987675562035,1.0,0,decreasing,1.0,16,0.125,DISC1
ENSG00000163002,2,2,-0.0096131822514091,1.0,0,decreasing,1.0,3,0.6666666666666666,NUP35
ENSG00000163082,2,1,-0.0017586809907389502,1.0,1,decreasing,0.5,3,0.6666666666666666,SGPP2
ENSG00000163378,2,2,-0.00306888193581245,1.0,0,decreasing,1.0,14,0.14285714285714285,EOGT
ENSG00000163463,2,2,-0.0060861863502583,1.0,0,decreasing,1.0,4,0.5,KRTCAP2
ENSG00000163491,2,1,-0.00055350558992625,1.0,1,decreasing,0.5,7,0.2857142857142857,NEK10
ENSG00000163516,2,2,-0.007420457019263849,1.0,0,decreasing,1.0,2,1.0,ANKZF1
ENSG00000163521,2,2,-0.01561411546831645,1.0,0,decreasing,1.0,2,1.0,GLB1L
ENSG00000163599,2,1,0.0024018388345405,1.0,1,decreasing,0.5,3,0.6666666666666666,CTLA4
ENSG00000163600,2,1,0.019970986980680352,1.0,1,decreasing,0.5,7,0.2857142857142857,ICOS
ENSG00000163608,2,1,0.021473623054208503,1.0,1,decreasing,0.5,3,0.6666666666666666,NEPRO
ENSG00000163636,2,2,-0.01677033018356165,1.0,0,decreasing,1.0,2,1.0,PSMD6
ENSG00000163781,2,2,-0.00777109567992155,1.0,0,decreasing,1.0,3,0.6666666666666666,TOPBP1
ENSG00000163807,2,1,-0.0010887329959890003,1.0,1,decreasing,0.5,7,0.2857142857142857,KIAA1143
ENSG00000163840,2,1,0.009193798808808601,1.0,1,decreasing,0.5,6,0.3333333333333333,DTX3L
ENSG00000163870,2,2,-0.0017796447422495,1.0,0,decreasing,1.0,3,0.6666666666666666,TPRA1
ENSG00000163931,2,1,-0.0030656965279123004,1.0,1,decreasing,0.5,9,0.2222222222222222,TKT
ENSG00000163961,2,2,-0.021053166614168648,1.0,0,decreasing,1.0,5,0.4,RNF168
ENSG00000163975,2,1,-0.1553677563208104,1.0,1,decreasing,0.5,5,0.4,MELTF
ENSG00000164053,2,0,0.0055199044587217,1.0,2,increasing,1.0,2,1.0,ATRIP
ENSG00000164163,2,0,0.0083491567979235,1.0,2,increasing,1.0,3,0.6666666666666666,ABCE1
ENSG00000164168,2,2,-0.00523695518194055,1.0,0,decreasing,1.0,4,0.5,TMEM184C
ENSG00000164181,2,2,-0.00695008820246975,1.0,0,decreasing,1.0,4,0.5,ELOVL7
ENSG00000164308,2,2,-0.0420465130966038,1.0,0,decreasing,1.0,4,0.5,ERAP2
ENSG00000164466,2,1,0.0085196593119463,1.0,1,decreasing,0.5,3,0.6666666666666666,SFXN1
ENSG00000164591,2,2,-0.004400557708787001,1.0,0,decreasing,1.0,2,1.0,MYOZ3
ENSG00000164691,2,1,0.00290884911685795,1.0,1,decreasing,0.5,7,0.2857142857142857,TAGAP
ENSG00000164758,2,1,0.00449140689559065,1.0,1,decreasing,0.5,2,1.0,MED30
ENSG00000164889,2,2,-0.0157545442257689,1.0,0,decreasing,1.0,2,1.0,SLC4A2
ENSG00000164975,2,1,-0.0007065880640218999,1.0,1,decreasing,0.5,7,0.2857142857142857,SNAPC3
ENSG00000164985,2,1,0.0251231239966263,1.0,1,decreasing,0.5,8,0.25,PSIP1
ENSG00000165046,2,0,0.052572759856302796,1.0,2,increasing,1.0,5,0.4,LETM2
ENSG00000165169,2,2,-0.007730808466986851,1.0,0,decreasing,1.0,6,0.3333333333333333,DYNLT3
ENSG00000165275,2,2,-0.0029500889216061,1.0,0,decreasing,1.0,2,1.0,TRMT10B
ENSG00000165527,2,2,-0.08700185978299546,1.0,0,decreasing,1.0,4,0.5,ARF6
ENSG00000165678,2,1,0.014986496445243549,1.0,1,decreasing,0.5,2,1.0,GHITM
ENSG00000165689,2,2,-0.0031527250213504,1.0,0,decreasing,1.0,3,0.6666666666666666,ENTR1
ENSG00000165861,2,2,-0.00340544411738875,1.0,0,decreasing,1.0,3,0.6666666666666666,ZFYVE1
ENSG00000165868,2,1,0.009677190968814399,1.0,1,decreasing,0.5,2,1.0,HSPA12A
ENSG00000165948,2,2,-0.009084209712376199,1.0,0,decreasing,1.0,4,0.5,IFI27L1
ENSG00000166311,2,0,0.38703286562228933,1.0,2,increasing,1.0,5,0.4,SMPD1
ENSG00000166452,2,1,-0.013478765788439798,1.0,1,decreasing,0.5,2,1.0,AKIP1
ENSG00000166562,2,1,0.01443532510845175,1.0,1,decreasing,0.5,5,0.4,SEC11C
ENSG00000166575,2,1,0.00775379511079915,1.0,1,decreasing,0.5,8,0.25,TMEM135
ENSG00000166619,2,2,-0.004044453620803,1.0,0,decreasing,1.0,4,0.5,BLCAP
ENSG00000166747,2,1,-0.006393975728802251,1.0,1,decreasing,0.5,10,0.2,AP1G1
ENSG00000167085,2,2,-0.0137413201815857,1.0,0,decreasing,1.0,4,0.5,PHB
ENSG00000167272,2,1,0.0077748457423057,1.0,1,decreasing,0.5,3,0.6666666666666666,POP5
ENSG00000167380,2,1,-0.008222182849715749,1.0,1,decreasing,0.5,3,0.6666666666666666,ZNF226
ENSG00000167384,2,2,-0.01257944446463595,1.0,0,decreasing,1.0,3,0.6666666666666666,ZNF180
ENSG00000167395,2,2,-0.04293705371346765,1.0,0,decreasing,1.0,2,1.0,ZNF646
ENSG00000167562,2,1,0.0014948545590020498,1.0,1,decreasing,0.5,8,0.25,ZNF701
ENSG00000167670,2,0,0.01183961114458735,1.0,2,increasing,1.0,6,0.3333333333333333,CHAF1A
ENSG00000167699,2,2,-0.01359130918764455,1.0,0,decreasing,1.0,4,0.5,GLOD4
ENSG00000167720,2,0,0.00905257326925855,1.0,2,increasing,1.0,7,0.2857142857142857,SRR
ENSG00000167740,2,2,-0.00305845277158825,1.0,0,decreasing,1.0,2,1.0,CYB5D2
ENSG00000167850,2,2,-0.02003233256964875,1.0,0,decreasing,1.0,2,1.0,CD300C
ENSG00000167978,2,2,-0.0308675421379658,1.0,0,decreasing,1.0,3,0.6666666666666666,SRRM2
ENSG00000167986,2,2,-0.011314527019133,1.0,0,decreasing,1.0,4,0.5,DDB1
ENSG00000168056,2,2,-0.009145674352512,1.0,0,decreasing,1.0,2,1.0,LTBP3
ENSG00000168116,2,2,-0.0016348238001288999,1.0,0,decreasing,1.0,2,1.0,KIAA1586
ENSG00000168209,2,1,0.0046616597376754505,1.0,1,decreasing,0.5,3,0.6666666666666666,DDIT4
ENSG00000168291,2,2,-0.0027838267776268497,1.0,0,decreasing,1.0,2,1.0,PDHB
ENSG00000168906,2,2,-0.00347189830879525,1.0,0,decreasing,1.0,3,0.6666666666666666,MAT2A
ENSG00000169018,2,2,-0.0046428205029687,1.0,0,decreasing,1.0,2,1.0,FEM1B
ENSG00000169057,2,2,-0.0069880297098372,1.0,0,decreasing,1.0,8,0.25,MECP2
ENSG00000169100,2,2,-0.010631847776068801,1.0,0,decreasing,1.0,3,0.6666666666666666,SLC25A6
ENSG00000169189,2,2,-0.039542958145290796,1.0,0,decreasing,1.0,4,0.5,NSMCE1
ENSG00000169288,2,2,-0.01344509951674605,1.0,0,decreasing,1.0,10,0.2,MRPL1
ENSG00000169429,2,2,-0.0018338265467573002,1.0,0,decreasing,1.0,8,0.25,CXCL8
ENSG00000169660,2,2,-0.0090485394397277,1.0,0,decreasing,1.0,5,0.4,HEXD
ENSG00000169919,2,2,-0.0059781925217981,1.0,0,decreasing,1.0,4,0.5,GUSB
ENSG00000170185,2,1,7.519384528545002e-05,1.0,1,decreasing,0.5,8,0.25,USP38
ENSG00000170312,2,1,0.0003389868648901004,1.0,1,decreasing,0.5,2,1.0,CDK1
ENSG00000170412,2,2,-0.00603847453419285,1.0,0,decreasing,1.0,2,1.0,GPRC5C
ENSG00000170619,2,2,-0.0028080572328019497,1.0,0,decreasing,1.0,2,1.0,COMMD5
ENSG00000170638,2,1,0.023709417186793452,1.0,1,decreasing,0.5,3,0.6666666666666666,TRABD
ENSG00000170876,2,2,-0.012228813467684448,1.0,0,decreasing,1.0,3,0.6666666666666666,TMEM43
ENSG00000170892,2,1,0.022238389835992748,1.0,1,decreasing,0.5,3,0.6666666666666666,TSEN34
ENSG00000170903,2,2,-0.0095147394318548,1.0,0,decreasing,1.0,2,1.0,MSANTD4
ENSG00000170915,2,2,-0.0079245575726645,1.0,0,decreasing,1.0,15,0.13333333333333333,PAQR8
ENSG00000170959,2,1,0.005720905489224899,1.0,1,decreasing,0.5,9,0.2222222222222222,DCDC1
ENSG00000171148,2,1,0.00146894242859535,1.0,1,decreasing,0.5,4,0.5,TADA3
ENSG00000171174,2,2,-0.00269406169077415,1.0,0,decreasing,1.0,3,0.6666666666666666,RBKS
ENSG00000171307,2,2,-0.0162043119864249,1.0,0,decreasing,1.0,2,1.0,ZDHHC16
ENSG00000171448,2,2,-0.00263817157623535,1.0,0,decreasing,1.0,3,0.6666666666666666,ZBTB26
ENSG00000171595,2,2,-0.0300098125923932,1.0,0,decreasing,1.0,2,1.0,DNAI2
ENSG00000171659,2,1,-0.0005249110670539499,1.0,1,decreasing,0.5,7,0.2857142857142857,GPR34
ENSG00000171827,2,2,-0.007198429069865,1.0,0,decreasing,1.0,2,1.0,ZNF570
ENSG00000172062,2,2,-0.0035078602349392996,1.0,0,decreasing,1.0,2,1.0,SMN1
ENSG00000172172,2,0,0.026193943484704302,1.0,2,increasing,1.0,5,0.4,MRPL13
ENSG00000172216,2,1,-0.002732624760446,1.0,1,decreasing,0.5,2,1.0,CEBPB
ENSG00000172273,2,2,-0.1298128883394563,1.0,0,decreasing,1.0,7,0.2857142857142857,HINFP
ENSG00000172361,2,0,0.01966970040531245,1.0,2,increasing,1.0,5,0.4,CFAP53
ENSG00000172456,2,2,-0.0822204682338443,1.0,0,decreasing,1.0,4,0.5,FGGY
ENSG00000172466,2,1,0.00970963026638635,1.0,1,decreasing,0.5,2,1.0,ZNF24
ENSG00000172469,2,2,-0.00347983542914125,1.0,0,decreasing,1.0,3,0.6666666666666666,MANEA
ENSG00000172572,2,2,-0.004586432352360999,1.0,0,decreasing,1.0,2,1.0,PDE3A
ENSG00000172725,2,2,-0.02955543577373345,1.0,0,decreasing,1.0,3,0.6666666666666666,CORO1B
ENSG00000172845,2,2,-0.0281060477781654,1.0,0,decreasing,1.0,5,0.4,SP3
ENSG00000172888,2,0,0.02297692740375405,1.0,2,increasing,1.0,6,0.3333333333333333,ZNF621
ENSG00000172977,2,1,0.0138245242373644,1.0,1,decreasing,0.5,3,0.6666666666666666,KAT5
ENSG00000173113,2,1,0.031749217425797,1.0,1,decreasing,0.5,2,1.0,TRMT112
ENSG00000173198,2,2,-0.01455019156111745,1.0,0,decreasing,1.0,2,1.0,CYSLTR1
ENSG00000173207,2,0,0.032941162882407296,1.0,2,increasing,1.0,2,1.0,CKS1B
ENSG00000173436,2,1,0.0030420893639230002,1.0,1,decreasing,0.5,5,0.4,MICOS10
ENSG00000173467,2,2,-0.01168382754529275,1.0,0,decreasing,1.0,3,0.6666666666666666,AGR3
ENSG00000173511,2,2,-0.02076524974917575,1.0,0,decreasing,1.0,2,1.0,VEGFB
ENSG00000173545,2,2,-0.00468214766318215,1.0,0,decreasing,1.0,3,0.6666666666666666,ZNF622
ENSG00000173678,2,1,-0.0014662069654363002,1.0,1,decreasing,0.5,7,0.2857142857142857,SPDYE2B
ENSG00000173933,2,1,0.00866729877093785,1.0,1,decreasing,0.5,2,1.0,RBM4
ENSG00000174444,2,2,-0.019919598255733202,1.0,0,decreasing,1.0,3,0.6666666666666666,RPL4
ENSG00000174446,2,1,0.0007124894847319501,1.0,1,decreasing,0.5,3,0.6666666666666666,SNAPC5
ENSG00000174799,2,2,-0.0130668020917326,1.0,0,decreasing,1.0,2,1.0,CEP135
ENSG00000174839,2,2,-0.06142237486538515,1.0,0,decreasing,1.0,8,0.25,DENND6A
ENSG00000174844,2,0,0.01117855500624375,1.0,2,increasing,1.0,5,0.4,DNAH12
ENSG00000175215,2,1,-0.00714072282223835,1.0,1,decreasing,0.5,6,0.3333333333333333,CTDSP2
ENSG00000175305,2,2,-0.0038177666619736497,1.0,0,decreasing,1.0,3,0.6666666666666666,CCNE2
ENSG00000175414,2,2,-0.00619177938459535,1.0,0,decreasing,1.0,2,1.0,ARL10
ENSG00000175592,2,2,-0.0259977117632915,1.0,0,decreasing,1.0,7,0.2857142857142857,FOSL1
ENSG00000176014,2,1,0.0006199572839665499,1.0,1,decreasing,0.5,7,0.2857142857142857,TUBB6
ENSG00000176022,2,0,0.4142126322415121,1.0,2,increasing,1.0,5,0.4,B3GALT6
ENSG00000176170,2,2,-0.0172453540089358,1.0,0,decreasing,1.0,2,1.0,SPHK1
ENSG00000176393,2,2,-0.0206459256637016,1.0,0,decreasing,1.0,5,0.4,RNPEP
ENSG00000176624,2,0,0.005039951958267799,1.0,2,increasing,1.0,3,0.6666666666666666,MEX3C
ENSG00000177084,2,2,-0.01168552557913795,1.0,0,decreasing,1.0,9,0.2222222222222222,POLE
ENSG00000177169,2,2,-0.0077533530858991,1.0,0,decreasing,1.0,2,1.0,ULK1
ENSG00000178035,2,0,0.031728438620536197,1.0,2,increasing,1.0,5,0.4,IMPDH2
ENSG00000178202,2,0,0.02161667207901755,1.0,2,increasing,1.0,5,0.4,POGLUT3
ENSG00000178381,2,2,-0.0086549950756343,1.0,0,decreasing,1.0,3,0.6666666666666666,ZFAND2A
ENSG00000178605,2,2,-0.0026018409330761,1.0,0,decreasing,1.0,14,0.14285714285714285,GTPBP6
ENSG00000178695,2,2,-0.0040623344808495,1.0,0,decreasing,1.0,3,0.6666666666666666,KCTD12
ENSG00000178764,2,2,-0.028901331221733204,1.0,0,decreasing,1.0,10,0.2,ZHX2
ENSG00000178789,2,2,-0.00662503871589695,1.0,0,decreasing,1.0,2,1.0,CD300LB
ENSG00000178917,2,2,-0.0076575441419436,1.0,0,decreasing,1.0,3,0.6666666666666666,ZNF852
ENSG00000178988,2,2,-0.00669184583493675,1.0,0,decreasing,1.0,2,1.0,MRFAP1L1
ENSG00000179115,2,1,0.0004068173273161998,1.0,1,decreasing,0.5,2,1.0,FARSA
ENSG00000179151,2,2,-0.00261408016028695,1.0,0,decreasing,1.0,4,0.5,EDC3
ENSG00000179222,2,2,-0.00219403100747305,1.0,0,decreasing,1.0,3,0.6666666666666666,MAGED1
ENSG00000179295,2,2,-0.0036107073369896,1.0,0,decreasing,1.0,4,0.5,PTPN11
ENSG00000179364,2,2,-0.0307352814038704,1.0,0,decreasing,1.0,3,0.6666666666666666,PACS2
ENSG00000179588,2,2,-0.00785494439952545,1.0,0,decreasing,1.0,2,1.0,ZFPM1
ENSG00000180353,2,1,0.000552712740879,1.0,1,decreasing,0.5,4,0.5,HCLS1
ENSG00000180917,2,2,-0.23211934799993258,1.0,0,decreasing,1.0,7,0.2857142857142857,CMTR2
ENSG00000181163,2,2,-0.01692562667559285,1.0,0,decreasing,1.0,3,0.6666666666666666,NPM1
ENSG00000181192,2,2,-0.0307191920273442,1.0,0,decreasing,1.0,2,1.0,DHTKD1
ENSG00000181409,2,1,-0.005133489128717549,1.0,1,decreasing,0.5,3,0.6666666666666666,AATK
ENSG00000181652,2,2,-0.0027176511588314998,1.0,0,decreasing,1.0,2,1.0,ATG9B
ENSG00000181830,2,1,-0.029507827877895104,1.0,1,decreasing,0.5,3,0.6666666666666666,SLC35C1
ENSG00000181847,2,1,0.00869573483726605,1.0,1,decreasing,0.5,2,1.0,TIGIT
ENSG00000182173,2,2,-0.00326226765246185,1.0,0,decreasing,1.0,4,0.5,TSEN54
ENSG00000182175,2,1,0.01927668497236325,1.0,1,decreasing,0.5,7,0.2857142857142857,RGMA
ENSG00000182919,2,0,0.00442778009858265,1.0,2,increasing,1.0,3,0.6666666666666666,C11orf54
ENSG00000183484,2,2,-0.015278489176645,1.0,0,decreasing,1.0,3,0.6666666666666666,GPR132
ENSG00000183605,2,0,0.028317691036461548,1.0,2,increasing,1.0,6,0.3333333333333333,SFXN4
ENSG00000183780,2,2,-0.0122779302080549,1.0,0,decreasing,1.0,2,1.0,SLC35F3
ENSG00000184076,2,2,-0.016216138516954852,1.0,0,decreasing,1.0,5,0.4,UQCR10
ENSG00000184293,2,2,-0.004388684426871301,1.0,0,decreasing,1.0,2,1.0,CLECL1
ENSG00000184719,2,2,-0.0012757135958258,1.0,0,decreasing,1.0,14,0.14285714285714285,RNLS
ENSG00000184752,2,0,0.061016472583870246,1.0,2,increasing,1.0,2,1.0,NDUFA12
ENSG00000185009,2,1,0.00015431767104214997,1.0,1,decreasing,0.5,4,0.5,AP3M1
ENSG00000185129,2,0,0.0158391175010922,1.0,2,increasing,1.0,2,1.0,PURA
ENSG00000185163,2,1,-0.014861098534522799,1.0,1,decreasing,0.5,2,1.0,DDX51
ENSG00000185238,2,1,0.0076127686754841,1.0,1,decreasing,0.5,2,1.0,PRMT3
ENSG00000185359,2,1,0.061039125857526196,1.0,1,decreasing,0.5,3,0.6666666666666666,HGS
ENSG00000185728,2,2,-0.006663177332857701,1.0,0,decreasing,1.0,10,0.2,YTHDF3
ENSG00000186017,2,2,-0.0105952542730636,1.0,0,decreasing,1.0,2,1.0,ZNF566
ENSG00000186130,2,1,-0.00305180285759095,1.0,1,decreasing,0.5,6,0.3333333333333333,ZBTB6
ENSG00000186166,2,0,0.0066888288032787,1.0,2,increasing,1.0,4,0.5,CCDC84
ENSG00000186187,2,2,-0.0154383034124752,1.0,0,decreasing,1.0,4,0.5,ZNRF1
ENSG00000186265,2,2,-0.00526437106098685,1.0,0,decreasing,1.0,2,1.0,BTLA
ENSG00000186395,2,2,-0.0124644548268031,1.0,0,decreasing,1.0,2,1.0,KRT10
ENSG00000186407,2,2,-0.0052968531466077995,1.0,0,decreasing,1.0,3,0.6666666666666666,CD300E
ENSG00000186470,2,1,0.005127557353117649,1.0,1,decreasing,0.5,5,0.4,BTN3A2
ENSG00000187555,2,2,-0.029716875520194752,1.0,0,decreasing,1.0,3,0.6666666666666666,USP7
ENSG00000187736,2,1,0.0053946543749839,1.0,1,decreasing,0.5,4,0.5,NHEJ1
ENSG00000187778,2,1,0.00556596619189015,1.0,1,decreasing,0.5,9,0.2222222222222222,MCRS1
ENSG00000188021,2,1,0.00400041577737635,1.0,1,decreasing,0.5,3,0.6666666666666666,UBQLN2
ENSG00000188158,2,0,0.0120580061074195,1.0,2,increasing,1.0,3,0.6666666666666666,NHS
ENSG00000188419,2,2,-0.0058766440804021505,1.0,0,decreasing,1.0,4,0.5,CHM
ENSG00000188493,2,2,-0.0486709086766059,1.0,0,decreasing,1.0,3,0.6666666666666666,C19orf54
ENSG00000188610,2,2,-0.0094837065112942,1.0,0,decreasing,1.0,3,0.6666666666666666,FAM72B
ENSG00000188613,2,2,-0.00667975710388235,1.0,0,decreasing,1.0,3,0.6666666666666666,NANOS1
ENSG00000188672,2,1,0.055570595197284404,1.0,1,decreasing,0.5,3,0.6666666666666666,RHCE
ENSG00000188895,2,1,0.0034899319056939503,1.0,1,decreasing,0.5,8,0.25,MSL1
ENSG00000189043,2,1,0.01824277846431855,1.0,1,decreasing,0.5,2,1.0,NDUFA4
ENSG00000189369,2,2,-0.007564498713060299,1.0,0,decreasing,1.0,14,0.14285714285714285,GSPT2
ENSG00000196116,2,2,-0.00296646561545185,1.0,0,decreasing,1.0,3,0.6666666666666666,TDRD7
ENSG00000196235,2,2,-0.007312241738829051,1.0,0,decreasing,1.0,5,0.4,SUPT5H
ENSG00000196357,2,2,-0.004478209157705601,1.0,0,decreasing,1.0,8,0.25,ZNF565
ENSG00000196455,2,2,-0.00317528320442805,1.0,0,decreasing,1.0,7,0.2857142857142857,PIK3R4
ENSG00000196787,2,2,-0.00757333260880935,1.0,0,decreasing,1.0,3,0.6666666666666666,H2AC11
ENSG00000196968,2,1,0.0067359377984464,1.0,1,decreasing,0.5,9,0.2222222222222222,FUT11
ENSG00000197019,2,1,-0.019989613714881997,1.0,1,decreasing,0.5,3,0.6666666666666666,SERTAD1
ENSG00000197114,2,2,-0.0067449575127766,1.0,0,decreasing,1.0,3,0.6666666666666666,ZGPAT
ENSG00000197121,2,2,-0.00450956736780975,1.0,0,decreasing,1.0,9,0.2222222222222222,PGAP1
ENSG00000197520,2,1,-7.944073720844995e-05,1.0,1,decreasing,0.5,2,1.0,FAM177B
ENSG00000197822,2,2,-0.0034803324229159497,1.0,0,decreasing,1.0,4,0.5,OCLN
ENSG00000197885,2,2,-0.00843170168738085,1.0,0,decreasing,1.0,3,0.6666666666666666,NKIRAS1
ENSG00000198055,2,2,-0.00971190187949145,1.0,0,decreasing,1.0,2,1.0,GRK6
ENSG00000198677,2,1,0.008782844660924499,1.0,1,decreasing,0.5,9,0.2222222222222222,TTC37
ENSG00000198728,2,2,-0.0016840846797834,1.0,0,decreasing,1.0,2,1.0,LDB1
ENSG00000198793,2,2,-0.006037709095553,1.0,0,decreasing,1.0,3,0.6666666666666666,MTOR
ENSG00000198833,2,0,0.00467356235567915,1.0,2,increasing,1.0,7,0.2857142857142857,UBE2J1
ENSG00000198915,2,2,-0.10317778445523315,1.0,0,decreasing,1.0,2,1.0,RASGEF1A
ENSG00000198919,2,2,-0.004303770558510851,1.0,0,decreasing,1.0,4,0.5,DZIP3
ENSG00000204311,2,2,-0.020372042134123,1.0,0,decreasing,1.0,3,0.6666666666666666,PJVK
ENSG00000204316,2,2,-0.05463223465362735,1.0,0,decreasing,1.0,3,0.6666666666666666,MRPL38
ENSG00000204370,2,2,-0.0030860071284205,1.0,0,decreasing,1.0,8,0.25,SDHD
ENSG00000204472,2,2,-0.0163515688867035,1.0,0,decreasing,1.0,2,1.0,AIF1
ENSG00000204536,2,2,-0.0031366409466693497,1.0,0,decreasing,1.0,3,0.6666666666666666,CCHCR1
ENSG00000205352,2,1,0.03957172930968615,1.0,1,decreasing,0.5,2,1.0,PRR13
ENSG00000205413,2,2,-0.0056570701336223495,1.0,0,decreasing,1.0,2,1.0,SAMD9
ENSG00000205571,2,0,0.0039055481139677996,1.0,2,increasing,1.0,3,0.6666666666666666,SMN2
ENSG00000211445,2,2,-0.02674952002491335,1.0,0,decreasing,1.0,3,0.6666666666666666,GPX3
ENSG00000213339,2,1,0.06888743554986575,1.0,1,decreasing,0.5,2,1.0,QTRT1
ENSG00000213366,2,1,-0.0002964527956517498,1.0,1,decreasing,0.5,3,0.6666666666666666,GSTM2
ENSG00000214226,2,0,0.01706183572195365,1.0,2,increasing,1.0,2,1.0,C17orf67
ENSG00000214655,2,0,0.00773975541891305,1.0,2,increasing,1.0,8,0.25,ZSWIM8
ENSG00000225830,2,2,-0.0068283776776694,1.0,0,decreasing,1.0,16,0.125,ERCC6
ENSG00000227057,2,0,0.008296050031387649,1.0,2,increasing,1.0,2,1.0,WDR46
ENSG00000233024,2,2,-0.0146477317324966,1.0,0,decreasing,1.0,3,0.6666666666666666,NPIPA9
ENSG00000241553,2,2,-0.0107472451049641,1.0,0,decreasing,1.0,9,0.2222222222222222,ARPC4
ENSG00000246705,2,0,0.13024238345065992,1.0,2,increasing,1.0,5,0.4,H2AJ
ENSG00000247595,2,2,-0.03896029155986455,1.0,0,decreasing,1.0,2,1.0,SPTY2D1OS
ENSG00000247746,2,2,-0.007287745493639751,1.0,0,decreasing,1.0,3,0.6666666666666666,USP51
ENSG00000254004,2,1,-0.00990715215504165,1.0,1,decreasing,0.5,6,0.3333333333333333,ZNF260
ENSG00000254709,2,0,0.0106041139947681,1.0,2,increasing,1.0,2,1.0,IGLL5
ENSG00000254996,2,2,-0.0119005734411563,1.0,0,decreasing,1.0,2,1.0,ANKHD1-EIF4EBP3
ENSG00000255439,2,2,-0.04146866911373395,1.0,0,decreasing,1.0,2,1.0,AC135050.2
ENSG00000256100,2,2,-0.020734568518765997,1.0,0,decreasing,1.0,2,1.0,AP000721.1
ENSG00000258588,2,0,0.00916977408021,1.0,2,increasing,1.0,2,1.0,TRIM6-TRIM34
ENSG00000258984,2,1,0.008163100036857,1.0,1,decreasing,0.5,3,0.6666666666666666,UBE2F-SCLY
ENSG00000260097,2,2,-0.11691083177064585,1.0,0,decreasing,1.0,8,0.25,SPDYE6
ENSG00000261408,2,1,0.023587488238803352,1.0,1,decreasing,0.5,8,0.25,TEN1-CDK3
ENSG00000263715,2,1,0.01662744637547885,1.0,1,decreasing,0.5,3,0.6666666666666666,LINC02210-CRHR1
ENSG00000263961,2,2,-0.00635810091037465,1.0,0,decreasing,1.0,2,1.0,RHEX
ENSG00000264522,2,1,0.00040845464712684987,1.0,1,decreasing,0.5,5,0.4,OTUD7B
ENSG00000267618,2,2,-0.0061162220231512,1.0,0,decreasing,1.0,4,0.5,AC004223.3
ENSG00000267699,2,2,-0.00130518398852475,1.0,0,decreasing,1.0,14,0.14285714285714285,AC091551.1
ENSG00000268173,2,0,0.32734994823932195,1.0,2,increasing,1.0,6,0.3333333333333333,AC007192.1
ENSG00000269469,2,2,-0.0025042880900336003,1.0,0,decreasing,1.0,7,0.2857142857142857,AC010619.2
ENSG00000270276,2,2,-0.00424064960910065,1.0,0,decreasing,1.0,3,0.6666666666666666,H4C15
ENSG00000271741,2,2,-0.0038348582408848,1.0,0,decreasing,1.0,3,0.6666666666666666,AC114490.2
ENSG00000273167,2,2,-0.0070150778736972,1.0,0,decreasing,1.0,3,0.6666666666666666,AL359736.1
ENSG00000274070,2,2,-0.0026673658168842,1.0,0,decreasing,1.0,15,0.13333333333333333,CASTOR2
ENSG00000274523,2,2,-0.00651732663591495,1.0,0,decreasing,1.0,2,1.0,RCC1L
ENSG00000274559,2,2,-0.01371877049599645,1.0,0,decreasing,1.0,2,1.0,CU639417.1
ENSG00000275464,2,1,0.0053925668750633,1.0,1,decreasing,0.5,2,1.0,FP565260.1
ENSG00000276045,2,2,-0.0168395190112344,1.0,0,decreasing,1.0,3,0.6666666666666666,ORAI1
ENSG00000276234,2,1,0.037172443061829,1.0,1,decreasing,0.5,2,1.0,TADA2A
ENSG00000282246,2,2,-0.0153180926372258,1.0,0,decreasing,1.0,3,0.6666666666666666,AL157392.5
ENSG00000283154,2,2,-0.0027233627178756,1.0,0,decreasing,1.0,3,0.6666666666666666,IQCJ-SCHIP1
ENSG00000283321,2,2,-0.00987727333379215,1.0,0,decreasing,1.0,8,0.25,AC019117.4
ENSG00000283526,2,1,-0.0011676789075067504,1.0,1,decreasing,0.5,2,1.0,PRRT1B
ENSG00000284526,2,1,0.00553414687577645,1.0,1,decreasing,0.5,2,1.0,AC015802.6
ENSG00000284686,2,1,0.009498434121629502,1.0,1,decreasing,0.5,2,1.0,AC119674.2
ENSG00000284934,2,1,-0.0005799838671287001,1.0,1,decreasing,0.5,2,1.0,AC048338.2
ENSG00000284946,2,2,-0.00427718048311395,1.0,0,decreasing,1.0,16,0.125,AC068831.8
ENSG00000285077,2,2,-0.008865642435869299,1.0,0,decreasing,1.0,3,0.6666666666666666,ARHGAP11B
ENSG00000285589,2,2,-0.0027057083617702997,1.0,0,decreasing,1.0,2,1.0,AC010422.8
ENSG00000285779,2,2,-0.0301726373636009,1.0,0,decreasing,1.0,3,0.6666666666666666,AL358472.7
ENSG00000286070,2,1,0.00438048228350305,1.0,1,decreasing,0.5,3,0.6666666666666666,GGT1
ENSG00000286088,2,2,-0.00248057528903285,1.0,0,decreasing,1.0,2,1.0,AC073585.2
ENSG00000286140,2,1,0.00213962944946615,1.0,1,decreasing,0.5,2,1.0,DERPC
ENSG00000286192,2,2,-0.0902559962047,1.0,0,decreasing,1.0,2,1.0,AC069288.1
ENSG00000005302,2,1,0.006966678446958851,0.974341649025257,1,decreasing,0.5,8,0.25,MSL3
ENSG00000008086,2,1,0.00486427280065925,0.974341649025257,1,decreasing,0.5,6,0.3333333333333333,CDKL5
ENSG00000029639,2,2,-0.008243870901185401,0.974341649025257,0,decreasing,1.0,8,0.25,TFB1M
ENSG00000054967,2,2,-0.0007047314570204,0.974341649025257,0,decreasing,1.0,7,0.2857142857142857,RELT
ENSG00000064270,2,1,0.0007594786220608499,0.974341649025257,1,decreasing,0.5,7,0.2857142857142857,ATP2C2
ENSG00000069998,2,1,0.00098030989609275,0.974341649025257,1,decreasing,0.5,7,0.2857142857142857,HDHD5
ENSG00000080603,2,2,-0.0072944492795449,0.974341649025257,0,decreasing,1.0,9,0.2222222222222222,SRCAP
ENSG00000081760,2,1,0.013895167156202799,0.974341649025257,1,decreasing,0.5,7,0.2857142857142857,AACS
ENSG00000091879,2,1,0.0006378073375349501,0.974341649025257,1,decreasing,0.5,7,0.2857142857142857,ANGPT2
ENSG00000099785,2,1,-0.04418199631689175,0.974341649025257,1,decreasing,0.5,6,0.3333333333333333,MARCHF2
ENSG00000100319,2,2,-0.00331311470584445,0.974341649025257,0,decreasing,1.0,6,0.3333333333333333,ZMAT5
ENSG00000101413,2,2,-0.00695841003396315,0.974341649025257,0,decreasing,1.0,7,0.2857142857142857,RPRD1B
ENSG00000103510,2,1,0.00626988238978485,0.974341649025257,1,decreasing,0.5,7,0.2857142857142857,KAT8
ENSG00000106305,2,1,0.008000437675719249,0.974341649025257,1,decreasing,0.5,6,0.3333333333333333,AIMP2
ENSG00000108344,2,2,-0.027037623443202402,0.974341649025257,0,decreasing,1.0,5,0.4,PSMD3
ENSG00000108389,2,2,-0.00131541282999455,0.974341649025257,0,decreasing,1.0,15,0.13333333333333333,MTMR4
ENSG00000108578,2,1,-0.00067453618631885,0.974341649025257,1,decreasing,0.5,7,0.2857142857142857,BLMH
ENSG00000108641,2,2,-0.0030482852797572998,0.974341649025257,0,decreasing,1.0,6,0.3333333333333333,B9D1
ENSG00000108651,2,1,-0.00486295956848075,0.974341649025257,1,decreasing,0.5,5,0.4,UTP6
ENSG00000111727,2,2,-0.01210428621618495,0.974341649025257,0,decreasing,1.0,7,0.2857142857142857,HCFC2
ENSG00000115274,2,1,-0.0015656868523865998,0.974341649025257,1,decreasing,0.5,6,0.3333333333333333,INO80B
ENSG00000115590,2,2,-0.0435794333708932,0.974341649025257,0,decreasing,1.0,5,0.4,IL1R2
ENSG00000117385,2,2,-0.0021200205925359,0.974341649025257,0,decreasing,1.0,6,0.3333333333333333,P3H1
ENSG00000119514,2,2,-0.01217174829551575,0.974341649025257,0,decreasing,1.0,5,0.4,GALNT12
ENSG00000121769,2,1,0.00960561391226265,0.974341649025257,1,decreasing,0.5,6,0.3333333333333333,FABP3
ENSG00000123159,2,2,-0.01484876224149155,0.974341649025257,0,decreasing,1.0,7,0.2857142857142857,GIPC1
ENSG00000125538,2,2,-0.0029031424559355,0.974341649025257,0,decreasing,1.0,15,0.13333333333333333,IL1B
ENSG00000126561,2,2,-0.0149036622213224,0.974341649025257,0,decreasing,1.0,7,0.2857142857142857,STAT5A
ENSG00000130349,2,1,0.009391764343989799,0.974341649025257,1,decreasing,0.5,6,0.3333333333333333,MTRES1
ENSG00000131016,2,2,-0.00637498492131535,0.974341649025257,0,decreasing,1.0,8,0.25,AKAP12
ENSG00000132356,2,2,-0.0024171432161903,0.974341649025257,0,decreasing,1.0,10,0.2,PRKAA1
ENSG00000132604,2,2,-0.016530111485266452,0.974341649025257,0,decreasing,1.0,5,0.4,TERF2
ENSG00000136213,2,1,0.004691603906275051,0.974341649025257,1,decreasing,0.5,16,0.125,CHST12
ENSG00000137274,2,2,-0.0113573038570503,0.974341649025257,0,decreasing,1.0,5,0.4,BPHL
ENSG00000137497,2,2,-0.00268198892572615,0.974341649025257,0,decreasing,1.0,7,0.2857142857142857,NUMA1
ENSG00000137648,2,1,0.00104418935965995,0.974341649025257,1,decreasing,0.5,6,0.3333333333333333,TMPRSS4
ENSG00000138430,2,2,-0.0375114462559894,0.974341649025257,0,decreasing,1.0,10,0.2,OLA1
ENSG00000141012,2,2,-0.0149228286482854,0.974341649025257,0,decreasing,1.0,5,0.4,GALNS
ENSG00000141385,2,2,-0.01904908430821295,0.974341649025257,0,decreasing,1.0,8,0.25,AFG3L2
ENSG00000141404,2,1,-0.00698928488128055,0.974341649025257,1,decreasing,0.5,6,0.3333333333333333,GNAL
ENSG00000143653,2,1,-0.0489422736378195,0.974341649025257,1,decreasing,0.5,5,0.4,SCCPDH
ENSG00000145113,2,1,0.0124028748045884,0.974341649025257,1,decreasing,0.5,5,0.4,MUC4
ENSG00000145354,2,1,0.00022480228561895,0.974341649025257,1,decreasing,0.5,7,0.2857142857142857,CISD2
ENSG00000146197,2,1,-0.00062659214027255,0.974341649025257,1,decreasing,0.5,6,0.3333333333333333,SCUBE3
ENSG00000146707,2,1,0.0017696336072461501,0.974341649025257,1,decreasing,0.5,10,0.2,POMZP3
ENSG00000146842,2,1,-0.00580549234157785,0.974341649025257,1,decreasing,0.5,5,0.4,TMEM209
ENSG00000152213,2,1,0.013375870950459803,0.974341649025257,1,decreasing,0.5,5,0.4,ARL11
ENSG00000154099,2,1,0.00382058137974095,0.974341649025257,1,decreasing,0.5,5,0.4,DNAAF1
ENSG00000154582,2,1,-0.038903675429429546,0.974341649025257,1,decreasing,0.5,8,0.25,ELOC
ENSG00000160877,2,2,-0.01154809427611155,0.974341649025257,0,decreasing,1.0,5,0.4,NACC1
ENSG00000163710,2,2,-0.006372490889248301,0.974341649025257,0,decreasing,1.0,6,0.3333333333333333,PCOLCE2
ENSG00000163814,2,2,-0.0045952058684700006,0.974341649025257,0,decreasing,1.0,20,0.1,CDCP1
ENSG00000164111,2,1,0.0026493394926301,0.974341649025257,1,decreasing,0.5,6,0.3333333333333333,ANXA5
ENSG00000164331,2,2,-0.00253837386608595,0.974341649025257,0,decreasing,1.0,6,0.3333333333333333,ANKRA2
ENSG00000164347,2,2,-0.00544912550706025,0.974341649025257,0,decreasing,1.0,8,0.25,GFM2
ENSG00000164880,2,1,0.0112061464845775,0.974341649025257,1,decreasing,0.5,5,0.4,INTS1
ENSG00000165138,2,2,-0.00554381632703885,0.974341649025257,0,decreasing,1.0,6,0.3333333333333333,ANKS6
ENSG00000166025,2,1,0.00216059410435965,0.974341649025257,1,decreasing,0.5,6,0.3333333333333333,AMOTL1
ENSG00000166401,2,2,-0.0013862510518347,0.974341649025257,0,decreasing,1.0,6,0.3333333333333333,SERPINB8
ENSG00000167208,2,2,-0.023973200704503053,0.974341649025257,0,decreasing,1.0,9,0.2222222222222222,SNX20
ENSG00000168038,2,2,-0.01609597115271895,0.974341649025257,0,decreasing,1.0,6,0.3333333333333333,ULK4
ENSG00000168159,2,2,-0.00082250694991695,0.974341649025257,0,decreasing,1.0,14,0.14285714285714285,RNF187
ENSG00000169021,2,2,-0.03156900394397725,0.974341649025257,0,decreasing,1.0,8,0.25,UQCRFS1
ENSG00000170502,2,1,0.00377902687632215,0.974341649025257,1,decreasing,0.5,6,0.3333333333333333,NUDT9
ENSG00000171262,2,1,-0.00632940304409025,0.974341649025257,1,decreasing,0.5,6,0.3333333333333333,FAM98B
ENSG00000172932,2,1,-0.01327740364029435,0.974341649025257,1,decreasing,0.5,5,0.4,ANKRD13D
ENSG00000173272,2,1,-0.0009533783931538998,0.974341649025257,1,decreasing,0.5,5,0.4,MZT2A
ENSG00000173451,2,1,0.0447307294740888,0.974341649025257,1,decreasing,0.5,9,0.2222222222222222,THAP2
ENSG00000173540,2,2,-0.0047766465829564494,0.974341649025257,0,decreasing,1.0,14,0.14285714285714285,GMPPB
ENSG00000174226,2,2,-0.00121561339253095,0.974341649025257,0,decreasing,1.0,7,0.2857142857142857,SNX31
ENSG00000174996,2,2,-0.0210876347460281,0.974341649025257,0,decreasing,1.0,7,0.2857142857142857,KLC2
ENSG00000176731,2,1,-0.00273630713498895,0.974341649025257,1,decreasing,0.5,6,0.3333333333333333,RBIS
ENSG00000181817,2,1,0.0047839568347411,0.974341649025257,1,decreasing,0.5,5,0.4,LSM10
ENSG00000184012,2,1,-0.00012432198314589991,0.974341649025257,1,decreasing,0.5,5,0.4,TMPRSS2
ENSG00000196177,2,2,-0.01028255102549845,0.974341649025257,0,decreasing,1.0,6,0.3333333333333333,ACADSB
ENSG00000197021,2,1,0.005030100866545,0.974341649025257,1,decreasing,0.5,6,0.3333333333333333,CXorf40B
ENSG00000198482,2,2,-0.00178754797243985,0.974341649025257,0,decreasing,1.0,9,0.2222222222222222,ZNF808
ENSG00000198513,2,1,0.0198768778813818,0.974341649025257,1,decreasing,0.5,20,0.1,ATL1
ENSG00000203760,2,2,-0.0076142547574916,0.974341649025257,0,decreasing,1.0,5,0.4,CENPW
ENSG00000204954,2,1,0.0053956840873253505,0.974341649025257,1,decreasing,0.5,6,0.3333333333333333,C12orf73
ENSG00000241489,2,1,0.00012152072734839979,0.974341649025257,1,decreasing,0.5,5,0.4,AC244197.3
ENSG00000249141,2,2,-0.0029348244340733497,0.974341649025257,0,decreasing,1.0,7,0.2857142857142857,AL159163.1
ENSG00000254536,2,1,-0.0035367821593684,0.974341649025257,1,decreasing,0.5,5,0.4,AL360181.3
ENSG00000278817,2,2,-0.00757924001374305,0.974341649025257,0,decreasing,1.0,5,0.4,AC007325.4
ENSG00000104825,2,2,-0.00987059489578275,0.948683298050514,0,decreasing,1.0,7,0.2857142857142857,NFKBIB
ENSG00000112851,2,2,-0.006079284820206849,0.948683298050514,0,decreasing,1.0,10,0.2,ERBIN
ENSG00000114853,2,2,-0.0024224248794374004,0.948683298050514,0,decreasing,1.0,5,0.4,ZBTB47
ENSG00000130766,2,2,-0.057108358653784,0.948683298050514,0,decreasing,1.0,8,0.25,SESN2
ENSG00000131844,2,2,-0.0103461058688062,0.948683298050514,0,decreasing,1.0,7,0.2857142857142857,MCCC2
ENSG00000136918,2,2,-0.03222969608917815,0.948683298050514,0,decreasing,1.0,5,0.4,WDR38
ENSG00000151651,2,2,-0.01177405225678275,0.948683298050514,0,decreasing,1.0,5,0.4,ADAM8
ENSG00000157856,2,2,-0.0071059273796155,0.948683298050514,0,decreasing,1.0,5,0.4,DRC1
ENSG00000163071,2,2,-0.0078310572279639,0.948683298050514,0,decreasing,1.0,5,0.4,SPATA18
ENSG00000165516,2,2,-0.0047603659656140496,0.948683298050514,0,decreasing,1.0,8,0.25,KLHDC2
ENSG00000168899,2,2,-0.03521735679167505,0.948683298050514,0,decreasing,1.0,5,0.4,VAMP5
ENSG00000214063,2,2,-0.0492608934395848,0.948683298050514,0,decreasing,1.0,5,0.4,TSPAN4
ENSG00000274286,2,2,-0.00754667052041115,0.948683298050514,0,decreasing,1.0,5,0.4,ADRA2B
ENSG00000005812,2,1,-7.382628370605012e-05,0.9330127018922194,1,decreasing,0.5,4,0.5,FBXL3
ENSG00000006459,2,1,0.00116523865055195,0.9330127018922194,1,decreasing,0.5,4,0.5,KDM7A
ENSG00000007202,2,2,-0.00969846734767945,0.9330127018922194,0,decreasing,1.0,4,0.5,KIAA0100
ENSG00000008517,2,1,0.00319702224393855,0.9330127018922194,1,decreasing,0.5,3,0.6666666666666666,IL32
ENSG00000010030,2,2,-0.0128215179079391,0.9330127018922194,0,decreasing,1.0,3,0.6666666666666666,ETV7
ENSG00000011600,2,2,-0.00759337741518625,0.9330127018922194,0,decreasing,1.0,3,0.6666666666666666,TYROBP
ENSG00000013375,2,1,0.0007355028697854499,0.9330127018922194,1,decreasing,0.5,6,0.3333333333333333,PGM3
ENSG00000015171,2,1,-0.00295830259621945,0.9330127018922194,1,decreasing,0.5,8,0.25,ZMYND11
ENSG00000016391,2,2,-0.021428802726651548,0.9330127018922194,0,decreasing,1.0,6,0.3333333333333333,CHDH
ENSG00000022267,2,2,-0.00241432230204245,0.9330127018922194,0,decreasing,1.0,14,0.14285714285714285,FHL1
ENSG00000023892,2,1,0.0036893622308878,0.9330127018922194,1,decreasing,0.5,2,1.0,DEF6
ENSG00000027869,2,2,-0.0014695186388538001,0.9330127018922194,0,decreasing,1.0,4,0.5,SH2D2A
ENSG00000029364,2,1,-0.00215186410997625,0.9330127018922194,1,decreasing,0.5,5,0.4,SLC39A9
ENSG00000031823,2,2,-0.0071244921607006,0.9330127018922194,0,decreasing,1.0,3,0.6666666666666666,RANBP3
ENSG00000033122,2,0,0.0113188240701641,0.9330127018922194,2,increasing,1.0,3,0.6666666666666666,LRRC7
ENSG00000035664,2,1,0.0040521397052697,0.9330127018922194,1,decreasing,0.5,8,0.25,DAPK2
ENSG00000035687,2,2,-0.00257430906159485,0.9330127018922194,0,decreasing,1.0,2,1.0,ADSS2
ENSG00000047410,2,2,-0.00375560934954645,0.9330127018922194,0,decreasing,1.0,21,0.09523809523809523,TPR
ENSG00000053524,2,2,-0.00547690862841005,0.9330127018922194,0,decreasing,1.0,8,0.25,MCF2L2
ENSG00000057019,2,0,0.03560342247627165,0.9330127018922194,2,increasing,1.0,2,1.0,DCBLD2
ENSG00000058453,2,1,-0.01219321960904945,0.9330127018922194,1,decreasing,0.5,7,0.2857142857142857,CROCC
ENSG00000059804,2,2,-0.010966454634572851,0.9330127018922194,0,decreasing,1.0,14,0.14285714285714285,SLC2A3
ENSG00000061273,2,2,-0.023999683862872552,0.9330127018922194,0,decreasing,1.0,2,1.0,HDAC7
ENSG00000061938,2,0,0.0039156109982518,0.9330127018922194,2,increasing,1.0,2,1.0,TNK2
ENSG00000064652,2,1,0.00017053564177059997,0.9330127018922194,1,decreasing,0.5,7,0.2857142857142857,SNX24
ENSG00000066294,2,2,-0.0021189364661523998,0.9330127018922194,0,decreasing,1.0,3,0.6666666666666666,CD84
ENSG00000066557,2,2,-0.0031235086160706998,0.9330127018922194,0,decreasing,1.0,4,0.5,LRRC40
ENSG00000072042,2,2,-0.0131957338517986,0.9330127018922194,0,decreasing,1.0,2,1.0,RDH11
ENSG00000072609,2,1,0.0023268796756335496,0.9330127018922194,1,decreasing,0.5,19,0.10526315789473684,CHFR
ENSG00000073605,2,2,-0.01981528432066875,0.9330127018922194,0,decreasing,1.0,2,1.0,GSDMB
ENSG00000076924,2,1,0.036569200004836246,0.9330127018922194,1,decreasing,0.5,2,1.0,XAB2
ENSG00000077235,2,2,-0.0018832274483503002,0.9330127018922194,0,decreasing,1.0,5,0.4,GTF3C1
ENSG00000079387,2,2,-0.01102146269961375,0.9330127018922194,0,decreasing,1.0,6,0.3333333333333333,SENP1
ENSG00000081019,2,1,-0.035765923468523905,0.9330127018922194,1,decreasing,0.5,7,0.2857142857142857,RSBN1
ENSG00000082293,2,2,-0.009199392993710951,0.9330127018922194,0,decreasing,1.0,3,0.6666666666666666,COL19A1
ENSG00000087077,2,0,0.0074114231554247,0.9330127018922194,2,increasing,1.0,6,0.3333333333333333,TRIP6
ENSG00000088053,2,1,-0.005882914511339299,0.9330127018922194,1,decreasing,0.5,6,0.3333333333333333,GP6
ENSG00000088448,2,2,-0.0042599695163038995,0.9330127018922194,0,decreasing,1.0,4,0.5,ANKRD10
ENSG00000088727,2,1,0.006224242279658501,0.9330127018922194,1,decreasing,0.5,2,1.0,KIF9
ENSG00000090339,2,1,0.08450521389898616,0.9330127018922194,1,decreasing,0.5,3,0.6666666666666666,ICAM1
ENSG00000092020,2,1,0.029987295626998298,0.9330127018922194,1,decreasing,0.5,3,0.6666666666666666,PPP2R3C
ENSG00000093144,2,1,0.00233786352588595,0.9330127018922194,1,decreasing,0.5,9,0.2222222222222222,ECHDC1
ENSG00000095397,2,1,-0.00015852288714344998,0.9330127018922194,1,decreasing,0.5,3,0.6666666666666666,WHRN
ENSG00000099204,2,1,-0.01626538483599835,0.9330127018922194,1,decreasing,0.5,5,0.4,ABLIM1
ENSG00000100027,2,2,-0.009644852745232649,0.9330127018922194,0,decreasing,1.0,19,0.10526315789473684,YPEL1
ENSG00000100347,2,2,-0.0039727102005916,0.9330127018922194,0,decreasing,1.0,14,0.14285714285714285,SAMM50
ENSG00000100591,2,2,-0.0049276813096420504,0.9330127018922194,0,decreasing,1.0,3,0.6666666666666666,AHSA1
ENSG00000100652,2,2,-0.01070641213572305,0.9330127018922194,0,decreasing,1.0,8,0.25,SLC10A1
ENSG00000100711,2,1,0.0788869188604657,0.9330127018922194,1,decreasing,0.5,2,1.0,ZFYVE21
ENSG00000101443,2,1,0.018040061093041897,0.9330127018922194,1,decreasing,0.5,2,1.0,WFDC2
ENSG00000101557,2,1,0.0016692493964369501,0.9330127018922194,1,decreasing,0.5,4,0.5,USP14
ENSG00000102910,2,1,0.02688869642161795,0.9330127018922194,1,decreasing,0.5,7,0.2857142857142857,LONP2
ENSG00000102962,2,2,-0.0033215860663256503,0.9330127018922194,0,decreasing,1.0,3,0.6666666666666666,CCL22
ENSG00000103051,2,2,-0.024227239478478102,0.9330127018922194,0,decreasing,1.0,7,0.2857142857142857,COG4
ENSG00000103111,2,1,-0.0010425852598516,0.9330127018922194,1,decreasing,0.5,7,0.2857142857142857,MON1B
ENSG00000103227,2,1,-0.044414102016599954,0.9330127018922194,1,decreasing,0.5,4,0.5,LMF1
ENSG00000103264,2,1,-0.0373275314726048,0.9330127018922194,1,decreasing,0.5,5,0.4,FBXO31
ENSG00000103353,2,2,-0.01577337303488225,0.9330127018922194,0,decreasing,1.0,5,0.4,UBFD1
ENSG00000103381,2,2,-0.001899889978152,0.9330127018922194,0,decreasing,1.0,18,0.1111111111111111,CPPED1
ENSG00000103591,2,1,-0.0010150440909987499,0.9330127018922194,1,decreasing,0.5,8,0.25,AAGAB
ENSG00000104043,2,2,-0.0057443141131644,0.9330127018922194,0,decreasing,1.0,3,0.6666666666666666,ATP8B4
ENSG00000104047,2,2,-0.00343641753837135,0.9330127018922194,0,decreasing,1.0,3,0.6666666666666666,DTWD1
ENSG00000104964,2,2,-0.02507118503230745,0.9330127018922194,0,decreasing,1.0,6,0.3333333333333333,TLE5
ENSG00000104980,2,1,-0.00022866305010335077,0.9330127018922194,1,decreasing,0.5,2,1.0,TIMM44
ENSG00000105227,2,1,0.02034731118163035,0.9330127018922194,1,decreasing,0.5,6,0.3333333333333333,PRX
ENSG00000105854,2,2,-0.0071057248661404,0.9330127018922194,0,decreasing,1.0,3,0.6666666666666666,PON2
ENSG00000106028,2,2,-0.0025362031167963,0.9330127018922194,0,decreasing,1.0,5,0.4,SSBP1
ENSG00000106244,2,1,0.0379299271874654,0.9330127018922194,1,decreasing,0.5,5,0.4,PDAP1
ENSG00000106415,2,1,0.0073637828661641,0.9330127018922194,1,decreasing,0.5,3,0.6666666666666666,GLCCI1
ENSG00000107829,2,2,-0.00230983645698045,0.9330127018922194,0,decreasing,1.0,5,0.4,FBXW4
ENSG00000108094,2,1,0.00022484835953155008,0.9330127018922194,1,decreasing,0.5,21,0.09523809523809523,CUL2
ENSG00000108468,2,2,-0.00807026209888835,0.9330127018922194,0,decreasing,1.0,4,0.5,CBX1
ENSG00000108829,2,1,-0.00420843000359375,0.9330127018922194,1,decreasing,0.5,6,0.3333333333333333,LRRC59
ENSG00000108840,2,1,-0.0013419129653866003,0.9330127018922194,1,decreasing,0.5,4,0.5,HDAC5
ENSG00000109111,2,1,-0.0027083438880384,0.9330127018922194,1,decreasing,0.5,5,0.4,SUPT6H
ENSG00000109680,2,1,0.0031812356852694,0.9330127018922194,1,decreasing,0.5,5,0.4,TBC1D19
ENSG00000109686,2,2,-0.004188540372505,0.9330127018922194,0,decreasing,1.0,4,0.5,SH3D19
ENSG00000109762,2,2,-0.004923112821490799,0.9330127018922194,0,decreasing,1.0,5,0.4,SNX25
ENSG00000109775,2,1,0.0030771720067743497,0.9330127018922194,1,decreasing,0.5,5,0.4,UFSP2
ENSG00000110435,2,1,-0.00038539120223615004,0.9330127018922194,1,decreasing,0.5,10,0.2,PDHX
ENSG00000110876,2,1,0.00639676285731825,0.9330127018922194,1,decreasing,0.5,7,0.2857142857142857,SELPLG
ENSG00000110925,2,0,0.0237394162698827,0.9330127018922194,2,increasing,1.0,6,0.3333333333333333,CSRNP2
ENSG00000111196,2,1,-0.0026465492804107,0.9330127018922194,1,decreasing,0.5,7,0.2857142857142857,MAGOHB
ENSG00000111711,2,1,0.0013716407897655498,0.9330127018922194,1,decreasing,0.5,3,0.6666666666666666,GOLT1B
ENSG00000112079,2,2,-0.0054720056470274996,0.9330127018922194,0,decreasing,1.0,4,0.5,STK38
ENSG00000112081,2,2,-0.01116738628020455,0.9330127018922194,0,decreasing,1.0,5,0.4,SRSF3
ENSG00000112394,2,2,-0.00878367552394185,0.9330127018922194,0,decreasing,1.0,9,0.2222222222222222,SLC16A10
ENSG00000112658,2,1,0.0052308946459609,0.9330127018922194,1,decreasing,0.5,2,1.0,SRF
ENSG00000112701,2,0,0.00497109249723655,0.9330127018922194,2,increasing,1.0,9,0.2222222222222222,SENP6
ENSG00000112773,2,1,-0.00327661007996925,0.9330127018922194,1,decreasing,0.5,7,0.2857142857142857,TENT5A
ENSG00000112782,2,2,-0.01136281057497145,0.9330127018922194,0,decreasing,1.0,10,0.2,CLIC5
ENSG00000113141,2,2,-0.00290454079358185,0.9330127018922194,0,decreasing,1.0,3,0.6666666666666666,IK
ENSG00000114450,2,2,-0.0064565885790117995,0.9330127018922194,0,decreasing,1.0,5,0.4,GNB4
ENSG00000115211,2,2,-0.0028206579566022,0.9330127018922194,0,decreasing,1.0,2,1.0,EIF2B4
ENSG00000116791,2,2,-0.0033282224064246,0.9330127018922194,0,decreasing,1.0,3,0.6666666666666666,CRYZ
ENSG00000116852,2,2,-0.0074123843264845505,0.9330127018922194,0,decreasing,1.0,3,0.6666666666666666,KIF21B
ENSG00000116918,2,2,-0.01014546459460375,0.9330127018922194,0,decreasing,1.0,3,0.6666666666666666,TSNAX
ENSG00000116922,2,0,0.072207697438805,0.9330127018922194,2,increasing,1.0,6,0.3333333333333333,C1orf109
ENSG00000117090,2,2,-0.00167992106315685,0.9330127018922194,0,decreasing,1.0,3,0.6666666666666666,SLAMF1
ENSG00000117143,2,1,-8.211751378254997e-05,0.9330127018922194,1,decreasing,0.5,2,1.0,UAP1
ENSG00000117226,2,1,-0.0073505607022388494,0.9330127018922194,1,decreasing,0.5,7,0.2857142857142857,GBP3
ENSG00000117475,2,2,-0.00245350570033495,0.9330127018922194,0,decreasing,1.0,16,0.125,BLZF1
ENSG00000117533,2,1,-0.0039453746593517995,0.9330127018922194,1,decreasing,0.5,2,1.0,VAMP4
ENSG00000118961,2,0,0.0185506074439174,0.9330127018922194,2,increasing,1.0,6,0.3333333333333333,LDAH
ENSG00000119446,2,1,0.0033411268724952495,0.9330127018922194,1,decreasing,0.5,7,0.2857142857142857,RBM18
ENSG00000119508,2,2,-0.0023191083562534003,0.9330127018922194,0,decreasing,1.0,5,0.4,NR4A3
ENSG00000119688,2,1,-0.0321228240744626,0.9330127018922194,1,decreasing,0.5,2,1.0,ABCD4
ENSG00000120306,2,2,-0.0038250838887972,0.9330127018922194,0,decreasing,1.0,5,0.4,CYSTM1
ENSG00000121039,2,2,-0.00160292056256695,0.9330127018922194,0,decreasing,1.0,7,0.2857142857142857,RDH10
ENSG00000121350,2,2,-0.02622214471744405,0.9330127018922194,0,decreasing,1.0,4,0.5,PYROXD1
ENSG00000122490,2,1,0.0007017135120999999,0.9330127018922194,1,decreasing,0.5,9,0.2222222222222222,SLC66A2
ENSG00000122692,2,2,-0.01195828587866865,0.9330127018922194,0,decreasing,1.0,4,0.5,SMU1
ENSG00000124406,2,2,-0.00265374533940365,0.9330127018922194,0,decreasing,1.0,5,0.4,ATP8A1
ENSG00000124508,2,2,-0.00508915147486695,0.9330127018922194,0,decreasing,1.0,15,0.13333333333333333,BTN2A2
ENSG00000124762,2,1,0.00046498848840179985,0.9330127018922194,1,decreasing,0.5,8,0.25,CDKN1A
ENSG00000125430,2,1,0.04293704861885095,0.9330127018922194,1,decreasing,0.5,3,0.6666666666666666,HS3ST3B1
ENSG00000125735,2,1,-0.0052080350615858004,0.9330127018922194,1,decreasing,0.5,6,0.3333333333333333,TNFSF14
ENSG00000125775,2,2,-0.0021960543060852997,0.9330127018922194,0,decreasing,1.0,2,1.0,SDCBP2
ENSG00000125814,2,2,-0.004675349239100551,0.9330127018922194,0,decreasing,1.0,16,0.125,NAPB
ENSG00000125863,2,2,-0.01875071353980555,0.9330127018922194,0,decreasing,1.0,2,1.0,MKKS
ENSG00000126351,2,1,0.00596373777398535,0.9330127018922194,1,decreasing,0.5,6,0.3333333333333333,THRA
ENSG00000126581,2,2,-0.015406616818138,0.9330127018922194,0,decreasing,1.0,4,0.5,BECN1
ENSG00000127080,2,2,-0.01071297034261145,0.9330127018922194,0,decreasing,1.0,7,0.2857142857142857,IPPK
ENSG00000127511,2,2,-0.0023709285657250497,0.9330127018922194,0,decreasing,1.0,4,0.5,SIN3B
ENSG00000128590,2,2,-0.00190751443399465,0.9330127018922194,0,decreasing,1.0,4,0.5,DNAJB9
ENSG00000129103,2,2,-0.0018621604604021,0.9330127018922194,0,decreasing,1.0,3,0.6666666666666666,SUMF2
ENSG00000129933,2,1,-0.00079774735741555,0.9330127018922194,1,decreasing,0.5,7,0.2857142857142857,MAU2
ENSG00000130787,2,2,-0.00348678485916935,0.9330127018922194,0,decreasing,1.0,3,0.6666666666666666,HIP1R
ENSG00000131069,2,1,-0.0043993300717883,0.9330127018922194,1,decreasing,0.5,8,0.25,ACSS2
ENSG00000131669,2,2,-0.0048142359188623,0.9330127018922194,0,decreasing,1.0,3,0.6666666666666666,NINJ1
ENSG00000132471,2,2,-0.0178589856663315,0.9330127018922194,0,decreasing,1.0,3,0.6666666666666666,WBP2
ENSG00000133597,2,2,-0.0040554989157681,0.9330127018922194,0,decreasing,1.0,9,0.2222222222222222,ADCK2
ENSG00000133874,2,2,-0.00103769652226525,0.9330127018922194,0,decreasing,1.0,4,0.5,RNF122
ENSG00000134070,2,1,0.00522323983101595,0.9330127018922194,1,decreasing,0.5,9,0.2222222222222222,IRAK2
ENSG00000134283,2,2,-0.00481306510312475,0.9330127018922194,0,decreasing,1.0,16,0.125,PPHLN1
ENSG00000134769,2,2,-0.0021524393795789,0.9330127018922194,0,decreasing,1.0,22,0.09090909090909091,DTNA
ENSG00000134955,2,2,-0.0058093807911631,0.9330127018922194,0,decreasing,1.0,2,1.0,SLC37A2
ENSG00000135114,2,1,0.0059860862048072,0.9330127018922194,1,decreasing,0.5,8,0.25,OASL
ENSG00000135148,2,2,-0.0042332305594518,0.9330127018922194,0,decreasing,1.0,3,0.6666666666666666,TRAFD1
ENSG00000135521,2,0,0.00810756412224105,0.9330127018922194,2,increasing,1.0,4,0.5,LTV1
ENSG00000135549,2,1,0.005538728279068651,0.9330127018922194,1,decreasing,0.5,9,0.2222222222222222,PKIB
ENSG00000135597,2,1,-0.00083730637504195,0.9330127018922194,1,decreasing,0.5,10,0.2,REPS1
ENSG00000135643,2,2,-0.01523137481697885,0.9330127018922194,0,decreasing,1.0,4,0.5,KCNMB4
ENSG00000135766,2,1,0.009947148379203349,0.9330127018922194,1,decreasing,0.5,3,0.6666666666666666,EGLN1
ENSG00000135776,2,2,-0.0012159818355641,0.9330127018922194,0,decreasing,1.0,16,0.125,ABCB10
ENSG00000135931,2,0,0.049695645377039,0.9330127018922194,2,increasing,1.0,4,0.5,ARMC9
ENSG00000136153,2,1,-0.011157075454214401,0.9330127018922194,1,decreasing,0.5,4,0.5,LMO7
ENSG00000136867,2,2,-0.0028914707529832497,0.9330127018922194,0,decreasing,1.0,3,0.6666666666666666,SLC31A2
ENSG00000137364,2,1,-0.00592576337806675,0.9330127018922194,1,decreasing,0.5,6,0.3333333333333333,TPMT
ENSG00000137413,2,2,-0.0141266175729067,0.9330127018922194,0,decreasing,1.0,5,0.4,TAF8
ENSG00000137996,2,2,-0.005100532072879201,0.9330127018922194,0,decreasing,1.0,2,1.0,RTCA
ENSG00000138182,2,1,0.00034921803258555,0.9330127018922194,1,decreasing,0.5,4,0.5,KIF20B
ENSG00000138279,2,2,-0.00791018528707705,0.9330127018922194,0,decreasing,1.0,4,0.5,ANXA7
ENSG00000138785,2,1,0.0006628927333478499,0.9330127018922194,1,decreasing,0.5,5,0.4,INTS12
ENSG00000139044,2,0,0.016765454146962448,0.9330127018922194,2,increasing,1.0,2,1.0,B4GALNT3
ENSG00000139182,2,0,0.01774802824582485,0.9330127018922194,2,increasing,1.0,4,0.5,CLSTN3
ENSG00000139737,2,2,-0.0055743358072032,0.9330127018922194,0,decreasing,1.0,3,0.6666666666666666,SLAIN1
ENSG00000140443,2,2,-0.0104738311504705,0.9330127018922194,0,decreasing,1.0,5,0.4,IGF1R
ENSG00000140678,2,2,-0.0019129061665319,0.9330127018922194,0,decreasing,1.0,8,0.25,ITGAX
ENSG00000140859,2,2,-0.01526322125869305,0.9330127018922194,0,decreasing,1.0,3,0.6666666666666666,KIFC3
ENSG00000141542,2,2,-0.00189462556544295,0.9330127018922194,0,decreasing,1.0,3,0.6666666666666666,RAB40B
ENSG00000142002,2,1,0.028193300974403347,0.9330127018922194,1,decreasing,0.5,21,0.09523809523809523,DPP9
ENSG00000142039,2,2,-0.0079268270009736,0.9330127018922194,0,decreasing,1.0,4,0.5,CCDC97
ENSG00000142188,2,1,-0.00348637958502745,0.9330127018922194,1,decreasing,0.5,2,1.0,TMEM50B
ENSG00000142208,2,0,0.0773217506626129,0.9330127018922194,2,increasing,1.0,2,1.0,AKT1
ENSG00000142546,2,2,-0.005279168314087101,0.9330127018922194,0,decreasing,1.0,9,0.2222222222222222,NOSIP
ENSG00000143036,2,0,0.0419738209237811,0.9330127018922194,2,increasing,1.0,6,0.3333333333333333,SLC44A3
ENSG00000143569,2,2,-0.0074282308934198495,0.9330127018922194,0,decreasing,1.0,9,0.2222222222222222,UBAP2L
ENSG00000143624,2,0,0.0050288819809225,0.9330127018922194,2,increasing,1.0,7,0.2857142857142857,INTS3
ENSG00000143862,2,2,-0.019338787379592548,0.9330127018922194,0,decreasing,1.0,3,0.6666666666666666,ARL8A
ENSG00000143952,2,2,-0.00473542327273405,0.9330127018922194,0,decreasing,1.0,9,0.2222222222222222,VPS54
ENSG00000144233,2,1,-0.0114198217000765,0.9330127018922194,1,decreasing,0.5,7,0.2857142857142857,AMMECR1L
ENSG00000144381,2,0,0.11452555877383726,0.9330127018922194,2,increasing,1.0,6,0.3333333333333333,HSPD1
ENSG00000144559,2,2,-0.00641265183161175,0.9330127018922194,0,decreasing,1.0,2,1.0,TAMM41
ENSG00000145246,2,2,-0.00788037338065785,0.9330127018922194,0,decreasing,1.0,5,0.4,ATP10D
ENSG00000145293,2,2,-0.00452841839538585,0.9330127018922194,0,decreasing,1.0,2,1.0,ENOPH1
ENSG00000146070,2,2,-0.0053927216369041,0.9330127018922194,0,decreasing,1.0,3,0.6666666666666666,PLA2G7
ENSG00000146476,2,2,-0.00617895842949765,0.9330127018922194,0,decreasing,1.0,3,0.6666666666666666,ARMT1
ENSG00000147324,2,2,-0.0348416082712531,0.9330127018922194,0,decreasing,1.0,10,0.2,MFHAS1
ENSG00000147419,2,0,0.00430836796364175,0.9330127018922194,2,increasing,1.0,4,0.5,CCDC25
ENSG00000148158,2,2,-0.0149430905453592,0.9330127018922194,0,decreasing,1.0,2,1.0,SNX30
ENSG00000148848,2,2,-0.0039225878388301,0.9330127018922194,0,decreasing,1.0,4,0.5,ADAM12
ENSG00000151470,2,2,-0.00665699076285875,0.9330127018922194,0,decreasing,1.0,2,1.0,C4orf33
ENSG00000151657,2,2,-0.00270877090583565,0.9330127018922194,0,decreasing,1.0,3,0.6666666666666666,KIN
ENSG00000152457,2,2,-0.0128484683817141,0.9330127018922194,0,decreasing,1.0,4,0.5,DCLRE1C
ENSG00000152465,2,1,-2.6733704774550057e-05,0.9330127018922194,1,decreasing,0.5,3,0.6666666666666666,NMT2
ENSG00000152749,2,2,-0.0034010588023723,0.9330127018922194,0,decreasing,1.0,3,0.6666666666666666,GPR180
ENSG00000152952,2,2,-0.011318355157327799,0.9330127018922194,0,decreasing,1.0,3,0.6666666666666666,PLOD2
ENSG00000153207,2,2,-0.02048902038151145,0.9330127018922194,0,decreasing,1.0,10,0.2,AHCTF1
ENSG00000153234,2,1,-0.12593623281817906,0.9330127018922194,1,decreasing,0.5,6,0.3333333333333333,NR4A2
ENSG00000153914,2,2,-0.0603868636051598,0.9330127018922194,0,decreasing,1.0,7,0.2857142857142857,SREK1
ENSG00000154114,2,1,0.011268947377478251,0.9330127018922194,1,decreasing,0.5,2,1.0,TBCEL
ENSG00000156860,2,1,0.0002385747348156498,0.9330127018922194,1,decreasing,0.5,3,0.6666666666666666,FBRS
ENSG00000157020,2,0,0.02316580974450845,0.9330127018922194,2,increasing,1.0,8,0.25,SEC13
ENSG00000157601,2,1,0.009292273304306351,0.9330127018922194,1,decreasing,0.5,6,0.3333333333333333,MX1
ENSG00000158006,2,2,-0.0008639194131352501,0.9330127018922194,0,decreasing,1.0,14,0.14285714285714285,PAFAH2
ENSG00000158483,2,1,-0.01368762360954465,0.9330127018922194,1,decreasing,0.5,6,0.3333333333333333,FAM86C1
ENSG00000159399,2,2,-0.01296274552106135,0.9330127018922194,0,decreasing,1.0,7,0.2857142857142857,HK2
ENSG00000159445,2,0,0.0018313940063880499,0.9330127018922194,2,increasing,1.0,9,0.2222222222222222,THEM4
ENSG00000159579,2,2,-0.0009891830046686,0.9330127018922194,0,decreasing,1.0,18,0.1111111111111111,RSPRY1
ENSG00000160293,2,2,-0.0080109803346153,0.9330127018922194,0,decreasing,1.0,4,0.5,VAV2
ENSG00000160352,2,1,-0.0267274722831864,0.9330127018922194,1,decreasing,0.5,6,0.3333333333333333,ZNF714
ENSG00000160654,2,1,-0.0017451083734523999,0.9330127018922194,1,decreasing,0.5,20,0.1,CD3G
ENSG00000160932,2,2,-0.00453922967596695,0.9330127018922194,0,decreasing,1.0,14,0.14285714285714285,LY6E
ENSG00000163138,2,2,-0.01566206085786085,0.9330127018922194,0,decreasing,1.0,2,1.0,PACRGL
ENSG00000163319,2,2,-0.0047397253795647,0.9330127018922194,0,decreasing,1.0,15,0.13333333333333333,MRPS18C
ENSG00000163568,2,2,-0.0018603397742954,0.9330127018922194,0,decreasing,1.0,3,0.6666666666666666,AIM2
ENSG00000163754,2,2,-0.0085787225606339,0.9330127018922194,0,decreasing,1.0,4,0.5,GYG1
ENSG00000163913,2,2,-0.01282702374058755,0.9330127018922194,0,decreasing,1.0,2,1.0,IFT122
ENSG00000164144,2,1,0.0009225646309118001,0.9330127018922194,1,decreasing,0.5,4,0.5,ARFIP1
ENSG00000164151,2,0,0.00297830042751915,0.9330127018922194,2,increasing,1.0,7,0.2857142857142857,ICE1
ENSG00000164266,2,2,-0.00427924615254925,0.9330127018922194,0,decreasing,1.0,3,0.6666666666666666,SPINK1
ENSG00000164305,2,2,-0.02177160508368245,0.9330127018922194,0,decreasing,1.0,4,0.5,CASP3
ENSG00000164930,2,2,-0.00319904709426135,0.9330127018922194,0,decreasing,1.0,2,1.0,FZD6
ENSG00000165392,2,2,-0.00430933156460835,0.9330127018922194,0,decreasing,1.0,4,0.5,WRN
ENSG00000165609,2,1,0.0029442313287963502,0.9330127018922194,1,decreasing,0.5,4,0.5,NUDT5
ENSG00000165916,2,2,-0.00187339142514005,0.9330127018922194,0,decreasing,1.0,3,0.6666666666666666,PSMC3
ENSG00000165983,2,2,-0.00516910897758645,0.9330127018922194,0,decreasing,1.0,2,1.0,PTER
ENSG00000166167,2,2,-0.00587426756903905,0.9330127018922194,0,decreasing,1.0,3,0.6666666666666666,BTRC
ENSG00000166169,2,2,-0.0027649833967548,0.9330127018922194,0,decreasing,1.0,4,0.5,POLL
ENSG00000166313,2,2,-0.0134307530457492,0.9330127018922194,0,decreasing,1.0,4,0.5,APBB1
ENSG00000166716,2,1,-0.00029228947149635004,0.9330127018922194,1,decreasing,0.5,4,0.5,ZNF592
ENSG00000166833,2,1,0.006283253444886601,0.9330127018922194,1,decreasing,0.5,8,0.25,NAV2
ENSG00000167220,2,2,-0.0023512286943539497,0.9330127018922194,0,decreasing,1.0,8,0.25,HDHD2
ENSG00000167257,2,0,0.0413277138982269,0.9330127018922194,2,increasing,1.0,6,0.3333333333333333,RNF214
ENSG00000167394,2,2,-0.0027568973733331998,0.9330127018922194,0,decreasing,1.0,8,0.25,ZNF668
ENSG00000167528,2,2,-0.01401584644289915,0.9330127018922194,0,decreasing,1.0,5,0.4,ZNF641
ENSG00000167600,2,2,-0.00195796479706435,0.9330127018922194,0,decreasing,1.0,3,0.6666666666666666,CYP2S1
ENSG00000167608,2,1,0.0051212300840147995,0.9330127018922194,1,decreasing,0.5,3,0.6666666666666666,TMC4
ENSG00000167642,2,2,-0.0195149830687529,0.9330127018922194,0,decreasing,1.0,4,0.5,SPINT2
ENSG00000168887,2,2,-0.032133658429693006,0.9330127018922194,0,decreasing,1.0,5,0.4,C2orf68
ENSG00000169223,2,2,-0.0076518047920212506,0.9330127018922194,0,decreasing,1.0,3,0.6666666666666666,LMAN2
ENSG00000169902,2,2,-0.0150932798291091,0.9330127018922194,0,decreasing,1.0,5,0.4,TPST1
ENSG00000170322,2,1,0.0003535493794869001,0.9330127018922194,1,decreasing,0.5,9,0.2222222222222222,NFRKB
ENSG00000170615,2,2,-0.00146944165654625,0.9330127018922194,0,decreasing,1.0,3,0.6666666666666666,SLC26A5
ENSG00000171033,2,1,2.98924956300059e-06,0.9330127018922194,1,decreasing,0.5,3,0.6666666666666666,PKIA
ENSG00000171475,2,1,-0.014723061921641651,0.9330127018922194,1,decreasing,0.5,7,0.2857142857142857,WIPF2
ENSG00000171720,2,0,0.1657796260612645,0.9330127018922194,2,increasing,1.0,3,0.6666666666666666,HDAC3
ENSG00000172175,2,2,-0.00665069452084595,0.9330127018922194,0,decreasing,1.0,5,0.4,MALT1
ENSG00000174010,2,1,0.0282937580682069,0.9330127018922194,1,decreasing,0.5,7,0.2857142857142857,KLHL15
ENSG00000174106,2,2,-0.00462298889998345,0.9330127018922194,0,decreasing,1.0,16,0.125,LEMD3
ENSG00000174718,2,1,4.4286488025150066e-05,0.9330127018922194,1,decreasing,0.5,7,0.2857142857142857,RESF1
ENSG00000174946,2,2,-0.014957308660409849,0.9330127018922194,0,decreasing,1.0,4,0.5,GPR171
ENSG00000175166,2,2,-0.0059864315503258,0.9330127018922194,0,decreasing,1.0,3,0.6666666666666666,PSMD2
ENSG00000175575,2,2,-0.044613118498909546,0.9330127018922194,0,decreasing,1.0,3,0.6666666666666666,PAAF1
ENSG00000176209,2,1,-0.0102767631067151,0.9330127018922194,1,decreasing,0.5,2,1.0,SMIM19
ENSG00000176476,2,0,0.0049747684498008,0.9330127018922194,2,increasing,1.0,4,0.5,SGF29
ENSG00000177105,2,2,-0.03264497159110655,0.9330127018922194,0,decreasing,1.0,8,0.25,RHOG
ENSG00000178694,2,0,0.00674750220127395,0.9330127018922194,2,increasing,1.0,2,1.0,NSUN3
ENSG00000178761,2,2,-0.0027416885190282,0.9330127018922194,0,decreasing,1.0,4,0.5,FAM219B
ENSG00000178878,2,2,-0.00468656355530015,0.9330127018922194,0,decreasing,1.0,5,0.4,APOLD1
ENSG00000179029,2,2,-0.0020306676187589,0.9330127018922194,0,decreasing,1.0,14,0.14285714285714285,TMEM107
ENSG00000179409,2,0,0.0139704384377565,0.9330127018922194,2,increasing,1.0,6,0.3333333333333333,GEMIN4
ENSG00000179965,2,2,-0.0167530885357416,0.9330127018922194,0,decreasing,1.0,3,0.6666666666666666,ZNF771
ENSG00000180096,2,1,0.01028593583869435,0.9330127018922194,1,decreasing,0.5,4,0.5,SEPTIN1
ENSG00000181555,2,1,-0.00046276932276179995,0.9330127018922194,1,decreasing,0.5,10,0.2,SETD2
ENSG00000181826,2,1,0.0068916024565973,0.9330127018922194,1,decreasing,0.5,6,0.3333333333333333,RELL1
ENSG00000182180,2,2,-0.0050165177021119,0.9330127018922194,0,decreasing,1.0,4,0.5,MRPS16
ENSG00000182310,2,2,-0.0051245764794957994,0.9330127018922194,0,decreasing,1.0,3,0.6666666666666666,SPACA6
ENSG00000182795,2,2,-0.01769872500762065,0.9330127018922194,0,decreasing,1.0,3,0.6666666666666666,C1orf116
ENSG00000182872,2,1,0.00482960780779835,0.9330127018922194,1,decreasing,0.5,3,0.6666666666666666,RBM10
ENSG00000183723,2,1,0.006217095667843101,0.9330127018922194,1,decreasing,0.5,2,1.0,CMTM4
ENSG00000183978,2,2,-0.0096744317634203,0.9330127018922194,0,decreasing,1.0,7,0.2857142857142857,COA3
ENSG00000184402,2,1,0.0089561158743785,0.9330127018922194,1,decreasing,0.5,9,0.2222222222222222,SS18L1
ENSG00000184840,2,1,-0.0032622792770641,0.9330127018922194,1,decreasing,0.5,6,0.3333333333333333,TMED9
ENSG00000186010,2,2,-0.0026806773166596497,0.9330127018922194,0,decreasing,1.0,4,0.5,NDUFA13
ENSG00000187091,2,2,-0.0264401958984252,0.9330127018922194,0,decreasing,1.0,7,0.2857142857142857,PLCD1
ENSG00000187416,2,2,-0.00327467443614155,0.9330127018922194,0,decreasing,1.0,4,0.5,LHFPL3
ENSG00000187446,2,1,-0.0010429926381179998,0.9330127018922194,1,decreasing,0.5,7,0.2857142857142857,CHP1
ENSG00000187950,2,2,-0.00966933767380765,0.9330127018922194,0,decreasing,1.0,14,0.14285714285714285,OVCH1
ENSG00000188315,2,1,-0.01383763011199535,0.9330127018922194,1,decreasing,0.5,7,0.2857142857142857,C3orf62
ENSG00000188389,2,2,-0.005067627998465,0.9330127018922194,0,decreasing,1.0,4,0.5,PDCD1
ENSG00000188706,2,1,-0.02187917247988565,0.9330127018922194,1,decreasing,0.5,2,1.0,ZDHHC9
ENSG00000188917,2,1,0.02434937527317175,0.9330127018922194,1,decreasing,0.5,3,0.6666666666666666,TRMT2B
ENSG00000189007,2,2,-0.01387473084725905,0.9330127018922194,0,decreasing,1.0,4,0.5,ADAT2
ENSG00000189077,2,2,-0.0018541997262972,0.9330127018922194,0,decreasing,1.0,14,0.14285714285714285,TMEM120A
ENSG00000196268,2,2,-0.0342931832051577,0.9330127018922194,0,decreasing,1.0,2,1.0,ZNF493
ENSG00000196365,2,2,-0.00473592226178335,0.9330127018922194,0,decreasing,1.0,5,0.4,LONP1
ENSG00000196705,2,1,-0.006322991607779851,0.9330127018922194,1,decreasing,0.5,3,0.6666666666666666,ZNF431
ENSG00000196911,2,2,-0.011351057666100051,0.9330127018922194,0,decreasing,1.0,2,1.0,KPNA5
ENSG00000197077,2,2,-0.00193213080699035,0.9330127018922194,0,decreasing,1.0,3,0.6666666666666666,KIAA1671
ENSG00000197183,2,2,-0.0277122083504708,0.9330127018922194,0,decreasing,1.0,17,0.11764705882352941,NOL4L
ENSG00000197498,2,2,-0.00419418520412265,0.9330127018922194,0,decreasing,1.0,6,0.3333333333333333,RPF2
ENSG00000198252,2,2,-0.0016481362062546999,0.9330127018922194,0,decreasing,1.0,3,0.6666666666666666,STYX
ENSG00000198825,2,2,-0.0041684728550359495,0.9330127018922194,0,decreasing,1.0,4,0.5,INPP5F
ENSG00000198862,2,1,-0.0035060041783314,0.9330127018922194,1,decreasing,0.5,2,1.0,LTN1
ENSG00000203666,2,1,0.019915300552416547,0.9330127018922194,1,decreasing,0.5,9,0.2222222222222222,EFCAB2
ENSG00000203667,2,1,0.0003005050043800499,0.9330127018922194,1,decreasing,0.5,3,0.6666666666666666,COX20
ENSG00000204386,2,1,-0.0014721196679018502,0.9330127018922194,1,decreasing,0.5,2,1.0,NEU1
ENSG00000204406,2,0,0.01645532897186005,0.9330127018922194,2,increasing,1.0,5,0.4,MBD5
ENSG00000204469,2,1,0.0012405033703271002,0.9330127018922194,1,decreasing,0.5,2,1.0,PRRC2A
ENSG00000204560,2,1,-0.004184684523095701,0.9330127018922194,1,decreasing,0.5,3,0.6666666666666666,DHX16
ENSG00000205517,2,1,-0.02178696165939325,0.9330127018922194,1,decreasing,0.5,8,0.25,RGL3
ENSG00000214160,2,2,-0.021345627059047252,0.9330127018922194,0,decreasing,1.0,3,0.6666666666666666,ALG3
ENSG00000215784,2,1,0.0012956122839942001,0.9330127018922194,1,decreasing,0.5,6,0.3333333333333333,FAM72D
ENSG00000219626,2,2,-0.00390797389783795,0.9330127018922194,0,decreasing,1.0,14,0.14285714285714285,FAM228B
ENSG00000228474,2,2,-0.007350675180300999,0.9330127018922194,0,decreasing,1.0,2,1.0,OST4
ENSG00000243335,2,2,-0.0021528339154248998,0.9330127018922194,0,decreasing,1.0,5,0.4,KCTD7
ENSG00000251247,2,2,-0.0064704981462961,0.9330127018922194,0,decreasing,1.0,3,0.6666666666666666,ZNF345
ENSG00000254553,2,1,0.00147605551958135,0.9330127018922194,1,decreasing,0.5,15,0.13333333333333333,AL033529.1
ENSG00000255526,2,2,-0.00529048329366685,0.9330127018922194,0,decreasing,1.0,2,1.0,NEDD8-MDP1
ENSG00000258461,2,1,0.0006666122077603502,0.9330127018922194,1,decreasing,0.5,6,0.3333333333333333,AC012651.1
ENSG00000259399,2,2,-0.0031465164729355998,0.9330127018922194,0,decreasing,1.0,3,0.6666666666666666,TGIF2-RAB5IF
ENSG00000260325,2,0,0.0040479966488228,0.9330127018922194,2,increasing,1.0,2,1.0,HSPB9
ENSG00000261796,2,2,-0.0071299696666704505,0.9330127018922194,0,decreasing,1.0,4,0.5,ISY1-RAB43
ENSG00000267314,2,2,-0.011618892324696251,0.9330127018922194,0,decreasing,1.0,3,0.6666666666666666,AC104532.1
ENSG00000267360,2,1,-0.0035385509452603996,0.9330127018922194,1,decreasing,0.5,6,0.3333333333333333,AC012309.1
ENSG00000268797,2,2,-0.0014949971040635,0.9330127018922194,0,decreasing,1.0,15,0.13333333333333333,AC008537.1
ENSG00000269713,2,2,-0.011052184962574499,0.9330127018922194,0,decreasing,1.0,4,0.5,NBPF9
ENSG00000270757,2,1,-0.02354904165158595,0.9330127018922194,1,decreasing,0.5,7,0.2857142857142857,HSPE1-MOB4
ENSG00000276293,2,2,-0.0079701088952068,0.9330127018922194,0,decreasing,1.0,3,0.6666666666666666,PIP4K2B
ENSG00000280571,2,1,0.010158891264808552,0.9330127018922194,1,decreasing,0.5,9,0.2222222222222222,AC006059.2
ENSG00000284773,2,2,-0.0027376752629338502,0.9330127018922194,0,decreasing,1.0,3,0.6666666666666666,AC114490.3
ENSG00000285458,2,1,-0.0016012677027972,0.9330127018922194,1,decreasing,0.5,6,0.3333333333333333,AC093827.5
ENSG00000285635,2,1,-0.014396253619046399,0.9330127018922194,1,decreasing,0.5,4,0.5,AC021660.3
ENSG00000006704,2,2,-0.00443260413313835,0.9073543509174764,0,decreasing,1.0,10,0.2,GTF2IRD1
ENSG00000038427,2,2,-0.0091239979738115,0.9073543509174764,0,decreasing,1.0,8,0.25,VCAN
ENSG00000043093,2,2,-0.008717748461246701,0.9073543509174764,0,decreasing,1.0,7,0.2857142857142857,DCUN1D1
ENSG00000047578,2,2,-0.01829816747904985,0.9073543509174764,0,decreasing,1.0,8,0.25,KIAA0556
ENSG00000077514,2,2,-0.004531021936731,0.9073543509174764,0,decreasing,1.0,7,0.2857142857142857,POLD3
ENSG00000106034,2,2,-0.0033588685794899995,0.9073543509174764,0,decreasing,1.0,6,0.3333333333333333,CPED1
ENSG00000106344,2,2,-0.0042903743288616,0.9073543509174764,0,decreasing,1.0,7,0.2857142857142857,RBM28
ENSG00000123728,2,2,-0.0201999879234143,0.9073543509174764,0,decreasing,1.0,7,0.2857142857142857,RAP2C
ENSG00000123975,2,2,-0.018175593344222002,0.9073543509174764,0,decreasing,1.0,7,0.2857142857142857,CKS2
ENSG00000128918,2,2,-0.0022930703526165,0.9073543509174764,0,decreasing,1.0,6,0.3333333333333333,ALDH1A2
ENSG00000130402,2,2,-0.0021333114707437,0.9073543509174764,0,decreasing,1.0,22,0.09090909090909091,ACTN4
ENSG00000133687,2,2,-0.0031543983638951997,0.9073543509174764,0,decreasing,1.0,8,0.25,TMTC1
ENSG00000138326,2,2,-0.01640667540646035,0.9073543509174764,0,decreasing,1.0,6,0.3333333333333333,RPS24
ENSG00000144840,2,2,-0.01030866576718995,0.9073543509174764,0,decreasing,1.0,6,0.3333333333333333,RABL3
ENSG00000145337,2,2,-0.00189807074103745,0.9073543509174764,0,decreasing,1.0,6,0.3333333333333333,PYURF
ENSG00000150636,2,2,-0.014165121449824099,0.9073543509174764,0,decreasing,1.0,6,0.3333333333333333,CCDC102B
ENSG00000158406,2,1,0.0119374489234817,0.9073543509174764,1,decreasing,0.5,6,0.3333333333333333,H4C8
ENSG00000162385,2,2,-0.0022304618865712,0.9073543509174764,0,decreasing,1.0,8,0.25,MAGOH
ENSG00000162733,2,2,-0.04501035502689745,0.9073543509174764,0,decreasing,1.0,6,0.3333333333333333,DDR2
ENSG00000164236,2,2,-0.0017520314564012998,0.9073543509174764,0,decreasing,1.0,9,0.2222222222222222,ANKRD33B
ENSG00000165309,2,2,-0.0060309299019898,0.9073543509174764,0,decreasing,1.0,6,0.3333333333333333,ARMC3
ENSG00000173805,2,2,-0.0338365928466233,0.9073543509174764,0,decreasing,1.0,6,0.3333333333333333,HAP1
ENSG00000179604,2,1,0.0018148362662939001,0.9073543509174764,1,decreasing,0.5,14,0.14285714285714285,CDC42EP4
ENSG00000196449,2,2,-0.00470533488203215,0.9073543509174764,0,decreasing,1.0,6,0.3333333333333333,YRDC
ENSG00000196597,2,1,-0.0028719361698437496,0.9073543509174764,1,decreasing,0.5,7,0.2857142857142857,ZNF782
ENSG00000198692,2,2,-0.0136934720305186,0.9073543509174764,0,decreasing,1.0,6,0.3333333333333333,EIF1AY
ENSG00000205609,2,2,-0.00674169910479225,0.9073543509174764,0,decreasing,1.0,22,0.09090909090909091,EIF3CL
ENSG00000236761,2,2,-0.0015782936717902499,0.9073543509174764,0,decreasing,1.0,19,0.10526315789473684,CTAGE9
ENSG00000283930,2,2,-0.0027173076402942,0.9073543509174764,0,decreasing,1.0,8,0.25,AL117339.5
ENSG00000002016,2,2,-0.0037374864126273498,0.8660254037844387,0,decreasing,1.0,3,0.6666666666666666,RAD52
ENSG00000006695,2,2,-0.006444137135745801,0.8660254037844387,0,decreasing,1.0,2,1.0,COX10
ENSG00000039560,2,1,0.00127196646861085,0.8660254037844387,1,decreasing,0.5,3,0.6666666666666666,RAI14
ENSG00000055070,2,0,0.07148979586142315,0.8660254037844387,2,increasing,1.0,5,0.4,SZRD1
ENSG00000066135,2,2,-0.01472533035803315,0.8660254037844387,0,decreasing,1.0,2,1.0,KDM4A
ENSG00000067596,2,2,-0.00601261140944505,0.8660254037844387,0,decreasing,1.0,3,0.6666666666666666,DHX8
ENSG00000068028,2,2,-0.011981965904853351,0.8660254037844387,0,decreasing,1.0,2,1.0,RASSF1
ENSG00000069122,2,2,-0.0071218667803710995,0.8660254037844387,0,decreasing,1.0,2,1.0,ADGRF5
ENSG00000070159,2,2,-0.030183196063727498,0.8660254037844387,0,decreasing,1.0,2,1.0,PTPN3
ENSG00000075188,2,1,-0.0029504155216991002,0.8660254037844387,1,decreasing,0.5,2,1.0,NUP37
ENSG00000076351,2,0,0.0033090196969617998,0.8660254037844387,2,increasing,1.0,2,1.0,SLC46A1
ENSG00000078018,2,2,-0.00455038644846715,0.8660254037844387,0,decreasing,1.0,3,0.6666666666666666,MAP2
ENSG00000079805,2,2,-0.0062449333461235,0.8660254037844387,0,decreasing,1.0,5,0.4,DNM2
ENSG00000081803,2,1,0.036555492497094555,0.8660254037844387,1,decreasing,0.5,8,0.25,CADPS2
ENSG00000081923,2,1,-0.0015112855567847498,0.8660254037844387,1,decreasing,0.5,16,0.125,ATP8B1
ENSG00000084754,2,2,-0.05547202896169315,0.8660254037844387,0,decreasing,1.0,5,0.4,HADHA
ENSG00000091986,2,2,-0.00917231509605625,0.8660254037844387,0,decreasing,1.0,2,1.0,CCDC80
ENSG00000092969,2,2,-0.00587606092861875,0.8660254037844387,0,decreasing,1.0,2,1.0,TGFB2
ENSG00000095585,2,1,0.0315069816327542,0.8660254037844387,1,decreasing,0.5,15,0.13333333333333333,BLNK
ENSG00000100154,2,2,-0.00590709031859235,0.8660254037844387,0,decreasing,1.0,2,1.0,TTC28
ENSG00000100242,2,0,0.0409702926662607,0.8660254037844387,2,increasing,1.0,2,1.0,SUN2
ENSG00000102034,2,2,-0.00645676145638285,0.8660254037844387,0,decreasing,1.0,7,0.2857142857142857,ELF4
ENSG00000102738,2,2,-0.01201747695288775,0.8660254037844387,0,decreasing,1.0,2,1.0,MRPS31
ENSG00000102804,2,0,0.00638530757698785,0.8660254037844387,2,increasing,1.0,3,0.6666666666666666,TSC22D1
ENSG00000103335,2,0,0.0305152820020671,0.8660254037844387,2,increasing,1.0,2,1.0,PIEZO1
ENSG00000104341,2,0,0.0390825859421894,0.8660254037844387,2,increasing,1.0,2,1.0,LAPTM4B
ENSG00000106392,2,1,0.0036722345617540997,0.8660254037844387,1,decreasing,0.5,3,0.6666666666666666,C1GALT1
ENSG00000106853,2,2,-0.00249113999585005,0.8660254037844387,0,decreasing,1.0,2,1.0,PTGR1
ENSG00000107186,2,1,0.004271514875527601,0.8660254037844387,1,decreasing,0.5,2,1.0,MPDZ
ENSG00000107968,2,2,-0.00694013097451795,0.8660254037844387,0,decreasing,1.0,7,0.2857142857142857,MAP3K8
ENSG00000108395,2,2,-0.0108059102587772,0.8660254037844387,0,decreasing,1.0,3,0.6666666666666666,TRIM37
ENSG00000109133,2,0,0.025741614672124,0.8660254037844387,2,increasing,1.0,4,0.5,TMEM33
ENSG00000110328,2,2,-0.0146110534523279,0.8660254037844387,0,decreasing,1.0,7,0.2857142857142857,GALNT18
ENSG00000113369,2,2,-0.0027332142636495,0.8660254037844387,0,decreasing,1.0,2,1.0,ARRDC3
ENSG00000113721,2,0,0.01037082044767375,0.8660254037844387,2,increasing,1.0,2,1.0,PDGFRB
ENSG00000115145,2,2,-0.0020797557221689,0.8660254037844387,0,decreasing,1.0,3,0.6666666666666666,STAM2
ENSG00000115539,2,2,-0.0038510988482742996,0.8660254037844387,0,decreasing,1.0,2,1.0,PDCL3
ENSG00000115738,2,2,-0.008209534972501601,0.8660254037844387,0,decreasing,1.0,2,1.0,ID2
ENSG00000115947,2,2,-0.0057404621933116505,0.8660254037844387,0,decreasing,1.0,2,1.0,ORC4
ENSG00000117228,2,2,-0.00189816523363455,0.8660254037844387,0,decreasing,1.0,14,0.14285714285714285,GBP1
ENSG00000119596,2,2,-0.0226241542887054,0.8660254037844387,0,decreasing,1.0,3,0.6666666666666666,YLPM1
ENSG00000120693,2,2,-0.0095600431372491,0.8660254037844387,0,decreasing,1.0,2,1.0,SMAD9
ENSG00000120925,2,1,-0.00116603158211585,0.8660254037844387,1,decreasing,0.5,2,1.0,RNF170
ENSG00000122034,2,2,-0.00208315881280705,0.8660254037844387,0,decreasing,1.0,2,1.0,GTF3A
ENSG00000122085,2,2,-0.028501624316141547,0.8660254037844387,0,decreasing,1.0,3,0.6666666666666666,MTERF4
ENSG00000122694,2,2,-0.00415611579744765,0.8660254037844387,0,decreasing,1.0,2,1.0,GLIPR2
ENSG00000123992,2,2,-0.00537702355517535,0.8660254037844387,0,decreasing,1.0,2,1.0,DNPEP
ENSG00000126870,2,0,0.00741687079205665,0.8660254037844387,2,increasing,1.0,2,1.0,WDR60
ENSG00000127952,2,1,-0.0020411151356062,0.8660254037844387,1,decreasing,0.5,7,0.2857142857142857,STYXL1
ENSG00000131584,2,1,0.023876358207069,0.8660254037844387,1,decreasing,0.5,2,1.0,ACAP3
ENSG00000132300,2,2,-0.00181945003843625,0.8660254037844387,0,decreasing,1.0,2,1.0,PTCD3
ENSG00000133026,2,2,-0.048043268293241605,0.8660254037844387,0,decreasing,1.0,2,1.0,MYH10
ENSG00000133083,2,2,-0.00352486874152645,0.8660254037844387,0,decreasing,1.0,2,1.0,DCLK1
ENSG00000134248,2,1,0.00335632528787385,0.8660254037844387,1,decreasing,0.5,3,0.6666666666666666,LAMTOR5
ENSG00000135093,2,0,0.0121709060818886,0.8660254037844387,2,increasing,1.0,2,1.0,USP30
ENSG00000135299,2,1,0.00600069870104095,0.8660254037844387,1,decreasing,0.5,3,0.6666666666666666,ANKRD6
ENSG00000135407,2,1,-0.0030716544234668497,0.8660254037844387,1,decreasing,0.5,2,1.0,AVIL
ENSG00000135972,2,1,-0.0078516518782537,0.8660254037844387,1,decreasing,0.5,2,1.0,MRPS9
ENSG00000136824,2,2,-0.02223776860697815,0.8660254037844387,0,decreasing,1.0,2,1.0,SMC2
ENSG00000137764,2,0,0.06284408460369265,0.8660254037844387,2,increasing,1.0,18,0.1111111111111111,MAP2K5
ENSG00000138614,2,1,0.0027225118740315,0.8660254037844387,1,decreasing,0.5,2,1.0,INTS14
ENSG00000139263,2,1,-0.0010378104490292,0.8660254037844387,1,decreasing,0.5,2,1.0,LRIG3
ENSG00000141519,2,2,-0.0062991164672031,0.8660254037844387,0,decreasing,1.0,20,0.1,CCDC40
ENSG00000141741,2,1,-0.0013586975930624998,0.8660254037844387,1,decreasing,0.5,2,1.0,MIEN1
ENSG00000143147,2,2,-0.01024710328936905,0.8660254037844387,0,decreasing,1.0,2,1.0,GPR161
ENSG00000143337,2,2,-0.0032944640344482997,0.8660254037844387,0,decreasing,1.0,2,1.0,TOR1AIP1
ENSG00000143674,2,1,0.0155347987937164,0.8660254037844387,1,decreasing,0.5,4,0.5,MAP3K21
ENSG00000143799,2,1,0.00040195502671584987,0.8660254037844387,1,decreasing,0.5,2,1.0,PARP1
ENSG00000144815,2,2,-0.0047361675885786,0.8660254037844387,0,decreasing,1.0,2,1.0,NXPE3
ENSG00000144824,2,2,-0.0026574165036072,0.8660254037844387,0,decreasing,1.0,2,1.0,PHLDB2
ENSG00000144848,2,2,-0.0027045816768159,0.8660254037844387,0,decreasing,1.0,2,1.0,ATG3
ENSG00000146477,2,1,-4.769387468815016e-05,0.8660254037844387,1,decreasing,0.5,2,1.0,SLC22A3
ENSG00000147592,2,2,-0.0108285834058834,0.8660254037844387,0,decreasing,1.0,9,0.2222222222222222,LACTB2
ENSG00000147642,2,2,-0.00596425561034755,0.8660254037844387,0,decreasing,1.0,2,1.0,SYBU
ENSG00000148459,2,2,-0.0033361925599492003,0.8660254037844387,0,decreasing,1.0,2,1.0,PDSS1
ENSG00000150527,2,2,-0.0036456844415864503,0.8660254037844387,0,decreasing,1.0,7,0.2857142857142857,MIA2
ENSG00000150667,2,2,-0.0115837662647966,0.8660254037844387,0,decreasing,1.0,2,1.0,FSIP1
ENSG00000150893,2,2,-0.00604402374887425,0.8660254037844387,0,decreasing,1.0,2,1.0,FREM2
ENSG00000151065,2,2,-0.0081965613721265,0.8660254037844387,0,decreasing,1.0,2,1.0,DCP1B
ENSG00000151332,2,2,-0.0063080888207599495,0.8660254037844387,0,decreasing,1.0,2,1.0,MBIP
ENSG00000151690,2,1,0.0021646700043572,0.8660254037844387,1,decreasing,0.5,2,1.0,MFSD6
ENSG00000153395,2,2,-0.00452221029294795,0.8660254037844387,0,decreasing,1.0,3,0.6666666666666666,LPCAT1
ENSG00000154639,2,2,-0.0253477820566605,0.8660254037844387,0,decreasing,1.0,2,1.0,CXADR
ENSG00000155008,2,1,-5.912836474984999e-05,0.8660254037844387,1,decreasing,0.5,3,0.6666666666666666,APOOL
ENSG00000156697,2,2,-0.004685029233887351,0.8660254037844387,0,decreasing,1.0,2,1.0,UTP14A
ENSG00000157077,2,2,-0.00266299094807645,0.8660254037844387,0,decreasing,1.0,2,1.0,ZFYVE9
ENSG00000158792,2,0,0.01990414438664855,0.8660254037844387,2,increasing,1.0,2,1.0,SPATA2L
ENSG00000159433,2,2,-0.000776518869221,0.8660254037844387,0,decreasing,1.0,15,0.13333333333333333,STARD9
ENSG00000159461,2,2,-0.0070907405611329005,0.8660254037844387,0,decreasing,1.0,7,0.2857142857142857,AMFR
ENSG00000159618,2,2,-0.00681040776309435,0.8660254037844387,0,decreasing,1.0,2,1.0,ADGRG5
ENSG00000161091,2,2,-0.0035082868467008503,0.8660254037844387,0,decreasing,1.0,3,0.6666666666666666,MFSD12
ENSG00000163166,2,1,0.0016865794130833008,0.8660254037844387,1,decreasing,0.5,2,1.0,IWS1
ENSG00000163510,2,2,-0.020378203813120048,0.8660254037844387,0,decreasing,1.0,3,0.6666666666666666,CWC22
ENSG00000163877,2,2,-0.0078011990290043996,0.8660254037844387,0,decreasing,1.0,2,1.0,SNIP1
ENSG00000163950,2,2,-0.0386271247247079,0.8660254037844387,0,decreasing,1.0,5,0.4,SLBP
ENSG00000164073,2,1,0.0014178456406566003,0.8660254037844387,1,decreasing,0.5,3,0.6666666666666666,MFSD8
ENSG00000165819,2,2,-0.0027592136644742,0.8660254037844387,0,decreasing,1.0,3,0.6666666666666666,METTL3
ENSG00000166596,2,2,-0.0048465684923335,0.8660254037844387,0,decreasing,1.0,2,1.0,CFAP52
ENSG00000168280,2,2,-0.0041339071399754505,0.8660254037844387,0,decreasing,1.0,2,1.0,KIF5C
ENSG00000169891,2,2,-0.0106325067391887,0.8660254037844387,0,decreasing,1.0,3,0.6666666666666666,REPS2
ENSG00000170899,2,2,-0.009288889750990249,0.8660254037844387,0,decreasing,1.0,2,1.0,GSTA4
ENSG00000171159,2,2,-0.0071840535600661,0.8660254037844387,0,decreasing,1.0,2,1.0,C9orf16
ENSG00000171444,2,2,-0.005241016983288349,0.8660254037844387,0,decreasing,1.0,2,1.0,MCC
ENSG00000172543,2,2,-0.00212159563857835,0.8660254037844387,0,decreasing,1.0,2,1.0,CTSW
ENSG00000172809,2,1,-0.0011095237327030999,0.8660254037844387,1,decreasing,0.5,2,1.0,RPL38
ENSG00000173068,2,2,-0.00680087835111195,0.8660254037844387,0,decreasing,1.0,2,1.0,BNC2
ENSG00000173786,2,1,-0.0001535226556030997,0.8660254037844387,1,decreasing,0.5,2,1.0,CNP
ENSG00000174989,2,2,-0.036973743958335054,0.8660254037844387,0,decreasing,1.0,2,1.0,FBXW8
ENSG00000175164,2,2,-0.00429376419587405,0.8660254037844387,0,decreasing,1.0,2,1.0,ABO
ENSG00000177076,2,2,-0.004163169378680449,0.8660254037844387,0,decreasing,1.0,7,0.2857142857142857,ACER2
ENSG00000179399,2,2,-0.0039551886854947,0.8660254037844387,0,decreasing,1.0,2,1.0,GPC5
ENSG00000180190,2,1,-0.0006705199113075,0.8660254037844387,1,decreasing,0.5,3,0.6666666666666666,TDRP
ENSG00000181019,2,1,0.00810439850499705,0.8660254037844387,1,decreasing,0.5,2,1.0,NQO1
ENSG00000182141,2,2,-0.00313368642063275,0.8660254037844387,0,decreasing,1.0,3,0.6666666666666666,ZNF708
ENSG00000182853,2,2,-0.00148161583383665,0.8660254037844387,0,decreasing,1.0,2,1.0,VMO1
ENSG00000183281,2,2,-0.004019630081633099,0.8660254037844387,0,decreasing,1.0,7,0.2857142857142857,PLGLB1
ENSG00000184349,2,1,-0.0017134759720109998,0.8660254037844387,1,decreasing,0.5,2,1.0,EFNA5
ENSG00000185052,2,2,-0.0074102040244211995,0.8660254037844387,0,decreasing,1.0,3,0.6666666666666666,SLC24A3
ENSG00000185055,2,2,-0.0020749619752571,0.8660254037844387,0,decreasing,1.0,2,1.0,EFCAB10
ENSG00000185164,2,2,-0.02371440277692705,0.8660254037844387,0,decreasing,1.0,5,0.4,NOMO2
ENSG00000187244,2,1,-0.00325354664804315,0.8660254037844387,1,decreasing,0.5,2,1.0,BCAM
ENSG00000196110,2,2,-0.01077223322253815,0.8660254037844387,0,decreasing,1.0,2,1.0,ZNF699
ENSG00000197013,2,2,-0.00249108294903205,0.8660254037844387,0,decreasing,1.0,3,0.6666666666666666,ZNF429
ENSG00000197056,2,2,-0.0089244374351183,0.8660254037844387,0,decreasing,1.0,2,1.0,ZMYM1
ENSG00000197647,2,2,-0.0054142240546806,0.8660254037844387,0,decreasing,1.0,3,0.6666666666666666,ZNF433
ENSG00000197702,2,2,-0.0209493163376662,0.8660254037844387,0,decreasing,1.0,2,1.0,PARVA
ENSG00000198478,2,2,-0.0416625765868581,0.8660254037844387,0,decreasing,1.0,2,1.0,SH3BGRL2
ENSG00000198646,2,0,0.0136644026161028,0.8660254037844387,2,increasing,1.0,7,0.2857142857142857,NCOA6
ENSG00000198929,2,1,0.008624688226798745,0.8660254037844387,1,decreasing,0.5,3,0.6666666666666666,NOS1AP
ENSG00000205209,2,2,-0.00473948796819985,0.8660254037844387,0,decreasing,1.0,2,1.0,SCGB2B2
ENSG00000213741,2,2,-0.006515463942314099,0.8660254037844387,0,decreasing,1.0,7,0.2857142857142857,RPS29
ENSG00000220201,2,2,-0.0030451464823706,0.8660254037844387,0,decreasing,1.0,2,1.0,ZGLP1
ENSG00000241258,2,1,0.014287719524766701,0.8660254037844387,1,decreasing,0.5,2,1.0,CRCP
ENSG00000248405,2,1,-0.0016505848825997997,0.8660254037844387,1,decreasing,0.5,2,1.0,PRR5-ARHGAP8
ENSG00000286001,2,1,0.00941222371073965,0.8660254037844387,1,decreasing,0.5,2,1.0,AC021087.5
ENSG00000004700,1,1,-0.0146746387940958,1.0,0,decreasing,1.0,3,0.3333333333333333,RECQL
ENSG00000005022,1,1,-0.0008046726244006,1.0,0,decreasing,1.0,2,0.5,SLC25A5
ENSG00000005882,1,1,-0.0272488671003225,1.0,0,decreasing,1.0,5,0.2,PDK2
ENSG00000006453,1,0,0.024161668920878,1.0,1,increasing,1.0,7,0.14285714285714285,BAIAP2L1
ENSG00000008018,1,1,-0.0016619510739923,1.0,0,decreasing,1.0,2,0.5,PSMB1
ENSG00000008323,1,0,0.0034774368242249,1.0,1,increasing,1.0,5,0.2,PLEKHG6
ENSG00000008988,1,0,0.0077518854101208,1.0,1,increasing,1.0,5,0.2,RPS20
ENSG00000009844,1,1,-0.0018957389184605,1.0,0,decreasing,1.0,4,0.25,VTA1
ENSG00000010072,1,1,-0.0058837239345617,1.0,0,decreasing,1.0,3,0.3333333333333333,SPRTN
ENSG00000010219,1,1,-0.0156495906388227,1.0,0,decreasing,1.0,1,1.0,DYRK4
ENSG00000010310,1,1,-0.0008308744370528,1.0,0,decreasing,1.0,2,0.5,GIPR
ENSG00000010610,1,1,-0.0013763414965171,1.0,0,decreasing,1.0,2,0.5,CD4
ENSG00000013288,1,1,-0.0014517625530139,1.0,0,decreasing,1.0,1,1.0,MAN2B2
ENSG00000013619,1,1,-0.0033945359501552,1.0,0,decreasing,1.0,8,0.125,MAMLD1
ENSG00000016402,1,0,0.0107987763607075,1.0,1,increasing,1.0,6,0.16666666666666666,IL20RA
ENSG00000018510,1,0,0.3204404884017442,1.0,1,increasing,1.0,4,0.25,AGPS
ENSG00000023191,1,0,0.0028304362565053,1.0,1,increasing,1.0,5,0.2,RNH1
ENSG00000023608,1,1,-0.001399653730042,1.0,0,decreasing,1.0,3,0.3333333333333333,SNAPC1
ENSG00000025039,1,0,0.0102650744696026,1.0,1,increasing,1.0,6,0.16666666666666666,RRAGD
ENSG00000034533,1,1,-0.0093013029549107,1.0,0,decreasing,1.0,3,0.3333333333333333,ASTE1
ENSG00000035928,1,0,0.0563489286255264,1.0,1,increasing,1.0,5,0.2,RFC1
ENSG00000036448,1,1,-0.0092999097865089,1.0,0,decreasing,1.0,1,1.0,MYOM2
ENSG00000038274,1,1,-0.014392554761184,1.0,0,decreasing,1.0,1,1.0,MAT2B
ENSG00000042980,1,1,-0.0079665291269305,1.0,0,decreasing,1.0,3,0.3333333333333333,ADAM28
ENSG00000047315,1,1,-0.0200599866840666,1.0,0,decreasing,1.0,4,0.25,POLR2B
ENSG00000047579,1,1,-0.0016810901831442,1.0,0,decreasing,1.0,3,0.3333333333333333,DTNBP1
ENSG00000049768,1,1,-0.0150324581927971,1.0,0,decreasing,1.0,2,0.5,FOXP3
ENSG00000050393,1,0,0.0515292642571056,1.0,1,increasing,1.0,4,0.25,MCUR1
ENSG00000050405,1,0,0.0119086318015958,1.0,1,increasing,1.0,8,0.125,LIMA1
ENSG00000050730,1,0,0.0334910519672738,1.0,1,increasing,1.0,2,0.5,TNIP3
ENSG00000051620,1,1,-0.0136312080756207,1.0,0,decreasing,1.0,2,0.5,HEBP2
ENSG00000052126,1,0,0.002326393016581,1.0,1,increasing,1.0,5,0.2,PLEKHA5
ENSG00000054392,1,1,-0.0013886508482184,1.0,0,decreasing,1.0,1,1.0,HHAT
ENSG00000058056,1,0,0.0213748429552576,1.0,1,increasing,1.0,6,0.16666666666666666,USP13
ENSG00000058729,1,1,-0.0084991881121589,1.0,0,decreasing,1.0,1,1.0,RIOK2
ENSG00000059145,1,1,-0.0031018297068834,1.0,0,decreasing,1.0,5,0.2,UNKL
ENSG00000059588,1,1,-0.0089332426063075,1.0,0,decreasing,1.0,1,1.0,TARBP1
ENSG00000060688,1,0,0.0179493563223417,1.0,1,increasing,1.0,6,0.16666666666666666,SNRNP40
ENSG00000061676,1,1,-0.2052208405274037,1.0,0,decreasing,1.0,2,0.5,NCKAP1
ENSG00000062582,1,1,-0.0007596058351877,1.0,0,decreasing,1.0,2,0.5,MRPS24
ENSG00000064490,1,1,-0.0056043496200292,1.0,0,decreasing,1.0,2,0.5,RFXANK
ENSG00000064547,1,1,-0.0041924007798352,1.0,0,decreasing,1.0,4,0.25,LPAR2
ENSG00000064886,1,0,0.0556935560357437,1.0,1,increasing,1.0,6,0.16666666666666666,CHI3L2
ENSG00000064933,1,1,-0.0031507653725337,1.0,0,decreasing,1.0,3,0.3333333333333333,PMS1
ENSG00000064995,1,1,-0.0016547366646914,1.0,0,decreasing,1.0,3,0.3333333333333333,TAF11
ENSG00000065600,1,1,-0.0135968725323547,1.0,0,decreasing,1.0,2,0.5,PACC1
ENSG00000065911,1,0,0.0300151170583238,1.0,1,increasing,1.0,2,0.5,MTHFD2
ENSG00000066117,1,0,0.0079732979545697,1.0,1,increasing,1.0,1,1.0,SMARCD1
ENSG00000067082,1,1,-0.0022756064690968,1.0,0,decreasing,1.0,3,0.3333333333333333,KLF6
ENSG00000068097,1,1,-0.0008289333335343,1.0,0,decreasing,1.0,2,0.5,HEATR6
ENSG00000068400,1,0,0.0575720299389894,1.0,1,increasing,1.0,16,0.0625,GRIPAP1
ENSG00000069248,1,1,-0.0007945230291243,1.0,0,decreasing,1.0,5,0.2,NUP133
ENSG00000072062,1,1,-0.004092373903463,1.0,0,decreasing,1.0,4,0.25,PRKACA
ENSG00000072135,1,0,0.029133615954564,1.0,1,increasing,1.0,2,0.5,PTPN18
ENSG00000072210,1,1,-0.0020769201302963,1.0,0,decreasing,1.0,5,0.2,ALDH3A2
ENSG00000073350,1,1,-0.0063637115996521,1.0,0,decreasing,1.0,3,0.3333333333333333,LLGL2
ENSG00000073756,1,0,0.0191885701769194,1.0,1,increasing,1.0,1,1.0,PTGS2
ENSG00000073861,1,1,-0.0008374411209485,1.0,0,decreasing,1.0,2,0.5,TBX21
ENSG00000075336,1,1,-0.0609859106772797,1.0,0,decreasing,1.0,3,0.3333333333333333,TIMM21
ENSG00000075618,1,1,-0.0593881394676897,1.0,0,decreasing,1.0,2,0.5,FSCN1
ENSG00000075643,1,0,0.009905343043027,1.0,1,increasing,1.0,2,0.5,MOCOS
ENSG00000076053,1,0,0.0104479821668639,1.0,1,increasing,1.0,5,0.2,RBM7
ENSG00000076604,1,1,-0.0008517278686929,1.0,0,decreasing,1.0,2,0.5,TRAF4
ENSG00000077264,1,1,-0.0020211391033759,1.0,0,decreasing,1.0,2,0.5,PAK3
ENSG00000077348,1,1,-0.0113889496384923,1.0,0,decreasing,1.0,3,0.3333333333333333,EXOSC5
ENSG00000077984,1,1,-0.0061831624023151,1.0,0,decreasing,1.0,2,0.5,CST7
ENSG00000078061,1,1,-0.0083065116512173,1.0,0,decreasing,1.0,2,0.5,ARAF
ENSG00000078487,1,1,-0.0164056464831825,1.0,0,decreasing,1.0,2,0.5,ZCWPW1
ENSG00000078668,1,0,0.0167211707279056,1.0,1,increasing,1.0,1,1.0,VDAC3
ENSG00000078808,1,1,-0.0014751647187123,1.0,0,decreasing,1.0,1,1.0,SDF4
ENSG00000078902,1,1,-0.2822103377855263,1.0,0,decreasing,1.0,7,0.14285714285714285,TOLLIP
ENSG00000079313,1,1,-0.0016904711326839,1.0,0,decreasing,1.0,2,0.5,REXO1
ENSG00000079462,1,1,-0.0007960640237922,1.0,0,decreasing,1.0,2,0.5,PAFAH1B3
ENSG00000079974,1,1,-0.0076322781021466,1.0,0,decreasing,1.0,2,0.5,RABL2B
ENSG00000080007,1,1,-0.0047252839569245,1.0,0,decreasing,1.0,2,0.5,DDX43
ENSG00000080200,1,0,0.0044335848559695,1.0,1,increasing,1.0,6,0.16666666666666666,CRYBG3
ENSG00000080822,1,0,0.0107427392700556,1.0,1,increasing,1.0,4,0.25,CLDND1
ENSG00000080823,1,0,0.0067434908693731,1.0,1,increasing,1.0,1,1.0,MOK
ENSG00000082146,1,1,-0.0044712756268736,1.0,0,decreasing,1.0,3,0.3333333333333333,STRADB
ENSG00000082213,1,1,-0.0095494078169944,1.0,0,decreasing,1.0,3,0.3333333333333333,C5orf22
ENSG00000083807,1,1,-0.0200029224254286,1.0,0,decreasing,1.0,1,1.0,SLC27A5
ENSG00000083845,1,0,0.0045165401171715,1.0,1,increasing,1.0,7,0.14285714285714285,RPS5
ENSG00000084693,1,1,-0.0407043959449245,1.0,0,decreasing,1.0,2,0.5,AGBL5
ENSG00000085265,1,1,-0.0016260087114377,1.0,0,decreasing,1.0,3,0.3333333333333333,FCN1
ENSG00000085978,1,0,0.1896511695287892,1.0,1,increasing,1.0,2,0.5,ATG16L1
ENSG00000086504,1,1,-0.0008111759172699,1.0,0,decreasing,1.0,3,0.3333333333333333,MRPL28
ENSG00000087191,1,1,-0.0023830423268892,1.0,0,decreasing,1.0,3,0.3333333333333333,PSMC5
ENSG00000087253,1,0,0.006374867087846,1.0,1,increasing,1.0,6,0.16666666666666666,LPCAT2
ENSG00000087258,1,1,-0.0008598083129656,1.0,0,decreasing,1.0,3,0.3333333333333333,GNAO1
ENSG00000088038,1,0,0.0404002303482593,1.0,1,increasing,1.0,2,0.5,CNOT3
ENSG00000088854,1,1,-0.0033506818713378,1.0,0,decreasing,1.0,9,0.1111111111111111,C20orf194
ENSG00000088992,1,1,-0.0047844069130326,1.0,0,decreasing,1.0,4,0.25,TESC
ENSG00000089050,1,1,-0.0119403410724148,1.0,0,decreasing,1.0,2,0.5,RBBP9
ENSG00000089486,1,1,-0.0032757219287587,1.0,0,decreasing,1.0,2,0.5,CDIP1
ENSG00000089597,1,0,0.0012949307028114,1.0,1,increasing,1.0,5,0.2,GANAB
ENSG00000090382,1,1,-0.0485988122673732,1.0,0,decreasing,1.0,2,0.5,LYZ
ENSG00000090924,1,1,-0.0099370202320568,1.0,0,decreasing,1.0,7,0.14285714285714285,PLEKHG2
ENSG00000091164,1,1,-0.0006713011137108,1.0,0,decreasing,1.0,4,0.25,TXNL1
ENSG00000092148,1,1,-0.007397177934828,1.0,0,decreasing,1.0,5,0.2,HECTD1
ENSG00000094916,1,0,0.0076136247412467,1.0,1,increasing,1.0,5,0.2,CBX5
ENSG00000096070,1,1,-0.0027962636911952,1.0,0,decreasing,1.0,1,1.0,BRPF3
ENSG00000096080,1,1,-0.0016509728701173,1.0,0,decreasing,1.0,2,0.5,MRPS18A
ENSG00000096384,1,0,0.0118940088802576,1.0,1,increasing,1.0,1,1.0,HSP90AB1
ENSG00000096401,1,1,-0.0032011153753422,1.0,0,decreasing,1.0,2,0.5,CDC5L
ENSG00000099282,1,1,-0.0567728980330538,1.0,0,decreasing,1.0,9,0.1111111111111111,TSPAN15
ENSG00000099381,1,1,-0.0008289919153404,1.0,0,decreasing,1.0,2,0.5,SETD1A
ENSG00000099795,1,0,0.0013100546439717,1.0,1,increasing,1.0,6,0.16666666666666666,NDUFB7
ENSG00000099999,1,0,0.0988600034544617,1.0,1,increasing,1.0,1,1.0,RNF215
ENSG00000100055,1,0,0.0051846444478436,1.0,1,increasing,1.0,1,1.0,CYTH4
ENSG00000100150,1,0,0.0270171273461247,1.0,1,increasing,1.0,2,0.5,DEPDC5
ENSG00000100292,1,1,-0.0008283580183186,1.0,0,decreasing,1.0,2,0.5,HMOX1
ENSG00000100294,1,0,0.0377044717017228,1.0,1,increasing,1.0,5,0.2,MCAT
ENSG00000100473,1,1,-0.0024889151243017,1.0,0,decreasing,1.0,2,0.5,COCH
ENSG00000100519,1,1,-0.0057367453774856,1.0,0,decreasing,1.0,3,0.3333333333333333,PSMC6
ENSG00000100578,1,1,-0.0019683680413625,1.0,0,decreasing,1.0,14,0.07142857142857142,KIAA0586
ENSG00000100612,1,1,-0.0004640754043541,1.0,0,decreasing,1.0,2,0.5,DHRS7
ENSG00000100934,1,1,-0.0644636350065588,1.0,0,decreasing,1.0,8,0.125,SEC23A
ENSG00000101216,1,1,-0.0160924096222387,1.0,0,decreasing,1.0,5,0.2,GMEB2
ENSG00000101343,1,0,0.0076483589268356,1.0,1,increasing,1.0,2,0.5,CRNKL1
ENSG00000101361,1,1,-0.0254795862959334,1.0,0,decreasing,1.0,6,0.16666666666666666,NOP56
ENSG00000101417,1,0,0.0237662689271521,1.0,1,increasing,1.0,1,1.0,PXMP4
ENSG00000101440,1,1,-0.0016635524644739,1.0,0,decreasing,1.0,2,0.5,ASIP
ENSG00000101654,1,1,-0.0470776579086302,1.0,0,decreasing,1.0,8,0.125,RNMT
ENSG00000102245,1,1,-0.0026538440137232,1.0,0,decreasing,1.0,3,0.3333333333333333,CD40LG
ENSG00000102265,1,0,0.0548494958686566,1.0,1,increasing,1.0,2,0.5,TIMP1
ENSG00000102309,1,1,-0.0203336765199492,1.0,0,decreasing,1.0,3,0.3333333333333333,PIN4
ENSG00000102317,1,1,-0.0066043601487385,1.0,0,decreasing,1.0,6,0.16666666666666666,RBM3
ENSG00000102805,1,1,-0.0008519083533099,1.0,0,decreasing,1.0,8,0.125,CLN5
ENSG00000102970,1,1,-0.0008218656572526,1.0,0,decreasing,1.0,2,0.5,CCL17
ENSG00000102984,1,1,-0.0089757612170547,1.0,0,decreasing,1.0,2,0.5,ZNF821
ENSG00000103035,1,1,-0.0100760433720919,1.0,0,decreasing,1.0,1,1.0,PSMD7
ENSG00000103196,1,0,0.0511890071244478,1.0,1,increasing,1.0,2,0.5,CRISPLD2
ENSG00000103274,1,0,0.0079360778572932,1.0,1,increasing,1.0,7,0.14285714285714285,NUBP1
ENSG00000103275,1,1,-0.004713721165982,1.0,0,decreasing,1.0,10,0.1,UBE2I
ENSG00000104081,1,1,-0.0008390163442292,1.0,0,decreasing,1.0,2,0.5,BMF
ENSG00000104331,1,1,-0.0016612096932339,1.0,0,decreasing,1.0,4,0.25,IMPAD1
ENSG00000104442,1,1,-0.0282880456693595,1.0,0,decreasing,1.0,1,1.0,ARMC1
ENSG00000104611,1,1,-0.0176304664486393,1.0,0,decreasing,1.0,7,0.14285714285714285,SH2D4A
ENSG00000104870,1,0,0.0417735658959282,1.0,1,increasing,1.0,5,0.2,FCGRT
ENSG00000104946,1,0,0.0013014563931921,1.0,1,increasing,1.0,6,0.16666666666666666,TBC1D17
ENSG00000105254,1,0,0.0116038188747786,1.0,1,increasing,1.0,5,0.2,TBCB
ENSG00000105325,1,1,-0.0030002009039022,1.0,0,decreasing,1.0,1,1.0,FZR1
ENSG00000105516,1,1,-0.0032138263134926,1.0,0,decreasing,1.0,2,0.5,DBP
ENSG00000105705,1,1,-0.002556246647115,1.0,0,decreasing,1.0,2,0.5,SUGP1
ENSG00000105771,1,1,-0.0008492969469616,1.0,0,decreasing,1.0,9,0.1111111111111111,SMG9
ENSG00000105974,1,1,-0.0243498783731433,1.0,0,decreasing,1.0,1,1.0,CAV1
ENSG00000106144,1,0,0.0060876957168156,1.0,1,increasing,1.0,2,0.5,CASP2
ENSG00000106366,1,0,0.0013442562600525,1.0,1,increasing,1.0,6,0.16666666666666666,SERPINE1
ENSG00000106460,1,1,-0.0073997630253167,1.0,0,decreasing,1.0,4,0.25,TMEM106B
ENSG00000106636,1,1,-0.0033170978599421,1.0,0,decreasing,1.0,2,0.5,YKT6
ENSG00000107438,1,0,0.0041794857614571,1.0,1,increasing,1.0,6,0.16666666666666666,PDLIM1
ENSG00000107485,1,1,-0.0014946685146554,1.0,0,decreasing,1.0,1,1.0,GATA3
ENSG00000107560,1,1,-0.000713792832745,1.0,0,decreasing,1.0,7,0.14285714285714285,RAB11FIP2
ENSG00000107798,1,1,-0.0013472480056913,1.0,0,decreasing,1.0,8,0.125,LIPA
ENSG00000108106,1,0,0.0103852533176774,1.0,1,increasing,1.0,2,0.5,UBE2S
ENSG00000108439,1,0,0.0065942770241045,1.0,1,increasing,1.0,5,0.2,PNPO
ENSG00000108591,1,1,-0.0025009284625873,1.0,0,decreasing,1.0,1,1.0,DRG2
ENSG00000109065,1,1,-0.020425683121985,1.0,0,decreasing,1.0,1,1.0,NAT9
ENSG00000109586,1,1,-0.0008338607140586,1.0,0,decreasing,1.0,9,0.1111111111111111,GALNT7
ENSG00000109618,1,0,0.0013333001216052,1.0,1,increasing,1.0,2,0.5,SEPSECS
ENSG00000109971,1,1,-0.0025275439269731,1.0,0,decreasing,1.0,3,0.3333333333333333,HSPA8
ENSG00000110002,1,0,0.0934551693838815,1.0,1,increasing,1.0,6,0.16666666666666666,VWA5A
ENSG00000110619,1,0,0.0202028280015425,1.0,1,increasing,1.0,6,0.16666666666666666,CARS1
ENSG00000110841,1,1,-0.0030177128965389,1.0,0,decreasing,1.0,16,0.0625,PPFIBP1
ENSG00000110921,1,0,0.1762248544412802,1.0,1,increasing,1.0,4,0.25,MVK
ENSG00000111325,1,1,-0.0652861794863312,1.0,0,decreasing,1.0,1,1.0,OGFOD2
ENSG00000111530,1,1,-0.0025006135572809,1.0,0,decreasing,1.0,4,0.25,CAND1
ENSG00000111644,1,1,-0.0024955199364312,1.0,0,decreasing,1.0,14,0.07142857142857142,ACRBP
ENSG00000111676,1,1,-0.0007997364184305,1.0,0,decreasing,1.0,4,0.25,ATN1
ENSG00000111796,1,1,-0.0121184076687979,1.0,0,decreasing,1.0,2,0.5,KLRB1
ENSG00000111875,1,1,-0.0017332544071761,1.0,0,decreasing,1.0,2,0.5,ASF1A
ENSG00000112029,1,1,-0.002440962401057,1.0,0,decreasing,1.0,2,0.5,FBXO5
ENSG00000112031,1,1,-0.000817022639693,1.0,0,decreasing,1.0,8,0.125,MTRF1L
ENSG00000112062,1,1,-0.0016546941415262,1.0,0,decreasing,1.0,4,0.25,MAPK14
ENSG00000112167,1,0,0.0835721867650031,1.0,1,increasing,1.0,5,0.2,SAYSD1
ENSG00000112245,1,1,-0.0046708626765434,1.0,0,decreasing,1.0,3,0.3333333333333333,PTP4A1
ENSG00000112308,1,0,0.0053174034491691,1.0,1,increasing,1.0,2,0.5,C6orf62
ENSG00000112592,1,1,-0.0039674467266069,1.0,0,decreasing,1.0,2,0.5,TBP
ENSG00000113070,1,0,0.0203935227407467,1.0,1,increasing,1.0,2,0.5,HBEGF
ENSG00000113161,1,1,-0.0882815384692741,1.0,0,decreasing,1.0,6,0.16666666666666666,HMGCR
ENSG00000113504,1,0,0.0828046530047791,1.0,1,increasing,1.0,6,0.16666666666666666,SLC12A7
ENSG00000113812,1,1,-0.0478058622414926,1.0,0,decreasing,1.0,1,1.0,ACTR8
ENSG00000114383,1,1,-0.0145845337057894,1.0,0,decreasing,1.0,1,1.0,TUSC2
ENSG00000114473,1,1,-0.0063590445671487,1.0,0,decreasing,1.0,5,0.2,IQCG
ENSG00000115138,1,1,-0.0071839439010115,1.0,0,decreasing,1.0,1,1.0,POMC
ENSG00000115350,1,0,0.0064542863539887,1.0,1,increasing,1.0,6,0.16666666666666666,POLE4
ENSG00000115368,1,1,-0.0008465591176206,1.0,0,decreasing,1.0,3,0.3333333333333333,WDR75
ENSG00000115523,1,1,-0.0016341036443312,1.0,0,decreasing,1.0,3,0.3333333333333333,GNLY
ENSG00000115648,1,0,0.0224757317238529,1.0,1,increasing,1.0,1,1.0,MLPH
ENSG00000115758,1,0,0.0098432015989052,1.0,1,increasing,1.0,6,0.16666666666666666,ODC1
ENSG00000115827,1,1,-0.0012856927518685,1.0,0,decreasing,1.0,2,0.5,DCAF17
ENSG00000115902,1,0,0.0254129761169716,1.0,1,increasing,1.0,2,0.5,SLC1A4
ENSG00000116017,1,1,-0.0008467999001052,1.0,0,decreasing,1.0,3,0.3333333333333333,ARID3A
ENSG00000116574,1,0,0.0026074869778224,1.0,1,increasing,1.0,5,0.2,RHOU
ENSG00000116580,1,1,-0.0199523192194544,1.0,0,decreasing,1.0,7,0.14285714285714285,GON4L
ENSG00000116903,1,0,0.0115701357114846,1.0,1,increasing,1.0,2,0.5,EXOC8
ENSG00000117155,1,1,-0.008666268409949,1.0,0,decreasing,1.0,2,0.5,SSX2IP
ENSG00000117450,1,1,-0.0008582799261331,1.0,0,decreasing,1.0,3,0.3333333333333333,PRDX1
ENSG00000117862,1,1,-0.0025315943574471,1.0,0,decreasing,1.0,7,0.14285714285714285,TXNDC12
ENSG00000118496,1,0,0.0182912189748387,1.0,1,increasing,1.0,5,0.2,FBXO30
ENSG00000119041,1,1,-0.004536530104013,1.0,0,decreasing,1.0,3,0.3333333333333333,GTF3C3
ENSG00000119411,1,1,-0.0305342712741462,1.0,0,decreasing,1.0,1,1.0,BSPRY
ENSG00000119414,1,1,-0.0013510238788624,1.0,0,decreasing,1.0,9,0.1111111111111111,PPP6C
ENSG00000119682,1,1,-0.0008353824010867,1.0,0,decreasing,1.0,5,0.2,AREL1
ENSG00000119888,1,0,0.0048684826681818,1.0,1,increasing,1.0,2,0.5,EPCAM
ENSG00000119900,1,1,-0.0049409953478856,1.0,0,decreasing,1.0,8,0.125,OGFRL1
ENSG00000119929,1,1,-0.0038111779711567,1.0,0,decreasing,1.0,1,1.0,CUTC
ENSG00000119979,1,1,-0.0038048025340947,1.0,0,decreasing,1.0,2,0.5,DENND10
ENSG00000120656,1,0,0.001396410105755,1.0,1,increasing,1.0,6,0.16666666666666666,TAF12
ENSG00000120694,1,0,0.0630821634985617,1.0,1,increasing,1.0,7,0.14285714285714285,HSPH1
ENSG00000120738,1,0,0.0388957770198659,1.0,1,increasing,1.0,2,0.5,EGR1
ENSG00000120832,1,1,-0.0181951794947454,1.0,0,decreasing,1.0,1,1.0,MTERF2
ENSG00000120860,1,0,0.0171646071530361,1.0,1,increasing,1.0,1,1.0,WASHC3
ENSG00000120885,1,1,-0.0029225087997675,1.0,0,decreasing,1.0,3,0.3333333333333333,CLU
ENSG00000120942,1,1,-0.0042943468783428,1.0,0,decreasing,1.0,3,0.3333333333333333,UBIAD1
ENSG00000121577,1,1,-0.0015751450099413,1.0,0,decreasing,1.0,2,0.5,POPDC2
ENSG00000121858,1,1,-0.0037050902102961,1.0,0,decreasing,1.0,7,0.14285714285714285,TNFSF10
ENSG00000122126,1,0,0.0510610584618765,1.0,1,increasing,1.0,5,0.2,OCRL
ENSG00000122299,1,0,0.0264032691157626,1.0,1,increasing,1.0,4,0.25,ZC3H7A
ENSG00000122674,1,0,0.0169422207003864,1.0,1,increasing,1.0,8,0.125,CCZ1
ENSG00000122705,1,1,-0.002771910922935,1.0,0,decreasing,1.0,2,0.5,CLTA
ENSG00000122786,1,0,0.0780570362530742,1.0,1,increasing,1.0,2,0.5,CALD1
ENSG00000123838,1,1,-0.0055185511971645,1.0,0,decreasing,1.0,1,1.0,C4BPA
ENSG00000124228,1,1,-0.0016749323387492,1.0,0,decreasing,1.0,3,0.3333333333333333,DDX27
ENSG00000124380,1,1,-0.0034096425421661,1.0,0,decreasing,1.0,3,0.3333333333333333,SNRNP27
ENSG00000124532,1,0,0.0003560667376653,1.0,1,increasing,1.0,7,0.14285714285714285,MRS2
ENSG00000124574,1,1,-0.0008564702987138,1.0,0,decreasing,1.0,2,0.5,ABCC10
ENSG00000124596,1,1,-0.0139456935219365,1.0,0,decreasing,1.0,7,0.14285714285714285,OARD1
ENSG00000125454,1,1,-0.003301554105367,1.0,0,decreasing,1.0,4,0.25,SLC25A19
ENSG00000125457,1,0,0.0109488413565976,1.0,1,increasing,1.0,2,0.5,MIF4GD
ENSG00000125726,1,1,-0.0008288344708265,1.0,0,decreasing,1.0,3,0.3333333333333333,CD70
ENSG00000125826,1,1,-0.0045361943872152,1.0,0,decreasing,1.0,4,0.25,RBCK1
ENSG00000125910,1,1,-0.0008332795227014,1.0,0,decreasing,1.0,2,0.5,S1PR4
ENSG00000126003,1,1,-0.0033639004483024,1.0,0,decreasing,1.0,3,0.3333333333333333,PLAGL2
ENSG00000126106,1,1,-0.0096974299706341,1.0,0,decreasing,1.0,5,0.2,TMEM53
ENSG00000126456,1,0,0.0201324075999217,1.0,1,increasing,1.0,5,0.2,IRF3
ENSG00000126705,1,1,-0.0027667463014036,1.0,0,decreasing,1.0,2,0.5,AHDC1
ENSG00000126861,1,0,0.0013522929077553,1.0,1,increasing,1.0,5,0.2,OMG
ENSG00000126882,1,1,-0.0007834989561252,1.0,0,decreasing,1.0,8,0.125,FAM78A
ENSG00000126953,1,1,-0.003364952841104,1.0,0,decreasing,1.0,2,0.5,TIMM8A
ENSG00000127054,1,1,-0.0049717525131417,1.0,0,decreasing,1.0,1,1.0,INTS11
ENSG00000127528,1,1,-0.0013786460655662,1.0,0,decreasing,1.0,1,1.0,KLF2
ENSG00000127824,1,1,-0.0024910053426132,1.0,0,decreasing,1.0,2,0.5,TUBA4A
ENSG00000127951,1,1,-0.0039149051776414,1.0,0,decreasing,1.0,1,1.0,FGL2
ENSG00000127993,1,0,0.0072742752610542,1.0,1,increasing,1.0,2,0.5,RBM48
ENSG00000128050,1,1,-0.0061234415488209,1.0,0,decreasing,1.0,3,0.3333333333333333,PAICS
ENSG00000128609,1,1,-0.0014260743572902,1.0,0,decreasing,1.0,1,1.0,NDUFA5
ENSG00000128626,1,0,0.0616339934685436,1.0,1,increasing,1.0,5,0.2,MRPS12
ENSG00000129250,1,0,0.0050292475899192,1.0,1,increasing,1.0,1,1.0,KIF1C
ENSG00000130005,1,1,-0.0008231576994388,1.0,0,decreasing,1.0,2,0.5,GAMT
ENSG00000130159,1,1,-0.001350390654009,1.0,0,decreasing,1.0,1,1.0,ECSIT
ENSG00000130255,1,1,-0.0070539374684058,1.0,0,decreasing,1.0,1,1.0,RPL36
ENSG00000130305,1,0,0.0046320064578814,1.0,1,increasing,1.0,2,0.5,NSUN5
ENSG00000130396,1,1,-0.0093698792453616,1.0,0,decreasing,1.0,2,0.5,AFDN
ENSG00000130518,1,1,-0.0066911243580983,1.0,0,decreasing,1.0,2,0.5,IQCN
ENSG00000130635,1,0,0.015520227806656,1.0,1,increasing,1.0,1,1.0,COL5A1
ENSG00000130827,1,0,0.0036923634399881,1.0,1,increasing,1.0,5,0.2,PLXNA3
ENSG00000130830,1,1,-0.0007602319407818,1.0,0,decreasing,1.0,6,0.16666666666666666,MPP1
ENSG00000130881,1,1,-0.0554184158339482,1.0,0,decreasing,1.0,1,1.0,LRP3
ENSG00000131043,1,1,-0.0072748030948505,1.0,0,decreasing,1.0,2,0.5,AAR2
ENSG00000131115,1,1,-0.0016899222942075,1.0,0,decreasing,1.0,2,0.5,ZNF227
ENSG00000131143,1,0,0.0013148163605091,1.0,1,increasing,1.0,5,0.2,COX4I1
ENSG00000131203,1,1,-0.0094475578480151,1.0,0,decreasing,1.0,2,0.5,IDO1
ENSG00000131351,1,1,-0.0006914952512132,1.0,0,decreasing,1.0,2,0.5,HAUS8
ENSG00000131437,1,0,0.0186326248542655,1.0,1,increasing,1.0,3,0.3333333333333333,KIF3A
ENSG00000131467,1,0,0.0201216281290317,1.0,1,increasing,1.0,6,0.16666666666666666,PSME3
ENSG00000132017,1,1,-0.000852557835245,1.0,0,decreasing,1.0,2,0.5,DCAF15
ENSG00000132199,1,1,-0.0016764968949472,1.0,0,decreasing,1.0,9,0.1111111111111111,ENOSF1
ENSG00000132254,1,0,0.0232951851615157,1.0,1,increasing,1.0,5,0.2,ARFIP2
ENSG00000132313,1,0,0.1173712194342878,1.0,1,increasing,1.0,5,0.2,MRPL35
ENSG00000132406,1,0,0.1037911345839644,1.0,1,increasing,1.0,2,0.5,TMEM128
ENSG00000132581,1,1,-0.0016721408245903,1.0,0,decreasing,1.0,2,0.5,SDF2
ENSG00000132600,1,1,-0.001350155184176,1.0,0,decreasing,1.0,1,1.0,PRMT7
ENSG00000132661,1,1,-0.0154842033441896,1.0,0,decreasing,1.0,1,1.0,NXT1
ENSG00000132763,1,0,0.0083980568035091,1.0,1,increasing,1.0,2,0.5,MMACHC
ENSG00000132837,1,1,-0.0033302674190881,1.0,0,decreasing,1.0,2,0.5,DMGDH
ENSG00000132879,1,1,-0.0057409307304446,1.0,0,decreasing,1.0,2,0.5,FBXO44
ENSG00000132906,1,1,-0.0280225171084548,1.0,0,decreasing,1.0,7,0.14285714285714285,CASP9
ENSG00000132963,1,1,-0.0036688542843711,1.0,0,decreasing,1.0,3,0.3333333333333333,POMP
ENSG00000133059,1,0,0.0075032246379878,1.0,1,increasing,1.0,17,0.058823529411764705,DSTYK
ENSG00000133111,1,1,-0.0121481428544867,1.0,0,decreasing,1.0,1,1.0,RFXAP
ENSG00000133398,1,0,0.0205875893842087,1.0,1,increasing,1.0,6,0.16666666666666666,MED10
ENSG00000133460,1,0,0.00507613078567,1.0,1,increasing,1.0,2,0.5,SLC2A11
ENSG00000133574,1,1,-0.0270624512338969,1.0,0,decreasing,1.0,1,1.0,GIMAP4
ENSG00000133703,1,1,-0.0082530223660177,1.0,0,decreasing,1.0,3,0.3333333333333333,KRAS
ENSG00000134014,1,1,-0.0025692441383292,1.0,0,decreasing,1.0,3,0.3333333333333333,ELP3
ENSG00000134020,1,0,0.0016462893032835,1.0,1,increasing,1.0,2,0.5,PEBP4
ENSG00000134058,1,1,-0.0008433049960808,1.0,0,decreasing,1.0,2,0.5,CDK7
ENSG00000134153,1,1,-0.0033398681302872,1.0,0,decreasing,1.0,2,0.5,EMC7
ENSG00000134265,1,1,-0.0033347175104597,1.0,0,decreasing,1.0,8,0.125,NAPG
ENSG00000134419,1,1,-0.0141788678835549,1.0,0,decreasing,1.0,1,1.0,RPS15A
ENSG00000134444,1,1,-0.0135031800120989,1.0,0,decreasing,1.0,5,0.2,RELCH
ENSG00000135272,1,1,-0.0106667627024095,1.0,0,decreasing,1.0,3,0.3333333333333333,MDFIC
ENSG00000135390,1,1,-0.003236543379633,1.0,0,decreasing,1.0,2,0.5,ATP5MC2
ENSG00000135414,1,1,-0.0008539421588802,1.0,0,decreasing,1.0,8,0.125,GDF11
ENSG00000135763,1,1,-0.0107888036343182,1.0,0,decreasing,1.0,1,1.0,URB2
ENSG00000135801,1,0,0.0119101597723528,1.0,1,increasing,1.0,1,1.0,TAF5L
ENSG00000135828,1,1,-0.0009717136139526,1.0,0,decreasing,1.0,1,1.0,RNASEL
ENSG00000135940,1,0,0.0216334012240608,1.0,1,increasing,1.0,5,0.2,COX5B
ENSG00000136147,1,0,0.0063068621164786,1.0,1,increasing,1.0,5,0.2,PHF11
ENSG00000136273,1,1,-0.0004463501927979,1.0,0,decreasing,1.0,3,0.3333333333333333,HUS1
ENSG00000136295,1,1,-0.0017028237657368,1.0,0,decreasing,1.0,2,0.5,TTYH3
ENSG00000136383,1,0,0.0039018413719319,1.0,1,increasing,1.0,10,0.1,ALPK3
ENSG00000136720,1,1,-4.7015082094143735e-05,1.0,0,decreasing,1.0,6,0.16666666666666666,HS6ST1
ENSG00000136811,1,0,0.0251320226944747,1.0,1,increasing,1.0,8,0.125,ODF2
ENSG00000136819,1,0,0.1499731691719031,1.0,1,increasing,1.0,3,0.3333333333333333,C9orf78
ENSG00000136877,1,1,-0.020322527119233,1.0,0,decreasing,1.0,6,0.16666666666666666,FPGS
ENSG00000137221,1,1,-0.0008417297045998,1.0,0,decreasing,1.0,7,0.14285714285714285,TJAP1
ENSG00000137449,1,0,0.1327226754769631,1.0,1,increasing,1.0,5,0.2,CPEB2
ENSG00000138092,1,1,-0.001671406962709,1.0,0,decreasing,1.0,2,0.5,CENPO
ENSG00000138376,1,1,-0.0033591960921497,1.0,0,decreasing,1.0,3,0.3333333333333333,BARD1
ENSG00000138629,1,1,-0.0021879264180536,1.0,0,decreasing,1.0,2,0.5,UBL7
ENSG00000138735,1,0,0.1431833019893332,1.0,1,increasing,1.0,1,1.0,PDE5A
ENSG00000138795,1,1,-0.010289354970962,1.0,0,decreasing,1.0,3,0.3333333333333333,LEF1
ENSG00000139192,1,1,-0.0092085406061316,1.0,0,decreasing,1.0,2,0.5,TAPBPL
ENSG00000139233,1,1,-0.0106947097828795,1.0,0,decreasing,1.0,4,0.25,LLPH
ENSG00000139370,1,0,0.0073130486616061,1.0,1,increasing,1.0,8,0.125,SLC15A4
ENSG00000139428,1,0,0.0089634559889568,1.0,1,increasing,1.0,1,1.0,MMAB
ENSG00000139567,1,0,0.0437436139806555,1.0,1,increasing,1.0,5,0.2,ACVRL1
ENSG00000139625,1,0,0.0105914384089993,1.0,1,increasing,1.0,2,0.5,MAP3K12
ENSG00000139832,1,0,0.0051338691456778,1.0,1,increasing,1.0,3,0.3333333333333333,RAB20
ENSG00000139974,1,0,0.2332140836625061,1.0,1,increasing,1.0,5,0.2,SLC38A6
ENSG00000140006,1,1,-0.0177869897302897,1.0,0,decreasing,1.0,2,0.5,WDR89
ENSG00000140044,1,0,0.0101761226687561,1.0,1,increasing,1.0,8,0.125,JDP2
ENSG00000140263,1,1,-0.0037782408224729,1.0,0,decreasing,1.0,14,0.07142857142857142,SORD
ENSG00000140451,1,1,-0.0036405008669819,1.0,0,decreasing,1.0,3,0.3333333333333333,PIF1
ENSG00000140470,1,1,-0.0031829212853967,1.0,0,decreasing,1.0,2,0.5,ADAMTS17
ENSG00000140564,1,1,-0.0012717585871768,1.0,0,decreasing,1.0,2,0.5,FURIN
ENSG00000140807,1,0,0.0116656775002148,1.0,1,increasing,1.0,1,1.0,NKD1
ENSG00000140829,1,0,0.0696338736296627,1.0,1,increasing,1.0,2,0.5,DHX38
ENSG00000140988,1,1,-0.0040260340498997,1.0,0,decreasing,1.0,1,1.0,RPS2
ENSG00000141026,1,0,0.0090297975289922,1.0,1,increasing,1.0,2,0.5,MED9
ENSG00000141179,1,0,0.0227109366979053,1.0,1,increasing,1.0,1,1.0,PCTP
ENSG00000141232,1,1,-0.0124344813346591,1.0,0,decreasing,1.0,1,1.0,TOB1
ENSG00000141736,1,1,-0.0098989835985847,1.0,0,decreasing,1.0,2,0.5,ERBB2
ENSG00000142065,1,1,-0.0026639371801783,1.0,0,decreasing,1.0,1,1.0,ZFP14
ENSG00000142102,1,0,0.0160576584015796,1.0,1,increasing,1.0,3,0.3333333333333333,PGGHG
ENSG00000142611,1,0,0.0451585948197265,1.0,1,increasing,1.0,1,1.0,PRDM16
ENSG00000142675,1,1,-0.0060350364179448,1.0,0,decreasing,1.0,1,1.0,CNKSR1
ENSG00000142794,1,0,0.0001559266151847,1.0,1,increasing,1.0,1,1.0,NBPF3
ENSG00000142945,1,1,-0.0004185054477891,1.0,0,decreasing,1.0,2,0.5,KIF2C
ENSG00000143217,1,0,0.0060454553867585,1.0,1,increasing,1.0,1,1.0,NECTIN4
ENSG00000143476,1,1,-0.003358608014297,1.0,0,decreasing,1.0,3,0.3333333333333333,DTL
ENSG00000143515,1,1,-0.0027579316197068,1.0,0,decreasing,1.0,1,1.0,ATP8B2
ENSG00000143552,1,0,0.0013985143782957,1.0,1,increasing,1.0,6,0.16666666666666666,NUP210L
ENSG00000143742,1,1,-0.002697635799488,1.0,0,decreasing,1.0,1,1.0,SRP9
ENSG00000143761,1,1,-0.0054268784330119,1.0,0,decreasing,1.0,2,0.5,ARF1
ENSG00000143942,1,1,-0.0824023422211941,1.0,0,decreasing,1.0,1,1.0,CHAC2
ENSG00000144061,1,0,0.0137713437914856,1.0,1,increasing,1.0,5,0.2,NPHP1
ENSG00000144524,1,1,-0.1435627191557078,1.0,0,decreasing,1.0,1,1.0,COPS7B
ENSG00000145022,1,1,-0.0504176718374186,1.0,0,decreasing,1.0,1,1.0,TCTA
ENSG00000145391,1,0,0.0038355114324612,1.0,1,increasing,1.0,2,0.5,SETD7
ENSG00000146223,1,1,-0.0015908774601855,1.0,0,decreasing,1.0,3,0.3333333333333333,RPL7L1
ENSG00000146263,1,1,-0.0151536312516188,1.0,0,decreasing,1.0,3,0.3333333333333333,MMS22L
ENSG00000146416,1,1,-0.0004805154627412,1.0,0,decreasing,1.0,3,0.3333333333333333,AIG1
ENSG00000146426,1,0,0.0098437773625124,1.0,1,increasing,1.0,2,0.5,TIAM2
ENSG00000146731,1,0,0.0026830288563787,1.0,1,increasing,1.0,5,0.2,CCT6A
ENSG00000147123,1,1,-0.0079259441741901,1.0,0,decreasing,1.0,2,0.5,NDUFB11
ENSG00000147475,1,1,-0.0118976545965233,1.0,0,decreasing,1.0,1,1.0,ERLIN2
ENSG00000147604,1,1,-0.0143540863575251,1.0,0,decreasing,1.0,1,1.0,RPL7
ENSG00000147687,1,1,-0.0050313002043161,1.0,0,decreasing,1.0,3,0.3333333333333333,TATDN1
ENSG00000147874,1,1,-0.0017076121537366,1.0,0,decreasing,1.0,8,0.125,HAUS6
ENSG00000148090,1,1,-0.0210980540542732,1.0,0,decreasing,1.0,2,0.5,AUH
ENSG00000148296,1,0,0.0064363381000601,1.0,1,increasing,1.0,2,0.5,SURF6
ENSG00000148335,1,0,0.0365219168212758,1.0,1,increasing,1.0,6,0.16666666666666666,NTMT1
ENSG00000148426,1,0,0.0129465307898539,1.0,1,increasing,1.0,2,0.5,PROSER2
ENSG00000148482,1,0,0.0086466531033956,1.0,1,increasing,1.0,5,0.2,SLC39A12
ENSG00000148498,1,1,-0.0027375993622681,1.0,0,decreasing,1.0,3,0.3333333333333333,PARD3
ENSG00000148688,1,1,-0.0083276365241479,1.0,0,decreasing,1.0,1,1.0,RPP30
ENSG00000149476,1,1,-0.0016795519601483,1.0,0,decreasing,1.0,2,0.5,TKFC
ENSG00000149636,1,1,-0.0056548424691619,1.0,0,decreasing,1.0,2,0.5,DSN1
ENSG00000150637,1,1,-0.0008475757159109,1.0,0,decreasing,1.0,3,0.3333333333333333,CD226
ENSG00000151012,1,1,-0.0008239906886285,1.0,0,decreasing,1.0,4,0.25,SLC7A11
ENSG00000151292,1,0,0.0009938919309476,1.0,1,increasing,1.0,8,0.125,CSNK1G3
ENSG00000151611,1,1,-0.0174579368075863,1.0,0,decreasing,1.0,2,0.5,MMAA
ENSG00000151612,1,1,-0.0008287976461756,1.0,0,decreasing,1.0,4,0.25,ZNF827
ENSG00000151632,1,0,0.0139394738349773,1.0,1,increasing,1.0,3,0.3333333333333333,AKR1C2
ENSG00000151665,1,0,0.0026120967094443,1.0,1,increasing,1.0,7,0.14285714285714285,PIGF
ENSG00000151729,1,1,-0.0016649425626867,1.0,0,decreasing,1.0,2,0.5,SLC25A4
ENSG00000151743,1,0,0.0986054998825439,1.0,1,increasing,1.0,6,0.16666666666666666,AMN1
ENSG00000151835,1,1,-0.0034136929793165,1.0,0,decreasing,1.0,3,0.3333333333333333,SACS
ENSG00000151876,1,1,-0.0151695056197653,1.0,0,decreasing,1.0,1,1.0,FBXO4
ENSG00000152642,1,0,0.001371023403062,1.0,1,increasing,1.0,6,0.16666666666666666,GPD1L
ENSG00000152784,1,1,-0.00465719621966,1.0,0,decreasing,1.0,2,0.5,PRDM8
ENSG00000152944,1,1,-0.0050206866040512,1.0,0,decreasing,1.0,1,1.0,MED21
ENSG00000154174,1,1,-0.0008448011143391,1.0,0,decreasing,1.0,4,0.25,TOMM70
ENSG00000154222,1,1,-0.0049854411740278,1.0,0,decreasing,1.0,1,1.0,CC2D1B
ENSG00000154265,1,1,-0.0008147859455882,1.0,0,decreasing,1.0,3,0.3333333333333333,ABCA5
ENSG00000154305,1,1,-0.0012967084197428,1.0,0,decreasing,1.0,9,0.1111111111111111,MIA3
ENSG00000154429,1,1,-0.0016659913843741,1.0,0,decreasing,1.0,8,0.125,CCSAP
ENSG00000154548,1,0,0.0923269065876793,1.0,1,increasing,1.0,5,0.2,SRSF12
ENSG00000154553,1,1,-0.0032507624553498,1.0,0,decreasing,1.0,3,0.3333333333333333,PDLIM3
ENSG00000154743,1,0,0.0021910381746922,1.0,1,increasing,1.0,2,0.5,TSEN2
ENSG00000154760,1,1,-0.0015967428662922,1.0,0,decreasing,1.0,2,0.5,SLFN13
ENSG00000154889,1,0,0.0036312543664426,1.0,1,increasing,1.0,2,0.5,MPPE1
ENSG00000155099,1,1,-0.0094015919097705,1.0,0,decreasing,1.0,14,0.07142857142857142,PIP4P2
ENSG00000155189,1,1,-0.0077118635563611,1.0,0,decreasing,1.0,5,0.2,AGPAT5
ENSG00000155287,1,1,-0.0007968399878098,1.0,0,decreasing,1.0,2,0.5,SLC25A28
ENSG00000155961,1,1,-0.0007913861468508,1.0,0,decreasing,1.0,2,0.5,RAB39B
ENSG00000155974,1,1,-0.0033439689075309,1.0,0,decreasing,1.0,4,0.25,GRIP1
ENSG00000156256,1,1,-0.0027410548880005,1.0,0,decreasing,1.0,2,0.5,USP16
ENSG00000156374,1,0,0.0177057113455026,1.0,1,increasing,1.0,3,0.3333333333333333,PCGF6
ENSG00000156521,1,1,-0.0024125142168869,1.0,0,decreasing,1.0,2,0.5,TYSND1
ENSG00000156531,1,1,-0.000842994043207,1.0,0,decreasing,1.0,7,0.14285714285714285,PHF6
ENSG00000156711,1,1,-0.0008465819085919,1.0,0,decreasing,1.0,3,0.3333333333333333,MAPK13
ENSG00000157110,1,1,-0.0141070467556027,1.0,0,decreasing,1.0,5,0.2,RBPMS
ENSG00000157326,1,1,-0.0008100611525517,1.0,0,decreasing,1.0,3,0.3333333333333333,DHRS4
ENSG00000158234,1,1,-0.0012436722942628,1.0,0,decreasing,1.0,8,0.125,FAIM
ENSG00000158246,1,1,-0.0024990800895086,1.0,0,decreasing,1.0,1,1.0,TENT5B
ENSG00000158555,1,0,0.0070720166544243,1.0,1,increasing,1.0,2,0.5,GDPD5
ENSG00000158805,1,0,0.0153953471191838,1.0,1,increasing,1.0,6,0.16666666666666666,ZNF276
ENSG00000159339,1,1,-0.0025171793184712,1.0,0,decreasing,1.0,2,0.5,PADI4
ENSG00000159388,1,0,0.0050799185687248,1.0,1,increasing,1.0,6,0.16666666666666666,BTG2
ENSG00000159596,1,1,-0.0285159016676538,1.0,0,decreasing,1.0,2,0.5,TMEM69
ENSG00000160188,1,1,-0.0015870773712902,1.0,0,decreasing,1.0,1,1.0,RSPH1
ENSG00000160200,1,1,-0.0189037830501734,1.0,0,decreasing,1.0,5,0.2,CBS
ENSG00000160211,1,1,-0.0056680968767456,1.0,0,decreasing,1.0,6,0.16666666666666666,G6PD
ENSG00000160570,1,1,-0.0040365070260653,1.0,0,decreasing,1.0,1,1.0,DEDD2
ENSG00000160588,1,1,-0.0027054112512081,1.0,0,decreasing,1.0,2,0.5,MPZL3
ENSG00000160785,1,0,0.059406205501314,1.0,1,increasing,1.0,5,0.2,SLC25A44
ENSG00000160991,1,0,0.0041811587833174,1.0,1,increasing,1.0,7,0.14285714285714285,ORAI2
ENSG00000161547,1,0,0.0088508480084153,1.0,1,increasing,1.0,5,0.2,SRSF2
ENSG00000161835,1,1,-0.0248378491786306,1.0,0,decreasing,1.0,4,0.25,GRASP
ENSG00000162402,1,1,-0.0007582177509553,1.0,0,decreasing,1.0,15,0.06666666666666667,USP24
ENSG00000162623,1,1,-0.0030231940045244,1.0,0,decreasing,1.0,3,0.3333333333333333,TYW3
ENSG00000162664,1,0,0.0816529117017738,1.0,1,increasing,1.0,10,0.1,ZNF326
ENSG00000162692,1,1,-0.0066539155808786,1.0,0,decreasing,1.0,2,0.5,VCAM1
ENSG00000162711,1,1,-0.0026099816513787,1.0,0,decreasing,1.0,3,0.3333333333333333,NLRP3
ENSG00000162739,1,1,-0.0014677186435197,1.0,0,decreasing,1.0,1,1.0,SLAMF6
ENSG00000162813,1,0,0.0037284333081747,1.0,1,increasing,1.0,6,0.16666666666666666,BPNT1
ENSG00000162894,1,0,0.0017516119582041,1.0,1,increasing,1.0,2,0.5,FCMR
ENSG00000162961,1,1,-0.0231496142306519,1.0,0,decreasing,1.0,3,0.3333333333333333,DPY30
ENSG00000162976,1,1,-0.0019271782400037,1.0,0,decreasing,1.0,14,0.07142857142857142,SLC66A3
ENSG00000163141,1,0,0.021479842545977,1.0,1,increasing,1.0,6,0.16666666666666666,BNIPL
ENSG00000163376,1,1,-0.0511417082223587,1.0,0,decreasing,1.0,2,0.5,KBTBD8
ENSG00000163541,1,1,-0.0016068060430242,1.0,0,decreasing,1.0,2,0.5,SUCLG1
ENSG00000163584,1,0,0.0245625015018184,1.0,1,increasing,1.0,3,0.3333333333333333,RPL22L1
ENSG00000163607,1,1,-0.0052258515256024,1.0,0,decreasing,1.0,1,1.0,GTPBP8
ENSG00000163682,1,1,-0.0062443122792053,1.0,0,decreasing,1.0,2,0.5,RPL9
ENSG00000163684,1,0,0.0073968030391597,1.0,1,increasing,1.0,1,1.0,RPP14
ENSG00000163686,1,0,0.0053208304183037,1.0,1,increasing,1.0,1,1.0,ABHD6
ENSG00000163806,1,1,-0.002403904574049,1.0,0,decreasing,1.0,3,0.3333333333333333,SPDYA
ENSG00000163833,1,1,-0.0008399055514833,1.0,0,decreasing,1.0,2,0.5,FBXO40
ENSG00000164056,1,0,0.007246130766352,1.0,1,increasing,1.0,2,0.5,SPRY1
ENSG00000164114,1,0,0.0764096638484111,1.0,1,increasing,1.0,6,0.16666666666666666,MAP9
ENSG00000164220,1,0,0.0039393470157432,1.0,1,increasing,1.0,2,0.5,F2RL2
ENSG00000164237,1,0,0.0110405152826038,1.0,1,increasing,1.0,1,1.0,CMBL
ENSG00000164291,1,0,0.0409141055930012,1.0,1,increasing,1.0,5,0.2,ARSK
ENSG00000164306,1,1,-0.0026120810766256,1.0,0,decreasing,1.0,4,0.25,PRIMPOL
ENSG00000164344,1,1,-0.0033256068380008,1.0,0,decreasing,1.0,2,0.5,KLKB1
ENSG00000164366,1,1,-0.0016382793240789,1.0,0,decreasing,1.0,2,0.5,CCDC127
ENSG00000164687,1,1,-0.0049266800236508,1.0,0,decreasing,1.0,2,0.5,FABP5
ENSG00000164751,1,1,-0.0008209010477166,1.0,0,decreasing,1.0,8,0.125,PEX2
ENSG00000164776,1,1,-0.0086502265431989,1.0,0,decreasing,1.0,6,0.16666666666666666,PHKG1
ENSG00000164949,1,0,0.0344489330683731,1.0,1,increasing,1.0,3,0.3333333333333333,GEM
ENSG00000165028,1,0,0.0072578311388639,1.0,1,increasing,1.0,2,0.5,NIPSNAP3B
ENSG00000165055,1,0,0.0028003341858492,1.0,1,increasing,1.0,5,0.2,METTL2B
ENSG00000165060,1,0,0.0054847909079383,1.0,1,increasing,1.0,1,1.0,FXN
ENSG00000165280,1,0,0.0116742873701706,1.0,1,increasing,1.0,3,0.3333333333333333,VCP
ENSG00000165526,1,1,-0.0242787803131556,1.0,0,decreasing,1.0,3,0.3333333333333333,RPUSD4
ENSG00000165629,1,1,-0.0013818986939119,1.0,0,decreasing,1.0,2,0.5,ATP5F1C
ENSG00000165672,1,1,-0.0080520622930675,1.0,0,decreasing,1.0,2,0.5,PRDX3
ENSG00000165684,1,0,0.0015622208175827,1.0,1,increasing,1.0,2,0.5,SNAPC4
ENSG00000165757,1,0,0.0217513873928924,1.0,1,increasing,1.0,1,1.0,JCAD
ENSG00000165804,1,1,-0.0016595638725756,1.0,0,decreasing,1.0,3,0.3333333333333333,ZNF219
ENSG00000165813,1,0,0.0014496428140266,1.0,1,increasing,1.0,10,0.1,CCDC186
ENSG00000166170,1,1,-0.0037520706031124,1.0,0,decreasing,1.0,1,1.0,BAG5
ENSG00000166275,1,0,0.0070623703954231,1.0,1,increasing,1.0,4,0.25,BORCS7
ENSG00000166432,1,1,-0.0024538920950808,1.0,0,decreasing,1.0,2,0.5,ZMAT1
ENSG00000166446,1,1,-0.003731358153076,1.0,0,decreasing,1.0,15,0.06666666666666667,CDYL2
ENSG00000166477,1,1,-0.0038849135611378,1.0,0,decreasing,1.0,1,1.0,LEO1
ENSG00000166483,1,0,0.0091991582992492,1.0,1,increasing,1.0,1,1.0,WEE1
ENSG00000166780,1,1,-0.0178201330560915,1.0,0,decreasing,1.0,5,0.2,BMERB1
ENSG00000166963,1,0,0.0100918566039742,1.0,1,increasing,1.0,6,0.16666666666666666,MAP1A
ENSG00000166965,1,1,-0.0048016884029531,1.0,0,decreasing,1.0,2,0.5,RCCD1
ENSG00000167065,1,1,-0.0008461032648866,1.0,0,decreasing,1.0,2,0.5,DUSP18
ENSG00000167118,1,1,-0.0008610712501621,1.0,0,decreasing,1.0,3,0.3333333333333333,URM1
ENSG00000167291,1,1,-0.0221731164034003,1.0,0,decreasing,1.0,7,0.14285714285714285,TBC1D16
ENSG00000167674,1,0,0.01437255399906,1.0,1,increasing,1.0,1,1.0,HDGFL2
ENSG00000167766,1,0,0.0007109554058041,1.0,1,increasing,1.0,9,0.1111111111111111,ZNF83
ENSG00000167772,1,0,0.0012236331085967,1.0,1,increasing,1.0,6,0.16666666666666666,ANGPTL4
ENSG00000167774,1,1,-0.0042718914697163,1.0,0,decreasing,1.0,1,1.0,AC010323.1
ENSG00000167941,1,1,-0.0016571941780727,1.0,0,decreasing,1.0,2,0.5,SOST
ENSG00000167996,1,0,0.003640609707886,1.0,1,increasing,1.0,2,0.5,FTH1
ENSG00000168273,1,1,-0.0107286976275091,1.0,0,decreasing,1.0,10,0.1,SMIM4
ENSG00000168286,1,0,0.0606604283684102,1.0,1,increasing,1.0,6,0.16666666666666666,THAP11
ENSG00000168298,1,1,-0.0016609140331532,1.0,0,decreasing,1.0,3,0.3333333333333333,H1-4
ENSG00000168329,1,1,-0.0804428427099246,1.0,0,decreasing,1.0,5,0.2,CX3CR1
ENSG00000168447,1,0,0.00298450807926,1.0,1,increasing,1.0,1,1.0,SCNN1B
ENSG00000168566,1,1,-0.0014556219282142,1.0,0,decreasing,1.0,1,1.0,SNRNP48
ENSG00000168653,1,1,-0.0012777796005739,1.0,0,decreasing,1.0,9,0.1111111111111111,NDUFS5
ENSG00000168795,1,1,-0.0076894751363436,1.0,0,decreasing,1.0,1,1.0,ZBTB5
ENSG00000168818,1,1,-0.0556220340392877,1.0,0,decreasing,1.0,3,0.3333333333333333,STX18
ENSG00000168826,1,1,-0.0093689332466913,1.0,0,decreasing,1.0,1,1.0,ZBTB49
ENSG00000168904,1,0,0.0039425771485586,1.0,1,increasing,1.0,6,0.16666666666666666,LRRC28
ENSG00000168994,1,0,0.0265806011479698,1.0,1,increasing,1.0,5,0.2,PXDC1
ENSG00000169016,1,1,-0.0037057748953668,1.0,0,decreasing,1.0,8,0.125,E2F6
ENSG00000169087,1,1,-0.0060877839729081,1.0,0,decreasing,1.0,4,0.25,HSPBAP1
ENSG00000169242,1,1,-0.0027804640653213,1.0,0,decreasing,1.0,2,0.5,EFNA1
ENSG00000169302,1,0,0.0175363755226491,1.0,1,increasing,1.0,1,1.0,STK32A
ENSG00000169313,1,1,-0.0038641505559577,1.0,0,decreasing,1.0,14,0.07142857142857142,P2RY12
ENSG00000169683,1,0,0.0377835272188003,1.0,1,increasing,1.0,5,0.2,LRRC45
ENSG00000169972,1,1,-0.0044560416829154,1.0,0,decreasing,1.0,2,0.5,PUSL1
ENSG00000169991,1,0,0.0108752225713408,1.0,1,increasing,1.0,9,0.1111111111111111,IFFO2
ENSG00000170113,1,0,0.0035816630567826,1.0,1,increasing,1.0,2,0.5,NIPA1
ENSG00000170175,1,1,-0.0016442421138567,1.0,0,decreasing,1.0,2,0.5,CHRNB1
ENSG00000170264,1,1,-0.0129360592214491,1.0,0,decreasing,1.0,8,0.125,FAM161A
ENSG00000170271,1,1,-0.0040240319447557,1.0,0,decreasing,1.0,3,0.3333333333333333,FAXDC2
ENSG00000170291,1,0,0.0856562425497864,1.0,1,increasing,1.0,3,0.3333333333333333,ELP5
ENSG00000170345,1,1,-0.0032936674254682,1.0,0,decreasing,1.0,3,0.3333333333333333,FOS
ENSG00000170385,1,0,0.0461069552789726,1.0,1,increasing,1.0,1,1.0,SLC30A1
ENSG00000170734,1,0,0.005350887798998,1.0,1,increasing,1.0,8,0.125,POLH
ENSG00000170909,1,0,0.0041897158547423,1.0,1,increasing,1.0,5,0.2,OSCAR
ENSG00000170949,1,0,0.0016645131623433,1.0,1,increasing,1.0,2,0.5,ZNF160
ENSG00000171049,1,0,0.0049806595956443,1.0,1,increasing,1.0,5,0.2,FPR2
ENSG00000171121,1,1,-0.0008304712460667,1.0,0,decreasing,1.0,2,0.5,KCNMB3
ENSG00000171604,1,1,-0.0085408917553846,1.0,0,decreasing,1.0,1,1.0,CXXC5
ENSG00000171657,1,1,-0.0024931463343337,1.0,0,decreasing,1.0,7,0.14285714285714285,GPR82
ENSG00000171792,1,1,-0.0304132377332464,1.0,0,decreasing,1.0,1,1.0,RHNO1
ENSG00000171863,1,1,-0.0419563210646918,1.0,0,decreasing,1.0,5,0.2,RPS7
ENSG00000171960,1,1,-0.030292704164664,1.0,0,decreasing,1.0,2,0.5,PPIH
ENSG00000172123,1,1,-0.0008522440096969,1.0,0,decreasing,1.0,2,0.5,SLFN12
ENSG00000172260,1,0,0.0222720183193585,1.0,1,increasing,1.0,3,0.3333333333333333,NEGR1
ENSG00000172315,1,1,-0.0262547887803948,1.0,0,decreasing,1.0,6,0.16666666666666666,TP53RK
ENSG00000172794,1,1,-0.0014493253283635,1.0,0,decreasing,1.0,2,0.5,RAB37
ENSG00000173221,1,1,-0.0015296565029407,1.0,0,decreasing,1.0,1,1.0,GLRX
ENSG00000173465,1,0,0.0080977612477198,1.0,1,increasing,1.0,5,0.2,ZNRD2
ENSG00000173726,1,1,-0.0038412162167562,1.0,0,decreasing,1.0,2,0.5,TOMM20
ENSG00000173915,1,0,0.0025678995682969,1.0,1,increasing,1.0,6,0.16666666666666666,ATP5MD
ENSG00000173947,1,1,-0.0057520023650859,1.0,0,decreasing,1.0,1,1.0,PIFO
ENSG00000174231,1,1,-0.0240751360493706,1.0,0,decreasing,1.0,4,0.25,PRPF8
ENSG00000174243,1,1,-0.0018387295422881,1.0,0,decreasing,1.0,2,0.5,DDX23
ENSG00000174502,1,0,0.0135043085682249,1.0,1,increasing,1.0,2,0.5,SLC26A9
ENSG00000174547,1,0,0.0076912031976849,1.0,1,increasing,1.0,5,0.2,MRPL11
ENSG00000174744,1,1,-0.0020089461097883,1.0,0,decreasing,1.0,2,0.5,BRMS1
ENSG00000175066,1,1,-0.0008190956808934,1.0,0,decreasing,1.0,4,0.25,GK5
ENSG00000176225,1,1,-0.0034394665865417,1.0,0,decreasing,1.0,3,0.3333333333333333,RTTN
ENSG00000176358,1,0,0.0103648329665676,1.0,1,increasing,1.0,2,0.5,TAC4
ENSG00000176531,1,1,-0.0034014934393729,1.0,0,decreasing,1.0,3,0.3333333333333333,PHLDB3
ENSG00000176595,1,1,-0.0059151022779466,1.0,0,decreasing,1.0,1,1.0,KBTBD11
ENSG00000176928,1,1,-0.0013498340412482,1.0,0,decreasing,1.0,1,1.0,GCNT4
ENSG00000176946,1,1,-0.0225588176326715,1.0,0,decreasing,1.0,6,0.16666666666666666,THAP4
ENSG00000177000,1,1,-0.0008618434988766,1.0,0,decreasing,1.0,8,0.125,MTHFR
ENSG00000177125,1,1,-0.0006733520791755,1.0,0,decreasing,1.0,2,0.5,ZBTB34
ENSG00000177144,1,0,0.0016486438285827,1.0,1,increasing,1.0,2,0.5,NUDT4B
ENSG00000177352,1,1,-0.0025547355582624,1.0,0,decreasing,1.0,3,0.3333333333333333,CCDC71
ENSG00000177469,1,0,0.0055778421960929,1.0,1,increasing,1.0,1,1.0,CAVIN1
ENSG00000177613,1,0,0.0065514055586935,1.0,1,increasing,1.0,5,0.2,CSTF2T
ENSG00000177946,1,1,-0.0112456911951834,1.0,0,decreasing,1.0,1,1.0,CENPBD1
ENSG00000177951,1,1,-0.000823325384639,1.0,0,decreasing,1.0,8,0.125,BET1L
ENSG00000178038,1,0,0.007086168941909,1.0,1,increasing,1.0,5,0.2,ALS2CL
ENSG00000178074,1,0,0.0106848641888155,1.0,1,increasing,1.0,3,0.3333333333333333,C2orf69
ENSG00000178127,1,1,-0.0093540472573533,1.0,0,decreasing,1.0,3,0.3333333333333333,NDUFV2
ENSG00000178537,1,1,-0.0246789524099934,1.0,0,decreasing,1.0,3,0.3333333333333333,SLC25A20
ENSG00000178562,1,1,-0.0016778089628121,1.0,0,decreasing,1.0,9,0.1111111111111111,CD28
ENSG00000178623,1,1,-0.0116734095718968,1.0,0,decreasing,1.0,2,0.5,GPR35
ENSG00000178691,1,1,-0.001672800217235,1.0,0,decreasing,1.0,3,0.3333333333333333,SUZ12
ENSG00000178913,1,1,-0.0013744046663329,1.0,0,decreasing,1.0,1,1.0,TAF7
ENSG00000178965,1,1,-0.0058568061474952,1.0,0,decreasing,1.0,1,1.0,ERICH3
ENSG00000179304,1,0,0.001617516448838,1.0,1,increasing,1.0,2,0.5,FAM156B
ENSG00000179387,1,1,-0.0376726658000699,1.0,0,decreasing,1.0,1,1.0,ELMOD2
ENSG00000180061,1,1,-0.0143993058519956,1.0,0,decreasing,1.0,6,0.16666666666666666,TMEM150B
ENSG00000180263,1,1,-0.0008248862490306,1.0,0,decreasing,1.0,4,0.25,FGD6
ENSG00000180425,1,1,-0.0006717191691195,1.0,0,decreasing,1.0,3,0.3333333333333333,C11orf71
ENSG00000180448,1,1,-0.0008400149373726,1.0,0,decreasing,1.0,2,0.5,AC004151.1
ENSG00000180509,1,1,-0.002658174634861,1.0,0,decreasing,1.0,2,0.5,KCNE1
ENSG00000181007,1,1,-0.0008579679877842,1.0,0,decreasing,1.0,2,0.5,ZFP82
ENSG00000181035,1,1,-0.0033795144034112,1.0,0,decreasing,1.0,2,0.5,SLC25A42
ENSG00000181215,1,1,-0.0025098553433953,1.0,0,decreasing,1.0,3,0.3333333333333333,C4orf50
ENSG00000181744,1,1,-0.0060651033653925,1.0,0,decreasing,1.0,10,0.1,DIPK2A
ENSG00000182093,1,1,-0.0079737916392212,1.0,0,decreasing,1.0,1,1.0,GET1
ENSG00000182372,1,0,0.0135260033318844,1.0,1,increasing,1.0,2,0.5,CLN8
ENSG00000182463,1,1,-0.0038057383785456,1.0,0,decreasing,1.0,3,0.3333333333333333,TSHZ2
ENSG00000182511,1,1,-0.0008522121905604,1.0,0,decreasing,1.0,2,0.5,FES
ENSG00000182512,1,1,-0.0016887728933986,1.0,0,decreasing,1.0,2,0.5,GLRX5
ENSG00000182899,1,1,-0.000389124217472,1.0,0,decreasing,1.0,3,0.3333333333333333,RPL35A
ENSG00000182952,1,0,0.0018326511615166,1.0,1,increasing,1.0,6,0.16666666666666666,HMGN4
ENSG00000183150,1,1,-0.0043762543848234,1.0,0,decreasing,1.0,2,0.5,GPR19
ENSG00000183208,1,1,-0.0231323455817664,1.0,0,decreasing,1.0,7,0.14285714285714285,GDPGP1
ENSG00000183255,1,0,0.0094186920157828,1.0,1,increasing,1.0,3,0.3333333333333333,PTTG1IP
ENSG00000183665,1,1,-0.0045856768799353,1.0,0,decreasing,1.0,3,0.3333333333333333,TRMT12
ENSG00000183682,1,0,0.0053071908387368,1.0,1,increasing,1.0,5,0.2,BMP8A
ENSG00000183741,1,1,-0.0141565918028837,1.0,0,decreasing,1.0,2,0.5,CBX6
ENSG00000183779,1,1,-0.0014693547302131,1.0,0,decreasing,1.0,3,0.3333333333333333,ZNF703
ENSG00000184154,1,0,0.0123029446170196,1.0,1,increasing,1.0,5,0.2,LRTOMT
ENSG00000184489,1,1,-0.0040255944486593,1.0,0,decreasing,1.0,1,1.0,PTP4A3
ENSG00000184678,1,0,0.0134887586590741,1.0,1,increasing,1.0,2,0.5,H2BC21
ENSG00000185000,1,1,-0.0008278528360742,1.0,0,decreasing,1.0,2,0.5,DGAT1
ENSG00000185040,1,1,-0.0028021174726338,1.0,0,decreasing,1.0,2,0.5,SPDYE16
ENSG00000185298,1,0,0.0047371527557873,1.0,1,increasing,1.0,3,0.3333333333333333,CCDC137
ENSG00000185630,1,1,-0.0014377619174312,1.0,0,decreasing,1.0,3,0.3333333333333333,PBX1
ENSG00000185669,1,1,-0.0025015310581307,1.0,0,decreasing,1.0,2,0.5,SNAI3
ENSG00000185905,1,1,-0.0065321220837037,1.0,0,decreasing,1.0,3,0.3333333333333333,C16orf54
ENSG00000186001,1,1,-0.0101375941382773,1.0,0,decreasing,1.0,9,0.1111111111111111,LRCH3
ENSG00000186111,1,0,0.0415855703858179,1.0,1,increasing,1.0,5,0.2,PIP5K1C
ENSG00000186141,1,0,0.0209349717652031,1.0,1,increasing,1.0,6,0.16666666666666666,POLR3C
ENSG00000186174,1,1,-0.0004474388142578,1.0,0,decreasing,1.0,3,0.3333333333333333,BCL9L
ENSG00000186352,1,1,-0.001638592787754,1.0,0,decreasing,1.0,2,0.5,ANKRD37
ENSG00000186827,1,1,-0.0015850034167248,1.0,0,decreasing,1.0,1,1.0,TNFRSF4
ENSG00000186854,1,1,-0.0097282114787626,1.0,0,decreasing,1.0,2,0.5,TRABD2A
ENSG00000186918,1,1,-0.0025155463780969,1.0,0,decreasing,1.0,4,0.25,ZNF395
ENSG00000187010,1,0,0.0051321196799471,1.0,1,increasing,1.0,3,0.3333333333333333,RHD
ENSG00000187017,1,0,0.0302027631202221,1.0,1,increasing,1.0,6,0.16666666666666666,ESPN
ENSG00000187325,1,1,-0.0015758176227279,1.0,0,decreasing,1.0,2,0.5,TAF9B
ENSG00000187630,1,0,0.0212537114000852,1.0,1,increasing,1.0,5,0.2,DHRS4L2
ENSG00000187699,1,1,-0.0015246310687858,1.0,0,decreasing,1.0,1,1.0,C2orf88
ENSG00000188042,1,0,0.1684918525448003,1.0,1,increasing,1.0,1,1.0,ARL4C
ENSG00000188112,1,0,0.1031139947488143,1.0,1,increasing,1.0,5,0.2,C6orf132
ENSG00000188295,1,1,-0.0043974556115132,1.0,0,decreasing,1.0,2,0.5,ZNF669
ENSG00000188343,1,1,-0.0014153196666313,1.0,0,decreasing,1.0,1,1.0,FAM92A
ENSG00000188536,1,1,-0.0008320909998019,1.0,0,decreasing,1.0,6,0.16666666666666666,HBA2
ENSG00000188566,1,1,-0.0047270211635808,1.0,0,decreasing,1.0,2,0.5,NDOR1
ENSG00000188747,1,1,-0.0018893048542946,1.0,0,decreasing,1.0,14,0.07142857142857142,NOXA1
ENSG00000189241,1,1,-0.0029497734820713,1.0,0,decreasing,1.0,2,0.5,TSPYL1
ENSG00000189306,1,1,-0.0140254760057941,1.0,0,decreasing,1.0,9,0.1111111111111111,RRP7A
ENSG00000189339,1,1,-0.0007668668175123,1.0,0,decreasing,1.0,4,0.25,SLC35E2B
ENSG00000189377,1,1,-0.0324132564405224,1.0,0,decreasing,1.0,1,1.0,CXCL17
ENSG00000189403,1,1,-0.015640541104745,1.0,0,decreasing,1.0,9,0.1111111111111111,HMGB1
ENSG00000196123,1,1,-0.0016708021617834,1.0,0,decreasing,1.0,2,0.5,KIAA0895L
ENSG00000196220,1,1,-0.0017154995377898,1.0,0,decreasing,1.0,8,0.125,SRGAP3
ENSG00000196247,1,1,-0.0063042085115831,1.0,0,decreasing,1.0,1,1.0,ZNF107
ENSG00000196260,1,0,0.005065238524385,1.0,1,increasing,1.0,2,0.5,SFTA2
ENSG00000196363,1,0,0.0180617805674508,1.0,1,increasing,1.0,2,0.5,WDR5
ENSG00000196465,1,1,-0.0084515602378661,1.0,0,decreasing,1.0,1,1.0,MYL6B
ENSG00000196526,1,1,-0.0868209613510312,1.0,0,decreasing,1.0,2,0.5,AFAP1
ENSG00000196704,1,1,-0.003238547795979,1.0,0,decreasing,1.0,6,0.16666666666666666,AMZ2
ENSG00000196873,1,1,-0.0043331205327737,1.0,0,decreasing,1.0,7,0.14285714285714285,CBWD3
ENSG00000196912,1,0,0.0230698858164732,1.0,1,increasing,1.0,7,0.14285714285714285,ANKRD36B
ENSG00000196924,1,1,-0.0129732961941106,1.0,0,decreasing,1.0,1,1.0,FLNA
ENSG00000196937,1,0,0.0777550115442748,1.0,1,increasing,1.0,5,0.2,FAM3C
ENSG00000197037,1,0,0.0197909655980981,1.0,1,increasing,1.0,1,1.0,ZSCAN25
ENSG00000197050,1,1,-0.0026153790728855,1.0,0,decreasing,1.0,2,0.5,ZNF420
ENSG00000197057,1,1,-0.0045179036332459,1.0,0,decreasing,1.0,7,0.14285714285714285,DTHD1
ENSG00000197283,1,0,0.0058902939614571,1.0,1,increasing,1.0,4,0.25,SYNGAP1
ENSG00000197299,1,1,-0.0062494027159905,1.0,0,decreasing,1.0,2,0.5,BLM
ENSG00000197372,1,1,-0.0042328136846111,1.0,0,decreasing,1.0,7,0.14285714285714285,ZNF675
ENSG00000197530,1,1,-0.00083269556847,1.0,0,decreasing,1.0,7,0.14285714285714285,MIB2
ENSG00000197580,1,1,-0.054933987374751,1.0,0,decreasing,1.0,3,0.3333333333333333,BCO2
ENSG00000197785,1,0,0.007184459137134,1.0,1,increasing,1.0,2,0.5,ATAD3A
ENSG00000197894,1,1,-0.0234895953578081,1.0,0,decreasing,1.0,3,0.3333333333333333,ADH5
ENSG00000197976,1,0,0.0123575799922772,1.0,1,increasing,1.0,7,0.14285714285714285,AKAP17A
ENSG00000198130,1,0,0.0082929748940739,1.0,1,increasing,1.0,4,0.25,HIBCH
ENSG00000198131,1,1,-0.0360018591520506,1.0,0,decreasing,1.0,8,0.125,ZNF544
ENSG00000198171,1,1,-0.0025254142908627,1.0,0,decreasing,1.0,3,0.3333333333333333,DDRGK1
ENSG00000198246,1,1,-0.0548943560103696,1.0,0,decreasing,1.0,1,1.0,SLC29A3
ENSG00000198393,1,1,-0.0024011717010673,1.0,0,decreasing,1.0,9,0.1111111111111111,ZNF26
ENSG00000198626,1,1,-0.0008540077117021,1.0,0,decreasing,1.0,7,0.14285714285714285,RYR2
ENSG00000198700,1,0,0.0039515209549377,1.0,1,increasing,1.0,7,0.14285714285714285,IPO9
ENSG00000198715,1,0,0.0267640893495442,1.0,1,increasing,1.0,2,0.5,GLMP
ENSG00000198719,1,0,0.0031268718104136,1.0,1,increasing,1.0,1,1.0,DLL1
ENSG00000198832,1,0,0.0483753644034252,1.0,1,increasing,1.0,2,0.5,SELENOM
ENSG00000198885,1,1,-0.0016166741971338,1.0,0,decreasing,1.0,2,0.5,ITPRIPL1
ENSG00000198920,1,1,-0.0026031907330487,1.0,0,decreasing,1.0,2,0.5,KIAA0753
ENSG00000198959,1,1,-0.0037866660430429,1.0,0,decreasing,1.0,1,1.0,TGM2
ENSG00000203697,1,0,0.0191634780481521,1.0,1,increasing,1.0,2,0.5,CAPN8
ENSG00000203907,1,1,-0.0046775560735499,1.0,0,decreasing,1.0,7,0.14285714285714285,OOEP
ENSG00000204161,1,0,0.0803955163302649,1.0,1,increasing,1.0,5,0.2,TMEM273
ENSG00000204287,1,1,-0.0168856508598907,1.0,0,decreasing,1.0,1,1.0,HLA-DRA
ENSG00000204438,1,1,-0.0360964226064497,1.0,0,decreasing,1.0,2,0.5,GPANK1
ENSG00000204852,1,1,-0.0070676974478915,1.0,0,decreasing,1.0,2,0.5,TCTN1
ENSG00000205572,1,1,-0.0008460318042192,1.0,0,decreasing,1.0,2,0.5,SERF1B
ENSG00000205629,1,1,-0.004674378881824,1.0,0,decreasing,1.0,2,0.5,LCMT1
ENSG00000205670,1,0,0.0087578628526715,1.0,1,increasing,1.0,2,0.5,SMIM11A
ENSG00000205707,1,0,0.0134004479082609,1.0,1,increasing,1.0,3,0.3333333333333333,ETFRF1
ENSG00000205903,1,1,-0.0308276116897013,1.0,0,decreasing,1.0,2,0.5,ZNF316
ENSG00000206503,1,1,-0.0080268584365144,1.0,0,decreasing,1.0,7,0.14285714285714285,HLA-A
ENSG00000213398,1,1,-0.006433113551919,1.0,0,decreasing,1.0,1,1.0,LCAT
ENSG00000213551,1,1,-0.0063381194944467,1.0,0,decreasing,1.0,7,0.14285714285714285,DNAJC9
ENSG00000213625,1,1,-0.0105725195007851,1.0,0,decreasing,1.0,3,0.3333333333333333,LEPROT
ENSG00000213853,1,1,-0.0025016011518321,1.0,0,decreasing,1.0,4,0.25,EMP2
ENSG00000213906,1,1,-0.000816450345836,1.0,0,decreasing,1.0,2,0.5,LTB4R2
ENSG00000214517,1,1,-0.0038718196521797,1.0,0,decreasing,1.0,2,0.5,PPME1
ENSG00000215021,1,1,-0.0054083604280253,1.0,0,decreasing,1.0,2,0.5,PHB2
ENSG00000219200,1,1,-0.0045770668016077,1.0,0,decreasing,1.0,2,0.5,RNASEK
ENSG00000221923,1,1,-0.0125571396125938,1.0,0,decreasing,1.0,4,0.25,ZNF880
ENSG00000221926,1,0,0.0540371674190586,1.0,1,increasing,1.0,1,1.0,TRIM16
ENSG00000223501,1,0,0.0040898403043624,1.0,1,increasing,1.0,5,0.2,VPS52
ENSG00000225921,1,1,-0.0024625967168919,1.0,0,decreasing,1.0,3,0.3333333333333333,NOL7
ENSG00000233822,1,0,0.0028146102249559,1.0,1,increasing,1.0,8,0.125,H2BC15
ENSG00000234745,1,0,0.0024980322413825,1.0,1,increasing,1.0,5,0.2,HLA-B
ENSG00000236699,1,1,-0.0212792584289273,1.0,0,decreasing,1.0,2,0.5,ARHGEF38
ENSG00000239920,1,0,0.0316020269417672,1.0,1,increasing,1.0,7,0.14285714285714285,AC104389.5
ENSG00000242574,1,1,-0.0039681776918405,1.0,0,decreasing,1.0,1,1.0,HLA-DMB
ENSG00000243147,1,1,-0.0047466422199701,1.0,0,decreasing,1.0,3,0.3333333333333333,MRPL33
ENSG00000243156,1,1,-0.0024653837905819,1.0,0,decreasing,1.0,4,0.25,MICAL3
ENSG00000251537,1,0,0.0021282482082612,1.0,1,increasing,1.0,5,0.2,AC005324.3
ENSG00000254685,1,1,-0.0044393897865472,1.0,0,decreasing,1.0,1,1.0,FPGT
ENSG00000255339,1,1,-0.0016451910025043,1.0,0,decreasing,1.0,2,0.5,AL133352.1
ENSG00000256235,1,1,-0.0027432169216738,1.0,0,decreasing,1.0,1,1.0,SMIM3
ENSG00000256646,1,0,0.013679654202577,1.0,1,increasing,1.0,3,0.3333333333333333,AC010132.3
ENSG00000256771,1,1,-0.0193647101659118,1.0,0,decreasing,1.0,4,0.25,ZNF253
ENSG00000256977,1,1,-0.0023912623090057,1.0,0,decreasing,1.0,2,0.5,LIMS3
ENSG00000258653,1,1,-0.0008282730689065,1.0,0,decreasing,1.0,4,0.25,AC005520.3
ENSG00000260851,1,0,0.036988015946244,1.0,1,increasing,1.0,5,0.2,AC010542.3
ENSG00000263528,1,1,-0.0021183481357691,1.0,0,decreasing,1.0,2,0.5,IKBKE
ENSG00000265808,1,1,-0.0649678721309481,1.0,0,decreasing,1.0,1,1.0,SEC22B
ENSG00000266967,1,1,-0.0046456712587086,1.0,0,decreasing,1.0,2,0.5,AARSD1
ENSG00000267140,1,1,-0.0008467350004886,1.0,0,decreasing,1.0,2,0.5,AC007998.2
ENSG00000267740,1,1,-0.0233621670244988,1.0,0,decreasing,1.0,1,1.0,AC024592.3
ENSG00000269476,1,1,-0.0077605880693834,1.0,0,decreasing,1.0,6,0.16666666666666666,AC010326.3
ENSG00000272325,1,1,-0.000753886719161,1.0,0,decreasing,1.0,24,0.041666666666666664,NUDT3
ENSG00000272968,1,0,0.0082399959097213,1.0,1,increasing,1.0,7,0.14285714285714285,RBAK-RBAKDN
ENSG00000275111,1,1,-0.0008495642794332,1.0,0,decreasing,1.0,2,0.5,ZNF2
ENSG00000281593,1,1,-0.0025529362147834,1.0,0,decreasing,1.0,9,0.1111111111111111,AC006978.2
ENSG00000281887,1,1,-0.0071566189937112,1.0,0,decreasing,1.0,1,1.0,GIMAP1-GIMAP5
ENSG00000283288,1,0,0.0209943591401246,1.0,1,increasing,1.0,5,0.2,SMIM33
ENSG00000284969,1,0,0.012480256999392,1.0,1,increasing,1.0,6,0.16666666666666666,AL049629.2
ENSG00000285171,1,1,-0.0718851678752769,1.0,0,decreasing,1.0,1,1.0,AL590764.2
ENSG00000285942,1,0,0.0158648556736719,1.0,1,increasing,1.0,3,0.3333333333333333,AC018362.3
ENSG00000286112,1,1,-0.0026797854386687,1.0,0,decreasing,1.0,1,1.0,AL441992.3
ENSG00000286905,1,0,0.002571888394937,1.0,1,increasing,1.0,5,0.2,AC108488.2
ENSG00000288550,1,1,-0.0026463683727573,1.0,0,decreasing,1.0,1,1.0,AC018809.3
ENSG00000011201,1,1,-0.0025210888698669,0.948683298050514,0,decreasing,1.0,6,0.16666666666666666,ANOS1
ENSG00000012124,1,1,-0.0102401757140112,0.948683298050514,0,decreasing,1.0,5,0.2,CD22
ENSG00000077458,1,1,-0.0124919903127405,0.948683298050514,0,decreasing,1.0,5,0.2,FAM76B
ENSG00000091527,1,1,-0.0026744439481557,0.948683298050514,0,decreasing,1.0,8,0.125,CDV3
ENSG00000099875,1,1,-0.0077032449497995,0.948683298050514,0,decreasing,1.0,5,0.2,MKNK2
ENSG00000100100,1,1,-0.0046100967951536,0.948683298050514,0,decreasing,1.0,7,0.14285714285714285,PIK3IP1
ENSG00000100568,1,1,-0.0011399749440413,0.948683298050514,0,decreasing,1.0,17,0.058823529411764705,VTI1B
ENSG00000103363,1,1,-0.0100415294046699,0.948683298050514,0,decreasing,1.0,5,0.2,ELOB
ENSG00000106609,1,1,-0.005543084748784,0.948683298050514,0,decreasing,1.0,6,0.16666666666666666,TMEM248
ENSG00000116199,1,1,-0.0035770724239427,0.948683298050514,0,decreasing,1.0,5,0.2,FAM20B
ENSG00000116954,1,1,-0.0051909726922808,0.948683298050514,0,decreasing,1.0,6,0.16666666666666666,RRAGC
ENSG00000117308,1,1,-0.0107080051352313,0.948683298050514,0,decreasing,1.0,5,0.2,GALE
ENSG00000128039,1,1,-0.0048838389509373,0.948683298050514,0,decreasing,1.0,7,0.14285714285714285,SRD5A3
ENSG00000129235,1,1,-0.0208984886793222,0.948683298050514,0,decreasing,1.0,6,0.16666666666666666,TXNDC17
ENSG00000129682,1,1,-0.0009996648334117,0.948683298050514,0,decreasing,1.0,6,0.16666666666666666,FGF13
ENSG00000131165,1,1,-0.0025699363460361,0.948683298050514,0,decreasing,1.0,5,0.2,CHMP1A
ENSG00000134186,1,1,-0.0065447735481865,0.948683298050514,0,decreasing,1.0,5,0.2,PRPF38B
ENSG00000135917,1,1,-0.0034556675387377,0.948683298050514,0,decreasing,1.0,5,0.2,SLC19A3
ENSG00000136522,1,1,-0.0027181820192217,0.948683298050514,0,decreasing,1.0,5,0.2,MRPL47
ENSG00000143382,1,1,-0.002461333078815,0.948683298050514,0,decreasing,1.0,6,0.16666666666666666,ADAMTSL4
ENSG00000145555,1,1,-0.0020164145667065,0.948683298050514,0,decreasing,1.0,7,0.14285714285714285,MYO10
ENSG00000146374,1,1,-0.0046715656360639,0.948683298050514,0,decreasing,1.0,5,0.2,RSPO3
ENSG00000149806,1,1,-0.0006409438560145,0.948683298050514,0,decreasing,1.0,5,0.2,FAU
ENSG00000152433,1,1,-0.0300001286899547,0.948683298050514,0,decreasing,1.0,5,0.2,ZNF547
ENSG00000163468,1,1,-0.0028258965578008,0.948683298050514,0,decreasing,1.0,9,0.1111111111111111,CCT3
ENSG00000165175,1,1,-0.0024607469838927,0.948683298050514,0,decreasing,1.0,5,0.2,MID1IP1
ENSG00000166479,1,1,-0.0013346509961431,0.948683298050514,0,decreasing,1.0,7,0.14285714285714285,TMX3
ENSG00000166592,1,1,-0.0022627712609984,0.948683298050514,0,decreasing,1.0,5,0.2,RRAD
ENSG00000166896,1,1,-0.0034000175801625,0.948683298050514,0,decreasing,1.0,6,0.16666666666666666,ATP23
ENSG00000167863,1,1,-0.0037918692201972,0.948683298050514,0,decreasing,1.0,5,0.2,ATP5PD
ENSG00000168938,1,1,-0.0020158295514516,0.948683298050514,0,decreasing,1.0,6,0.16666666666666666,PPIC
ENSG00000171466,1,1,-0.0148855197918469,0.948683298050514,0,decreasing,1.0,8,0.125,ZNF562
ENSG00000171813,1,1,-0.0045111419521935,0.948683298050514,0,decreasing,1.0,6,0.16666666666666666,PWWP2B
ENSG00000173145,1,1,-0.003929483528483,0.948683298050514,0,decreasing,1.0,6,0.16666666666666666,NOC3L
ENSG00000174227,1,1,-0.0064820564752358,0.948683298050514,0,decreasing,1.0,8,0.125,PIGG
ENSG00000177666,1,1,-0.017308492401442,0.948683298050514,0,decreasing,1.0,5,0.2,PNPLA2
ENSG00000183914,1,1,-0.000791863254255,0.948683298050514,0,decreasing,1.0,5,0.2,DNAH2
ENSG00000187824,1,1,-0.0014995589415959,0.948683298050514,0,decreasing,1.0,5,0.2,TMEM220
ENSG00000188959,1,1,-0.0012374576640744,0.948683298050514,0,decreasing,1.0,6,0.16666666666666666,C9orf152
ENSG00000197296,1,1,-0.0028940191949408,0.948683298050514,0,decreasing,1.0,5,0.2,FITM2
ENSG00000198373,1,1,-0.0003856301823773,0.948683298050514,0,decreasing,1.0,7,0.14285714285714285,WWP2
ENSG00000198805,1,1,-0.0018166290284839,0.948683298050514,0,decreasing,1.0,5,0.2,PNP
ENSG00000205476,1,1,-0.0012783631870807,0.948683298050514,0,decreasing,1.0,5,0.2,CCDC85C
ENSG00000213799,1,1,-0.0014938946083027,0.948683298050514,0,decreasing,1.0,5,0.2,ZNF845
ENSG00000214941,1,1,-0.0020642748485473,0.948683298050514,0,decreasing,1.0,14,0.07142857142857142,ZSWIM7
ENSG00000235109,1,1,-0.005440021805354,0.948683298050514,0,decreasing,1.0,6,0.16666666666666666,ZSCAN31
ENSG00000242247,1,1,-0.002760989114078,0.948683298050514,0,decreasing,1.0,9,0.1111111111111111,ARFGAP3
ENSG00000262560,1,1,-0.0010744565065614,0.948683298050514,0,decreasing,1.0,5,0.2,AC018512.1
ENSG00000002919,1,1,-0.0113501830634758,0.8660254037844387,0,decreasing,1.0,1,1.0,SNX11
ENSG00000003147,1,0,0.0133701921038854,0.8660254037844387,1,increasing,1.0,4,0.25,ICA1
ENSG00000003987,1,1,-0.0047172871378688,0.8660254037844387,0,decreasing,1.0,1,1.0,MTMR7
ENSG00000003989,1,1,-0.0045405100786547,0.8660254037844387,0,decreasing,1.0,1,1.0,SLC7A2
ENSG00000004142,1,1,-0.0057887607625468,0.8660254037844387,0,decreasing,1.0,1,1.0,POLDIP2
ENSG00000004660,1,1,-0.0029853899836206,0.8660254037844387,0,decreasing,1.0,2,0.5,CAMKK1
ENSG00000004766,1,1,-0.1094214829500374,0.8660254037844387,0,decreasing,1.0,1,1.0,VPS50
ENSG00000005469,1,1,-0.0132623964860358,0.8660254037844387,0,decreasing,1.0,1,1.0,CROT
ENSG00000005961,1,1,-0.0083746863402008,0.8660254037844387,0,decreasing,1.0,1,1.0,ITGA2B
ENSG00000007255,1,1,-0.0049193823799733,0.8660254037844387,0,decreasing,1.0,1,1.0,TRAPPC6A
ENSG00000007264,1,1,-0.0007349279324459,0.8660254037844387,0,decreasing,1.0,1,1.0,MATK
ENSG00000007350,1,1,-0.0081658823455506,0.8660254037844387,0,decreasing,1.0,1,1.0,TKTL1
ENSG00000007944,1,1,-0.0029419553796055,0.8660254037844387,0,decreasing,1.0,3,0.3333333333333333,MYLIP
ENSG00000008130,1,1,-0.0325592021022571,0.8660254037844387,0,decreasing,1.0,1,1.0,NADK
ENSG00000008324,1,1,-0.003520043119292,0.8660254037844387,0,decreasing,1.0,6,0.16666666666666666,SS18L2
ENSG00000008382,1,1,-0.008515528463706,0.8660254037844387,0,decreasing,1.0,1,1.0,MPND
ENSG00000008952,1,1,-0.0401733430119881,0.8660254037844387,0,decreasing,1.0,3,0.3333333333333333,SEC62
ENSG00000010165,1,0,0.0759067571614306,0.8660254037844387,1,increasing,1.0,1,1.0,EEF1AKNMT
ENSG00000010322,1,1,-0.0160257377025617,0.8660254037844387,0,decreasing,1.0,2,0.5,NISCH
ENSG00000010404,1,1,-0.0010541740207322,0.8660254037844387,0,decreasing,1.0,7,0.14285714285714285,IDS
ENSG00000011028,1,1,-0.0059629235845269,0.8660254037844387,0,decreasing,1.0,1,1.0,MRC2
ENSG00000011052,1,1,-0.0044584447433731,0.8660254037844387,0,decreasing,1.0,1,1.0,NME1-NME2
ENSG00000011105,1,1,-0.0030094043969927,0.8660254037844387,0,decreasing,1.0,1,1.0,TSPAN9
ENSG00000012211,1,1,-0.0042786041830588,0.8660254037844387,0,decreasing,1.0,2,0.5,PRICKLE3
ENSG00000012817,1,1,-0.0103216916833382,0.8660254037844387,0,decreasing,1.0,1,1.0,KDM5D
ENSG00000013561,1,1,-0.0061550529921148,0.8660254037844387,0,decreasing,1.0,1,1.0,RNF14
ENSG00000017427,1,1,-0.0135505731524312,0.8660254037844387,0,decreasing,1.0,1,1.0,IGF1
ENSG00000018236,1,1,-0.0083489539959082,0.8660254037844387,0,decreasing,1.0,2,0.5,CNTN1
ENSG00000021645,1,1,-0.008908083703834,0.8660254037844387,0,decreasing,1.0,1,1.0,NRXN3
ENSG00000021762,1,1,-0.00130861759493,0.8660254037844387,0,decreasing,1.0,1,1.0,OSBPL5
ENSG00000025423,1,1,-0.008791056504676,0.8660254037844387,0,decreasing,1.0,1,1.0,HSD17B6
ENSG00000028310,1,1,-0.0030820317366236,0.8660254037844387,0,decreasing,1.0,1,1.0,BRD9
ENSG00000032742,1,0,0.0073817057074668,0.8660254037844387,1,increasing,1.0,1,1.0,IFT88
ENSG00000039139,1,1,-0.0225352567365447,0.8660254037844387,0,decreasing,1.0,6,0.16666666666666666,DNAH5
ENSG00000042317,1,1,-0.0140278833029733,0.8660254037844387,0,decreasing,1.0,1,1.0,AL049834.1
ENSG00000043143,1,0,0.0024220676878113,0.8660254037844387,1,increasing,1.0,3,0.3333333333333333,JADE2
ENSG00000046604,1,0,0.0116952108926516,0.8660254037844387,1,increasing,1.0,1,1.0,DSG2
ENSG00000046647,1,1,-0.0029828496823462,0.8660254037844387,0,decreasing,1.0,1,1.0,GEMIN8
ENSG00000046889,1,1,-0.0058479598662309,0.8660254037844387,0,decreasing,1.0,1,1.0,PREX2
ENSG00000047230,1,0,0.0110926956955619,0.8660254037844387,1,increasing,1.0,2,0.5,CTPS2
ENSG00000047617,1,1,-0.0030308037994938,0.8660254037844387,0,decreasing,1.0,1,1.0,ANO2
ENSG00000049540,1,1,-0.0085198403360805,0.8660254037844387,0,decreasing,1.0,1,1.0,ELN
ENSG00000051523,1,0,0.0023862372442998,0.8660254037844387,1,increasing,1.0,2,0.5,CYBA
ENSG00000052802,1,1,-0.0040581134697241,0.8660254037844387,0,decreasing,1.0,1,1.0,MSMO1
ENSG00000053108,1,1,-0.0057134066096642,0.8660254037844387,0,decreasing,1.0,2,0.5,FSTL4
ENSG00000054938,1,1,-0.0039571638221506,0.8660254037844387,0,decreasing,1.0,1,1.0,CHRDL2
ENSG00000056050,1,1,-0.0113918762671616,0.8660254037844387,0,decreasing,1.0,1,1.0,HPF1
ENSG00000058085,1,1,-0.0503641417688242,0.8660254037844387,0,decreasing,1.0,1,1.0,LAMC2
ENSG00000058866,1,1,-0.0090766344217572,0.8660254037844387,0,decreasing,1.0,1,1.0,DGKG
ENSG00000059122,1,1,-0.0036433593218731,0.8660254037844387,0,decreasing,1.0,2,0.5,FLYWCH1
ENSG00000064655,1,1,-0.0071002100061612,0.8660254037844387,0,decreasing,1.0,1,1.0,EYA2
ENSG00000064666,1,1,-0.016959006867224,0.8660254037844387,0,decreasing,1.0,1,1.0,CNN2
ENSG00000065029,1,1,-0.0059673070262341,0.8660254037844387,0,decreasing,1.0,1,1.0,ZNF76
ENSG00000065308,1,1,-0.004429126214312,0.8660254037844387,0,decreasing,1.0,6,0.16666666666666666,TRAM2
ENSG00000065802,1,0,0.0189451675654712,0.8660254037844387,1,increasing,1.0,2,0.5,ASB1
ENSG00000066405,1,1,-0.0098228018271629,0.8660254037844387,0,decreasing,1.0,1,1.0,CLDN18
ENSG00000066422,1,1,-0.0086839822511241,0.8660254037844387,0,decreasing,1.0,2,0.5,ZBTB11
ENSG00000066468,1,0,0.0023699984937452,0.8660254037844387,1,increasing,1.0,1,1.0,FGFR2
ENSG00000066926,1,1,-0.0059778310743319,0.8660254037844387,0,decreasing,1.0,1,1.0,FECH
ENSG00000067048,1,1,-0.00503256543865,0.8660254037844387,0,decreasing,1.0,1,1.0,DDX3Y
ENSG00000067191,1,1,-0.0227285250685875,0.8660254037844387,0,decreasing,1.0,1,1.0,CACNB1
ENSG00000067646,1,1,-0.0559044812067338,0.8660254037844387,0,decreasing,1.0,2,0.5,ZFY
ENSG00000067798,1,1,-0.0060030107325922,0.8660254037844387,0,decreasing,1.0,1,1.0,NAV3
ENSG00000068137,1,1,-0.0074352477285227,0.8660254037844387,0,decreasing,1.0,1,1.0,PLEKHH3
ENSG00000068654,1,1,-0.0036810803725299,0.8660254037844387,0,decreasing,1.0,15,0.06666666666666667,POLR1A
ENSG00000068697,1,1,-0.0406333028823415,0.8660254037844387,0,decreasing,1.0,6,0.16666666666666666,LAPTM4A
ENSG00000070061,1,1,-0.0037249515146443,0.8660254037844387,0,decreasing,1.0,1,1.0,ELP1
ENSG00000070269,1,1,-0.0019229007156319,0.8660254037844387,0,decreasing,1.0,7,0.14285714285714285,TMEM260
ENSG00000070669,1,1,-0.0077765984495457,0.8660254037844387,0,decreasing,1.0,1,1.0,ASNS
ENSG00000070761,1,1,-0.0235302989747449,0.8660254037844387,0,decreasing,1.0,1,1.0,CFAP20
ENSG00000070778,1,1,-0.0012412840524128,0.8660254037844387,0,decreasing,1.0,1,1.0,PTPN21
ENSG00000070950,1,1,-0.0113652513755799,0.8660254037844387,0,decreasing,1.0,1,1.0,RAD18
ENSG00000072163,1,1,-0.0055587695232102,0.8660254037844387,0,decreasing,1.0,1,1.0,LIMS2
ENSG00000072756,1,1,-0.0573730336502414,0.8660254037844387,0,decreasing,1.0,3,0.3333333333333333,TRNT1
ENSG00000072958,1,1,-0.0048441272767316,0.8660254037844387,0,decreasing,1.0,1,1.0,AP1M1
ENSG00000073050,1,1,-0.0082568032092233,0.8660254037844387,0,decreasing,1.0,1,1.0,XRCC1
ENSG00000073792,1,1,-0.0080946274932673,0.8660254037844387,0,decreasing,1.0,2,0.5,IGF2BP2
ENSG00000074219,1,0,0.002079153023332,0.8660254037844387,1,increasing,1.0,1,1.0,TEAD2
ENSG00000074276,1,1,-0.0046871229844742,0.8660254037844387,0,decreasing,1.0,1,1.0,CDHR2
ENSG00000074590,1,1,-0.0046451766610361,0.8660254037844387,0,decreasing,1.0,1,1.0,NUAK1
ENSG00000074935,1,1,-0.0013032129110671,0.8660254037844387,0,decreasing,1.0,1,1.0,TUBE1
ENSG00000075218,1,1,-0.0086347325144856,0.8660254037844387,0,decreasing,1.0,1,1.0,GTSE1
ENSG00000075234,1,1,-0.0053775622542643,0.8660254037844387,0,decreasing,1.0,1,1.0,TTC38
ENSG00000075240,1,1,-0.0034974710297835,0.8660254037844387,0,decreasing,1.0,3,0.3333333333333333,GRAMD4
ENSG00000076248,1,0,0.0021624518753401,0.8660254037844387,1,increasing,1.0,1,1.0,UNG
ENSG00000077097,1,0,0.0022350652530818,0.8660254037844387,1,increasing,1.0,2,0.5,TOP2B
ENSG00000077232,1,0,0.0091096837828511,0.8660254037844387,1,increasing,1.0,2,0.5,DNAJC10
ENSG00000077380,1,1,-0.0044011924712105,0.8660254037844387,0,decreasing,1.0,4,0.25,DYNC1I2
ENSG00000077943,1,1,-0.0351107261333405,0.8660254037844387,0,decreasing,1.0,1,1.0,ITGA8
ENSG00000079156,1,1,-0.0040279269255889,0.8660254037844387,0,decreasing,1.0,1,1.0,OSBPL6
ENSG00000079691,1,1,-0.057395727429486,0.8660254037844387,0,decreasing,1.0,3,0.3333333333333333,CARMIL1
ENSG00000080224,1,1,-0.0046656534149765,0.8660254037844387,0,decreasing,1.0,1,1.0,EPHA6
ENSG00000081041,1,0,0.011807611583275,0.8660254037844387,1,increasing,1.0,2,0.5,CXCL2
ENSG00000081052,1,1,-0.0103962552462075,0.8660254037844387,0,decreasing,1.0,2,0.5,COL4A4
ENSG00000081138,1,1,-0.0173984969267174,0.8660254037844387,0,decreasing,1.0,1,1.0,CDH7
ENSG00000081386,1,0,0.025945562039169,0.8660254037844387,1,increasing,1.0,1,1.0,ZNF510
ENSG00000083123,1,1,-0.0056632117230197,0.8660254037844387,0,decreasing,1.0,3,0.3333333333333333,BCKDHB
ENSG00000083290,1,1,-0.0024977587644317,0.8660254037844387,0,decreasing,1.0,1,1.0,ULK2
ENSG00000083307,1,1,-0.008193753939887,0.8660254037844387,0,decreasing,1.0,1,1.0,GRHL2
ENSG00000084072,1,1,-0.0110077739788347,0.8660254037844387,0,decreasing,1.0,7,0.14285714285714285,PPIE
ENSG00000084110,1,1,-0.0037727110287569,0.8660254037844387,0,decreasing,1.0,2,0.5,HAL
ENSG00000085831,1,1,-0.0222104106463342,0.8660254037844387,0,decreasing,1.0,2,0.5,TTC39A
ENSG00000087076,1,1,-0.0075690854899443,0.8660254037844387,0,decreasing,1.0,1,1.0,HSD17B14
ENSG00000087263,1,1,-0.0067058761095529,0.8660254037844387,0,decreasing,1.0,7,0.14285714285714285,OGFOD1
ENSG00000087448,1,1,-0.0094467778517988,0.8660254037844387,0,decreasing,1.0,2,0.5,KLHL42
ENSG00000087494,1,1,-0.008145797237105,0.8660254037844387,0,decreasing,1.0,1,1.0,PTHLH
ENSG00000087842,1,1,-0.0042134062969816,0.8660254037844387,0,decreasing,1.0,1,1.0,PIR
ENSG00000087995,1,1,-0.0029941016667282,0.8660254037844387,0,decreasing,1.0,1,1.0,METTL2A
ENSG00000088002,1,1,-0.007934980647173,0.8660254037844387,0,decreasing,1.0,1,1.0,SULT2B1
ENSG00000088035,1,1,-0.0028894474954732,0.8660254037844387,0,decreasing,1.0,1,1.0,ALG6
ENSG00000088298,1,1,-0.0037300768647407,0.8660254037844387,0,decreasing,1.0,14,0.07142857142857142,EDEM2
ENSG00000088451,1,1,-0.0028169609492001,0.8660254037844387,0,decreasing,1.0,2,0.5,TGDS
ENSG00000088538,1,1,-0.0024418241291878,0.8660254037844387,0,decreasing,1.0,2,0.5,DOCK3
ENSG00000088970,1,1,-0.0029692735996578,0.8660254037844387,0,decreasing,1.0,4,0.25,KIZ
ENSG00000088986,1,1,-0.0046462348829918,0.8660254037844387,0,decreasing,1.0,1,1.0,DYNLL1
ENSG00000089009,1,1,-0.0027054593429714,0.8660254037844387,0,decreasing,1.0,1,1.0,RPL6
ENSG00000090054,1,1,-0.0353231899648011,0.8660254037844387,0,decreasing,1.0,2,0.5,SPTLC1
ENSG00000090104,1,0,0.0022311889598469,0.8660254037844387,1,increasing,1.0,2,0.5,RGS1
ENSG00000090238,1,0,0.0343300764276708,0.8660254037844387,1,increasing,1.0,1,1.0,YPEL3
ENSG00000090530,1,1,-0.0029738088775586,0.8660254037844387,0,decreasing,1.0,1,1.0,P3H2
ENSG00000090534,1,1,-0.0087148917612915,0.8660254037844387,0,decreasing,1.0,1,1.0,THPO
ENSG00000090674,1,1,-0.0088500452493763,0.8660254037844387,0,decreasing,1.0,1,1.0,MCOLN1
ENSG00000091262,1,1,-0.0030172107308545,0.8660254037844387,0,decreasing,1.0,1,1.0,ABCC6
ENSG00000091651,1,1,-0.0087554827342697,0.8660254037844387,0,decreasing,1.0,1,1.0,ORC6
ENSG00000091972,1,1,-0.0052548804737957,0.8660254037844387,0,decreasing,1.0,1,1.0,CD200
ENSG00000092010,1,1,-0.0043126204078236,0.8660254037844387,0,decreasing,1.0,1,1.0,PSME1
ENSG00000092621,1,1,-0.0013968591834794,0.8660254037844387,0,decreasing,1.0,1,1.0,PHGDH
ENSG00000092850,1,1,-0.0086195046055977,0.8660254037844387,0,decreasing,1.0,1,1.0,TEKT2
ENSG00000094963,1,1,-0.0028830704278253,0.8660254037844387,0,decreasing,1.0,1,1.0,FMO2
ENSG00000095002,1,1,-0.0012677485783266,0.8660254037844387,0,decreasing,1.0,1,1.0,MSH2
ENSG00000095321,1,0,0.0068380912320347,0.8660254037844387,1,increasing,1.0,1,1.0,CRAT
ENSG00000095713,1,1,-0.0012237086150191,0.8660254037844387,0,decreasing,1.0,1,1.0,CRTAC1
ENSG00000096092,1,1,-0.0089639874247673,0.8660254037844387,0,decreasing,1.0,1,1.0,TMEM14A
ENSG00000096696,1,1,-0.0087253103106371,0.8660254037844387,0,decreasing,1.0,1,1.0,DSP
ENSG00000096746,1,1,-0.0029784736712775,0.8660254037844387,0,decreasing,1.0,3,0.3333333333333333,HNRNPH3
ENSG00000099260,1,1,-0.0059435871897613,0.8660254037844387,0,decreasing,1.0,1,1.0,PALMD
ENSG00000099617,1,1,-0.008929424697428,0.8660254037844387,0,decreasing,1.0,1,1.0,EFNA2
ENSG00000099725,1,1,-0.0024837306963291,0.8660254037844387,0,decreasing,1.0,8,0.125,PRKY
ENSG00000099954,1,0,0.0129996725741697,0.8660254037844387,1,increasing,1.0,1,1.0,CECR2
ENSG00000100029,1,1,-0.0012701828513002,0.8660254037844387,0,decreasing,1.0,1,1.0,PES1
ENSG00000100142,1,0,0.0021058621782721,0.8660254037844387,1,increasing,1.0,1,1.0,POLR2F
ENSG00000100219,1,1,-0.0027540357118798,0.8660254037844387,0,decreasing,1.0,2,0.5,XBP1
ENSG00000100241,1,1,-0.0037495046435843,0.8660254037844387,0,decreasing,1.0,1,1.0,SBF1
ENSG00000100299,1,1,-0.0188345278397998,0.8660254037844387,0,decreasing,1.0,1,1.0,ARSA
ENSG00000100427,1,1,-0.0025602116933378,0.8660254037844387,0,decreasing,1.0,1,1.0,MLC1
ENSG00000100441,1,1,-0.0043921654311649,0.8660254037844387,0,decreasing,1.0,1,1.0,KHNYN
ENSG00000100577,1,1,-0.0176519887555356,0.8660254037844387,0,decreasing,1.0,1,1.0,GSTZ1
ENSG00000100815,1,1,-0.0061738522031813,0.8660254037844387,0,decreasing,1.0,3,0.3333333333333333,TRIP11
ENSG00000100979,1,1,-0.0177536991244093,0.8660254037844387,0,decreasing,1.0,1,1.0,PLTP
ENSG00000101000,1,1,-0.0098597179709103,0.8660254037844387,0,decreasing,1.0,1,1.0,PROCR
ENSG00000101004,1,1,-0.0027330866722174,0.8660254037844387,0,decreasing,1.0,2,0.5,NINL
ENSG00000101162,1,1,-0.0026753305616064,0.8660254037844387,0,decreasing,1.0,1,1.0,TUBB1
ENSG00000101182,1,1,-0.0038322626198564,0.8660254037844387,0,decreasing,1.0,15,0.06666666666666667,PSMA7
ENSG00000101193,1,1,-0.0059993199774052,0.8660254037844387,0,decreasing,1.0,2,0.5,GID8
ENSG00000101367,1,1,-0.0056853565754215,0.8660254037844387,0,decreasing,1.0,7,0.14285714285714285,MAPRE1
ENSG00000101452,1,1,-0.0284370590131762,0.8660254037844387,0,decreasing,1.0,1,1.0,DHX35
ENSG00000101473,1,1,-0.0109446072631796,0.8660254037844387,0,decreasing,1.0,7,0.14285714285714285,ACOT8
ENSG00000101868,1,1,-0.0082264322334697,0.8660254037844387,0,decreasing,1.0,1,1.0,POLA1
ENSG00000102003,1,1,-0.0159857551378146,0.8660254037844387,0,decreasing,1.0,1,1.0,SYP
ENSG00000102038,1,1,-0.002985431604948,0.8660254037844387,0,decreasing,1.0,1,1.0,SMARCA1
ENSG00000102181,1,1,-0.0012099974687712,0.8660254037844387,0,decreasing,1.0,1,1.0,CD99L2
ENSG00000102316,1,1,-0.0108880434567305,0.8660254037844387,0,decreasing,1.0,1,1.0,MAGED2
ENSG00000102349,1,1,-0.0029323724891908,0.8660254037844387,0,decreasing,1.0,19,0.05263157894736842,KLF8
ENSG00000102471,1,1,-0.004216415638604,0.8660254037844387,0,decreasing,1.0,1,1.0,NDFIP2
ENSG00000102678,1,1,-0.0210111895437771,0.8660254037844387,0,decreasing,1.0,1,1.0,FGF9
ENSG00000102900,1,1,-0.0031257578545934,0.8660254037844387,0,decreasing,1.0,3,0.3333333333333333,NUP93
ENSG00000102934,1,1,-0.0044514559918473,0.8660254037844387,0,decreasing,1.0,2,0.5,PLLP
ENSG00000103005,1,1,-0.0230379049917057,0.8660254037844387,0,decreasing,1.0,1,1.0,USB1
ENSG00000103150,1,1,-0.0040121976329105,0.8660254037844387,0,decreasing,1.0,1,1.0,MLYCD
ENSG00000103316,1,1,-0.0046135438472518,0.8660254037844387,0,decreasing,1.0,1,1.0,CRYM
ENSG00000103460,1,1,-0.0222236064367863,0.8660254037844387,0,decreasing,1.0,2,0.5,TOX3
ENSG00000103528,1,1,-0.0167910016872856,0.8660254037844387,0,decreasing,1.0,1,1.0,SYT17
ENSG00000103544,1,0,0.0031152549244301,0.8660254037844387,1,increasing,1.0,1,1.0,VPS35L
ENSG00000103942,1,1,-0.0020215721528588,0.8660254037844387,0,decreasing,1.0,1,1.0,HOMER2
ENSG00000104231,1,1,-0.0188367894186767,0.8660254037844387,0,decreasing,1.0,2,0.5,ZFAND1
ENSG00000104267,1,1,-0.0084159054048742,0.8660254037844387,0,decreasing,1.0,2,0.5,CA2
ENSG00000104327,1,1,-0.0035921830732694,0.8660254037844387,0,decreasing,1.0,1,1.0,CALB1
ENSG00000104537,1,1,-0.0037728661020795,0.8660254037844387,0,decreasing,1.0,1,1.0,ANXA13
ENSG00000104760,1,1,-0.0089479908013728,0.8660254037844387,0,decreasing,1.0,1,1.0,FGL1
ENSG00000104824,1,1,-0.0205746314554595,0.8660254037844387,0,decreasing,1.0,1,1.0,HNRNPL
ENSG00000104883,1,1,-0.0112828485601105,0.8660254037844387,0,decreasing,1.0,1,1.0,PEX11G
ENSG00000105197,1,1,-0.001271710849079,0.8660254037844387,0,decreasing,1.0,2,0.5,TIMM50
ENSG00000105221,1,1,-0.0041061964933978,0.8660254037844387,0,decreasing,1.0,2,0.5,AKT2
ENSG00000105255,1,1,-0.0122735401889037,0.8660254037844387,0,decreasing,1.0,1,1.0,FSD1
ENSG00000105289,1,0,0.0848487739974469,0.8660254037844387,1,increasing,1.0,1,1.0,TJP3
ENSG00000105352,1,1,-0.0012674920866315,0.8660254037844387,0,decreasing,1.0,2,0.5,CEACAM4
ENSG00000105355,1,1,-0.0071994193884926,0.8660254037844387,0,decreasing,1.0,2,0.5,PLIN3
ENSG00000105388,1,1,-0.0023413996259294,0.8660254037844387,0,decreasing,1.0,1,1.0,CEACAM5
ENSG00000105514,1,0,0.0023112196645544,0.8660254037844387,1,increasing,1.0,1,1.0,RAB3D
ENSG00000105948,1,1,-0.0046345297389292,0.8660254037844387,0,decreasing,1.0,1,1.0,TTC26
ENSG00000106245,1,1,-0.022953156305368,0.8660254037844387,0,decreasing,1.0,1,1.0,BUD31
ENSG00000106258,1,1,-0.0080961449342121,0.8660254037844387,0,decreasing,1.0,1,1.0,CYP3A5
ENSG00000106351,1,0,0.0044859106409825,0.8660254037844387,1,increasing,1.0,2,0.5,AGFG2
ENSG00000106605,1,0,0.0291176476924394,0.8660254037844387,1,increasing,1.0,1,1.0,BLVRA
ENSG00000106608,1,1,-0.0389984591015431,0.8660254037844387,0,decreasing,1.0,1,1.0,URGCP
ENSG00000106688,1,1,-0.0025198938054977,0.8660254037844387,0,decreasing,1.0,2,0.5,SLC1A1
ENSG00000106772,1,1,-0.0028616690905464,0.8660254037844387,0,decreasing,1.0,1,1.0,PRUNE2
ENSG00000106819,1,1,-0.0137451047699178,0.8660254037844387,0,decreasing,1.0,1,1.0,ASPN
ENSG00000107104,1,1,-0.0102562853071529,0.8660254037844387,0,decreasing,1.0,3,0.3333333333333333,KANK1
ENSG00000107672,1,1,-0.0025696711965016,0.8660254037844387,0,decreasing,1.0,4,0.25,NSMCE4A
ENSG00000107819,1,1,-0.0084342772911959,0.8660254037844387,0,decreasing,1.0,2,0.5,SFXN3
ENSG00000107902,1,1,-0.0268774069773889,0.8660254037844387,0,decreasing,1.0,1,1.0,LHPP
ENSG00000108352,1,0,0.0067898160466025,0.8660254037844387,1,increasing,1.0,2,0.5,RAPGEFL1
ENSG00000108384,1,1,-0.0041398115158368,0.8660254037844387,0,decreasing,1.0,2,0.5,RAD51C
ENSG00000108448,1,0,0.0192853136166856,0.8660254037844387,1,increasing,1.0,2,0.5,TRIM16L
ENSG00000108523,1,0,0.0510104818557717,0.8660254037844387,1,increasing,1.0,1,1.0,RNF167
ENSG00000108828,1,1,-0.0172854591368227,0.8660254037844387,0,decreasing,1.0,1,1.0,VAT1
ENSG00000108963,1,1,-0.0021101668791881,0.8660254037844387,0,decreasing,1.0,2,0.5,DPH1
ENSG00000109084,1,0,0.0136960856968146,0.8660254037844387,1,increasing,1.0,1,1.0,TMEM97
ENSG00000109654,1,0,0.0738017486552196,0.8660254037844387,1,increasing,1.0,2,0.5,TRIM2
ENSG00000109819,1,1,-0.0138243828155545,0.8660254037844387,0,decreasing,1.0,1,1.0,PPARGC1A
ENSG00000110074,1,0,0.0126400926107431,0.8660254037844387,1,increasing,1.0,1,1.0,FOXRED1
ENSG00000110107,1,1,-0.0178631341452758,0.8660254037844387,0,decreasing,1.0,1,1.0,PRPF19
ENSG00000110723,1,1,-0.0866772561608976,0.8660254037844387,0,decreasing,1.0,7,0.14285714285714285,EXPH5
ENSG00000110848,1,1,-0.004942880497034,0.8660254037844387,0,decreasing,1.0,3,0.3333333333333333,CD69
ENSG00000110888,1,1,-0.0082783618019118,0.8660254037844387,0,decreasing,1.0,1,1.0,CAPRIN2
ENSG00000110955,1,1,-0.0012367940650841,0.8660254037844387,0,decreasing,1.0,2,0.5,ATP5F1B
ENSG00000111012,1,1,-0.0056483392381309,0.8660254037844387,0,decreasing,1.0,1,1.0,CYP27B1
ENSG00000111199,1,1,-0.0058834475900845,0.8660254037844387,0,decreasing,1.0,6,0.16666666666666666,TRPV4
ENSG00000111218,1,1,-0.0144409559691854,0.8660254037844387,0,decreasing,1.0,1,1.0,PRMT8
ENSG00000111300,1,1,-0.005969143149968,0.8660254037844387,0,decreasing,1.0,3,0.3333333333333333,NAA25
ENSG00000111319,1,1,-0.014831534103356,0.8660254037844387,0,decreasing,1.0,2,0.5,SCNN1A
ENSG00000111344,1,1,-0.0038050095785715,0.8660254037844387,0,decreasing,1.0,1,1.0,RASAL1
ENSG00000111404,1,1,-0.0081724659303618,0.8660254037844387,0,decreasing,1.0,1,1.0,RERGL
ENSG00000111490,1,1,-0.03155711089627,0.8660254037844387,0,decreasing,1.0,1,1.0,TBC1D30
ENSG00000111696,1,1,-0.0093773288488652,0.8660254037844387,0,decreasing,1.0,2,0.5,NT5DC3
ENSG00000111799,1,1,-0.0037782218985977,0.8660254037844387,0,decreasing,1.0,1,1.0,COL12A1
ENSG00000111850,1,1,-0.01033455952599,0.8660254037844387,0,decreasing,1.0,1,1.0,SMIM8
ENSG00000111913,1,1,-0.002458395559456,0.8660254037844387,0,decreasing,1.0,4,0.25,RIPOR2
ENSG00000112118,1,1,-0.0037977732496234,0.8660254037844387,0,decreasing,1.0,1,1.0,MCM3
ENSG00000112139,1,1,-0.0049020701239572,0.8660254037844387,0,decreasing,1.0,1,1.0,MDGA1
ENSG00000112214,1,1,-0.0016502335853192,0.8660254037844387,0,decreasing,1.0,1,1.0,FHL5
ENSG00000112232,1,1,-0.004976359113027,0.8660254037844387,0,decreasing,1.0,2,0.5,KHDRBS2
ENSG00000112530,1,1,-0.0277886131116469,0.8660254037844387,0,decreasing,1.0,6,0.16666666666666666,PACRG
ENSG00000112541,1,1,-0.0116035828176338,0.8660254037844387,0,decreasing,1.0,2,0.5,PDE10A
ENSG00000112996,1,0,0.0047190792235132,0.8660254037844387,1,increasing,1.0,1,1.0,MRPS30
ENSG00000113083,1,1,-0.0029199742379922,0.8660254037844387,0,decreasing,1.0,1,1.0,LOX
ENSG00000113119,1,1,-0.0025400612205013,0.8660254037844387,0,decreasing,1.0,1,1.0,TMCO6
ENSG00000113838,1,1,-0.0034182084128445,0.8660254037844387,0,decreasing,1.0,1,1.0,TBCCD1
ENSG00000113851,1,1,-0.0043321414214337,0.8660254037844387,0,decreasing,1.0,2,0.5,CRBN
ENSG00000114023,1,1,-0.0150299713565758,0.8660254037844387,0,decreasing,1.0,2,0.5,FAM162A
ENSG00000114248,1,1,-0.0110741517690654,0.8660254037844387,0,decreasing,1.0,1,1.0,LRRC31
ENSG00000114251,1,1,-0.022826454461888,0.8660254037844387,0,decreasing,1.0,1,1.0,WNT5A
ENSG00000114374,1,1,-0.001275804409254,0.8660254037844387,0,decreasing,1.0,7,0.14285714285714285,USP9Y
ENSG00000114378,1,1,-0.0089110219514881,0.8660254037844387,0,decreasing,1.0,1,1.0,HYAL1
ENSG00000114388,1,1,-0.0573033978250392,0.8660254037844387,0,decreasing,1.0,1,1.0,NPRL2
ENSG00000114405,1,0,0.0127236452049778,0.8660254037844387,1,increasing,1.0,1,1.0,C3orf14
ENSG00000114790,1,1,-0.0075643943797424,0.8660254037844387,0,decreasing,1.0,2,0.5,ARHGEF26
ENSG00000114805,1,1,-0.0041683740765137,0.8660254037844387,0,decreasing,1.0,2,0.5,PLCH1
ENSG00000114859,1,1,-0.0045731805537386,0.8660254037844387,0,decreasing,1.0,1,1.0,CLCN2
ENSG00000114978,1,1,-0.0160107030222262,0.8660254037844387,0,decreasing,1.0,1,1.0,MOB1A
ENSG00000115085,1,1,-0.0053954848772728,0.8660254037844387,0,decreasing,1.0,1,1.0,ZAP70
ENSG00000115204,1,0,0.0078498258693591,0.8660254037844387,1,increasing,1.0,1,1.0,MPV17
ENSG00000115221,1,1,-0.0050145390092162,0.8660254037844387,0,decreasing,1.0,2,0.5,ITGB6
ENSG00000115290,1,1,-0.0156481803933348,0.8660254037844387,0,decreasing,1.0,1,1.0,GRB14
ENSG00000115339,1,1,-0.0012732817732706,0.8660254037844387,0,decreasing,1.0,2,0.5,GALNT3
ENSG00000115353,1,1,-0.0025016184557449,0.8660254037844387,0,decreasing,1.0,1,1.0,TACR1
ENSG00000115866,1,1,-0.0252086037601655,0.8660254037844387,0,decreasing,1.0,9,0.1111111111111111,DARS1
ENSG00000116117,1,1,-0.0033414465860831,0.8660254037844387,0,decreasing,1.0,2,0.5,PARD3B
ENSG00000116194,1,1,-0.0085167439340924,0.8660254037844387,0,decreasing,1.0,1,1.0,ANGPTL1
ENSG00000116213,1,1,-0.0038109938928615,0.8660254037844387,0,decreasing,1.0,1,1.0,WRAP73
ENSG00000116649,1,1,-0.0146501062393148,0.8660254037844387,0,decreasing,1.0,1,1.0,SRM
ENSG00000116729,1,0,0.0039753875888044,0.8660254037844387,1,increasing,1.0,6,0.16666666666666666,WLS
ENSG00000116741,1,1,-0.0047718326625131,0.8660254037844387,0,decreasing,1.0,1,1.0,RGS2
ENSG00000116962,1,1,-0.0045741657901644,0.8660254037844387,0,decreasing,1.0,1,1.0,NID1
ENSG00000117069,1,1,-0.1826037784386202,0.8660254037844387,0,decreasing,1.0,1,1.0,ST6GALNAC5
ENSG00000117114,1,1,-0.0140378204485635,0.8660254037844387,0,decreasing,1.0,1,1.0,ADGRL2
ENSG00000117280,1,1,-0.0037611672932143,0.8660254037844387,0,decreasing,1.0,1,1.0,RAB29
ENSG00000117676,1,1,-0.0199354635201788,0.8660254037844387,0,decreasing,1.0,1,1.0,RPS6KA1
ENSG00000118007,1,1,-0.0011979372201485,0.8660254037844387,0,decreasing,1.0,24,0.041666666666666664,STAG1
ENSG00000118193,1,1,-0.002539251169214,0.8660254037844387,0,decreasing,1.0,1,1.0,KIF14
ENSG00000118402,1,1,-0.0089165794974357,0.8660254037844387,0,decreasing,1.0,1,1.0,ELOVL4
ENSG00000118407,1,1,-0.0049405019994174,0.8660254037844387,0,decreasing,1.0,2,0.5,FILIP1
ENSG00000118418,1,1,-0.0042069409609751,0.8660254037844387,0,decreasing,1.0,2,0.5,HMGN3
ENSG00000118515,1,1,-0.0019650895707914,0.8660254037844387,0,decreasing,1.0,1,1.0,SGK1
ENSG00000118690,1,1,-0.0025477667567856,0.8660254037844387,0,decreasing,1.0,1,1.0,ARMC2
ENSG00000118898,1,1,-0.0014355598897476,0.8660254037844387,0,decreasing,1.0,2,0.5,PPL
ENSG00000118946,1,1,-0.0148140285070988,0.8660254037844387,0,decreasing,1.0,2,0.5,PCDH17
ENSG00000118997,1,1,-0.0407578174081609,0.8660254037844387,0,decreasing,1.0,1,1.0,DNAH7
ENSG00000119242,1,1,-0.004639527471545,0.8660254037844387,0,decreasing,1.0,1,1.0,CCDC92
ENSG00000119523,1,1,-0.0012457173952344,0.8660254037844387,0,decreasing,1.0,4,0.25,ALG2
ENSG00000119535,1,0,0.0152842394200031,0.8660254037844387,1,increasing,1.0,1,1.0,CSF3R
ENSG00000119655,1,1,-0.0084312201322494,0.8660254037844387,0,decreasing,1.0,1,1.0,NPC2
ENSG00000119681,1,1,-0.015271325252718,0.8660254037844387,0,decreasing,1.0,1,1.0,LTBP2
ENSG00000119707,1,0,0.0086499549807693,0.8660254037844387,1,increasing,1.0,5,0.2,RBM25
ENSG00000119969,1,1,-0.0043919644797026,0.8660254037844387,0,decreasing,1.0,1,1.0,HELLS
ENSG00000120055,1,1,-0.008968237954481,0.8660254037844387,0,decreasing,1.0,1,1.0,C10orf95
ENSG00000120217,1,1,-0.0029910491829564,0.8660254037844387,0,decreasing,1.0,1,1.0,CD274
ENSG00000120314,1,1,-0.0012625234004329,0.8660254037844387,0,decreasing,1.0,1,1.0,WDR55
ENSG00000120334,1,0,0.0044784602806616,0.8660254037844387,1,increasing,1.0,1,1.0,CENPL
ENSG00000120458,1,1,-0.0012755150762613,0.8660254037844387,0,decreasing,1.0,1,1.0,MSANTD2
ENSG00000120509,1,1,-0.0061505909410652,0.8660254037844387,0,decreasing,1.0,1,1.0,PDZD11
ENSG00000120549,1,1,-0.0030256498094541,0.8660254037844387,0,decreasing,1.0,2,0.5,KIAA1217
ENSG00000120675,1,0,0.0089764801982211,0.8660254037844387,1,increasing,1.0,2,0.5,DNAJC15
ENSG00000120688,1,1,-0.0065740891787224,0.8660254037844387,0,decreasing,1.0,2,0.5,WBP4
ENSG00000120709,1,1,-0.0060222201027683,0.8660254037844387,0,decreasing,1.0,2,0.5,FAM53C
ENSG00000121060,1,1,-0.0074011958412347,0.8660254037844387,0,decreasing,1.0,2,0.5,TRIM25
ENSG00000121310,1,1,-0.0012450405412213,0.8660254037844387,0,decreasing,1.0,1,1.0,ECHDC2
ENSG00000121380,1,0,0.0048011934312305,0.8660254037844387,1,increasing,1.0,1,1.0,BCL2L14
ENSG00000122224,1,1,-0.0115527503150407,0.8660254037844387,0,decreasing,1.0,2,0.5,LY9
ENSG00000122254,1,1,-0.0029495735350279,0.8660254037844387,0,decreasing,1.0,1,1.0,HS3ST2
ENSG00000122707,1,1,-0.0060984855861786,0.8660254037844387,0,decreasing,1.0,2,0.5,RECK
ENSG00000122870,1,1,-0.0058981355370289,0.8660254037844387,0,decreasing,1.0,6,0.16666666666666666,BICC1
ENSG00000122966,1,1,-0.0030130654913466,0.8660254037844387,0,decreasing,1.0,3,0.3333333333333333,CIT
ENSG00000122970,1,1,-0.0081570797918629,0.8660254037844387,0,decreasing,1.0,1,1.0,IFT81
ENSG00000123374,1,0,0.004453681049916,0.8660254037844387,1,increasing,1.0,1,1.0,CDK2
ENSG00000123562,1,1,-0.0484682163784755,0.8660254037844387,0,decreasing,1.0,6,0.16666666666666666,MORF4L2
ENSG00000123815,1,1,-0.0076301074093019,0.8660254037844387,0,decreasing,1.0,1,1.0,COQ8B
ENSG00000123836,1,1,-0.0060140696707068,0.8660254037844387,0,decreasing,1.0,2,0.5,PFKFB2
ENSG00000123933,1,1,-0.0892542445968618,0.8660254037844387,0,decreasing,1.0,3,0.3333333333333333,MXD4
ENSG00000124171,1,1,-0.0177289763607907,0.8660254037844387,0,decreasing,1.0,2,0.5,PARD6B
ENSG00000124222,1,1,-0.0104465605920052,0.8660254037844387,0,decreasing,1.0,2,0.5,STX16
ENSG00000124257,1,1,-0.0218737121333463,0.8660254037844387,0,decreasing,1.0,1,1.0,NEURL2
ENSG00000124299,1,1,-0.0088224759350256,0.8660254037844387,0,decreasing,1.0,6,0.16666666666666666,PEPD
ENSG00000124749,1,1,-0.0048197372268527,0.8660254037844387,0,decreasing,1.0,1,1.0,COL21A1
ENSG00000124839,1,0,0.0078361102502398,0.8660254037844387,1,increasing,1.0,2,0.5,RAB17
ENSG00000125247,1,0,0.0244851745309291,0.8660254037844387,1,increasing,1.0,3,0.3333333333333333,TMTC4
ENSG00000125249,1,1,-0.0012673826358252,0.8660254037844387,0,decreasing,1.0,6,0.16666666666666666,RAP2A
ENSG00000125266,1,1,-0.0090052503947255,0.8660254037844387,0,decreasing,1.0,1,1.0,EFNB2
ENSG00000125447,1,1,-0.0108072379546851,0.8660254037844387,0,decreasing,1.0,3,0.3333333333333333,GGA3
ENSG00000125484,1,1,-0.0032026410058534,0.8660254037844387,0,decreasing,1.0,1,1.0,GTF3C4
ENSG00000125485,1,1,-0.0027576406508703,0.8660254037844387,0,decreasing,1.0,1,1.0,DDX31
ENSG00000125656,1,0,0.0147894901652393,0.8660254037844387,1,increasing,1.0,2,0.5,CLPP
ENSG00000125848,1,1,-0.0702461406419051,0.8660254037844387,0,decreasing,1.0,1,1.0,FLRT3
ENSG00000126012,1,0,0.0068420845084208,0.8660254037844387,1,increasing,1.0,1,1.0,KDM5C
ENSG00000126217,1,1,-0.0125012368681068,0.8660254037844387,0,decreasing,1.0,2,0.5,MCF2L
ENSG00000126267,1,1,-0.078199047172507,0.8660254037844387,0,decreasing,1.0,1,1.0,COX6B1
ENSG00000126461,1,1,-0.0145439798601435,0.8660254037844387,0,decreasing,1.0,2,0.5,SCAF1
ENSG00000126768,1,1,-0.002929740949277,0.8660254037844387,0,decreasing,1.0,1,1.0,TIMM17B
ENSG00000127022,1,1,-0.0044065931054364,0.8660254037844387,0,decreasing,1.0,1,1.0,CANX
ENSG00000127249,1,1,-0.0197928815559298,0.8660254037844387,0,decreasing,1.0,3,0.3333333333333333,ATP13A4
ENSG00000127328,1,0,0.0124128857943437,0.8660254037844387,1,increasing,1.0,2,0.5,RAB3IP
ENSG00000127452,1,1,-0.0326623805994816,0.8660254037844387,0,decreasing,1.0,2,0.5,FBXL12
ENSG00000127954,1,1,-0.0012767417717004,0.8660254037844387,0,decreasing,1.0,4,0.25,STEAP4
ENSG00000127955,1,0,0.0202230433060693,0.8660254037844387,1,increasing,1.0,1,1.0,GNAI1
ENSG00000127990,1,1,-0.0021403867047132,0.8660254037844387,0,decreasing,1.0,1,1.0,SGCE
ENSG00000128191,1,1,-0.0229018639484129,0.8660254037844387,0,decreasing,1.0,2,0.5,DGCR8
ENSG00000128487,1,1,-0.0180340274795456,0.8660254037844387,0,decreasing,1.0,2,0.5,SPECC1
ENSG00000128534,1,1,-0.010657575913179,0.8660254037844387,0,decreasing,1.0,2,0.5,LSM8
ENSG00000128641,1,0,0.0196855287600425,0.8660254037844387,1,increasing,1.0,7,0.14285714285714285,MYO1B
ENSG00000128849,1,1,-0.0046369353808499,0.8660254037844387,0,decreasing,1.0,2,0.5,CGNL1
ENSG00000129422,1,0,0.0151740393311334,0.8660254037844387,1,increasing,1.0,3,0.3333333333333333,MTUS1
ENSG00000129467,1,1,-0.0052499380740038,0.8660254037844387,0,decreasing,1.0,1,1.0,ADCY4
ENSG00000129472,1,1,-0.0077866788275372,0.8660254037844387,0,decreasing,1.0,3,0.3333333333333333,RAB2B
ENSG00000129484,1,1,-0.0026596775010998,0.8660254037844387,0,decreasing,1.0,1,1.0,PARP2
ENSG00000129538,1,0,0.0464511376248803,0.8660254037844387,1,increasing,1.0,1,1.0,RNASE1
ENSG00000129691,1,1,-0.0025646022333166,0.8660254037844387,0,decreasing,1.0,2,0.5,ASH2L
ENSG00000129824,1,1,-0.0123751979426163,0.8660254037844387,0,decreasing,1.0,2,0.5,RPS4Y1
ENSG00000130158,1,1,-0.0348430898894077,0.8660254037844387,0,decreasing,1.0,1,1.0,DOCK6
ENSG00000130202,1,1,-0.0039999828840551,0.8660254037844387,0,decreasing,1.0,3,0.3333333333333333,NECTIN2
ENSG00000130208,1,1,-0.0048417041582249,0.8660254037844387,0,decreasing,1.0,6,0.16666666666666666,APOC1
ENSG00000130300,1,1,-0.0060339179300118,0.8660254037844387,0,decreasing,1.0,1,1.0,PLVAP
ENSG00000130511,1,1,-0.0519742289949779,0.8660254037844387,0,decreasing,1.0,2,0.5,SSBP4
ENSG00000130669,1,0,0.0023086392818268,0.8660254037844387,1,increasing,1.0,7,0.14285714285714285,PAK4
ENSG00000130733,1,1,-0.0041313455169063,0.8660254037844387,0,decreasing,1.0,1,1.0,YIPF2
ENSG00000130768,1,1,-0.0041513244727312,0.8660254037844387,0,decreasing,1.0,2,0.5,SMPDL3B
ENSG00000130811,1,1,-0.0012670708413934,0.8660254037844387,0,decreasing,1.0,1,1.0,EIF3G
ENSG00000131096,1,1,-0.0030726789460042,0.8660254037844387,0,decreasing,1.0,1,1.0,PYY
ENSG00000131400,1,0,0.0117431299036885,0.8660254037844387,1,increasing,1.0,1,1.0,NAPSA
ENSG00000131591,1,1,-0.0029649279888537,0.8660254037844387,0,decreasing,1.0,1,1.0,C1orf159
ENSG00000131653,1,1,-0.0012599107418709,0.8660254037844387,0,decreasing,1.0,2,0.5,TRAF7
ENSG00000131773,1,1,-0.0043710666272256,0.8660254037844387,0,decreasing,1.0,2,0.5,KHDRBS3
ENSG00000131941,1,1,-0.0046772384059794,0.8660254037844387,0,decreasing,1.0,1,1.0,RHPN2
ENSG00000132256,1,1,-0.0012548622768325,0.8660254037844387,0,decreasing,1.0,1,1.0,TRIM5
ENSG00000132321,1,1,-0.0030215309158762,0.8660254037844387,0,decreasing,1.0,1,1.0,IQCA1
ENSG00000132436,1,1,-0.0240243580346665,0.8660254037844387,0,decreasing,1.0,2,0.5,FIGNL1
ENSG00000132465,1,1,-0.0037367580473758,0.8660254037844387,0,decreasing,1.0,1,1.0,JCHAIN
ENSG00000132530,1,1,-0.0012901213275087,0.8660254037844387,0,decreasing,1.0,2,0.5,XAF1
ENSG00000132591,1,1,-0.0242330575783552,0.8660254037844387,0,decreasing,1.0,2,0.5,ERAL1
ENSG00000132603,1,1,-0.0018724370016176,0.8660254037844387,0,decreasing,1.0,1,1.0,NIP7
ENSG00000132664,1,1,-0.005989756290259,0.8660254037844387,0,decreasing,1.0,4,0.25,POLR3F
ENSG00000132801,1,1,-0.0037369261098886,0.8660254037844387,0,decreasing,1.0,6,0.16666666666666666,ZSWIM3
ENSG00000132970,1,1,-0.0012317854716407,0.8660254037844387,0,decreasing,1.0,2,0.5,WASF3
ENSG00000133243,1,1,-0.009122257119877,0.8660254037844387,0,decreasing,1.0,1,1.0,BTBD2
ENSG00000133477,1,1,-0.0111062518365508,0.8660254037844387,0,decreasing,1.0,1,1.0,FAM83F
ENSG00000133704,1,1,-0.0199951589653753,0.8660254037844387,0,decreasing,1.0,2,0.5,IPO8
ENSG00000134072,1,1,-0.0012950603281443,0.8660254037844387,0,decreasing,1.0,1,1.0,CAMK1
ENSG00000134138,1,1,-0.0057727324794383,0.8660254037844387,0,decreasing,1.0,1,1.0,MEIS2
ENSG00000134146,1,1,-0.0006680830265195,0.8660254037844387,0,decreasing,1.0,7,0.14285714285714285,DPH6
ENSG00000134240,1,1,-0.0028688451297186,0.8660254037844387,0,decreasing,1.0,1,1.0,HMGCS2
ENSG00000134369,1,0,0.0340782054268375,0.8660254037844387,1,increasing,1.0,15,0.06666666666666667,NAV1
ENSG00000134533,1,1,-0.0141489296531913,0.8660254037844387,0,decreasing,1.0,1,1.0,RERG
ENSG00000134871,1,1,-0.0029232066296663,0.8660254037844387,0,decreasing,1.0,2,0.5,COL4A2
ENSG00000135063,1,1,-0.0056468858459054,0.8660254037844387,0,decreasing,1.0,1,1.0,FAM189A2
ENSG00000135111,1,1,-0.0088268496717447,0.8660254037844387,0,decreasing,1.0,1,1.0,TBX3
ENSG00000135314,1,1,-0.0056176204975129,0.8660254037844387,0,decreasing,1.0,1,1.0,KHDC1
ENSG00000135338,1,1,-0.001280037186729,0.8660254037844387,0,decreasing,1.0,2,0.5,LCA5
ENSG00000135480,1,0,0.1002983545647548,0.8660254037844387,1,increasing,1.0,3,0.3333333333333333,KRT7
ENSG00000135697,1,1,-0.0075180255482403,0.8660254037844387,0,decreasing,1.0,1,1.0,BCO1
ENSG00000136010,1,1,-0.0121455993660813,0.8660254037844387,0,decreasing,1.0,1,1.0,ALDH1L2
ENSG00000136014,1,1,-0.0046786596167362,0.8660254037844387,0,decreasing,1.0,2,0.5,USP44
ENSG00000136114,1,0,0.0363415411434462,0.8660254037844387,1,increasing,1.0,1,1.0,THSD1
ENSG00000136156,1,0,0.0545575661835849,0.8660254037844387,1,increasing,1.0,1,1.0,ITM2B
ENSG00000136161,1,1,-0.0012415537460696,0.8660254037844387,0,decreasing,1.0,1,1.0,RCBTB2
ENSG00000136197,1,1,-0.0028476707175201,0.8660254037844387,0,decreasing,1.0,1,1.0,C7orf25
ENSG00000136504,1,1,-0.007805974583487,0.8660254037844387,0,decreasing,1.0,1,1.0,KAT7
ENSG00000136518,1,1,-0.0231250537767965,0.8660254037844387,0,decreasing,1.0,1,1.0,ACTL6A
ENSG00000136521,1,1,-0.0081243117192111,0.8660254037844387,0,decreasing,1.0,1,1.0,NDUFB5
ENSG00000136546,1,1,-0.0416189190123202,0.8660254037844387,0,decreasing,1.0,1,1.0,SCN7A
ENSG00000136628,1,1,-0.0075788163392157,0.8660254037844387,0,decreasing,1.0,1,1.0,EPRS1
ENSG00000136715,1,1,-0.0181606713352814,0.8660254037844387,0,decreasing,1.0,1,1.0,SAP130
ENSG00000136717,1,1,-0.0072452563454792,0.8660254037844387,0,decreasing,1.0,1,1.0,BIN1
ENSG00000136783,1,0,0.1194130054261438,0.8660254037844387,1,increasing,1.0,1,1.0,NIPSNAP3A
ENSG00000136828,1,0,0.0044740182091249,0.8660254037844387,1,increasing,1.0,2,0.5,RALGPS1
ENSG00000136842,1,1,-0.0048512473209338,0.8660254037844387,0,decreasing,1.0,1,1.0,TMOD1
ENSG00000136848,1,1,-0.0222794090341424,0.8660254037844387,0,decreasing,1.0,1,1.0,DAB2IP
ENSG00000136925,1,1,-0.002521719074088,0.8660254037844387,0,decreasing,1.0,1,1.0,TSTD2
ENSG00000136933,1,1,-0.0036836354385287,0.8660254037844387,0,decreasing,1.0,1,1.0,RABEPK
ENSG00000136937,1,1,-0.0091181325126629,0.8660254037844387,0,decreasing,1.0,1,1.0,NCBP1
ENSG00000137103,1,1,-0.0086635695954263,0.8660254037844387,0,decreasing,1.0,1,1.0,TMEM8B
ENSG00000137106,1,1,-0.0033026287845324,0.8660254037844387,0,decreasing,1.0,6,0.16666666666666666,GRHPR
ENSG00000137185,1,0,0.0085266556486072,0.8660254037844387,1,increasing,1.0,1,1.0,ZSCAN9
ENSG00000137338,1,1,-0.0077830866254669,0.8660254037844387,0,decreasing,1.0,1,1.0,PGBD1
ENSG00000137441,1,1,-0.0132075860121647,0.8660254037844387,0,decreasing,1.0,1,1.0,FGFBP2
ENSG00000137714,1,1,-0.0024535622624442,0.8660254037844387,0,decreasing,1.0,4,0.25,FDX1
ENSG00000137822,1,1,-0.0060369817035829,0.8660254037844387,0,decreasing,1.0,2,0.5,TUBGCP4
ENSG00000137876,1,1,-0.0120975816693063,0.8660254037844387,0,decreasing,1.0,1,1.0,RSL24D1
ENSG00000137941,1,1,-0.0075113023266142,0.8660254037844387,0,decreasing,1.0,1,1.0,TTLL7
ENSG00000137942,1,1,-0.0029303262520264,0.8660254037844387,0,decreasing,1.0,3,0.3333333333333333,FNBP1L
ENSG00000138193,1,0,0.0130290148029172,0.8660254037844387,1,increasing,1.0,1,1.0,PLCE1
ENSG00000138316,1,1,-0.0046217548596387,0.8660254037844387,0,decreasing,1.0,1,1.0,ADAMTS14
ENSG00000138411,1,0,0.0024579819144836,0.8660254037844387,1,increasing,1.0,2,0.5,HECW2
ENSG00000138439,1,1,-0.002577179862959,0.8660254037844387,0,decreasing,1.0,2,0.5,FAM117B
ENSG00000138663,1,1,-0.0058437246937668,0.8660254037844387,0,decreasing,1.0,6,0.16666666666666666,COPS4
ENSG00000138778,1,1,-0.028431862739125,0.8660254037844387,0,decreasing,1.0,1,1.0,CENPE
ENSG00000138780,1,1,-0.0024990511291739,0.8660254037844387,0,decreasing,1.0,1,1.0,GSTCD
ENSG00000138867,1,1,-0.0030742078279714,0.8660254037844387,0,decreasing,1.0,1,1.0,GUCD1
ENSG00000139173,1,1,-0.0126212111120353,0.8660254037844387,0,decreasing,1.0,2,0.5,TMEM117
ENSG00000139352,1,1,-0.0174548519145826,0.8660254037844387,0,decreasing,1.0,1,1.0,ASCL1
ENSG00000139537,1,1,-0.0073849415781774,0.8660254037844387,0,decreasing,1.0,1,1.0,CCDC65
ENSG00000139734,1,1,-0.008904714267971,0.8660254037844387,0,decreasing,1.0,1,1.0,DIAPH3
ENSG00000140009,1,1,-0.0037362192973873,0.8660254037844387,0,decreasing,1.0,2,0.5,ESR2
ENSG00000140022,1,1,-0.0207741569054242,0.8660254037844387,0,decreasing,1.0,1,1.0,STON2
ENSG00000140043,1,0,0.0085228380814722,0.8660254037844387,1,increasing,1.0,1,1.0,PTGR2
ENSG00000140157,1,1,-0.0028778259517065,0.8660254037844387,0,decreasing,1.0,6,0.16666666666666666,NIPA2
ENSG00000140299,1,1,-0.0085403753550858,0.8660254037844387,0,decreasing,1.0,9,0.1111111111111111,BNIP2
ENSG00000140416,1,1,-0.0476555671846381,0.8660254037844387,0,decreasing,1.0,1,1.0,TPM1
ENSG00000141441,1,1,-0.0081154202710348,0.8660254037844387,0,decreasing,1.0,2,0.5,GAREM1
ENSG00000141510,1,1,-0.0077047365677353,0.8660254037844387,0,decreasing,1.0,4,0.25,TP53
ENSG00000141556,1,1,-0.00302851893125,0.8660254037844387,0,decreasing,1.0,1,1.0,TBCD
ENSG00000141569,1,0,0.0150535852811139,0.8660254037844387,1,increasing,1.0,1,1.0,TRIM65
ENSG00000141644,1,1,-0.002881742516067,0.8660254037844387,0,decreasing,1.0,1,1.0,MBD1
ENSG00000141985,1,1,-0.0011881146181895,0.8660254037844387,0,decreasing,1.0,7,0.14285714285714285,SH3GL1
ENSG00000142149,1,0,0.0043840485304139,0.8660254037844387,1,increasing,1.0,1,1.0,HUNK
ENSG00000142207,1,1,-0.0059276911270177,0.8660254037844387,0,decreasing,1.0,2,0.5,URB1
ENSG00000142273,1,1,-0.0131805988171584,0.8660254037844387,0,decreasing,1.0,1,1.0,CBLC
ENSG00000142459,1,1,-0.0095272527803843,0.8660254037844387,0,decreasing,1.0,1,1.0,EVI5L
ENSG00000142507,1,1,-0.0953807945735031,0.8660254037844387,0,decreasing,1.0,1,1.0,PSMB6
ENSG00000142556,1,1,-0.0600856899093747,0.8660254037844387,0,decreasing,1.0,1,1.0,ZNF614
ENSG00000142634,1,0,0.0063394658350523,0.8660254037844387,1,increasing,1.0,3,0.3333333333333333,EFHD2
ENSG00000142798,1,1,-0.0030272025604264,0.8660254037844387,0,decreasing,1.0,2,0.5,HSPG2
ENSG00000142949,1,0,0.0283802626324088,0.8660254037844387,1,increasing,1.0,2,0.5,PTPRF
ENSG00000142973,1,1,-0.0029979271946531,0.8660254037844387,0,decreasing,1.0,1,1.0,CYP4B1
ENSG00000143067,1,1,-0.0038859850015954,0.8660254037844387,0,decreasing,1.0,1,1.0,ZNF697
ENSG00000143127,1,0,0.0043323920975853,0.8660254037844387,1,increasing,1.0,1,1.0,ITGA10
ENSG00000143333,1,1,-0.0173318329307728,0.8660254037844387,0,decreasing,1.0,1,1.0,RGS16
ENSG00000143353,1,1,-0.0117972279022022,0.8660254037844387,0,decreasing,1.0,1,1.0,LYPLAL1
ENSG00000143374,1,1,-0.0119170629211282,0.8660254037844387,0,decreasing,1.0,2,0.5,TARS2
ENSG00000143375,1,1,-0.019199034263843,0.8660254037844387,0,decreasing,1.0,3,0.3333333333333333,CGN
ENSG00000143409,1,0,0.0062110737423673,0.8660254037844387,1,increasing,1.0,1,1.0,MINDY1
ENSG00000143479,1,1,-0.0047546530387138,0.8660254037844387,0,decreasing,1.0,2,0.5,DYRK3
ENSG00000143603,1,1,-0.013116914887749,0.8660254037844387,0,decreasing,1.0,6,0.16666666666666666,KCNN3
ENSG00000143819,1,0,0.0023824574343124,0.8660254037844387,1,increasing,1.0,1,1.0,EPHX1
ENSG00000143851,1,1,-0.0132372247180383,0.8660254037844387,0,decreasing,1.0,1,1.0,PTPN7
ENSG00000144331,1,0,0.0114162006414919,0.8660254037844387,1,increasing,1.0,2,0.5,ZNF385B
ENSG00000144642,1,1,-0.0048894809522166,0.8660254037844387,0,decreasing,1.0,1,1.0,RBMS3
ENSG00000144655,1,1,-0.0195028038121755,0.8660254037844387,0,decreasing,1.0,1,1.0,CSRNP1
ENSG00000144668,1,1,-0.0056182577247794,0.8660254037844387,0,decreasing,1.0,1,1.0,ITGA9
ENSG00000144802,1,1,-0.011051753300408,0.8660254037844387,0,decreasing,1.0,6,0.16666666666666666,NFKBIZ
ENSG00000144810,1,1,-0.0048157727438004,0.8660254037844387,0,decreasing,1.0,2,0.5,COL8A1
ENSG00000144827,1,1,-0.0073871902049429,0.8660254037844387,0,decreasing,1.0,2,0.5,ABHD10
ENSG00000145014,1,1,-0.0090365954975207,0.8660254037844387,0,decreasing,1.0,2,0.5,TMEM44
ENSG00000145147,1,1,-0.0121061448208323,0.8660254037844387,0,decreasing,1.0,2,0.5,SLIT2
ENSG00000145247,1,1,-0.0202035425534599,0.8660254037844387,0,decreasing,1.0,1,1.0,OCIAD2
ENSG00000145284,1,1,-0.0024839280664868,0.8660254037844387,0,decreasing,1.0,1,1.0,SCD5
ENSG00000145362,1,0,0.0069348061073463,0.8660254037844387,1,increasing,1.0,1,1.0,ANK2
ENSG00000145388,1,1,-0.0044048401957977,0.8660254037844387,0,decreasing,1.0,1,1.0,METTL14
ENSG00000145428,1,1,-0.007617897680818,0.8660254037844387,0,decreasing,1.0,1,1.0,RNF175
ENSG00000145431,1,1,-0.0058241675967212,0.8660254037844387,0,decreasing,1.0,6,0.16666666666666666,PDGFC
ENSG00000145649,1,1,-0.0041857873201176,0.8660254037844387,0,decreasing,1.0,3,0.3333333333333333,GZMA
ENSG00000145912,1,1,-0.0164395273684663,0.8660254037844387,0,decreasing,1.0,1,1.0,NHP2
ENSG00000146038,1,1,-0.0037851930718551,0.8660254037844387,0,decreasing,1.0,1,1.0,DCDC2
ENSG00000146281,1,0,0.0138325341109658,0.8660254037844387,1,increasing,1.0,1,1.0,PM20D2
ENSG00000146373,1,1,-0.0111730289269646,0.8660254037844387,0,decreasing,1.0,3,0.3333333333333333,RNF217
ENSG00000146555,1,1,-0.0027565520874967,0.8660254037844387,0,decreasing,1.0,2,0.5,SDK1
ENSG00000146576,1,1,-0.0052198584748255,0.8660254037844387,0,decreasing,1.0,1,1.0,C7orf26
ENSG00000146670,1,1,-0.0041756438153992,0.8660254037844387,0,decreasing,1.0,1,1.0,CDCA5
ENSG00000146828,1,0,0.0083822188719472,0.8660254037844387,1,increasing,1.0,1,1.0,SLC12A9
ENSG00000146830,1,0,0.0365854871352222,0.8660254037844387,1,increasing,1.0,1,1.0,GIGYF1
ENSG00000147121,1,1,-0.003002762037787,0.8660254037844387,0,decreasing,1.0,1,1.0,KRBOX4
ENSG00000147255,1,1,-0.004257151714754,0.8660254037844387,0,decreasing,1.0,1,1.0,IGSF1
ENSG00000147364,1,1,-0.0012610339191791,0.8660254037844387,0,decreasing,1.0,2,0.5,FBXO25
ENSG00000147471,1,1,-0.0303155621503622,0.8660254037844387,0,decreasing,1.0,2,0.5,PLPBP
ENSG00000147535,1,1,-0.0029577662101005,0.8660254037844387,0,decreasing,1.0,1,1.0,PLPP5
ENSG00000147689,1,1,-0.0462931065017762,0.8660254037844387,0,decreasing,1.0,1,1.0,FAM83A
ENSG00000147883,1,0,0.0082721601100866,0.8660254037844387,1,increasing,1.0,1,1.0,CDKN2B
ENSG00000148082,1,0,0.0088091883817593,0.8660254037844387,1,increasing,1.0,1,1.0,SHC3
ENSG00000148123,1,1,-0.0456089156238927,0.8660254037844387,0,decreasing,1.0,1,1.0,PLPPR1
ENSG00000148143,1,1,-0.0120879750504139,0.8660254037844387,0,decreasing,1.0,2,0.5,ZNF462
ENSG00000148218,1,1,-0.0045806438944981,0.8660254037844387,0,decreasing,1.0,7,0.14285714285714285,ALAD
ENSG00000148229,1,1,-0.006128269515401,0.8660254037844387,0,decreasing,1.0,1,1.0,POLE3
ENSG00000148291,1,0,0.0068855823316105,0.8660254037844387,1,increasing,1.0,2,0.5,SURF2
ENSG00000148337,1,1,-0.0121457489980009,0.8660254037844387,0,decreasing,1.0,1,1.0,CIZ1
ENSG00000148396,1,0,0.0017275968871553,0.8660254037844387,1,increasing,1.0,2,0.5,SEC16A
ENSG00000148400,1,1,-0.005626350045005,0.8660254037844387,0,decreasing,1.0,2,0.5,NOTCH1
ENSG00000148411,1,0,0.0440993652450141,0.8660254037844387,1,increasing,1.0,2,0.5,NACC2
ENSG00000148444,1,1,-0.0016836810418332,0.8660254037844387,0,decreasing,1.0,2,0.5,COMMD3
ENSG00000148481,1,1,-0.0012103497055403,0.8660254037844387,0,decreasing,1.0,1,1.0,MINDY3
ENSG00000148677,1,1,-0.0012553786304605,0.8660254037844387,0,decreasing,1.0,1,1.0,ANKRD1
ENSG00000148834,1,1,-0.0140971692420125,0.8660254037844387,0,decreasing,1.0,7,0.14285714285714285,GSTO1
ENSG00000149115,1,1,-0.0483868378593527,0.8660254037844387,0,decreasing,1.0,1,1.0,TNKS1BP1
ENSG00000149256,1,1,-0.0626970804512972,0.8660254037844387,0,decreasing,1.0,1,1.0,TENM4
ENSG00000149380,1,1,-0.0012433264626596,0.8660254037844387,0,decreasing,1.0,2,0.5,P4HA3
ENSG00000149480,1,1,-0.0108961603623337,0.8660254037844387,0,decreasing,1.0,1,1.0,MTA2
ENSG00000149591,1,0,0.0171155956624845,0.8660254037844387,1,increasing,1.0,1,1.0,TAGLN
ENSG00000149782,1,1,-0.004387731914358,0.8660254037844387,0,decreasing,1.0,1,1.0,PLCB3
ENSG00000149929,1,1,-0.0116842241613072,0.8660254037844387,0,decreasing,1.0,2,0.5,HIRIP3
ENSG00000150316,1,0,0.0137559597124603,0.8660254037844387,1,increasing,1.0,2,0.5,CWC15
ENSG00000150477,1,0,0.0071069760420135,0.8660254037844387,1,increasing,1.0,3,0.3333333333333333,KIAA1328
ENSG00000150687,1,1,-0.0012745583978446,0.8660254037844387,0,decreasing,1.0,1,1.0,PRSS23
ENSG00000150787,1,1,-0.0012845377626906,0.8660254037844387,0,decreasing,1.0,16,0.0625,PTS
ENSG00000150967,1,1,-0.0636073959621299,0.8660254037844387,0,decreasing,1.0,1,1.0,ABCB9
ENSG00000150990,1,1,-0.0041513244727312,0.8660254037844387,0,decreasing,1.0,1,1.0,DHX37
ENSG00000151062,1,1,-0.0581331295016348,0.8660254037844387,0,decreasing,1.0,1,1.0,CACNA2D4
ENSG00000151240,1,1,-0.0031748288387306,0.8660254037844387,0,decreasing,1.0,1,1.0,DIP2C
ENSG00000151322,1,1,-0.0351010393213053,0.8660254037844387,0,decreasing,1.0,1,1.0,NPAS3
ENSG00000151327,1,0,0.04755259810809,0.8660254037844387,1,increasing,1.0,3,0.3333333333333333,FAM177A1
ENSG00000151458,1,1,-0.0043139493176717,0.8660254037844387,0,decreasing,1.0,3,0.3333333333333333,ANKRD50
ENSG00000151687,1,1,-0.0313137371956623,0.8660254037844387,0,decreasing,1.0,1,1.0,ANKAR
ENSG00000151773,1,0,0.0224148352620636,0.8660254037844387,1,increasing,1.0,1,1.0,CCDC122
ENSG00000152049,1,1,-0.0048407161890145,0.8660254037844387,0,decreasing,1.0,1,1.0,KCNE4
ENSG00000152104,1,1,-0.0244141116263797,0.8660254037844387,0,decreasing,1.0,1,1.0,PTPN14
ENSG00000152193,1,1,-0.0043339014320298,0.8660254037844387,0,decreasing,1.0,2,0.5,OBI1
ENSG00000152217,1,1,-0.0012210811802594,0.8660254037844387,0,decreasing,1.0,1,1.0,SETBP1
ENSG00000152240,1,0,0.0396489942231502,0.8660254037844387,1,increasing,1.0,1,1.0,HAUS1
ENSG00000152256,1,1,-0.0188807324499307,0.8660254037844387,0,decreasing,1.0,1,1.0,PDK1
ENSG00000152503,1,1,-0.0307860254213452,0.8660254037844387,0,decreasing,1.0,1,1.0,TRIM36
ENSG00000152527,1,1,-0.0157653915168858,0.8660254037844387,0,decreasing,1.0,1,1.0,PLEKHH2
ENSG00000152689,1,0,0.0044430484799762,0.8660254037844387,1,increasing,1.0,2,0.5,RASGRP3
ENSG00000152760,1,1,-0.0110167611306524,0.8660254037844387,0,decreasing,1.0,1,1.0,TCTEX1D1
ENSG00000152894,1,1,-0.0044013081062558,0.8660254037844387,0,decreasing,1.0,2,0.5,PTPRK
ENSG00000153132,1,1,-0.0125508023207024,0.8660254037844387,0,decreasing,1.0,1,1.0,CLGN
ENSG00000153253,1,1,-0.0041971982285031,0.8660254037844387,0,decreasing,1.0,1,1.0,SCN3A
ENSG00000153404,1,1,-0.0817818816584076,0.8660254037844387,0,decreasing,1.0,1,1.0,PLEKHG4B
ENSG00000153714,1,1,-0.0017894803196527,0.8660254037844387,0,decreasing,1.0,1,1.0,LURAP1L
ENSG00000154240,1,0,0.008719674074301,0.8660254037844387,1,increasing,1.0,1,1.0,CEP112
ENSG00000154556,1,1,-0.0037255230260946,0.8660254037844387,0,decreasing,1.0,3,0.3333333333333333,SORBS2
ENSG00000154727,1,1,-0.0006009417957123,0.8660254037844387,0,decreasing,1.0,1,1.0,GABPA
ENSG00000155026,1,1,-0.0025014315505395,0.8660254037844387,0,decreasing,1.0,1,1.0,RSPH10B
ENSG00000155093,1,1,-0.002295229761238,0.8660254037844387,0,decreasing,1.0,1,1.0,PTPRN2
ENSG00000155363,1,1,-0.0025583588599852,0.8660254037844387,0,decreasing,1.0,1,1.0,MOV10
ENSG00000155660,1,0,0.0105612622740415,0.8660254037844387,1,increasing,1.0,1,1.0,PDIA4
ENSG00000155792,1,1,-0.0082939565818798,0.8660254037844387,0,decreasing,1.0,2,0.5,DEPTOR
ENSG00000155850,1,0,0.0234458418954829,0.8660254037844387,1,increasing,1.0,2,0.5,SLC26A2
ENSG00000155893,1,1,-0.0029120783826803,0.8660254037844387,0,decreasing,1.0,2,0.5,PXYLP1
ENSG00000155897,1,1,-0.0378272620370794,0.8660254037844387,0,decreasing,1.0,1,1.0,ADCY8
ENSG00000156469,1,1,-0.0013012045847916,0.8660254037844387,0,decreasing,1.0,1,1.0,MTERF3
ENSG00000156510,1,0,0.0106549375843323,0.8660254037844387,1,increasing,1.0,1,1.0,HKDC1
ENSG00000156959,1,1,-0.0059489715016707,0.8660254037844387,0,decreasing,1.0,3,0.3333333333333333,LHFPL4
ENSG00000156983,1,1,-0.0122195732626577,0.8660254037844387,0,decreasing,1.0,1,1.0,BRPF1
ENSG00000157036,1,1,-0.0232779987201166,0.8660254037844387,0,decreasing,1.0,1,1.0,EXOG
ENSG00000157168,1,1,-0.0181666837938088,0.8660254037844387,0,decreasing,1.0,1,1.0,NRG1
ENSG00000157193,1,1,-0.0109864487117721,0.8660254037844387,0,decreasing,1.0,1,1.0,LRP8
ENSG00000157240,1,1,-0.0081090893333536,0.8660254037844387,0,decreasing,1.0,1,1.0,FZD1
ENSG00000157388,1,1,-0.0043017863124349,0.8660254037844387,0,decreasing,1.0,1,1.0,CACNA1D
ENSG00000157399,1,1,-0.0042841302626544,0.8660254037844387,0,decreasing,1.0,1,1.0,ARSL
ENSG00000157557,1,1,-0.003761492677967,0.8660254037844387,0,decreasing,1.0,3,0.3333333333333333,ETS2
ENSG00000157613,1,0,0.0678553664388744,0.8660254037844387,1,increasing,1.0,1,1.0,CREB3L1
ENSG00000157654,1,1,-0.002902718570207,0.8660254037844387,0,decreasing,1.0,8,0.125,PALM2AKAP2
ENSG00000157765,1,1,-0.003287359629439,0.8660254037844387,0,decreasing,1.0,2,0.5,SLC34A2
ENSG00000157985,1,0,0.0022826278375211,0.8660254037844387,1,increasing,1.0,3,0.3333333333333333,AGAP1
ENSG00000158296,1,1,-0.0111558384232547,0.8660254037844387,0,decreasing,1.0,1,1.0,SLC13A3
ENSG00000158428,1,1,-0.0019395576173401,0.8660254037844387,0,decreasing,1.0,1,1.0,CATIP
ENSG00000158528,1,0,0.0044858230668142,0.8660254037844387,1,increasing,1.0,2,0.5,PPP1R9A
ENSG00000158552,1,1,-0.0024643039638042,0.8660254037844387,0,decreasing,1.0,1,1.0,ZFAND2B
ENSG00000158710,1,1,-0.0012915916757845,0.8660254037844387,0,decreasing,1.0,1,1.0,TAGLN2
ENSG00000158769,1,1,-0.0030066834177752,0.8660254037844387,0,decreasing,1.0,1,1.0,F11R
ENSG00000158793,1,0,0.0084616557359682,0.8660254037844387,1,increasing,1.0,3,0.3333333333333333,NIT1
ENSG00000158874,1,1,-0.0102204012851686,0.8660254037844387,0,decreasing,1.0,1,1.0,APOA2
ENSG00000159111,1,0,0.0528008530570001,0.8660254037844387,1,increasing,1.0,1,1.0,MRPL10
ENSG00000159147,1,0,0.034389974278657,0.8660254037844387,1,increasing,1.0,2,0.5,DONSON
ENSG00000159200,1,1,-0.0059932067717078,0.8660254037844387,0,decreasing,1.0,2,0.5,RCAN1
ENSG00000159210,1,1,-0.0025190795872342,0.8660254037844387,0,decreasing,1.0,1,1.0,SNF8
ENSG00000159348,1,0,0.014217653369665,0.8660254037844387,1,increasing,1.0,1,1.0,CYB5R1
ENSG00000159409,1,1,-0.0103121164600708,0.8660254037844387,0,decreasing,1.0,1,1.0,CELF3
ENSG00000159479,1,1,-0.0089289203229381,0.8660254037844387,0,decreasing,1.0,1,1.0,MED8
ENSG00000160007,1,1,-0.008918921718664,0.8660254037844387,0,decreasing,1.0,3,0.3333333333333333,ARHGAP35
ENSG00000160113,1,1,-0.0029739204852557,0.8660254037844387,0,decreasing,1.0,1,1.0,NR2F6
ENSG00000160124,1,1,-0.0090187715852919,0.8660254037844387,0,decreasing,1.0,1,1.0,CCDC58
ENSG00000160229,1,1,-0.0219390566490867,0.8660254037844387,0,decreasing,1.0,1,1.0,ZNF66
ENSG00000160294,1,0,0.0074637762432759,0.8660254037844387,1,increasing,1.0,4,0.25,MCM3AP
ENSG00000160593,1,1,-0.009119017073548,0.8660254037844387,0,decreasing,1.0,3,0.3333333333333333,JAML
ENSG00000160688,1,0,0.0148378438610058,0.8660254037844387,1,increasing,1.0,1,1.0,FLAD1
ENSG00000160703,1,1,-0.0276739223892089,0.8660254037844387,0,decreasing,1.0,1,1.0,NLRX1
ENSG00000160767,1,1,-0.0104518339145657,0.8660254037844387,0,decreasing,1.0,1,1.0,FAM189B
ENSG00000160791,1,1,-0.0138030451714569,0.8660254037844387,0,decreasing,1.0,1,1.0,CCR5
ENSG00000160796,1,1,-0.0024599594191849,0.8660254037844387,0,decreasing,1.0,1,1.0,NBEAL2
ENSG00000160867,1,1,-0.02319276759317,0.8660254037844387,0,decreasing,1.0,1,1.0,FGFR4
ENSG00000160961,1,1,-0.0012699813342045,0.8660254037844387,0,decreasing,1.0,6,0.16666666666666666,ZNF333
ENSG00000160993,1,0,0.0022196899492178,0.8660254037844387,1,increasing,1.0,1,1.0,ALKBH4
ENSG00000161048,1,1,-0.0073812156015648,0.8660254037844387,0,decreasing,1.0,2,0.5,NAPEPLD
ENSG00000161647,1,0,0.0054373682842925,0.8660254037844387,1,increasing,1.0,2,0.5,MPP3
ENSG00000162069,1,0,0.0372236062188292,0.8660254037844387,1,increasing,1.0,2,0.5,BICDL2
ENSG00000162144,1,1,-0.0109838728520229,0.8660254037844387,0,decreasing,1.0,1,1.0,CYB561A3
ENSG00000162174,1,1,-0.0058646562179288,0.8660254037844387,0,decreasing,1.0,4,0.25,ASRGL1
ENSG00000162227,1,0,0.0432213684701993,0.8660254037844387,1,increasing,1.0,1,1.0,TAF6L
ENSG00000162231,1,1,-0.0029315756566315,0.8660254037844387,0,decreasing,1.0,1,1.0,NXF1
ENSG00000162409,1,0,0.0091017101258289,0.8660254037844387,1,increasing,1.0,1,1.0,PRKAA2
ENSG00000162493,1,1,-0.0047990278656237,0.8660254037844387,0,decreasing,1.0,1,1.0,PDPN
ENSG00000162512,1,1,-0.0112546679350904,0.8660254037844387,0,decreasing,1.0,1,1.0,SDC3
ENSG00000162522,1,0,0.0049964420057856,0.8660254037844387,1,increasing,1.0,1,1.0,KIAA1522
ENSG00000162614,1,1,-0.0028132433794859,0.8660254037844387,0,decreasing,1.0,2,0.5,NEXN
ENSG00000162777,1,1,-0.0012120386416666,0.8660254037844387,0,decreasing,1.0,1,1.0,DENND2D
ENSG00000162892,1,1,-0.0533085770978102,0.8660254037844387,0,decreasing,1.0,1,1.0,IL24
ENSG00000163026,1,1,-0.020840451039395,0.8660254037844387,0,decreasing,1.0,1,1.0,WDCP
ENSG00000163069,1,1,-0.0027863716477137,0.8660254037844387,0,decreasing,1.0,2,0.5,SGCB
ENSG00000163075,1,1,-0.0030864324992118,0.8660254037844387,0,decreasing,1.0,1,1.0,CFAP221
ENSG00000163156,1,1,-0.0028806909240778,0.8660254037844387,0,decreasing,1.0,1,1.0,SCNM1
ENSG00000163235,1,1,-0.0028093695111042,0.8660254037844387,0,decreasing,1.0,6,0.16666666666666666,TGFA
ENSG00000163239,1,0,0.0111590084860192,0.8660254037844387,1,increasing,1.0,1,1.0,TDRD10
ENSG00000163406,1,1,-0.016354142351739,0.8660254037844387,0,decreasing,1.0,2,0.5,SLC15A2
ENSG00000163444,1,1,-0.0209148590787937,0.8660254037844387,0,decreasing,1.0,1,1.0,TMEM183A
ENSG00000163519,1,1,-0.0012865694138951,0.8660254037844387,0,decreasing,1.0,1,1.0,TRAT1
ENSG00000163535,1,0,0.0156528830297469,0.8660254037844387,1,increasing,1.0,1,1.0,SGO2
ENSG00000163545,1,1,-0.0077843182799314,0.8660254037844387,0,decreasing,1.0,1,1.0,NUAK2
ENSG00000163596,1,1,-0.0025136679520897,0.8660254037844387,0,decreasing,1.0,2,0.5,ICA1L
ENSG00000163626,1,0,0.0410349187477163,0.8660254037844387,1,increasing,1.0,2,0.5,COX18
ENSG00000163660,1,1,-0.0075064600317557,0.8660254037844387,0,decreasing,1.0,2,0.5,CCNL1
ENSG00000163820,1,1,-0.0057060086364678,0.8660254037844387,0,decreasing,1.0,3,0.3333333333333333,FYCO1
ENSG00000163866,1,1,-0.0177425818566258,0.8660254037844387,0,decreasing,1.0,1,1.0,SMIM12
ENSG00000163898,1,1,-0.0315728334122477,0.8660254037844387,0,decreasing,1.0,1,1.0,LIPH
ENSG00000163956,1,1,-0.0029671693416991,0.8660254037844387,0,decreasing,1.0,2,0.5,LRPAP1
ENSG00000163993,1,1,-0.0138742319233057,0.8660254037844387,0,decreasing,1.0,1,1.0,S100P
ENSG00000164008,1,1,-0.0040705839130243,0.8660254037844387,0,decreasing,1.0,2,0.5,C1orf50
ENSG00000164038,1,0,0.0056125840055447,0.8660254037844387,1,increasing,1.0,1,1.0,SLC9B2
ENSG00000164062,1,1,-0.0101387067304963,0.8660254037844387,0,decreasing,1.0,1,1.0,APEH
ENSG00000164080,1,1,-0.009018465225495,0.8660254037844387,0,decreasing,1.0,3,0.3333333333333333,RAD54L2
ENSG00000164093,1,1,-0.0037118727171959,0.8660254037844387,0,decreasing,1.0,1,1.0,PITX2
ENSG00000164099,1,1,-0.0025192186769428,0.8660254037844387,0,decreasing,1.0,6,0.16666666666666666,PRSS12
ENSG00000164116,1,1,-0.0029723833723547,0.8660254037844387,0,decreasing,1.0,1,1.0,GUCY1A1
ENSG00000164161,1,1,-0.0084640274710139,0.8660254037844387,0,decreasing,1.0,1,1.0,HHIP
ENSG00000164167,1,1,-0.0030054774340076,0.8660254037844387,0,decreasing,1.0,1,1.0,LSM6
ENSG00000164171,1,0,0.0332086087977815,0.8660254037844387,1,increasing,1.0,1,1.0,ITGA2
ENSG00000164176,1,1,-0.0029337080208404,0.8660254037844387,0,decreasing,1.0,1,1.0,EDIL3
ENSG00000164283,1,1,-0.0143070884099221,0.8660254037844387,0,decreasing,1.0,1,1.0,ESM1
ENSG00000164296,1,0,0.0297540978311117,0.8660254037844387,1,increasing,1.0,1,1.0,TIGD6
ENSG00000164330,1,1,-0.0026782278036411,0.8660254037844387,0,decreasing,1.0,1,1.0,EBF1
ENSG00000164342,1,1,-0.0270121504688441,0.8660254037844387,0,decreasing,1.0,1,1.0,TLR3
ENSG00000164611,1,1,-0.0107882325736168,0.8660254037844387,0,decreasing,1.0,1,1.0,PTTG1
ENSG00000164631,1,1,-0.0028709796860049,0.8660254037844387,0,decreasing,1.0,3,0.3333333333333333,ZNF12
ENSG00000164695,1,1,-0.0168977561876051,0.8660254037844387,0,decreasing,1.0,1,1.0,CHMP4C
ENSG00000164733,1,1,-0.0025459998672819,0.8660254037844387,0,decreasing,1.0,3,0.3333333333333333,CTSB
ENSG00000164764,1,1,-0.005063763034257,0.8660254037844387,0,decreasing,1.0,1,1.0,SBSPON
ENSG00000164823,1,1,-0.0234044840667187,0.8660254037844387,0,decreasing,1.0,6,0.16666666666666666,OSGIN2
ENSG00000164828,1,1,-0.0153766950668962,0.8660254037844387,0,decreasing,1.0,2,0.5,SUN1
ENSG00000164879,1,0,0.0047101349162125,0.8660254037844387,1,increasing,1.0,1,1.0,CA3
ENSG00000164919,1,1,-0.0027623943632402,0.8660254037844387,0,decreasing,1.0,2,0.5,COX6C
ENSG00000164932,1,1,-0.0021166547977337,0.8660254037844387,0,decreasing,1.0,1,1.0,CTHRC1
ENSG00000164951,1,1,-0.0030136733194452,0.8660254037844387,0,decreasing,1.0,1,1.0,PDP1
ENSG00000165092,1,1,-0.0130417564338358,0.8660254037844387,0,decreasing,1.0,1,1.0,ALDH1A1
ENSG00000165188,1,1,-0.0144799458187659,0.8660254037844387,0,decreasing,1.0,1,1.0,RNF183
ENSG00000165259,1,1,-0.0037694357982444,0.8660254037844387,0,decreasing,1.0,1,1.0,HDX
ENSG00000165424,1,1,-0.0029468586577636,0.8660254037844387,0,decreasing,1.0,3,0.3333333333333333,ZCCHC24
ENSG00000165480,1,0,0.0069630100895728,0.8660254037844387,1,increasing,1.0,1,1.0,SKA3
ENSG00000165731,1,1,-0.0230724834989838,0.8660254037844387,0,decreasing,1.0,1,1.0,RET
ENSG00000165895,1,1,-0.0167240814320928,0.8660254037844387,0,decreasing,1.0,1,1.0,ARHGAP42
ENSG00000165915,1,1,-0.0293476344141903,0.8660254037844387,0,decreasing,1.0,1,1.0,SLC39A13
ENSG00000166086,1,1,-0.0674370944160986,0.8660254037844387,0,decreasing,1.0,1,1.0,JAM3
ENSG00000166106,1,1,-0.0082867354406613,0.8660254037844387,0,decreasing,1.0,1,1.0,ADAMTS15
ENSG00000166165,1,1,-0.0026430197767975,0.8660254037844387,0,decreasing,1.0,1,1.0,CKB
ENSG00000166278,1,1,-0.0044524554701097,0.8660254037844387,0,decreasing,1.0,2,0.5,C2
ENSG00000166343,1,1,-0.0513597626807722,0.8660254037844387,0,decreasing,1.0,1,1.0,MSS51
ENSG00000166526,1,1,-0.0057986540252108,0.8660254037844387,0,decreasing,1.0,1,1.0,ZNF3
ENSG00000166578,1,1,-0.0059782416940336,0.8660254037844387,0,decreasing,1.0,1,1.0,IQCD
ENSG00000166685,1,1,-0.0012479900017466,0.8660254037844387,0,decreasing,1.0,2,0.5,COG1
ENSG00000166741,1,0,0.0075265879418393,0.8660254037844387,1,increasing,1.0,1,1.0,NNMT
ENSG00000166797,1,1,-0.0086871439003054,0.8660254037844387,0,decreasing,1.0,1,1.0,CIAO2A
ENSG00000166800,1,1,-0.0030549180410322,0.8660254037844387,0,decreasing,1.0,1,1.0,LDHAL6A
ENSG00000166828,1,1,-0.0186088674697999,0.8660254037844387,0,decreasing,1.0,1,1.0,SCNN1G
ENSG00000166888,1,0,0.0088636891591605,0.8660254037844387,1,increasing,1.0,1,1.0,STAT6
ENSG00000166925,1,1,-0.0012864764117302,0.8660254037844387,0,decreasing,1.0,6,0.16666666666666666,TSC22D4
ENSG00000167110,1,0,0.0234954642504609,0.8660254037844387,1,increasing,1.0,1,1.0,GOLGA2
ENSG00000167183,1,1,-0.0012804776492904,0.8660254037844387,0,decreasing,1.0,2,0.5,PRR15L
ENSG00000167207,1,1,-0.0130108064251585,0.8660254037844387,0,decreasing,1.0,1,1.0,NOD2
ENSG00000167306,1,0,0.0068620913046773,0.8660254037844387,1,increasing,1.0,2,0.5,MYO5B
ENSG00000167508,1,1,-0.0276849597770372,0.8660254037844387,0,decreasing,1.0,1,1.0,MVD
ENSG00000167664,1,1,-0.0025138513385436,0.8660254037844387,0,decreasing,1.0,1,1.0,TMIGD2
ENSG00000167770,1,1,-0.0135703952877197,0.8660254037844387,0,decreasing,1.0,1,1.0,OTUB1
ENSG00000167880,1,0,0.0120662902243864,0.8660254037844387,1,increasing,1.0,2,0.5,EVPL
ENSG00000167914,1,1,-0.0162828956168617,0.8660254037844387,0,decreasing,1.0,1,1.0,GSDMA
ENSG00000167967,1,0,0.0043441841922162,0.8660254037844387,1,increasing,1.0,1,1.0,E4F1
ENSG00000168096,1,1,-0.0031991088520562,0.8660254037844387,0,decreasing,1.0,3,0.3333333333333333,ANKS3
ENSG00000168228,1,1,-0.0908668998865667,0.8660254037844387,0,decreasing,1.0,1,1.0,ZCCHC4
ENSG00000168496,1,1,-0.0040753379076706,0.8660254037844387,0,decreasing,1.0,1,1.0,FEN1
ENSG00000168517,1,1,-0.0014106792617213,0.8660254037844387,0,decreasing,1.0,1,1.0,HEXIM2
ENSG00000168743,1,1,-0.0248915956504182,0.8660254037844387,0,decreasing,1.0,2,0.5,NPNT
ENSG00000168765,1,1,-0.0139689417866077,0.8660254037844387,0,decreasing,1.0,3,0.3333333333333333,GSTM4
ENSG00000168803,1,1,-0.0020802954299156,0.8660254037844387,0,decreasing,1.0,1,1.0,ADAL
ENSG00000168907,1,1,-0.0084482078664459,0.8660254037844387,0,decreasing,1.0,1,1.0,PLA2G4F
ENSG00000168993,1,1,-0.004392230341852,0.8660254037844387,0,decreasing,1.0,1,1.0,CPLX1
ENSG00000169031,1,1,-0.0195471782326995,0.8660254037844387,0,decreasing,1.0,1,1.0,COL4A3
ENSG00000169213,1,1,-0.0039985328314465,0.8660254037844387,0,decreasing,1.0,1,1.0,RAB3B
ENSG00000169251,1,1,-0.0091082494267776,0.8660254037844387,0,decreasing,1.0,2,0.5,NMD3
ENSG00000169607,1,1,-0.020263193424725,0.8660254037844387,0,decreasing,1.0,1,1.0,CKAP2L
ENSG00000169621,1,1,-0.0029002789806374,0.8660254037844387,0,decreasing,1.0,1,1.0,APLF
ENSG00000169692,1,1,-0.0023684460594667,0.8660254037844387,0,decreasing,1.0,1,1.0,AGPAT2
ENSG00000169908,1,1,-0.0070727125362959,0.8660254037844387,0,decreasing,1.0,1,1.0,TM4SF1
ENSG00000170004,1,1,-0.0028908136408142,0.8660254037844387,0,decreasing,1.0,3,0.3333333333333333,CHD3
ENSG00000170092,1,0,0.0179340655693511,0.8660254037844387,1,increasing,1.0,1,1.0,SPDYE5
ENSG00000170265,1,0,0.0222530707292917,0.8660254037844387,1,increasing,1.0,2,0.5,ZNF282
ENSG00000170298,1,1,-0.0107900062251805,0.8660254037844387,0,decreasing,1.0,1,1.0,LGALS9B
ENSG00000170390,1,1,-0.0081015435012155,0.8660254037844387,0,decreasing,1.0,2,0.5,DCLK2
ENSG00000170417,1,1,-0.0125251673979529,0.8660254037844387,0,decreasing,1.0,1,1.0,TMEM182
ENSG00000170421,1,1,-0.0143171434467604,0.8660254037844387,0,decreasing,1.0,1,1.0,KRT8
ENSG00000170456,1,1,-0.0089023121417393,0.8660254037844387,0,decreasing,1.0,1,1.0,DENND5B
ENSG00000170604,1,1,-0.0053522050430686,0.8660254037844387,0,decreasing,1.0,1,1.0,IRF2BP1
ENSG00000170608,1,0,0.0066150770505157,0.8660254037844387,1,increasing,1.0,1,1.0,FOXA3
ENSG00000170631,1,0,0.0065370386849064,0.8660254037844387,1,increasing,1.0,1,1.0,ZNF16
ENSG00000170633,1,1,-0.0045176268176046,0.8660254037844387,0,decreasing,1.0,7,0.14285714285714285,RNF34
ENSG00000170855,1,1,-0.0055974358073563,0.8660254037844387,0,decreasing,1.0,2,0.5,TRIAP1
ENSG00000171004,1,1,-0.0141358676534611,0.8660254037844387,0,decreasing,1.0,2,0.5,HS6ST2
ENSG00000171115,1,1,-0.0149593313364448,0.8660254037844387,0,decreasing,1.0,1,1.0,GIMAP8
ENSG00000171160,1,1,-0.0031090304913764,0.8660254037844387,0,decreasing,1.0,1,1.0,MORN4
ENSG00000171224,1,1,-0.0044968043180614,0.8660254037844387,0,decreasing,1.0,1,1.0,FAM241B
ENSG00000171295,1,1,-0.0085255555809997,0.8660254037844387,0,decreasing,1.0,1,1.0,ZNF440
ENSG00000171303,1,0,0.0023534942368761,0.8660254037844387,1,increasing,1.0,1,1.0,KCNK3
ENSG00000171587,1,1,-0.0084038219740874,0.8660254037844387,0,decreasing,1.0,1,1.0,DSCAM
ENSG00000171643,1,1,-0.0021171495916688,0.8660254037844387,0,decreasing,1.0,1,1.0,S100Z
ENSG00000171757,1,1,-0.0067812376779639,0.8660254037844387,0,decreasing,1.0,1,1.0,LRRC34
ENSG00000171817,1,1,-0.001240152331509,0.8660254037844387,0,decreasing,1.0,1,1.0,ZNF540
ENSG00000171824,1,1,-0.0144624548868303,0.8660254037844387,0,decreasing,1.0,3,0.3333333333333333,EXOSC10
ENSG00000171953,1,1,-0.0007256483121144,0.8660254037844387,0,decreasing,1.0,1,1.0,ATPAF2
ENSG00000171984,1,0,0.0044120581518933,0.8660254037844387,1,increasing,1.0,2,0.5,SHLD1
ENSG00000172007,1,1,-0.002958671934413,0.8660254037844387,0,decreasing,1.0,2,0.5,RAB33B
ENSG00000172059,1,0,0.027469910811028,0.8660254037844387,1,increasing,1.0,2,0.5,KLF11
ENSG00000172116,1,1,-0.0039905116340955,0.8660254037844387,0,decreasing,1.0,1,1.0,CD8B
ENSG00000172167,1,1,-0.0037907816458326,0.8660254037844387,0,decreasing,1.0,1,1.0,MTBP
ENSG00000172201,1,1,-0.0040907056375823,0.8660254037844387,0,decreasing,1.0,2,0.5,ID4
ENSG00000172232,1,1,-0.0243265264740659,0.8660254037844387,0,decreasing,1.0,1,1.0,AZU1
ENSG00000172270,1,0,0.0024125943437237,0.8660254037844387,1,increasing,1.0,1,1.0,BSG
ENSG00000172296,1,1,-0.0154375484949214,0.8660254037844387,0,decreasing,1.0,1,1.0,SPTLC3
ENSG00000172331,1,0,0.0363669783484487,0.8660254037844387,1,increasing,1.0,1,1.0,BPGM
ENSG00000172922,1,1,-0.011954068640868,0.8660254037844387,0,decreasing,1.0,1,1.0,RNASEH2C
ENSG00000172985,1,1,-0.0215971322267659,0.8660254037844387,0,decreasing,1.0,2,0.5,SH3RF3
ENSG00000173262,1,1,-0.0025426207911021,0.8660254037844387,0,decreasing,1.0,1,1.0,SLC2A14
ENSG00000173320,1,1,-0.0020598608658868,0.8660254037844387,0,decreasing,1.0,3,0.3333333333333333,STOX2
ENSG00000173349,1,1,-0.0110540992187327,0.8660254037844387,0,decreasing,1.0,2,0.5,SFT2D3
ENSG00000173702,1,1,-0.0045096584713279,0.8660254037844387,0,decreasing,1.0,1,1.0,MUC13
ENSG00000173846,1,0,0.114933592183708,0.8660254037844387,1,increasing,1.0,1,1.0,PLK3
ENSG00000173890,1,1,-0.0202689746341189,0.8660254037844387,0,decreasing,1.0,2,0.5,GPR160
ENSG00000174136,1,0,0.0044232991567001,0.8660254037844387,1,increasing,1.0,2,0.5,RGMB
ENSG00000174307,1,1,-0.0027876606827505,0.8660254037844387,0,decreasing,1.0,1,1.0,PHLDA3
ENSG00000174437,1,1,-0.0116166240756756,0.8660254037844387,0,decreasing,1.0,8,0.125,ATP2A2
ENSG00000174567,1,1,-0.0124353103580121,0.8660254037844387,0,decreasing,1.0,1,1.0,GOLT1A
ENSG00000174600,1,1,-0.015486384516803,0.8660254037844387,0,decreasing,1.0,1,1.0,CMKLR1
ENSG00000174652,1,1,-0.0080514618274078,0.8660254037844387,0,decreasing,1.0,1,1.0,ZNF266
ENSG00000174876,1,1,-0.0028862651850193,0.8660254037844387,0,decreasing,1.0,1,1.0,AMY1B
ENSG00000174945,1,1,-0.001265080610509,0.8660254037844387,0,decreasing,1.0,8,0.125,AMZ1
ENSG00000175183,1,1,-0.027199975855446,0.8660254037844387,0,decreasing,1.0,1,1.0,CSRP2
ENSG00000175262,1,1,-0.0135986827662498,0.8660254037844387,0,decreasing,1.0,1,1.0,C1orf127
ENSG00000175352,1,1,-0.0007360933905304,0.8660254037844387,0,decreasing,1.0,7,0.14285714285714285,NRIP3
ENSG00000175356,1,1,-0.0084643779416004,0.8660254037844387,0,decreasing,1.0,6,0.16666666666666666,SCUBE2
ENSG00000175489,1,1,-0.0005683353100885,0.8660254037844387,0,decreasing,1.0,1,1.0,LRRC25
ENSG00000175497,1,1,-0.0112316724992686,0.8660254037844387,0,decreasing,1.0,1,1.0,DPP10
ENSG00000175581,1,1,-0.0035536034800102,0.8660254037844387,0,decreasing,1.0,2,0.5,MRPL48
ENSG00000175591,1,1,-0.0012474628509854,0.8660254037844387,0,decreasing,1.0,1,1.0,P2RY2
ENSG00000175711,1,1,-0.005760284408903,0.8660254037844387,0,decreasing,1.0,2,0.5,B3GNTL1
ENSG00000175868,1,1,-0.0030959600643683,0.8660254037844387,0,decreasing,1.0,1,1.0,CALCB
ENSG00000175984,1,1,-0.0030976945112384,0.8660254037844387,0,decreasing,1.0,1,1.0,DENND2C
ENSG00000176153,1,1,-0.0045598636683034,0.8660254037844387,0,decreasing,1.0,1,1.0,GPX2
ENSG00000176720,1,0,0.0203443102235997,0.8660254037844387,1,increasing,1.0,1,1.0,BOK
ENSG00000176771,1,1,-0.0414023795229098,0.8660254037844387,0,decreasing,1.0,1,1.0,NCKAP5
ENSG00000176994,1,1,-0.0044149506762356,0.8660254037844387,0,decreasing,1.0,2,0.5,SMCR8
ENSG00000177045,1,1,-0.0069060082670323,0.8660254037844387,0,decreasing,1.0,1,1.0,SIX5
ENSG00000177106,1,1,-0.0019421257645692,0.8660254037844387,0,decreasing,1.0,4,0.25,EPS8L2
ENSG00000177303,1,1,-0.0028182596718407,0.8660254037844387,0,decreasing,1.0,1,1.0,CASKIN2
ENSG00000177425,1,1,-0.0056383979309858,0.8660254037844387,0,decreasing,1.0,3,0.3333333333333333,PAWR
ENSG00000177508,1,0,0.0046872503744568,0.8660254037844387,1,increasing,1.0,1,1.0,IRX3
ENSG00000177694,1,1,-0.0058774346087692,0.8660254037844387,0,decreasing,1.0,2,0.5,NAALADL2
ENSG00000177728,1,1,-0.0644346260977314,0.8660254037844387,0,decreasing,1.0,2,0.5,TMEM94
ENSG00000178125,1,0,0.0070577858936527,0.8660254037844387,1,increasing,1.0,2,0.5,PPP1R42
ENSG00000178184,1,1,-0.0042636667852168,0.8660254037844387,0,decreasing,1.0,2,0.5,PARD6G
ENSG00000178199,1,1,-0.1048326295651662,0.8660254037844387,0,decreasing,1.0,4,0.25,ZC3H12D
ENSG00000178449,1,0,0.0055144661267561,0.8660254037844387,1,increasing,1.0,1,1.0,COX14
ENSG00000178460,1,1,-0.0041902424770911,0.8660254037844387,0,decreasing,1.0,1,1.0,MCMDC2
ENSG00000178538,1,1,-0.0148636304667471,0.8660254037844387,0,decreasing,1.0,1,1.0,CA8
ENSG00000178741,1,1,-0.0048521464583474,0.8660254037844387,0,decreasing,1.0,1,1.0,COX5A
ENSG00000178750,1,1,-0.0074100009551786,0.8660254037844387,0,decreasing,1.0,1,1.0,STX19
ENSG00000178980,1,1,-0.0121710216279524,0.8660254037844387,0,decreasing,1.0,1,1.0,SELENOW
ENSG00000179163,1,1,-0.0046395557121354,0.8660254037844387,0,decreasing,1.0,2,0.5,FUCA1
ENSG00000179195,1,1,-0.0045598636683034,0.8660254037844387,0,decreasing,1.0,6,0.16666666666666666,ZNF664
ENSG00000179242,1,0,0.0023377990268353,0.8660254037844387,1,increasing,1.0,1,1.0,CDH4
ENSG00000179813,1,1,-0.0036749445399827,0.8660254037844387,0,decreasing,1.0,6,0.16666666666666666,FAM216B
ENSG00000179841,1,1,-0.0025323204653025,0.8660254037844387,0,decreasing,1.0,1,1.0,AKAP5
ENSG00000179941,1,1,-0.0136855160361612,0.8660254037844387,0,decreasing,1.0,1,1.0,BBS10
ENSG00000180098,1,1,-0.0027896255634436,0.8660254037844387,0,decreasing,1.0,8,0.125,TRNAU1AP
ENSG00000180423,1,1,-0.0283524289606544,0.8660254037844387,0,decreasing,1.0,1,1.0,HARBI1
ENSG00000180488,1,1,-0.0012635605876346,0.8660254037844387,0,decreasing,1.0,3,0.3333333333333333,MIGA1
ENSG00000180881,1,1,-0.0120902900072442,0.8660254037844387,0,decreasing,1.0,1,1.0,CAPS2
ENSG00000181031,1,1,-0.0080582369587089,0.8660254037844387,0,decreasing,1.0,3,0.3333333333333333,RPH3AL
ENSG00000181264,1,1,-0.0079895265139554,0.8660254037844387,0,decreasing,1.0,1,1.0,TLCD5
ENSG00000181350,1,1,-0.0079586463464855,0.8660254037844387,0,decreasing,1.0,2,0.5,LRRC75A
ENSG00000181544,1,1,-0.0044333762569694,0.8660254037844387,0,decreasing,1.0,2,0.5,FANCB
ENSG00000181666,1,1,-0.0012739220633421,0.8660254037844387,0,decreasing,1.0,1,1.0,ZNF875
ENSG00000181873,1,1,-0.0014390979447053,0.8660254037844387,0,decreasing,1.0,1,1.0,IBA57
ENSG00000182004,1,1,-0.0029822070244362,0.8660254037844387,0,decreasing,1.0,3,0.3333333333333333,SNRPE
ENSG00000182240,1,1,-0.0062339826837203,0.8660254037844387,0,decreasing,1.0,2,0.5,BACE2
ENSG00000182253,1,0,0.0239178178890224,0.8660254037844387,1,increasing,1.0,1,1.0,SYNM
ENSG00000182472,1,1,-0.0030352917492209,0.8660254037844387,0,decreasing,1.0,1,1.0,CAPN12
ENSG00000182667,1,1,-0.0170699317481966,0.8660254037844387,0,decreasing,1.0,2,0.5,NTM
ENSG00000182901,1,1,-0.0085188458597444,0.8660254037844387,0,decreasing,1.0,1,1.0,RGS7
ENSG00000183018,1,0,0.0162697606554183,0.8660254037844387,1,increasing,1.0,1,1.0,SPNS2
ENSG00000183044,1,1,-0.0012793822738219,0.8660254037844387,0,decreasing,1.0,2,0.5,ABAT
ENSG00000183091,1,1,-0.0084276204894772,0.8660254037844387,0,decreasing,1.0,1,1.0,NEB
ENSG00000183273,1,1,-0.005850190508747,0.8660254037844387,0,decreasing,1.0,1,1.0,CCDC60
ENSG00000183346,1,1,-0.0578065308527157,0.8660254037844387,0,decreasing,1.0,1,1.0,CABCOCO1
ENSG00000183379,1,1,-0.0027896006146867,0.8660254037844387,0,decreasing,1.0,1,1.0,SYNDIG1L
ENSG00000183386,1,1,-0.0056945703817643,0.8660254037844387,0,decreasing,1.0,1,1.0,FHL3
ENSG00000183421,1,1,-0.004377904808371,0.8660254037844387,0,decreasing,1.0,1,1.0,RIPK4
ENSG00000183431,1,0,0.0603777101539249,0.8660254037844387,1,increasing,1.0,1,1.0,SF3A3
ENSG00000183520,1,0,0.0158400939430251,0.8660254037844387,1,increasing,1.0,3,0.3333333333333333,UTP11
ENSG00000183579,1,1,-0.013006877135553,0.8660254037844387,0,decreasing,1.0,2,0.5,ZNRF3
ENSG00000183615,1,1,-0.0333846929666504,0.8660254037844387,0,decreasing,1.0,1,1.0,FAM167B
ENSG00000183628,1,1,-0.0040227379236951,0.8660254037844387,0,decreasing,1.0,1,1.0,DGCR6
ENSG00000183662,1,1,-0.0055220800956419,0.8660254037844387,0,decreasing,1.0,1,1.0,TAFA1
ENSG00000183718,1,1,-0.019167050316719,0.8660254037844387,0,decreasing,1.0,1,1.0,TRIM52
ENSG00000183722,1,1,-0.0028923766536418,0.8660254037844387,0,decreasing,1.0,1,1.0,LHFPL6
ENSG00000183876,1,1,-0.0027956847917919,0.8660254037844387,0,decreasing,1.0,1,1.0,ARSI
ENSG00000183878,1,1,-0.0044106063623365,0.8660254037844387,0,decreasing,1.0,2,0.5,UTY
ENSG00000183960,1,1,-0.0045558998934864,0.8660254037844387,0,decreasing,1.0,1,1.0,KCNH8
ENSG00000184203,1,0,0.0448671100578425,0.8660254037844387,1,increasing,1.0,3,0.3333333333333333,PPP1R2
ENSG00000184227,1,0,0.0070120303149172,0.8660254037844387,1,increasing,1.0,1,1.0,ACOT1
ENSG00000184304,1,1,-0.0059949680780307,0.8660254037844387,0,decreasing,1.0,1,1.0,PRKD1
ENSG00000184454,1,1,-0.0030418765259886,0.8660254037844387,0,decreasing,1.0,1,1.0,NCMAP
ENSG00000184497,1,1,-0.0058881362643833,0.8660254037844387,0,decreasing,1.0,1,1.0,TMEM255B
ENSG00000184515,1,1,-0.0080845215257185,0.8660254037844387,0,decreasing,1.0,1,1.0,BEX5
ENSG00000184730,1,1,-0.0043535044127908,0.8660254037844387,0,decreasing,1.0,1,1.0,APOBR
ENSG00000184787,1,1,-0.0012689044285246,0.8660254037844387,0,decreasing,1.0,1,1.0,UBE2G2
ENSG00000185101,1,1,-0.0117183455535126,0.8660254037844387,0,decreasing,1.0,1,1.0,ANO9
ENSG00000185220,1,1,-0.0114387752849936,0.8660254037844387,0,decreasing,1.0,1,1.0,PGBD2
ENSG00000185246,1,1,-0.0163239632379249,0.8660254037844387,0,decreasing,1.0,6,0.16666666666666666,PRPF39
ENSG00000185274,1,1,-0.0058684927797942,0.8660254037844387,0,decreasing,1.0,1,1.0,GALNT17
ENSG00000185483,1,1,-0.0028450581199092,0.8660254037844387,0,decreasing,1.0,2,0.5,ROR1
ENSG00000185515,1,1,-0.0012082876142387,0.8660254037844387,0,decreasing,1.0,6,0.16666666666666666,BRCC3
ENSG00000185736,1,1,-0.0088514614638387,0.8660254037844387,0,decreasing,1.0,1,1.0,ADARB2
ENSG00000185760,1,1,-0.0015827126001566,0.8660254037844387,0,decreasing,1.0,1,1.0,KCNQ5
ENSG00000185813,1,1,-0.0028262341780043,0.8660254037844387,0,decreasing,1.0,1,1.0,PCYT2
ENSG00000185842,1,1,-0.0057410125298118,0.8660254037844387,0,decreasing,1.0,1,1.0,DNAH14
ENSG00000185900,1,1,-0.0012339734842437,0.8660254037844387,0,decreasing,1.0,1,1.0,POMK
ENSG00000185950,1,1,-0.0089196654513686,0.8660254037844387,0,decreasing,1.0,3,0.3333333333333333,IRS2
ENSG00000186185,1,1,-0.013065999088551,0.8660254037844387,0,decreasing,1.0,1,1.0,KIF18B
ENSG00000186197,1,1,-0.0046779322887127,0.8660254037844387,0,decreasing,1.0,4,0.25,EDARADD
ENSG00000186231,1,1,-0.0025106679163534,0.8660254037844387,0,decreasing,1.0,6,0.16666666666666666,KLHL32
ENSG00000186260,1,1,-0.002485534821005,0.8660254037844387,0,decreasing,1.0,2,0.5,MRTFB
ENSG00000186314,1,1,-0.0029983662234712,0.8660254037844387,0,decreasing,1.0,2,0.5,PRELID2
ENSG00000186866,1,1,-0.0059216317484042,0.8660254037844387,0,decreasing,1.0,2,0.5,POFUT2
ENSG00000186951,1,0,0.0337568014231599,0.8660254037844387,1,increasing,1.0,4,0.25,PPARA
ENSG00000187105,1,1,-0.0028495807347575,0.8660254037844387,0,decreasing,1.0,1,1.0,HEATR4
ENSG00000187118,1,1,-0.0012250709283341,0.8660254037844387,0,decreasing,1.0,1,1.0,CMC1
ENSG00000187498,1,1,-0.0057877876993081,0.8660254037844387,0,decreasing,1.0,1,1.0,COL4A1
ENSG00000187546,1,1,-0.00402260700212,0.8660254037844387,0,decreasing,1.0,1,1.0,AGMO
ENSG00000187607,1,1,-0.0036462698168089,0.8660254037844387,0,decreasing,1.0,1,1.0,ZNF286A
ENSG00000187624,1,1,-0.0012409043685703,0.8660254037844387,0,decreasing,1.0,1,1.0,C17orf97
ENSG00000187720,1,1,-0.0006471638076017,0.8660254037844387,0,decreasing,1.0,1,1.0,THSD4
ENSG00000187908,1,1,-0.0012566490046799,0.8660254037844387,0,decreasing,1.0,1,1.0,DMBT1
ENSG00000188026,1,1,-0.0025511624730686,0.8660254037844387,0,decreasing,1.0,1,1.0,RILPL1
ENSG00000188175,1,1,-0.0196246823077213,0.8660254037844387,0,decreasing,1.0,1,1.0,HEPACAM2
ENSG00000188177,1,1,-0.0012851273925192,0.8660254037844387,0,decreasing,1.0,2,0.5,ZC3H6
ENSG00000188306,1,1,-0.0056935900520949,0.8660254037844387,0,decreasing,1.0,1,1.0,LRRIQ4
ENSG00000188372,1,1,-0.0049460078581118,0.8660254037844387,0,decreasing,1.0,2,0.5,ZP3
ENSG00000188580,1,1,-0.0088985196566842,0.8660254037844387,0,decreasing,1.0,1,1.0,NKAIN2
ENSG00000188603,1,1,-0.096201759780618,0.8660254037844387,0,decreasing,1.0,1,1.0,CLN3
ENSG00000189057,1,1,-0.0177746657409537,0.8660254037844387,0,decreasing,1.0,1,1.0,FAM111B
ENSG00000189143,1,1,-0.0046640284592776,0.8660254037844387,0,decreasing,1.0,1,1.0,CLDN4
ENSG00000189221,1,0,0.0176343032232778,0.8660254037844387,1,increasing,1.0,2,0.5,MAOA
ENSG00000196118,1,1,-0.0103704237661515,0.8660254037844387,0,decreasing,1.0,1,1.0,CCDC189
ENSG00000196169,1,1,-0.0056503669879911,0.8660254037844387,0,decreasing,1.0,1,1.0,KIF19
ENSG00000196187,1,1,-0.0049534614489963,0.8660254037844387,0,decreasing,1.0,7,0.14285714285714285,TMEM63A
ENSG00000196236,1,1,-0.0012529407596601,0.8660254037844387,0,decreasing,1.0,6,0.16666666666666666,XPNPEP3
ENSG00000196376,1,1,-0.0128135951685131,0.8660254037844387,0,decreasing,1.0,1,1.0,SLC35F1
ENSG00000196411,1,1,-0.005910294729064,0.8660254037844387,0,decreasing,1.0,1,1.0,EPHB4
ENSG00000196470,1,1,-0.0036182613838221,0.8660254037844387,0,decreasing,1.0,2,0.5,SIAH1
ENSG00000196502,1,1,-0.056764363293294,0.8660254037844387,0,decreasing,1.0,1,1.0,SULT1A1
ENSG00000196562,1,1,-0.0012677916174119,0.8660254037844387,0,decreasing,1.0,8,0.125,SULF2
ENSG00000196565,1,1,-0.0235630751433481,0.8660254037844387,0,decreasing,1.0,1,1.0,HBG2
ENSG00000196604,1,1,-0.0045578199341687,0.8660254037844387,0,decreasing,1.0,1,1.0,POTEF
ENSG00000196683,1,1,-0.0184487709268425,0.8660254037844387,0,decreasing,1.0,1,1.0,TOMM7
ENSG00000196812,1,1,-0.0061214006937388,0.8660254037844387,0,decreasing,1.0,1,1.0,ZSCAN16
ENSG00000196865,1,1,-0.0113255653018328,0.8660254037844387,0,decreasing,1.0,2,0.5,NHLRC2
ENSG00000196923,1,1,-0.0039166705614838,0.8660254037844387,0,decreasing,1.0,1,1.0,PDLIM7
ENSG00000197134,1,1,-0.0025006935850771,0.8660254037844387,0,decreasing,1.0,1,1.0,ZNF257
ENSG00000197147,1,0,0.0034688415396346,0.8660254037844387,1,increasing,1.0,10,0.1,LRRC8B
ENSG00000197408,1,1,-0.0015457301816819,0.8660254037844387,0,decreasing,1.0,1,1.0,CYP2B6
ENSG00000197540,1,1,-0.0081326269820232,0.8660254037844387,0,decreasing,1.0,1,1.0,GZMM
ENSG00000197712,1,0,0.0153804565953193,0.8660254037844387,1,increasing,1.0,1,1.0,FAM114A1
ENSG00000197859,1,1,-0.0295638868394653,0.8660254037844387,0,decreasing,1.0,1,1.0,ADAMTSL2
ENSG00000197933,1,1,-0.0522095966908093,0.8660254037844387,0,decreasing,1.0,1,1.0,ZNF823
ENSG00000198040,1,0,0.0021801421367034,0.8660254037844387,1,increasing,1.0,2,0.5,ZNF84
ENSG00000198062,1,1,-0.0349114695036655,0.8660254037844387,0,decreasing,1.0,1,1.0,POTEH
ENSG00000198081,1,1,-0.0070183661071244,0.8660254037844387,0,decreasing,1.0,1,1.0,ZBTB14
ENSG00000198088,1,1,-0.004580169813575,0.8660254037844387,0,decreasing,1.0,1,1.0,NUP62CL
ENSG00000198108,1,0,0.0110436328926835,0.8660254037844387,1,increasing,1.0,1,1.0,CHSY3
ENSG00000198270,1,1,-0.0225172902197239,0.8660254037844387,0,decreasing,1.0,1,1.0,TMEM116
ENSG00000198342,1,1,-0.0013066257976636,0.8660254037844387,0,decreasing,1.0,1,1.0,ZNF442
ENSG00000198420,1,1,-0.0034934880997325,0.8660254037844387,0,decreasing,1.0,3,0.3333333333333333,TCAF1
ENSG00000198492,1,1,-0.0029879384575726,0.8660254037844387,0,decreasing,1.0,8,0.125,YTHDF2
ENSG00000198520,1,1,-0.0031254185732804,0.8660254037844387,0,decreasing,1.0,1,1.0,ARMH1
ENSG00000198538,1,1,-0.018070445747099,0.8660254037844387,0,decreasing,1.0,3,0.3333333333333333,ZNF28
ENSG00000198546,1,1,-0.0029003406287321,0.8660254037844387,0,decreasing,1.0,1,1.0,ZNF511
ENSG00000198625,1,1,-0.0024625258645076,0.8660254037844387,0,decreasing,1.0,2,0.5,MDM4
ENSG00000198718,1,1,-0.0027461431034909,0.8660254037844387,0,decreasing,1.0,8,0.125,TOGARAM1
ENSG00000198780,1,1,-0.0048370963933585,0.8660254037844387,0,decreasing,1.0,1,1.0,FAM169A
ENSG00000198795,1,1,-0.0029846943924701,0.8660254037844387,0,decreasing,1.0,1,1.0,ZNF521
ENSG00000198860,1,0,0.07841736367447,0.8660254037844387,1,increasing,1.0,2,0.5,TSEN15
ENSG00000203727,1,1,-0.0069048604754703,0.8660254037844387,0,decreasing,1.0,1,1.0,SAMD5
ENSG00000204131,1,1,-0.0025742898645277,0.8660254037844387,0,decreasing,1.0,1,1.0,NHSL2
ENSG00000204219,1,1,-0.0030541540636911,0.8660254037844387,0,decreasing,1.0,1,1.0,TCEA3
ENSG00000204308,1,1,-0.0203202926032464,0.8660254037844387,0,decreasing,1.0,1,1.0,RNF5
ENSG00000204356,1,1,-0.0091750426183596,0.8660254037844387,0,decreasing,1.0,2,0.5,NELFE
ENSG00000204371,1,1,-0.0044399092613628,0.8660254037844387,0,decreasing,1.0,1,1.0,EHMT2
ENSG00000204385,1,1,-0.0458607671264545,0.8660254037844387,0,decreasing,1.0,1,1.0,SLC44A4
ENSG00000204394,1,0,0.0774636700299879,0.8660254037844387,1,increasing,1.0,2,0.5,VARS1
ENSG00000204410,1,1,-0.0058728366943986,0.8660254037844387,0,decreasing,1.0,2,0.5,MSH5
ENSG00000204442,1,1,-0.0029341134878838,0.8660254037844387,0,decreasing,1.0,1,1.0,FAM155A
ENSG00000204519,1,1,-0.0027896531714499,0.8660254037844387,0,decreasing,1.0,1,1.0,ZNF551
ENSG00000204882,1,1,-0.0210098128409417,0.8660254037844387,0,decreasing,1.0,1,1.0,GPR20
ENSG00000204956,1,1,-0.007952991322462,0.8660254037844387,0,decreasing,1.0,3,0.3333333333333333,PCDHGA1
ENSG00000205002,1,1,-0.0504526697619063,0.8660254037844387,0,decreasing,1.0,1,1.0,AARD
ENSG00000205213,1,1,-0.0192985634842671,0.8660254037844387,0,decreasing,1.0,2,0.5,LGR4
ENSG00000205364,1,1,-0.0030311662223219,0.8660254037844387,0,decreasing,1.0,1,1.0,MT1M
ENSG00000205457,1,0,0.0048565364183873,0.8660254037844387,1,increasing,1.0,1,1.0,TP53TG3C
ENSG00000206052,1,1,-0.0030116995453852,0.8660254037844387,0,decreasing,1.0,1,1.0,DOK6
ENSG00000206077,1,1,-0.0029461325887893,0.8660254037844387,0,decreasing,1.0,6,0.16666666666666666,ZDHHC11B
ENSG00000206384,1,1,-0.0030317047220396,0.8660254037844387,0,decreasing,1.0,1,1.0,COL6A6
ENSG00000206418,1,1,-0.0048699312102106,0.8660254037844387,0,decreasing,1.0,9,0.1111111111111111,RAB12
ENSG00000206559,1,1,-0.0073539084137239,0.8660254037844387,0,decreasing,1.0,2,0.5,ZCWPW2
ENSG00000211460,1,0,0.0070645904920743,0.8660254037844387,1,increasing,1.0,1,1.0,TSN
ENSG00000211584,1,1,-0.0051665932050366,0.8660254037844387,0,decreasing,1.0,1,1.0,SLC48A1
ENSG00000213203,1,1,-0.007644678648061,0.8660254037844387,0,decreasing,1.0,3,0.3333333333333333,GIMAP1
ENSG00000213793,1,0,0.0104847696833056,0.8660254037844387,1,increasing,1.0,1,1.0,ZNF888
ENSG00000213949,1,1,-0.0049832161428653,0.8660254037844387,0,decreasing,1.0,3,0.3333333333333333,ITGA1
ENSG00000214029,1,1,-0.0033226915286057,0.8660254037844387,0,decreasing,1.0,4,0.25,ZNF891
ENSG00000214265,1,1,-0.0029826454078637,0.8660254037844387,0,decreasing,1.0,1,1.0,AC124312.1
ENSG00000214960,1,1,-0.0057835117814831,0.8660254037844387,0,decreasing,1.0,1,1.0,CRPPA
ENSG00000215271,1,1,-0.00400328301104,0.8660254037844387,0,decreasing,1.0,3,0.3333333333333333,HOMEZ
ENSG00000216937,1,1,-0.0012483481782362,0.8660254037844387,0,decreasing,1.0,1,1.0,CCDC7
ENSG00000221887,1,1,-0.0044190903605373,0.8660254037844387,0,decreasing,1.0,1,1.0,HMSD
ENSG00000221890,1,1,-0.0056714977202152,0.8660254037844387,0,decreasing,1.0,1,1.0,NPTXR
ENSG00000222036,1,1,-0.0043504120015659,0.8660254037844387,0,decreasing,1.0,1,1.0,POTEM
ENSG00000223573,1,1,-0.0195163433731422,0.8660254037844387,0,decreasing,1.0,1,1.0,TINCR
ENSG00000228486,1,1,-0.0427010403164212,0.8660254037844387,0,decreasing,1.0,6,0.16666666666666666,C2orf92
ENSG00000231389,1,1,-0.0219311734965981,0.8660254037844387,0,decreasing,1.0,2,0.5,HLA-DPA1
ENSG00000232838,1,1,-0.0041431856850219,0.8660254037844387,0,decreasing,1.0,1,1.0,PET117
ENSG00000233927,1,0,0.0022510713081938,0.8660254037844387,1,increasing,1.0,1,1.0,RPS28
ENSG00000237190,1,1,-0.0258122720244908,0.8660254037844387,0,decreasing,1.0,2,0.5,CDKN2AIPNL
ENSG00000237489,1,1,-0.0029731155286701,0.8660254037844387,0,decreasing,1.0,1,1.0,C10orf143
ENSG00000237541,1,1,-0.0027463116116908,0.8660254037844387,0,decreasing,1.0,1,1.0,HLA-DQA2
ENSG00000237649,1,1,-0.0030410499786228,0.8660254037844387,0,decreasing,1.0,1,1.0,KIFC1
ENSG00000244038,1,0,0.0083622913883441,0.8660254037844387,1,increasing,1.0,1,1.0,DDOST
ENSG00000244067,1,1,-0.0044666159013132,0.8660254037844387,0,decreasing,1.0,1,1.0,GSTA2
ENSG00000248771,1,1,-0.0100067374630313,0.8660254037844387,0,decreasing,1.0,1,1.0,SMIM31
ENSG00000249115,1,1,-0.019750956006803,0.8660254037844387,0,decreasing,1.0,1,1.0,HAUS5
ENSG00000249242,1,1,-0.006223571205722,0.8660254037844387,0,decreasing,1.0,1,1.0,TMEM150C
ENSG00000251369,1,1,-0.0117268480919022,0.8660254037844387,0,decreasing,1.0,1,1.0,ZNF550
ENSG00000253313,1,0,0.0017797775854541,0.8660254037844387,1,increasing,1.0,1,1.0,C1orf210
ENSG00000254999,1,1,-0.0046243039486101,0.8660254037844387,0,decreasing,1.0,1,1.0,BRK1
ENSG00000255398,1,1,-0.0130091491984246,0.8660254037844387,0,decreasing,1.0,1,1.0,HCAR3
ENSG00000255524,1,0,0.0080119512661575,0.8660254037844387,1,increasing,1.0,1,1.0,NPIPB8
ENSG00000255587,1,1,-0.0029667431535299,0.8660254037844387,0,decreasing,1.0,1,1.0,RAB44
ENSG00000255641,1,1,-0.021437528801252,0.8660254037844387,0,decreasing,1.0,1,1.0,AC068775.1
ENSG00000256229,1,1,-0.0034436743258693,0.8660254037844387,0,decreasing,1.0,1,1.0,ZNF486
ENSG00000258466,1,1,-0.0012114907122541,0.8660254037844387,0,decreasing,1.0,2,0.5,AL049779.1
ENSG00000259316,1,1,-0.0162117469238982,0.8660254037844387,0,decreasing,1.0,1,1.0,AC087632.2
ENSG00000259330,1,1,-0.0061766969328175,0.8660254037844387,0,decreasing,1.0,1,1.0,INAFM2
ENSG00000259753,1,1,-0.0168548936406037,0.8660254037844387,0,decreasing,1.0,1,1.0,AC068234.1
ENSG00000262406,1,1,-0.0194081431120321,0.8660254037844387,0,decreasing,1.0,1,1.0,MMP12
ENSG00000264324,1,1,-0.003011443487915,0.8660254037844387,0,decreasing,1.0,2,0.5,AC006030.1
ENSG00000264364,1,1,-0.0181730696603318,0.8660254037844387,0,decreasing,1.0,2,0.5,DYNLL2
ENSG00000265818,1,1,-0.0027603355974909,0.8660254037844387,0,decreasing,1.0,2,0.5,EEF1E1-BLOC1S5
ENSG00000267261,1,1,-0.0160574982953563,0.8660254037844387,0,decreasing,1.0,6,0.16666666666666666,AC099811.2
ENSG00000267318,1,1,-0.0029636952103594,0.8660254037844387,0,decreasing,1.0,2,0.5,AC005702.1
ENSG00000267426,1,1,-0.0027108673028872,0.8660254037844387,0,decreasing,1.0,1,1.0,AC087289.3
ENSG00000268163,1,1,-0.0043586669523428,0.8660254037844387,0,decreasing,1.0,1,1.0,AC004076.1
ENSG00000269226,1,1,-0.0090422451812998,0.8660254037844387,0,decreasing,1.0,1,1.0,TMSB15B
ENSG00000270316,1,1,-0.0331493100471168,0.8660254037844387,0,decreasing,1.0,1,1.0,BORCS7-ASMT
ENSG00000270617,1,0,0.0018299325698568,0.8660254037844387,1,increasing,1.0,8,0.125,URGCP-MRPS24
ENSG00000272196,1,1,-0.0059432124430956,0.8660254037844387,0,decreasing,1.0,1,1.0,H2AC19
ENSG00000273213,1,0,0.0282178382738142,0.8660254037844387,1,increasing,1.0,1,1.0,H3-2
ENSG00000273294,1,0,0.0037143565877229,0.8660254037844387,1,increasing,1.0,15,0.06666666666666667,C1QTNF3-AMACR
ENSG00000275034,1,1,-0.0313540142043411,0.8660254037844387,0,decreasing,1.0,1,1.0,TP53TG3E
ENSG00000275395,1,1,-0.0165677350196289,0.8660254037844387,0,decreasing,1.0,1,1.0,FCGBP
ENSG00000277258,1,1,-0.0223066175017031,0.8660254037844387,0,decreasing,1.0,1,1.0,PCGF2
ENSG00000277611,1,1,-0.0087345967149627,0.8660254037844387,0,decreasing,1.0,1,1.0,Z98752.3
ENSG00000277957,1,1,-0.0160088589201415,0.8660254037844387,0,decreasing,1.0,1,1.0,SENP3-EIF4A1
ENSG00000278057,1,1,-0.003069623660137,0.8660254037844387,0,decreasing,1.0,1,1.0,TEX28
ENSG00000278848,1,1,-0.0505568105162767,0.8660254037844387,0,decreasing,1.0,1,1.0,TP53TG3F
ENSG00000280071,1,0,0.0088432013628365,0.8660254037844387,1,increasing,1.0,1,1.0,GATD3B
ENSG00000283228,1,1,-0.0083808540503491,0.8660254037844387,0,decreasing,1.0,1,1.0,AC068547.1
ENSG00000283239,1,0,0.0127501895408136,0.8660254037844387,1,increasing,1.0,2,0.5,AC019257.8
ENSG00000284779,1,1,-0.002506573202548,0.8660254037844387,0,decreasing,1.0,2,0.5,AC132217.2
ENSG00000285218,1,1,-0.0048224719119786,0.8660254037844387,0,decreasing,1.0,1,1.0,AC026316.4
ENSG00000285253,1,1,-0.0036250407406867,0.8660254037844387,0,decreasing,1.0,6,0.16666666666666666,AC090517.4
ENSG00000285505,1,1,-0.0026359638921811,0.8660254037844387,0,decreasing,1.0,2,0.5,AC010616.1
ENSG00000285991,1,1,-0.0215728044303022,0.8660254037844387,0,decreasing,1.0,2,0.5,AL355312.6
ENSG00000288000,1,1,-0.0045658339012517,0.8660254037844387,0,decreasing,1.0,6,0.16666666666666666,AL031681.3
