gene_id,symbol,n_celltypes_trending,n_celltypes_tested,dominant_direction,mean_slope,in_cgc,in_oncokb,is_oncogene,is_tsg
ENSG00000092820,EZR,19,24,decreasing,-0.0115871254508474,True,False,False,False
ENSG00000143702,CEP170,19,24,decreasing,-0.0181440643475497,False,False,False,False
ENSG00000152484,USP12,19,22,decreasing,-0.0072548939377109,False,False,False,False
ENSG00000124151,NCOA3,19,23,decreasing,-0.0051960351417169,False,True,True,False
ENSG00000150977,RILPL2,18,24,decreasing,-0.0209719208178982,False,False,False,False
ENSG00000149177,PTPRJ,18,24,decreasing,0.0303556366153331,False,False,False,False
ENSG00000123130,ACOT9,18,24,decreasing,-0.0218437464701781,False,False,False,False
ENSG00000204899,MZT1,18,22,decreasing,-0.0078522740631053,False,False,False,False
ENSG00000102218,RP2,18,22,decreasing,-0.0207432615096388,False,False,False,False
ENSG00000011566,MAP4K3,18,24,decreasing,-0.0412589348375513,False,False,False,False
ENSG00000068305,MEF2A,18,24,decreasing,-0.0124397375168612,False,False,False,False
ENSG00000136448,NMT1,18,22,decreasing,-0.0426238518334715,False,False,False,False
ENSG00000105287,PRKD2,17,24,decreasing,-0.0093292216764675,False,False,False,False
ENSG00000147044,CASK,17,24,decreasing,-0.0389612720981676,False,False,False,False
ENSG00000178935,ZNF552,17,22,decreasing,-0.0095118022822091,False,False,False,False
ENSG00000152495,CAMK4,17,24,decreasing,-0.0073388069371884,False,False,False,False
ENSG00000206199,ANKUB1,17,19,decreasing,-0.0229447228887206,False,False,False,False
ENSG00000164933,SLC25A32,17,24,decreasing,-0.033566263832387,False,False,False,False
ENSG00000136205,TNS3,17,24,decreasing,-0.0407501744097697,False,False,False,False
ENSG00000124209,RAB22A,17,24,decreasing,-0.0124196551683477,False,False,False,False
ENSG00000172164,SNTB1,17,24,decreasing,-0.0132947183757516,False,False,False,False
ENSG00000153989,NUS1,17,22,decreasing,-0.014528252882365,False,False,False,False
ENSG00000083457,ITGAE,17,24,decreasing,-0.0208224554705874,False,False,False,False
ENSG00000149269,PAK1,16,24,decreasing,-0.0126032421571884,False,True,True,False
ENSG00000115137,DNAJC27,16,24,decreasing,-0.0102269267936853,False,False,False,False
ENSG00000198887,SMC5,16,24,decreasing,-0.0532635820564823,False,False,False,False
ENSG00000154122,ANKH,16,24,decreasing,-0.0130540559634807,False,False,False,False
ENSG00000170145,SIK2,16,24,decreasing,-0.0069981325937725,False,False,False,False
ENSG00000102908,NFAT5,16,24,decreasing,-0.0099443057176879,False,False,False,False
ENSG00000168255,POLR2J3,16,24,decreasing,-0.006840717227513,False,False,False,False
ENSG00000196369,SRGAP2B,16,24,decreasing,-0.0099406647920848,False,False,False,False
ENSG00000152270,PDE3B,16,24,decreasing,-0.0227080424460629,False,False,False,False
ENSG00000185946,RNPC3,16,23,decreasing,-0.0335609270742827,False,False,False,False
ENSG00000174579,MSL2,16,24,decreasing,-0.015811907813522,False,False,False,False
ENSG00000120594,PLXDC2,16,24,decreasing,-0.0049215841491553,False,False,False,False
ENSG00000198730,CTR9,16,24,decreasing,-0.0117749572959264,False,True,False,True
ENSG00000225190,PLEKHM1,16,19,decreasing,-0.0086457653836087,False,False,False,False
ENSG00000112339,HBS1L,16,24,decreasing,-0.0187254068587158,False,False,False,False
ENSG00000012779,ALOX5,16,24,decreasing,-0.0076835897288876,False,True,False,False
ENSG00000064651,SLC12A2,16,24,decreasing,-0.0141049304344434,False,False,False,False
ENSG00000043462,LCP2,16,24,decreasing,-0.0090017351594037,False,False,False,False
ENSG00000171621,SPSB1,16,24,decreasing,-0.0049198824762045,False,False,False,False
ENSG00000184640,SEPTIN9,16,24,decreasing,-0.010527410811654,False,False,False,False
ENSG00000198382,UVRAG,16,24,decreasing,-0.0189306641055834,False,False,False,False
ENSG00000125686,MED1,16,24,decreasing,-0.0077602135114844,False,False,False,False
ENSG00000179218,CALR,16,21,decreasing,-0.0131496839122593,True,True,True,False
ENSG00000140332,TLE3,16,24,decreasing,-0.0034412234916976,False,True,False,False
ENSG00000130340,SNX9,16,24,decreasing,-0.0138438260011295,False,False,False,False
ENSG00000145687,SSBP2,16,24,decreasing,-0.0026001623948487,False,False,False,False
ENSG00000185418,TARS3,16,24,decreasing,-0.0327934388841842,False,False,False,False
ENSG00000139083,ETV6,15,24,decreasing,-0.006914860914005,True,True,False,True
ENSG00000167193,CRK,15,24,decreasing,-0.0713978563394082,False,False,False,False
ENSG00000147416,ATP6V1B2,15,23,decreasing,-0.0206531929169814,False,True,False,True
ENSG00000163659,TIPARP,15,21,decreasing,-0.0641166710867411,False,False,False,False
ENSG00000164346,NSA2,15,20,decreasing,-0.0065082612562013,False,False,False,False
ENSG00000064703,DDX20,15,22,decreasing,-0.0011674240178663,False,False,False,False
ENSG00000105576,TNPO2,15,22,decreasing,-0.012161034287655,False,False,False,False
ENSG00000136643,RPS6KC1,15,24,decreasing,-0.0083326441703634,False,False,False,False
ENSG00000109906,ZBTB16,15,24,decreasing,-0.0086601057475332,True,False,False,False
ENSG00000129636,ITFG1,15,24,decreasing,-0.0108835577832439,False,False,False,False
ENSG00000197442,MAP3K5,15,24,decreasing,-0.0256505656944676,False,False,False,False
ENSG00000080503,SMARCA2,15,24,decreasing,-0.0089509909585521,False,True,False,True
ENSG00000134480,CCNH,15,23,decreasing,-0.0027192786028947,False,False,False,False
ENSG00000068796,KIF2A,15,24,decreasing,-0.0134251878800307,False,False,False,False
ENSG00000167081,PBX3,15,23,decreasing,-0.0086773797381791,False,False,False,False
ENSG00000119326,CTNNAL1,15,22,decreasing,-0.0214423450958049,False,False,False,False
ENSG00000118263,KLF7,15,24,decreasing,-0.0080163116402177,False,False,False,False
ENSG00000073711,PPP2R3A,15,24,decreasing,-0.0068506358137931,False,False,False,False
ENSG00000111684,LPCAT3,15,23,decreasing,-0.0552769470316449,False,False,False,False
ENSG00000133943,DGLUCY,15,21,decreasing,-0.0065127607597055,False,False,False,False
ENSG00000147649,MTDH,15,24,decreasing,-0.0049632440388289,False,False,False,False
ENSG00000105939,ZC3HAV1,15,24,decreasing,-0.0209423969285957,False,False,False,False
ENSG00000102312,PORCN,15,19,decreasing,-0.01690418008823,False,False,False,False
ENSG00000065989,PDE4A,15,23,decreasing,-0.0057850252606081,False,False,False,False
ENSG00000203705,TATDN3,15,18,decreasing,-0.0079985626359445,False,False,False,False
ENSG00000171345,KRT19,15,22,decreasing,-0.019002624932009,False,False,False,False
ENSG00000240445,FOXO3B,15,24,decreasing,-0.0359565654940772,False,False,False,False
ENSG00000188342,GTF2F2,15,18,decreasing,-0.0232994386929932,False,False,False,False
ENSG00000125944,HNRNPR,15,24,decreasing,-0.0029857093320416,False,False,False,False
ENSG00000099917,MED15,15,24,decreasing,-0.0234379977765603,False,False,False,False
ENSG00000147010,SH3KBP1,15,24,decreasing,-0.0080265781700815,False,False,False,False
ENSG00000114062,UBE3A,15,24,decreasing,0.0057912671893775,False,False,False,False
ENSG00000283765,AC131160.1,15,24,decreasing,-0.0065502605743359,False,False,False,False
ENSG00000171943,SRGAP2C,15,24,decreasing,-0.0060071742869727,False,False,False,False
ENSG00000110429,FBXO3,15,23,decreasing,-0.0083734905772772,False,False,False,False
ENSG00000127603,MACF1,15,23,decreasing,-0.0118641811891742,False,False,False,False
ENSG00000105339,DENND3,15,18,decreasing,-0.0253572545673461,False,False,False,False
ENSG00000118058,KMT2A,15,15,decreasing,-0.0261932479656641,True,True,False,True
ENSG00000010810,FYN,15,24,decreasing,-0.019576701475095,False,True,True,False
ENSG00000102974,CTCF,15,21,decreasing,-0.0148018688795752,True,True,False,True
ENSG00000034677,RNF19A,15,24,decreasing,-0.0062087619560496,False,False,False,False
ENSG00000011007,ELOA,15,19,decreasing,-0.009408744385676,False,False,False,False
ENSG00000024048,UBR2,15,24,decreasing,-0.011357581705751,False,False,False,False
ENSG00000198585,NUDT16,14,22,decreasing,-0.0431764561570184,False,False,False,False
ENSG00000082898,XPO1,14,19,decreasing,-0.0080192489995004,True,True,True,False
ENSG00000004866,ST7,14,22,decreasing,-0.0034273946938629,False,False,False,False
ENSG00000186645,SPDYE17,14,24,decreasing,-0.0100489724726859,False,False,False,False
ENSG00000116406,EDEM3,14,24,decreasing,-0.0040064694496873,False,False,False,False
ENSG00000063046,EIF4B,14,24,decreasing,-0.007036871543002,False,False,False,False
ENSG00000126457,PRMT1,14,19,decreasing,-0.0081847931374086,False,False,False,False
ENSG00000122484,RPAP2,14,18,decreasing,-0.015325415210934,False,False,False,False
ENSG00000107554,DNMBP,14,23,decreasing,-0.0395518538825629,False,False,False,False
ENSG00000159023,EPB41,14,24,decreasing,-0.0060962339343634,False,False,False,False
ENSG00000166501,PRKCB,14,23,decreasing,-0.0070287626806805,False,True,True,False
ENSG00000125970,RALY,14,24,decreasing,-0.0037512927012965,False,False,False,False
ENSG00000086189,DIMT1,14,24,decreasing,-0.0060614035113571,False,False,False,False
ENSG00000087157,PGS1,14,22,decreasing,0.0033573777740914,False,False,False,False
ENSG00000155100,OTUD6B,14,17,decreasing,-0.0065859934541515,False,False,False,False
ENSG00000198682,PAPSS2,14,24,decreasing,-0.0209915807609088,False,False,False,False
ENSG00000006451,RALA,14,24,decreasing,-0.0047969771468897,False,False,False,False
ENSG00000160563,MED27,14,23,decreasing,-0.0148616244699357,False,False,False,False
ENSG00000230124,ACBD6,14,19,decreasing,-0.0195985676792011,False,False,False,False
ENSG00000116786,PLEKHM2,14,20,decreasing,-0.0065036503685021,False,False,False,False
ENSG00000186635,ARAP1,14,24,decreasing,-0.0117125893008626,False,False,False,False
ENSG00000109220,CHIC2,14,24,decreasing,-0.0076285892754772,False,False,False,False
ENSG00000131374,TBC1D5,14,24,decreasing,-0.0041658310898405,False,False,False,False
ENSG00000262633,AC005670.2,14,16,decreasing,-0.0107275697654274,False,False,False,False
ENSG00000135838,NPL,14,17,decreasing,0.0032336671009438,False,False,False,False
ENSG00000127152,BCL11B,14,24,decreasing,-0.0035598773264634,True,True,False,True
ENSG00000145216,FIP1L1,14,24,decreasing,-0.0040561430223203,True,False,False,False
ENSG00000115183,TANC1,14,23,decreasing,-0.0065886604101055,False,False,False,False
ENSG00000196405,EVL,14,23,decreasing,-0.0069551622338942,False,False,False,False
ENSG00000176658,MYO1D,14,24,decreasing,-0.011748225675861,False,False,False,False
ENSG00000135049,AGTPBP1,14,24,decreasing,-0.0214835909052453,False,False,False,False
ENSG00000101493,ZNF516,14,23,decreasing,-0.0012654848489053,False,False,False,False
ENSG00000180957,PITPNB,14,24,decreasing,0.0043230552712705,False,False,False,False
ENSG00000027075,PRKCH,14,24,decreasing,-0.0122772379602023,False,False,False,False
ENSG00000121964,GTDC1,14,23,decreasing,-0.0070830979366208,False,False,False,False
ENSG00000260729,AC009690.1,14,24,decreasing,-0.0185243947867895,False,False,False,False
ENSG00000050344,NFE2L3,14,24,decreasing,-0.0040706844333503,False,False,False,False
ENSG00000173120,KDM2A,14,24,decreasing,-0.0083210195286124,False,False,False,False
ENSG00000080189,SLC35C2,14,19,decreasing,-0.0174199607869035,False,False,False,False
ENSG00000012660,ELOVL5,14,24,decreasing,-0.0184729331637517,False,False,False,False
ENSG00000115904,SOS1,14,23,decreasing,-0.0289500351662141,False,True,True,False
ENSG00000266094,RASSF5,14,21,decreasing,-0.0110438501226366,False,False,False,False
ENSG00000164327,RICTOR,14,24,decreasing,-0.0085857547715022,False,True,True,False
ENSG00000103489,XYLT1,14,24,decreasing,-0.0058211216098401,False,False,False,False
ENSG00000011295,TTC19,14,24,decreasing,-0.0509282216025771,False,False,False,False
ENSG00000119402,FBXW2,14,24,decreasing,-0.0037986098077873,False,True,False,False
ENSG00000164808,SPIDR,14,24,decreasing,-0.0464067808700243,False,False,False,False
ENSG00000144283,PKP4,14,22,decreasing,-0.0167455246209846,False,False,False,False
ENSG00000101901,ALG13,14,22,decreasing,-0.0123524698046677,False,False,False,False
ENSG00000015153,YAF2,14,24,decreasing,-0.0123921887404391,False,False,False,False
ENSG00000143924,EML4,14,24,decreasing,-0.0057964746964432,True,True,True,False
ENSG00000066855,MTFR1,14,17,decreasing,-0.0315657309018851,False,False,False,False
ENSG00000132680,KHDC4,14,22,decreasing,-0.0050955407594318,False,False,False,False
ENSG00000075426,FOSL2,14,23,decreasing,-0.0084108001654684,False,False,False,False
ENSG00000197579,TOPORS,14,18,decreasing,-0.0225123695295474,False,False,False,False
ENSG00000105402,NAPA,14,18,decreasing,-0.0161015806902757,False,False,False,False
ENSG00000008294,SPAG9,14,24,decreasing,-0.0155341832289917,False,False,False,False
ENSG00000155975,VPS37A,14,21,decreasing,-0.0076402683613117,False,False,False,False
ENSG00000072736,NFATC3,14,24,decreasing,-0.0117547684340445,False,False,False,False
ENSG00000101558,VAPA,14,24,decreasing,-0.0410797061213449,False,False,False,False
ENSG00000065675,PRKCQ,14,19,decreasing,-0.0097197074468134,False,False,False,False
ENSG00000185753,CXorf38,14,20,decreasing,-0.0208566396344206,False,False,False,False
ENSG00000175471,MCTP1,14,24,decreasing,-0.0178193423099996,False,False,False,False
ENSG00000073614,KDM5A,14,24,decreasing,-0.0236664095446247,True,True,True,False
ENSG00000101265,RASSF2,14,24,decreasing,-0.0056112080678344,False,False,False,False
ENSG00000137575,SDCBP,14,23,decreasing,-0.009730633158088,False,False,False,False
ENSG00000085721,RRN3,14,22,decreasing,-0.004191527648844,False,False,False,False
ENSG00000005249,PRKAR2B,14,22,decreasing,0.0021220418974908,False,False,False,False
ENSG00000187109,NAP1L1,14,24,decreasing,-0.0071689228656516,False,False,False,False
ENSG00000146776,ATXN7L1,14,19,decreasing,-0.0294023224781089,False,False,False,False
ENSG00000042445,RETSAT,14,23,decreasing,-0.0065504521846827,False,False,False,False
ENSG00000183054,RGPD6,14,24,decreasing,-0.0115837709718407,False,False,False,False
ENSG00000146285,SCML4,14,19,decreasing,-0.0085312453838404,False,False,False,False
ENSG00000011198,ABHD5,13,20,decreasing,-0.0075109505108578,False,False,False,False
ENSG00000227345,PARG,13,23,decreasing,0.0050253033634207,False,False,False,False
ENSG00000055609,KMT2C,13,24,decreasing,-0.0065603172549232,True,True,False,True
ENSG00000106049,HIBADH,13,24,decreasing,-0.0025119716972672,False,False,False,False
ENSG00000129003,VPS13C,13,23,decreasing,-0.0083882024131573,False,False,False,False
ENSG00000136758,YME1L1,13,24,decreasing,-0.0015819562870524,False,False,False,False
ENSG00000074266,EED,13,22,decreasing,-0.021622960657022,False,True,False,True
ENSG00000128989,ARPP19,13,22,decreasing,-0.0105158850715163,False,False,False,False
ENSG00000168214,RBPJ,13,23,decreasing,-0.0214971038142624,False,False,False,False
ENSG00000023287,RB1CC1,13,24,decreasing,-0.0220759144890166,False,False,False,False
ENSG00000083642,PDS5B,13,23,decreasing,3.959397993151454e-05,False,True,False,True
ENSG00000081913,PHLPP1,13,24,decreasing,-0.0072578349345755,False,True,False,True
ENSG00000163785,RYK,13,18,decreasing,-0.0088147630136259,False,False,False,False
ENSG00000145495,MARCHF6,13,24,decreasing,-0.0106768867384419,False,False,False,False
ENSG00000196821,ILRUN,13,24,decreasing,-0.0094720588320438,False,False,False,False
ENSG00000135605,TEC,13,17,decreasing,-0.0102284502984963,False,False,False,False
ENSG00000163947,ARHGEF3,13,23,decreasing,-0.0092924914624655,False,False,False,False
ENSG00000104450,SPAG1,13,24,decreasing,-0.0021063881954553,False,False,False,False
ENSG00000101665,SMAD7,13,23,decreasing,-0.0203849333521865,False,False,False,False
ENSG00000179981,TSHZ1,13,17,decreasing,-0.0183748863025361,False,False,False,False
ENSG00000254413,CHKB-CPT1B,13,20,decreasing,-0.0049753596782436,False,False,False,False
ENSG00000181222,POLR2A,13,18,decreasing,-0.0067065497713617,False,False,False,False
ENSG00000163602,RYBP,13,24,decreasing,0.0039589734954929,False,True,False,True
ENSG00000143442,POGZ,13,24,decreasing,-0.0117865589352962,False,False,False,False
ENSG00000198961,PJA2,13,24,decreasing,-0.0059593832583696,False,False,False,False
ENSG00000169826,CSGALNACT2,13,19,decreasing,-0.0036366009074144,False,False,False,False
ENSG00000110934,BIN2,13,24,decreasing,-0.0002482383854447,False,False,False,False
ENSG00000110395,CBL,13,24,decreasing,-0.017134294945294,True,True,False,True
ENSG00000168172,HOOK3,13,24,decreasing,-0.0012465930904569,True,False,False,False
ENSG00000145088,EAF2,13,24,decreasing,-0.0096135912740445,False,False,False,False
ENSG00000030066,NUP160,13,23,decreasing,-0.0122930358550738,False,False,False,False
ENSG00000111885,MAN1A1,13,24,decreasing,-0.0104743536101976,False,False,False,False
ENSG00000076108,BAZ2A,13,22,decreasing,-0.0216468083746723,False,False,False,False
ENSG00000106803,SEC61B,13,17,decreasing,-0.0317164234460545,False,False,False,False
ENSG00000170759,KIF5B,13,24,decreasing,-0.0053766238722985,True,False,False,False
ENSG00000078967,UBE2D4,13,22,decreasing,-0.0114990121772765,False,False,False,False
ENSG00000177917,ARL6IP6,13,19,decreasing,-0.0174439518740247,False,False,False,False
ENSG00000115419,GLS,13,24,decreasing,-0.0070610575271768,False,False,False,False
ENSG00000143158,MPC2,13,15,decreasing,-0.0034802125672997,False,False,False,False
ENSG00000017260,ATP2C1,13,23,decreasing,-0.0051048527738621,False,False,False,False
ENSG00000141425,RPRD1A,13,24,decreasing,-0.0192771613251481,False,False,False,False
ENSG00000183020,AP2A2,13,22,decreasing,-0.0025371515490897,False,False,False,False
ENSG00000038382,TRIO,13,23,decreasing,-0.0098379276100511,False,False,False,False
ENSG00000010270,STARD3NL,13,23,decreasing,-0.000482194481858,False,False,False,False
ENSG00000197694,SPTAN1,13,24,decreasing,0.0001319421727248,False,False,False,False
ENSG00000137073,UBAP2,13,23,decreasing,-0.0021652351323094,False,False,False,False
ENSG00000106617,PRKAG2,13,24,decreasing,-0.0034741847690309,False,False,False,False
ENSG00000129353,SLC44A2,13,23,decreasing,-0.0094172398667909,False,False,False,False
ENSG00000075711,DLG1,13,19,decreasing,-0.0203624889439361,False,False,False,False
ENSG00000168883,USP39,13,23,decreasing,-0.0286333451836747,False,False,False,False
ENSG00000151576,QTRT2,13,18,decreasing,-0.0243457089824766,False,False,False,False
ENSG00000059377,TBXAS1,13,24,decreasing,-0.0025254234762667,False,False,False,False
ENSG00000078081,LAMP3,13,20,decreasing,-0.0127733253144972,False,False,False,False
ENSG00000160584,SIK3,13,24,decreasing,-0.0035298019480978,False,False,False,False
ENSG00000273899,NOL12,13,24,decreasing,-0.0020223588553836,False,False,False,False
ENSG00000167523,SPATA33,13,22,decreasing,-0.0115866420441702,False,False,False,False
ENSG00000167635,ZNF146,13,23,decreasing,-0.0577349935424845,False,False,False,False
ENSG00000184939,ZFP90,13,23,decreasing,-0.0044705989029091,False,False,False,False
ENSG00000168710,AHCYL1,13,21,decreasing,-0.0081448002990409,False,False,False,False
ENSG00000048405,ZNF800,13,22,decreasing,-0.0236969166269853,False,False,False,False
ENSG00000197535,MYO5A,13,24,decreasing,-0.0237227038402795,True,True,True,False
ENSG00000134242,PTPN22,13,23,decreasing,-0.0081147541398242,False,False,False,False
ENSG00000102755,FLT1,13,22,decreasing,-0.001100708686445,False,True,True,False
ENSG00000064393,HIPK2,13,24,decreasing,-0.0097251225680383,False,False,False,False
ENSG00000037757,MRI1,13,22,decreasing,0.0330410609966967,False,False,False,False
ENSG00000138593,SECISBP2L,13,18,decreasing,-0.0092502025062678,False,False,False,False
ENSG00000272391,POM121C,13,22,decreasing,-0.0115775332323139,False,False,False,False
ENSG00000143641,GALNT2,13,23,decreasing,-0.0038307151172584,False,False,False,False
ENSG00000125741,OPA3,13,24,decreasing,-0.0485136220469454,False,False,False,False
ENSG00000173660,UQCRH,13,18,decreasing,-0.0065267939923673,False,False,False,False
ENSG00000104972,LILRB1,13,23,decreasing,-0.0113222653953777,False,False,False,False
ENSG00000163960,UBXN7,13,24,decreasing,0.0005090013012443,False,False,False,False
ENSG00000271949,AC093423.3,13,24,decreasing,-0.0408848934592234,False,False,False,False
ENSG00000100422,CERK,13,24,decreasing,-0.0049411442349131,False,False,False,False
ENSG00000185808,PIGP,13,23,decreasing,-0.0359445955777373,False,False,False,False
ENSG00000134852,CLOCK,13,24,decreasing,-0.0020602841589428,False,False,False,False
ENSG00000104388,RAB2A,13,24,decreasing,0.0014763357752467,False,False,False,False
ENSG00000124795,DEK,13,24,decreasing,-0.0133208900250273,True,True,True,False
ENSG00000129128,SPCS3,13,24,decreasing,-0.0004553973024317,False,False,False,False
ENSG00000023445,BIRC3,13,24,decreasing,-0.0178164718543097,True,True,False,False
ENSG00000134333,LDHA,13,23,decreasing,-0.0035607808082643,False,False,False,False
ENSG00000177030,DEAF1,13,23,decreasing,-0.0124506594467953,False,False,False,False
ENSG00000158161,EYA3,13,24,increasing,0.0134646935918896,False,False,False,False
ENSG00000177556,ATOX1,13,22,decreasing,-0.0045376626774149,False,False,False,False
ENSG00000068650,ATP11A,13,24,decreasing,0.0119029313714478,False,False,False,False
ENSG00000124788,ATXN1,13,24,decreasing,0.008727180604095,False,False,False,False
ENSG00000198707,CEP290,13,22,decreasing,-0.0026213828727465,False,False,False,False
ENSG00000103522,IL21R,13,24,decreasing,-0.0008335816053898,True,False,False,False
ENSG00000198821,CD247,13,23,increasing,0.020186774212158,False,False,False,False
ENSG00000115604,IL18R1,13,22,decreasing,-0.0153072691992846,False,False,False,False
ENSG00000028528,SNX1,13,24,decreasing,0.0057204548919399,False,False,False,False
ENSG00000025800,KPNA6,13,22,decreasing,-0.0067578117090007,False,False,False,False
ENSG00000023171,GRAMD1B,13,23,decreasing,-0.0059126169766859,False,False,False,False
ENSG00000186591,UBE2H,13,24,decreasing,-0.0039137319107643,False,False,False,False
ENSG00000181090,EHMT1,13,24,decreasing,-0.0094443201626455,False,False,False,False
ENSG00000139620,KANSL2,13,18,decreasing,-0.0136874163380706,False,False,False,False
ENSG00000173276,ZBTB21,13,23,decreasing,-0.0070580507539499,False,False,False,False
ENSG00000171316,CHD7,13,24,decreasing,-0.0207706001513951,False,False,False,False
ENSG00000149187,CELF1,13,24,decreasing,-0.008680231590792,False,False,False,False
ENSG00000111667,USP5,13,17,decreasing,-0.0101003586348465,False,False,False,False
ENSG00000196757,ZNF700,13,23,decreasing,-0.0014849804581193,False,False,False,False
ENSG00000166135,HIF1AN,13,23,decreasing,-0.0058476460439578,False,False,False,False
ENSG00000126821,SGPP1,13,21,decreasing,-0.0109890727559936,False,False,False,False
ENSG00000183513,COA5,13,21,decreasing,-0.0172870659877583,False,False,False,False
ENSG00000270181,BIVM-ERCC5,13,24,decreasing,-0.0084687047838731,False,False,False,False
ENSG00000244754,N4BP2L2,13,24,decreasing,-0.0096529185352566,False,False,False,False
ENSG00000052841,TTC17,13,19,decreasing,-0.0165956900757682,False,False,False,False
ENSG00000085760,MTIF2,13,18,decreasing,-0.0183161486544711,False,False,False,False
ENSG00000168564,CDKN2AIP,12,22,decreasing,-0.0090285966434184,False,False,False,False
ENSG00000147459,DOCK5,12,24,decreasing,-0.0110424149170776,False,False,False,False
ENSG00000174574,AKIRIN1,12,22,decreasing,-0.0055233272867183,False,False,False,False
ENSG00000183023,SLC8A1,12,24,decreasing,0.0007055594309567,False,False,False,False
ENSG00000248643,RBM14-RBM4,12,22,decreasing,0.0125407704548907,False,False,False,False
ENSG00000258790,AL121594.1,12,24,decreasing,-0.0029985617862653,False,False,False,False
ENSG00000285827,AP001267.5,12,24,decreasing,-0.0052692177833899,False,False,False,False
ENSG00000010803,SCMH1,12,23,decreasing,-0.0243307146553231,False,False,False,False
ENSG00000065243,PKN2,12,24,decreasing,-0.0160224984171421,False,False,False,False
ENSG00000198873,GRK5,12,24,decreasing,-0.0035052291580044,False,False,False,False
ENSG00000079950,STX7,12,24,decreasing,-0.0240831367098476,False,False,False,False
ENSG00000101337,TM9SF4,12,19,decreasing,-0.0108892585037442,False,False,False,False
ENSG00000175387,SMAD2,12,23,decreasing,-0.0402474367374775,True,True,False,True
ENSG00000100554,ATP6V1D,12,23,decreasing,-0.0066928524390137,False,False,False,False
ENSG00000176046,NUPR1,12,21,decreasing,-0.0065943808155373,False,False,False,False
ENSG00000158321,AUTS2,12,24,decreasing,-0.0144678619548573,False,False,False,False
ENSG00000140740,UQCRC2,12,23,decreasing,0.0003988353137143,False,False,False,False
ENSG00000112893,MAN2A1,12,23,decreasing,-0.0067088802431308,False,False,False,False
ENSG00000133789,SWAP70,12,22,decreasing,-0.0130752907739462,False,False,False,False
ENSG00000167703,SLC43A2,12,23,decreasing,-0.0100218917336818,False,False,False,False
ENSG00000122218,COPA,12,24,decreasing,-0.0085076735286863,False,False,False,False
ENSG00000163644,PPM1K,12,21,decreasing,-0.0051579149371057,False,False,False,False
ENSG00000101882,NKAP,12,18,decreasing,-0.0082028757521508,False,False,False,False
ENSG00000070214,SLC44A1,12,18,decreasing,-0.0072058003510355,False,False,False,False
ENSG00000156504,FAM122B,12,17,decreasing,0.0022477142737393,False,False,False,False
ENSG00000166181,API5,12,23,decreasing,-0.017908822166659,False,False,False,False
ENSG00000169756,LIMS1,12,19,decreasing,-0.0375406358908995,False,False,False,False
ENSG00000176142,TMEM39A,12,23,decreasing,-0.0056858263528816,False,False,False,False
ENSG00000178996,SNX18,12,23,decreasing,-0.0009452860820289,False,False,False,False
ENSG00000078369,GNB1,12,24,decreasing,-0.015357190948915,False,True,True,False
ENSG00000100034,PPM1F,12,23,decreasing,-0.002014803131708,False,False,False,False
ENSG00000140575,IQGAP1,12,24,decreasing,0.0010949889980417,False,True,True,False
ENSG00000173744,AGFG1,12,24,decreasing,-0.0099551346389058,False,False,False,False
ENSG00000198380,GFPT1,12,23,decreasing,-0.0012591288112168,False,False,False,False
ENSG00000257103,LSM14A,12,24,decreasing,-0.003222523790436,False,False,False,False
ENSG00000095066,HOOK2,12,19,decreasing,-0.0058273189193617,False,False,False,False
ENSG00000132329,RAMP1,12,15,decreasing,-0.0114132796593549,False,False,False,False
ENSG00000173575,CHD2,12,23,decreasing,-0.0058029599699634,False,True,False,True
ENSG00000269335,IKBKG,12,14,decreasing,-0.0109148173635585,False,False,False,False
ENSG00000006831,ADIPOR2,12,24,decreasing,-0.0137708265030663,False,False,False,False
ENSG00000133961,NUMB,12,24,decreasing,-0.0186713780818793,False,False,False,False
ENSG00000260916,CCPG1,12,23,decreasing,-0.0101959432451885,False,False,False,False
ENSG00000111859,NEDD9,12,24,decreasing,-0.0191576219934327,False,False,False,False
ENSG00000132155,RAF1,12,24,decreasing,-0.0065820818142054,True,True,True,False
ENSG00000068878,PSME4,12,24,decreasing,-0.0103257984330313,False,False,False,False
ENSG00000122862,SRGN,12,24,decreasing,-0.0059786037231621,False,False,False,False
ENSG00000213204,AL049697.1,12,17,decreasing,-0.0050065573728194,False,False,False,False
ENSG00000135870,RC3H1,12,24,decreasing,-0.0490549895007532,False,False,False,False
ENSG00000273136,NBPF26,12,24,decreasing,0.0005766153883391,False,False,False,False
ENSG00000075413,MARK3,12,24,decreasing,-0.0056488470554399,False,False,False,False
ENSG00000153558,FBXL2,12,22,decreasing,-0.0056885291064308,False,False,False,False
ENSG00000165501,LRR1,12,19,decreasing,-0.0445636520787336,False,False,False,False
ENSG00000239605,STPG4,12,21,decreasing,-0.0112247393707152,False,False,False,False
ENSG00000078687,TNRC6C,12,24,decreasing,-0.027850502991443,False,False,False,False
ENSG00000130560,UBAC1,12,18,decreasing,-0.0011193348112326,False,False,False,False
ENSG00000160194,NDUFV3,12,22,decreasing,-0.0226988755849689,False,False,False,False
ENSG00000168411,RFWD3,12,22,decreasing,-0.0070860031021914,False,False,False,False
ENSG00000286185,AC242842.3,12,24,decreasing,-0.0206651569550641,False,False,False,False
ENSG00000125834,STK35,12,15,decreasing,-0.016710603752641,False,False,False,False
ENSG00000132570,PCBD2,12,15,decreasing,-0.0130239057632625,False,False,False,False
ENSG00000100883,SRP54,12,17,decreasing,-0.0079155771743051,False,False,False,False
ENSG00000083828,ZNF586,12,22,decreasing,-0.0316782388652831,False,False,False,False
ENSG00000127124,HIVEP3,12,24,decreasing,-0.0012422891892519,False,False,False,False
ENSG00000151474,FRMD4A,12,23,decreasing,-0.0142211579436476,False,False,False,False
ENSG00000186073,C15orf41,12,16,decreasing,-0.0080626035652723,False,False,False,False
ENSG00000166825,ANPEP,12,23,decreasing,-0.0042575261646146,False,False,False,False
ENSG00000021776,AQR,12,21,decreasing,-0.0051202444252137,False,False,False,False
ENSG00000186469,GNG2,12,24,decreasing,-0.0061680532900576,False,False,False,False
ENSG00000171051,FPR1,12,20,decreasing,-0.0047339223323707,False,False,False,False
ENSG00000138639,ARHGAP24,12,19,decreasing,-0.0061788578100547,False,False,False,False
ENSG00000115896,PLCL1,12,23,decreasing,-0.0036846779420471,False,False,False,False
ENSG00000116514,RNF19B,12,23,decreasing,-0.0031236210570857,False,False,False,False
ENSG00000130921,C12orf65,12,24,decreasing,-0.0028365365343218,False,False,False,False
ENSG00000143970,ASXL2,12,24,decreasing,-0.0113798599281146,False,True,False,True
ENSG00000153283,CD96,12,24,decreasing,-0.0112615123391333,False,False,False,False
ENSG00000164483,SAMD3,12,21,decreasing,-0.0607745377436382,False,False,False,False
ENSG00000121989,ACVR2A,12,22,decreasing,-0.0014134128701474,True,True,False,False
ENSG00000003436,TFPI,12,17,decreasing,-0.0088133539929451,False,False,False,False
ENSG00000100532,CGRRF1,12,14,decreasing,-0.0101642228863264,False,False,False,False
ENSG00000118705,RPN2,12,22,decreasing,-0.0160938644544614,False,False,False,False
ENSG00000169402,RSPH10B2,12,15,decreasing,-0.0089998292097411,False,False,False,False
ENSG00000170323,FABP4,12,19,decreasing,-0.0097308905850907,False,False,False,False
ENSG00000197872,FAM49A,12,24,decreasing,-0.010349812726176,False,False,False,False
ENSG00000143919,CAMKMT,12,24,decreasing,0.002640434589583,False,False,False,False
ENSG00000090060,PAPOLA,12,24,decreasing,-0.0043548230204619,False,False,False,False
ENSG00000125871,MGME1,12,22,decreasing,0.0014526595290536,False,False,False,False
ENSG00000134954,ETS1,12,24,decreasing,-0.0181155118454671,False,True,False,False
ENSG00000196935,SRGAP1,12,19,decreasing,-0.0044621163857016,False,False,False,False
ENSG00000081237,PTPRC,12,24,decreasing,-0.0048260101672225,True,False,False,False
ENSG00000138119,MYOF,12,24,decreasing,0.0037111095248876,False,False,False,False
ENSG00000102531,FNDC3A,12,24,decreasing,-0.0125699354061737,False,False,False,False
ENSG00000160551,TAOK1,12,24,decreasing,0.0008909241832964,False,False,False,False
ENSG00000078043,PIAS2,12,23,decreasing,-0.0703645830273802,False,False,False,False
ENSG00000285547,AL133500.1,12,24,decreasing,-0.0411827407288426,False,False,False,False
ENSG00000265491,RNF115,12,24,decreasing,0.0037097727891866,False,False,False,False
ENSG00000105656,ELL,12,24,decreasing,-0.0036975338657412,True,True,True,False
ENSG00000109787,KLF3,12,19,decreasing,-0.0247345132774828,False,True,False,True
ENSG00000165487,MICU2,12,23,decreasing,-0.0027012881540235,False,False,False,False
ENSG00000182473,EXOC7,12,23,decreasing,-0.010913796938258,False,False,False,False
ENSG00000109180,OCIAD1,12,23,decreasing,-0.0338363537136616,False,False,False,False
ENSG00000001630,CYP51A1,12,24,decreasing,-0.0005599015606694,False,False,False,False
ENSG00000088808,PPP1R13B,12,19,decreasing,-0.0006324542225901,False,False,False,False
ENSG00000101577,LPIN2,12,23,decreasing,-0.0081852164150202,False,False,False,False
ENSG00000152818,UTRN,12,24,decreasing,-0.0054298435412922,False,False,False,False
ENSG00000171612,SLC25A33,12,24,decreasing,-0.0130936157802464,False,False,False,False
ENSG00000108582,CPD,12,24,decreasing,0.0003844270489884,False,False,False,False
ENSG00000135976,ANKRD36,12,21,decreasing,-0.0018503839742572,False,False,False,False
ENSG00000162980,ARL5A,12,19,decreasing,-0.0299185107561526,False,False,False,False
ENSG00000164934,DCAF13,12,23,decreasing,-0.0056102581727998,False,False,False,False
ENSG00000184110,EIF3C,12,24,decreasing,-0.0073318420690282,False,False,False,False
ENSG00000184384,MAML2,12,24,decreasing,-0.0055119452794608,True,True,False,False
ENSG00000196428,TSC22D2,12,24,decreasing,-0.0063714625978199,False,False,False,False
ENSG00000109670,FBXW7,12,24,decreasing,0.0122460247442365,True,True,False,True
ENSG00000115525,ST3GAL5,12,15,decreasing,-0.0501831421862033,False,False,False,False
ENSG00000138768,USO1,12,23,decreasing,-0.0072476679621775,False,False,False,False
ENSG00000115963,RND3,12,15,decreasing,-0.0090155927915256,False,False,False,False
ENSG00000158467,AHCYL2,12,24,decreasing,-0.0030646823345863,False,False,False,False
ENSG00000142864,SERBP1,12,23,decreasing,-0.0446506753424618,False,False,False,False
ENSG00000067182,TNFRSF1A,12,23,decreasing,-0.0302055804834828,False,False,False,False
ENSG00000110756,HPS5,12,24,decreasing,-0.0107048298701681,False,False,False,False
ENSG00000106785,TRIM14,12,24,decreasing,-0.0078746692554156,False,False,False,False
ENSG00000114796,KLHL24,12,24,decreasing,-0.0031987988440485,False,False,False,False
ENSG00000179094,PER1,12,22,decreasing,-0.0117671746327649,True,False,False,False
ENSG00000155380,SLC16A1,12,24,decreasing,-0.050556971197961,False,False,False,False
ENSG00000139697,SBNO1,12,24,decreasing,-0.0112993660542194,False,False,False,False
ENSG00000069020,MAST4,12,19,decreasing,-0.0314014872997006,False,False,False,False
ENSG00000133065,SLC41A1,12,23,decreasing,0.0063733273984468,False,False,False,False
ENSG00000221978,CCNL2,12,24,decreasing,-0.0544842742884432,False,False,False,False
ENSG00000135269,TES,12,22,decreasing,-0.0246071890486958,False,False,False,False
ENSG00000167632,TRAPPC9,12,24,decreasing,-0.0118493385411023,False,False,False,False
ENSG00000185864,NPIPB4,12,18,decreasing,-0.0177434415204868,False,False,False,False
ENSG00000089094,KDM2B,12,24,decreasing,-0.0089375533831297,False,False,False,False
ENSG00000109861,CTSC,12,23,decreasing,-0.0036981997595103,False,False,False,False
ENSG00000132424,PNISR,12,23,decreasing,-0.0333952269304348,False,False,False,False
ENSG00000133114,GPALPP1,12,22,increasing,0.0051620116990277,False,False,False,False
ENSG00000117620,SLC35A3,12,19,decreasing,-0.017449654045655,False,False,False,False
ENSG00000165406,MARCHF8,12,17,decreasing,-0.0066079209093629,False,False,False,False
ENSG00000147174,GCNA,12,17,decreasing,0.008440675363079,False,False,False,False
ENSG00000111596,CNOT2,12,24,decreasing,-0.0139086970210575,False,False,False,False
ENSG00000183354,KIAA2026,12,23,decreasing,-0.0117489681593,False,False,False,False
ENSG00000205323,SARNP,12,24,decreasing,-0.001720628385625,False,False,False,False
ENSG00000256087,ZNF432,12,22,decreasing,-0.0361943776884913,False,False,False,False
ENSG00000128791,TWSG1,12,24,decreasing,0.0102173122046854,False,False,False,False
ENSG00000107036,RIC1,12,23,decreasing,-0.0034084164622368,False,False,False,False
ENSG00000181027,FKRP,12,16,decreasing,-0.0116201993832882,False,False,False,False
ENSG00000070731,ST6GALNAC2,12,17,decreasing,-0.0079099170028751,False,False,False,False
ENSG00000103148,NPRL3,12,23,decreasing,-0.0185408638831381,False,False,False,False
ENSG00000034152,MAP2K3,12,23,decreasing,-0.0053598321524742,False,False,False,False
ENSG00000163694,RBM47,12,24,decreasing,-0.004304324457222,False,False,False,False
ENSG00000159322,ADPGK,12,24,decreasing,-0.0212009310764536,False,False,False,False
ENSG00000121892,PDS5A,12,23,decreasing,0.0308834719977646,False,False,False,False
ENSG00000185651,UBE2L3,12,19,decreasing,-0.012255445167513,False,False,False,False
ENSG00000032389,EIPR1,12,23,decreasing,0.0005889334363977,False,False,False,False
ENSG00000081181,ARG2,12,23,decreasing,-0.0046570296864689,False,False,False,False
ENSG00000099622,CIRBP,12,19,decreasing,-0.0219081348440689,False,False,False,False
ENSG00000137776,SLTM,12,19,decreasing,-0.0114521757462056,False,False,False,False
ENSG00000140374,ETFA,12,23,decreasing,-0.0086414206050452,False,False,False,False
ENSG00000135040,NAA35,12,24,decreasing,-0.0034526965663875,False,False,False,False
ENSG00000154930,ACSS1,12,18,decreasing,-0.003203636656478,False,False,False,False
ENSG00000166272,WBP1L,12,23,decreasing,-0.0133310944941901,False,False,False,False
ENSG00000174606,ANGEL2,12,24,decreasing,0.0060021843016671,False,False,False,False
ENSG00000156304,SCAF4,12,24,decreasing,0.0103552079392608,False,False,False,False
ENSG00000048740,CELF2,12,24,decreasing,-0.0085068793629561,False,False,False,False
ENSG00000123983,ACSL3,12,24,decreasing,0.0015094163380817,True,False,False,False
ENSG00000132952,USPL1,12,22,decreasing,-0.013393442031951,False,False,False,False
ENSG00000139218,SCAF11,12,24,decreasing,0.0101750941806796,False,False,False,False
ENSG00000075539,FRYL,12,24,decreasing,-0.0082678838227619,False,False,False,False
ENSG00000078699,CBFA2T2,12,24,decreasing,-4.946842372550845e-05,False,False,False,False
ENSG00000131323,TRAF3,12,24,decreasing,-0.0060951779917656,False,True,False,True
ENSG00000143614,GATAD2B,12,24,decreasing,-0.0078344566948946,False,False,False,False
ENSG00000163605,PPP4R2,12,23,decreasing,0.0067627718517486,False,True,False,False
ENSG00000123552,USP45,12,17,decreasing,-0.0123846153830618,False,False,False,False
ENSG00000115112,TFCP2L1,12,23,decreasing,-0.0399604487728124,False,False,False,False
ENSG00000120162,MOB3B,12,21,decreasing,-0.0041487133229312,False,True,False,True
ENSG00000145675,PIK3R1,12,19,decreasing,-0.004592833410227,True,True,False,True
ENSG00000131389,SLC6A6,12,24,decreasing,-0.001703544632108,False,False,False,False
ENSG00000122068,FYTTD1,12,18,decreasing,-0.0156848471422163,False,False,False,False
ENSG00000058668,ATP2B4,12,24,decreasing,-0.003123258670127,False,False,False,False
ENSG00000090273,NUDC,12,23,decreasing,-0.0050427874726107,False,False,False,False
ENSG00000123095,BHLHE41,12,19,decreasing,-0.0151530101144619,False,False,False,False
ENSG00000115816,CEBPZ,12,22,decreasing,-0.0081001024057424,False,False,False,False
ENSG00000136603,SKIL,11,24,decreasing,-0.0050176411117004,False,False,False,False
ENSG00000147526,TACC1,11,24,decreasing,0.0413600474490037,False,False,False,False
ENSG00000102699,PARP4,11,24,decreasing,-0.0020191714269247,False,False,False,False
ENSG00000087589,CASS4,11,23,decreasing,-0.0043621514309949,False,False,False,False
ENSG00000053254,FOXN3,11,24,decreasing,-0.008069782986143,False,False,False,False
ENSG00000007168,PAFAH1B1,11,24,increasing,0.0024136932840812,False,False,False,False
ENSG00000134882,UBAC2,11,19,decreasing,-0.0066701103843191,False,False,False,False
ENSG00000197951,ZNF71,11,14,decreasing,-0.0077073239916526,False,False,False,False
ENSG00000248905,FMN1,11,23,decreasing,-0.0011670436744806,False,False,False,False
ENSG00000198742,SMURF1,11,24,decreasing,-0.0036646476057594,False,False,False,False
ENSG00000164938,TP53INP1,11,17,decreasing,-0.0046181119622395,False,False,False,False
ENSG00000170871,KIAA0232,11,24,decreasing,-0.0098566422419965,False,False,False,False
ENSG00000178974,FBXO34,11,24,decreasing,-0.0031113647150711,False,False,False,False
ENSG00000169084,DHRSX,11,24,decreasing,-0.0330395402294074,False,False,False,False
ENSG00000174796,THAP6,11,18,decreasing,-0.0145860584353746,False,False,False,False
ENSG00000197548,ATG7,11,24,decreasing,0.0520995119045405,False,False,False,False
ENSG00000051009,FAM160A2,11,20,decreasing,-0.0242459219404466,False,False,False,False
ENSG00000102858,MGRN1,11,23,decreasing,-0.0054718226907395,False,False,False,False
ENSG00000107929,LARP4B,11,24,decreasing,-0.0084451535867177,False,True,False,False
ENSG00000110090,CPT1A,11,24,decreasing,-0.0141228015935352,False,False,False,False
ENSG00000115008,IL1A,11,15,decreasing,-0.0063890602948442,False,False,False,False
ENSG00000115464,USP34,11,24,decreasing,-0.0020988306293894,False,False,False,False
ENSG00000147421,HMBOX1,11,24,decreasing,-0.00933589574229,False,False,False,False
ENSG00000234444,ZNF736,11,20,decreasing,-0.0060435864435061,False,False,False,False
ENSG00000035403,VCL,11,24,decreasing,-0.0044303700897844,False,False,False,False
ENSG00000070770,CSNK2A2,11,24,decreasing,-0.0118110741748958,False,False,False,False
ENSG00000082996,RNF13,11,24,decreasing,-0.0315991086748248,False,False,False,False
ENSG00000143190,POU2F1,11,24,increasing,0.0026364182040813,False,False,False,False
ENSG00000108599,AKAP10,11,23,decreasing,-0.0065957828545296,False,False,False,False
ENSG00000149761,NUDT22,11,17,decreasing,-0.0091194462583211,False,False,False,False
ENSG00000120690,ELF1,11,24,decreasing,-0.0042754807045403,False,False,False,False
ENSG00000138613,APH1B,11,23,decreasing,-0.0067488856143926,False,False,False,False
ENSG00000136381,IREB2,11,23,decreasing,-0.0017493360496731,False,False,False,False
ENSG00000133104,SPART,11,22,decreasing,-0.0100540937714877,False,False,False,False
ENSG00000122884,P4HA1,11,24,decreasing,-0.007473508087653,False,False,False,False
ENSG00000145779,TNFAIP8,11,24,decreasing,0.002707760514239,False,False,False,False
ENSG00000182606,TRAK1,11,24,increasing,0.005094592705359,False,False,False,False
ENSG00000166377,ATP9B,11,24,decreasing,0.0031114256122134,False,False,False,False
ENSG00000105855,ITGB8,11,21,decreasing,-0.0207584346742366,False,False,False,False
ENSG00000138081,FBXO11,11,24,decreasing,-4.789010451617295e-05,True,True,False,True
ENSG00000183011,NAA38,11,16,decreasing,-0.0090266445817438,False,False,False,False
ENSG00000039123,MTREX,11,24,decreasing,-0.0072773316551335,False,False,False,False
ENSG00000054983,GALC,11,18,decreasing,-0.0059928657234766,False,False,False,False
ENSG00000118217,ATF6,11,24,decreasing,-0.0208886892720818,False,False,False,False
ENSG00000147124,ZNF41,11,17,decreasing,-0.0080397044116321,False,False,False,False
ENSG00000166233,ARIH1,11,24,decreasing,0.000643086751259,False,False,False,False
ENSG00000183340,JRKL,11,15,decreasing,-0.0047744908116243,False,False,False,False
ENSG00000196776,CD47,11,24,decreasing,-0.0149304511063906,False,False,False,False
ENSG00000074319,TSG101,11,24,decreasing,-0.0062877694630152,False,False,False,False
ENSG00000119541,VPS4B,11,24,decreasing,0.0031195799304285,False,False,False,False
ENSG00000144426,NBEAL1,11,24,decreasing,0.0050578777925987,False,False,False,False
ENSG00000170776,AKAP13,11,24,decreasing,-0.0031368918881301,False,False,False,False
ENSG00000173166,RAPH1,11,19,decreasing,-0.0086389962691706,False,False,False,False
ENSG00000175115,PACS1,11,24,decreasing,0.0045363860242259,False,False,False,False
ENSG00000176597,B3GNT5,11,23,decreasing,-0.0140039200880355,False,False,False,False
ENSG00000081985,IL12RB2,11,24,increasing,0.0265707782869293,False,False,False,False
ENSG00000102898,NUTF2,11,21,decreasing,-0.0191113340319017,False,False,False,False
ENSG00000104219,ZDHHC2,11,18,decreasing,-0.007524790348392,False,False,False,False
ENSG00000121274,TENT4B,11,24,decreasing,0.0028426254890619,False,False,False,False
ENSG00000132694,ARHGEF11,11,21,decreasing,-0.0117305662055018,False,False,False,False
ENSG00000132388,UBE2G1,11,24,decreasing,-0.002626884727742,False,False,False,False
ENSG00000133275,CSNK1G2,11,23,decreasing,-0.0024026234635569,False,False,False,False
ENSG00000141198,TOM1L1,11,17,decreasing,-0.008956429635094,False,False,False,False
ENSG00000084676,NCOA1,11,24,decreasing,-0.0083978932797111,True,False,False,False
ENSG00000128536,CDHR3,11,17,decreasing,-0.0042039771110936,False,False,False,False
ENSG00000008128,CDK11A,11,23,decreasing,-0.0286855585588751,False,False,False,False
ENSG00000112576,CCND3,11,24,decreasing,-0.0143884426661995,True,True,True,False
ENSG00000133962,CATSPERB,11,21,decreasing,-0.0199736808453267,False,False,False,False
ENSG00000154127,UBASH3B,11,24,decreasing,-0.01654797233396,False,False,False,False
ENSG00000083520,DIS3,11,22,decreasing,-0.0029825658184937,False,True,False,True
ENSG00000117713,ARID1A,11,22,decreasing,-0.0022608584299843,True,True,False,True
ENSG00000134644,PUM1,11,21,decreasing,-0.0094183436099877,False,True,False,False
ENSG00000029363,BCLAF1,11,19,decreasing,-0.0055523179485418,False,False,False,False
ENSG00000133112,TPT1,11,24,decreasing,-0.0049034914997335,False,False,False,False
ENSG00000005379,TSPOAP1,11,15,decreasing,-0.0022014885444969,False,False,False,False
ENSG00000136122,BORA,11,19,decreasing,-0.008530858519498,False,False,False,False
ENSG00000213347,MXD3,11,15,decreasing,-0.0136370224836593,False,False,False,False
ENSG00000117091,CD48,11,15,decreasing,-0.0064720787145152,False,False,False,False
ENSG00000154640,BTG3,11,17,decreasing,-0.0019858369136856,False,False,False,False
ENSG00000186431,FCAR,11,15,decreasing,-0.0074747661977275,False,False,False,False
ENSG00000196730,DAPK1,11,24,decreasing,-0.0033798796889965,False,False,False,False
ENSG00000286106,AC253572.1,11,24,decreasing,-0.0030414218276614,False,False,False,False
ENSG00000031081,ARHGAP31,11,24,decreasing,-0.0111489393482048,False,False,False,False
ENSG00000003509,NDUFAF7,11,24,decreasing,-0.0106712424327868,False,False,False,False
ENSG00000069702,TGFBR3,11,18,decreasing,-0.0054902668794191,False,False,False,False
ENSG00000145982,FARS2,11,24,decreasing,-0.0130527581630998,False,False,False,False
ENSG00000135297,MTO1,11,23,decreasing,-0.0062946331098217,False,False,False,False
ENSG00000151893,CACUL1,11,19,decreasing,-0.0046105694413439,False,False,False,False
ENSG00000139793,MBNL2,11,23,decreasing,-0.0035088408592547,False,False,False,False
ENSG00000117523,PRRC2C,11,24,decreasing,0.0090475264427966,False,False,False,False
ENSG00000197555,SIPA1L1,11,19,decreasing,-0.0033020491278773,False,False,False,False
ENSG00000113456,RAD1,11,23,decreasing,-0.0039989854681636,False,False,False,False
ENSG00000104812,GYS1,11,21,decreasing,-0.0108549605861465,False,False,False,False
ENSG00000219545,UMAD1,11,23,decreasing,-0.0059663548881573,False,False,False,False
ENSG00000133812,SBF2,11,24,decreasing,-0.0050317855177266,False,False,False,False
ENSG00000163512,AZI2,11,22,decreasing,-0.0058564815049236,False,False,False,False
ENSG00000163539,CLASP2,11,24,decreasing,-0.01696822960139,False,False,False,False
ENSG00000178809,TRIM73,11,18,decreasing,-0.0123423275460391,False,False,False,False
ENSG00000123104,ITPR2,11,24,decreasing,0.0005122500299666,False,False,False,False
ENSG00000161654,LSM12,11,18,decreasing,-0.0053073566109549,False,False,False,False
ENSG00000166225,FRS2,11,19,decreasing,-0.0003692687339094,False,True,True,False
ENSG00000174373,RALGAPA1,11,24,decreasing,-0.003902391581233,False,False,False,False
ENSG00000048828,FAM120A,11,24,decreasing,-0.0042830121198367,False,False,False,False
ENSG00000114416,FXR1,11,24,increasing,0.0143306374815573,False,False,False,False
ENSG00000163297,ANTXR2,11,19,decreasing,-0.0102205240754046,False,False,False,False
ENSG00000172578,KLHL6,11,23,decreasing,-0.0029410283987554,False,True,False,True
ENSG00000130775,THEMIS2,11,19,decreasing,-0.004628111429581,False,False,False,False
ENSG00000172375,C2CD2L,11,21,decreasing,-0.027330746757765,False,False,False,False
ENSG00000102780,DGKH,11,21,decreasing,-0.0078508964837369,False,False,False,False
ENSG00000123329,ARHGAP9,11,16,decreasing,-0.0182872911412898,False,False,False,False
ENSG00000131263,RLIM,11,23,decreasing,-0.007776331369267,False,False,False,False
ENSG00000143106,PSMA5,11,22,decreasing,-0.0153059995040966,False,False,False,False
ENSG00000153310,FAM49B,11,24,decreasing,-0.0033826380242938,False,False,False,False
ENSG00000197965,MPZL1,11,17,decreasing,-0.002105458554277,False,False,False,False
ENSG00000198876,DCAF12,11,17,decreasing,-0.0023525685956399,False,False,False,False
ENSG00000264545,AL359922.1,11,22,decreasing,-0.0051396349679594,False,False,False,False
ENSG00000275066,SYNRG,11,24,decreasing,-0.0064355524183889,False,False,False,False
ENSG00000182985,CADM1,11,19,decreasing,-0.0038153885335724,False,False,False,False
ENSG00000100852,ARHGAP5,11,24,decreasing,-0.0052968534160607,False,False,False,False
ENSG00000117461,PIK3R3,11,23,decreasing,-0.0209301633983585,False,True,False,True
ENSG00000131697,NPHP4,11,23,decreasing,-0.0022819684629492,False,False,False,False
ENSG00000144724,PTPRG,11,19,decreasing,-0.0197479853088489,False,False,False,False
ENSG00000163428,LRRC58,11,16,decreasing,-0.0131158165488871,False,False,False,False
ENSG00000113742,CPEB4,11,23,decreasing,-0.010984730113501,False,False,False,False
ENSG00000119820,YIPF4,11,23,decreasing,-0.0019668881084004,False,False,False,False
ENSG00000196712,NF1,11,24,decreasing,-0.0018884403241139,True,True,False,True
ENSG00000117758,STX12,11,23,decreasing,-0.0052325389504968,False,False,False,False
ENSG00000180233,ZNRF2,11,23,increasing,0.0059497090858137,False,False,False,False
ENSG00000157827,FMNL2,11,24,decreasing,-0.0053234636325752,False,False,False,False
ENSG00000097021,ACOT7,11,23,decreasing,0.0064121484417737,False,False,False,False
ENSG00000127663,KDM4B,11,19,decreasing,-0.0212264535517166,False,False,False,False
ENSG00000176390,CRLF3,11,24,decreasing,-0.0246229110865339,False,False,False,False
ENSG00000002586,CD99,11,24,decreasing,-0.0096803030183465,False,False,False,False
ENSG00000138600,SPPL2A,11,24,decreasing,-0.0018721941107596,False,False,False,False
ENSG00000149311,ATM,11,23,decreasing,-0.0019609073872713,True,True,False,True
ENSG00000170542,SERPINB9,11,24,decreasing,-0.0005208226438753,False,False,False,False
ENSG00000172992,DCAKD,11,22,decreasing,0.010320456068122,False,False,False,False
ENSG00000188554,NBR1,11,22,decreasing,-0.0136386013016602,False,False,False,False
ENSG00000244734,HBB,11,22,decreasing,-0.0094481412148494,False,False,False,False
ENSG00000108510,MED13,11,24,decreasing,0.0120064408291599,False,False,False,False
ENSG00000133318,RTN3,11,24,decreasing,-0.0091101085417334,False,False,False,False
ENSG00000127947,PTPN12,11,24,decreasing,-0.0055272745348007,False,False,False,False
ENSG00000135541,AHI1,11,24,decreasing,-0.0055555831492037,False,False,False,False
ENSG00000145439,CBR4,11,24,decreasing,0.0038123018393812,False,False,False,False
ENSG00000272886,DCP1A,11,23,decreasing,0.0114353487259647,False,False,False,False
ENSG00000162923,WDR26,11,24,decreasing,-0.0044031848672675,False,False,False,False
ENSG00000047634,SCML1,11,14,decreasing,-0.0429465757854599,False,False,False,False
ENSG00000015475,BID,11,23,increasing,0.0035683716554693,False,False,False,False
ENSG00000111790,FGFR1OP2,11,22,decreasing,-0.0193487459982575,False,False,False,False
ENSG00000143669,LYST,11,24,decreasing,0.0050522350536063,False,False,False,False
ENSG00000110075,PPP6R3,11,24,decreasing,-0.0101135772742743,False,False,False,False
ENSG00000129315,CCNT1,11,19,decreasing,-0.0048064600287209,False,False,False,False
ENSG00000168685,IL7R,11,23,decreasing,-0.0202748575084748,True,True,True,False
ENSG00000055208,TAB2,11,23,decreasing,-0.0045226565172702,False,False,False,False
ENSG00000117000,RLF,11,24,decreasing,0.0005257956126294,False,False,False,False
ENSG00000155329,ZCCHC10,11,24,increasing,-0.0016540866144609,False,False,False,False
ENSG00000119772,DNMT3A,11,23,decreasing,-0.004654641806382,True,True,False,True
ENSG00000145016,RUBCN,11,23,decreasing,-0.0264101695828445,False,False,False,False
ENSG00000116815,CD58,11,23,increasing,0.000733803137155,False,True,False,True
ENSG00000175105,ZNF654,11,24,decreasing,-0.0182235789281909,False,False,False,False
ENSG00000115306,SPTBN1,11,23,decreasing,-0.0330895024485877,False,False,False,False
ENSG00000067900,ROCK1,11,24,decreasing,-0.012045177083435,False,False,False,False
ENSG00000135540,NHSL1,11,23,decreasing,-0.00590993444736,False,False,False,False
ENSG00000156642,NPTN,11,22,decreasing,-0.0007945756484935,False,False,False,False
ENSG00000161057,PSMC2,11,20,decreasing,-0.006284930369509,False,False,False,False
ENSG00000175224,ATG13,11,24,decreasing,0.0002184322194725,False,False,False,False
ENSG00000185829,ARL17A,11,24,decreasing,-0.0058324661139287,False,False,False,False
ENSG00000029725,RABEP1,11,23,decreasing,-0.0020986801929095,True,False,False,False
ENSG00000145592,RPL37,11,23,decreasing,-0.0133450559874147,False,False,False,False
ENSG00000163848,ZNF148,11,24,decreasing,-0.0104993107164696,False,False,False,False
ENSG00000173193,PARP14,11,24,decreasing,-0.0044651829657976,False,False,False,False
ENSG00000241839,PLEKHO2,11,17,decreasing,-0.0166179620316527,False,False,False,False
ENSG00000145901,TNIP1,11,19,decreasing,-0.0189461370657007,False,False,False,False
ENSG00000118200,CAMSAP2,11,23,decreasing,0.0032641278453682,False,False,False,False
ENSG00000159459,UBR1,11,24,decreasing,-0.0203960306927344,False,False,False,False
ENSG00000166848,TERF2IP,11,23,decreasing,0.0418116905644198,False,False,False,False
ENSG00000134255,CEPT1,11,18,decreasing,-0.0046079280435765,False,False,False,False
ENSG00000143033,MTF2,11,24,decreasing,-0.0008292507586349,False,False,False,False
ENSG00000255819,KLRC4-KLRK1,11,24,decreasing,-0.0259124452181305,False,False,False,False
ENSG00000120265,PCMT1,11,24,decreasing,0.0023132876847577,False,False,False,False
ENSG00000167862,MRPL58,11,16,decreasing,-0.0080375512555041,False,False,False,False
ENSG00000114857,NKTR,11,23,decreasing,-0.0009562431613438,False,False,False,False
ENSG00000164209,SLC25A46,11,23,decreasing,-0.0181936464707567,False,False,False,False
ENSG00000173517,PEAK1,11,24,decreasing,-0.0062351323009735,False,False,False,False
ENSG00000198846,TOX,11,19,decreasing,-0.007482459483164,False,True,False,False
ENSG00000107521,HPS1,11,23,decreasing,0.0048603194736415,False,False,False,False
ENSG00000114770,ABCC5,11,19,decreasing,-0.008227869596865,False,False,False,False
ENSG00000130338,TULP4,11,24,decreasing,-0.0013482621642319,False,False,False,False
ENSG00000178950,GAK,11,23,decreasing,-0.0256396677272684,False,False,False,False
ENSG00000154229,PRKCA,11,24,decreasing,-0.0066322820158344,False,False,False,False
ENSG00000063978,RNF4,11,24,decreasing,-0.0066047488510377,False,False,False,False
ENSG00000154767,XPC,11,18,decreasing,0.00750387166893,True,True,False,True
ENSG00000169764,UGP2,11,22,decreasing,0.0502589604245418,False,False,False,False
ENSG00000180758,GPR157,11,19,decreasing,-0.013534262399635,False,False,False,False
ENSG00000182197,EXT1,11,24,decreasing,-0.0238951141725645,True,True,False,True
ENSG00000196313,POM121,11,23,decreasing,-0.0086925006729637,False,False,False,False
ENSG00000057608,GDI2,11,23,decreasing,-0.0090426391897623,False,False,False,False
ENSG00000178951,ZBTB7A,11,21,decreasing,-0.002939383987723,False,True,False,False
ENSG00000101266,CSNK2A1,11,24,decreasing,0.0019242187028521,False,False,False,False
ENSG00000134215,VAV3,11,24,decreasing,-0.0090521119438477,False,False,False,False
ENSG00000141568,FOXK2,11,24,decreasing,-0.0018820686108535,False,False,False,False
ENSG00000168615,ADAM9,11,23,decreasing,0.0287153454420789,False,False,False,False
ENSG00000134900,TPP2,11,24,decreasing,-0.0204199273742935,False,False,False,False
ENSG00000143156,NME7,11,19,decreasing,-0.0049335526372687,False,False,False,False
ENSG00000082701,GSK3B,11,23,decreasing,-0.005222588532216,False,True,True,False
ENSG00000147274,RBMX,11,23,decreasing,-0.0057392953602805,False,False,False,False
ENSG00000089902,RCOR1,11,24,decreasing,0.0021311525406679,False,False,False,False
ENSG00000102753,KPNA3,11,22,decreasing,-0.0073834603813179,False,False,False,False
ENSG00000114107,CEP70,11,23,decreasing,-0.0094205734726708,False,False,False,False
ENSG00000126353,CCR7,11,19,decreasing,-0.021817218776987,False,False,False,False
ENSG00000141084,RANBP10,11,23,decreasing,-0.0038588774076581,False,False,False,False
ENSG00000152332,UHMK1,11,21,decreasing,-0.023754281161886,False,False,False,False
ENSG00000173482,PTPRM,11,24,decreasing,-0.0032886291703648,False,False,False,False
ENSG00000189430,NCR1,11,22,decreasing,-0.011806531929049,False,False,False,False
ENSG00000222011,FAM185A,11,21,decreasing,-0.0051017186393789,False,False,False,False
ENSG00000120910,PPP3CC,11,23,decreasing,0.0075028972785676,False,False,False,False
ENSG00000128284,APOL3,11,18,decreasing,-0.0362248690259405,False,False,False,False
ENSG00000004455,AK2,11,21,decreasing,-0.0083282786127073,False,False,False,False
ENSG00000168404,MLKL,11,23,decreasing,-0.0123422739338785,False,False,False,False
ENSG00000152601,MBNL1,11,24,decreasing,-0.0040353388259121,False,False,False,False
ENSG00000115839,RAB3GAP1,11,23,decreasing,-0.0025066353758151,False,False,False,False
ENSG00000115459,ELMOD3,11,22,decreasing,-0.0077450813453295,False,False,False,False
ENSG00000188677,PARVB,11,21,decreasing,-0.059676416572782,False,False,False,False
ENSG00000109475,RPL34,11,23,decreasing,0.0437919822928124,False,False,False,False
ENSG00000107854,TNKS2,11,23,decreasing,-0.0009760724258331,False,False,False,False
ENSG00000009413,REV3L,11,24,decreasing,-0.0152413741896818,False,True,True,False
ENSG00000110330,BIRC2,11,24,decreasing,-0.0192718740095916,False,False,False,False
ENSG00000138018,SELENOI,11,24,decreasing,-0.025786288394807,False,False,False,False
ENSG00000141298,SSH2,11,24,decreasing,-0.0065493670603058,False,False,False,False
ENSG00000172493,AFF1,11,24,decreasing,-0.0390597165807408,True,True,False,False
ENSG00000184014,DENND5A,11,24,decreasing,-0.0049607513885569,False,False,False,False
ENSG00000135932,CAB39,11,23,decreasing,-0.0028839331983436,False,False,False,False
ENSG00000143753,DEGS1,11,23,decreasing,-0.0040722894726079,False,False,False,False
ENSG00000145569,OTULINL,11,23,decreasing,-0.0234488717069856,False,False,False,False
ENSG00000148120,AOPEP,11,24,decreasing,-0.0105581380480664,False,False,False,False
ENSG00000165025,SYK,11,18,decreasing,-0.0067309450945014,True,True,True,False
ENSG00000143207,COP1,11,24,decreasing,-0.0053521506497287,False,True,False,False
ENSG00000086289,EPDR1,11,20,decreasing,0.000820066377678,False,False,False,False
ENSG00000080371,RAB21,11,24,decreasing,0.0041483754128578,False,False,False,False
ENSG00000086758,HUWE1,11,24,decreasing,-0.0013984947620022,False,False,False,False
ENSG00000115310,RTN4,11,24,decreasing,-0.0191035471204572,False,False,False,False
ENSG00000112357,PEX7,11,14,decreasing,-0.0232680853552274,False,False,False,False
ENSG00000087206,UIMC1,11,24,decreasing,-0.0007293825807442,False,False,False,False
ENSG00000112624,BICRAL,11,24,decreasing,-0.0013090213517546,False,False,False,False
ENSG00000092931,MFSD11,11,23,decreasing,-0.0229881055411424,False,False,False,False
ENSG00000105372,RPS19,11,24,decreasing,-0.0223626592660717,False,False,False,False
ENSG00000005483,KMT2E,11,24,decreasing,-0.0046704879213818,False,False,False,False
ENSG00000188916,INSYN2A,11,18,decreasing,-0.0158691823699214,False,False,False,False
ENSG00000159720,ATP6V0D1,11,17,decreasing,-0.0088590409442421,False,False,False,False
ENSG00000130723,PRRC2B,11,23,decreasing,-0.0183306177438772,False,False,False,False
ENSG00000108100,CCNY,10,24,decreasing,-0.0035604060206168,False,False,False,False
ENSG00000158195,WASF2,10,24,decreasing,-0.0042025536898014,False,False,False,False
ENSG00000057704,TMCC3,10,24,decreasing,-0.0107122430714251,False,False,False,False
ENSG00000085377,PREP,10,24,decreasing,-0.0114617017930862,False,False,False,False
ENSG00000064419,TNPO3,10,24,decreasing,0.0031512201663645,False,False,False,False
ENSG00000112379,ARFGEF3,10,22,decreasing,-0.0096086592326483,False,False,False,False
ENSG00000198026,ZNF335,10,24,decreasing,-0.0115728520977957,False,False,False,False
ENSG00000129255,MPDU1,10,15,decreasing,-0.0047584380868812,False,False,False,False
ENSG00000169155,ZBTB43,10,24,decreasing,-0.0175539539596161,False,False,False,False
ENSG00000139132,FGD4,10,23,decreasing,-0.0061103599601677,False,False,False,False
ENSG00000154845,PPP4R1,10,18,decreasing,0.0024997951697779,False,False,False,False
ENSG00000153317,ASAP1,10,24,decreasing,-0.0100229014441944,False,False,False,False
ENSG00000144468,RHBDD1,10,24,decreasing,-0.0062301487686136,False,False,False,False
ENSG00000136891,TEX10,10,23,decreasing,-0.0078353636055501,False,False,False,False
ENSG00000136238,RAC1,10,19,decreasing,-0.0038245891487839,True,True,True,False
ENSG00000117682,DHDDS,10,23,decreasing,-0.0087311487524467,False,False,False,False
ENSG00000110497,AMBRA1,10,24,decreasing,0.0037949204693948,False,False,False,False
ENSG00000198900,TOP1,10,22,decreasing,-0.0079090796605909,True,True,True,False
ENSG00000106771,TMEM245,10,24,decreasing,-0.0172839288561722,False,False,False,False
ENSG00000100994,PYGB,10,22,decreasing,-0.0040360865001081,False,False,False,False
ENSG00000165359,INTS6L,10,16,increasing,0.004226616360082,False,False,False,False
ENSG00000132549,VPS13B,10,24,decreasing,-0.0032326466420272,False,False,False,False
ENSG00000254087,LYN,10,24,decreasing,-0.0031170783780954,False,True,True,False
ENSG00000104218,CSPP1,10,24,decreasing,-0.0134242745041816,False,False,False,False
ENSG00000217930,PAM16,10,22,decreasing,-0.0305418074512072,False,False,False,False
ENSG00000031698,SARS1,10,23,decreasing,0.0111272304141382,False,False,False,False
ENSG00000198604,BAZ1A,10,24,decreasing,-0.0112726645787423,False,False,False,False
ENSG00000171843,MLLT3,10,24,decreasing,-0.0003172846554706,True,True,True,False
ENSG00000165733,BMS1,10,16,decreasing,-0.0057819044512728,False,False,False,False
ENSG00000153406,NMRAL1,10,23,decreasing,-0.0093721864531339,False,False,False,False
ENSG00000150867,PIP4K2A,10,24,decreasing,-0.0185443778815607,False,False,False,False
ENSG00000135250,SRPK2,10,24,decreasing,-0.0030644735653516,False,False,False,False
ENSG00000135018,UBQLN1,10,24,decreasing,-0.0072003170800368,False,False,False,False
ENSG00000129675,ARHGEF6,10,18,decreasing,-0.0046829436818351,False,False,False,False
ENSG00000127220,ABHD8,10,17,decreasing,-0.0616075405433203,False,False,False,False
ENSG00000084733,RAB10,10,24,decreasing,-0.0029704334114665,False,False,False,False
ENSG00000084112,SSH1,10,22,decreasing,-0.0012310649974235,False,False,False,False
ENSG00000120616,EPC1,10,24,decreasing,0.0201234870238479,False,False,False,False
ENSG00000114127,XRN1,10,19,decreasing,-0.0052888870975581,False,False,False,False
ENSG00000106829,TLE4,10,24,decreasing,0.0010959236677877,False,True,False,False
ENSG00000106009,BRAT1,10,17,decreasing,-0.0029075265202293,False,False,False,False
ENSG00000170364,SETMAR,10,15,decreasing,-0.0036270932371068,False,False,False,False
ENSG00000104324,CPQ,10,23,decreasing,-0.0024640133178688,False,False,False,False
ENSG00000072518,MARK2,10,19,decreasing,-0.0076702695030328,False,False,False,False
ENSG00000122515,ZMIZ2,10,24,decreasing,-0.0023047308018468,False,False,False,False
ENSG00000031003,FAM13B,10,23,decreasing,0.010308571795293,False,False,False,False
ENSG00000006607,FARP2,10,23,decreasing,-0.0054067175889515,False,False,False,False
ENSG00000160710,ADAR,10,18,decreasing,-0.0010655906471882,False,True,False,False
ENSG00000145725,PPIP5K2,10,21,decreasing,0.0013688834500822,False,False,False,False
ENSG00000140395,WDR61,10,22,increasing,0.0134016830924554,False,False,False,False
ENSG00000132964,CDK8,10,24,decreasing,-0.0108084521604026,False,True,True,False
ENSG00000121879,PIK3CA,10,18,decreasing,-0.0073564791486594,True,True,True,False
ENSG00000121210,TMEM131L,10,24,decreasing,0.003360510876884,False,False,False,False
ENSG00000112159,MDN1,10,24,increasing,0.0040122908182983,False,False,False,False
ENSG00000088387,DOCK9,10,24,increasing,-0.0010503350521526,False,False,False,False
ENSG00000069943,PIGB,10,23,decreasing,-0.0034179404650934,False,False,False,False
ENSG00000189337,KAZN,10,20,decreasing,-0.0044763680305542,False,False,False,False
ENSG00000004534,RBM6,10,19,decreasing,0.000568433733977,False,False,False,False
ENSG00000056097,ZFR,10,19,decreasing,-0.0165002841201932,False,False,False,False
ENSG00000042493,CAPG,10,19,decreasing,-0.0609921076333246,False,False,False,False
ENSG00000126070,AGO3,10,24,decreasing,-0.0029718734246559,False,False,False,False
ENSG00000037749,MFAP3,10,16,decreasing,-0.0034471561778263,False,False,False,False
ENSG00000271425,NBPF10,10,24,decreasing,-0.0099010705297848,False,False,False,False
ENSG00000257390,AC023055.1,10,21,decreasing,0.0060071994102561,False,False,False,False
ENSG00000242485,MRPL20,10,18,decreasing,-0.0261850277004988,False,False,False,False
ENSG00000197081,IGF2R,10,24,decreasing,-0.0042442462267917,False,False,False,False
ENSG00000132842,AP3B1,10,23,decreasing,-0.005403484629516,False,False,False,False
ENSG00000175662,TOM1L2,10,24,increasing,0.0079481818527402,False,False,False,False
ENSG00000028277,POU2F2,10,24,decreasing,-0.0155960651039199,False,True,True,False
ENSG00000099337,KCNK6,10,22,decreasing,-0.0231309301584262,False,False,False,False
ENSG00000105397,TYK2,10,16,decreasing,-0.0051484443900253,False,True,True,False
ENSG00000001084,GCLC,10,18,increasing,-0.0041142949898086,False,False,False,False
ENSG00000196504,PRPF40A,10,23,decreasing,-0.0128353560839494,False,False,False,False
ENSG00000171132,PRKCE,10,23,decreasing,-0.0163595272878064,False,False,False,False
ENSG00000158636,EMSY,10,24,decreasing,-0.0050574679672426,False,True,True,False
ENSG00000116266,STXBP3,10,24,decreasing,-0.0035576654461597,False,False,False,False
ENSG00000107643,MAPK8,10,24,decreasing,0.0012624197166617,False,False,False,False
ENSG00000074416,MGLL,10,24,decreasing,-0.0042331205275483,False,False,False,False
ENSG00000285283,AL035078.4,10,16,decreasing,-0.0143243576776395,False,False,False,False
ENSG00000167286,CD3D,10,22,decreasing,-0.0023492055339203,False,False,False,False
ENSG00000167202,TBC1D2B,10,24,decreasing,-0.0076340834223537,False,False,False,False
ENSG00000163788,SNRK,10,23,decreasing,-0.0173227963286497,False,False,False,False
ENSG00000147138,GPR174,10,16,decreasing,-0.0105291882983193,False,False,False,False
ENSG00000139514,SLC7A1,10,23,decreasing,-0.0057026388976526,False,False,False,False
ENSG00000138756,BMP2K,10,23,decreasing,-0.0091561088716861,False,False,False,False
ENSG00000135046,ANXA1,10,20,decreasing,-0.0098757784303735,False,False,False,False
ENSG00000123739,PLA2G12A,10,15,decreasing,-0.0047011521232056,False,False,False,False
ENSG00000122566,HNRNPA2B1,10,22,decreasing,-0.0065083991785209,True,False,False,False
ENSG00000120519,SLC10A7,10,22,decreasing,-0.013873694722589,False,False,False,False
ENSG00000116209,TMEM59,10,23,decreasing,-0.0024915454000536,False,False,False,False
ENSG00000128815,WDFY4,10,20,decreasing,-0.0054330928389568,False,False,False,False
ENSG00000197386,HTT,10,22,decreasing,-0.0142742142223093,False,False,False,False
ENSG00000197826,CFAP299,10,21,decreasing,-0.004193162567952,False,False,False,False
ENSG00000189308,LIN54,10,18,decreasing,-0.006139718756313,False,False,False,False
ENSG00000105176,URI1,10,23,decreasing,-0.003185934614018,False,False,False,False
ENSG00000100124,ANKRD54,10,17,decreasing,-0.0022754948016391,False,False,False,False
ENSG00000099331,MYO9B,10,24,decreasing,-0.0471985213909732,False,False,False,False
ENSG00000095383,TBC1D2,10,23,decreasing,-0.0127595182567268,False,False,False,False
ENSG00000090905,TNRC6A,10,19,decreasing,-0.0104162456326401,False,False,False,False
ENSG00000054267,ARID4B,10,24,decreasing,-0.00729502304906,False,True,False,True
ENSG00000048649,RSF1,10,23,decreasing,-0.0062185754935964,False,False,False,False
ENSG00000186153,WWOX,10,24,decreasing,-0.0037872297984286,False,True,False,True
ENSG00000197312,DDI2,10,21,decreasing,0.0007194622395306,False,False,False,False
ENSG00000156958,GALK2,10,19,decreasing,-0.0039830811274021,False,False,False,False
ENSG00000285043,AC093512.2,10,14,decreasing,-0.0169387377430793,False,False,False,False
ENSG00000137266,SLC22A23,10,21,decreasing,-0.0027504068999045,False,False,False,False
ENSG00000120699,EXOSC8,10,16,decreasing,-0.004726662799248,False,False,False,False
ENSG00000120029,ARMH3,10,24,decreasing,-0.0102428959885384,False,False,False,False
ENSG00000072858,SIDT1,10,18,decreasing,-0.01173100777586,False,False,False,False
ENSG00000172086,KRCC1,10,19,decreasing,-0.0035887676421526,False,False,False,False
ENSG00000148019,CEP78,10,21,decreasing,-0.0007775558822823,False,False,False,False
ENSG00000137075,RNF38,10,23,decreasing,-0.0091092862593448,False,False,False,False
ENSG00000120254,MTHFD1L,10,24,decreasing,-0.0122082238091832,False,False,False,False
ENSG00000119787,ATL2,10,20,decreasing,-0.0266665389186163,False,False,False,False
ENSG00000114166,KAT2B,10,23,decreasing,-0.0058582472545197,False,False,False,False
ENSG00000124207,CSE1L,10,19,decreasing,-0.0005840368205877,False,False,False,False
ENSG00000131979,GCH1,10,24,decreasing,-0.0056803225716249,False,False,False,False
ENSG00000138777,PPA2,10,19,decreasing,-0.0004701880378623,False,False,False,False
ENSG00000144455,SUMF1,10,17,decreasing,-0.0059715542127905,False,False,False,False
ENSG00000198752,CDC42BPB,10,23,decreasing,-0.0049980484475631,False,False,False,False
ENSG00000182621,PLCB1,10,19,decreasing,-0.0533072751507932,False,False,False,False
ENSG00000160789,LMNA,10,24,decreasing,-0.0128907462576628,True,True,True,False
ENSG00000159086,PAXBP1,10,18,decreasing,-0.0310885261271708,False,False,False,False
ENSG00000085433,WDR47,10,19,decreasing,-0.0036736334528536,False,False,False,False
ENSG00000170525,PFKFB3,10,19,decreasing,0.004223846568061,False,False,False,False
ENSG00000144635,DYNC1LI1,10,19,decreasing,-0.0089634215705276,False,False,False,False
ENSG00000033170,FUT8,10,18,decreasing,-0.014043302767933,False,False,False,False
ENSG00000011405,PIK3C2A,10,24,decreasing,0.0022521566134323,False,False,False,False
ENSG00000164506,STXBP5,10,21,decreasing,-0.007293227274287,False,False,False,False
ENSG00000137491,SLCO2B1,10,21,decreasing,-0.0042669070061771,False,False,False,False
ENSG00000164649,CDCA7L,10,15,decreasing,-0.0202494211492545,False,False,False,False
ENSG00000155016,CYP2U1,10,20,decreasing,-0.0063915061227716,False,False,False,False
ENSG00000130413,STK33,10,22,decreasing,-0.0094709200076019,False,False,False,False
ENSG00000213066,FGFR1OP,10,19,decreasing,-0.0027709628943951,False,False,False,False
ENSG00000198879,SFMBT2,10,24,decreasing,-0.0065235561534331,False,False,False,False
ENSG00000170962,PDGFD,10,23,decreasing,-0.0142153612763502,False,False,False,False
ENSG00000164663,USP49,10,17,decreasing,-0.0066665937829878,False,False,False,False
ENSG00000114999,TTL,10,15,decreasing,-0.0051656608326491,False,False,False,False
ENSG00000155542,SETD9,10,23,decreasing,-0.0022687610252264,False,False,False,False
ENSG00000054611,TBC1D22A,10,24,decreasing,-0.0211165559772641,False,False,False,False
ENSG00000136868,SLC31A1,10,23,decreasing,-0.0157084977364398,False,False,False,False
ENSG00000250349,AF241726.2,10,24,decreasing,-0.0072387830068227,False,False,False,False
ENSG00000215301,DDX3X,10,22,decreasing,-0.009444244155205,True,True,False,True
ENSG00000213639,PPP1CB,10,24,decreasing,-0.0376218777298334,False,False,False,False
ENSG00000184178,SCFD2,10,24,decreasing,-0.0121993786806948,False,False,False,False
ENSG00000172340,SUCLG2,10,19,decreasing,-0.01563964000166,False,False,False,False
ENSG00000157500,APPL1,10,23,decreasing,0.0085604909556405,False,False,False,False
ENSG00000149179,C11orf49,10,24,decreasing,-0.0043748135196396,False,False,False,False
ENSG00000140577,CRTC3,10,19,decreasing,-0.0217931069762596,True,False,False,False
ENSG00000138175,ARL3,10,18,decreasing,-0.0035329330897948,False,False,False,False
ENSG00000135968,GCC2,10,19,decreasing,-0.0093357368783865,False,False,False,False
ENSG00000111652,COPS7A,10,15,decreasing,-0.0149114288193514,False,False,False,False
ENSG00000133678,TMEM254,10,20,decreasing,-0.0027587267287277,False,False,False,False
ENSG00000125753,VASP,10,23,decreasing,-0.0005433659362768,False,False,False,False
ENSG00000114120,SLC25A36,10,19,decreasing,-0.0096213164196779,False,False,False,False
ENSG00000108219,TSPAN14,10,24,decreasing,-0.0009936495752388,False,False,False,False
ENSG00000099194,SCD,10,22,decreasing,-0.0080111009698032,False,False,False,False
ENSG00000097007,ABL1,10,23,decreasing,-0.0043256096216924,True,True,True,False
ENSG00000089916,GPATCH2L,10,23,decreasing,-0.002038707925755,False,False,False,False
ENSG00000083097,DOP1A,10,19,decreasing,-0.0034731269103157,False,False,False,False
ENSG00000071242,RPS6KA2,10,24,decreasing,-0.0062701186147826,False,False,False,False
ENSG00000005884,ITGA3,10,21,decreasing,0.0006458668271611,False,False,False,False
ENSG00000103056,SMPD3,10,21,decreasing,-0.0098998556214869,False,False,False,False
ENSG00000105483,CARD8,10,23,decreasing,-0.0097542070866886,False,False,False,False
ENSG00000113595,TRIM23,10,15,decreasing,-0.0061750780745031,False,False,False,False
ENSG00000198839,ZNF277,10,17,decreasing,-0.0457083531691562,False,False,False,False
ENSG00000164169,PRMT9,10,24,decreasing,-0.0123830870537217,False,False,False,False
ENSG00000140455,USP3,10,24,decreasing,-0.0167121119249254,False,False,False,False
ENSG00000133393,FOPNL,10,21,decreasing,-0.0005185818572069,False,False,False,False
ENSG00000113318,MSH3,10,21,decreasing,-0.0014433304501372,False,True,False,True
ENSG00000123384,LRP1,10,22,decreasing,-0.0127912268979495,False,False,False,False
ENSG00000070540,WIPI1,10,18,decreasing,-0.0228699199430867,False,False,False,False
ENSG00000183726,TMEM50A,10,23,decreasing,-0.0156399430888319,False,False,False,False
ENSG00000239388,ASB14,10,15,decreasing,-0.0488443761596277,False,False,False,False
ENSG00000125304,TM9SF2,10,18,decreasing,-0.0103069129874192,False,False,False,False
ENSG00000122482,ZNF644,10,24,decreasing,-0.0052642669643468,False,False,False,False
ENSG00000120798,NR2C1,10,21,decreasing,0.0117804854879685,False,False,False,False
ENSG00000107581,EIF3A,10,24,decreasing,-0.006912888555135,False,False,False,False
ENSG00000277400,AC145212.1,10,18,decreasing,-0.0063223367440325,False,False,False,False
ENSG00000165959,CLMN,10,23,decreasing,-0.0062276267538723,False,False,False,False
ENSG00000165140,FBP1,10,21,decreasing,-0.0048455260836721,False,False,False,False
ENSG00000164118,CEP44,10,14,decreasing,-0.0662725746344433,False,False,False,False
ENSG00000135077,HAVCR2,10,22,decreasing,-0.0054065772084524,False,False,False,False
ENSG00000132207,SLX1A,10,17,decreasing,-0.0082329005109061,False,False,False,False
ENSG00000196396,PTPN1,10,24,decreasing,0.0007370985979803,False,True,False,True
ENSG00000145730,PAM,10,23,decreasing,-0.0092231312544658,False,False,False,False
ENSG00000177663,IL17RA,10,19,decreasing,0.0027449758556911,False,False,False,False
ENSG00000163479,SSR2,10,20,decreasing,-0.0623511400818658,False,False,False,False
ENSG00000092203,TOX4,10,22,decreasing,0.0005521699112944,False,False,False,False
ENSG00000091640,SPAG7,10,17,decreasing,0.0017555149297544,False,False,False,False
ENSG00000071054,MAP4K4,10,24,decreasing,-0.0124701485787713,False,True,True,False
ENSG00000082212,ME2,10,17,decreasing,-0.0175985790337986,False,False,False,False
ENSG00000133794,ARNTL,10,23,decreasing,-0.0094401190050925,False,False,False,False
ENSG00000285238,AC006064.6,10,23,decreasing,0.0125080506672987,False,False,False,False
ENSG00000189079,ARID2,10,24,decreasing,-0.0021475488948323,True,True,False,True
ENSG00000173821,RNF213,10,24,decreasing,-0.0029290343585764,True,False,False,False
ENSG00000168137,SETD5,10,24,decreasing,-0.0216617536798411,False,True,False,False
ENSG00000163171,CDC42EP3,10,22,decreasing,0.0254031537576499,False,False,False,False
ENSG00000095951,HIVEP1,10,24,decreasing,-0.0003611466312388,False,False,False,False
ENSG00000163110,PDLIM5,10,24,decreasing,0.006454625462402,False,False,False,False
ENSG00000156675,RAB11FIP1,10,24,increasing,0.0017100505719485,False,False,False,False
ENSG00000146457,WTAP,10,19,decreasing,0.0010246587357759,False,False,False,False
ENSG00000146094,DOK3,10,18,decreasing,-0.027022484187532,False,False,False,False
ENSG00000138078,PREPL,10,23,decreasing,0.0013132093234973,False,False,False,False
ENSG00000135108,FBXO21,10,23,increasing,0.006237577238824,False,False,False,False
ENSG00000123268,ATF1,10,22,decreasing,-0.009736772055524,True,True,True,False
ENSG00000114331,ACAP2,10,24,decreasing,-0.0083339476667013,False,False,False,False
ENSG00000107290,SETX,10,24,decreasing,-0.0123772187703497,False,False,False,False
ENSG00000103319,EEF2K,10,18,decreasing,-0.0462883387763261,False,False,False,False
ENSG00000110446,SLC15A3,10,21,decreasing,-0.0058247706597304,False,False,False,False
ENSG00000119471,HSDL2,10,22,increasing,0.0029468929998153,False,False,False,False
ENSG00000137770,CTDSPL2,10,24,decreasing,-0.0077484793509595,False,False,False,False
ENSG00000163513,TGFBR2,10,24,decreasing,-0.0462910135032144,True,True,False,True
ENSG00000141905,NFIC,10,24,decreasing,-0.0261439467145959,False,False,False,False
ENSG00000133818,RRAS2,10,23,decreasing,-0.0021965690527839,True,True,True,False
ENSG00000132912,DCTN4,10,19,decreasing,0.0020161018128563,False,False,False,False
ENSG00000120071,KANSL1,10,24,decreasing,0.00314830960208,False,False,False,False
ENSG00000119335,SET,10,17,decreasing,-0.0050928395430581,True,True,True,False
ENSG00000116350,SRSF4,10,23,decreasing,-0.0001618101638751,False,False,False,False
ENSG00000106683,LIMK1,10,18,decreasing,-0.0021671851761945,False,False,False,False
ENSG00000103018,CYB5B,10,24,decreasing,-0.0037091439558319,False,False,False,False
ENSG00000100380,ST13,10,20,decreasing,0.008163528854402,False,False,False,False
ENSG00000100345,MYH9,10,19,decreasing,-0.0024410242394082,True,False,False,False
ENSG00000073921,PICALM,10,24,decreasing,-0.0070222863465703,True,True,True,False
ENSG00000236383,CCDC200,10,24,decreasing,-0.0045016414335432,False,False,False,False
ENSG00000204217,BMPR2,10,24,decreasing,-0.0166561114560527,False,False,False,False
ENSG00000177548,RABEP2,10,20,decreasing,0.0028460609195398,False,False,False,False
ENSG00000173692,PSMD1,10,18,decreasing,-0.0185093480292818,False,False,False,False
ENSG00000171631,P2RY6,10,18,decreasing,-0.0022246117090086,False,False,False,False
ENSG00000166974,MAPRE2,10,24,decreasing,-0.0073870323728135,False,False,False,False
ENSG00000154217,PITPNC1,10,24,decreasing,0.0044525330378976,False,False,False,False
ENSG00000099942,CRKL,10,17,decreasing,-0.0080968668023948,False,True,True,False
ENSG00000081189,MEF2C,10,18,decreasing,-0.0039735849546532,False,True,True,False
ENSG00000255872,AL138752.2,10,23,decreasing,-0.0102292735090955,False,False,False,False
ENSG00000151466,SCLT1,10,24,decreasing,-0.0037273458554059,False,False,False,False
ENSG00000005187,ACSM3,10,24,decreasing,-0.0065759065023461,False,False,False,False
ENSG00000206560,ANKRD28,10,23,decreasing,-0.0065475545598971,False,False,False,False
ENSG00000180530,NRIP1,10,23,decreasing,-0.0379801959465463,False,False,False,False
ENSG00000175348,TMEM9B,10,18,increasing,0.0259808290995981,False,False,False,False
ENSG00000166900,STX3,10,23,decreasing,-0.0092662893761957,False,False,False,False
ENSG00000166889,PATL1,10,21,decreasing,0.0023798947451657,False,False,False,False
ENSG00000132676,DAP3,10,24,decreasing,0.0207647530661606,False,False,False,False
ENSG00000108946,PRKAR1A,10,20,decreasing,-0.0217322290016351,True,True,False,True
ENSG00000198466,ZNF587,10,24,increasing,0.0196623113139956,False,False,False,False
ENSG00000137337,MDC1,10,23,decreasing,-0.0096357547663121,False,True,False,False
ENSG00000072864,NDE1,10,23,decreasing,-0.003223121400504,False,False,False,False
ENSG00000047849,MAP4,10,24,increasing,0.0040733266047293,False,False,False,False
ENSG00000232593,KANTR,10,24,decreasing,-0.0059528548143669,False,False,False,False
ENSG00000141456,PELP1,10,17,increasing,0.0057039182786288,False,False,False,False
ENSG00000135373,EHF,10,22,decreasing,-0.0105296157900763,False,False,False,False
ENSG00000116005,PCYOX1,10,17,increasing,0.0092978469314516,False,False,False,False
ENSG00000133872,SARAF,10,24,increasing,0.0083030789850978,False,False,False,False
ENSG00000125356,NDUFA1,10,21,decreasing,-0.0126110769776349,False,False,False,False
ENSG00000023902,PLEKHO1,10,22,decreasing,-0.0082317190157308,False,False,False,False
ENSG00000173230,GOLGB1,10,23,decreasing,0.0088896929604451,False,False,False,False
ENSG00000107882,SUFU,10,23,decreasing,-0.0073855193473304,True,True,False,True
ENSG00000137824,RMDN3,10,23,decreasing,-0.009135586541587,False,False,False,False
ENSG00000169905,TOR1AIP2,10,23,decreasing,0.0001031708806026,False,False,False,False
ENSG00000183943,PRKX,10,24,decreasing,-0.0412052248360937,False,False,False,False
ENSG00000286221,AC009070.1,10,24,decreasing,0.0003947866043064,False,False,False,False
ENSG00000241962,AC079447.1,10,22,decreasing,0.0011464027298412,False,False,False,False
ENSG00000205531,NAP1L4,10,23,decreasing,-0.0020610461527884,False,False,False,False
ENSG00000134744,TUT4,10,24,decreasing,-0.0016302498043241,False,False,False,False
ENSG00000132716,DCAF8,10,23,decreasing,-0.0096299381290515,False,False,False,False
ENSG00000104872,PIH1D1,10,22,decreasing,-0.0094408623278092,False,False,False,False
ENSG00000248333,CDK11B,10,22,decreasing,-0.0016821865137803,False,False,False,False
ENSG00000172939,OXSR1,10,24,decreasing,0.0081844015612122,False,False,False,False
ENSG00000134440,NARS1,10,16,decreasing,-0.0071260085162307,False,False,False,False
ENSG00000177156,TALDO1,10,23,decreasing,-0.0206119719329185,False,False,False,False
ENSG00000169410,PTPN9,10,24,decreasing,-0.0045137679227026,False,False,False,False
ENSG00000142892,PIGK,10,22,decreasing,0.0072219444421447,False,False,False,False
ENSG00000129083,COPB1,10,23,increasing,0.0073365940313775,False,False,False,False
ENSG00000118985,ELL2,10,23,decreasing,0.0020418029718992,False,True,False,False
ENSG00000114933,INO80D,10,24,increasing,0.0015091599429849,False,False,False,False
ENSG00000104375,STK3,10,24,decreasing,-0.006679622604875,False,False,False,False
ENSG00000103061,SLC7A6OS,10,24,decreasing,-0.0002621180271123,False,False,False,False
ENSG00000087274,ADD1,10,24,increasing,0.0170395806082733,False,False,False,False
ENSG00000035862,TIMP2,10,24,decreasing,-0.0244183116755887,False,False,False,False
ENSG00000170248,PDCD6IP,10,23,decreasing,-0.0146611939918773,False,False,False,False
ENSG00000205238,SPDYE2,10,22,decreasing,-0.0067029242975676,False,False,False,False
ENSG00000111269,CREBL2,10,21,decreasing,-0.0075175700809112,False,False,False,False
ENSG00000063601,MTMR1,10,17,decreasing,-0.0067091502251399,False,False,False,False
ENSG00000170946,DNAJC24,10,17,decreasing,-0.0075624968065184,False,False,False,False
ENSG00000170142,UBE2E1,10,24,decreasing,-0.0069528323867657,False,False,False,False
ENSG00000122033,MTIF3,10,16,decreasing,0.0047748160689044,False,False,False,False
ENSG00000117472,TSPAN1,10,14,decreasing,0.0024705296822454,False,False,False,False
ENSG00000113328,CCNG1,10,23,decreasing,-0.0072674473038219,False,False,False,False
ENSG00000105887,MTPN,10,23,decreasing,-0.0018722540179529,False,False,False,False
ENSG00000104365,IKBKB,10,22,decreasing,-0.0107590986270178,True,False,False,False
ENSG00000075151,EIF4G3,10,24,decreasing,0.0087843651203339,False,False,False,False
ENSG00000073417,PDE8A,10,24,decreasing,-0.0040945785809981,False,False,False,False
ENSG00000052795,FNIP2,10,23,decreasing,0.0026087350830279,False,False,False,False
ENSG00000157540,DYRK1A,10,24,decreasing,-0.0076337823411894,False,False,False,False
ENSG00000198589,LRBA,10,24,decreasing,0.0017505399842557,False,False,False,False
ENSG00000197562,RAB40C,10,18,decreasing,-0.0160737256162519,False,False,False,False
ENSG00000197157,SND1,10,24,decreasing,-0.0269185227613521,True,False,False,False
ENSG00000188647,PTAR1,10,23,decreasing,-0.0081195458792922,False,False,False,False
ENSG00000186517,ARHGAP30,10,19,decreasing,-0.0140787956417508,False,False,False,False
ENSG00000182827,ACBD3,10,23,decreasing,-0.0275639431903625,False,False,False,False
ENSG00000175556,LONRF3,10,23,decreasing,0.0076068020725076,False,False,False,False
ENSG00000164329,TENT2,10,24,decreasing,0.0053380082116293,False,False,False,False
ENSG00000164142,FAM160A1,10,24,decreasing,0.0290065100299009,False,False,False,False
ENSG00000180773,SLC36A4,10,24,decreasing,-0.0061911580188962,False,False,False,False
ENSG00000189091,SF3B3,10,16,decreasing,-0.0033184992433448,False,False,False,False
ENSG00000070961,ATP2B1,10,24,decreasing,-0.0079874277334952,False,False,False,False
ENSG00000164754,RAD21,10,23,decreasing,-0.0059228477444555,True,True,False,True
ENSG00000166439,RNF169,10,24,decreasing,-0.0108151507634594,False,False,False,False
ENSG00000169193,CCDC126,10,15,decreasing,-0.0883175382826628,False,False,False,False
ENSG00000165704,HPRT1,10,24,decreasing,-0.0137366589663587,False,False,False,False
ENSG00000163291,PAQR3,10,23,decreasing,-0.0331744287172739,False,False,False,False
ENSG00000138443,ABI2,10,18,decreasing,0.0034217963146022,False,False,False,False
ENSG00000134545,KLRC1,10,18,decreasing,-0.0168054013616738,False,False,False,False
ENSG00000133121,STARD13,10,23,decreasing,-0.0105688394918631,False,False,False,False
ENSG00000132294,EFR3A,10,16,decreasing,-0.0213135167437837,False,False,False,False
ENSG00000123338,NCKAP1L,10,23,decreasing,0.0018502233707143,False,False,False,False
ENSG00000115760,BIRC6,10,24,decreasing,-0.0014879405510398,False,False,False,False
ENSG00000113384,GOLPH3,10,22,decreasing,-0.007927509440846,False,False,False,False
ENSG00000111142,METAP2,10,18,decreasing,-0.0186254877144178,False,False,False,False
ENSG00000110448,CD5,10,16,decreasing,-0.0101995937825148,False,False,False,False
ENSG00000081026,MAGI3,10,24,decreasing,-0.0061408747415352,False,False,False,False
ENSG00000078747,ITCH,10,22,decreasing,-0.0061419352433399,False,False,False,False
ENSG00000078304,PPP2R5C,10,24,decreasing,-0.0056979212647173,False,False,False,False
ENSG00000062194,GPBP1,10,24,decreasing,-0.0057440498801854,False,False,False,False
ENSG00000167323,STIM1,10,24,decreasing,-0.0039627404664773,False,False,False,False
ENSG00000271503,CCL5,10,15,decreasing,-0.0058817963409619,False,False,False,False
ENSG00000162852,CNST,10,24,decreasing,0.0001394102291481,False,False,False,False
ENSG00000137642,SORL1,10,24,decreasing,-0.000556414869221,False,False,False,False
ENSG00000153048,CARHSP1,10,24,decreasing,-0.004872405456589,False,False,False,False
ENSG00000112599,GUCA1B,10,17,decreasing,-0.009597193936498,False,False,False,False
ENSG00000122483,CCDC18,10,22,decreasing,-0.0064905740555688,False,False,False,False
ENSG00000118873,RAB3GAP2,10,23,decreasing,0.0233072870213204,False,False,False,False
ENSG00000100372,SLC25A17,10,23,decreasing,-0.0039602860911674,False,False,False,False
ENSG00000077713,SLC25A43,10,23,decreasing,-0.0194741513999051,False,False,False,False
ENSG00000065060,UHRF1BP1,10,18,decreasing,-0.0066161892925867,False,False,False,False
ENSG00000187239,FNBP1,10,24,decreasing,-0.0022510094796988,False,False,False,False
ENSG00000163811,WDR43,10,18,decreasing,-0.0046574381943173,False,False,False,False
ENSG00000131089,ARHGEF9,10,16,decreasing,-0.0017984897025468,False,False,False,False
ENSG00000127527,EPS15L1,10,24,decreasing,-0.006869968501347,False,False,False,False
ENSG00000171853,TRAPPC12,10,18,decreasing,0.0238229201909757,False,False,False,False
ENSG00000144357,UBR3,10,24,decreasing,-0.0049021483415482,False,False,False,False
ENSG00000164609,SLU7,10,24,decreasing,0.0109704579323455,False,False,False,False
ENSG00000152404,CWF19L2,10,23,decreasing,-0.0177411800424637,False,False,False,False
ENSG00000138744,NAAA,10,23,decreasing,-0.0151993469446737,False,False,False,False
ENSG00000132334,PTPRE,10,23,decreasing,-0.0020791260448891,False,False,False,False
ENSG00000121390,PSPC1,10,19,decreasing,-0.0006403546043973,False,False,False,False
ENSG00000120705,ETF1,10,24,decreasing,0.0020727396704805,False,False,False,False
ENSG00000152348,ATG10,10,23,decreasing,0.0018663131063814,False,False,False,False
ENSG00000115966,ATF2,10,24,decreasing,-0.0102091434146375,False,False,False,False
ENSG00000109919,MTCH2,10,23,decreasing,0.0024611924909007,False,False,False,False
ENSG00000132846,ZBED3,10,17,decreasing,-0.0354046932103892,False,False,False,False
ENSG00000184432,COPB2,10,24,decreasing,-0.0061189158037559,False,False,False,False
ENSG00000162688,AGL,10,17,decreasing,-0.0039132177107027,False,False,False,False
ENSG00000084073,ZMPSTE24,10,16,decreasing,-0.0067531047787293,False,False,False,False
ENSG00000138029,HADHB,10,24,decreasing,0.0048291542155284,False,False,False,False
ENSG00000163902,RPN1,10,23,decreasing,-0.0050769422404723,True,False,False,False
ENSG00000131748,STARD3,10,18,increasing,0.0106997463096316,False,False,False,False
ENSG00000131626,PPFIA1,10,23,decreasing,-0.0023866165210029,False,False,False,False
ENSG00000113391,FAM172A,10,23,decreasing,-0.0054910246281287,False,False,False,False
ENSG00000139178,C1RL,10,22,decreasing,-0.0012826847660806,False,False,False,False
ENSG00000102172,SMS,10,24,decreasing,-0.0156425521192009,False,False,False,False
ENSG00000091409,ITGA6,10,21,decreasing,-0.0613937456344308,False,False,False,False
ENSG00000140941,MAP1LC3B,10,23,increasing,0.0182444051726317,False,False,False,False
ENSG00000103994,ZNF106,10,24,decreasing,-0.0113462619564233,False,False,False,False
ENSG00000079739,PGM1,10,24,decreasing,-0.0219126939908219,False,False,False,False
ENSG00000075884,ARHGAP15,10,24,decreasing,-0.0087398594890587,False,False,False,False
ENSG00000004897,CDC27,10,24,decreasing,-9.52925914255101e-05,False,False,False,False
ENSG00000176095,IP6K1,10,23,decreasing,-0.0059567999132426,False,False,False,False
ENSG00000174238,PITPNA,10,24,decreasing,-0.0136247503730416,False,False,False,False
ENSG00000170144,HNRNPA3,10,23,decreasing,-0.006164513183866,False,False,False,False
ENSG00000077254,USP33,10,24,decreasing,0.0073107130513203,False,False,False,False
ENSG00000166387,PPFIBP2,10,17,decreasing,-0.0160531420508334,False,False,False,False
ENSG00000168958,MFF,10,18,decreasing,-0.0287947411087532,False,False,False,False
ENSG00000241399,CD302,9,21,decreasing,0.0232631203445129,False,False,False,False
ENSG00000181704,YIPF6,9,18,decreasing,-0.0086558769206664,False,False,False,False
ENSG00000197329,PELI1,9,19,decreasing,-4.367774562752232e-05,False,False,False,False
ENSG00000198874,TYW1,9,24,decreasing,-0.0273208085077093,False,False,False,False
ENSG00000234127,TRIM26,9,24,increasing,-0.0006540696068627,False,False,False,False
ENSG00000288558,DUS4L-BCAP29,9,22,decreasing,-0.0109698624787912,False,False,False,False
ENSG00000248592,STIMATE-MUSTN1,9,19,decreasing,-0.0111941546182825,False,False,False,False
ENSG00000249437,NAIP,9,23,decreasing,-0.0005239345495632,False,False,False,False
ENSG00000054118,THRAP3,9,23,decreasing,-0.0070857459430505,False,False,False,False
ENSG00000070718,AP3M2,9,21,decreasing,-0.0150284574741229,False,False,False,False
ENSG00000105329,TGFB1,9,24,decreasing,-0.0058966180699597,False,False,False,False
ENSG00000100528,CNIH1,9,24,decreasing,-0.0048863574319488,False,False,False,False
ENSG00000177853,ZNF518A,9,24,decreasing,-0.0008319633375128,False,False,False,False
ENSG00000143376,SNX27,9,24,decreasing,-0.0081559051120927,False,False,False,False
ENSG00000176463,SLCO3A1,9,19,decreasing,-0.007177371975567,False,False,False,False
ENSG00000175029,CTBP2,9,24,decreasing,-0.0115905909551183,False,False,False,False
ENSG00000162616,DNAJB4,9,21,decreasing,0.0004291236714906,False,False,False,False
ENSG00000158019,BABAM2,9,19,decreasing,-0.0047385276660904,False,True,False,False
ENSG00000155629,PIK3AP1,9,22,decreasing,-0.0083974248950872,False,False,False,False
ENSG00000151779,NBAS,9,19,decreasing,-0.0067909646035994,False,False,False,False
ENSG00000146909,NOM1,9,19,decreasing,-0.0048784619537702,False,False,False,False
ENSG00000140396,NCOA2,9,24,decreasing,-0.0071694705677555,True,False,False,False
ENSG00000136371,MTHFS,9,23,decreasing,0.0004255733983686,False,False,False,False
ENSG00000127804,METTL16,9,22,decreasing,-0.0009028302024403,False,False,False,False
ENSG00000125844,RRBP1,9,23,decreasing,-0.0164089547590086,False,False,False,False
ENSG00000119318,RAD23B,9,24,decreasing,0.0033801169295395,False,False,False,False
ENSG00000122882,ECD,9,23,decreasing,-0.0084066968035337,False,False,False,False
ENSG00000119686,FLVCR2,9,22,decreasing,-0.000544788150009,False,False,False,False
ENSG00000121766,ZCCHC17,9,22,decreasing,-0.0095736999938792,False,False,False,False
ENSG00000119231,SENP5,9,24,decreasing,-0.0036054905191035,False,False,False,False
ENSG00000125740,FOSB,9,18,decreasing,-0.005271479063509,False,False,False,False
ENSG00000107736,CDH23,9,20,decreasing,-0.0121281804287639,False,False,False,False
ENSG00000185219,ZNF445,9,15,decreasing,-0.0234482132287428,False,False,False,False
ENSG00000111266,DUSP16,9,24,decreasing,-0.006761805552895,False,False,False,False
ENSG00000171928,TVP23B,9,23,decreasing,-0.0111841595492227,False,False,False,False
ENSG00000162407,PLPP3,9,18,decreasing,-0.0083182690184399,False,False,False,False
ENSG00000158669,GPAT4,9,21,decreasing,-0.0043244212354505,False,False,False,False
ENSG00000154447,SH3RF1,9,22,decreasing,-0.002840792766207,False,False,False,False
ENSG00000153201,RANBP2,9,19,decreasing,-0.0025114748833036,True,True,True,False
ENSG00000143226,FCGR2A,9,20,decreasing,-0.0181507877645789,False,False,False,False
ENSG00000125037,EMC3,9,19,decreasing,-0.0026112417092322,False,False,False,False
ENSG00000115998,C2orf42,9,23,decreasing,0.0027061462951468,False,False,False,False
ENSG00000085511,MAP3K4,9,18,decreasing,-0.0068453398732263,False,False,False,False
ENSG00000007047,MARK4,9,19,decreasing,-0.0028330034353157,False,False,False,False
ENSG00000139354,GAS2L3,9,15,decreasing,0.0110741743351438,False,False,False,False
ENSG00000133392,MYH11,9,14,decreasing,-0.0051892121967021,True,True,False,True
ENSG00000130304,SLC27A1,9,20,decreasing,-0.0037879905586347,False,False,False,False
ENSG00000125772,GPCPD1,9,24,decreasing,-0.0103189958411365,False,False,False,False
ENSG00000103502,CDIPT,9,18,decreasing,-0.0045189014444574,False,False,False,False
ENSG00000185591,SP1,9,16,decreasing,-0.0180064689269029,False,False,False,False
ENSG00000172081,MOB3A,9,21,decreasing,-0.0036011050821029,False,False,False,False
ENSG00000166997,CNPY4,9,14,decreasing,-0.0044749209912879,False,False,False,False
ENSG00000166582,CENPV,9,19,decreasing,-0.0030310321210706,False,False,False,False
ENSG00000166478,ZNF143,9,20,decreasing,-0.0026359625172615,False,False,False,False
ENSG00000162496,DHRS3,9,23,decreasing,-0.0039542303490306,False,False,False,False
ENSG00000140521,POLG,9,16,decreasing,-0.0259960198085872,False,True,False,False
ENSG00000138002,IFT172,9,20,decreasing,-0.0079106126004257,False,False,False,False
ENSG00000137842,TMEM62,9,22,decreasing,0.0003665659731751,False,False,False,False
ENSG00000115415,STAT1,9,24,decreasing,-0.0042993782269,False,True,False,False
ENSG00000053918,KCNQ1,9,23,increasing,-0.0007864340106144,False,False,False,False
ENSG00000105186,ANKRD27,9,24,decreasing,-0.0148017139712265,False,False,False,False
ENSG00000007392,LUC7L,9,18,decreasing,-0.0042716919110376,False,False,False,False
ENSG00000130520,LSM4,9,22,decreasing,-0.0009547169315358,False,False,False,False
ENSG00000128699,ORMDL1,9,14,decreasing,-0.0281083336670956,False,False,False,False
ENSG00000125952,MAX,9,24,decreasing,-0.0048308423534377,True,True,False,True
ENSG00000125482,TTF1,9,18,decreasing,-0.006098241787371,False,False,False,False
ENSG00000122359,ANXA11,9,19,decreasing,-0.0043529049686177,False,False,False,False
ENSG00000119953,SMNDC1,9,16,decreasing,-0.0091563361131832,False,False,False,False
ENSG00000119048,UBE2B,9,23,decreasing,-0.0294764884076775,False,False,False,False
ENSG00000101109,STK4,9,24,decreasing,-0.002528017579999,False,False,False,False
ENSG00000076554,TPD52,9,19,decreasing,-0.0014716359609765,False,False,False,False
ENSG00000070476,ZXDC,9,20,decreasing,0.0072980496351247,False,False,False,False
ENSG00000068724,TTC7A,9,21,decreasing,-0.002397245632115,False,False,False,False
ENSG00000062485,CS,9,23,decreasing,0.0092737356192798,False,False,False,False
ENSG00000196782,MAML3,9,24,decreasing,-0.0042067194469817,False,False,False,False
ENSG00000133193,FAM104A,9,19,decreasing,-0.0053306283946935,False,False,False,False
ENSG00000131779,PEX11B,9,19,decreasing,-0.0116900056365572,False,False,False,False
ENSG00000113312,TTC1,9,17,decreasing,-0.0070061756822022,False,False,False,False
ENSG00000067066,SP100,9,23,decreasing,-0.0013427252168204,False,False,False,False
ENSG00000254673,AC110275.1,9,16,decreasing,-0.0199353266958129,False,False,False,False
ENSG00000179889,PDXDC1,9,24,decreasing,-0.0122755983133409,False,False,False,False
ENSG00000177879,AP3S1,9,15,decreasing,-0.004745711972205,False,False,False,False
ENSG00000172322,CLEC12A,9,16,decreasing,-0.0070760700192999,False,False,False,False
ENSG00000104884,ERCC2,9,14,decreasing,-0.0053307719238442,True,True,False,True
ENSG00000023330,ALAS1,9,20,decreasing,-0.0027047347067019,False,False,False,False
ENSG00000213020,ZNF611,9,24,decreasing,-0.0035209421578652,False,False,False,False
ENSG00000204514,ZNF814,9,24,increasing,0.0019115343180422,False,False,False,False
ENSG00000005059,MCUB,9,22,decreasing,-0.0143523610348958,False,False,False,False
ENSG00000132670,PTPRA,9,21,decreasing,-0.0079447604426368,False,False,False,False
ENSG00000139517,LNX2,9,24,decreasing,0.0114651084660488,False,False,False,False
ENSG00000100731,PCNX1,9,24,decreasing,-0.008876783733415,False,False,False,False
ENSG00000197766,CFD,9,22,decreasing,-0.0026780393497307,False,False,False,False
ENSG00000085365,SCAMP1,9,19,decreasing,-0.0075163814958685,False,False,False,False
ENSG00000080802,CNOT4,9,23,decreasing,-0.0021067775411764,False,False,False,False
ENSG00000078124,ACER3,9,24,decreasing,-0.0145825364423357,False,False,False,False
ENSG00000076641,PAG1,9,24,decreasing,-0.0077320278486874,False,False,False,False
ENSG00000066933,MYO9A,9,23,decreasing,0.003712335938428,False,False,False,False
ENSG00000066336,SPI1,9,20,decreasing,-0.0211997785588726,False,False,False,False
ENSG00000065613,SLK,9,22,increasing,0.0124162090984465,False,False,False,False
ENSG00000064313,TAF2,9,24,increasing,0.0116228064419578,False,False,False,False
ENSG00000122641,INHBA,9,22,decreasing,-0.0030091688927428,False,True,False,False
ENSG00000085788,DDHD2,9,14,decreasing,-0.0183899536245455,False,False,False,False
ENSG00000280987,MATR3,9,23,decreasing,-0.0036621440041626,False,False,False,False
ENSG00000263809,AC135178.3,9,18,decreasing,-0.0056757394114069,False,False,False,False
ENSG00000196182,STK40,9,23,decreasing,-0.0116674676526462,False,True,False,False
ENSG00000139842,CUL4A,9,22,decreasing,-0.0108417820255286,False,True,True,False
ENSG00000188529,SRSF10,9,22,decreasing,-0.0075628325409547,False,False,False,False
ENSG00000185420,SMYD3,9,24,decreasing,-0.0056634793158337,False,True,True,False
ENSG00000179454,KLHL28,9,22,decreasing,-0.0021194044262616,False,False,False,False
ENSG00000177463,NR2C2,9,22,decreasing,-0.0081123361959703,False,False,False,False
ENSG00000177311,ZBTB38,9,24,decreasing,-0.0035879843170294,False,False,False,False
ENSG00000162511,LAPTM5,9,21,decreasing,-0.0064269525192214,False,False,False,False
ENSG00000156170,NDUFAF6,9,18,decreasing,-0.0072911094680235,False,False,False,False
ENSG00000154016,GRAP,9,16,decreasing,-0.0123122139936703,False,False,False,False
ENSG00000144036,EXOC6B,9,18,decreasing,-0.0276099505082882,False,False,False,False
ENSG00000141968,VAV1,9,24,decreasing,-0.0166228094953516,False,True,True,False
ENSG00000141376,BCAS3,9,24,decreasing,-0.0050696215995619,False,False,False,False
ENSG00000140386,SCAPER,9,23,decreasing,0.0124584327681886,False,False,False,False
ENSG00000186298,PPP1CC,9,22,decreasing,-0.0016589010511581,False,False,False,False
ENSG00000119778,ATAD2B,9,21,decreasing,-0.0162446627054115,False,False,False,False
ENSG00000057663,ATG5,9,21,decreasing,-0.0004839500337395,False,True,False,True
ENSG00000068308,OTUD5,9,24,decreasing,0.0069955818317168,False,False,False,False
ENSG00000106635,BCL7B,9,15,decreasing,-0.0045621998848762,False,False,False,False
ENSG00000266412,NCOA4,9,17,decreasing,-0.0035346096294389,True,True,True,False
ENSG00000197747,S100A10,9,22,decreasing,-0.0045340215206102,False,False,False,False
ENSG00000196586,MYO6,9,21,decreasing,-0.0157746413029655,False,False,False,False
ENSG00000176102,CSTF3,9,16,decreasing,-0.0409624274692972,False,False,False,False
ENSG00000173889,PHC3,9,22,decreasing,-0.0120815966011885,False,False,False,False
ENSG00000164023,SGMS2,9,24,decreasing,-0.003251568673933,False,False,False,False
ENSG00000162434,JAK1,9,24,decreasing,-0.0248805451958267,True,True,False,False
ENSG00000160746,ANO10,9,21,decreasing,-0.0060921036256123,False,False,False,False
ENSG00000159216,RUNX1,9,22,decreasing,0.0232521577674865,True,True,False,True
ENSG00000110583,NAA40,9,19,decreasing,-0.0111716743498753,False,False,False,False
ENSG00000101773,RBBP8,9,21,decreasing,-0.0220366963854936,False,False,False,False
ENSG00000197070,ARRDC1,9,15,decreasing,-0.0041114004849797,False,False,False,False
ENSG00000181381,DDX60L,9,22,decreasing,-0.0051888249955427,False,False,False,False
ENSG00000189350,TOGARAM2,9,21,decreasing,-0.0037532865062135,False,False,False,False
ENSG00000186088,GSAP,9,21,decreasing,-0.0026994721542961,False,False,False,False
ENSG00000183323,CCDC125,9,17,decreasing,-0.0030524797987282,False,False,False,False
ENSG00000182359,KBTBD3,9,14,decreasing,-0.0067500234690448,False,False,False,False
ENSG00000156931,VPS8,9,21,decreasing,-0.0035110268225744,False,False,False,False
ENSG00000144744,UBA3,9,17,decreasing,-0.0087297483933568,False,False,False,False
ENSG00000124486,USP9X,9,22,decreasing,-0.0071210718460416,False,False,False,False
ENSG00000078674,PCM1,9,22,decreasing,-0.0033123037253101,True,False,False,False
ENSG00000073008,PVR,9,15,decreasing,-0.0049767268666503,False,False,False,False
ENSG00000027697,IFNGR1,9,22,decreasing,-0.0036794576546956,False,True,False,True
ENSG00000238083,LRRC37A2,9,23,decreasing,-0.0049215911109953,False,False,False,False
ENSG00000204842,ATXN2,9,24,decreasing,-0.009140473220811,False,True,False,True
ENSG00000137210,TMEM14B,9,17,decreasing,-0.0031175397826827,False,False,False,False
ENSG00000103064,SLC7A6,9,23,decreasing,-0.004166863235333,False,False,False,False
ENSG00000182054,IDH2,9,21,decreasing,-0.0019461316037064,True,True,True,False
ENSG00000169554,ZEB2,9,24,decreasing,-0.0032036163263647,False,False,False,False
ENSG00000173226,IQCB1,9,19,increasing,0.0046445042566627,False,False,False,False
ENSG00000114013,CD86,9,17,decreasing,-0.0052303875484643,False,False,False,False
ENSG00000197943,PLCG2,9,22,decreasing,-0.0076033595869053,False,True,True,False
ENSG00000104325,DECR1,9,22,decreasing,-0.0103091326709058,False,False,False,False
ENSG00000102763,VWA8,9,22,decreasing,-0.0147642616896339,False,False,False,False
ENSG00000101464,PIGU,9,17,decreasing,-0.0271563020380271,False,False,False,False
ENSG00000099250,NRP1,9,21,decreasing,-0.0281345867345064,False,False,False,False
ENSG00000144535,DIS3L2,9,17,decreasing,-0.0105258806175854,False,True,False,False
ENSG00000127329,PTPRB,9,15,decreasing,-0.0026149077021983,True,False,False,False
ENSG00000080546,SESN1,9,19,decreasing,-0.0040735750299677,False,True,False,True
ENSG00000135655,USP15,9,24,decreasing,-0.0200195518551146,False,False,False,False
ENSG00000188641,DPYD,9,24,decreasing,-0.0239882256633973,False,True,False,False
ENSG00000164815,ORC5,9,22,decreasing,-0.0067977624675994,False,False,False,False
ENSG00000112297,CRYBG1,9,21,decreasing,-0.006928108347922,False,False,False,False
ENSG00000162959,MEMO1,9,22,decreasing,-0.0418826838860651,False,False,False,False
ENSG00000141252,VPS53,9,22,decreasing,-0.0100380704963721,False,False,False,False
ENSG00000137857,DUOX1,9,17,decreasing,-0.0072321871983858,False,False,False,False
ENSG00000119906,SLF2,9,18,decreasing,-0.0210336350998874,False,False,False,False
ENSG00000113269,RNF130,9,19,decreasing,-0.0102760688637286,False,False,False,False
ENSG00000101336,HCK,9,23,decreasing,-0.0051022735701214,False,False,False,False
ENSG00000128708,HAT1,9,20,decreasing,-0.0027502094146633,False,False,False,False
ENSG00000189171,S100A13,9,16,decreasing,-0.0087747440273223,False,False,False,False
ENSG00000180891,CUEDC1,9,16,decreasing,-0.0056143729320584,False,False,False,False
ENSG00000172243,CLEC7A,9,17,decreasing,-0.0082495847530836,False,False,False,False
ENSG00000169629,RGPD8,9,22,decreasing,-0.0049737423994846,False,False,False,False
ENSG00000165071,TMEM71,9,23,decreasing,-0.0134650297521353,False,False,False,False
ENSG00000198898,CAPZA2,9,24,decreasing,-0.015472774696076,False,False,False,False
ENSG00000169118,CSNK1G1,9,22,decreasing,-0.0135476276618344,False,False,False,False
ENSG00000087365,SF3B2,9,23,decreasing,-0.001035440950812,False,True,True,False
ENSG00000119801,YPEL5,9,22,decreasing,-0.0047054383097713,False,False,False,False
ENSG00000131873,CHSY1,9,20,decreasing,-0.0553366809721021,False,False,False,False
ENSG00000123146,ADGRE5,9,23,decreasing,-0.005972442185252,False,False,False,False
ENSG00000113532,ST8SIA4,9,24,decreasing,-0.0046167522738416,False,False,False,False
ENSG00000108474,PIGL,9,20,decreasing,-0.0101560419687495,False,False,False,False
ENSG00000105552,BCAT2,9,16,decreasing,-0.0045404382632572,False,False,False,False
ENSG00000103978,TMEM87A,9,24,decreasing,-0.0059841753487322,False,False,False,False
ENSG00000062650,WAPL,9,24,decreasing,-0.0043584586773502,False,False,False,False
ENSG00000056586,RC3H2,9,24,decreasing,-0.0049187521589669,False,False,False,False
ENSG00000189190,ZNF600,9,17,decreasing,-0.0079438531807554,False,False,False,False
ENSG00000150907,FOXO1,9,17,decreasing,-0.0050654699140305,True,True,False,True
ENSG00000145287,PLAC8,9,20,decreasing,-0.0032907808599808,False,False,False,False
ENSG00000130038,CRACR2A,9,17,decreasing,-0.0125373393703693,False,False,False,False
ENSG00000100796,PPP4R3A,9,22,decreasing,-0.0039407526851777,False,False,False,False
ENSG00000149541,B3GAT3,9,16,decreasing,-0.0095563866179642,False,False,False,False
ENSG00000204178,MACO1,9,23,decreasing,-0.0017874593663843,False,False,False,False
ENSG00000189152,GRAPL,9,17,decreasing,-0.0203437832344607,False,False,False,False
ENSG00000185716,MOSMO,9,23,decreasing,-0.0167339870494364,False,False,False,False
ENSG00000166128,RAB8B,9,24,decreasing,-0.0098379392262959,False,False,False,False
ENSG00000150938,CRIM1,9,23,decreasing,-0.0007720264839432,False,False,False,False
ENSG00000147996,CBWD5,9,17,decreasing,0.0003895243868604,False,False,False,False
ENSG00000140632,GLYR1,9,24,decreasing,-0.0040826912671692,False,False,False,False
ENSG00000138674,SEC31A,9,24,decreasing,-0.0028917169383689,False,False,False,False
ENSG00000112685,EXOC2,9,24,decreasing,0.0400664280687272,False,False,False,False
ENSG00000109436,TBC1D9,9,24,decreasing,-0.0106222893625243,False,False,False,False
ENSG00000108587,GOSR1,9,21,decreasing,-0.0135007552679425,False,False,False,False
ENSG00000092439,TRPM7,9,24,decreasing,-0.0013577025252483,False,False,False,False
ENSG00000138660,AP1AR,9,20,decreasing,-0.0032585017887241,False,False,False,False
ENSG00000161011,SQSTM1,9,19,decreasing,0.0032639381321675,False,True,True,False
ENSG00000165714,BORCS5,9,24,decreasing,-0.0194266569354728,False,False,False,False
ENSG00000123600,METTL8,9,23,decreasing,-0.0148484817442486,False,False,False,False
ENSG00000164221,CCDC112,9,19,decreasing,0.004888643665862,False,False,False,False
ENSG00000155849,ELMO1,9,23,decreasing,0.0087949828367027,False,False,False,False
ENSG00000153006,SREK1IP1,9,21,decreasing,-0.004360235717286,False,False,False,False
ENSG00000152422,XRCC4,9,20,decreasing,-0.0102975410373431,False,False,False,False
ENSG00000144504,ANKMY1,9,17,decreasing,0.0043502580679286,False,False,False,False
ENSG00000143324,XPR1,9,24,decreasing,-0.0082969069533706,False,False,False,False
ENSG00000140853,NLRC5,9,23,decreasing,0.0041506473572917,False,False,False,False
ENSG00000137492,THAP12,9,23,decreasing,-0.0017889392781207,False,False,False,False
ENSG00000131018,SYNE1,9,24,decreasing,0.0063039614165407,False,False,False,False
ENSG00000130363,RSPH3,9,22,decreasing,-0.0070564144245347,False,False,False,False
ENSG00000124198,ARFGEF2,9,18,decreasing,-0.0021466709081043,False,False,False,False
ENSG00000123636,BAZ2B,9,24,decreasing,0.006969200639648,False,False,False,False
ENSG00000118363,SPCS2,9,18,decreasing,-0.0011045309214443,False,False,False,False
ENSG00000163348,PYGO2,9,15,decreasing,-0.0094620743754662,False,False,False,False
ENSG00000109689,STIM2,9,23,decreasing,-0.0010988445141154,False,False,False,False
ENSG00000102189,EEA1,9,24,decreasing,-0.0222601699819034,False,False,False,False
ENSG00000102158,MAGT1,9,23,decreasing,0.0231822019758205,False,False,False,False
ENSG00000085491,SLC25A24,9,22,decreasing,-0.0057626239289788,False,False,False,False
ENSG00000069956,MAPK6,9,18,decreasing,-0.0213292869438743,False,False,False,False
ENSG00000068354,TBC1D25,9,23,decreasing,-0.001497318904131,False,False,False,False
ENSG00000044115,CTNNA1,9,22,decreasing,-0.001233983314368,False,True,False,True
ENSG00000188906,LRRK2,9,21,decreasing,0.0085943555172234,False,False,False,False
ENSG00000275740,AC091959.3,9,19,decreasing,-0.009803402698815,False,False,False,False
ENSG00000179532,DNHD1,9,17,decreasing,-0.0058875958061105,False,False,False,False
ENSG00000170471,RALGAPB,9,19,decreasing,-0.0232631061274996,False,False,False,False
ENSG00000169398,PTK2,9,17,decreasing,0.0054600945236602,False,False,False,False
ENSG00000176407,KCMF1,9,22,decreasing,-0.0047058607996042,False,False,False,False
ENSG00000171681,ATF7IP,9,24,decreasing,0.0224063916491762,False,False,False,False
ENSG00000170430,MGMT,9,22,decreasing,-0.0242763623115673,False,False,False,False
ENSG00000092199,HNRNPC,9,24,decreasing,-0.0019093043609487,False,False,False,False
ENSG00000118939,UCHL3,9,19,decreasing,-0.0172935194721727,False,False,False,False
ENSG00000116473,RAP1A,9,24,increasing,0.0228563327211485,False,False,False,False
ENSG00000115977,AAK1,9,23,decreasing,0.0382970911436463,False,False,False,False
ENSG00000114648,KLHL18,9,23,decreasing,-0.0007880829231376,False,False,False,False
ENSG00000112305,SMAP1,9,24,increasing,0.0065390782262307,False,False,False,False
ENSG00000109381,ELF2,9,24,decreasing,-0.0130616027597871,False,False,False,False
ENSG00000107771,CCSER2,9,24,decreasing,0.0065324374974859,False,False,False,False
ENSG00000103187,COTL1,9,22,decreasing,-0.0330193582670638,False,False,False,False
ENSG00000103091,WDR59,9,22,decreasing,-0.0141907465010976,False,False,False,False
ENSG00000090565,RAB11FIP3,9,19,decreasing,0.007459916797062,False,False,False,False
ENSG00000089123,TASP1,9,19,decreasing,0.0007924730544464,False,False,False,False
ENSG00000072786,STK10,9,23,increasing,0.0122392135866473,False,False,False,False
ENSG00000068903,SIRT2,9,23,decreasing,-0.0098670945217128,False,False,False,False
ENSG00000068366,ACSL4,9,24,increasing,0.0257000612945444,False,True,True,False
ENSG00000054965,FAM168A,9,24,decreasing,-0.0154729267032739,False,False,False,False
ENSG00000023228,NDUFS1,9,24,decreasing,-0.0111198503414999,False,False,False,False
ENSG00000007341,ST7L,9,17,decreasing,-0.0178820212714414,False,False,False,False
ENSG00000003402,CFLAR,9,24,decreasing,-0.0135951239501806,False,False,False,False
ENSG00000255730,AC011462.1,9,24,decreasing,-0.009295158898879,False,False,False,False
ENSG00000198792,TMEM184B,9,24,decreasing,-0.0011569262268547,False,False,False,False
ENSG00000197622,CDC42SE1,9,23,decreasing,0.005982505806193,False,False,False,False
ENSG00000188690,UROS,9,24,decreasing,-0.0197765455095274,False,False,False,False
ENSG00000171045,TSNARE1,9,18,decreasing,-0.0056005994495273,False,False,False,False
ENSG00000153922,CHD1,9,24,decreasing,-0.0116381197602248,False,False,False,False
ENSG00000146872,TLK2,9,24,decreasing,-0.003532438333273,False,False,False,False
ENSG00000144560,VGLL4,9,24,decreasing,-0.0015379271256127,False,False,False,False
ENSG00000143401,ANP32E,9,24,decreasing,-0.0055941797118274,False,False,False,False
ENSG00000135317,SNX14,9,19,decreasing,-0.0163343608849403,False,False,False,False
ENSG00000135341,MAP3K7,9,23,decreasing,0.0022699873082461,False,True,True,False
ENSG00000141506,PIK3R5,9,24,decreasing,-0.0071234450427421,False,False,False,False
ENSG00000110077,MS4A6A,9,20,decreasing,-0.0046656580408619,False,False,False,False
ENSG00000072110,ACTN1,9,24,decreasing,-0.0056327346078904,False,False,False,False
ENSG00000039319,ZFYVE16,9,24,increasing,0.0100479227664517,False,False,False,False
ENSG00000033800,PIAS1,9,24,increasing,-0.0022809291569573,False,False,False,False
ENSG00000028203,VEZT,9,23,decreasing,-0.0041804873033279,False,False,False,False
ENSG00000007923,DNAJC11,9,24,decreasing,-0.0674038648632185,False,False,False,False
ENSG00000005810,MYCBP2,9,19,decreasing,-0.0077442333857679,False,False,False,False
ENSG00000205744,DENND1C,9,16,decreasing,-0.005061153920257,False,False,False,False
ENSG00000185619,PCGF3,9,23,decreasing,-0.0240257856220859,False,False,False,False
ENSG00000179912,R3HDM2,9,22,decreasing,-0.007347606422563,False,False,False,False
ENSG00000179119,SPTY2D1,9,24,decreasing,-0.0162958569417404,False,False,False,False
ENSG00000172613,RAD9A,9,17,decreasing,-0.0307814831763808,False,False,False,False
ENSG00000151014,NOCT,9,10,decreasing,-0.0144622348421379,False,False,False,False
ENSG00000070882,OSBPL3,9,23,decreasing,0.0011773398818431,False,False,False,False
ENSG00000147853,AK3,9,24,decreasing,-0.0033094355101953,False,False,False,False
ENSG00000005893,LAMP2,9,24,decreasing,-0.0040473324409834,False,False,False,False
ENSG00000182541,LIMK2,9,21,decreasing,-0.0018019299355485,False,False,False,False
ENSG00000124702,KLHDC3,9,15,decreasing,-0.0114009166776588,False,False,False,False
ENSG00000109943,CRTAM,9,17,decreasing,-0.0077114959601892,False,False,False,False
ENSG00000028839,TBPL1,9,21,decreasing,-0.0187849456493219,False,False,False,False
ENSG00000275052,PPP4R3B,9,24,decreasing,-0.0344965383340464,False,False,False,False
ENSG00000198814,GK,9,24,decreasing,-0.0019877783407089,False,False,False,False
ENSG00000182670,TTC3,9,24,decreasing,-0.0004057854093519,False,False,False,False
ENSG00000168385,SEPTIN2,9,17,increasing,0.0156702170973296,False,False,False,False
ENSG00000164924,YWHAZ,9,19,increasing,0.0186518520082351,False,False,False,False
ENSG00000154001,PPP2R5E,9,24,decreasing,-0.0205114542819217,False,False,False,False
ENSG00000153214,TMEM87B,9,19,increasing,0.0036557332632339,False,False,False,False
ENSG00000138750,NUP54,9,23,decreasing,-0.0011027280418414,False,False,False,False
ENSG00000138640,FAM13A,9,24,decreasing,-0.0034953439258059,False,False,False,False
ENSG00000132589,FLOT2,9,18,decreasing,-0.0269773222909719,False,False,False,False
ENSG00000146833,TRIM4,9,24,decreasing,-6.380495833900448e-06,False,False,False,False
ENSG00000132825,PPP1R3D,9,16,decreasing,-0.0024753190890894,False,False,False,False
ENSG00000067064,IDI1,9,24,decreasing,-0.002938007516437,False,False,False,False
ENSG00000009307,CSDE1,9,24,decreasing,-0.0125671652554136,False,True,False,False
ENSG00000283761,AC118553.2,9,23,decreasing,0.0029601948340504,False,False,False,False
ENSG00000183826,BTBD9,9,24,decreasing,-0.0004844047958985,False,False,False,False
ENSG00000182022,CHST15,9,24,decreasing,-0.0280575104172939,False,False,False,False
ENSG00000169641,LUZP1,9,24,decreasing,-0.0063808747606776,False,False,False,False
ENSG00000168769,TET2,9,24,decreasing,0.0218004271010962,True,True,False,True
ENSG00000164463,CREBRF,9,23,increasing,0.0043746042373128,False,False,False,False
ENSG00000164031,DNAJB14,9,24,decreasing,-0.0041555846461197,False,False,False,False
ENSG00000163162,RNF149,9,24,decreasing,-0.0068162109634688,False,False,False,False
ENSG00000161638,ITGA5,9,23,increasing,0.0208684852213621,False,False,False,False
ENSG00000143393,PI4KB,9,22,increasing,0.0374144866018915,False,False,False,False
ENSG00000165195,PIGA,9,16,decreasing,-0.0111192263487221,False,True,False,True
ENSG00000121281,ADCY7,9,24,increasing,0.0709418071270666,False,False,False,False
ENSG00000114030,KPNA1,9,24,decreasing,0.0084870047131682,False,False,False,False
ENSG00000110713,NUP98,9,24,decreasing,-0.0053383269426947,True,True,True,False
ENSG00000101782,RIOK3,9,24,increasing,0.0067251171545921,False,False,False,False
ENSG00000011454,RABGAP1,9,24,decreasing,-0.0025503186880477,False,False,False,False
ENSG00000141867,BRD4,9,22,decreasing,-0.0208647329369836,True,True,True,False
ENSG00000086062,B4GALT1,9,23,decreasing,-0.0014999931654465,False,False,False,False
ENSG00000184903,IMMP2L,9,24,increasing,0.007655151314544,False,False,False,False
ENSG00000113194,FAF2,9,23,increasing,0.0271310888633566,False,False,False,False
ENSG00000090372,STRN4,9,23,decreasing,-0.0327554688285728,False,False,False,False
ENSG00000070756,PABPC1,9,24,decreasing,0.0060725236766178,False,False,False,False
ENSG00000170325,PRDM10,9,17,decreasing,-9.23445525892237e-06,False,False,False,False
ENSG00000135457,TFCP2,9,24,decreasing,0.003267674635573,False,False,False,False
ENSG00000101972,STAG2,9,24,decreasing,-0.0423949232314548,True,True,False,True
ENSG00000131966,ACTR10,9,20,decreasing,0.0027767326841525,False,False,False,False
ENSG00000156026,MCU,9,24,increasing,0.0241512107978189,False,False,False,False
ENSG00000116489,CAPZA1,9,24,decreasing,-0.0266016506371779,False,False,False,False
ENSG00000112282,MED23,9,22,decreasing,-0.0050903056589996,False,False,False,False
ENSG00000111540,RAB5B,9,22,decreasing,0.0019533012369974,False,False,False,False
ENSG00000081320,STK17B,9,24,decreasing,-0.0120467164556411,False,False,False,False
ENSG00000038532,CLEC16A,9,24,increasing,0.008010702428579,False,False,False,False
ENSG00000018189,RUFY3,9,24,decreasing,-0.0026484594521556,False,False,False,False
ENSG00000288534,AP001931.2,9,24,decreasing,0.010087793404817,False,False,False,False
ENSG00000277117,FP565260.3,9,16,decreasing,-0.0025630390031274,False,False,False,False
ENSG00000198064,NPIPB13,9,24,decreasing,0.0013778179585435,False,False,False,False
ENSG00000196850,PPTC7,9,19,decreasing,-0.0027292607197041,False,False,False,False
ENSG00000176261,ZBTB8OS,9,18,decreasing,-0.0045363215397673,False,False,False,False
ENSG00000164190,NIPBL,9,24,increasing,-0.0019007261571881,False,False,False,False
ENSG00000147912,FBXO10,9,22,decreasing,-0.0500143239182808,False,False,False,False
ENSG00000103066,PLA2G15,9,20,decreasing,0.0033223487090647,False,False,False,False
ENSG00000145736,GTF2H2,9,24,increasing,0.0263685622343506,False,False,False,False
ENSG00000141279,NPEPPS,9,24,decreasing,-0.0115522943999933,False,False,False,False
ENSG00000136560,TANK,9,24,decreasing,0.0054100521931469,False,False,False,False
ENSG00000131828,PDHA1,9,23,decreasing,-0.0141969387241862,False,False,False,False
ENSG00000131507,NDFIP1,9,19,decreasing,-0.0008162127928943,False,False,False,False
ENSG00000129657,SEC14L1,9,23,increasing,0.0077403759195063,False,False,False,False
ENSG00000125354,SEPTIN6,9,24,decreasing,0.0024968277125816,False,False,False,False
ENSG00000116704,SLC35D1,9,23,decreasing,-0.0005127151919937,False,False,False,False
ENSG00000116478,HDAC1,9,19,increasing,0.0038664830839746,False,True,True,False
ENSG00000113712,CSNK1A1,9,19,decreasing,0.0008834603117831,False,False,False,False
ENSG00000108306,FBXL20,9,24,decreasing,-0.0066730080818453,False,False,False,False
ENSG00000103248,MTHFSD,9,21,decreasing,0.00036020165566,False,False,False,False
ENSG00000072364,AFF4,9,23,decreasing,-0.0007454008817117,True,True,True,False
ENSG00000205060,SLC35B4,9,21,decreasing,-0.0049449934145014,False,False,False,False
ENSG00000097033,SH3GLB1,9,24,decreasing,0.0014814795223242,False,False,False,False
ENSG00000108055,SMC3,9,22,decreasing,0.0006883126289446,False,True,False,True
ENSG00000213047,DENND1B,9,23,decreasing,-0.0053111746434893,False,False,False,False
ENSG00000181788,SIAH2,9,22,decreasing,-0.0086468462636096,False,False,False,False
ENSG00000177575,CD163,9,19,decreasing,-0.0072250057615918,False,False,False,False
ENSG00000161671,EMC10,9,22,decreasing,-0.010078976661968,False,False,False,False
ENSG00000150540,HNMT,9,20,decreasing,-0.0078582454044082,False,False,False,False
ENSG00000148358,GPR107,9,18,decreasing,0.0007297817099245,False,False,False,False
ENSG00000138835,RGS3,9,16,decreasing,-0.0069169365956777,False,False,False,False
ENSG00000135821,GLUL,9,17,decreasing,-0.0045180362318396,False,False,False,False
ENSG00000135677,GNS,9,23,decreasing,-0.0045631932047428,False,False,False,False
ENSG00000133195,SLC39A11,9,24,decreasing,-0.0213423960906221,False,False,False,False
ENSG00000124357,NAGK,9,17,decreasing,-0.006474089362153,False,False,False,False
ENSG00000113273,ARSB,9,23,decreasing,-0.0017245087530571,False,False,False,False
ENSG00000104237,RP1,9,18,decreasing,-0.0110313273659105,False,False,False,False
ENSG00000054654,SYNE2,9,22,decreasing,-0.0086244698380658,False,False,False,False
ENSG00000082805,ERC1,9,24,decreasing,-0.0067036710168047,True,True,True,False
ENSG00000198060,MARCHF5,9,24,decreasing,0.0111774117313252,False,False,False,False
ENSG00000197771,MCMBP,9,22,decreasing,0.0023813129023184,False,False,False,False
ENSG00000181038,METTL23,9,23,decreasing,-0.0055493985485419,False,False,False,False
ENSG00000176809,LRRC37A3,9,19,decreasing,0.0002552845247054,False,False,False,False
ENSG00000169599,NFU1,9,23,decreasing,-0.0104575643090238,False,False,False,False
ENSG00000169499,PLEKHA2,9,24,decreasing,-0.0016385717442806,False,False,False,False
ENSG00000162819,BROX,9,22,increasing,0.004577611636654,False,False,False,False
ENSG00000153814,JAZF1,9,24,decreasing,0.0056043852517438,False,True,True,False
ENSG00000138101,DTNB,9,24,decreasing,0.0085637574802517,False,False,False,False
ENSG00000137947,GTF2B,9,23,decreasing,-0.0068789802350626,False,False,False,False
ENSG00000133313,CNDP2,9,18,increasing,0.0090941438319095,False,False,False,False
ENSG00000283189,AC104452.1,9,20,decreasing,-0.0019084393100982,False,False,False,False
ENSG00000065413,ANKRD44,9,24,decreasing,0.0358860802250882,False,False,False,False
ENSG00000128595,CALU,9,23,decreasing,-0.0061194092500461,False,False,False,False
ENSG00000139597,N4BP2L1,9,24,decreasing,-0.0161725839450393,False,False,False,False
ENSG00000170085,SIMC1,9,24,decreasing,-0.0082612456708751,False,False,False,False
ENSG00000107938,EDRF1,9,23,decreasing,-0.0103664040946685,False,False,False,False
ENSG00000168807,SNTB2,9,24,decreasing,0.006155404656809,False,False,False,False
ENSG00000166471,TMEM41B,9,23,decreasing,0.0108978587297865,False,False,False,False
ENSG00000163683,SMIM14,9,23,decreasing,0.0008203239785601,False,False,False,False
ENSG00000156313,RPGR,9,21,decreasing,0.0111543219647131,False,False,False,False
ENSG00000154124,OTULIN,9,24,decreasing,-0.0083310130201049,False,False,False,False
ENSG00000152291,TGOLN2,9,23,decreasing,0.0172078702793298,False,False,False,False
ENSG00000151694,ADAM17,9,20,decreasing,-0.0053943528797525,False,False,False,False
ENSG00000149212,SESN3,9,23,decreasing,-0.0049833825848476,False,True,False,True
ENSG00000144224,UBXN4,9,18,decreasing,-0.0118460208986957,False,False,False,False
ENSG00000139687,RB1,9,18,decreasing,-0.0040822182943178,True,True,False,True
ENSG00000137343,ATAT1,9,22,decreasing,0.0013751555287016,False,False,False,False
ENSG00000080845,DLGAP4,9,18,decreasing,-0.0176720278419768,False,False,False,False
ENSG00000135829,DHX9,9,18,decreasing,-2.828465679221104e-05,False,False,False,False
ENSG00000135362,PRR5L,9,18,decreasing,-0.0105388766056488,False,False,False,False
ENSG00000134313,KIDINS220,9,23,decreasing,0.0079748218587302,False,False,False,False
ENSG00000134152,KATNBL1,9,24,decreasing,0.0007026933494839,False,False,False,False
ENSG00000132323,ILKAP,9,23,increasing,0.005313967548042,False,False,False,False
ENSG00000127314,RAP1B,9,23,decreasing,-0.0148649365650201,False,False,False,False
ENSG00000123908,AGO2,9,19,decreasing,-0.001578568223002,False,True,False,False
ENSG00000122591,FAM126A,9,21,decreasing,-0.0042140012618261,False,False,False,False
ENSG00000120899,PTK2B,9,23,decreasing,0.0067285017342526,False,False,False,False
ENSG00000111371,SLC38A1,9,24,increasing,0.0066693144613358,False,False,False,False
ENSG00000108799,EZH1,9,23,decreasing,-0.0108144611566158,False,True,True,False
ENSG00000108433,GOSR2,9,24,decreasing,-0.0026405258138064,False,False,False,False
ENSG00000128607,KLHDC10,9,21,increasing,0.0130874248014151,False,False,False,False
ENSG00000103534,TMC5,9,19,decreasing,-0.0009753539245043,False,False,False,False
ENSG00000118260,CREB1,9,24,decreasing,-0.005100204488075,True,True,True,False
ENSG00000198399,ITSN2,9,24,decreasing,-0.0016559411020615,False,False,False,False
ENSG00000165630,PRPF18,9,22,increasing,0.0039212865939356,False,False,False,False
ENSG00000163349,HIPK1,9,18,decreasing,-0.0030560154270912,False,False,False,False
ENSG00000153560,UBP1,9,23,decreasing,-0.0054157819786427,False,False,False,False
ENSG00000104881,PPP1R13L,9,17,decreasing,-0.0047788572465196,False,False,False,False
ENSG00000157916,RER1,9,17,decreasing,-0.0051456492559338,False,False,False,False
ENSG00000143772,ITPKB,9,18,decreasing,-0.0006547934847278,False,True,True,False
ENSG00000107372,ZFAND5,9,17,decreasing,-0.006767172309534,False,False,False,False
ENSG00000100485,SOS2,9,24,decreasing,0.0057519506903219,False,False,False,False
ENSG00000168792,ABHD15,9,16,decreasing,-0.0129999555128263,False,False,False,False
ENSG00000154822,PLCL2,9,19,decreasing,-0.0037371878445856,False,False,False,False
ENSG00000135241,PNPLA8,9,23,decreasing,-0.0051565691295919,False,False,False,False
ENSG00000131725,WDR44,9,22,decreasing,-0.0029267088189661,False,False,False,False
ENSG00000083720,OXCT1,9,16,decreasing,-0.0035893641023312,False,False,False,False
ENSG00000228696,ARL17B,9,24,decreasing,-0.0137780300451466,False,False,False,False
ENSG00000221914,PPP2R2A,9,19,decreasing,-0.0061836167737686,False,True,False,True
ENSG00000186566,GPATCH8,9,24,decreasing,-0.0411188394693225,False,False,False,False
ENSG00000176623,RMDN1,9,24,decreasing,-0.0033473838460793,False,False,False,False
ENSG00000175806,MSRA,9,23,decreasing,-0.0037548201470578,False,False,False,False
ENSG00000175727,MLXIP,9,22,decreasing,-0.0027579202273769,False,False,False,False
ENSG00000172785,CBWD1,9,24,increasing,0.0013978184143127,False,False,False,False
ENSG00000065000,AP3D1,9,22,increasing,0.0089001385996266,False,False,False,False
ENSG00000164074,ABHD18,9,24,decreasing,-0.0082638998615901,False,False,False,False
ENSG00000151491,EPS8,9,24,decreasing,-0.0012937454948693,False,False,False,False
ENSG00000132953,XPO4,9,22,decreasing,-0.0056198360907473,False,False,False,False
ENSG00000112237,CCNC,9,19,decreasing,-0.0119877459574898,False,False,False,False
ENSG00000110851,PRDM4,9,16,decreasing,-0.0071917603982377,False,False,False,False
ENSG00000110321,EIF4G2,9,22,decreasing,-0.0075750382137133,False,False,False,False
ENSG00000172349,IL16,9,22,decreasing,-0.0214767393676744,False,False,False,False
ENSG00000243207,PPAN-P2RY11,9,17,decreasing,-0.0061867091265799,False,False,False,False
ENSG00000047346,FAM214A,9,24,decreasing,-0.0028119953057521,False,False,False,False
ENSG00000180628,PCGF5,9,23,decreasing,-0.0005642769145456,False,False,False,False
ENSG00000092871,RFFL,9,22,decreasing,-3.176717937858901e-05,False,False,False,False
ENSG00000105053,VRK3,9,21,decreasing,-0.0343415159649098,False,False,False,False
ENSG00000076685,NT5C2,9,24,decreasing,-0.0036293274223885,True,True,True,False
ENSG00000085224,ATRX,9,24,decreasing,-0.0043557444134592,True,True,False,True
ENSG00000033327,GAB2,9,24,increasing,-0.0018050379135606,False,True,True,False
ENSG00000018408,WWTR1,9,19,decreasing,0.0002642462729551,True,True,True,False
ENSG00000010278,CD9,9,23,decreasing,-0.0419609542867922,False,False,False,False
ENSG00000284461,AC027644.4,9,24,decreasing,-0.0121884457070318,False,False,False,False
ENSG00000198162,MAN1A2,9,24,decreasing,-0.0033192149375654,False,False,False,False
ENSG00000197912,SPG7,9,22,decreasing,-0.0050790272933766,False,False,False,False
ENSG00000196814,MVB12B,9,24,decreasing,-0.0024951292006122,False,False,False,False
ENSG00000196743,GM2A,9,22,decreasing,0.0005975318185851,False,False,False,False
ENSG00000198648,STK39,9,23,decreasing,0.0021782548763,False,False,False,False
ENSG00000131013,PPIL4,9,22,decreasing,-0.0015001793733227,False,False,False,False
ENSG00000172183,ISG20,9,24,decreasing,0.0100956698838605,False,False,False,False
ENSG00000165209,STRBP,9,24,decreasing,-0.0027744543978435,False,False,False,False
ENSG00000140836,ZFHX3,9,24,decreasing,-0.0027987165762057,True,True,False,True
ENSG00000137161,CNPY3,9,23,decreasing,-0.0006770311692434,False,False,False,False
ENSG00000135837,CEP350,9,23,decreasing,0.0087038479077592,False,False,False,False
ENSG00000118596,SLC16A7,9,18,decreasing,-0.0148911726950791,False,False,False,False
ENSG00000131171,SH3BGRL,9,23,decreasing,-0.0036538985513075,False,False,False,False
ENSG00000106560,GIMAP2,9,17,decreasing,-0.0035854896240671,False,False,False,False
ENSG00000124203,ZNF831,9,24,decreasing,-0.0042058084915509,False,False,False,False
ENSG00000124172,ATP5F1E,9,18,decreasing,-0.0074984298599739,False,False,False,False
ENSG00000120533,ENY2,9,18,decreasing,-0.0046668128358961,False,False,False,False
ENSG00000166949,SMAD3,8,10,decreasing,-0.0131106933114144,True,True,False,True
ENSG00000162521,RBBP4,8,18,decreasing,-0.0245935919827372,False,False,False,False
ENSG00000131558,EXOC4,8,24,decreasing,-0.0040086674742905,False,False,False,False
ENSG00000124177,CHD6,8,16,decreasing,-0.0051325437082125,False,False,False,False
ENSG00000119392,GLE1,8,15,decreasing,-0.0025837475200083,False,False,False,False
ENSG00000108883,EFTUD2,8,17,decreasing,-0.0109991188891746,False,False,False,False
ENSG00000132669,RIN2,8,22,decreasing,-0.014767103893211,False,False,False,False
ENSG00000149231,CCDC82,8,22,decreasing,-0.0045603264709757,False,False,False,False
ENSG00000135678,CPM,8,24,decreasing,-0.0051694561421881,False,False,False,False
ENSG00000139323,POC1B,8,22,decreasing,-0.0061991858202514,False,False,False,False
ENSG00000148773,MKI67,8,17,decreasing,-0.0074745067139977,False,True,True,False
ENSG00000156232,WHAMM,8,24,decreasing,-0.0001143438788046,False,False,False,False
ENSG00000156639,ZFAND3,8,24,decreasing,-0.0085151036338887,False,False,False,False
ENSG00000159685,CHCHD6,8,14,decreasing,-0.009380775650051,False,False,False,False
ENSG00000103966,EHD4,8,24,decreasing,-0.0016097091329392,False,False,False,False
ENSG00000107537,PHYH,8,14,decreasing,-0.0014478447696235,False,False,False,False
ENSG00000137177,KIF13A,8,24,decreasing,-0.006793171633462,False,False,False,False
ENSG00000102054,RBBP7,8,15,decreasing,-0.0231162096094612,False,False,False,False
ENSG00000140262,TCF12,8,24,decreasing,-0.0143385418891745,True,False,False,False
ENSG00000135336,ORC3,8,22,decreasing,-0.0055652881639401,False,False,False,False
ENSG00000170017,ALCAM,8,22,decreasing,-0.0037976506103804,False,False,False,False
ENSG00000114439,BBX,8,22,decreasing,-0.0040300258397005,False,False,False,False
ENSG00000067704,IARS2,8,14,decreasing,-0.0059054944010124,False,False,False,False
ENSG00000109118,PHF12,8,15,decreasing,-0.0053089167054932,False,False,False,False
ENSG00000127507,ADGRE2,8,21,decreasing,-0.0039374304688017,False,False,False,False
ENSG00000165929,TC2N,8,22,decreasing,-0.0239258057764473,False,False,False,False
ENSG00000101445,PPP1R16B,8,19,decreasing,-0.0054121552450981,False,False,False,False
ENSG00000241878,PISD,8,14,decreasing,0.0034032226867376,False,False,False,False
ENSG00000000938,FGR,8,23,decreasing,-0.0046194257765231,False,False,False,False
ENSG00000011478,QPCTL,8,24,decreasing,-0.0044237679869392,False,False,False,False
ENSG00000058272,PPP1R12A,8,23,decreasing,-0.0023689068845239,False,False,False,False
ENSG00000067248,DHX29,8,23,decreasing,-0.0089274024979039,False,False,False,False
ENSG00000082438,COBLL1,8,19,decreasing,0.004947860810322,False,False,False,False
ENSG00000168092,PAFAH1B2,8,24,decreasing,8.552116252162482e-05,True,True,True,False
ENSG00000119397,CNTRL,8,18,decreasing,-0.0039041788436518,True,True,False,False
ENSG00000173163,COMMD1,8,22,decreasing,-0.0021846415855797,False,False,False,False
ENSG00000116698,SMG7,8,19,decreasing,-0.0117242892864596,False,False,False,False
ENSG00000104973,MED25,8,23,decreasing,-0.0051917539380952,False,False,False,False
ENSG00000105438,KDELR1,8,17,decreasing,-0.0446337416039077,False,False,False,False
ENSG00000108854,SMURF2,8,19,decreasing,0.0023028984211609,False,False,False,False
ENSG00000111647,UHRF1BP1L,8,23,decreasing,-0.0135756713939618,False,False,False,False
ENSG00000113966,ARL6,8,15,decreasing,0.0047000689675863,False,False,False,False
ENSG00000115756,HPCAL1,8,24,increasing,0.0135178218769155,False,False,False,False
ENSG00000119729,RHOQ,8,22,decreasing,-0.0011693673796693,False,False,False,False
ENSG00000174705,SH3PXD2B,8,17,decreasing,-0.0050845319883191,False,False,False,False
ENSG00000123106,CCDC91,8,24,decreasing,-0.0036310294782226,False,False,False,False
ENSG00000124782,RREB1,8,24,decreasing,-0.0057799770772306,False,False,False,False
ENSG00000124813,RUNX2,8,19,decreasing,-0.0011920303782607,False,False,False,False
ENSG00000127948,POR,8,23,decreasing,0.0004526549540763,False,False,False,False
ENSG00000100503,NIN,8,23,decreasing,-0.0009531259967011,True,False,False,False
ENSG00000130449,ZSWIM6,8,24,decreasing,-0.0021214155125474,False,False,False,False
ENSG00000104613,INTS10,8,18,decreasing,-0.0050130852845185,False,False,False,False
ENSG00000101160,CTSZ,8,18,decreasing,-0.0033135086541166,False,False,False,False
ENSG00000099139,PCSK5,8,23,decreasing,-0.0073880596727175,False,False,False,False
ENSG00000096968,JAK2,8,23,decreasing,0.0031353456716671,True,True,True,False
ENSG00000094975,SUCO,8,19,decreasing,0.0016215712553787,False,False,False,False
ENSG00000087470,DNM1L,8,24,decreasing,-0.0025460530159237,False,False,False,False
ENSG00000087460,GNAS,8,23,decreasing,-0.0416554619187102,True,True,True,False
ENSG00000078140,UBE2K,8,24,decreasing,-0.0033872112031968,False,False,False,False
ENSG00000065882,TBC1D1,8,23,decreasing,-0.0014196596067488,False,False,False,False
ENSG00000017797,RALBP1,8,18,decreasing,-0.0081538343884912,False,False,False,False
ENSG00000006756,ARSD,8,21,decreasing,-0.0224950952834691,False,False,False,False
ENSG00000005339,CREBBP,8,23,decreasing,-0.0040770792449756,True,True,False,True
ENSG00000258064,AC073612.1,8,17,decreasing,-0.0014689191030923,False,False,False,False
ENSG00000197024,ZNF398,8,17,decreasing,0.0014642526453454,False,False,False,False
ENSG00000185561,TLCD2,8,14,decreasing,-0.0116951826052753,False,False,False,False
ENSG00000179583,CIITA,8,23,decreasing,-0.006393627401322,True,True,False,True
ENSG00000175155,YPEL2,8,16,decreasing,-0.0019521022573731,False,False,False,False
ENSG00000111961,SASH1,8,22,decreasing,-0.0145908995315306,False,False,False,False
ENSG00000266173,STRADA,8,19,decreasing,-0.0061333081296184,False,False,False,False
ENSG00000090013,BLVRB,8,23,decreasing,-0.0125505263466404,False,False,False,False
ENSG00000197006,METTL9,8,21,decreasing,-0.0024070081806247,False,False,False,False
ENSG00000136144,RCBTB1,8,19,decreasing,-0.0147899189103036,False,False,False,False
ENSG00000137509,PRCP,8,22,decreasing,-0.0055598113493068,False,False,False,False
ENSG00000139990,DCAF5,8,24,decreasing,-0.0035520401532828,False,False,False,False
ENSG00000159450,TCHH,8,19,decreasing,-0.0028072369412704,False,False,False,False
ENSG00000166199,ALKBH3,8,14,decreasing,-0.0080394090325834,False,False,False,False
ENSG00000166200,COPS2,8,17,decreasing,-0.0080307578878113,False,False,False,False
ENSG00000197961,ZNF121,8,20,decreasing,-0.0026728811263249,False,False,False,False
ENSG00000078403,MLLT10,8,19,decreasing,-0.0094295668788796,True,True,True,False
ENSG00000215126,CBWD6,8,21,decreasing,-0.003362085002371,False,False,False,False
ENSG00000004864,SLC25A13,8,24,decreasing,-0.0011593320795635,False,False,False,False
ENSG00000008853,RHOBTB2,8,18,decreasing,-0.0067374667703056,False,False,False,False
ENSG00000009954,BAZ1B,8,19,decreasing,0.0015716957674683,False,False,False,False
ENSG00000058673,ZC3H11A,8,23,decreasing,-0.0075409092219659,False,False,False,False
ENSG00000065883,CDK13,8,24,decreasing,-0.0007188738996745,False,False,False,False
ENSG00000121680,PEX16,8,19,decreasing,-0.0095004658526112,False,False,False,False
ENSG00000119866,BCL11A,8,22,decreasing,-0.0047171863847793,True,False,False,False
ENSG00000113163,CERT1,8,23,decreasing,-0.0065807183401125,False,False,False,False
ENSG00000101342,TLDC2,8,16,decreasing,-0.0050493534838593,False,False,False,False
ENSG00000084070,SMAP2,8,24,decreasing,-0.0055501254093018,False,False,False,False
ENSG00000273398,AC017083.3,8,24,decreasing,-0.0208658641763311,False,False,False,False
ENSG00000258311,AC009779.4,8,16,increasing,0.0068732094165754,False,False,False,False
ENSG00000256525,POLG2,8,24,decreasing,-0.0159238081513096,False,False,False,False
ENSG00000214113,LYRM4,8,22,decreasing,0.0256129093544814,False,False,False,False
ENSG00000187231,SESTD1,8,24,decreasing,-0.0021837074304041,False,False,False,False
ENSG00000182923,CEP63,8,17,decreasing,-0.0057321853299214,False,False,False,False
ENSG00000179715,PCED1B,8,24,decreasing,-0.0069902481952074,False,False,False,False
ENSG00000177189,RPS6KA3,8,24,decreasing,0.000858241343917,False,False,False,False
ENSG00000175198,PCCA,8,22,decreasing,-0.0092523035615899,False,False,False,False
ENSG00000173085,COQ2,8,22,decreasing,-0.0062945967388124,False,False,False,False
ENSG00000172890,NADSYN1,8,24,decreasing,0.0181982396925758,False,False,False,False
ENSG00000138385,SSB,8,21,decreasing,-0.0018230989119487,False,False,False,False
ENSG00000071537,SEL1L,8,18,decreasing,-0.0032604930373482,False,False,False,False
ENSG00000084234,APLP2,8,24,decreasing,0.012689835542509,False,False,False,False
ENSG00000268043,NBPF12,8,19,decreasing,-0.0147300303737489,False,False,False,False
ENSG00000154978,VOPP1,8,22,decreasing,0.0210992672831019,False,False,False,False
ENSG00000147119,CHST7,8,17,decreasing,-0.0103657924119199,False,False,False,False
ENSG00000147894,C9orf72,8,18,decreasing,-0.0024102513538124,False,False,False,False
ENSG00000151247,EIF4E,8,24,decreasing,-0.0337322566306625,False,True,True,False
ENSG00000151422,FER,8,21,decreasing,0.0005293634468404,False,False,False,False
ENSG00000152767,FARP1,8,22,decreasing,-0.014971552210196,False,False,False,False
ENSG00000153774,CFDP1,8,18,decreasing,-0.0016867316569369,False,False,False,False
ENSG00000161956,SENP3,8,17,decreasing,0.0029940992433079,False,False,False,False
ENSG00000087088,BAX,8,19,decreasing,-0.0305787988913525,True,False,False,False
ENSG00000163681,SLMAP,8,23,decreasing,0.0114235429642333,False,False,False,False
ENSG00000168389,MFSD2A,8,23,decreasing,0.0004549693261586,False,False,False,False
ENSG00000173674,EIF1AX,8,24,decreasing,-0.0349421114379748,False,True,False,False
ENSG00000175787,ZNF169,8,16,decreasing,-0.0093481265685187,False,False,False,False
ENSG00000182866,LCK,8,18,decreasing,0.0022453227965818,True,True,True,False
ENSG00000188786,MTF1,8,20,decreasing,0.0040738089299432,False,False,False,False
ENSG00000146963,LUC7L2,8,22,increasing,0.0102332151301241,False,False,False,False
ENSG00000143977,SNRPG,8,17,decreasing,-0.005797655548857,False,False,False,False
ENSG00000141076,UTP4,8,18,decreasing,-0.0181071262729891,False,False,False,False
ENSG00000135090,TAOK3,8,24,decreasing,-0.0039298380744978,False,False,False,False
ENSG00000134531,EMP1,8,18,decreasing,-0.0228921666855423,False,False,False,False
ENSG00000131238,PPT1,8,18,decreasing,-0.0038888525420073,False,False,False,False
ENSG00000130475,FCHO1,8,21,decreasing,-0.0031055452512102,False,False,False,False
ENSG00000128585,MKLN1,8,24,decreasing,-0.0129770133602902,False,False,False,False
ENSG00000124783,SSR1,8,23,increasing,0.00480412644778,False,False,False,False
ENSG00000123094,RASSF8,8,21,decreasing,-0.002619746062808,False,False,False,False
ENSG00000115520,COQ10B,8,17,decreasing,-0.0044022546246026,False,False,False,False
ENSG00000113580,NR3C1,8,19,decreasing,-0.0157812102899026,False,False,False,False
ENSG00000108669,CYTH1,8,24,increasing,0.0490629754772289,False,False,False,False
ENSG00000105983,LMBR1,8,24,decreasing,-0.0045081654959271,False,False,False,False
ENSG00000099968,BCL2L13,8,22,decreasing,-0.0073991230233371,False,False,False,False
ENSG00000092108,SCFD1,8,22,decreasing,-0.0011959209111743,False,False,False,False
ENSG00000090863,GLG1,8,24,decreasing,-0.0064362078417143,False,False,False,False
ENSG00000136932,TRMO,8,21,decreasing,-0.008860730218945,False,False,False,False
ENSG00000148300,REXO4,8,16,decreasing,-0.0007192800844728,False,False,False,False
ENSG00000142409,ZNF787,8,20,decreasing,-0.0049450029138173,False,False,False,False
ENSG00000124831,LRRFIP1,8,24,decreasing,-0.0029756445027289,False,False,False,False
ENSG00000107864,CPEB3,8,24,decreasing,-0.0637552255469942,False,False,False,False
ENSG00000108256,NUFIP2,8,22,decreasing,-0.0059878914341647,False,False,False,False
ENSG00000110768,GTF2H1,8,21,decreasing,-0.0131062737098927,False,False,False,False
ENSG00000119522,DENND1A,8,22,decreasing,-0.0092413752527576,False,False,False,False
ENSG00000124356,STAMBP,8,16,decreasing,-0.0063536176648058,False,False,False,False
ENSG00000124588,NQO2,8,23,decreasing,-0.0116311041692902,False,False,False,False
ENSG00000137817,PARP6,8,16,decreasing,-0.0062259028117498,False,False,False,False
ENSG00000101040,ZMYND8,8,18,decreasing,0.0001378491265903,False,False,False,False
ENSG00000138802,SEC24B,8,24,decreasing,-0.0064362250866148,False,False,False,False
ENSG00000139668,WDFY2,8,24,decreasing,-0.0357522037072663,False,False,False,False
ENSG00000156508,EEF1A1,8,23,decreasing,-0.0168153336686283,False,False,False,False
ENSG00000158864,NDUFS2,8,16,decreasing,-0.0512577968518729,False,False,False,False
ENSG00000170634,ACYP2,8,24,decreasing,-0.010308658196511,False,False,False,False
ENSG00000175467,SART1,8,23,decreasing,-0.0063645220534125,False,False,False,False
ENSG00000104951,IL4I1,8,21,decreasing,-0.010243327696037,False,False,False,False
ENSG00000092068,SLC7A8,8,21,decreasing,-0.0061280547576113,False,False,False,False
ENSG00000145907,G3BP1,8,22,decreasing,-0.0088068565114096,False,False,False,False
ENSG00000286235,AL035461.4,8,23,decreasing,-0.0038575980096362,False,False,False,False
ENSG00000153815,CMIP,8,24,decreasing,-0.0074368432639591,False,False,False,False
ENSG00000158714,SLAMF8,8,15,decreasing,-0.0057984983596346,False,False,False,False
ENSG00000167107,ACSF2,8,21,decreasing,-0.0082454374055279,False,False,False,False
ENSG00000170802,FOXN2,8,22,decreasing,-0.001471229364471,False,False,False,False
ENSG00000198019,FCGR1B,8,20,decreasing,-0.0035959817774787,False,False,False,False
ENSG00000256591,AP003108.2,8,21,decreasing,-0.0035876806829471,False,False,False,False
ENSG00000183060,LYSMD4,8,15,decreasing,-0.0052360227345846,False,False,False,False
ENSG00000086666,ZFAND6,8,19,decreasing,-0.0018912935468835,False,False,False,False
ENSG00000026652,AGPAT4,8,24,decreasing,0.0055562150781513,False,False,False,False
ENSG00000048991,R3HDM1,8,18,decreasing,-0.0087854242760862,False,False,False,False
ENSG00000049860,HEXB,8,21,decreasing,-0.0035463600925048,False,False,False,False
ENSG00000066777,ARFGEF1,8,24,decreasing,-0.0070407227429289,False,False,False,False
ENSG00000067167,TRAM1,8,17,decreasing,-0.0055851430249209,False,False,False,False
ENSG00000075223,SEMA3C,8,21,decreasing,-0.0057989581215879,False,False,False,False
ENSG00000176485,PLAAT3,8,21,decreasing,-0.0060069067095421,False,False,False,False
ENSG00000198954,KIFBP,8,20,decreasing,-0.008047660745746,False,False,False,False
ENSG00000206190,ATP10A,8,23,decreasing,-0.0166920943882292,False,False,False,False
ENSG00000137393,RNF144B,8,24,decreasing,-0.0090407678582237,False,False,False,False
ENSG00000114742,WDR48,8,16,decreasing,-0.0007251979057423,False,False,False,False
ENSG00000118508,RAB32,8,16,decreasing,-0.0079892131229173,False,False,False,False
ENSG00000120008,WDR11,8,15,decreasing,-0.0131402473064933,False,False,False,False
ENSG00000134352,IL6ST,8,23,decreasing,-0.023194192372949,True,True,True,False
ENSG00000134490,TMEM241,8,17,decreasing,0.0155977456130125,False,False,False,False
ENSG00000136478,TEX2,8,22,decreasing,-0.0154621950751608,False,False,False,False
ENSG00000144320,LNPK,8,15,decreasing,-0.0040501887871343,False,False,False,False
ENSG00000104643,MTMR9,8,22,decreasing,-0.008539485027793,False,False,False,False
ENSG00000162704,ARPC5,8,16,decreasing,-0.0171753586351375,False,False,False,False
ENSG00000163590,PPM1L,8,22,decreasing,-0.0069741995778997,False,False,False,False
ENSG00000169813,HNRNPF,8,24,decreasing,0.0220950757175557,False,False,False,False
ENSG00000170854,RIOX2,8,15,decreasing,-0.0018276503306558,False,False,False,False
ENSG00000197471,SPN,8,20,decreasing,-0.0037056150661735,False,False,False,False
ENSG00000263465,SRSF8,8,15,decreasing,-0.0313616951106195,False,False,False,False
ENSG00000103047,TANGO6,8,18,decreasing,-0.0052496297429519,False,False,False,False
ENSG00000139117,CPNE8,8,22,decreasing,-0.0014973084019967,False,False,False,False
ENSG00000180694,TMEM64,8,16,decreasing,-0.0053240169156947,False,False,False,False
ENSG00000169635,HIC2,8,21,decreasing,0.0053402429776495,False,False,False,False
ENSG00000169180,XPO6,8,21,decreasing,-0.0059797056859853,False,False,False,False
ENSG00000159256,MORC3,8,22,decreasing,-0.0027650355568843,False,False,False,False
ENSG00000153107,ANAPC1,8,14,decreasing,-0.0023175691202633,False,False,False,False
ENSG00000164548,TRA2A,8,18,decreasing,0.0142254827406066,False,False,False,False
ENSG00000139131,YARS2,8,23,decreasing,-0.0035456963413311,False,False,False,False
ENSG00000137145,DENND4C,8,24,decreasing,-0.0126668551662247,False,False,False,False
ENSG00000129515,SNX6,8,24,decreasing,-0.0034217013300388,False,False,False,False
ENSG00000126804,ZBTB1,8,21,decreasing,0.0005211542320623,False,False,False,False
ENSG00000119408,NEK6,8,19,decreasing,-0.0110658003098462,False,False,False,False
ENSG00000115514,TXNDC9,8,21,decreasing,-0.0065760650493767,False,False,False,False
ENSG00000102710,SUPT20H,8,20,decreasing,-0.0040228873112669,False,False,False,False
ENSG00000068784,SRBD1,8,21,decreasing,-0.0147017029811675,False,False,False,False
ENSG00000101574,METTL4,8,17,decreasing,-0.0053587141708444,False,False,False,False
ENSG00000148841,ITPRIP,8,15,decreasing,-0.005805389258669,False,False,False,False
ENSG00000138246,DNAJC13,8,14,decreasing,-0.0041818699231865,False,False,False,False
ENSG00000145214,DGKQ,8,20,decreasing,-0.0150642007486737,False,False,False,False
ENSG00000090097,PCBP4,8,16,decreasing,-0.0107279162367494,False,False,False,False
ENSG00000198952,SMG5,8,18,decreasing,-0.002208985724263,False,False,False,False
ENSG00000205269,TMEM170B,8,20,decreasing,-0.020830001594209,False,False,False,False
ENSG00000249624,AP000295.1,8,19,decreasing,-0.0038497965007302,False,False,False,False
ENSG00000069275,NUCKS1,8,14,decreasing,-0.0045055017655127,False,False,False,False
ENSG00000086848,ALG9,8,16,decreasing,-0.0138166473892517,False,False,False,False
ENSG00000090020,SLC9A1,8,24,decreasing,-0.0071677502914292,False,False,False,False
ENSG00000147202,DIAPH2,8,24,decreasing,-0.0033904231676785,False,False,False,False
ENSG00000198521,ZNF43,8,24,decreasing,-0.0198294983317786,False,False,False,False
ENSG00000154783,FGD5,8,19,decreasing,-0.0048158756709652,False,False,False,False
ENSG00000167601,AXL,8,23,decreasing,-0.0054403187045874,False,True,True,False
ENSG00000170348,TMED10,8,21,decreasing,-0.0208989807964206,False,False,False,False
ENSG00000172986,GXYLT2,8,20,decreasing,-0.0073343569587036,False,False,False,False
ENSG00000196233,LCOR,8,24,decreasing,-0.0131162979833358,False,False,False,False
ENSG00000281039,AC005154.5,8,19,decreasing,-0.0017957765733801,False,False,False,False
ENSG00000198740,ZNF652,8,21,decreasing,-0.0038938434174446,False,False,False,False
ENSG00000197969,VPS13A,8,24,decreasing,-0.0149178341142071,False,False,False,False
ENSG00000119986,AVPI1,8,15,decreasing,-0.0038824745611183,False,False,False,False
ENSG00000168016,TRANK1,8,18,decreasing,-0.0058401477756569,False,False,False,False
ENSG00000145416,MARCHF1,8,23,decreasing,0.0012849849736794,False,False,False,False
ENSG00000148180,GSN,8,18,decreasing,0.0373546770134137,False,False,False,False
ENSG00000155158,TTC39B,8,21,decreasing,-0.0100773479034069,False,False,False,False
ENSG00000162601,MYSM1,8,23,decreasing,-0.0066667855574512,False,False,False,False
ENSG00000164164,OTUD4,8,17,decreasing,-0.0024019069458871,False,False,False,False
ENSG00000165476,REEP3,8,24,decreasing,-0.0097146099014984,False,False,False,False
ENSG00000168434,COG7,8,18,decreasing,-0.0048590788546277,False,False,False,False
ENSG00000196715,VKORC1L1,8,24,decreasing,-0.0121203674861761,False,False,False,False
ENSG00000169032,MAP2K1,8,24,decreasing,-0.0011599656763174,True,True,True,False
ENSG00000170379,TCAF2,8,19,decreasing,-0.0074497545964122,False,False,False,False
ENSG00000172292,CERS6,8,23,decreasing,-0.0088651454376359,False,False,False,False
ENSG00000185345,PRKN,8,21,decreasing,-0.0003163519457789,False,True,False,True
ENSG00000187210,GCNT1,8,22,decreasing,-0.009853534251108,False,False,False,False
ENSG00000196605,ZNF846,8,21,decreasing,-0.0265095220047062,False,False,False,False
ENSG00000081791,DELE1,8,18,decreasing,-0.0059496543064821,False,False,False,False
ENSG00000082512,TRAF5,8,22,decreasing,-0.0042677825098593,False,True,False,True
ENSG00000089063,TMEM230,8,19,decreasing,-0.0027954622297273,False,False,False,False
ENSG00000174282,ZBTB4,8,17,decreasing,-0.0025708371308406,False,False,False,False
ENSG00000077312,SNRPA,8,18,decreasing,-0.0025222713835134,False,False,False,False
ENSG00000115504,EHBP1,8,17,decreasing,-0.0087355829276907,False,False,False,False
ENSG00000139631,CSAD,8,15,decreasing,-0.003289242655304,False,False,False,False
ENSG00000143198,MGST3,8,21,decreasing,-0.0040354500535155,False,False,False,False
ENSG00000161929,SCIMP,8,17,decreasing,-0.0073263935632469,False,False,False,False
ENSG00000173950,XXYLT1,8,16,decreasing,-0.0054278796717506,False,False,False,False
ENSG00000185963,BICD2,8,17,decreasing,-0.0124840157340175,False,False,False,False
ENSG00000104756,KCTD9,8,18,decreasing,-0.0017724129686538,False,False,False,False
ENSG00000197102,DYNC1H1,8,24,decreasing,-0.002577023580983,False,False,False,False
ENSG00000263001,GTF2I,8,19,decreasing,-0.0085618382626104,False,True,True,False
ENSG00000149923,PPP4C,8,20,decreasing,-0.0081830848699401,False,False,False,False
ENSG00000038002,AGA,8,15,decreasing,-0.0063351202786952,False,False,False,False
ENSG00000070785,EIF2B3,8,21,decreasing,-0.0061444592383083,False,False,False,False
ENSG00000107625,DDX50,8,21,decreasing,-0.0062717397503059,False,False,False,False
ENSG00000198223,CSF2RA,8,24,decreasing,-0.0026394633529986,False,False,False,False
ENSG00000175482,POLD4,8,20,decreasing,-0.0105907149554817,False,False,False,False
ENSG00000172239,PAIP1,8,15,decreasing,-0.009035939398218,False,False,False,False
ENSG00000171488,LRRC8C,8,23,decreasing,-0.0082465841885057,False,False,False,False
ENSG00000166579,NDEL1,8,23,decreasing,-0.0059694550491891,False,False,False,False
ENSG00000165632,TAF3,8,18,decreasing,0.0002310925335389,False,False,False,False
ENSG00000164091,WDR82,8,17,decreasing,-0.0105902567919161,False,False,False,False
ENSG00000163935,SFMBT1,8,19,decreasing,-0.0045663650293552,False,False,False,False
ENSG00000158985,CDC42SE2,8,24,decreasing,0.0002561738382905,False,False,False,False
ENSG00000145390,USP53,8,17,decreasing,-0.0017233412662629,False,False,False,False
ENSG00000138760,SCARB2,8,21,decreasing,-0.0045963287724617,False,False,False,False
ENSG00000121774,KHDRBS1,8,23,decreasing,-0.0008974809343933,False,False,False,False
ENSG00000117009,KMO,8,23,decreasing,-0.0026939881812679,False,False,False,False
ENSG00000114423,CBLB,8,22,decreasing,-0.0085257178611923,True,True,False,True
ENSG00000113407,TARS1,8,23,decreasing,-0.007503509779195,False,False,False,False
ENSG00000112335,SNX3,8,24,decreasing,-0.0047809732262352,False,False,False,False
ENSG00000105717,PBX4,8,19,decreasing,-0.010699425607842,False,False,False,False
ENSG00000168234,TTC39C,8,24,decreasing,-0.0060989759640477,False,False,False,False
ENSG00000174485,DENND4A,8,24,decreasing,-0.0053491557349802,False,False,False,False
ENSG00000163565,IFI16,8,18,decreasing,-0.0040164341910257,False,False,False,False
ENSG00000036549,AC118549.1,8,22,decreasing,0.0204588928634051,False,False,False,False
ENSG00000136754,ABI1,8,24,decreasing,-0.0061038508202284,True,True,False,False
ENSG00000137478,FCHSD2,8,24,decreasing,-0.0011330236737537,False,False,False,False
ENSG00000143093,STRIP1,8,18,decreasing,-0.0104217714697323,False,False,False,False
ENSG00000174738,NR1D2,8,18,decreasing,-0.0077651141953674,False,False,False,False
ENSG00000179241,LDLRAD3,8,23,decreasing,-0.0013592529980166,False,False,False,False
ENSG00000259112,NDUFC2-KCTD14,8,17,decreasing,-0.0035945703339311,False,False,False,False
ENSG00000049618,ARID1B,8,24,decreasing,-0.004120111239051,True,True,False,True
ENSG00000129292,PHF20L1,8,22,decreasing,0.0094433178837629,False,False,False,False
ENSG00000051825,MPHOSPH9,8,19,decreasing,0.0030179831836078,False,False,False,False
ENSG00000055130,CUL1,8,24,increasing,0.0035358217240048,False,False,False,False
ENSG00000055483,AC022966.1,8,23,decreasing,-0.0024279220079906,False,False,False,False
ENSG00000062725,APPBP2,8,23,increasing,0.0125810772306551,False,False,False,False
ENSG00000065427,KARS1,8,17,decreasing,0.0561211938256184,False,False,False,False
ENSG00000102144,PGK1,8,24,decreasing,0.0044865726086127,False,False,False,False
ENSG00000131370,SH3BP5,8,21,increasing,0.0067078502932952,False,False,False,False
ENSG00000115355,CCDC88A,8,24,decreasing,-0.0342413905216866,False,False,False,False
ENSG00000185650,ZFP36L1,8,17,increasing,0.0080412685269472,False,True,False,True
ENSG00000022567,SLC45A4,8,21,decreasing,-0.0052289304608497,False,False,False,False
ENSG00000188312,CENPP,8,19,decreasing,-0.0016868223590105,False,False,False,False
ENSG00000197798,FAM118B,8,19,decreasing,-0.0301171474101042,False,False,False,False
ENSG00000198818,SFT2D1,8,15,increasing,0.0221556386270907,False,False,False,False
ENSG00000213341,CHUK,8,18,decreasing,-0.0121100038566432,False,True,False,False
ENSG00000215114,UBXN2B,8,18,decreasing,-0.0603785639691836,False,False,False,False
ENSG00000019582,CD74,8,17,decreasing,-0.0242452767608625,True,True,True,False
ENSG00000035141,FAM136A,8,17,decreasing,0.0010504427071006,False,False,False,False
ENSG00000115020,PIKFYVE,8,17,decreasing,-0.0006899690258409,False,False,False,False
ENSG00000063245,EPN1,8,19,decreasing,-0.0348768427114082,False,False,False,False
ENSG00000078142,PIK3C3,8,24,decreasing,-0.0195034234353786,False,True,False,False
ENSG00000108064,TFAM,8,22,decreasing,-0.005873916600202,False,False,False,False
ENSG00000111666,CHPT1,8,18,decreasing,-0.0019543572375827,False,False,False,False
ENSG00000113013,HSPA9,8,22,decreasing,0.0060297352054538,False,False,False,False
ENSG00000113263,ITK,8,22,decreasing,-0.0157046680261545,True,False,False,False
ENSG00000103257,SLC7A5,8,18,decreasing,-0.0024718246388532,False,False,False,False
ENSG00000104885,DOT1L,8,16,increasing,0.0164618458476687,False,True,True,False
ENSG00000105810,CDK6,8,18,decreasing,0.0125238977341398,True,True,True,False
ENSG00000189042,ZNF567,8,21,decreasing,-0.026090718814073,False,False,False,False
ENSG00000172661,WASHC2C,8,24,decreasing,0.0007515394852144,False,False,False,False
ENSG00000175893,ZDHHC21,8,23,increasing,0.0125703831862659,False,False,False,False
ENSG00000177302,TOP3A,8,23,increasing,0.0038864046085906,False,False,False,False
ENSG00000183475,ASB7,8,17,decreasing,0.0006207539091956,False,False,False,False
ENSG00000185404,SP140L,8,22,decreasing,0.0484937697320185,False,False,False,False
ENSG00000188994,ZNF292,8,19,decreasing,-0.007736424589414,False,True,False,True
ENSG00000197321,SVIL,8,24,decreasing,-0.0034497944434907,False,False,False,False
ENSG00000107201,DDX58,8,24,increasing,0.005301444203673,False,False,False,False
ENSG00000197892,KIF13B,8,24,decreasing,-0.003723313604829,False,False,False,False
ENSG00000198799,LRIG2,8,21,decreasing,0.0073426438145304,False,False,False,False
ENSG00000205937,RNPS1,8,21,decreasing,-0.0031727897992493,False,False,False,False
ENSG00000251201,TMED7-TICAM2,8,19,decreasing,-0.0039331364941202,False,False,False,False
ENSG00000253729,PRKDC,8,24,decreasing,0.0217887406389477,False,True,False,False
ENSG00000100813,ACIN1,8,23,decreasing,0.0021519230577039,False,False,False,False
ENSG00000170234,PWWP2A,8,23,decreasing,0.0366427070733228,False,False,False,False
ENSG00000169504,CLIC4,8,24,decreasing,-0.0068894131031346,False,False,False,False
ENSG00000166979,EVA1C,8,24,decreasing,-0.0203036764937541,False,False,False,False
ENSG00000166750,SLFN5,8,23,decreasing,0.012494731723634,False,False,False,False
ENSG00000165506,DNAAF2,8,17,decreasing,-0.0137941961733272,False,False,False,False
ENSG00000164300,SERINC5,8,24,decreasing,-0.0081150537449351,False,False,False,False
ENSG00000162613,FUBP1,8,23,decreasing,0.0009882455646907,True,True,False,True
ENSG00000153250,RBMS1,8,24,decreasing,0.039796075514035,False,False,False,False
ENSG00000147408,CSGALNACT1,8,18,decreasing,-0.0021083812151104,False,False,False,False
ENSG00000142599,RERE,8,24,increasing,0.0165637440256886,False,False,False,False
ENSG00000140992,PDPK1,8,23,increasing,0.0012293806500732,False,True,False,False
ENSG00000138031,ADCY3,8,22,decreasing,-0.0067756030008039,False,False,False,False
ENSG00000137814,HAUS2,8,22,decreasing,-0.0014169900394004,False,False,False,False
ENSG00000126773,PCNX4,8,19,decreasing,-6.4272265845e-05,False,False,False,False
ENSG00000119638,NEK9,8,20,increasing,0.0050888099210484,False,False,False,False
ENSG00000119314,PTBP3,8,24,increasing,0.0125597323934939,False,False,False,False
ENSG00000118922,KLF12,8,19,decreasing,-0.0120346048315899,False,False,False,False
ENSG00000185787,MORF4L1,8,23,decreasing,0.0129619705183804,False,False,False,False
ENSG00000180182,MED14,8,22,increasing,0.0284857621322626,False,False,False,False
ENSG00000108262,GIT1,8,20,decreasing,-0.0095389190810975,False,False,False,False
ENSG00000127946,HIP1,8,24,decreasing,0.005360221237067,True,True,True,False
ENSG00000062716,VMP1,8,24,decreasing,-0.0543366136660047,False,False,False,False
ENSG00000107341,UBE2R2,8,24,decreasing,0.003479758903482,False,False,False,False
ENSG00000108107,RPL28,8,24,decreasing,0.0021135209142054,False,False,False,False
ENSG00000113441,LNPEP,8,23,decreasing,0.0149013995092938,False,False,False,False
ENSG00000120093,HOXB3,8,18,decreasing,-0.0067993299462574,False,False,False,False
ENSG00000121579,NAA50,8,19,decreasing,-0.0002538823479708,False,False,False,False
ENSG00000135905,DOCK10,8,24,decreasing,-0.0152726193680881,False,False,False,False
ENSG00000116898,MRPS15,8,15,decreasing,-0.0381831202321969,False,False,False,False
ENSG00000137944,KYAT3,8,23,increasing,0.0055607426235725,False,False,False,False
ENSG00000142082,SIRT3,8,23,increasing,0.0644023339479236,False,False,False,False
ENSG00000159592,GPBP1L1,8,24,decreasing,0.0067586916446551,False,False,False,False
ENSG00000160818,GPATCH4,8,17,increasing,0.0087080306538326,False,False,False,False
ENSG00000176783,RUFY1,8,18,increasing,0.0001992536576674,False,False,False,False
ENSG00000183291,SELENOF,8,19,decreasing,0.0011668388495981,False,False,False,False
ENSG00000014123,UFL1,8,22,decreasing,5.156330158227469e-05,False,False,False,False
ENSG00000185722,ANKFY1,8,19,decreasing,-0.0080113034742023,False,False,False,False
ENSG00000167083,GNGT2,8,15,decreasing,-0.0075016169557171,False,False,False,False
ENSG00000159363,ATP13A2,8,23,decreasing,0.0174236031425637,False,False,False,False
ENSG00000159267,HLCS,8,24,decreasing,-0.0027670029338051,False,False,False,False
ENSG00000049247,UTS2,8,15,increasing,0.0077550946213959,False,False,False,False
ENSG00000101745,ANKRD12,8,22,increasing,0.0030776446972799,False,False,False,False
ENSG00000124496,TRERF1,8,24,decreasing,-0.0507366788739356,False,False,False,False
ENSG00000135387,CAPRIN1,8,24,decreasing,0.001661075931777,False,False,False,False
ENSG00000138413,IDH1,8,17,decreasing,0.0027965866952997,True,True,True,False
ENSG00000171735,CAMTA1,8,24,decreasing,0.01994434122848,True,True,False,True
ENSG00000176788,BASP1,8,21,decreasing,-0.0194378179815551,False,False,False,False
ENSG00000009335,UBE3C,8,23,decreasing,0.0027617711368946,False,False,False,False
ENSG00000065135,GNAI3,8,23,increasing,0.0618308760683872,False,False,False,False
ENSG00000072501,SMC1A,8,22,decreasing,0.0514653205245956,False,True,False,True
ENSG00000156110,ADK,8,24,decreasing,-0.0111138075840274,False,False,False,False
ENSG00000167657,DAPK3,8,16,decreasing,-0.05044458964538,False,False,False,False
ENSG00000170581,STAT2,8,20,decreasing,-0.0006123788840868,False,True,False,False
ENSG00000189180,ZNF33A,8,24,increasing,0.0240428140206957,False,False,False,False
ENSG00000196141,SPATS2L,8,23,increasing,-0.0038858987197167,False,False,False,False
ENSG00000196199,MPHOSPH8,8,19,decreasing,-0.0007557462250385,False,False,False,False
ENSG00000138495,COX17,8,17,increasing,0.0056722259171906,False,False,False,False
ENSG00000114302,PRKAR2A,8,18,decreasing,-0.0096365686413032,False,False,False,False
ENSG00000115241,PPM1G,8,19,decreasing,-0.0046403253256722,False,False,False,False
ENSG00000115421,PAPOLG,8,21,decreasing,-0.0034285490665803,False,False,False,False
ENSG00000119285,HEATR1,8,19,decreasing,-0.0095069502366491,False,False,False,False
ENSG00000128563,PRKRIP1,8,10,decreasing,0.007547097964022,False,False,False,False
ENSG00000131446,MGAT1,8,19,decreasing,-0.0078488817070624,False,False,False,False
ENSG00000141367,CLTC,8,24,decreasing,-0.0008595321797332,True,False,False,False
ENSG00000198218,QRICH1,8,22,decreasing,-0.0202231226238315,False,False,False,False
ENSG00000148154,UGCG,8,23,decreasing,-0.0010722498557981,False,False,False,False
ENSG00000151135,TMEM263,8,23,decreasing,-0.0035911543626416,False,False,False,False
ENSG00000157741,UBN2,8,18,decreasing,-0.0058908640065948,False,False,False,False
ENSG00000164048,ZNF589,8,18,decreasing,-0.007595690334972,False,False,False,False
ENSG00000165102,HGSNAT,8,23,decreasing,-0.0059250439781451,False,False,False,False
ENSG00000166669,ATF7IP2,8,23,decreasing,-0.0051774831953172,False,False,False,False
ENSG00000112182,BACH2,8,24,decreasing,-0.0030824514452177,False,True,False,True
ENSG00000106603,COA1,8,24,decreasing,-0.0026739717193004,False,False,False,False
ENSG00000080824,HSP90AA1,8,18,decreasing,-0.012198643061031,True,True,True,False
ENSG00000074966,TXK,8,24,decreasing,-0.0090470793680935,False,False,False,False
ENSG00000069424,KCNAB2,8,24,decreasing,-0.0031769208484848,False,False,False,False
ENSG00000063244,U2AF2,8,21,increasing,0.0639308792757083,False,True,False,False
ENSG00000059728,MXD1,8,23,decreasing,-0.0005055321793665,False,False,False,False
ENSG00000006125,AP2B1,8,23,decreasing,-0.0092666385983625,False,False,False,False
ENSG00000214954,LRRC69,8,15,decreasing,-0.0063277553696522,False,False,False,False
ENSG00000181722,ZBTB20,8,24,decreasing,-0.0051899232606319,False,True,True,False
ENSG00000130414,NDUFA10,8,15,decreasing,-0.0134826009988206,False,False,False,False
ENSG00000130227,XPO7,8,14,decreasing,-0.0103313007268997,False,False,False,False
ENSG00000076356,PLXNA2,8,18,decreasing,-0.0024857331110879,False,False,False,False
ENSG00000278311,GGNBP2,8,19,increasing,0.0143173106691643,False,False,False,False
ENSG00000272822,AC073610.2,8,24,decreasing,-0.0110490773702896,False,False,False,False
ENSG00000265590,C21orf59-TCP10L,8,24,decreasing,0.0016059088109859,False,False,False,False
ENSG00000204628,RACK1,8,22,decreasing,-0.003396940982921,False,False,False,False
ENSG00000105968,H2AZ2,8,16,decreasing,-0.0046543091116494,False,False,False,False
ENSG00000182481,KPNA2,8,24,decreasing,0.0081411329525156,False,False,False,False
ENSG00000133606,MKRN1,8,22,decreasing,-0.1158053328343627,False,False,False,False
ENSG00000170275,CRTAP,8,20,decreasing,-0.0069665167787268,False,False,False,False
ENSG00000163125,RPRD2,8,24,decreasing,-0.0117915080805567,False,False,False,False
ENSG00000163939,PBRM1,8,24,decreasing,-0.0066925615054244,True,True,False,True
ENSG00000164022,AIMP1,8,23,decreasing,-0.0609548360961175,False,False,False,False
ENSG00000164211,STARD4,8,21,decreasing,-0.0145151283462549,False,False,False,False
ENSG00000168488,ATXN2L,8,21,decreasing,-0.0026059870440657,False,False,False,False
ENSG00000168917,SLC35G2,8,14,decreasing,-0.0040485336790496,False,False,False,False
ENSG00000171763,SPATA5L1,8,15,decreasing,-0.00516404668464,False,False,False,False
ENSG00000150054,MPP7,8,24,decreasing,-0.013466203135543,False,False,False,False
ENSG00000171867,PRNP,8,19,decreasing,0.0211840320355155,False,False,False,False
ENSG00000173914,RBM4B,8,22,decreasing,0.0425215159737415,False,False,False,False
ENSG00000178573,MAF,8,22,decreasing,-0.0034416928099188,True,True,False,False
ENSG00000187676,B3GLCT,8,22,decreasing,-0.0046566530964473,False,False,False,False
ENSG00000197323,TRIM33,8,24,decreasing,-0.001967659531813,True,False,False,False
ENSG00000198663,C6orf89,8,21,decreasing,0.0058848458892841,False,False,False,False
ENSG00000159202,UBE2Z,8,24,decreasing,-0.0143971300776238,False,False,False,False
ENSG00000148908,RGS10,8,22,decreasing,-0.0095059657150818,False,False,False,False
ENSG00000108984,MAP2K6,8,17,decreasing,-0.0083101863152393,False,False,False,False
ENSG00000121058,COIL,8,16,decreasing,0.0076811730393089,False,False,False,False
ENSG00000112699,GMDS,8,19,decreasing,-0.0099709586078344,False,False,False,False
ENSG00000115239,ASB3,8,24,decreasing,-0.0146098477254645,False,False,False,False
ENSG00000115761,NOL10,8,19,decreasing,-0.0043427841246122,False,False,False,False
ENSG00000115919,KYNU,8,23,decreasing,-0.0033117698449565,False,False,False,False
ENSG00000116667,C1orf21,8,21,decreasing,-0.0056022059396016,False,False,False,False
ENSG00000118965,WDR35,8,16,decreasing,-0.0123935577324065,False,False,False,False
ENSG00000122729,ACO1,8,16,decreasing,-0.0054925352230688,False,False,False,False
ENSG00000143507,DUSP10,8,18,decreasing,-0.0193764167348486,False,False,False,False
ENSG00000127483,HP1BP3,8,22,decreasing,-0.0035626850734405,False,False,False,False
ENSG00000133028,SCO1,8,21,decreasing,0.0055157411459603,False,False,False,False
ENSG00000135048,CEMIP2,8,24,decreasing,-0.0036559126448464,False,False,False,False
ENSG00000138698,RAP1GDS1,8,24,decreasing,-0.0061111698061877,True,False,False,False
ENSG00000140548,ZNF710,8,23,decreasing,0.0019174313819211,False,False,False,False
ENSG00000143155,TIPRL,8,22,decreasing,-0.0056676219295804,False,False,False,False
ENSG00000254206,NPIPB11,8,21,decreasing,-0.0019032515106315,False,False,False,False
ENSG00000266086,AC015813.2,8,18,decreasing,-0.0035574652310035,False,False,False,False
ENSG00000002549,LAP3,8,15,increasing,0.005152618991297,False,False,False,False
ENSG00000147050,KDM6A,8,24,decreasing,0.0010167371576477,True,True,False,True
ENSG00000138190,EXOC6,8,24,decreasing,0.0065793893786552,False,False,False,False
ENSG00000138468,SENP7,8,23,decreasing,-0.0138624125337554,False,False,False,False
ENSG00000141027,NCOR1,8,19,decreasing,0.0099068540442019,True,True,False,True
ENSG00000141580,WDR45B,8,19,decreasing,-0.0079279315396238,False,False,False,False
ENSG00000143153,ATP1B1,8,22,decreasing,-0.018616640512648,False,False,False,False
ENSG00000146535,GNA12,8,19,decreasing,-0.0022762206467563,False,True,True,False
ENSG00000147140,NONO,8,16,decreasing,0.0017156978203089,True,False,False,False
ENSG00000005020,SKAP2,8,24,decreasing,0.0033748042687781,False,False,False,False
ENSG00000147905,ZCCHC7,8,24,decreasing,0.005425225339633,False,False,False,False
ENSG00000149577,SIDT2,8,21,decreasing,-0.0044476447079653,False,False,False,False
ENSG00000149932,TMEM219,8,17,decreasing,-0.0023910327124434,False,False,False,False
ENSG00000156475,PPP2R2B,8,19,decreasing,0.0140402542351888,False,False,False,False
ENSG00000135596,MICAL1,8,22,decreasing,-0.0082472390780921,False,False,False,False
ENSG00000157823,AP3S2,8,21,decreasing,0.0020251105717164,False,False,False,False
ENSG00000135899,SP110,8,22,decreasing,0.0092614756478198,False,False,False,False
ENSG00000134516,DOCK2,8,24,decreasing,-0.0096398297871388,False,False,False,False
ENSG00000131871,SELENOS,8,17,decreasing,-0.011682744356697,False,False,False,False
ENSG00000127666,TICAM1,8,18,decreasing,-0.0012417202101385,False,False,False,False
ENSG00000126858,RHOT1,8,23,decreasing,0.004756878387454,False,False,False,False
ENSG00000123124,WWP1,8,17,increasing,0.0054320258098915,False,True,True,False
ENSG00000122912,SLC25A16,8,23,decreasing,-0.0019737665899217,False,False,False,False
ENSG00000121741,ZMYM2,8,24,decreasing,0.0047326045316217,True,False,False,False
ENSG00000117298,ECE1,8,24,decreasing,-0.0030665332504251,False,False,False,False
ENSG00000112249,ASCC3,8,24,decreasing,0.0152243399726506,False,False,False,False
ENSG00000106459,NRF1,8,23,decreasing,0.0079651582684338,False,False,False,False
ENSG00000105993,DNAJB6,8,19,increasing,0.0062135981454278,False,False,False,False
ENSG00000101294,HM13,8,23,decreasing,-0.0071297314187258,False,False,False,False
ENSG00000100129,EIF3L,8,24,increasing,0.0266749400134606,False,False,False,False
ENSG00000095787,WAC,8,24,decreasing,-0.0020381785923848,False,False,False,False
ENSG00000069974,RAB27A,8,24,decreasing,-0.0061451696835515,False,False,False,False
ENSG00000007237,AC005747.1,8,24,decreasing,-0.0235886020533064,False,False,False,False
ENSG00000109929,SC5D,8,10,decreasing,-0.046339028759314,False,False,False,False
ENSG00000232112,TMA7,8,17,decreasing,-0.0040702792549261,False,False,False,False
ENSG00000106546,AHR,8,23,decreasing,-0.012853484635215,False,False,False,False
ENSG00000119977,TCTN3,8,19,decreasing,-0.003974339274695,False,False,False,False
ENSG00000101126,ADNP,8,24,increasing,0.0345330648355216,False,False,False,False
ENSG00000107099,DOCK8,8,24,decreasing,-0.0356871906506884,False,False,False,False
ENSG00000107164,FUBP3,8,21,decreasing,0.0014438298640829,False,False,False,False
ENSG00000108061,SHOC2,8,21,decreasing,-0.0361234132912699,False,True,True,False
ENSG00000112983,BRD8,8,18,decreasing,-0.0065054645647649,False,False,False,False
ENSG00000118197,DDX59,8,22,increasing,0.0040613149445092,False,False,False,False
ENSG00000122417,ODF2L,8,22,decreasing,-0.0088218433928111,False,False,False,False
ENSG00000086827,ZW10,8,18,decreasing,-0.0149516313374726,False,False,False,False
ENSG00000129625,REEP5,8,24,decreasing,-0.0174936037721992,False,False,False,False
ENSG00000138032,PPM1B,8,23,decreasing,-0.0066235013108362,False,False,False,False
ENSG00000138594,TMOD3,8,23,decreasing,-0.0022302699840033,False,False,False,False
ENSG00000138796,HADH,8,15,decreasing,-0.0078384536471614,False,False,False,False
ENSG00000138814,PPP3CA,8,24,decreasing,-0.0212823135099487,False,False,False,False
ENSG00000141646,SMAD4,8,18,decreasing,-0.0034465988739927,True,True,False,True
ENSG00000089057,SLC23A2,8,23,decreasing,-0.0078382462308075,False,False,False,False
ENSG00000083223,TUT7,8,24,decreasing,-0.000958128172267,False,False,False,False
ENSG00000143420,ENSA,8,24,decreasing,-0.0012380788296266,False,False,False,False
ENSG00000007129,CEACAM21,8,22,decreasing,-0.0141381369296736,False,False,False,False
ENSG00000141337,ARSG,8,18,decreasing,-0.010365511702047,False,False,False,False
ENSG00000155959,VBP1,8,19,decreasing,0.0004424364394517,False,False,False,False
ENSG00000108861,DUSP3,8,16,decreasing,-0.0104772118746425,False,False,False,False
ENSG00000164543,STK17A,8,24,decreasing,0.0013750460964079,False,False,False,False
ENSG00000168724,DNAJC21,8,15,decreasing,-0.0045611813842745,False,False,False,False
ENSG00000276600,RAB7B,8,22,decreasing,-0.0239488806786088,False,False,False,False
ENSG00000019995,ZRANB1,8,18,decreasing,-0.0050988687324835,False,False,False,False
ENSG00000079335,CDC14A,8,23,decreasing,-0.0037030698161183,False,False,False,False
ENSG00000022840,RNF10,8,20,decreasing,-0.0021447350582109,False,False,False,False
ENSG00000047056,WDR37,8,24,decreasing,-0.0062447491167792,False,False,False,False
ENSG00000057657,PRDM1,8,21,decreasing,-0.000558860672911,True,True,False,True
ENSG00000067225,PKM,8,19,decreasing,-0.0206178681877733,False,False,False,False
ENSG00000068971,PPP2R5B,8,16,decreasing,-0.0064384988206415,False,False,False,False
ENSG00000071189,SNX13,8,23,decreasing,-0.0039104921086889,False,False,False,False
ENSG00000143079,CTTNBP2NL,8,23,decreasing,-0.0011465797665128,False,False,False,False
ENSG00000130856,ZNF236,8,21,decreasing,-0.0014188042194864,False,False,False,False
ENSG00000033627,ATP6V0A1,8,21,decreasing,-0.007624098273382,False,False,False,False
ENSG00000077150,NFKB2,8,22,decreasing,0.0018354185494061,True,False,False,False
ENSG00000170100,ZNF778,8,15,decreasing,-0.0044385349823628,False,False,False,False
ENSG00000006715,VPS41,8,10,decreasing,-0.0002892466137662,False,False,False,False
ENSG00000025796,SEC63,8,19,decreasing,-0.0072886337656718,False,False,False,False
ENSG00000145703,IQGAP2,8,24,decreasing,0.001128828943092,False,False,False,False
ENSG00000051382,PIK3CB,8,24,decreasing,-0.006639445784283,True,True,True,False
ENSG00000077147,TM9SF3,8,24,decreasing,-0.0035947735589783,False,False,False,False
ENSG00000077782,FGFR1,8,21,decreasing,-0.0096072452906058,True,True,True,False
ENSG00000275700,AATF,8,23,decreasing,-0.0071282597190541,False,False,False,False
ENSG00000079263,SP140,8,23,decreasing,-0.0043045476205501,False,True,False,True
ENSG00000087008,ACOX3,8,10,decreasing,-0.0294311843602769,False,False,False,False
ENSG00000091317,CMTM6,8,24,decreasing,-0.062031830862357,False,False,False,False
ENSG00000104427,ZC2HC1A,8,20,decreasing,-0.0075560094404272,False,False,False,False
ENSG00000104856,RELB,8,10,decreasing,-0.0266372557296967,False,False,False,False
ENSG00000104907,TRMT1,8,19,decreasing,-0.0014347942972922,False,False,False,False
ENSG00000071073,MGAT4A,8,22,decreasing,-0.0061518381902835,False,False,False,False
ENSG00000134982,APC,8,22,decreasing,-0.0042205060037694,True,True,False,True
ENSG00000268350,FAM156A,8,17,increasing,0.0022122344801583,False,False,False,False
ENSG00000186184,POLR1D,8,23,decreasing,0.0012161614661049,False,False,False,False
ENSG00000152520,PAN3,8,24,decreasing,-0.0018170124330422,False,False,False,False
ENSG00000157216,SSBP3,8,22,decreasing,0.0057479965705246,False,False,False,False
ENSG00000164252,AGGF1,8,18,decreasing,-0.003641132155155,False,True,True,False
ENSG00000165322,ARHGAP12,8,24,decreasing,0.0026492483800258,False,False,False,False
ENSG00000266028,SRGAP2,8,24,increasing,0.0065459359066104,False,False,False,False
ENSG00000175416,CLTB,8,18,decreasing,-0.0037414383593919,False,False,False,False
ENSG00000171988,JMJD1C,8,24,decreasing,-0.0101846274883239,False,False,False,False
ENSG00000187764,SEMA4D,8,19,decreasing,-0.0006617628749397,False,False,False,False
ENSG00000196284,SUPT3H,8,24,decreasing,-0.0040073961109097,False,False,False,False
ENSG00000197930,ERO1A,8,18,decreasing,0.0075137280194305,False,False,False,False
ENSG00000198624,CCDC69,8,21,decreasing,-0.0196199574574674,False,False,False,False
ENSG00000204634,TBC1D8,8,24,decreasing,-0.0021558696139248,False,False,False,False
ENSG00000163812,ZDHHC3,7,21,decreasing,-0.0032091219044858,False,False,False,False
ENSG00000168397,ATG4B,7,23,decreasing,-0.0109516141292729,False,False,False,False
ENSG00000165732,DDX21,7,24,decreasing,-0.0100160289574035,False,False,False,False
ENSG00000169045,HNRNPH1,7,19,increasing,0.001503719957264,False,False,False,False
ENSG00000171206,TRIM8,7,23,decreasing,-0.0120066227730809,False,False,False,False
ENSG00000169379,ARL13B,7,22,decreasing,0.0028738846389867,False,False,False,False
ENSG00000169519,METTL15,7,19,decreasing,-0.006352658421851,False,False,False,False
ENSG00000170852,KBTBD2,7,18,decreasing,0.0038632876179451,False,False,False,False
ENSG00000181894,ZNF329,7,19,decreasing,0.0359224765563493,False,False,False,False
ENSG00000173559,NABP1,7,18,decreasing,-0.0010954800564042,False,False,False,False
ENSG00000174953,DHX36,7,23,decreasing,-0.0279894968992544,False,False,False,False
ENSG00000175309,PHYKPL,7,18,decreasing,0.0017469657153585,False,False,False,False
ENSG00000178385,PLEKHM3,7,17,decreasing,-0.0021900226480711,False,False,False,False
ENSG00000181467,RAP2B,7,16,decreasing,-0.0030138240019465,False,False,False,False
ENSG00000181472,ZBTB2,7,22,decreasing,-0.0027723665134954,False,False,False,False
ENSG00000162378,ZYG11B,7,18,decreasing,-0.0085180435840596,False,False,False,False
ENSG00000163803,PLB1,7,17,decreasing,0.0109416104465731,False,False,False,False
ENSG00000140153,WDR20,7,24,decreasing,-0.0251906727165763,False,False,False,False
ENSG00000162236,STX5,7,21,increasing,0.0228291327168395,False,False,False,False
ENSG00000146433,TMEM181,7,23,decreasing,-0.0072629734635655,False,False,False,False
ENSG00000140968,IRF8,7,22,decreasing,-0.0105866080977717,False,True,False,True
ENSG00000187605,TET3,7,17,decreasing,-0.0058766255758868,False,True,False,True
ENSG00000143110,C1orf162,7,18,decreasing,-0.0149807054418205,False,False,False,False
ENSG00000143457,GOLPH3L,7,24,increasing,0.0062164770792719,False,False,False,False
ENSG00000143499,SMYD2,7,22,decreasing,-0.0164077765273583,False,False,False,False
ENSG00000144645,OSBPL10,7,20,decreasing,-0.0047751692363735,False,False,False,False
ENSG00000150961,SEC24D,7,17,decreasing,0.0021979171837251,False,False,False,False
ENSG00000160218,TRAPPC10,7,24,increasing,0.0834622631836616,False,False,False,False
ENSG00000151116,UEVLD,7,24,decreasing,-0.0173174853699283,False,False,False,False
ENSG00000156052,GNAQ,7,24,decreasing,-0.0019934287972584,True,True,True,False
ENSG00000156650,KAT6B,7,24,decreasing,0.0081752784078763,True,False,False,False
ENSG00000156990,RPUSD3,7,19,decreasing,-0.0089531492978966,False,False,False,False
ENSG00000159842,ABR,7,24,decreasing,-0.0043507601568722,False,False,False,False
ENSG00000160190,SLC37A1,7,20,decreasing,-0.005608744803867,False,False,False,False
ENSG00000183474,GTF2H2C,7,18,decreasing,-0.0036922686103762,False,False,False,False
ENSG00000139372,TDG,7,21,decreasing,-0.0041549028252363,False,False,False,False
ENSG00000187688,TRPV2,7,17,decreasing,-0.0057993491222181,False,False,False,False
ENSG00000109332,UBE2D3,7,23,decreasing,0.0067925804452498,False,False,False,False
ENSG00000284057,AP001273.2,7,23,decreasing,-0.0157934520933916,False,False,False,False
ENSG00000115944,COX7A2L,7,15,decreasing,-0.016262568093827,False,False,False,False
ENSG00000008083,JARID2,7,19,decreasing,-0.0001915047924798,False,True,False,False
ENSG00000072274,TFRC,7,22,decreasing,-0.0071351100053863,False,False,False,False
ENSG00000106993,CDC37L1,7,24,decreasing,-0.0149017457113431,False,False,False,False
ENSG00000108846,ABCC3,7,22,decreasing,0.0007505365955047,False,True,True,False
ENSG00000112367,FIG4,7,22,decreasing,-0.0003538006258102,False,False,False,False
ENSG00000204220,PFDN6,7,19,decreasing,-0.0137798672842389,False,False,False,False
ENSG00000116459,ATP5PB,7,20,decreasing,-0.0054169506856834,False,False,False,False
ENSG00000121067,SPOP,7,24,decreasing,-0.006114790003839,True,True,False,True
ENSG00000128000,ZNF780B,7,16,decreasing,-0.0057702326611477,False,False,False,False
ENSG00000136048,DRAM1,7,21,increasing,0.0481051349732704,False,False,False,False
ENSG00000139971,ARMH4,7,19,decreasing,-0.0032838384624197,False,False,False,False
ENSG00000139436,GIT2,7,19,decreasing,-0.0299830639049571,False,False,False,False
ENSG00000214944,ARHGEF28,7,19,decreasing,-0.0071550271744404,False,True,True,False
ENSG00000174516,PELI3,7,14,decreasing,-0.0129074670147864,False,False,False,False
ENSG00000196367,TRRAP,7,18,decreasing,-0.0098181756556124,True,False,False,False
ENSG00000088179,PTPN4,7,19,decreasing,-0.001714218007105,False,False,False,False
ENSG00000196591,HDAC2,7,18,increasing,0.00144765051223,False,True,True,False
ENSG00000198673,TAFA2,7,17,decreasing,-0.0047347806329233,False,False,False,False
ENSG00000198909,MAP3K3,7,22,decreasing,0.0332160406177588,False,False,False,False
ENSG00000221963,APOL6,7,19,decreasing,-0.0055888041564732,False,False,False,False
ENSG00000263956,NBPF11,7,19,decreasing,-0.0034030033050298,False,False,False,False
ENSG00000086544,ITPKC,7,23,decreasing,-0.0146116873680433,False,False,False,False
ENSG00000101474,APMAP,7,15,decreasing,-0.0037918168017321,False,False,False,False
ENSG00000170873,MTSS1,7,10,decreasing,-0.0158297922347021,False,False,False,False
ENSG00000128908,INO80,7,22,decreasing,-0.002638613744486,False,False,False,False
ENSG00000134326,CMPK2,7,19,decreasing,-0.0017398450537,False,False,False,False
ENSG00000137513,NARS2,7,15,decreasing,-0.0048991656545682,False,False,False,False
ENSG00000138604,GLCE,7,15,decreasing,-0.0064244175092843,False,False,False,False
ENSG00000150045,KLRF1,7,15,decreasing,-0.0051634810883869,False,False,False,False
ENSG00000167895,TMC8,7,20,decreasing,-0.0144515263805096,False,False,False,False
ENSG00000140694,PARN,7,18,decreasing,-0.0041599687503277,False,False,False,False
ENSG00000133226,SRRM1,7,9,decreasing,-0.0001231770216026,False,False,False,False
ENSG00000138670,RASGEF1B,7,24,decreasing,0.0040685425817664,False,False,False,False
ENSG00000136235,GPNMB,7,22,decreasing,0.0104401838480337,False,False,False,False
ENSG00000087903,RFX2,7,24,decreasing,-0.0033560165217976,False,False,False,False
ENSG00000100603,SNW1,7,23,decreasing,-0.0023788085084137,False,False,False,False
ENSG00000107890,ANKRD26,7,22,decreasing,-0.0018091192295823,False,True,True,False
ENSG00000108239,TBC1D12,7,20,decreasing,-0.01145181627863,False,False,False,False
ENSG00000109920,FNBP4,7,24,decreasing,-0.0039615545685017,False,False,False,False
ENSG00000111832,RWDD1,7,15,decreasing,-0.0316646525563083,False,False,False,False
ENSG00000117597,UTP25,7,15,decreasing,-0.002766263856879,False,False,False,False
ENSG00000130770,ATP5IF1,7,21,decreasing,-0.0051520613130664,False,False,False,False
ENSG00000140307,GTF2A2,7,23,decreasing,-0.0039751913879751,False,False,False,False
ENSG00000144401,METTL21A,7,24,decreasing,-0.001839878631995,False,False,False,False
ENSG00000146063,TRIM41,7,14,decreasing,0.0026138772498661,False,False,False,False
ENSG00000169403,PTAFR,7,19,decreasing,-0.0051714017563436,False,False,False,False
ENSG00000012048,BRCA1,7,17,decreasing,-0.0171565638603917,True,True,False,True
ENSG00000021355,SERPINB1,7,18,decreasing,-0.0044593467453947,False,False,False,False
ENSG00000034053,APBA2,7,22,decreasing,-0.007332243467154,False,False,False,False
ENSG00000073331,ALPK1,7,20,decreasing,-0.0012914722140593,False,False,False,False
ENSG00000065970,FOXJ2,7,16,decreasing,-0.0109560281048386,False,False,False,False
ENSG00000285708,AC097634.4,7,18,decreasing,-0.0025434407030935,False,False,False,False
ENSG00000153827,TRIP12,7,21,decreasing,0.0011253400960367,False,False,False,False
ENSG00000145782,ATG12,7,18,decreasing,-0.0008117457114349,False,False,False,False
ENSG00000131023,LATS1,7,16,decreasing,-0.0027132958546689,True,True,False,True
ENSG00000131375,CAPN7,7,24,decreasing,-0.0027634308270841,False,False,False,False
ENSG00000138036,DYNC2LI1,7,15,decreasing,-0.0021472751220051,False,False,False,False
ENSG00000143891,GALM,7,21,decreasing,-0.003000497249554,False,False,False,False
ENSG00000149503,INCENP,7,14,decreasing,-0.0119263008916691,False,False,False,False
ENSG00000153975,ZUP1,7,21,decreasing,-0.0026627723219195,False,False,False,False
ENSG00000197956,S100A6,7,14,decreasing,-0.0130626379041892,False,False,False,False
ENSG00000154655,L3MBTL4,7,22,decreasing,-0.0001716738469436,False,False,False,False
ENSG00000174749,FAM241A,7,23,decreasing,0.0007100717359799,False,False,False,False
ENSG00000176155,CCDC57,7,24,decreasing,-0.004968925322458,False,False,False,False
ENSG00000178104,PDE4DIP,7,24,decreasing,-0.0019004270709241,True,False,False,False
ENSG00000183283,DAZAP2,7,24,decreasing,-0.0053485217240279,False,False,False,False
ENSG00000197045,GMFB,7,23,decreasing,0.0033311841662464,False,False,False,False
ENSG00000048028,USP28,7,19,decreasing,-0.0054067615416119,False,False,False,False
ENSG00000061987,MON2,7,24,decreasing,-0.0017548474929856,False,False,False,False
ENSG00000065559,MAP2K4,7,24,increasing,0.0041536099909227,True,True,False,True
ENSG00000130164,LDLR,7,19,decreasing,-0.0128842806215155,False,False,False,False
ENSG00000116824,CD2,7,17,decreasing,-0.0045789254479233,False,False,False,False
ENSG00000117592,PRDX6,7,18,decreasing,0.0014563487773522,False,False,False,False
ENSG00000120725,SIL1,7,22,decreasing,-0.0058608330516368,False,False,False,False
ENSG00000120742,SERP1,7,17,decreasing,-0.0029606218714499,False,False,False,False
ENSG00000122008,POLK,7,18,decreasing,-0.0064115855902894,False,False,False,False
ENSG00000125695,AC046185.1,7,17,decreasing,-0.0039610289525029,False,False,False,False
ENSG00000132434,LANCL2,7,17,decreasing,-0.0118007419169461,False,False,False,False
ENSG00000116095,PLEKHA3,7,18,decreasing,-0.0190629632391169,False,False,False,False
ENSG00000132792,CTNNBL1,7,18,decreasing,-0.0034909766621775,False,False,False,False
ENSG00000133816,MICAL2,7,24,decreasing,-0.0021586544918577,False,False,False,False
ENSG00000134250,NOTCH2,7,24,decreasing,-0.0070586266770157,True,True,False,False
ENSG00000135378,PRRG4,7,22,decreasing,-0.0067493568122116,False,False,False,False
ENSG00000135698,MPHOSPH6,7,21,decreasing,-0.0013111588197495,False,False,False,False
ENSG00000136111,TBC1D4,7,17,decreasing,-0.0160643344478211,False,False,False,False
ENSG00000116752,BCAS2,7,18,decreasing,-0.000179246779727,False,False,False,False
ENSG00000115685,PPP1R7,7,17,decreasing,-0.0023482794262978,False,False,False,False
ENSG00000067208,EVI5,7,23,decreasing,-0.0166560677532666,False,False,False,False
ENSG00000106052,TAX1BP1,7,24,decreasing,-0.0066883676340442,False,False,False,False
ENSG00000067369,TP53BP1,7,24,decreasing,-0.0057927804552124,False,True,False,True
ENSG00000073910,FRY,7,24,decreasing,-0.0022229051450181,False,False,False,False
ENSG00000075568,TMEM131,7,22,decreasing,-0.0008720077285255,False,False,False,False
ENSG00000079277,MKNK1,7,19,decreasing,-0.0034677219227573,False,False,False,False
ENSG00000086102,NFX1,7,24,increasing,0.0242491378937358,False,False,False,False
ENSG00000103429,BFAR,7,18,increasing,0.0081564986446134,False,False,False,False
ENSG00000107669,ATE1,7,18,decreasing,-0.0008897195736105,False,False,False,False
ENSG00000115233,PSMD14,7,17,decreasing,-0.0190064731806122,False,False,False,False
ENSG00000111412,C12orf49,7,23,decreasing,-0.0104328773342953,False,False,False,False
ENSG00000111581,NUP107,7,18,decreasing,-3.3146095326929155e-05,False,False,False,False
ENSG00000111860,CEP85L,7,24,decreasing,-0.0029866442881073,False,False,False,False
ENSG00000114541,FRMD4B,7,19,decreasing,-0.0042964626019674,False,False,False,False
ENSG00000114988,LMAN2L,7,21,decreasing,0.0120895718460905,False,False,False,False
ENSG00000115207,GTF3C2,7,23,decreasing,0.0054126951386684,False,False,False,False
ENSG00000142784,WDTC1,7,15,decreasing,-0.0168508619270898,False,False,False,False
ENSG00000197776,KLHDC1,7,14,decreasing,-0.059454036963205,False,False,False,False
ENSG00000146729,NIPSNAP2,7,19,decreasing,0.002386261598555,False,False,False,False
ENSG00000148634,HERC4,7,24,decreasing,-0.009418086980712,False,False,False,False
ENSG00000154080,CHST9,7,19,decreasing,-0.009653555013954,False,False,False,False
ENSG00000156599,ZDHHC5,7,23,decreasing,-0.010019562524958,False,False,False,False
ENSG00000158486,DNAH3,7,21,decreasing,-0.0233456458751218,False,False,False,False
ENSG00000161267,BDH1,7,14,decreasing,-0.004941487084814,False,False,False,False
ENSG00000175265,GOLGA8A,7,16,decreasing,-0.0038258008275385,False,False,False,False
ENSG00000181991,MRPS11,7,16,decreasing,-0.0037804768067816,False,False,False,False
ENSG00000185565,LSAMP,7,21,decreasing,-0.0104307721283828,False,False,False,False
ENSG00000137936,BCAR3,7,22,decreasing,-0.0082325873051061,False,False,False,False
ENSG00000150681,RGS18,7,16,decreasing,-0.0020260036683018,False,False,False,False
ENSG00000144895,EIF2A,7,18,decreasing,-0.0061454759719964,False,False,False,False
ENSG00000166762,CATSPER2,7,15,decreasing,-0.014169112605385,False,False,False,False
ENSG00000172575,RASGRP1,7,16,decreasing,-0.0042807337205813,False,False,False,False
ENSG00000174482,LINGO2,7,15,decreasing,-0.0060753388190037,False,False,False,False
ENSG00000020922,MRE11,7,14,decreasing,-0.0114550399312249,False,True,False,True
ENSG00000064726,BTBD1,7,16,decreasing,-0.0054242742832999,False,False,False,False
ENSG00000148700,ADD3,7,23,decreasing,-0.0028750812701635,False,False,False,False
ENSG00000144362,PHOSPHO2,7,16,decreasing,-0.0052997903143147,False,False,False,False
ENSG00000138642,HERC6,7,15,decreasing,-0.0067063994629915,False,False,False,False
ENSG00000198843,SELENOT,7,17,decreasing,-0.0564216539926194,False,False,False,False
ENSG00000173599,PC,7,17,decreasing,-0.0118852846016231,False,False,False,False
ENSG00000181404,WASHC1,7,16,decreasing,0.0005933928228039,False,False,False,False
ENSG00000183576,SETD3,7,21,decreasing,-0.0011256287207555,False,True,False,False
ENSG00000185658,BRWD1,7,19,decreasing,-0.003907281165311,False,False,False,False
ENSG00000188001,TPRG1,7,21,decreasing,-0.0039140346231545,False,False,False,False
ENSG00000188092,GPR89B,7,24,increasing,0.0021618962643594,False,False,False,False
ENSG00000204084,INPP5B,7,18,decreasing,-0.0197427961243118,False,False,False,False
ENSG00000135930,EIF4E2,7,16,decreasing,0.0154308540088526,False,False,False,False
ENSG00000213619,NDUFS3,7,21,decreasing,-0.0040381523252174,False,False,False,False
ENSG00000109066,TMEM104,7,15,decreasing,-0.003184271308708,False,False,False,False
ENSG00000058262,SEC61A1,7,17,decreasing,-0.0039608250274417,False,False,False,False
ENSG00000089177,KIF16B,7,24,decreasing,-0.0003748340704908,False,False,False,False
ENSG00000108405,P2RX1,7,23,decreasing,-0.0115699231792708,False,False,False,False
ENSG00000116871,MAP7D1,7,21,decreasing,-0.0085683227943828,False,False,False,False
ENSG00000079482,OPHN1,7,17,decreasing,-0.0049014152908769,False,False,False,False
ENSG00000095564,BTAF1,7,24,decreasing,-0.002244677148278,False,False,False,False
ENSG00000104154,SLC30A4,7,16,decreasing,-0.0074928486134035,False,False,False,False
ENSG00000185896,LAMP1,7,22,decreasing,-0.0079837315198952,False,False,False,False
ENSG00000166068,SPRED1,7,21,decreasing,-0.004057839741999,False,True,False,True
ENSG00000167264,DUS2,7,14,decreasing,-0.0063635567461428,False,False,False,False
ENSG00000178467,P4HTM,7,15,decreasing,0.0093660457196109,False,False,False,False
ENSG00000180739,S1PR5,7,15,decreasing,-0.0061605106032847,False,False,False,False
ENSG00000184708,EIF4ENIF1,7,15,decreasing,-0.0069913363576386,False,False,False,False
ENSG00000185305,ARL15,7,24,decreasing,-0.0012579167346278,False,False,False,False
ENSG00000196126,HLA-DRB1,7,17,decreasing,-0.0211796839228261,False,False,False,False
ENSG00000155659,VSIG4,7,14,decreasing,-0.0117497258715208,False,False,False,False
ENSG00000196498,NCOR2,7,20,decreasing,-0.0134986636332602,True,True,False,False
ENSG00000196735,HLA-DQA1,7,14,decreasing,-0.01001039566181,False,False,False,False
ENSG00000205765,C5orf51,7,15,decreasing,-0.007592090103701,False,False,False,False
ENSG00000262461,SPDYE9P,7,15,decreasing,-0.0095137935292917,False,False,False,False
ENSG00000285082,AL160272.2,7,21,decreasing,-0.0041633019891259,False,False,False,False
ENSG00000124160,NCOA5,7,16,decreasing,-0.0054165117506468,False,False,False,False
ENSG00000156587,UBE2L6,7,19,decreasing,-0.0223543322249791,False,False,False,False
ENSG00000154832,CXXC1,7,14,decreasing,-0.0202634958984224,False,False,False,False
ENSG00000105568,PPP2R1A,7,23,decreasing,-0.0250258079839613,True,True,False,True
ENSG00000126749,EMG1,7,18,decreasing,-0.021811065588153,False,False,False,False
ENSG00000107745,MICU1,7,17,decreasing,0.011677393343087,False,False,False,False
ENSG00000108798,ABI3,7,16,decreasing,-0.007947390503544,False,False,False,False
ENSG00000116701,NCF2,7,15,decreasing,-0.0141055510047851,False,False,False,False
ENSG00000119487,MAPKAP1,7,24,decreasing,-0.0214171612124195,False,True,False,False
ENSG00000119899,SLC17A5,7,18,decreasing,-0.0065563992109142,False,False,False,False
ENSG00000126107,HECTD3,7,20,decreasing,-0.0031858622424528,False,False,False,False
ENSG00000134318,ROCK2,7,21,decreasing,-0.0062995515294246,False,False,False,False
ENSG00000152492,CCDC50,7,16,decreasing,-0.0080981683269833,False,False,False,False
ENSG00000134627,PIWIL4,7,19,decreasing,-0.0040384048871467,False,False,False,False
ENSG00000137760,ALKBH8,7,14,decreasing,-0.0042032941525765,False,False,False,False
ENSG00000139618,BRCA2,7,14,decreasing,-0.0062073301094579,True,True,False,True
ENSG00000144681,STAC,7,20,decreasing,-0.0048597259995922,False,False,False,False
ENSG00000145220,LYAR,7,16,decreasing,-0.004445188964048,False,False,False,False
ENSG00000150764,DIXDC1,7,14,decreasing,-0.0255774944660032,False,False,False,False
ENSG00000172380,GNG12,7,18,decreasing,-0.0028845184489524,False,False,False,False
ENSG00000171862,PTEN,7,24,decreasing,-0.0156432817027835,True,True,False,True
ENSG00000170310,STX8,7,24,decreasing,-0.0021981717123457,False,False,False,False
ENSG00000101052,IFT52,7,16,decreasing,-0.0055228201976227,False,False,False,False
ENSG00000170027,YWHAG,7,21,decreasing,-0.0031963948576402,False,False,False,False
ENSG00000132359,AC002316.1,7,21,decreasing,-0.003510736598433,False,False,False,False
ENSG00000135249,RINT1,7,18,decreasing,-0.0031478218175286,False,False,False,False
ENSG00000047188,YTHDC2,7,16,decreasing,0.0001963142104202,False,False,False,False
ENSG00000055211,GINM1,7,17,decreasing,-0.0042364178026467,False,False,False,False
ENSG00000083535,PIBF1,7,22,decreasing,-0.0035033221201689,False,False,False,False
ENSG00000125149,C16orf70,7,16,decreasing,-0.0032539942078829,False,False,False,False
ENSG00000081059,TCF7,7,23,decreasing,-0.0238937098477367,False,False,False,False
ENSG00000126216,TUBGCP3,7,15,decreasing,-0.0047248492159959,False,False,False,False
ENSG00000140943,MBTPS1,7,21,decreasing,-0.0031246481829844,False,False,False,False
ENSG00000142920,AZIN2,7,14,decreasing,-0.0029288196667034,False,False,False,False
ENSG00000149639,SOGA1,7,19,decreasing,-0.0016939174128791,False,False,False,False
ENSG00000152207,CYSLTR2,7,15,decreasing,-0.0056230263417828,False,True,True,False
ENSG00000163006,CCDC138,7,19,decreasing,0.0284135912295726,False,False,False,False
ENSG00000104805,NUCB1,7,21,decreasing,0.0534812945742177,False,False,False,False
ENSG00000284512,AC092718.8,7,20,decreasing,-0.0050423920971004,False,False,False,False
ENSG00000167548,KMT2D,7,19,decreasing,0.0057892693181451,True,True,False,True
ENSG00000187474,FPR3,7,22,decreasing,0.0105524046731105,False,False,False,False
ENSG00000150347,ARID5B,7,19,decreasing,-0.0027949503083042,False,True,False,True
ENSG00000150403,TMCO3,7,17,decreasing,-0.0016015383244129,False,False,False,False
ENSG00000153563,CD8A,7,15,decreasing,-0.0002586895803308,False,False,False,False
ENSG00000163564,PYHIN1,7,23,decreasing,-0.004828778040366,False,False,False,False
ENSG00000163624,CDS1,7,16,decreasing,0.005233880183326,False,False,False,False
ENSG00000170088,TMEM192,7,21,decreasing,-0.0050602633823372,False,False,False,False
ENSG00000196275,GTF2IRD2,7,23,decreasing,0.0053936801992117,False,False,False,False
ENSG00000267281,ATF7-NPFF,7,24,decreasing,-0.0123538334940105,False,False,False,False
ENSG00000196781,TLE1,7,24,decreasing,-0.00028797175467,False,True,False,False
ENSG00000196954,CASP4,7,23,decreasing,-0.0109815719234387,False,False,False,False
ENSG00000197779,ZNF81,7,20,decreasing,-0.0023095062707826,False,False,False,False
ENSG00000197958,RPL12,7,20,increasing,0.0001130928154519,False,False,False,False
ENSG00000213281,NRAS,7,15,decreasing,-0.0245745869264614,True,True,True,False
ENSG00000239306,RBM14,7,14,decreasing,0.0041028967130633,False,False,False,False
ENSG00000164253,WDR41,7,16,decreasing,-0.0021132669969636,False,False,False,False
ENSG00000187741,FANCA,7,22,decreasing,-0.0082921364756964,True,True,False,True
ENSG00000169139,UBE2V2,7,15,decreasing,-0.0097224730774285,False,False,False,False
ENSG00000144566,RAB5A,7,23,decreasing,-0.0017011242807988,False,False,False,False
ENSG00000117625,RCOR3,7,21,increasing,0.0143871394962683,False,False,False,False
ENSG00000118762,PKD2,7,16,decreasing,-0.0031219956685499,False,False,False,False
ENSG00000123131,PRDX4,7,16,decreasing,-0.0051695176768923,False,False,False,False
ENSG00000126653,NSRP1,7,22,increasing,0.0085056248656525,False,False,False,False
ENSG00000134851,TMEM165,7,24,decreasing,-0.0025781443490934,False,False,False,False
ENSG00000140948,ZCCHC14,7,20,decreasing,-0.00539667282124,False,False,False,False
ENSG00000151718,WWC2,7,22,decreasing,-0.0043332754542653,False,False,False,False
ENSG00000115267,IFIH1,7,16,decreasing,-0.0040422552829412,False,False,False,False
ENSG00000152229,PSTPIP2,7,20,decreasing,0.0004799827368603,False,False,False,False
ENSG00000156671,SAMD8,7,22,decreasing,0.0022609710380948,False,False,False,False
ENSG00000156973,PDE6D,7,21,decreasing,-0.0106877248252973,False,False,False,False
ENSG00000159082,SYNJ1,7,18,decreasing,0.0078533119073878,False,False,False,False
ENSG00000161405,IKZF3,7,24,decreasing,-0.0035186173078481,True,True,False,False
ENSG00000168461,RAB31,7,24,decreasing,-0.0054042735605765,False,False,False,False
ENSG00000117569,PTBP2,7,19,decreasing,-0.0078740481781494,False,False,False,False
ENSG00000114520,SNX4,7,20,decreasing,-0.0125584715285728,False,False,False,False
ENSG00000198551,ZNF627,7,20,decreasing,-0.0025625152496355,False,False,False,False
ENSG00000071205,ARHGAP10,7,24,decreasing,-0.0022969192084265,False,False,False,False
ENSG00000213762,ZNF134,7,16,decreasing,-0.0059838482574111,False,False,False,False
ENSG00000221983,UBA52,7,15,decreasing,-0.0038917078126075,False,False,False,False
ENSG00000239704,CDRT4,7,19,decreasing,-0.0067112672670278,False,False,False,False
ENSG00000038219,BOD1L1,7,16,decreasing,-0.0028746700142378,False,False,False,False
ENSG00000042832,TG,7,17,decreasing,-0.0004567779030806,False,False,False,False
ENSG00000066136,NFYC,7,18,decreasing,-0.0058904118368271,False,False,False,False
ENSG00000082269,FAM135A,7,19,decreasing,-0.0093500122436483,False,False,False,False
ENSG00000113597,TRAPPC13,7,15,decreasing,-0.0035011046765701,False,False,False,False
ENSG00000087502,ERGIC2,7,17,decreasing,-0.001215208183699,False,False,False,False
ENSG00000100344,PNPLA3,7,19,decreasing,-0.0162103088460135,False,False,False,False
ENSG00000100991,TRPC4AP,7,22,decreasing,-0.0107356228292124,False,False,False,False
ENSG00000107077,KDM4C,7,23,decreasing,-0.0004944782515678,False,False,False,False
ENSG00000111785,RIC8B,7,21,decreasing,-0.0064252556716879,False,False,False,False
ENSG00000112200,ZNF451,7,19,increasing,0.0098404768298255,False,False,False,False
ENSG00000124570,SERPINB6,7,20,decreasing,-0.0118881025395799,False,False,False,False
ENSG00000205268,PDE7A,7,23,decreasing,-0.0023479369904365,False,False,False,False
ENSG00000123091,RNF11,7,23,decreasing,-0.0050056247760369,False,False,False,False
ENSG00000268975,MIA-RAB4B,7,17,decreasing,-0.0022479128152431,False,False,False,False
ENSG00000060749,QSER1,7,16,decreasing,-0.0103632468155379,False,False,False,False
ENSG00000088367,EPB41L1,7,21,decreasing,0.0074585645246995,False,False,False,False
ENSG00000091127,PUS7,7,18,decreasing,-0.0009712430431665,False,False,False,False
ENSG00000101596,SMCHD1,7,24,decreasing,0.0060614699359443,False,False,False,False
ENSG00000102572,STK24,7,24,decreasing,-0.0027155509627634,False,False,False,False
ENSG00000103769,RAB11A,7,24,decreasing,0.0001243217389551,False,False,False,False
ENSG00000107862,GBF1,7,24,decreasing,0.0001140412361667,False,False,False,False
ENSG00000108424,KPNB1,7,24,decreasing,-0.0055792890772738,False,False,False,False
ENSG00000113387,SUB1,7,21,increasing,0.0015990557569448,False,False,False,False
ENSG00000117500,TMED5,7,24,decreasing,-0.0069406383992991,False,False,False,False
ENSG00000122557,HERPUD2,7,24,decreasing,-0.0023799540401736,False,False,False,False
ENSG00000125868,DSTN,7,23,decreasing,-0.0008955959835126,False,False,False,False
ENSG00000130193,THEM6,7,17,decreasing,-0.0055807766966929,False,False,False,False
ENSG00000141458,NPC1,7,24,increasing,0.0089054253505851,False,False,False,False
ENSG00000145740,SLC30A5,7,19,decreasing,0.0030305680239594,False,False,False,False
ENSG00000001167,NFYA,7,22,decreasing,-0.0021180159021777,False,False,False,False
ENSG00000178971,CTC1,7,17,decreasing,-0.0097762917184927,False,True,False,False
ENSG00000165264,NDUFB6,7,18,decreasing,-0.0042288952295642,False,False,False,False
ENSG00000257923,CUX1,7,24,increasing,0.0224195128773084,True,True,False,True
ENSG00000151151,IPMK,7,24,decreasing,0.0081084667620126,False,False,False,False
ENSG00000157764,BRAF,7,24,increasing,0.0045226970264928,True,True,True,False
ENSG00000166920,C15orf48,7,22,decreasing,0.0028387817590562,False,False,False,False
ENSG00000171793,CTPS1,7,17,increasing,0.0050700270403929,False,False,False,False
ENSG00000183889,AC138969.1,7,18,decreasing,-0.0051937639823801,False,False,False,False
ENSG00000197563,PIGN,7,19,decreasing,-0.0007747935817019,False,False,False,False
ENSG00000086589,RBM22,7,17,decreasing,-0.0061860339549103,False,False,False,False
ENSG00000151414,NEK7,7,19,decreasing,-0.0078068044256008,False,False,False,False
ENSG00000157933,SKI,7,23,decreasing,-0.0379689190940435,False,False,False,False
ENSG00000162909,CAPN2,7,23,decreasing,-0.0085472321968895,False,False,False,False
ENSG00000169895,SYAP1,7,10,decreasing,-0.022927919488707,False,False,False,False
ENSG00000074696,HACD3,7,19,decreasing,-0.0072003300362786,False,False,False,False
ENSG00000099995,SF3A1,7,23,decreasing,-0.0205705615118689,False,False,False,False
ENSG00000130640,TUBGCP2,7,22,decreasing,-0.0126246171303362,False,False,False,False
ENSG00000146757,ZNF92,7,9,increasing,0.0351391775729524,False,False,False,False
ENSG00000150455,TIRAP,7,20,decreasing,-0.00242766047561,False,False,False,False
ENSG00000153046,CDYL,7,22,decreasing,-0.0026678573679399,False,False,False,False
ENSG00000152127,MGAT5,7,24,decreasing,-0.0047541789426643,False,False,False,False
ENSG00000112763,BTN2A1,7,21,decreasing,-0.0028134740094446,False,False,False,False
ENSG00000118257,NRP2,7,18,decreasing,-0.0077314748922644,False,False,False,False
ENSG00000118689,FOXO3,7,24,decreasing,-0.000477849523965,True,True,False,False
ENSG00000130816,DNMT1,7,17,decreasing,-0.0053743490231896,False,True,True,False
ENSG00000139318,DUSP6,7,16,decreasing,-0.0064323938583904,False,False,False,False
ENSG00000140320,BAHD1,7,22,decreasing,-0.0019600788929386,False,False,False,False
ENSG00000153936,HS2ST1,7,23,decreasing,0.0032854520575381,False,False,False,False
ENSG00000105127,AKAP8,7,21,decreasing,0.0012068592077084,False,False,False,False
ENSG00000155926,SLA,7,17,decreasing,-0.0032590033683125,False,False,False,False
ENSG00000157107,FCHO2,7,21,decreasing,-0.0054734640081375,False,False,False,False
ENSG00000165669,FAM204A,7,23,decreasing,-0.009386030025064,False,False,False,False
ENSG00000180370,PAK2,7,24,decreasing,-0.0011371185340349,False,False,False,False
ENSG00000182220,ATP6AP2,7,21,decreasing,-0.019353011408506,False,False,False,False
ENSG00000185261,KIAA0825,7,21,decreasing,-0.0251416916693061,False,False,False,False
ENSG00000109606,DHX15,7,21,decreasing,0.007001639119104,False,True,False,False
ENSG00000102893,PHKB,7,23,decreasing,-0.0019165952265322,False,False,False,False
ENSG00000159352,PSMD4,7,24,decreasing,0.0048497805142619,False,False,False,False
ENSG00000204435,CSNK2B,7,18,decreasing,-0.0128128896803523,False,False,False,False
ENSG00000162641,AKNAD1,7,23,decreasing,0.0071008861065219,False,False,False,False
ENSG00000168216,LMBRD1,7,19,decreasing,-0.0044976873769983,False,False,False,False
ENSG00000180329,CCDC43,7,16,decreasing,0.0093086655667986,False,False,False,False
ENSG00000182108,DEXI,7,17,decreasing,-0.0055431647706111,False,False,False,False
ENSG00000185158,LRRC37B,7,18,decreasing,-0.0056147548068515,False,False,False,False
ENSG00000198087,CD2AP,7,19,increasing,0.0080586377438539,False,False,False,False
ENSG00000215421,ZNF407,7,23,decreasing,-0.0031442822618349,False,False,False,False
ENSG00000090006,LTBP4,7,16,decreasing,-0.0054127354332435,False,False,False,False
ENSG00000263513,FAM72C,7,17,decreasing,-0.0155750476914204,False,False,False,False
ENSG00000271254,AC240274.1,7,24,increasing,0.0034752844264422,False,False,False,False
ENSG00000131269,ABCB7,7,9,decreasing,-0.0128569809413821,False,False,False,False
ENSG00000131495,NDUFA2,7,10,decreasing,-0.0036244675692677,False,False,False,False
ENSG00000160613,PCSK7,7,21,decreasing,-0.0086864106541124,False,False,False,False
ENSG00000177565,TBL1XR1,7,10,decreasing,-0.0060382304196503,True,True,True,False
ENSG00000150593,PDCD4,7,16,decreasing,-0.0015657052525267,False,False,False,False
ENSG00000147872,PLIN2,7,21,decreasing,-0.0072207656599698,False,False,False,False
ENSG00000143756,FBXO28,7,24,decreasing,-0.0041043981809795,False,False,False,False
ENSG00000137845,ADAM10,7,23,decreasing,-0.010130566620764,False,False,False,False
ENSG00000100647,SUSD6,7,10,decreasing,-0.0029441974640363,False,False,False,False
ENSG00000101290,CDS2,7,21,decreasing,-0.0184819719883395,False,False,False,False
ENSG00000106153,CHCHD2,7,18,decreasing,-0.0084533009150803,False,False,False,False
ENSG00000110315,RNF141,7,20,decreasing,0.0111512639331022,False,False,False,False
ENSG00000123342,MMP19,7,21,increasing,0.0140998715831908,False,False,False,False
ENSG00000125633,CCDC93,7,24,decreasing,0.0121012697002556,False,False,False,False
ENSG00000138095,LRPPRC,7,10,decreasing,0.003897847602299,False,False,False,False
ENSG00000079246,XRCC5,7,17,decreasing,-0.0050846855559919,False,False,False,False
ENSG00000139438,FAM222A,7,9,decreasing,-0.0013783533037567,False,False,False,False
ENSG00000156411,ATP5MPL,7,17,decreasing,-0.0086157780493728,False,False,False,False
ENSG00000161217,PCYT1A,7,24,decreasing,-0.0202785074495487,False,False,False,False
ENSG00000170571,EMB,7,23,decreasing,-0.0069947634603708,False,False,False,False
ENSG00000187742,SECISBP2,7,15,decreasing,-0.0049028325852682,False,False,False,False
ENSG00000206562,METTL6,7,21,decreasing,-0.0054834357241372,False,False,False,False
ENSG00000080298,RFX3,7,24,decreasing,-0.0115855650715884,False,False,False,False
ENSG00000065526,SPEN,7,24,decreasing,-0.0009858433638429,True,True,False,True
ENSG00000119912,IDE,7,21,decreasing,0.0020833307835592,False,False,False,False
ENSG00000163131,CTSS,7,19,decreasing,-0.0023098046634109,False,False,False,False
ENSG00000122986,HVCN1,7,14,increasing,0.0041761894563467,False,False,False,False
ENSG00000113240,CLK4,7,19,increasing,0.0123671427497141,False,False,False,False
ENSG00000113615,SEC24A,7,23,increasing,0.0060630349945938,False,False,False,False
ENSG00000135185,TMEM243,7,23,increasing,0.0027909893624249,False,False,False,False
ENSG00000137275,RIPK1,7,23,increasing,0.0244537878078808,False,False,False,False
ENSG00000139496,NUP58,7,23,decreasing,-0.0010240152123283,False,False,False,False
ENSG00000168005,SPINDOC,7,18,decreasing,-0.0084083165461582,False,False,False,False
ENSG00000023909,GCLM,7,23,increasing,0.0034330760377036,False,False,False,False
ENSG00000182150,ERCC6L2,7,21,decreasing,4.667553141262842e-05,False,False,False,False
ENSG00000182903,ZNF721,7,24,decreasing,-0.0032507483597032,False,False,False,False
ENSG00000106780,MEGF9,7,24,decreasing,0.0215405897632985,False,False,False,False
ENSG00000241973,PI4KA,7,18,decreasing,-0.0019181265064009,False,False,False,False
ENSG00000271793,AL589666.1,7,23,increasing,0.0007207324358006,False,False,False,False
ENSG00000013374,NUB1,7,9,decreasing,-0.0003077290188168,False,False,False,False
ENSG00000254692,AL136295.1,7,21,decreasing,-0.0096063880200572,False,False,False,False
ENSG00000136770,DNAJC1,7,10,increasing,0.002233966407608,False,False,False,False
ENSG00000138834,MAPK8IP3,7,20,decreasing,0.0101220168098891,False,False,False,False
ENSG00000002834,LASP1,7,24,decreasing,-0.0078004340760225,True,True,True,False
ENSG00000173715,C11orf80,7,19,decreasing,-0.0004582526264753,False,False,False,False
ENSG00000175220,ARHGAP1,7,19,decreasing,-0.0007180619170335,False,False,False,False
ENSG00000184007,PTP4A2,7,14,decreasing,-0.0090866828354576,False,False,False,False
ENSG00000196843,ARID5A,7,23,decreasing,-0.0123804824396345,False,True,False,False
ENSG00000198964,SGMS1,7,24,decreasing,-0.0038235810748647,False,False,False,False
ENSG00000285258,ATXN7,7,18,decreasing,-0.001986873418586,False,True,True,False
ENSG00000058600,POLR3E,7,23,increasing,0.0593997701778816,False,False,False,False
ENSG00000168421,RHOH,7,22,decreasing,0.0038454464364476,True,False,False,False
ENSG00000077238,IL4R,7,22,decreasing,-0.0005246990201997,False,False,False,False
ENSG00000104064,GABPB1,7,23,decreasing,0.0028574761054468,False,False,False,False
ENSG00000105835,NAMPT,7,23,decreasing,-0.0042241194583624,False,False,False,False
ENSG00000111653,ING4,7,17,increasing,0.0087814063541614,False,False,False,False
ENSG00000127914,AKAP9,7,24,decreasing,-0.0042209127377277,False,False,False,False
ENSG00000129518,EAPP,7,23,decreasing,0.0067674596477148,False,False,False,False
ENSG00000173153,ESRRA,7,16,decreasing,-0.0166687658099992,False,False,False,False
ENSG00000167522,ANKRD11,7,24,decreasing,0.0086547875808674,False,True,False,True
ENSG00000139714,MORN3,7,17,decreasing,-0.0004841827957466,False,False,False,False
ENSG00000119685,TTLL5,7,23,decreasing,-0.0065819702363841,False,False,False,False
ENSG00000020633,RUNX3,7,19,decreasing,-0.0023324738159702,False,False,False,False
ENSG00000076321,KLHL20,7,24,decreasing,-0.0027229105234887,False,False,False,False
ENSG00000100461,RBM23,7,19,decreasing,-0.0082825887258827,False,False,False,False
ENSG00000103415,HMOX2,7,23,decreasing,0.0006583215871785,False,False,False,False
ENSG00000106682,EIF4H,7,18,increasing,0.007300550236254,False,False,False,False
ENSG00000108406,DHX40,7,18,decreasing,0.0192510493652683,False,False,False,False
ENSG00000120063,GNA13,7,24,decreasing,0.0133870513894361,False,True,False,False
ENSG00000166689,PLEKHA7,7,24,increasing,0.0117387255345596,False,False,False,False
ENSG00000120437,ACAT2,7,22,decreasing,0.001605631370988,False,False,False,False
ENSG00000122783,CYREN,7,17,decreasing,-0.0147032919362941,False,False,False,False
ENSG00000149084,HSD17B12,7,18,decreasing,-0.0055985787438095,False,False,False,False
ENSG00000152061,RABGAP1L,7,24,decreasing,-0.0086370356866012,False,False,False,False
ENSG00000153561,RMND5A,7,24,increasing,-0.0002040154253054,False,False,False,False
ENSG00000162734,PEA15,7,17,increasing,0.0058077053091507,False,False,False,False
ENSG00000185697,MYBL1,7,18,decreasing,-0.0116676639132672,False,True,True,False
ENSG00000108561,C1QBP,7,23,decreasing,-0.004806814985996,False,False,False,False
ENSG00000028137,TNFRSF1B,7,23,increasing,-0.0112785712389056,False,False,False,False
ENSG00000185304,RGPD2,7,22,decreasing,-0.001266376073232,False,False,False,False
ENSG00000164587,RPS14,7,16,decreasing,-0.0222473100008162,False,False,False,False
ENSG00000166451,CENPN,7,23,decreasing,-0.0101425846376573,False,False,False,False
ENSG00000167550,RHEBL1,7,18,decreasing,-0.0122018335453733,False,False,False,False
ENSG00000167588,GPD1,7,16,decreasing,-0.0053298927203383,False,False,False,False
ENSG00000167747,C19orf48,7,16,decreasing,-0.0144449309956626,False,False,False,False
ENSG00000175104,TRAF6,7,24,decreasing,-0.0027714651194153,False,False,False,False
ENSG00000182183,SHISAL2A,7,16,decreasing,-0.0005259459851375,False,False,False,False
ENSG00000197170,PSMD12,7,23,decreasing,-0.0050459890807498,False,False,False,False
ENSG00000204574,ABCF1,7,10,decreasing,-0.0331371163968428,False,False,False,False
ENSG00000257093,DENND11,7,17,increasing,0.0240846918940146,False,False,False,False
ENSG00000047249,ATP6V1H,7,24,decreasing,-0.0164952866735935,False,False,False,False
ENSG00000067992,PDK3,7,22,decreasing,-0.0060756346159068,False,False,False,False
ENSG00000069667,RORA,7,24,decreasing,-0.0124574642665634,False,False,False,False
ENSG00000079332,SAR1A,7,10,decreasing,-0.0106836627232248,False,False,False,False
ENSG00000087095,NLK,7,23,decreasing,-0.0018233872221773,False,False,False,False
ENSG00000157191,NECAP2,7,16,decreasing,-0.0424043838002844,False,False,False,False
ENSG00000153551,CMTM7,7,23,decreasing,0.0007653829467128,False,False,False,False
ENSG00000145743,FBXL17,7,24,decreasing,-0.0028117515750346,False,False,False,False
ENSG00000120159,CAAP1,7,18,decreasing,0.0241622054363738,False,False,False,False
ENSG00000059758,CDK17,7,19,increasing,0.022485330902016,False,False,False,False
ENSG00000099246,RAB18,7,24,increasing,0.0155393940244603,False,False,False,False
ENSG00000101350,KIF3B,7,17,decreasing,-0.0019734352910088,False,False,False,False
ENSG00000104765,BNIP3L,7,18,decreasing,-0.0039331502262985,False,False,False,False
ENSG00000105778,AVL9,7,19,decreasing,-0.0110747769714875,False,False,False,False
ENSG00000117614,SYF2,7,18,decreasing,-0.0067951019916379,False,False,False,False
ENSG00000120733,KDM3B,7,23,decreasing,-0.0040131092388856,False,False,False,False
ENSG00000142655,PEX14,7,23,decreasing,-0.0005763151155253,False,False,False,False
ENSG00000134574,DDB2,7,19,decreasing,-0.0033857431664136,True,True,False,True
ENSG00000135476,ESPL1,7,18,decreasing,0.0025379691208927,False,False,False,False
ENSG00000136436,CALCOCO2,7,23,decreasing,-0.0032696600840928,False,False,False,False
ENSG00000137055,PLAA,7,10,decreasing,-0.0342525941126115,False,False,False,False
ENSG00000137693,YAP1,7,10,decreasing,-0.0046335131034971,False,True,True,False
ENSG00000141540,TTYH2,7,18,decreasing,0.0017194404581797,False,False,False,False
ENSG00000089159,PXN,7,15,decreasing,-0.0252865492914783,False,False,False,False
ENSG00000091157,WDR7,7,24,decreasing,-0.0052042581826444,False,False,False,False
ENSG00000104974,LILRA1,7,15,decreasing,-0.0023654745323045,False,False,False,False
ENSG00000087338,GMCL1,7,18,decreasing,-0.0014038616074068,False,False,False,False
ENSG00000182446,NPLOC4,7,10,increasing,0.001782479757592,False,False,False,False
ENSG00000196628,TCF4,7,17,decreasing,-0.001110168416303,False,False,False,False
ENSG00000243716,NPIPB5,7,24,increasing,0.0017822751938092,False,False,False,False
ENSG00000258677,AC022826.2,7,24,decreasing,-0.0135755430568897,False,False,False,False
ENSG00000006062,MAP3K14,7,19,decreasing,-0.0031161412069453,False,True,True,False
ENSG00000082074,FYB1,7,24,decreasing,-0.0068908585640374,False,False,False,False
ENSG00000091106,NLRC4,7,20,decreasing,-0.0051186610172229,False,False,False,False
ENSG00000160602,NEK8,7,14,decreasing,-0.0071250447050917,False,False,False,False
ENSG00000106554,CHCHD3,7,22,decreasing,-0.0026222146196855,False,False,False,False
ENSG00000106991,ENG,7,10,decreasing,-0.037994373824097,False,False,False,False
ENSG00000113282,CLINT1,7,22,decreasing,0.0075902963368203,False,False,False,False
ENSG00000114480,GBE1,7,23,decreasing,-0.0081470200731247,False,False,False,False
ENSG00000117616,RSRP1,7,24,decreasing,-0.0065659547790532,False,False,False,False
ENSG00000057252,SOAT1,7,23,decreasing,-0.0004561412594329,False,False,False,False
ENSG00000173960,UBXN2A,7,21,decreasing,-0.0081627255782283,False,False,False,False
ENSG00000155962,CLIC2,7,23,decreasing,-6.81007612795715e-05,False,False,False,False
ENSG00000105617,LENG1,7,17,increasing,0.0089767541882964,False,False,False,False
ENSG00000122643,NT5C3A,7,19,decreasing,-0.0046018914967158,False,False,False,False
ENSG00000106733,NMRK1,7,23,decreasing,-0.004782392151617,False,False,False,False
ENSG00000110344,UBE4A,7,24,decreasing,-0.0054605613417041,False,False,False,False
ENSG00000114861,FOXP1,7,24,decreasing,-0.0081908819468989,True,True,False,False
ENSG00000116809,ZBTB17,7,17,decreasing,-0.0002176130073579,False,False,False,False
ENSG00000117868,ESYT2,7,19,decreasing,0.0026688822900882,False,False,False,False
ENSG00000122042,UBL3,7,23,decreasing,-0.0068622289867992,False,False,False,False
ENSG00000123607,TTC21B,7,23,decreasing,-0.000257250365614,False,False,False,False
ENSG00000155307,SAMSN1,7,18,decreasing,-0.0004761731462508,False,False,False,False
ENSG00000125651,GTF2F1,7,18,decreasing,-0.0014745679503374,False,False,False,False
ENSG00000125755,SYMPK,7,22,decreasing,-0.0272773205061188,False,False,False,False
ENSG00000135127,BICDL1,7,23,decreasing,-0.0080945716496293,False,False,False,False
ENSG00000135845,PIGC,7,18,decreasing,-0.0077381915984098,False,False,False,False
ENSG00000137500,CCDC90B,7,20,decreasing,-0.0150163407501967,False,False,False,False
ENSG00000154269,ENPP3,7,21,decreasing,0.0019486108923552,False,False,False,False
ENSG00000008283,CYB561,7,22,decreasing,0.059316406525615,False,False,False,False
ENSG00000100077,GRK3,7,18,decreasing,-0.0038751309917633,False,False,False,False
ENSG00000133884,DPF2,7,15,decreasing,-0.0132793020138985,False,False,False,False
ENSG00000164674,SYTL3,7,24,decreasing,-0.0102140774475156,False,False,False,False
ENSG00000133731,IMPA1,7,23,decreasing,-0.0274668002137379,False,False,False,False
ENSG00000137288,UQCC2,7,19,increasing,0.00988444529833,False,False,False,False
ENSG00000140326,CDAN1,7,16,increasing,0.0129088227923919,False,False,False,False
ENSG00000143322,ABL2,7,24,decreasing,-0.0024897786733861,True,True,True,False
ENSG00000143367,TUFT1,7,16,increasing,-0.0019489642919869,False,False,False,False
ENSG00000144736,SHQ1,7,17,decreasing,0.0183245297144654,False,True,False,True
ENSG00000145819,ARHGAP26,7,24,decreasing,-0.0103150116006609,True,True,False,False
ENSG00000153037,SRP19,7,17,increasing,0.0139415132303196,False,False,False,False
ENSG00000153179,RASSF3,7,24,decreasing,-0.0009739163426607,False,False,False,False
ENSG00000154144,TBRG1,7,17,increasing,0.0024162924883079,False,False,False,False
ENSG00000156515,HK1,7,23,decreasing,0.0004323276845877,False,False,False,False
ENSG00000158270,COLEC12,7,22,decreasing,-0.008218220661675,False,False,False,False
ENSG00000158470,B4GALT5,7,10,decreasing,-0.0073715123400779,False,False,False,False
ENSG00000160058,BSDC1,7,18,decreasing,0.0008892638123854,False,False,False,False
ENSG00000162971,TYW5,7,19,decreasing,0.0003933375087742,False,False,False,False
ENSG00000125977,EIF2S2,7,22,decreasing,0.006149636560124,False,False,False,False
ENSG00000123066,MED13L,7,24,increasing,0.0018076499840485,False,False,False,False
ENSG00000121957,GPSM2,7,17,decreasing,-0.0105421452571862,False,False,False,False
ENSG00000104853,CLPTM1,7,10,decreasing,-0.0055219995738855,False,False,False,False
ENSG00000068831,RASGRP2,7,22,decreasing,-0.008293336551265,False,False,False,False
ENSG00000103365,GGA2,7,24,decreasing,-0.0020964912685862,False,False,False,False
ENSG00000082153,BZW1,7,21,decreasing,0.0174728895217772,False,False,False,False
ENSG00000091592,NLRP1,7,24,decreasing,-0.0074090015853367,False,False,False,False
ENSG00000100234,TIMP3,7,18,decreasing,-0.005647018675491,False,False,False,False
ENSG00000104852,SNRNP70,7,23,decreasing,-0.0079937222003649,False,False,False,False
ENSG00000106266,SNX8,7,23,decreasing,0.0034525721448398,False,False,False,False
ENSG00000120963,ZNF706,7,18,decreasing,0.0008311423985182,False,False,False,False
ENSG00000109466,KLHL2,7,22,decreasing,0.0041896174323071,False,False,False,False
ENSG00000111877,MCM9,7,23,decreasing,-0.0091730566171884,False,False,False,False
ENSG00000113658,SMAD5,7,17,increasing,0.0164406201462434,False,False,False,False
ENSG00000115159,GPD2,7,23,decreasing,-0.0570359389725401,False,False,False,False
ENSG00000116539,ASH1L,7,24,increasing,0.0168206006102445,False,False,False,False
ENSG00000120253,NUP43,7,17,increasing,0.0125452759415811,False,False,False,False
ENSG00000164574,GALNT10,7,18,decreasing,-0.035179818806513,False,False,False,False
ENSG00000132466,ANKRD17,7,24,decreasing,-0.0045240355330906,False,False,False,False
ENSG00000008282,SYPL1,7,15,decreasing,-0.0029376061859359,False,False,False,False
ENSG00000142089,IFITM3,7,8,increasing,0.0022470826904373,False,False,False,False
ENSG00000198837,DENND4B,7,21,decreasing,0.0021895904321796,False,False,False,False
ENSG00000273217,AC008695.1,7,23,decreasing,-0.000298083900036,False,False,False,False
ENSG00000285404,Z82190.2,7,16,increasing,0.0056698409322633,False,False,False,False
ENSG00000100722,ZC3H14,7,19,decreasing,0.007792002481233,False,False,False,False
ENSG00000110367,DDX6,7,24,increasing,0.0053996194748825,True,False,False,False
ENSG00000069399,BCL3,7,17,decreasing,-0.0032879209785716,True,True,True,False
ENSG00000142166,IFNAR1,7,15,decreasing,-0.0265275877892641,False,True,False,False
ENSG00000196693,ZNF33B,7,19,decreasing,-0.0085886968896681,False,False,False,False
ENSG00000143815,LBR,7,15,decreasing,-0.0025533236839752,False,False,False,False
ENSG00000144228,SPOPL,7,10,decreasing,-0.0260607806683185,False,False,False,False
ENSG00000166436,TRIM66,7,16,decreasing,-0.0082710289953138,False,False,False,False
ENSG00000165219,GAPVD1,7,17,decreasing,0.0120711484226011,False,False,False,False
ENSG00000168309,FAM107A,7,14,decreasing,-0.0057398217935331,False,False,False,False
ENSG00000100784,RPS6KA5,7,22,decreasing,-0.0113942286643491,False,False,False,False
ENSG00000197601,FAR1,7,23,increasing,0.0039509328475625,False,False,False,False
ENSG00000266338,NBPF15,7,19,decreasing,-0.0110070149555347,False,False,False,False
ENSG00000170832,USP32,7,24,decreasing,-0.0032772864126876,False,False,False,False
ENSG00000171503,ETFDH,7,23,decreasing,-0.0026265626286229,False,False,False,False
ENSG00000168610,STAT3,7,24,decreasing,0.0269093149161773,True,True,True,False
ENSG00000169696,ASPSCR1,7,22,decreasing,-0.011649209891915,True,False,False,False
ENSG00000170293,CMTM8,7,21,decreasing,-0.0167009797268027,False,False,False,False
ENSG00000185122,HSF1,7,18,decreasing,0.0021726909846807,False,False,False,False
ENSG00000170921,TANC2,7,24,decreasing,-0.0222244374588249,False,False,False,False
ENSG00000172071,EIF2AK3,7,24,decreasing,-0.0031208175542121,False,False,False,False
ENSG00000172775,PSME3IP1,7,22,decreasing,-0.0121297191300329,False,False,False,False
ENSG00000173473,SMARCC1,7,24,decreasing,0.0006845345426796,False,False,False,False
ENSG00000179832,MROH1,7,22,decreasing,0.0033275573149842,False,False,False,False
ENSG00000180357,ZNF609,7,23,decreasing,-0.0032681731048956,False,False,False,False
ENSG00000167491,GATAD2A,7,24,decreasing,-0.0006605548566903,False,False,False,False
ENSG00000180573,H2AC6,7,18,decreasing,0.0008305127332229,False,True,False,False
ENSG00000169246,NPIPB3,7,19,decreasing,-0.0032620286509529,False,False,False,False
ENSG00000182934,SRPRA,6,10,decreasing,-0.005272098884139,False,False,False,False
ENSG00000165240,ATP7A,6,15,decreasing,0.0018844638670509,False,False,False,False
ENSG00000166192,SENP8,6,14,decreasing,-0.0098478299625315,False,False,False,False
ENSG00000155097,ATP6V1C1,6,9,decreasing,-0.002555189136896,False,False,False,False
ENSG00000163714,U2SURP,6,10,decreasing,-0.0141589093382149,False,False,False,False
ENSG00000163393,SLC22A15,6,14,decreasing,-0.0038780429911082,False,False,False,False
ENSG00000162636,FAM102B,6,22,decreasing,-0.0005447229741917,False,False,False,False
ENSG00000005889,ZFX,6,21,decreasing,-0.0036969670638402,False,False,False,False
ENSG00000205339,IPO7,6,19,decreasing,0.0029709495136546,False,False,False,False
ENSG00000198265,HELZ,6,24,decreasing,-0.0066358223548188,False,False,False,False
ENSG00000035681,NSMAF,6,24,decreasing,-0.0034606470957042,False,False,False,False
ENSG00000042088,TDP1,6,20,decreasing,0.0044121264239364,False,False,False,False
ENSG00000067365,METTL22,6,18,decreasing,-0.0093018615129668,False,False,False,False
ENSG00000070413,DGCR2,6,24,decreasing,-0.0196865184727389,False,False,False,False
ENSG00000077585,GPR137B,6,23,decreasing,-0.0062182803990063,False,False,False,False
ENSG00000080815,PSEN1,6,23,decreasing,0.0044239182461223,False,False,False,False
ENSG00000149021,SCGB1A1,6,19,decreasing,-0.0037174273848601,False,False,False,False
ENSG00000080839,RBL1,6,16,decreasing,-0.0039176647184079,False,False,False,False
ENSG00000152242,C18orf25,6,24,decreasing,-0.0005858461564456,False,False,False,False
ENSG00000218739,CEBPZOS,6,18,decreasing,-0.0026552857486063,False,False,False,False
ENSG00000145349,CAMK2D,6,22,decreasing,-0.0047706414303633,False,False,False,False
ENSG00000140367,UBE2Q2,6,24,decreasing,0.000354628929832,False,False,False,False
ENSG00000089154,GCN1,6,21,decreasing,-0.004038338290266,False,False,False,False
ENSG00000180398,MCFD2,6,21,decreasing,0.0031119884739092,False,False,False,False
ENSG00000213999,MEF2B,6,16,increasing,0.0167818108201342,False,True,True,False
ENSG00000095319,NUP188,6,15,decreasing,-0.0040361035433568,False,False,False,False
ENSG00000075420,FNDC3B,6,24,decreasing,-0.0025208426203058,False,False,False,False
ENSG00000107566,ERLIN1,6,18,decreasing,-0.0041594768535303,False,False,False,False
ENSG00000108312,UBTF,6,18,decreasing,-0.0113993393570861,False,True,True,False
ENSG00000109046,WSB1,6,24,decreasing,-0.0065687484723913,False,False,False,False
ENSG00000118495,PLAGL1,6,21,decreasing,-0.0024784899382963,False,False,False,False
ENSG00000118507,AKAP7,6,16,decreasing,-0.0089917774892439,False,False,False,False
ENSG00000130731,METTL26,6,15,decreasing,-0.0037193461210609,False,False,False,False
ENSG00000134308,YWHAQ,6,20,decreasing,-0.0498909590650601,False,False,False,False
ENSG00000135525,MAP7,6,10,decreasing,0.0040327346012648,False,False,False,False
ENSG00000138303,ASCC1,6,10,decreasing,-0.0296259471487761,False,False,False,False
ENSG00000138433,CIR1,6,10,decreasing,-0.0066137314428308,False,False,False,False
ENSG00000082397,EPB41L3,6,24,decreasing,0.029542916253506,False,False,False,False
ENSG00000138801,PAPSS1,6,21,decreasing,-0.005537971673604,False,False,False,False
ENSG00000092201,SUPT16H,6,22,decreasing,0.0094386421487765,False,False,False,False
ENSG00000137486,ARRB1,6,24,increasing,0.0513542367517751,False,False,False,False
ENSG00000130175,PRKCSH,6,16,decreasing,-0.0003069547514741,False,False,False,False
ENSG00000130826,DKC1,6,21,decreasing,0.0010532372938316,False,False,False,False
ENSG00000131398,KCNC3,6,20,decreasing,-0.0046564247200991,False,False,False,False
ENSG00000134243,SORT1,6,20,decreasing,-0.0021894048049013,False,False,False,False
ENSG00000134539,KLRD1,6,24,decreasing,-0.0058130193407966,False,False,False,False
ENSG00000136167,LCP1,6,19,decreasing,0.0039339240439929,False,False,False,False
ENSG00000136250,AOAH,6,24,decreasing,0.0356588515413139,False,False,False,False
ENSG00000138185,ENTPD1,6,24,decreasing,0.0114631362046416,False,False,False,False
ENSG00000126883,NUP214,6,18,increasing,0.0700588120329573,True,True,True,False
ENSG00000138767,CNOT6L,6,22,decreasing,0.0004270986129412,False,False,False,False
ENSG00000138771,SHROOM3,6,22,decreasing,-0.0015107315044681,False,False,False,False
ENSG00000139163,ETNK1,6,24,decreasing,-0.004971116936041,True,True,False,False
ENSG00000140406,TLNRD1,6,19,decreasing,-0.0083288359463544,False,False,False,False
ENSG00000142192,APP,6,16,decreasing,-0.0588295502054804,False,False,False,False
ENSG00000168918,INPP5D,6,24,decreasing,0.0093070087054157,False,False,False,False
ENSG00000143549,TPM3,6,22,decreasing,-0.0376181413634803,True,True,True,False
ENSG00000127084,FGD3,6,19,decreasing,-0.0084410835624988,False,False,False,False
ENSG00000124789,NUP153,6,24,decreasing,-0.0085202772433972,False,False,False,False
ENSG00000100580,TMED8,6,24,decreasing,-0.0075638390224916,False,False,False,False
ENSG00000112679,DUSP22,6,14,decreasing,-0.0032642003679114,False,True,False,True
ENSG00000101347,SAMHD1,6,23,decreasing,-0.0048782560629881,False,True,False,True
ENSG00000102781,KATNAL1,6,15,decreasing,-0.0056458936892755,False,False,False,False
ENSG00000104517,UBR5,6,24,decreasing,-0.0165747923206585,True,True,True,False
ENSG00000107957,SH3PXD2A,6,22,decreasing,0.0010179761092974,False,False,False,False
ENSG00000108950,FAM20A,6,24,decreasing,-0.0013245161630381,False,False,False,False
ENSG00000109756,RAPGEF2,6,24,decreasing,-0.003518762795126,False,False,False,False
ENSG00000111252,SH2B3,6,16,decreasing,-0.0057266469033508,True,True,False,True
ENSG00000112992,NNT,6,16,decreasing,-0.004051425514953,False,False,False,False
ENSG00000122965,RBM19,6,10,decreasing,0.0012896943340475,False,False,False,False
ENSG00000116062,MSH6,6,19,decreasing,-0.0004773641045126,True,True,False,True
ENSG00000117481,NSUN4,6,15,decreasing,-6.345972109899946e-05,False,False,False,False
ENSG00000118454,ANKRD13C,6,23,decreasing,-0.0041436503686787,False,False,False,False
ENSG00000118849,RARRES1,6,17,decreasing,-0.0030946477750213,False,False,False,False
ENSG00000119321,FKBP15,6,24,decreasing,-0.0039681683834711,False,False,False,False
ENSG00000122335,SERAC1,6,17,decreasing,0.0809886299346191,False,False,False,False
ENSG00000122958,VPS26A,6,23,decreasing,-0.0038157319142532,False,False,False,False
ENSG00000174943,KCTD13,6,17,increasing,0.0227481126609469,False,False,False,False
ENSG00000204713,TRIM27,6,24,decreasing,-0.0078191015058422,True,True,True,False
ENSG00000166788,SAAL1,6,14,decreasing,-0.0484759779380786,False,False,False,False
ENSG00000156113,KCNMA1,6,21,decreasing,-0.0024177079265332,False,False,False,False
ENSG00000116525,TRIM62,6,16,decreasing,-0.0051933785010474,False,False,False,False
ENSG00000120915,EPHX2,6,15,decreasing,-0.0026724678454788,False,False,False,False
ENSG00000157379,DHRS1,6,15,decreasing,-0.0062795550180618,False,False,False,False
ENSG00000075651,PLD1,6,21,decreasing,0.0021807514968843,False,False,False,False
ENSG00000131848,ZSCAN5A,6,20,decreasing,-0.0027973612004686,False,False,False,False
ENSG00000134108,ARL8B,6,10,decreasing,-0.0458407352575547,False,False,False,False
ENSG00000147162,OGT,6,19,decreasing,-0.0036790287275329,False,True,True,False
ENSG00000198258,UBL5,6,15,decreasing,-0.0069052650587147,False,False,False,False
ENSG00000078114,NEBL,6,17,decreasing,-0.0040904596830119,False,False,False,False
ENSG00000002822,MAD1L1,6,24,decreasing,-0.0096402191631532,False,False,False,False
ENSG00000006576,PHTF2,6,24,decreasing,-0.0069469900543145,False,False,False,False
ENSG00000008394,MGST1,6,18,decreasing,-0.0122913319844143,False,False,False,False
ENSG00000008838,MED24,6,21,decreasing,-0.0133762037678398,False,False,False,False
ENSG00000023734,STRAP,6,9,decreasing,-0.0058907798355876,False,False,False,False
ENSG00000065978,YBX1,6,17,decreasing,-0.0045551737154714,False,False,False,False
ENSG00000083544,TDRD3,6,20,decreasing,-0.0009090348459951,False,False,False,False
ENSG00000115425,PECR,6,14,increasing,0.0569141139716366,False,False,False,False
ENSG00000213722,DDAH2,6,17,decreasing,-0.001489574542321,False,False,False,False
ENSG00000100592,DAAM1,6,18,decreasing,-0.0144275960400038,False,False,False,False
ENSG00000250151,ARPC4-TTLL3,6,17,decreasing,-0.0034012317493772,False,False,False,False
ENSG00000145715,RASA1,6,23,decreasing,-0.0134020804376048,False,True,False,True
ENSG00000189050,RNFT1,6,21,increasing,0.0098174825219608,False,False,False,False
ENSG00000189283,FHIT,6,19,decreasing,-0.0038337185626863,True,True,False,True
ENSG00000196189,SEMA4A,6,22,decreasing,-0.0005300074178644,False,False,False,False
ENSG00000197405,C5AR1,6,10,decreasing,-0.0146258846100155,False,False,False,False
ENSG00000198169,ZNF251,6,19,decreasing,-0.0176625449963309,False,False,False,False
ENSG00000198771,RCSD1,6,17,increasing,0.0173257482897153,False,False,False,False
ENSG00000254470,AP5B1,6,17,decreasing,-0.0182193786034768,False,False,False,False
ENSG00000188811,NHLRC3,6,16,increasing,0.0085559622680648,False,False,False,False
ENSG00000261371,PECAM1,6,18,decreasing,-0.0037994139441236,False,False,False,False
ENSG00000277149,TYW1B,6,19,decreasing,-0.0108850004542182,False,False,False,False
ENSG00000283782,AC116366.3,6,18,decreasing,-0.0013728450050078,False,False,False,False
ENSG00000284292,AC004922.1,6,10,decreasing,-0.0194954943232575,False,False,False,False
ENSG00000107263,RAPGEF1,6,24,decreasing,-0.0042952551927509,False,False,False,False
ENSG00000115935,WIPF1,6,24,decreasing,-0.0019432789213164,False,False,False,False
ENSG00000185104,FAF1,6,24,decreasing,-0.0302708818904487,False,False,False,False
ENSG00000095637,SORBS1,6,10,decreasing,-0.015335972864516,False,False,False,False
ENSG00000102743,SLC25A15,6,15,decreasing,-0.0051876026355905,False,False,False,False
ENSG00000164961,WASHC5,6,18,decreasing,0.029603531192611,False,False,False,False
ENSG00000129521,EGLN3,6,23,decreasing,-0.00596379556703,False,False,False,False
ENSG00000109572,CLCN3,6,18,decreasing,-0.0037728812241234,False,False,False,False
ENSG00000115128,SF3B6,6,14,decreasing,-0.0002736362933272,False,False,False,False
ENSG00000115677,HDLBP,6,17,decreasing,-0.0041865088346118,False,False,False,False
ENSG00000115970,THADA,6,24,decreasing,-0.0082743067717594,False,False,False,False
ENSG00000116260,QSOX1,6,22,decreasing,-0.0053261966648518,False,False,False,False
ENSG00000126524,SBDS,6,16,decreasing,-0.0038005055136831,True,False,False,False
ENSG00000127074,RGS13,6,16,decreasing,-0.0044057620840671,False,False,False,False
ENSG00000131368,MRPS25,6,17,decreasing,-0.002888039242073,False,False,False,False
ENSG00000105738,SIPA1L3,6,19,decreasing,0.0019505716960718,False,False,False,False
ENSG00000136141,LRCH1,6,24,decreasing,-0.0027193538558772,False,False,False,False
ENSG00000141979,AC008764.1,6,24,decreasing,-0.0177509942181789,False,False,False,False
ENSG00000146192,FGD2,6,20,decreasing,0.0074953604627014,False,False,False,False
ENSG00000148660,CAMK2G,6,23,decreasing,0.0321828271417586,False,False,False,False
ENSG00000155256,ZFYVE27,6,16,decreasing,-0.0052345736607223,False,False,False,False
ENSG00000158796,DEDD,6,16,decreasing,-0.0014566717547552,False,False,False,False
ENSG00000164941,INTS8,6,17,decreasing,-0.0009965323093112,False,False,False,False
ENSG00000109445,ZNF330,6,14,decreasing,-0.0270246702843449,False,False,False,False
ENSG00000101421,CHMP4B,6,10,decreasing,-0.0076988701344076,False,False,False,False
ENSG00000105223,PLD3,6,20,decreasing,0.0419489906403076,False,False,False,False
ENSG00000126467,TSKS,6,14,decreasing,-0.004477469706111,False,False,False,False
ENSG00000112033,PPARD,6,10,decreasing,-0.0092306187625602,False,False,False,False
ENSG00000112406,HECA,6,10,decreasing,-0.0153553018437052,False,False,False,False
ENSG00000113648,MACROH2A1,6,22,decreasing,-0.0079795208668819,False,False,False,False
ENSG00000117036,ETV3,6,22,increasing,0.0248194333442407,False,False,False,False
ENSG00000117118,SDHB,6,19,decreasing,-0.0108478812113792,True,True,False,True
ENSG00000121931,LRIF1,6,9,decreasing,0.0046394554263835,False,False,False,False
ENSG00000123213,NLN,6,22,decreasing,-0.0073812527528995,False,False,False,False
ENSG00000132205,EMILIN2,6,18,decreasing,-0.0171121053326033,False,False,False,False
ENSG00000186432,KPNA4,6,22,decreasing,0.0150358553830373,False,False,False,False
ENSG00000135956,TMEM127,6,21,decreasing,-0.0103338436376696,True,True,False,True
ENSG00000140563,MCTP2,6,10,decreasing,-0.0224229269738303,False,False,False,False
ENSG00000141560,FN3KRP,6,9,decreasing,0.0023660917052093,False,False,False,False
ENSG00000163946,TASOR,6,17,decreasing,-0.0003401195134388,False,False,False,False
ENSG00000166398,KIAA0355,6,24,decreasing,-0.0045146290959852,False,False,False,False
ENSG00000169249,ZRSR2,6,16,decreasing,0.008373869156953,True,True,False,False
ENSG00000172602,RND1,6,15,decreasing,-0.0006391864220962,False,False,False,False
ENSG00000143771,CNIH4,6,21,decreasing,0.0036961652524555,False,False,False,False
ENSG00000255432,AP001458.2,6,19,decreasing,-0.018103208638678,False,False,False,False
ENSG00000145781,COMMD10,6,19,decreasing,-0.0046850285207325,False,False,False,False
ENSG00000156735,BAG4,6,15,increasing,0.0061718637536666,False,False,False,False
ENSG00000142347,MYO1F,6,16,decreasing,-0.0080270851387541,False,False,False,False
ENSG00000143167,GPA33,6,19,decreasing,-0.0043372247131743,False,False,False,False
ENSG00000144199,FAHD2B,6,14,decreasing,-0.0101482316347954,False,False,False,False
ENSG00000145491,ROPN1L,6,14,decreasing,-0.008234113768242,False,False,False,False
ENSG00000147862,NFIB,6,17,decreasing,-0.0011444998805056,True,False,False,False
ENSG00000150457,LATS2,6,24,decreasing,-0.007769178141723,True,True,False,True
ENSG00000155530,LRGUK,6,14,decreasing,-0.0085587803848349,False,False,False,False
ENSG00000156869,FRRS1,6,14,decreasing,-0.0046210750794985,False,False,False,False
ENSG00000141219,C17orf80,6,14,decreasing,0.0022704292503669,False,False,False,False
ENSG00000157423,HYDIN,6,19,decreasing,-0.0048219401174816,False,False,False,False
ENSG00000160193,WDR4,6,14,decreasing,-0.012669840790789,False,False,False,False
ENSG00000161551,ZNF577,6,14,decreasing,-0.0008421036658756,False,False,False,False
ENSG00000162599,NFIA,6,17,decreasing,-0.0070646759317649,False,False,False,False
ENSG00000162645,GBP2,6,22,decreasing,-0.0022596718618354,False,False,False,False
ENSG00000163154,TNFAIP8L2,6,15,decreasing,-0.002731493342326,False,False,False,False
ENSG00000163312,HELQ,6,16,decreasing,-0.0037515404583364,False,False,False,False
ENSG00000141371,C17orf64,6,14,decreasing,0.0449917726444563,False,False,False,False
ENSG00000138061,CYP1B1,6,15,decreasing,-0.0610117544535989,False,False,False,False
ENSG00000163697,APBB2,6,16,decreasing,-0.0028340613709263,False,False,False,False
ENSG00000111817,DSE,6,23,decreasing,-0.0630618257164029,False,False,False,False
ENSG00000073584,SMARCE1,6,24,decreasing,-0.0036675155495137,True,True,False,False
ENSG00000100504,PYGL,6,21,decreasing,0.0002010394290909,False,False,False,False
ENSG00000102125,TAZ,6,15,decreasing,0.0013975429073291,False,False,False,False
ENSG00000103037,SETD6,6,18,decreasing,-0.0044845181570388,False,True,False,False
ENSG00000104133,SPG11,6,19,decreasing,0.0260660479861995,False,False,False,False
ENSG00000104783,KCNN4,6,19,decreasing,-0.0031048282774515,False,False,False,False
ENSG00000110318,CEP126,6,20,decreasing,-0.0081575926584094,False,False,False,False
ENSG00000112146,FBXO9,6,16,decreasing,-0.0067641923575191,False,False,False,False
ENSG00000137959,IFI44L,6,15,decreasing,-0.015330236352676,False,False,False,False
ENSG00000116885,OSCP1,6,19,decreasing,-0.0069133749140005,False,False,False,False
ENSG00000116991,SIPA1L2,6,16,decreasing,-0.0046865041630274,False,False,False,False
ENSG00000119705,SLIRP,6,21,decreasing,-0.0086492740847966,False,False,False,False
ENSG00000122122,SASH3,6,14,decreasing,-0.0047669576239827,False,False,False,False
ENSG00000122435,TRMT13,6,16,decreasing,-0.0114309454611647,False,False,False,False
ENSG00000124942,AHNAK,6,22,decreasing,-0.0031341410671526,False,False,False,False
ENSG00000131943,C19orf12,6,15,decreasing,-0.038270364356734,False,False,False,False
ENSG00000163655,GMPS,6,15,decreasing,-0.002393234309337,False,False,False,False
ENSG00000164054,SHISA5,6,14,decreasing,-0.0058402541141641,False,False,False,False
ENSG00000050438,SLC4A8,6,19,decreasing,-0.0033587998842549,False,False,False,False
ENSG00000137831,UACA,6,14,decreasing,-0.0122743518481397,False,False,False,False
ENSG00000215375,MYL5,6,14,decreasing,-0.0046038430660037,False,False,False,False
ENSG00000182247,UBE2E2,6,24,decreasing,-0.0063888250851392,False,False,False,False
ENSG00000256349,AP002748.5,6,16,decreasing,-0.0160601562303897,False,False,False,False
ENSG00000273003,ARL2-SNX15,6,18,decreasing,-0.0793471448795225,False,False,False,False
ENSG00000006007,GDE1,6,15,decreasing,-0.0020326465707966,False,False,False,False
ENSG00000100714,MTHFD1,6,15,decreasing,-0.0103988245402011,False,False,False,False
ENSG00000057294,PKP2,6,20,decreasing,-0.0074618027662285,False,False,False,False
ENSG00000184500,PROS1,6,15,decreasing,-0.0048759029959275,False,False,False,False
ENSG00000198842,DUSP27,6,14,decreasing,-0.0032245645462799,False,False,False,False
ENSG00000133315,MACROD1,6,16,decreasing,-0.002843837867,False,False,False,False
ENSG00000163399,ATP1A1,6,18,decreasing,-0.0008615195719979,True,True,False,False
ENSG00000114956,DGUOK,6,14,decreasing,-0.0006056576439948,False,False,False,False
ENSG00000129595,EPB41L4A,6,16,decreasing,-0.0028112062878768,False,False,False,False
ENSG00000169926,KLF13,6,15,decreasing,-0.0205683858358594,False,False,False,False
ENSG00000171611,PTCRA,6,19,decreasing,-0.0348447300631457,False,False,False,False
ENSG00000205302,SNX2,6,22,decreasing,-0.0076103055479372,False,False,False,False
ENSG00000203747,FCGR3A,6,14,decreasing,-0.0040026266420567,False,False,False,False
ENSG00000198176,TFDP1,6,17,decreasing,-0.0050996794222541,False,False,False,False
ENSG00000164654,MIOS,6,17,decreasing,0.0010193901658226,False,False,False,False
ENSG00000173852,DPY19L1,6,16,decreasing,0.0039747397082044,False,False,False,False
ENSG00000165185,KIAA1958,6,20,decreasing,-0.0003606020313449,False,False,False,False
ENSG00000166260,COX11,6,15,decreasing,-0.0011788731103464,False,False,False,False
ENSG00000168067,MAP4K2,6,15,decreasing,-0.0046805040461628,False,False,False,False
ENSG00000169762,TAPT1,6,17,decreasing,0.0100955837974624,False,False,False,False
ENSG00000170190,SLC16A5,6,16,decreasing,-0.0025293909732407,False,False,False,False
ENSG00000171105,INSR,6,17,decreasing,-0.0065803049255425,False,True,True,False
ENSG00000171840,NINJ2,6,14,decreasing,-0.0042488755573127,False,False,False,False
ENSG00000176454,LPCAT4,6,14,decreasing,-0.003004927039155,False,False,False,False
ENSG00000197852,INKA2,6,18,decreasing,-0.0019237463685111,False,False,False,False
ENSG00000178295,GEN1,6,14,decreasing,-0.0133427904475173,False,True,False,False
ENSG00000179104,TMTC2,6,18,decreasing,-0.0027908528382167,False,False,False,False
ENSG00000180871,CXCR2,6,14,decreasing,-0.0031131863562356,False,False,False,False
ENSG00000182552,RWDD4,6,19,decreasing,-0.0132931515802645,False,False,False,False
ENSG00000186973,FAM183A,6,15,decreasing,-0.0084352464369357,False,False,False,False
ENSG00000187037,GPR141,6,16,decreasing,-0.0055159709046324,False,False,False,False
ENSG00000196535,MYO18A,6,14,decreasing,-0.0022794020257804,False,False,False,False
ENSG00000054282,SDCCAG8,6,23,decreasing,-0.0186051239824988,False,False,False,False
ENSG00000049541,RFC2,6,14,decreasing,0.0015369133371848,False,False,False,False
ENSG00000145860,RNF145,6,17,decreasing,5.090201021016686e-05,False,False,False,False
ENSG00000234545,FAM133B,6,19,increasing,0.0017865663984796,False,False,False,False
ENSG00000182362,YBEY,6,15,decreasing,-0.0006815252169646,False,False,False,False
ENSG00000186716,BCR,6,19,increasing,0.0319350997898082,True,True,True,False
ENSG00000187098,MITF,6,23,decreasing,-0.0035110892289622,True,True,True,False
ENSG00000196352,CD55,6,22,decreasing,-0.0198283524009866,False,False,False,False
ENSG00000196862,RGPD4,6,23,decreasing,-0.0061733379177618,False,False,False,False
ENSG00000213585,VDAC1,6,18,decreasing,-0.0021971986868931,False,False,False,False
ENSG00000231887,PRH1,6,24,increasing,0.007952106639265,False,False,False,False
ENSG00000269313,MAGIX,6,19,decreasing,-0.0198643548469877,False,False,False,False
ENSG00000176049,JAKMIP2,6,19,decreasing,-0.00257511003989,False,False,False,False
ENSG00000179134,SAMD4B,6,10,decreasing,-0.0044929081595872,False,False,False,False
ENSG00000196505,GDAP2,6,21,decreasing,-0.0018569840455135,False,False,False,False
ENSG00000054277,OPN3,6,18,decreasing,-0.0137796012999622,False,False,False,False
ENSG00000055163,CYFIP2,6,23,decreasing,-0.0105734374567462,False,False,False,False
ENSG00000070367,EXOC5,6,21,decreasing,-0.0004460021642718,False,False,False,False
ENSG00000074054,CLASP1,6,21,decreasing,-0.000122759592061,False,False,False,False
ENSG00000075131,TIPIN,6,20,decreasing,-0.0086590967551177,False,False,False,False
ENSG00000177200,CHD9,6,10,decreasing,-0.0001408878036402,False,False,False,False
ENSG00000173681,BCLAF3,6,17,decreasing,-0.0050507479649607,False,False,False,False
ENSG00000107282,APBA1,6,14,decreasing,-0.0002578330187745,False,False,False,False
ENSG00000153789,FAM92B,6,20,decreasing,-0.0058239006797045,False,False,False,False
ENSG00000147251,DOCK11,6,23,decreasing,-0.0039252378443487,False,False,False,False
ENSG00000147533,GOLGA7,6,14,decreasing,-0.007772397243338,False,False,False,False
ENSG00000148429,USP6NL,6,19,decreasing,0.0001770001274984,False,False,False,False
ENSG00000148842,CNNM2,6,22,decreasing,-0.0026667236924821,False,False,False,False
ENSG00000149262,INTS4,6,22,decreasing,0.0833669294969502,False,False,False,False
ENSG00000150753,CCT5,6,16,decreasing,0.0012605443264715,False,False,False,False
ENSG00000150995,ITPR1,6,24,decreasing,-0.0124427359940889,False,False,False,False
ENSG00000154310,TNIK,6,24,decreasing,-0.0003676691449539,False,False,False,False
ENSG00000172795,DCP2,6,16,decreasing,-0.0132581743676321,False,False,False,False
ENSG00000156471,PTDSS1,6,23,decreasing,-0.004880495824165,False,False,False,False
ENSG00000162104,ADCY9,6,18,decreasing,0.0068920443574769,False,False,False,False
ENSG00000166348,USP54,6,16,decreasing,-0.0141078513861245,False,False,False,False
ENSG00000166710,B2M,6,16,decreasing,-0.0020892234920258,True,True,False,True
ENSG00000166801,FAM111A,6,19,increasing,0.0233678000627549,False,False,False,False
ENSG00000168679,SLC16A4,6,20,decreasing,0.006757093355055,False,False,False,False
ENSG00000171608,PIK3CD,6,17,decreasing,-0.001456807833007,False,True,True,False
ENSG00000100596,SPTLC2,6,22,decreasing,-0.0054675917247417,False,False,False,False
ENSG00000111846,GCNT2,6,17,decreasing,-0.0098421824570057,False,False,False,False
ENSG00000048540,LMO3,6,16,decreasing,0.0036505937913667,False,False,False,False
ENSG00000197808,ZNF461,6,16,decreasing,-0.0024708569070575,False,False,False,False
ENSG00000166046,TCP11L2,6,15,decreasing,-0.0008619466133412,False,False,False,False
ENSG00000172765,TMCC1,6,19,decreasing,-0.0033865990795297,False,False,False,False
ENSG00000175782,SLC35E3,6,16,decreasing,-0.0038310134203161,False,False,False,False
ENSG00000185088,RPS27L,6,22,decreasing,0.0026030700719194,False,False,False,False
ENSG00000186532,SMYD4,6,15,decreasing,-0.0072595751572856,False,False,False,False
ENSG00000187189,TSPYL4,6,14,decreasing,-0.0051613554868192,False,False,False,False
ENSG00000196262,PPIA,6,16,decreasing,-0.002267735381574,False,False,False,False
ENSG00000206538,VGLL3,6,14,decreasing,-0.0027424805758311,False,False,False,False
ENSG00000165671,NSD1,6,17,decreasing,-0.0063965347273178,True,True,False,True
ENSG00000196511,TPK1,6,24,decreasing,0.0019089706887534,False,False,False,False
ENSG00000249967,AL355315.1,6,21,decreasing,-0.0036583589267585,False,False,False,False
ENSG00000040199,PHLPP2,6,21,decreasing,-0.0054480340900755,False,True,False,True
ENSG00000260007,AC107871.1,6,21,decreasing,-0.0023381476762433,False,False,False,False
ENSG00000012232,EXTL3,6,14,decreasing,-0.0018464064654785,False,False,False,False
ENSG00000012983,MAP4K5,6,22,decreasing,-0.0038072391497474,False,False,False,False
ENSG00000023697,DERA,6,15,decreasing,-0.0189487636314539,False,False,False,False
ENSG00000165914,TTC7B,6,19,decreasing,-0.0019871219476333,False,False,False,False
ENSG00000165097,KDM1B,6,19,decreasing,-0.0028966549168713,False,False,False,False
ENSG00000124882,EREG,6,18,decreasing,-0.0049426272024908,False,False,False,False
ENSG00000140950,MEAK7,6,15,decreasing,-0.0028068479942984,False,False,False,False
ENSG00000125089,SH3TC1,6,16,decreasing,-0.0065281677776963,False,False,False,False
ENSG00000130717,UCK1,6,14,decreasing,-0.0020537367215194,False,False,False,False
ENSG00000131469,RPL27,6,16,decreasing,-0.0067727034010021,False,False,False,False
ENSG00000133246,PRAM1,6,15,decreasing,-0.0025551606640445,False,False,False,False
ENSG00000136045,PWP1,6,16,decreasing,-0.007136615041103,False,False,False,False
ENSG00000137040,RANBP6,6,15,decreasing,-0.0028377595153552,False,False,False,False
ENSG00000138646,HERC5,6,14,decreasing,-0.0113600051952162,False,False,False,False
ENSG00000144218,AFF3,6,17,decreasing,-0.0010465678619463,True,False,False,False
ENSG00000164244,PRRC1,6,17,decreasing,-0.0019930109499771,False,False,False,False
ENSG00000147133,TAF1,6,16,decreasing,-0.0027260949531344,False,True,True,False
ENSG00000149573,MPZL2,6,14,decreasing,-0.0040907856619501,False,False,False,False
ENSG00000149930,TAOK2,6,16,decreasing,-0.003747981600258,False,False,False,False
ENSG00000151503,NCAPD3,6,14,decreasing,0.0014637958329647,False,False,False,False
ENSG00000157349,DDX19B,6,16,decreasing,-0.0003726229128351,False,False,False,False
ENSG00000157450,RNF111,6,19,decreasing,-0.006460571533215,False,False,False,False
ENSG00000160208,RRP1B,6,15,decreasing,-0.003263312126846,False,False,False,False
ENSG00000183049,CAMK1D,6,24,decreasing,-0.0029648022374163,False,False,False,False
ENSG00000197362,ZNF786,6,16,decreasing,0.0034625496503045,False,False,False,False
ENSG00000182149,IST1,6,22,increasing,0.0088279606140971,False,False,False,False
ENSG00000265241,RBM8A,6,17,decreasing,0.0059721999894968,False,False,False,False
ENSG00000166226,CCT2,6,20,decreasing,-0.0033485410543932,False,True,False,False
ENSG00000166986,MARS1,6,18,decreasing,-0.003307043745116,False,False,False,False
ENSG00000171055,FEZ2,6,21,increasing,0.0036062241578614,False,False,False,False
ENSG00000172530,BANP,6,24,decreasing,0.002112155014704,False,False,False,False
ENSG00000174165,ZDHHC24,6,17,decreasing,-0.0074786693543833,False,False,False,False
ENSG00000180376,CCDC66,6,19,decreasing,-0.0047331981846436,False,False,False,False
ENSG00000181827,RFX7,6,23,decreasing,7.425154240535002e-05,False,False,False,False
ENSG00000182158,CREB3L2,6,20,increasing,0.0081541118822366,True,True,False,False
ENSG00000182162,P2RY8,6,23,decreasing,-0.0444843646999436,True,True,False,True
ENSG00000183621,ZNF438,6,23,increasing,0.0081269326283504,False,False,False,False
ENSG00000184575,XPOT,6,16,increasing,0.0081637441218172,False,False,False,False
ENSG00000187079,TEAD1,6,22,decreasing,0.0020704208141011,False,False,False,False
ENSG00000196083,IL1RAP,6,22,decreasing,-0.0049557735023751,False,False,False,False
ENSG00000198815,FOXJ3,6,24,increasing,0.0013539088084107,False,False,False,False
ENSG00000203780,FANK1,6,21,decreasing,-0.037838902702918,False,False,False,False
ENSG00000204120,GIGYF2,6,19,decreasing,0.0002261122324788,False,False,False,False
ENSG00000231500,RPS18,6,16,increasing,0.0055826674142925,False,False,False,False
ENSG00000164830,OXR1,6,19,decreasing,0.0118617087570232,False,False,False,False
ENSG00000163104,SMARCAD1,6,16,decreasing,-0.0059074447688675,False,False,False,False
ENSG00000162972,MAIP1,6,17,decreasing,-0.0082745057201759,False,False,False,False
ENSG00000144674,GOLGA4,6,24,decreasing,-0.0014575479542249,False,False,False,False
ENSG00000117528,ABCD3,6,9,increasing,0.0205412176606268,False,False,False,False
ENSG00000124226,RNF114,6,10,decreasing,-0.017875498116652,False,False,False,False
ENSG00000126522,ASL,6,9,increasing,0.0155327079793663,False,False,False,False
ENSG00000130177,CDC16,6,16,decreasing,-0.0051027551150569,False,False,False,False
ENSG00000136280,CCM2,6,21,decreasing,0.0176381065493182,False,False,False,False
ENSG00000136485,DCAF7,6,24,increasing,0.0177817337312906,False,False,False,False
ENSG00000137713,PPP2R1B,6,22,decreasing,0.0151247134274465,False,False,False,False
ENSG00000145604,SKP2,6,19,decreasing,-0.0014537438845877,False,False,False,False
ENSG00000162869,PPP1R21,6,22,decreasing,-0.0100493121803294,False,False,False,False
ENSG00000147439,BIN3,6,18,increasing,0.0143221553977228,False,False,False,False
ENSG00000148187,MRRF,6,22,decreasing,-0.0037901267087906,False,False,False,False
ENSG00000149100,EIF3M,6,22,decreasing,-0.0521862990327637,False,False,False,False
ENSG00000150782,IL18,6,21,decreasing,-0.0404658861327727,False,False,False,False
ENSG00000151923,TIAL1,6,16,increasing,0.0046486479570144,False,False,False,False
ENSG00000154511,DIPK1A,6,24,decreasing,-0.0134240665197852,False,False,False,False
ENSG00000155621,C9orf85,6,24,decreasing,-0.011544120362027,False,False,False,False
ENSG00000265972,TXNIP,6,19,increasing,0.0034162372603188,False,False,False,False
ENSG00000285329,AC025283.2,6,19,decreasing,0.0014087486888187,False,False,False,False
ENSG00000288208,AL451136.1,6,24,decreasing,0.0780135576341838,False,False,False,False
ENSG00000166228,PCBD1,6,18,decreasing,-0.0106387806284847,False,False,False,False
ENSG00000138398,PPIG,6,22,decreasing,-0.0004103230637375,False,False,False,False
ENSG00000139722,VPS37B,6,18,decreasing,-0.0021661403218529,False,False,False,False
ENSG00000150712,MTMR12,6,19,decreasing,-0.0024864530516836,False,False,False,False
ENSG00000152223,EPG5,6,24,decreasing,-0.0006252795400659,False,False,False,False
ENSG00000156011,PSD3,6,23,decreasing,-0.0041333841850475,False,False,False,False
ENSG00000156299,TIAM1,6,19,decreasing,0.0003008396013535,False,False,False,False
ENSG00000165029,ABCA1,6,24,decreasing,-0.028119269865021,False,False,False,False
ENSG00000166435,XRRA1,6,18,decreasing,-0.0074845115465901,False,False,False,False
ENSG00000131981,LGALS3,6,17,decreasing,0.0247417837899857,False,False,False,False
ENSG00000167004,PDIA3,6,24,decreasing,-0.0036635251541029,False,False,False,False
ENSG00000170606,HSPA4,6,23,increasing,0.0189815138697629,False,False,False,False
ENSG00000183735,TBK1,6,23,decreasing,-0.0097333142548652,False,False,False,False
ENSG00000185033,SEMA4B,6,10,decreasing,0.0038688154753928,False,False,False,False
ENSG00000196305,IARS1,6,18,decreasing,-0.0029481212802339,False,False,False,False
ENSG00000197756,RPL37A,6,17,decreasing,0.0310754079617193,False,False,False,False
ENSG00000213015,ZNF580,6,22,decreasing,0.0032024380962525,False,False,False,False
ENSG00000137074,APTX,6,18,decreasing,-0.0024733030397049,False,False,False,False
ENSG00000131381,RBSN,6,18,decreasing,0.0081289170930504,False,False,False,False
ENSG00000026508,CD44,6,24,increasing,0.0147141184918787,False,False,False,False
ENSG00000105953,OGDH,6,24,decreasing,-0.0072302980212078,False,False,False,False
ENSG00000069966,GNB5,6,18,decreasing,-0.0106465916323686,False,False,False,False
ENSG00000074842,MYDGF,6,17,increasing,0.0047979714469949,False,False,False,False
ENSG00000091490,SEL1L3,6,19,decreasing,-0.0041243165287281,False,False,False,False
ENSG00000095794,CREM,6,23,increasing,0.005695991510431,False,True,False,False
ENSG00000101695,RNF125,6,24,decreasing,-0.0033186982650586,False,False,False,False
ENSG00000101849,TBL1X,6,24,decreasing,-0.0118811222502816,False,False,False,False
ENSG00000101966,XIAP,6,9,decreasing,0.0030323406594904,False,True,True,False
ENSG00000106799,TGFBR1,6,18,decreasing,-0.0168917418552185,False,True,False,True
ENSG00000127081,ZNF484,6,16,decreasing,-0.0025940306927251,False,False,False,False
ENSG00000107738,VSIR,6,23,decreasing,-0.0012500143961636,False,False,False,False
ENSG00000110721,CHKA,6,24,decreasing,-0.0018922096725105,False,False,False,False
ENSG00000112584,FAM120B,6,18,decreasing,-9.409338774115024e-05,False,False,False,False
ENSG00000113649,TCERG1,6,19,decreasing,-0.0045267409013884,False,False,False,False
ENSG00000116874,WARS2,6,21,decreasing,0.0038940007818784,False,False,False,False
ENSG00000122678,POLM,6,17,decreasing,0.000571408567237,False,False,False,False
ENSG00000124214,STAU1,6,22,decreasing,-0.0104700281758153,False,False,False,False
ENSG00000116793,PHTF1,6,24,decreasing,0.014627565020046,False,False,False,False
ENSG00000113448,PDE4D,6,19,decreasing,-0.0569034530965681,False,False,False,False
ENSG00000110172,CHORDC1,6,10,increasing,0.016805573517342,False,False,False,False
ENSG00000047457,CP,6,18,decreasing,-0.0023464884831251,False,False,False,False
ENSG00000160179,ABCG1,6,24,decreasing,-0.0064255708273248,False,False,False,False
ENSG00000166024,R3HCC1L,6,21,decreasing,0.0043677251413276,False,False,False,False
ENSG00000181852,RNF41,6,18,decreasing,-0.010161699781551,False,False,False,False
ENSG00000184220,CMSS1,6,10,decreasing,-0.0015151228681416,False,False,False,False
ENSG00000187735,TCEA1,6,19,decreasing,-0.0039643047873972,True,False,False,False
ENSG00000188559,RALGAPA2,6,24,decreasing,-0.0287230033422696,False,False,False,False
ENSG00000039523,RIPOR1,6,14,decreasing,-0.0024256374773089,False,False,False,False
ENSG00000057935,MTA3,6,16,decreasing,-0.0143347381971448,False,False,False,False
ENSG00000149823,VPS51,6,23,decreasing,-0.0372127149370655,False,False,False,False
ENSG00000075407,ZNF37A,6,18,decreasing,-0.0025891382010075,False,False,False,False
ENSG00000079999,KEAP1,6,15,increasing,0.0143820606768719,True,True,False,True
ENSG00000089289,IGBP1,6,19,decreasing,-0.0132536125213279,False,False,False,False
ENSG00000100811,YY1,6,23,increasing,0.0020430673401415,False,True,True,False
ENSG00000110958,PTGES3,6,9,decreasing,0.0026185583019416,False,False,False,False
ENSG00000116497,S100PBP,6,18,decreasing,0.0043767226056759,False,False,False,False
ENSG00000130311,DDA1,6,16,decreasing,-0.0054313533064735,False,False,False,False
ENSG00000155324,GRAMD2B,6,17,increasing,0.0117030450964545,False,False,False,False
ENSG00000148840,PPRC1,6,18,increasing,-0.0028978733833899,False,False,False,False
ENSG00000135842,NIBAN1,6,24,decreasing,-0.0021354249230995,False,False,False,False
ENSG00000100764,PSMC1,6,21,decreasing,0.006028547733577,False,False,False,False
ENSG00000001629,ANKIB1,6,24,decreasing,0.0014551056800643,False,False,False,False
ENSG00000009780,FAM76A,6,18,decreasing,-0.0053265881163221,False,False,False,False
ENSG00000028116,VRK2,6,24,decreasing,0.0070575285408521,False,False,False,False
ENSG00000060237,WNK1,6,24,decreasing,-0.056006314678391,False,False,False,False
ENSG00000067606,PRKCZ,6,18,decreasing,-0.0052173511900737,False,False,False,False
ENSG00000075292,ZNF638,6,19,decreasing,0.0013733234053406,False,False,False,False
ENSG00000093010,COMT,6,23,decreasing,-0.0028089295095563,False,False,False,False
ENSG00000104205,SGK3,6,23,decreasing,-0.009439746193068,False,False,False,False
ENSG00000144909,OSBPL11,6,24,decreasing,-0.0118275844116436,False,False,False,False
ENSG00000106723,SPIN1,6,21,decreasing,-0.0173625605065021,False,False,False,False
ENSG00000110696,C11orf58,6,9,decreasing,-0.0024557233832389,False,False,False,False
ENSG00000181625,SLX1B,6,10,increasing,0.0039764507996863,False,False,False,False
ENSG00000130779,CLIP1,6,24,decreasing,0.0035775351825841,True,True,True,False
ENSG00000136810,TXN,6,10,decreasing,0.000234670423116,False,False,False,False
ENSG00000141551,CSNK1D,6,22,decreasing,-0.0069635360328834,False,False,False,False
ENSG00000144136,SLC20A1,6,23,decreasing,-0.0006250194683443,False,False,False,False
ENSG00000134996,OSTF1,6,24,decreasing,-0.0050411335348864,False,False,False,False
ENSG00000140471,LINS1,6,23,decreasing,-0.0035291312032987,False,False,False,False
ENSG00000104957,CCDC130,6,20,decreasing,0.004068315257476,False,False,False,False
ENSG00000023318,ERP44,6,10,increasing,0.0428675138717884,False,False,False,False
ENSG00000107021,TBC1D13,6,14,decreasing,-0.0016831547529255,False,False,False,False
ENSG00000126067,PSMB2,6,7,decreasing,-0.0213441710486507,False,True,True,False
ENSG00000166224,SGPL1,6,22,decreasing,-0.0049832553744912,False,False,False,False
ENSG00000166912,MTMR10,6,18,decreasing,-0.0047348045887508,False,False,False,False
ENSG00000167633,KIR3DL1,6,15,decreasing,-0.0026252028823555,False,False,False,False
ENSG00000169239,CA5B,6,24,decreasing,-0.0058296304860579,False,False,False,False
ENSG00000175866,BAIAP2,6,8,decreasing,-0.0677088211786695,False,False,False,False
ENSG00000068024,HDAC4,6,22,decreasing,-0.0229128578754142,False,True,False,False
ENSG00000104408,EIF3E,6,10,increasing,0.0025961211088944,True,True,False,False
ENSG00000070831,CDC42,6,23,decreasing,-0.0048294833191449,False,True,True,False
ENSG00000080608,PUM3,6,10,decreasing,-0.0240690431009724,False,False,False,False
ENSG00000091039,OSBPL8,6,23,decreasing,0.0075619093519331,False,False,False,False
ENSG00000100084,HIRA,6,23,decreasing,-0.0433251018785456,False,True,False,True
ENSG00000101096,NFATC2,6,8,increasing,0.0209175922783209,True,True,False,False
ENSG00000101752,MIB1,6,23,decreasing,-0.0075978730325042,False,False,False,False
ENSG00000103260,METRN,6,16,decreasing,0.0021206260297032,False,False,False,False
ENSG00000106397,PLOD3,6,9,decreasing,-0.0039710844989815,False,False,False,False
ENSG00000100523,DDHD1,6,22,decreasing,-0.0008386756011405,False,False,False,False
ENSG00000145833,DDX46,6,24,decreasing,-0.0032324364103099,False,False,False,False
ENSG00000173065,FAM222B,6,24,decreasing,-0.0121055124072132,False,False,False,False
ENSG00000146414,SHPRH,6,21,decreasing,0.0200574259901236,False,False,False,False
ENSG00000148672,GLUD1,6,23,decreasing,-0.0029820765887452,False,False,False,False
ENSG00000160752,FDPS,6,19,decreasing,0.0181772375197279,False,False,False,False
ENSG00000162695,SLC30A7,6,10,decreasing,-0.0271042949050466,False,False,False,False
ENSG00000163320,CGGBP1,6,18,decreasing,0.0041017559026143,False,False,False,False
ENSG00000163389,POGLUT1,6,22,decreasing,-0.0013015101498639,False,False,False,False
ENSG00000167995,BEST1,6,9,decreasing,-0.0087690739533756,False,False,False,False
ENSG00000197226,TBC1D9B,6,18,decreasing,-0.003287103052612,False,False,False,False
ENSG00000073578,SDHA,6,9,decreasing,0.0125946351963445,True,True,False,True
ENSG00000205189,ZBTB10,6,19,increasing,0.0046091629122747,False,False,False,False
ENSG00000205208,C4orf46,6,8,decreasing,0.0013258697331176,False,False,False,False
ENSG00000211455,STK38L,6,19,decreasing,-0.0025285056319934,False,False,False,False
ENSG00000270647,TAF15,6,23,decreasing,-0.0091962666743482,True,False,False,False
ENSG00000284952,AC104472.3,6,9,decreasing,-0.01400580670511,False,False,False,False
ENSG00000009790,TRAF3IP3,6,19,decreasing,-0.0048573845757192,False,False,False,False
ENSG00000020577,SAMD4A,6,24,decreasing,-0.003616661906869,False,False,False,False
ENSG00000256206,AC018523.2,6,22,decreasing,0.0073528116047171,False,False,False,False
ENSG00000124541,RRP36,6,17,decreasing,-0.0119320410203076,False,False,False,False
ENSG00000171302,CANT1,6,8,decreasing,-0.0053041232313835,True,True,True,False
ENSG00000115271,GCA,6,16,decreasing,-0.0256613238030013,False,False,False,False
ENSG00000106948,AKNA,6,23,decreasing,-0.0073408883961223,False,False,False,False
ENSG00000107249,GLIS3,6,21,decreasing,-0.0061460650699534,False,False,False,False
ENSG00000109790,KLHL5,6,24,increasing,0.004020361240098,False,False,False,False
ENSG00000110880,CORO1C,6,22,decreasing,-0.0015474073327485,False,False,False,False
ENSG00000113558,SKP1,6,15,decreasing,-0.0071403731651205,False,False,False,False
ENSG00000115165,CYTIP,6,21,decreasing,0.0148776996269464,False,False,False,False
ENSG00000115232,ITGA4,6,19,decreasing,-0.0005108946208013,False,False,False,False
ENSG00000115414,FN1,6,18,decreasing,-0.0021023868064238,False,False,False,False
ENSG00000103194,USP10,6,20,decreasing,-0.0205600116186143,False,False,False,False
ENSG00000115825,PRKD3,6,24,decreasing,-0.0041251262975077,False,False,False,False
ENSG00000119844,AFTPH,6,18,decreasing,0.0134316436714491,False,False,False,False
ENSG00000119878,CRIPT,6,18,decreasing,-0.009623602937262,False,False,False,False
ENSG00000121671,CRY2,6,19,decreasing,0.0299350992522463,False,False,False,False
ENSG00000122565,CBX3,6,22,decreasing,-0.0011178379569996,False,False,False,False
ENSG00000128512,DOCK4,6,24,decreasing,0.0169420535456953,False,False,False,False
ENSG00000130254,SAFB2,6,19,decreasing,-0.0066976651376329,False,False,False,False
ENSG00000103657,HERC1,6,24,increasing,0.0561031356267311,False,False,False,False
ENSG00000102786,INTS6,6,24,decreasing,-0.0027756610787307,False,True,False,True
ENSG00000130813,SHFL,6,19,decreasing,-0.0072112771878044,False,False,False,False
ENSG00000040341,STAU2,6,24,decreasing,0.0454826724278476,False,False,False,False
ENSG00000197208,SLC22A4,6,17,decreasing,-0.0052299330253784,False,False,False,False
ENSG00000204172,AGAP9,6,17,decreasing,0.0004270756397954,False,False,False,False
ENSG00000276289,KCNE1B,6,15,decreasing,-0.0026623360301738,False,False,False,False
ENSG00000003400,CASP10,6,20,decreasing,0.014728322641978,False,False,False,False
ENSG00000011243,AKAP8L,6,20,increasing,0.037327947755218,False,False,False,False
ENSG00000012061,ERCC1,6,23,decreasing,0.0210345892421579,False,True,False,True
ENSG00000013441,CLK1,6,20,decreasing,0.0359180418757305,False,False,False,False
ENSG00000055332,EIF2AK2,6,22,increasing,0.0041249236931944,False,False,False,False
ENSG00000100997,ABHD12,6,24,decreasing,-0.0122562757955885,False,False,False,False
ENSG00000055917,PUM2,6,22,decreasing,-0.0044821708427887,False,False,False,False
ENSG00000064607,SUGP2,6,23,decreasing,-0.0110463951617741,False,False,False,False
ENSG00000078618,NRDC,6,10,decreasing,-0.0012348067960356,False,False,False,False
ENSG00000083844,ZNF264,6,17,decreasing,-0.0064282390159528,False,False,False,False
ENSG00000084093,REST,6,19,decreasing,0.0016950648221787,False,True,False,True
ENSG00000092036,HAUS4,6,19,decreasing,-0.0033558529472391,False,False,False,False
ENSG00000100354,TNRC6B,6,19,increasing,0.0061740590731177,False,False,False,False
ENSG00000130303,BST2,6,16,decreasing,0.0264552236442606,False,False,False,False
ENSG00000132485,ZRANB2,6,18,decreasing,0.0170562920101504,False,False,False,False
ENSG00000180776,ZDHHC20,6,22,decreasing,-0.000547658693612,False,False,False,False
ENSG00000168066,SF1,6,16,decreasing,-0.0123554223531135,False,False,False,False
ENSG00000155744,FAM126B,6,19,decreasing,-0.0045517411365103,False,False,False,False
ENSG00000158417,EIF5B,6,18,decreasing,-0.0008313332792713,False,False,False,False
ENSG00000161533,ACOX1,6,23,decreasing,0.0021549829985485,False,False,False,False
ENSG00000164134,NAA15,6,10,decreasing,0.0118498806006246,False,False,False,False
ENSG00000166037,CEP57,6,22,decreasing,0.0093669311095955,False,False,False,False
ENSG00000167258,CDK12,6,9,decreasing,-0.0021395653051119,True,True,False,True
ENSG00000168010,ATG16L2,6,17,decreasing,0.0001526052585892,False,False,False,False
ENSG00000168300,PCMTD1,6,24,decreasing,0.0147182312461519,False,False,False,False
ENSG00000152102,FAM168B,6,17,decreasing,0.0176926812340177,False,False,False,False
ENSG00000170242,USP47,6,24,decreasing,-0.004021223209738,False,False,False,False
ENSG00000171791,BCL2,6,24,decreasing,-0.0043234103433394,True,True,True,False
ENSG00000173530,TNFRSF10D,6,19,decreasing,-0.027679006066845,False,False,False,False
ENSG00000174501,ANKRD36C,6,16,decreasing,-0.0077897313822692,False,False,False,False
ENSG00000176953,NFATC2IP,6,23,decreasing,-0.0019315611882193,False,False,False,False
ENSG00000177885,GRB2,6,19,decreasing,-0.0052478065956139,False,False,False,False
ENSG00000204524,ZNF805,6,8,decreasing,-0.0747443058124063,False,False,False,False
ENSG00000155313,USP25,6,23,decreasing,-0.0187612861846669,False,False,False,False
ENSG00000151883,PARP8,6,24,increasing,0.0026849912305153,False,False,False,False
ENSG00000135334,AKIRIN2,6,18,decreasing,-0.004137333565269,False,False,False,False
ENSG00000138764,CCNG2,6,20,decreasing,0.0168097111649781,False,False,False,False
ENSG00000135679,MDM2,6,23,decreasing,9.51809283275172e-05,True,True,True,False
ENSG00000136536,MARCHF7,6,21,decreasing,0.0167377467026871,False,False,False,False
ENSG00000136813,ECPAS,6,19,decreasing,-0.004379629294797,False,False,False,False
ENSG00000136930,PSMB7,6,9,decreasing,-0.0085904423290652,False,False,False,False
ENSG00000137819,PAQR5,6,20,decreasing,0.0083150534304312,False,False,False,False
ENSG00000138162,TACC2,6,10,decreasing,0.0101055574128477,False,False,False,False
ENSG00000138378,STAT4,6,24,decreasing,-0.0023626198156169,False,True,True,False
ENSG00000139505,MTMR6,6,16,decreasing,-0.0018955911918019,False,False,False,False
ENSG00000151229,SLC2A13,6,19,decreasing,-0.0146891577080188,False,False,False,False
ENSG00000140718,FTO,6,24,decreasing,-0.0049607722799387,False,False,False,False
ENSG00000141068,KSR1,6,24,decreasing,0.0061787823761635,False,False,False,False
ENSG00000141429,GALNT1,6,10,decreasing,0.0592372226881214,False,False,False,False
ENSG00000147454,SLC25A37,6,10,decreasing,0.0011277429387685,False,False,False,False
ENSG00000148175,STOM,6,24,decreasing,0.0059231298942785,False,False,False,False
ENSG00000148356,LRSAM1,6,23,decreasing,-0.0102815534184273,False,False,False,False
ENSG00000148925,BTBD10,6,22,increasing,0.0105970977826912,False,False,False,False
ENSG00000185947,ZNF267,6,9,decreasing,-0.0005270599235496,False,False,False,False
ENSG00000172673,THEMIS,6,24,decreasing,-0.0036239789488994,False,False,False,False
ENSG00000175203,DCTN2,6,15,decreasing,-0.0034306725430223,False,False,False,False
ENSG00000141380,SS18,6,22,decreasing,-0.0043789175783403,True,True,True,False
ENSG00000165115,KIF27,6,21,decreasing,-0.0036471298857051,False,False,False,False
ENSG00000123595,RAB9A,6,10,decreasing,-0.029818019031565,False,False,False,False
ENSG00000125246,CLYBL,6,16,decreasing,-0.0032957292391007,False,False,False,False
ENSG00000128739,SNRPN,6,21,decreasing,-0.0070450176432045,False,False,False,False
ENSG00000129084,PSMA1,6,17,decreasing,-0.001037638359317,False,False,False,False
ENSG00000137692,DCUN1D5,6,9,decreasing,-0.015174285985117,False,False,False,False
ENSG00000138496,PARP9,6,18,decreasing,-0.0038060011644153,False,False,False,False
ENSG00000144746,ARL6IP5,6,17,decreasing,-0.0046038431868659,False,False,False,False
ENSG00000115295,CLIP4,6,22,decreasing,-0.0047541996966647,False,False,False,False
ENSG00000146376,ARHGAP18,6,24,decreasing,-0.0117154943829417,False,False,False,False
ENSG00000146574,CCZ1B,6,21,decreasing,-0.0038210737540589,False,False,False,False
ENSG00000151304,SRFBP1,6,8,decreasing,-0.0105979016033056,False,False,False,False
ENSG00000157600,TMEM164,6,24,decreasing,-0.0027459948018224,False,False,False,False
ENSG00000157837,SPPL3,6,21,decreasing,-0.0068441209318491,False,False,False,False
ENSG00000157911,PEX10,6,14,decreasing,-0.0113001611789765,False,False,False,False
ENSG00000159063,ALG8,6,16,increasing,0.0020589249705054,False,False,False,False
ENSG00000115594,IL1R1,6,9,decreasing,-0.0024249851970349,False,False,False,False
ENSG00000113300,CNOT6,6,19,decreasing,3.565332801735001e-05,False,False,False,False
ENSG00000164180,TMEM161B,6,18,decreasing,-0.0040082995644245,False,False,False,False
ENSG00000033178,UBA6,6,24,decreasing,-0.0074857568051597,False,False,False,False
ENSG00000005486,RHBDD2,6,19,decreasing,-0.0123725875135344,False,False,False,False
ENSG00000086015,MAST2,6,23,decreasing,-0.0055134248435695,False,False,False,False
ENSG00000204569,PPP1R10,6,9,decreasing,0.0022813272218801,False,False,False,False
ENSG00000132003,ZSWIM4,6,22,decreasing,0.0055731327447125,False,False,False,False
ENSG00000157445,CACNA2D3,6,17,decreasing,-0.0053397729303928,False,False,False,False
ENSG00000175073,VCPIP1,6,22,decreasing,-0.006027369235836,False,False,False,False
ENSG00000013725,CD6,6,9,decreasing,-0.009692936497686,False,False,False,False
ENSG00000039068,CDH1,6,10,decreasing,-0.0045448489965648,True,True,False,True
ENSG00000112531,QKI,6,24,decreasing,-0.0022563437921699,True,True,False,True
ENSG00000055044,NOP58,6,24,decreasing,0.066498344028153,False,False,False,False
ENSG00000059378,PARP12,6,22,decreasing,-0.006605093778812,False,False,False,False
ENSG00000072310,SREBF1,6,18,decreasing,-0.0078424000920509,False,False,False,False
ENSG00000089775,ZBTB25,6,21,decreasing,-0.0080621723485928,False,False,False,False
ENSG00000099290,WASHC2A,6,9,decreasing,-0.0040209542240457,False,False,False,False
ENSG00000102580,DNAJC3,6,10,increasing,0.0269339411133837,False,False,False,False
ENSG00000110047,EHD1,6,21,decreasing,-0.0077597646501998,False,False,False,False
ENSG00000160087,UBE2J2,6,10,increasing,0.0142766406462741,False,False,False,False
ENSG00000123358,NR4A1,6,8,decreasing,-0.002261973850967,False,False,False,False
ENSG00000164430,CGAS,6,23,decreasing,-0.0019888002122634,False,False,False,False
ENSG00000110422,HIPK3,6,24,decreasing,-0.0081636372437351,False,False,False,False
ENSG00000138688,KIAA1109,6,19,decreasing,-0.010650292413599,False,False,False,False
ENSG00000151150,ANK3,6,10,decreasing,-0.0065640115288488,False,False,False,False
ENSG00000167618,LAIR2,6,7,decreasing,-0.0187439586393684,False,False,False,False
ENSG00000172954,LCLAT1,6,17,decreasing,-0.0333884224078664,False,False,False,False
ENSG00000188846,RPL14,6,9,decreasing,-0.0177755583275836,False,False,False,False
ENSG00000072134,EPN2,6,17,decreasing,-0.0042827675845216,False,False,False,False
ENSG00000104998,IL27RA,6,17,decreasing,-0.0096434100927858,False,False,False,False
ENSG00000112306,RPS12,6,9,decreasing,-0.0021897042855682,False,False,False,False
ENSG00000134686,PHC2,6,22,decreasing,-0.0067080785232489,False,False,False,False
ENSG00000116273,PHF13,6,14,decreasing,-0.0033461630370797,False,False,False,False
ENSG00000125386,FAM193A,6,17,decreasing,0.0015201145782053,False,False,False,False
ENSG00000132002,DNAJB1,6,16,decreasing,-0.0039323171599661,True,True,False,False
ENSG00000132182,NUP210,6,17,decreasing,-0.001846964082701,False,False,False,False
ENSG00000138207,RBP4,6,14,decreasing,-0.0057896536651076,False,False,False,False
ENSG00000166411,IDH3A,6,19,decreasing,-0.0009657655018938,False,False,False,False
ENSG00000144029,MRPS5,6,22,decreasing,-0.0039658027395849,False,False,False,False
ENSG00000137801,THBS1,6,16,decreasing,-0.0047554225172813,False,False,False,False
ENSG00000141384,TAF4B,6,9,decreasing,0.0019228327412986,False,False,False,False
ENSG00000128923,MINDY2,6,9,decreasing,0.0005169935298097,False,False,False,False
ENSG00000204590,GNL1,6,10,decreasing,-0.0131915436912339,False,False,False,False
ENSG00000122741,DCAF10,6,21,decreasing,0.001601175986538,False,False,False,False
ENSG00000168310,IRF2,6,18,decreasing,-0.0099242077553718,False,True,False,True
ENSG00000173757,STAT5B,6,24,decreasing,-0.0058336231536457,True,True,True,False
ENSG00000178982,EIF3K,6,16,decreasing,-0.0017697200976275,False,False,False,False
ENSG00000182534,MXRA7,6,14,decreasing,-0.0015083639236812,False,False,False,False
ENSG00000184922,FMNL1,6,16,decreasing,-0.0112997351076012,False,False,False,False
ENSG00000196072,BLOC1S2,6,16,decreasing,-0.0015269748405827,False,False,False,False
ENSG00000167461,RAB8A,6,19,decreasing,-0.0303360994470853,False,False,False,False
ENSG00000213918,DNASE1,6,22,decreasing,0.0066870806396822,False,False,False,False
ENSG00000285932,AL133353.2,6,23,decreasing,-0.0056443558621766,False,False,False,False
ENSG00000001461,NIPAL3,6,10,decreasing,-0.0017672835558997,False,False,False,False
ENSG00000010017,RANBP9,6,10,decreasing,-0.0118846802968341,False,False,False,False
ENSG00000047644,WWC3,6,15,decreasing,-0.0021750413210345,False,False,False,False
ENSG00000275385,CCL18,6,19,decreasing,-0.0178370419774301,False,False,False,False
ENSG00000100650,SRSF5,6,8,decreasing,0.0025556923405202,False,False,False,False
ENSG00000185721,DRG1,5,20,decreasing,-0.0050560127750485,False,False,False,False
ENSG00000176986,SEC24C,5,18,decreasing,-0.0006406448479658,False,False,False,False
ENSG00000177051,FBXO46,5,16,decreasing,0.0073954983327,False,False,False,False
ENSG00000178301,AQP11,5,15,decreasing,-0.0043000634729528,False,False,False,False
ENSG00000183077,AFMID,5,16,decreasing,-0.0361895159230227,False,False,False,False
ENSG00000184588,PDE4B,5,10,decreasing,-0.0107970011017074,False,False,False,False
ENSG00000185215,TNFAIP2,5,8,decreasing,-0.0153692542071106,False,False,False,False
ENSG00000197142,ACSL5,5,21,decreasing,-0.0085313830490627,False,False,False,False
ENSG00000187609,EXD3,5,17,decreasing,-0.0054820299484559,False,False,False,False
ENSG00000196387,ZNF140,5,14,decreasing,-0.0251360015373226,False,False,False,False
ENSG00000197150,ABCB8,5,16,decreasing,0.0003001284327658,False,False,False,False
ENSG00000197217,ENTPD4,5,19,decreasing,-0.0081753915729316,False,False,False,False
ENSG00000197746,PSAP,5,9,decreasing,-0.0139921627890872,False,False,False,False
ENSG00000198089,SFI1,5,14,increasing,-2.341439482272008e-05,False,False,False,False
ENSG00000174842,GLMN,5,18,decreasing,-0.0067377821260697,False,False,False,False
ENSG00000198556,ZNF789,5,9,decreasing,-0.0030968142277469,False,False,False,False
ENSG00000175445,LPL,5,21,decreasing,-0.0039942475046988,False,False,False,False
ENSG00000166928,MS4A14,5,21,decreasing,-0.0090136432080151,False,False,False,False
ENSG00000172716,SLFN11,5,17,decreasing,-0.0032483211342918,False,True,False,True
ENSG00000164535,DAGLB,5,23,decreasing,-0.0021584777755587,False,False,False,False
ENSG00000159231,CBR3,5,17,decreasing,0.0088567955375711,False,False,False,False
ENSG00000159640,ACE,5,19,decreasing,-0.0039582114373745,False,False,False,False
ENSG00000162543,UBXN10,5,14,decreasing,-0.0020371756731159,False,False,False,False
ENSG00000162889,MAPKAPK2,5,15,decreasing,-0.0266515934144442,False,False,False,False
ENSG00000163328,GPR155,5,5,decreasing,-0.012756090388565,False,False,False,False
ENSG00000163380,LMOD3,5,5,decreasing,-0.0111845606835899,False,False,False,False
ENSG00000166326,TRIM44,5,22,decreasing,-0.0011181948568061,False,False,False,False
ENSG00000171962,DRC3,5,15,decreasing,-0.0024572199469132,False,False,False,False
ENSG00000166902,MRPL16,5,19,decreasing,-0.0070561788579728,False,False,False,False
ENSG00000169814,BTD,5,22,decreasing,5.720508389011943e-05,False,False,False,False
ENSG00000170365,SMAD1,5,17,decreasing,-0.003614937358247,False,False,False,False
ENSG00000170584,NUDCD2,5,22,decreasing,-0.0086632678150236,False,False,False,False
ENSG00000171408,PDE7B,5,18,decreasing,0.0004149819067294,False,False,False,False
ENSG00000171860,C3AR1,5,14,decreasing,-0.0050823198214579,False,False,False,False
ENSG00000204463,BAG6,5,18,decreasing,-0.0083224303468305,False,False,False,False
ENSG00000137601,NEK1,5,23,decreasing,-0.0037019089401175,False,False,False,False
ENSG00000259224,SLC35G6,5,16,decreasing,-0.0050144368350601,False,False,False,False
ENSG00000070614,NDST1,5,15,decreasing,-0.0037110174839017,False,False,False,False
ENSG00000085382,HACE1,5,15,decreasing,-0.0090331785341706,False,False,False,False
ENSG00000091073,DTX2,5,15,decreasing,-0.0139676721174875,False,False,False,False
ENSG00000103222,ABCC1,5,24,decreasing,-0.0009133289529229,False,False,False,False
ENSG00000103540,CCP110,5,16,decreasing,0.0006050600961206,False,False,False,False
ENSG00000104490,NCALD,5,18,decreasing,0.004916516635145,False,False,False,False
ENSG00000111615,KRR1,5,16,decreasing,-0.0022002977410837,False,False,False,False
ENSG00000115548,KDM3A,5,8,decreasing,-0.0066208262171946,False,False,False,False
ENSG00000120837,NFYB,5,14,decreasing,-0.003778357271414,False,False,False,False
ENSG00000121413,ZSCAN18,5,20,decreasing,-0.0031481852769849,False,False,False,False
ENSG00000121897,LIAS,5,15,decreasing,-0.0033466098895345,False,False,False,False
ENSG00000127995,CASD1,5,16,decreasing,-0.0062820797612808,False,False,False,False
ENSG00000133858,ZFC3H1,5,21,decreasing,-0.0021176174667692,False,False,False,False
ENSG00000136143,SUCLA2,5,17,increasing,0.004153028417753,False,False,False,False
ENSG00000157350,ST3GAL2,5,20,decreasing,-0.0024528658483098,False,False,False,False
ENSG00000143850,PLEKHA6,5,9,decreasing,-0.0097923707197464,False,False,False,False
ENSG00000081870,HSPB11,5,18,decreasing,-0.0055248397957544,False,False,False,False
ENSG00000067955,CBFB,5,22,decreasing,-0.002181086415797,True,True,False,True
ENSG00000278259,MYO19,5,17,decreasing,-0.0018821704558202,False,False,False,False
ENSG00000066044,ELAVL1,5,17,decreasing,-0.0040393225205555,False,False,False,False
ENSG00000286239,AC093884.1,5,22,decreasing,0.0050694657152707,False,False,False,False
ENSG00000074755,ZZEF1,5,9,decreasing,-0.0065004334484513,False,False,False,False
ENSG00000079215,SLC1A3,5,21,decreasing,-0.0019281026733893,False,False,False,False
ENSG00000102897,LYRM1,5,6,decreasing,0.001182570815189,False,False,False,False
ENSG00000107262,BAG1,5,6,decreasing,-0.0506375817462399,False,False,False,False
ENSG00000109472,CPE,5,6,decreasing,0.0076282482102353,False,False,False,False
ENSG00000115084,SLC35F5,5,8,decreasing,-0.0042858562995902,False,False,False,False
ENSG00000130935,NOL11,5,6,decreasing,-0.0036520780073029,False,False,False,False
ENSG00000153113,CAST,5,23,decreasing,-0.0019722371895172,False,False,False,False
ENSG00000168036,CTNNB1,5,7,decreasing,-0.0017366360566002,True,True,True,False
ENSG00000182718,ANXA2,5,10,decreasing,0.0010148650119145,False,False,False,False
ENSG00000283515,AC020915.5,5,7,decreasing,-0.0053248201496995,False,False,False,False
ENSG00000006016,CRLF1,5,15,decreasing,-0.0021484424986751,False,False,False,False
ENSG00000049239,H6PD,5,20,decreasing,-0.0037097690661398,False,False,False,False
ENSG00000063761,ADCK1,5,14,decreasing,0.0008943597458884,False,False,False,False
ENSG00000158158,CNNM4,5,22,decreasing,-0.0130378523731077,False,False,False,False
ENSG00000122507,BBS9,5,18,decreasing,0.0323566524485889,False,False,False,False
ENSG00000156802,ATAD2,5,5,decreasing,0.01505316518313,False,False,False,False
ENSG00000103356,EARS2,5,15,increasing,0.008704463559387,False,False,False,False
ENSG00000106080,FKBP14,5,20,decreasing,0.0004469541332041,False,False,False,False
ENSG00000108423,TUBD1,5,18,decreasing,-0.0135636130144674,False,False,False,False
ENSG00000108848,LUC7L3,5,10,decreasing,-0.0077244532595244,False,False,False,False
ENSG00000108932,SLC16A6,5,22,decreasing,-0.0092233317629296,False,False,False,False
ENSG00000109184,DCUN1D4,5,17,decreasing,-0.0023479041338342,False,False,False,False
ENSG00000109814,UGDH,5,10,increasing,0.0033262263212565,False,False,False,False
ENSG00000109911,ELP4,5,24,decreasing,0.0140862797703466,False,False,False,False
ENSG00000110066,KMT5B,5,19,decreasing,-0.0234583100918295,False,False,False,False
ENSG00000111911,HINT3,5,16,decreasing,-0.0111271380371023,False,False,False,False
ENSG00000114744,COMMD2,5,16,decreasing,0.0058008410995865,False,False,False,False
ENSG00000115561,CHMP3,5,23,decreasing,0.0135621317603873,False,False,False,False
ENSG00000116016,EPAS1,5,23,decreasing,0.0067986843728214,True,True,False,False
ENSG00000116830,TTF2,5,20,decreasing,-0.0039243459692982,False,False,False,False
ENSG00000119650,IFT43,5,16,decreasing,0.0026344548322015,False,False,False,False
ENSG00000120158,RCL1,5,23,decreasing,-0.0049404753631886,False,False,False,False
ENSG00000104412,EMC2,5,16,decreasing,-0.0011666072589777,False,False,False,False
ENSG00000102225,CDK16,5,17,decreasing,-0.0026241387872893,False,False,False,False
ENSG00000156049,GNA14,5,10,increasing,0.004726627316561,False,False,False,False
ENSG00000101974,ATP11C,5,20,decreasing,-0.0033463190460785,False,False,False,False
ENSG00000148655,LRMDA,5,24,decreasing,-0.0074409573341867,False,False,False,False
ENSG00000060762,MPC1,5,17,increasing,0.0087335046541352,False,False,False,False
ENSG00000064999,ANKS1A,5,24,decreasing,-0.0005878393749244,False,False,False,False
ENSG00000065150,IPO5,5,18,increasing,0.0016015169493643,False,False,False,False
ENSG00000072803,FBXW11,5,24,increasing,0.0056632921199057,False,False,False,False
ENSG00000074201,CLNS1A,5,16,increasing,-0.002550458316448,False,False,False,False
ENSG00000074356,NCBP3,5,18,decreasing,0.0001462391117279,False,False,False,False
ENSG00000076513,ANKRD13A,5,5,increasing,0.0290416794365006,False,False,False,False
ENSG00000089006,SNX5,5,17,decreasing,-0.0005395738045523,False,False,False,False
ENSG00000090661,CERS4,5,19,decreasing,-0.0002563573191875,False,False,False,False
ENSG00000096433,ITPR3,5,5,decreasing,-0.022264932670271,False,False,False,False
ENSG00000096717,SIRT1,5,5,decreasing,-0.0035729676762863,False,False,False,False
ENSG00000100330,MTMR3,5,23,decreasing,-0.0015712825764093,False,False,False,False
ENSG00000100601,ALKBH1,5,16,decreasing,-0.0031900744218256,False,False,False,False
ENSG00000100926,TM9SF1,5,20,decreasing,0.0062834530591704,False,False,False,False
ENSG00000120889,TNFRSF10B,5,19,increasing,0.0063818740333958,False,False,False,False
ENSG00000120992,LYPLA1,5,19,decreasing,-0.0290064356767644,False,False,False,False
ENSG00000124208,TMEM189-UBE2V1,5,24,decreasing,-0.0086598097471839,False,False,False,False
ENSG00000125630,POLR1B,5,14,decreasing,-0.0121791890991764,False,False,False,False
ENSG00000141446,ESCO1,5,18,decreasing,-0.0090745999545497,False,True,True,False
ENSG00000141562,NARF,5,10,decreasing,-0.0109340942838147,False,False,False,False
ENSG00000141664,ZCCHC2,5,19,decreasing,0.0007547895729815,False,False,False,False
ENSG00000142173,COL6A2,5,15,increasing,0.0079084897342277,False,False,False,False
ENSG00000143621,ILF2,5,21,decreasing,0.0041574056875358,False,False,False,False
ENSG00000144021,CIAO1,5,18,increasing,0.0657350853057084,False,False,False,False
ENSG00000145780,FEM1C,5,18,decreasing,-0.0133012775445601,False,False,False,False
ENSG00000146282,RARS2,5,24,decreasing,-0.0080155432017928,False,False,False,False
ENSG00000146648,EGFR,5,16,decreasing,0.0028770487856843,True,True,True,False
ENSG00000146676,PURB,5,16,decreasing,-0.0007320905239483,False,False,False,False
ENSG00000147601,TERF1,5,9,decreasing,-0.0048400600321376,False,False,False,False
ENSG00000148719,DNAJB12,5,18,decreasing,-0.0109725933030618,False,False,False,False
ENSG00000152926,ZNF117,5,20,increasing,-0.002842875007615,False,False,False,False
ENSG00000153015,CWC27,5,16,decreasing,-0.0025855367322199,False,False,False,False
ENSG00000154153,RETREG1,5,17,decreasing,-0.0031335892054222,False,False,False,False
ENSG00000141293,SKAP1,5,19,decreasing,-0.0092438166155121,False,False,False,False
ENSG00000141258,SGSM2,5,19,increasing,0.0022960234352953,False,False,False,False
ENSG00000140598,EFL1,5,22,increasing,0.0212187996209393,False,False,False,False
ENSG00000131788,PIAS3,5,15,increasing,0.0169822839182176,False,False,False,False
ENSG00000125746,EML2,5,5,decreasing,-0.0101377149646466,False,False,False,False
ENSG00000126391,FRMD8,5,5,decreasing,-0.0037228542297545,False,False,False,False
ENSG00000130559,CAMSAP1,5,18,decreasing,-0.0045752312316634,False,False,False,False
ENSG00000130818,ZNF426,5,15,decreasing,-0.0031633310740369,False,False,False,False
ENSG00000130939,UBE4B,5,17,decreasing,-0.0042254093525957,False,False,False,False
ENSG00000131100,ATP6V1E1,5,24,decreasing,-0.0087590674127889,False,False,False,False
ENSG00000134371,CDC73,5,21,decreasing,-0.0060795030117453,True,True,False,True
ENSG00000139629,GALNT6,5,10,decreasing,0.0021625154014852,False,False,False,False
ENSG00000135205,CCDC146,5,16,decreasing,-0.0025755422411285,False,False,False,False
ENSG00000136021,SCYL2,5,17,decreasing,0.0002988427530681,False,False,False,False
ENSG00000136631,VPS45,5,5,increasing,0.0342491998428062,False,False,False,False
ENSG00000137502,RAB30,5,15,decreasing,-0.0070482940752179,False,False,False,False
ENSG00000138448,ITGAV,5,5,decreasing,-0.0382646205374073,False,False,False,False
ENSG00000138757,G3BP2,5,24,decreasing,-0.0023814723913761,False,False,False,False
ENSG00000145012,LPP,5,24,decreasing,-0.0066428908619094,True,False,False,False
ENSG00000138758,SEPTIN11,5,22,decreasing,-0.0062870511908534,False,False,False,False
ENSG00000156017,CARNMT1,5,9,decreasing,-0.0019413343687339,False,False,False,False
ENSG00000169255,B3GALNT1,5,14,decreasing,-0.001628579746807,False,False,False,False
ENSG00000173546,CSPG4,5,14,decreasing,-0.0051508882444405,False,False,False,False
ENSG00000175354,PTPN2,5,10,decreasing,0.0010267873131923,False,True,False,True
ENSG00000176542,USF3,5,17,decreasing,-0.0046768960177808,False,False,False,False
ENSG00000179021,C3orf38,5,15,decreasing,-0.0024350049665214,False,False,False,False
ENSG00000179833,SERTAD2,5,16,decreasing,-0.0040464306833158,False,False,False,False
ENSG00000180354,MTURN,5,17,increasing,0.0014651213951109,False,False,False,False
ENSG00000181036,FCRL6,5,15,increasing,0.0104199518057275,False,False,False,False
ENSG00000183742,MACC1,5,23,decreasing,-3.743431179774308e-05,False,False,False,False
ENSG00000186188,FFAR4,5,14,decreasing,-0.0088880353893457,False,False,False,False
ENSG00000196209,SIRPB2,5,14,decreasing,-0.0022179503552993,False,False,False,False
ENSG00000196678,ERI2,5,10,decreasing,-0.0015909429955219,False,False,False,False
ENSG00000197860,SGTB,5,16,decreasing,-0.0041266250307231,False,False,False,False
ENSG00000198168,SVIP,5,14,decreasing,-0.0037788044211006,False,False,False,False
ENSG00000198189,HSD17B11,5,15,decreasing,-0.006128421274371,False,False,False,False
ENSG00000205464,ATP6AP1L,5,19,decreasing,-0.0038612808059069,False,False,False,False
ENSG00000171723,GPHN,5,24,decreasing,0.000848882991072,True,False,False,False
ENSG00000168675,LDLRAD4,5,24,decreasing,0.006422843499819,False,False,False,False
ENSG00000159314,ARHGAP27,5,14,decreasing,-0.0016306615341136,False,False,False,False
ENSG00000167196,FBXO22,5,19,decreasing,-0.0003241952301937,False,False,False,False
ENSG00000138592,USP8,5,24,decreasing,-0.0042914265587109,True,True,True,False
ENSG00000143751,SDE2,5,15,decreasing,-0.0026133552714358,False,False,False,False
ENSG00000150760,DOCK1,5,21,decreasing,0.0018956836184655,False,False,False,False
ENSG00000151748,SAV1,5,15,decreasing,-0.0071170589550404,False,False,False,False
ENSG00000155085,AK9,5,19,decreasing,-0.0020612452992584,False,False,False,False
ENSG00000156171,DRAM2,5,15,decreasing,-0.0168473918329414,False,False,False,False
ENSG00000156253,RWDD2B,5,14,decreasing,-0.0034477403577556,False,False,False,False
ENSG00000161791,FMNL3,5,24,decreasing,-0.0052641964222126,False,False,False,False
ENSG00000163093,BBS5,5,14,decreasing,-0.0063386128436797,False,False,False,False
ENSG00000163214,DHX57,5,15,decreasing,-0.0046242093531252,False,False,False,False
ENSG00000163322,ABRAXAS1,5,14,decreasing,-0.0031150500204952,False,True,False,True
ENSG00000163964,PIGX,5,15,decreasing,-0.0005221003537548,False,False,False,False
ENSG00000164258,NDUFS4,5,16,decreasing,-0.0009146792367455,False,False,False,False
ENSG00000165685,TMEM52B,5,19,decreasing,-0.0040122010035369,False,False,False,False
ENSG00000165886,UBTD1,5,15,decreasing,-0.0166001191301165,False,False,False,False
ENSG00000205639,MFSD2B,5,15,decreasing,-0.004256212738282,False,False,False,False
ENSG00000205726,ITSN1,5,10,decreasing,-0.0070163574144933,False,False,False,False
ENSG00000223865,HLA-DPB1,5,20,decreasing,0.0111494741999748,False,False,False,False
ENSG00000232653,GOLGA8N,5,15,decreasing,0.0030987637708579,False,False,False,False
ENSG00000121594,CD80,5,18,decreasing,-0.0036654145947509,False,False,False,False
ENSG00000132170,PPARG,5,24,decreasing,-0.0030183134415355,True,True,True,False
ENSG00000135503,ACVR1B,5,23,decreasing,-0.0040289892607934,True,True,False,True
ENSG00000143643,TTC13,5,15,decreasing,3.3837027824579895e-05,False,False,False,False
ENSG00000143740,SNAP47,5,15,decreasing,-0.0017865957829179,False,False,False,False
ENSG00000149131,SERPING1,5,19,decreasing,-0.0191654475622792,False,False,False,False
ENSG00000162542,TMCO4,5,15,decreasing,-0.0036832202723477,False,False,False,False
ENSG00000164904,ALDH7A1,5,14,increasing,0.0033435486782863,False,False,False,False
ENSG00000172766,NAA16,5,18,decreasing,-0.0028958682300998,False,False,False,False
ENSG00000175792,RUVBL1,5,17,decreasing,-0.0046179117870763,False,False,False,False
ENSG00000198791,CNOT7,5,17,decreasing,-0.0105954956540808,False,False,False,False
ENSG00000117899,MESD,5,22,increasing,0.0099111917604626,False,False,False,False
ENSG00000141503,MINK1,5,21,increasing,0.0092400138572341,False,False,False,False
ENSG00000260314,MRC1,5,20,decreasing,-0.0038966138247687,False,False,False,False
ENSG00000041802,LSG1,5,22,decreasing,-0.0056305286258935,False,False,False,False
ENSG00000107651,SEC23IP,5,19,decreasing,-0.0056569981370406,False,False,False,False
ENSG00000083168,KAT6A,5,21,decreasing,-0.0087798358427745,True,True,False,False
ENSG00000042753,AP2S1,5,15,decreasing,-0.0022981028192544,False,False,False,False
ENSG00000178177,LCORL,5,22,decreasing,-0.0113345291981033,False,False,False,False
ENSG00000259040,BLOC1S5-TXNDC5,5,14,decreasing,-0.0025615144418059,False,False,False,False
ENSG00000259529,AL136295.5,5,17,decreasing,-0.039480821515162,False,False,False,False
ENSG00000270629,NBPF14,5,24,decreasing,-0.0047771106675061,False,False,False,False
ENSG00000271601,LIX1L,5,14,decreasing,-0.0036922383847616,False,False,False,False
ENSG00000285162,AC004593.2,5,21,decreasing,-0.0113463917756512,False,False,False,False
ENSG00000285901,AC008012.1,5,21,increasing,-0.018570557234754,False,False,False,False
ENSG00000030582,GRN,5,15,decreasing,-0.01492844728822,False,False,False,False
ENSG00000187134,AKR1C1,5,15,decreasing,-0.003421880647591,False,False,False,False
ENSG00000106066,CPVL,5,20,decreasing,-0.0080272422010993,False,False,False,False
ENSG00000113460,BRIX1,5,15,decreasing,-0.0014356633285992,False,False,False,False
ENSG00000137656,BUD13,5,17,decreasing,-0.0040491645726503,False,False,False,False
ENSG00000141627,DYM,5,24,decreasing,0.0035720099730902,False,False,False,False
ENSG00000161920,MED11,5,14,increasing,0.0092491426200121,False,False,False,False
ENSG00000173200,PARP15,5,20,decreasing,-0.0030487050962511,False,False,False,False
ENSG00000136100,VPS36,5,23,decreasing,-0.0088858010969324,False,False,False,False
ENSG00000135604,STX11,5,21,decreasing,-0.0043020255350198,False,False,False,False
ENSG00000133640,LRRIQ1,5,19,decreasing,-0.0090077275804238,False,False,False,False
ENSG00000011523,CEP68,5,18,decreasing,-0.0017082571967921,False,False,False,False
ENSG00000261609,GAN,5,21,decreasing,-0.0028472997810557,False,False,False,False
ENSG00000285943,AC112128.1,5,14,decreasing,-0.0053843651564878,False,False,False,False
ENSG00000101181,MTG2,5,8,decreasing,-0.0068413630110205,False,False,False,False
ENSG00000124313,IQSEC2,5,7,decreasing,-0.0082108958286986,False,False,False,False
ENSG00000138709,LARP1B,5,10,decreasing,-0.0073059038238645,False,False,False,False
ENSG00000143368,SF3B4,5,8,decreasing,-0.0192243331206745,False,False,False,False
ENSG00000162772,ATF3,5,9,decreasing,-0.0087626266937251,False,False,False,False
ENSG00000163625,WDFY3,5,17,decreasing,-0.0008501553492934,False,False,False,False
ENSG00000165675,ENOX2,5,8,decreasing,-0.0077646580188179,False,False,False,False
ENSG00000167969,ECI1,5,16,decreasing,-0.0017989745827607,False,False,False,False
ENSG00000170485,NPAS2,5,14,decreasing,-0.0021296542148937,False,False,False,False
ENSG00000171617,ENC1,5,7,decreasing,-0.0100047567493595,False,False,False,False
ENSG00000179299,NSUN7,5,15,decreasing,-0.0020264722013367,False,False,False,False
ENSG00000003756,RBM5,5,14,decreasing,-0.0034732271711393,False,False,False,False
ENSG00000009694,TENM1,5,14,decreasing,-0.0043446257702315,False,False,False,False
ENSG00000243660,ZNF487,5,18,decreasing,-0.0039898600234722,False,False,False,False
ENSG00000236287,ZBED5,5,19,decreasing,-0.0024489768444831,False,False,False,False
ENSG00000224531,SMIM13,5,19,decreasing,-0.0031475137295405,False,False,False,False
ENSG00000168003,SLC3A2,5,14,decreasing,-0.0320280775502722,False,False,False,False
ENSG00000159658,EFCAB14,5,16,decreasing,-0.0098828677159329,False,False,False,False
ENSG00000160226,CFAP410,5,15,decreasing,-0.0021965483789553,False,False,False,False
ENSG00000160445,ZER1,5,18,decreasing,-0.0028533822460665,False,False,False,False
ENSG00000160799,CCDC12,5,9,decreasing,-0.0093977809749031,False,False,False,False
ENSG00000166126,AMN,5,14,decreasing,-0.001490907008433,False,False,False,False
ENSG00000166887,VPS39,5,9,decreasing,-0.0045124402088194,False,False,False,False
ENSG00000172113,NME6,5,14,decreasing,-0.0090600185245469,False,False,False,False
ENSG00000204599,TRIM39,5,10,decreasing,-0.0255569250127126,False,False,False,False
ENSG00000173848,NET1,5,14,decreasing,-0.0003227108083941,False,False,False,False
ENSG00000173905,GOLIM4,5,10,decreasing,-0.0029157095732493,False,False,False,False
ENSG00000174197,MGA,5,18,decreasing,-0.0059326904531113,False,True,False,True
ENSG00000174206,C12orf66,5,15,decreasing,-0.0034153068429886,False,False,False,False
ENSG00000198363,ASPH,5,8,decreasing,-0.0227810986229113,False,False,False,False
ENSG00000198429,ZNF69,5,15,increasing,0.013159845553801,False,False,False,False
ENSG00000011275,RNF216,5,10,decreasing,-0.0425010617089329,False,False,False,False
ENSG00000014164,ZC3H3,5,15,decreasing,-0.0023482651706492,False,False,False,False
ENSG00000132275,RRP8,5,15,decreasing,-0.0016970763317283,False,False,False,False
ENSG00000023041,ZDHHC6,5,15,decreasing,-0.0694357262072539,False,False,False,False
ENSG00000112796,ENPP5,5,16,decreasing,-0.0030392890976057,False,False,False,False
ENSG00000114268,PFKFB4,5,17,decreasing,-0.002776846028741,False,False,False,False
ENSG00000115808,STRN,5,19,decreasing,0.0029415633072885,True,False,False,False
ENSG00000116984,MTR,5,14,decreasing,-0.0043141191178441,False,False,False,False
ENSG00000117479,SLC19A2,5,17,decreasing,-0.0034344626662234,False,False,False,False
ENSG00000118420,UBE3D,5,15,decreasing,-0.0035146252830546,False,False,False,False
ENSG00000118777,ABCG2,5,19,decreasing,-0.0010317728707688,False,False,False,False
ENSG00000119537,KDSR,5,17,decreasing,-0.0028068258916235,True,True,False,False
ENSG00000122257,RBBP6,5,5,decreasing,-0.0200722540647573,False,False,False,False
ENSG00000124587,PEX6,5,17,decreasing,-0.0153533939265984,False,False,False,False
ENSG00000125900,SIRPD,5,14,decreasing,-0.0021561742349934,False,False,False,False
ENSG00000126822,PLEKHG3,5,16,decreasing,-0.0064998502182946,False,False,False,False
ENSG00000128335,APOL2,5,14,decreasing,-0.005768128744304,False,False,False,False
ENSG00000130958,SLC35D2,5,14,decreasing,-0.0062148992429536,False,False,False,False
ENSG00000131242,RAB11FIP4,5,15,decreasing,-0.0056097985567749,False,False,False,False
ENSG00000107897,ACBD5,5,21,increasing,0.0001338240647792,False,False,False,False
ENSG00000106868,SUSD1,5,18,decreasing,-0.0049069868841472,False,False,False,False
ENSG00000106701,FSD1L,5,20,decreasing,-0.0040124624464193,False,False,False,False
ENSG00000072657,TRHDE,5,14,decreasing,-0.0020654386887874,False,False,False,False
ENSG00000035115,SH3YL1,5,15,decreasing,-0.0029939866062139,False,False,False,False
ENSG00000047936,ROS1,5,16,decreasing,-0.0167997173244483,True,True,True,False
ENSG00000050327,ARHGEF5,5,15,decreasing,-0.0108660636187685,False,False,False,False
ENSG00000058091,CDK14,5,22,decreasing,-0.0022031062566088,False,False,False,False
ENSG00000066427,ATXN3,5,22,decreasing,0.0058734742341493,False,False,False,False
ENSG00000070366,SMG6,5,23,decreasing,-0.0008212581867162,False,False,False,False
ENSG00000084092,NOA1,5,18,increasing,0.0016816290060392,False,False,False,False
ENSG00000104835,SARS2,5,14,decreasing,-0.0049975066253141,False,False,False,False
ENSG00000085415,SEH1L,5,16,decreasing,-0.0043304594724512,False,False,False,False
ENSG00000087266,SH3BP2,5,14,decreasing,-0.0047740704192318,False,False,False,False
ENSG00000099817,POLR2E,5,5,decreasing,-0.004822810728233,False,False,False,False
ENSG00000102032,RENBP,5,15,decreasing,-0.0025360111126565,False,False,False,False
ENSG00000102524,TNFSF13B,5,15,decreasing,-0.0020074303060636,False,False,False,False
ENSG00000104299,INTS9,5,18,decreasing,-0.0038366373554108,False,False,False,False
ENSG00000056972,TRAF3IP2,5,20,decreasing,-0.0040715419193093,False,False,False,False
ENSG00000011258,MBTD1,5,19,decreasing,0.0177282068198907,False,False,False,False
ENSG00000019169,MARCO,5,19,decreasing,-0.0162754929557764,False,False,False,False
ENSG00000101391,CDK5RAP1,5,17,increasing,0.0065418721208835,False,False,False,False
ENSG00000104419,NDRG1,5,9,decreasing,-0.0447598422796783,True,False,False,False
ENSG00000104447,TRPS1,5,24,decreasing,-0.0039640762202779,False,False,False,False
ENSG00000104763,ASAH1,5,21,decreasing,0.0105746722948834,False,False,False,False
ENSG00000105619,TFPT,5,16,increasing,0.0033499816593765,False,False,False,False
ENSG00000106355,LSM5,5,16,increasing,0.0006131423375714,False,False,False,False
ENSG00000106443,PHF14,5,19,decreasing,-0.002104193772552,False,False,False,False
ENSG00000106615,RHEB,5,24,increasing,0.0018920111522764,False,True,True,False
ENSG00000106952,TNFSF8,5,21,decreasing,0.020847536724347,False,False,False,False
ENSG00000110911,SLC11A2,5,9,decreasing,0.0057351928074928,False,False,False,False
ENSG00000111605,CPSF6,5,18,decreasing,-0.0018402632465938,False,False,False,False
ENSG00000111912,NCOA7,5,10,decreasing,-0.0146176082498841,False,False,False,False
ENSG00000116288,PARK7,5,9,decreasing,0.0297528274204003,False,False,False,False
ENSG00000116977,LGALS8,5,16,increasing,0.0015442404056424,False,False,False,False
ENSG00000117020,AKT3,5,24,decreasing,-0.0092734186350085,False,True,True,False
ENSG00000117859,OSBPL9,5,22,decreasing,1.1447534994401143e-06,False,False,False,False
ENSG00000102081,FMR1,5,20,increasing,0.0367428957850008,False,False,False,False
ENSG00000100030,MAPK1,5,10,decreasing,-0.0133915761277414,True,True,True,False
ENSG00000170677,SOCS6,5,22,decreasing,-0.0065180113868454,False,False,False,False
ENSG00000095015,MAP3K1,5,10,decreasing,0.011568644013319,True,True,False,True
ENSG00000172738,TMEM217,5,8,decreasing,0.0102576736147427,False,False,False,False
ENSG00000196689,TRPV1,5,6,decreasing,-0.0063341477885125,False,False,False,False
ENSG00000221968,FADS3,5,10,decreasing,-0.0102195427297902,False,False,False,False
ENSG00000020426,MNAT1,5,10,decreasing,-0.0137916601304771,False,False,False,False
ENSG00000032219,ARID4A,5,18,decreasing,-0.0023319435016602,False,True,False,True
ENSG00000037637,FBXO42,5,19,decreasing,0.006684759907732,False,False,False,False
ENSG00000040933,INPP4A,5,22,decreasing,0.0037879161707861,False,True,False,False
ENSG00000060339,CCAR1,5,23,increasing,0.0017549410464858,False,True,False,True
ENSG00000065833,ME1,5,21,decreasing,-0.0053338585496966,False,False,False,False
ENSG00000070610,GBA2,5,20,increasing,0.0111495361631566,False,False,False,False
ENSG00000081087,OSTM1,5,9,decreasing,-0.0157579618382071,False,False,False,False
ENSG00000082258,CCNT2,5,22,decreasing,-0.0095048471005475,False,False,False,False
ENSG00000085117,CD82,5,23,increasing,-0.0020082619193552,False,False,False,False
ENSG00000085832,EPS15,5,19,decreasing,-0.0032757640566516,True,False,False,False
ENSG00000089053,ANAPC5,5,8,decreasing,0.005122858338734,False,False,False,False
ENSG00000120948,TARDBP,5,9,decreasing,-0.0401804010675719,False,False,False,False
ENSG00000122545,SEPTIN7,5,10,decreasing,-0.0307920017452311,False,False,False,False
ENSG00000122779,TRIM24,5,10,decreasing,-0.0045173984113205,True,False,False,False
ENSG00000124731,TREM1,5,23,decreasing,0.0017699855619351,False,False,False,False
ENSG00000151413,NUBPL,5,17,decreasing,-0.0501964245633392,False,False,False,False
ENSG00000151532,VTI1A,5,24,decreasing,-0.0049690247432045,False,False,False,False
ENSG00000152558,TMEM123,5,10,decreasing,-0.0041141927891132,False,False,False,False
ENSG00000153029,MR1,5,9,decreasing,0.0154821672581395,False,False,False,False
ENSG00000155508,CNOT8,5,8,decreasing,0.0140128159413735,False,False,False,False
ENSG00000156831,NSMCE2,5,24,decreasing,-0.0005287325852848,False,False,False,False
ENSG00000157617,C2CD2,5,19,decreasing,-0.0078517976231072,False,False,False,False
ENSG00000158517,NCF1,5,21,decreasing,-0.0064021464253634,False,False,False,False
ENSG00000158545,ZC3H18,5,19,decreasing,-0.0047030439088157,False,False,False,False
ENSG00000158604,TMED4,5,17,decreasing,0.0003880129553957,False,False,False,False
ENSG00000159140,SON,5,21,decreasing,-0.0063351350327385,False,False,False,False
ENSG00000160712,IL6R,5,5,decreasing,-0.021272202979747,False,False,False,False
ENSG00000165688,PMPCA,5,16,increasing,0.0026239580566527,False,False,False,False
ENSG00000166016,ABTB2,5,10,decreasing,0.0047469196610725,False,False,False,False
ENSG00000168439,STIP1,5,19,decreasing,-0.0035079429401216,False,False,False,False
ENSG00000147548,NSD3,5,21,decreasing,0.0007826212309931,True,True,False,False
ENSG00000147164,SNX12,5,8,increasing,0.0147771890331743,False,False,False,False
ENSG00000143379,SETDB1,5,22,decreasing,-0.0071012196783078,False,True,False,False
ENSG00000134684,YARS1,5,19,decreasing,-0.0071759720522054,False,False,False,False
ENSG00000125351,UPF3B,5,24,decreasing,-0.0109084952156076,False,False,False,False
ENSG00000126214,KLC1,5,24,decreasing,-0.0018130663290259,False,False,False,False
ENSG00000126777,KTN1,5,24,decreasing,0.0098331085217382,True,False,False,False
ENSG00000128059,PPAT,5,18,decreasing,-0.0172238819655119,False,False,False,False
ENSG00000129562,DAD1,5,10,decreasing,-0.0041458502487759,False,False,False,False
ENSG00000134278,SPIRE1,5,9,increasing,0.0041071054828946,False,False,False,False
ENSG00000135506,OS9,5,22,increasing,0.0142215056668335,False,False,False,False
ENSG00000143319,ISG20L2,5,9,increasing,0.019071118281124,False,False,False,False
ENSG00000137154,RPS6,5,7,increasing,0.0042478915138585,False,False,False,False
ENSG00000140382,HMG20A,5,23,decreasing,-0.0013401611552762,False,False,False,False
ENSG00000141030,COPS3,5,17,decreasing,-0.0030204057922055,False,False,False,False
ENSG00000141759,TXNL4A,5,21,decreasing,-0.0022032718994413,False,False,False,False
ENSG00000142867,BCL10,5,18,decreasing,-0.0027006189106841,True,True,False,True
ENSG00000142875,PRKACB,5,19,increasing,0.0016775529381457,False,False,False,False
ENSG00000168374,ARF4,5,9,decreasing,-0.0300317598234929,False,False,False,False
ENSG00000145741,BTF3,5,21,decreasing,-0.0029792161112133,False,False,False,False
ENSG00000145375,SPATA5,5,17,decreasing,-0.0013150579818413,False,False,False,False
ENSG00000185627,PSMD13,5,9,decreasing,-0.0286003928432449,False,False,False,False
ENSG00000135686,KLHL36,5,19,increasing,-0.0005737813507549,False,False,False,False
ENSG00000136888,ATP6V1G1,5,14,increasing,0.0023842230875818,False,False,False,False
ENSG00000141424,SLC39A6,5,16,decreasing,-0.0715270345191156,False,False,False,False
ENSG00000142230,SAE1,5,10,decreasing,-0.0267989767177591,False,False,False,False
ENSG00000143612,C1orf43,5,9,decreasing,-0.0171413676314943,False,False,False,False
ENSG00000145545,SRD5A1,5,9,increasing,0.0350354080769101,False,False,False,False
ENSG00000146247,PHIP,5,10,decreasing,-0.0165518099929428,False,False,False,False
ENSG00000147677,EIF3H,5,10,increasing,0.0204572450371971,False,False,False,False
ENSG00000152700,SAR1B,5,19,decreasing,0.0003187590034649,False,False,False,False
ENSG00000157483,MYO1E,5,24,decreasing,-0.008253906268989,False,False,False,False
ENSG00000165006,UBAP1,5,24,increasing,0.1914257945712111,False,False,False,False
ENSG00000165494,PCF11,5,23,decreasing,-0.0025818834956413,False,False,False,False
ENSG00000171310,CHST11,5,24,decreasing,-0.0075214517996903,False,False,False,False
ENSG00000173992,CCS,5,9,increasing,0.0184713899750201,False,False,False,False
ENSG00000176681,LRRC37A,5,22,decreasing,-0.0085723893258675,False,False,False,False
ENSG00000135002,RFK,5,21,decreasing,0.0062149155085521,False,False,False,False
ENSG00000133030,MPRIP,5,19,decreasing,-0.0139558609534376,False,False,False,False
ENSG00000128294,TPST2,5,18,decreasing,-0.0040924989032881,False,False,False,False
ENSG00000077044,DGKD,5,18,decreasing,-0.0306954489171497,False,False,False,False
ENSG00000004487,KDM1A,5,22,decreasing,-0.0011445239211776,False,False,False,False
ENSG00000013588,GPRC5A,5,10,increasing,-0.0068643323224152,False,False,False,False
ENSG00000018280,SLC11A1,5,9,decreasing,0.0039738205855389,False,False,False,False
ENSG00000064932,SBNO2,5,23,increasing,-0.001642572940046,False,False,False,False
ENSG00000074800,ENO1,5,19,decreasing,-0.0276806014603315,False,False,False,False
ENSG00000075239,ACAT1,5,10,decreasing,-0.0092099875148186,False,False,False,False
ENSG00000102760,RGCC,5,10,decreasing,-0.0129166047093318,False,False,False,False
ENSG00000125347,IRF1,5,16,decreasing,-0.0051068814663112,False,True,False,True
ENSG00000107679,PLEKHA1,5,19,decreasing,-0.0036166626500755,False,False,False,False
ENSG00000112149,CD83,5,10,decreasing,-0.0192409566034735,False,False,False,False
ENSG00000112739,PRPF4B,5,17,decreasing,-0.0105217293022514,False,False,False,False
ENSG00000116030,SUMO1,5,8,increasing,-0.0021380802291975,False,False,False,False
ENSG00000118292,C1orf54,5,8,decreasing,0.0216347520486743,False,False,False,False
ENSG00000118816,CCNI,5,22,increasing,0.0529533308506568,False,False,False,False
ENSG00000178607,ERN1,5,10,decreasing,0.0917171886711107,False,False,False,False
ENSG00000047932,GOPC,5,14,decreasing,-0.0069108589783976,True,False,False,False
ENSG00000143622,RIT1,5,9,decreasing,0.0003025821513169,False,True,True,False
ENSG00000100599,AL159141.1,5,10,decreasing,-0.0003423556199952,False,False,False,False
ENSG00000184182,UBE2F,5,23,decreasing,-0.0050129766008243,False,False,False,False
ENSG00000185291,IL3RA,5,24,increasing,-0.0426561183235111,False,False,False,False
ENSG00000196437,ZNF569,5,17,decreasing,-0.0117117040157363,False,False,False,False
ENSG00000196497,IPO4,5,7,decreasing,0.0033789910783808,False,False,False,False
ENSG00000072849,DERL2,5,6,decreasing,-0.010812295456996,False,False,False,False
ENSG00000086598,TMED2,5,7,decreasing,-0.0052191833103594,False,False,False,False
ENSG00000090686,USP48,5,10,decreasing,-0.0051411142465262,False,False,False,False
ENSG00000107175,CREB3,5,7,decreasing,-0.0073928064398732,False,False,False,False
ENSG00000111880,RNGTT,5,10,decreasing,0.0040768364787277,False,False,False,False
ENSG00000115568,ZNF142,5,7,decreasing,0.0140529965058789,False,False,False,False
ENSG00000121542,SEC22A,5,8,decreasing,-0.0105866607030656,False,False,False,False
ENSG00000130741,EIF2S3,5,17,decreasing,-0.0008862322592095,False,False,False,False
ENSG00000131236,CAP1,5,9,decreasing,-0.0058912483920492,False,False,False,False
ENSG00000135365,PHF21A,5,23,decreasing,-0.002002234196399,False,False,False,False
ENSG00000140743,CDR2,5,24,decreasing,0.0057668405360811,False,False,False,False
ENSG00000171606,ZNF274,5,9,decreasing,-0.0316056189219341,False,False,False,False
ENSG00000167315,ACAA2,5,9,decreasing,-0.016493823460094,False,False,False,False
ENSG00000162928,PEX13,5,8,decreasing,-0.0109795571171371,False,False,False,False
ENSG00000116584,ARHGEF2,5,9,decreasing,-0.0066295865421984,False,False,False,False
ENSG00000104093,DMXL2,5,9,decreasing,-0.0024965622468444,False,False,False,False
ENSG00000105220,GPI,5,10,decreasing,-0.0557266906992234,False,False,False,False
ENSG00000109270,LAMTOR3,5,8,decreasing,-0.003298023214896,False,False,False,False
ENSG00000111737,RAB35,5,23,decreasing,-0.0052734685687076,False,True,True,False
ENSG00000114491,UMPS,5,8,decreasing,0.0044064251834768,False,False,False,False
ENSG00000116299,KIAA1324,5,9,decreasing,-0.0033955266359578,False,False,False,False
ENSG00000117335,CD46,5,8,decreasing,-0.0003631145683823,False,False,False,False
ENSG00000160917,CPSF4,5,8,decreasing,-0.0056570039371029,False,False,False,False
ENSG00000117425,PTCH2,5,8,increasing,0.0557627354407611,False,False,False,False
ENSG00000119396,RAB14,5,18,decreasing,-0.0042548939219395,False,False,False,False
ENSG00000119559,C19orf25,5,17,increasing,0.0137022024037765,False,False,False,False
ENSG00000120896,SORBS3,5,16,decreasing,-0.0039104717285017,False,False,False,False
ENSG00000137878,GCOM1,5,9,decreasing,-0.0138830128325125,False,False,False,False
ENSG00000139636,LMBR1L,5,7,decreasing,-0.0054117865723802,False,False,False,False
ENSG00000168575,SLC20A2,5,19,decreasing,-0.0049693979930426,False,False,False,False
ENSG00000127125,PPCS,5,14,decreasing,-0.0041720471410451,False,False,False,False
ENSG00000175455,CCDC14,5,22,increasing,0.0018948653575278,False,False,False,False
ENSG00000163466,ARPC2,5,10,decreasing,-0.0088117562530105,False,False,False,False
ENSG00000164916,FOXK1,5,10,decreasing,-0.0069176830701531,False,False,False,False
ENSG00000165119,HNRNPK,5,9,decreasing,-0.0049031163916483,False,False,False,False
ENSG00000167280,ENGASE,5,9,decreasing,-0.0167457337821139,False,False,False,False
ENSG00000172115,CYCS,5,19,decreasing,-0.0058351676286149,False,False,False,False
ENSG00000172171,TEFM,5,15,decreasing,0.0001648978045042,False,False,False,False
ENSG00000173801,JUP,5,7,increasing,0.0615046948644883,False,False,False,False
ENSG00000174780,SRP72,5,19,decreasing,-0.0143751729511746,False,True,True,False
ENSG00000177675,CD163L1,5,14,decreasing,-0.0269074792890324,False,False,False,False
ENSG00000180011,ZADH2,5,17,decreasing,-0.0037190592384196,False,False,False,False
ENSG00000183495,EP400,5,9,decreasing,-0.0141179388831418,False,True,False,True
ENSG00000185201,IFITM2,5,23,increasing,0.0068439192858028,False,False,False,False
ENSG00000196323,ZBTB44,5,9,increasing,0.0090062117804315,False,False,False,False
ENSG00000196588,MRTFA,5,10,decreasing,-0.0144406527285324,True,False,False,False
ENSG00000196914,ARHGEF12,5,8,decreasing,-0.0092732229831453,True,True,False,False
ENSG00000197603,CPLANE1,5,18,decreasing,-0.000722792914684,False,False,False,False
ENSG00000163527,STT3B,5,24,decreasing,-0.0007789565542321,False,False,False,False
ENSG00000158615,PPP1R15B,5,9,decreasing,0.0007034017066522,False,False,False,False
ENSG00000137265,IRF4,5,22,decreasing,-0.013703199643757,True,True,True,False
ENSG00000158435,CNOT11,5,14,decreasing,0.0046479895676324,False,False,False,False
ENSG00000139921,TMX1,5,19,decreasing,-0.000799664668463,False,False,False,False
ENSG00000140749,IGSF6,5,22,decreasing,0.0072667071894281,False,False,False,False
ENSG00000141524,TMC6,5,15,increasing,0.0044730852339893,False,False,False,False
ENSG00000142765,SYTL1,5,14,decreasing,0.0045254714601942,False,False,False,False
ENSG00000145414,NAF1,5,9,decreasing,-0.0019651701165865,False,False,False,False
ENSG00000145734,BDP1,5,21,decreasing,-0.0016289730514306,False,False,False,False
ENSG00000146856,AGBL3,5,15,decreasing,-0.0032938455817707,False,False,False,False
ENSG00000148110,MFSD14B,5,23,decreasing,-0.0020924938201937,False,False,False,False
ENSG00000148200,NR6A1,5,23,decreasing,-2.9761550347839894e-05,False,False,False,False
ENSG00000148339,SLC25A25,5,9,decreasing,-0.002199220005654,False,False,False,False
ENSG00000149418,ST14,5,8,decreasing,0.0021111357678763,False,False,False,False
ENSG00000152620,NADK2,5,15,decreasing,-0.0026192267439712,False,False,False,False
ENSG00000153944,MSI2,5,19,decreasing,-0.0044639039255845,True,True,True,False
ENSG00000155090,KLF10,5,17,decreasing,-0.0074434058568057,False,False,False,False
ENSG00000157181,ODR4,5,21,decreasing,0.0024222131794152,False,False,False,False
ENSG00000204186,ZDBF2,5,8,increasing,-0.0034805343082979,False,False,False,False
ENSG00000254772,EEF1G,5,9,decreasing,0.0013173240775553,False,False,False,False
ENSG00000270106,TSNAX-DISC1,5,14,decreasing,-0.0054310559960087,False,False,False,False
ENSG00000286098,AC008770.4,5,9,decreasing,-0.0141022847353366,False,False,False,False
ENSG00000168438,CDC40,5,9,decreasing,-0.0161430433486654,False,False,False,False
ENSG00000177830,CHID1,5,6,decreasing,-0.0155446393621657,False,False,False,False
ENSG00000184305,CCSER1,5,9,decreasing,-0.0021064665047296,False,False,False,False
ENSG00000188234,AGAP4,5,8,decreasing,-0.0210903718697592,False,False,False,False
ENSG00000189159,JPT1,5,7,decreasing,-0.0046580171591744,False,False,False,False
ENSG00000197345,MRPL21,5,6,decreasing,-0.0157511193862351,False,False,False,False
ENSG00000198225,FKBP1C,5,14,decreasing,-0.0034144966946536,False,False,False,False
ENSG00000198722,UNC13B,5,8,decreasing,-0.0079306346394924,False,False,False,False
ENSG00000204138,PHACTR4,5,24,decreasing,-0.0008643504451935,False,False,False,False
ENSG00000256683,ZNF350,5,7,decreasing,-0.032041337090674,False,False,False,False
ENSG00000258539,AC068896.3,5,9,decreasing,-0.0012635086310232,False,False,False,False
ENSG00000100296,THOC5,5,14,decreasing,-0.000826785423974,False,False,False,False
ENSG00000131473,ACLY,5,21,decreasing,-0.0013289180259379,False,False,False,False
ENSG00000175582,RAB6A,5,22,decreasing,-0.0027496078428411,False,False,False,False
ENSG00000164597,COG5,5,24,decreasing,0.0016752116237728,False,False,False,False
ENSG00000166938,DIS3L,5,14,decreasing,-0.0072955299739121,False,False,False,False
ENSG00000153094,BCL2L11,5,9,decreasing,-0.0022707589160842,False,True,False,True
ENSG00000151502,VPS26B,5,7,increasing,0.0036328132272686,False,False,False,False
ENSG00000109320,NFKB1,5,10,decreasing,-0.014855075261137,False,False,False,False
ENSG00000015568,RGPD5,5,24,decreasing,-0.009302190360634,False,False,False,False
ENSG00000090061,CCNK,5,21,decreasing,-0.0046023774041176,False,False,False,False
ENSG00000093167,LRRFIP2,5,10,decreasing,-0.0431410718082726,False,False,False,False
ENSG00000096063,SRPK1,5,10,decreasing,-0.0126635116815033,False,False,False,False
ENSG00000101911,PRPS2,5,10,decreasing,-0.0052690764885096,False,False,False,False
ENSG00000103197,TSC2,5,7,decreasing,0.0294174334718933,True,True,False,True
ENSG00000115446,UNC50,5,6,decreasing,-0.0147233155221111,False,False,False,False
ENSG00000150337,FCGR1A,5,6,decreasing,-0.0026369353657293,False,False,False,False
ENSG00000130309,COLGALT1,5,20,decreasing,-0.0019749048103079,False,False,False,False
ENSG00000131067,GGT7,5,16,decreasing,-0.0045604231803066,False,False,False,False
ENSG00000131711,MAP1B,5,6,decreasing,0.0008056901896961,False,False,False,False
ENSG00000138399,FASTKD1,5,20,decreasing,-0.0188951321976532,False,False,False,False
ENSG00000138668,HNRNPD,5,9,decreasing,-0.0030840685194887,False,False,False,False
ENSG00000139970,RTN1,5,22,decreasing,-0.0031105191950461,False,False,False,False
ENSG00000139289,PHLDA1,5,20,decreasing,-0.0089976696711079,False,False,False,False
ENSG00000285920,AC087721.2,5,8,decreasing,0.0039048729616177,False,False,False,False
ENSG00000136243,NUP42,5,9,decreasing,-0.0110093453026792,False,False,False,False
ENSG00000240065,PSMB9,5,20,increasing,0.0080351962199784,False,False,False,False
ENSG00000259024,TVP23C-CDRT4,5,22,decreasing,0.0075924136285064,False,False,False,False
ENSG00000105364,MRPL4,5,17,decreasing,-0.0089749028286455,False,False,False,False
ENSG00000109171,SLAIN2,5,22,decreasing,0.0698152411226765,False,False,False,False
ENSG00000116171,SCP2,5,17,decreasing,-0.0016729751855312,False,False,False,False
ENSG00000133935,ERG28,5,20,decreasing,0.0087817266594777,False,False,False,False
ENSG00000137409,MTCH1,5,16,decreasing,-0.0226590096380771,False,False,False,False
ENSG00000165661,QSOX2,5,17,increasing,0.0136967831150178,False,False,False,False
ENSG00000181929,PRKAG1,5,19,increasing,0.012086600697841,False,False,False,False
ENSG00000259332,ST20-MTHFS,5,17,decreasing,-0.0056110396134846,False,False,False,False
ENSG00000065361,ERBB3,5,5,decreasing,-0.0187949507597688,True,True,True,False
ENSG00000105967,TFEC,5,7,decreasing,-0.0162726596808463,False,False,False,False
ENSG00000106462,EZH2,5,8,decreasing,-0.0371985632950085,True,True,False,False
ENSG00000119138,KLF9,5,9,decreasing,-0.0034324426448331,False,False,False,False
ENSG00000141576,RNF157,5,9,decreasing,0.0018235896571694,False,False,False,False
ENSG00000157637,SLC38A10,5,9,decreasing,-0.0463069862917437,False,False,False,False
ENSG00000258472,AC005726.1,5,19,increasing,-0.0004751583843674,False,False,False,False
ENSG00000235568,NFAM1,5,9,decreasing,7.427912290426039e-05,False,False,False,False
ENSG00000171067,C11orf24,5,5,decreasing,-0.0078750687255265,False,False,False,False
ENSG00000229474,PATL2,5,18,decreasing,-0.0062831376966044,False,False,False,False
ENSG00000177409,SAMD9L,5,17,decreasing,0.0003089032872783,False,True,False,False
ENSG00000180644,PRF1,5,9,decreasing,-0.0125374722490681,True,False,False,False
ENSG00000135722,FBXL8,5,14,decreasing,-0.001466949387052,False,False,False,False
ENSG00000181045,SLC26A11,5,9,decreasing,-0.0217447527088654,False,False,False,False
ENSG00000182378,PLCXD1,5,10,decreasing,-0.1060676465661071,False,False,False,False
ENSG00000182858,ALG12,5,8,decreasing,-0.0165044497178921,False,False,False,False
ENSG00000183486,MX2,5,9,increasing,0.0034663753297502,False,False,False,False
ENSG00000183864,TOB2,5,9,decreasing,-0.0525851746553192,False,False,False,False
ENSG00000187627,RGPD1,5,10,decreasing,-0.0177479303374112,False,False,False,False
ENSG00000188976,NOC2L,5,8,decreasing,-0.0349150630386159,False,False,False,False
ENSG00000196418,ZNF124,5,10,decreasing,-0.0098866973617342,False,False,False,False
ENSG00000196792,STRN3,5,23,increasing,0.0024661958527647,False,False,False,False
ENSG00000197724,PHF2,5,16,decreasing,-0.0013381932294913,False,False,False,False
ENSG00000198000,NOL8,5,17,decreasing,-0.0038499456468468,False,False,False,False
ENSG00000213923,CSNK1E,5,23,decreasing,-0.0347038706808809,False,False,False,False
ENSG00000166959,MS4A8,5,7,decreasing,-0.0232470202588339,False,False,False,False
ENSG00000250021,ARPIN-AP3S2,5,22,decreasing,-0.0162686995948796,False,False,False,False
ENSG00000174885,NLRP6,5,8,decreasing,-0.0059934701054167,False,False,False,False
ENSG00000120802,TMPO,5,19,decreasing,-0.0038133561186247,False,False,False,False
ENSG00000108175,ZMIZ1,5,23,decreasing,-0.0150382799837794,False,False,False,False
ENSG00000113732,ATP6V0E1,5,18,decreasing,-0.0036931124758754,False,False,False,False
ENSG00000114503,NCBP2,5,10,increasing,0.0392951851165777,False,False,False,False
ENSG00000116586,LAMTOR2,5,14,decreasing,-0.093805821044376,False,False,False,False
ENSG00000116731,PRDM2,5,24,decreasing,0.0031839509688237,False,False,False,False
ENSG00000119004,CYP20A1,5,19,decreasing,-0.0066434690038151,False,False,False,False
ENSG00000128829,EIF2AK4,5,18,decreasing,-0.0045793211273,False,False,False,False
ENSG00000100401,RANGAP1,5,10,decreasing,0.0049849309811679,False,False,False,False
ENSG00000128881,TTBK2,5,18,decreasing,-0.0024709321171368,False,False,False,False
ENSG00000129925,PGAP6,5,14,decreasing,-0.002986623614565,False,False,False,False
ENSG00000130844,ZNF331,5,9,increasing,-0.0306562319824306,True,False,False,False
ENSG00000131781,FMO5,5,16,decreasing,-0.0051654537893903,False,False,False,False
ENSG00000133302,SLF1,5,15,decreasing,-0.0046956282664914,False,False,False,False
ENSG00000135070,ISCA1,5,14,decreasing,-0.0032869310938818,False,False,False,False
ENSG00000104472,CHRAC1,5,16,decreasing,-0.0350802714803777,False,False,False,False
ENSG00000118900,UBN1,5,23,decreasing,-0.0037685227933636,False,False,False,False
ENSG00000071994,PDCD2,5,8,decreasing,-0.0083928642636501,False,False,False,False
ENSG00000075303,SLC25A40,5,22,decreasing,-0.0091946994133581,False,False,False,False
ENSG00000100353,EIF3D,5,17,decreasing,0.0010079276432901,False,False,False,False
ENSG00000033030,ZCCHC8,5,10,decreasing,-0.0043668406782416,False,False,False,False
ENSG00000054523,KIF1B,5,24,decreasing,-0.0028779299275894,False,False,False,False
ENSG00000066084,DIP2B,5,24,decreasing,-0.0082609186640572,False,False,False,False
ENSG00000011422,PLAUR,5,9,decreasing,6.603601343658002e-05,False,False,False,False
ENSG00000074370,ATP2A3,5,9,decreasing,-0.0071294360754404,False,False,False,False
ENSG00000084090,STARD7,5,10,decreasing,-0.0061675225690552,False,False,False,False
ENSG00000008869,HEATR5B,5,20,increasing,0.0015756709534212,False,False,False,False
ENSG00000085276,MECOM,5,10,decreasing,-0.0086449741260337,True,True,True,False
ENSG00000089234,BRAP,5,9,increasing,0.0056451253184574,False,False,False,False
ENSG00000089248,ERP29,5,10,decreasing,0.0096159484067528,False,False,False,False
ENSG00000089818,NECAP1,5,15,decreasing,-0.0075946072000417,False,False,False,False
ENSG00000090487,SPG21,5,21,decreasing,7.576748404758e-05,False,False,False,False
ENSG00000092964,DPYSL2,5,15,decreasing,-0.0028906352582537,False,False,False,False
ENSG00000014824,SLC30A9,4,9,decreasing,-0.0037513107968421,False,False,False,False
ENSG00000049167,ERCC8,4,4,decreasing,-0.0053931531084682,False,False,False,False
ENSG00000038945,MSR1,4,24,decreasing,-0.0048324596221869,False,False,False,False
ENSG00000075975,MKRN2,4,9,decreasing,0.0118557713933738,False,False,False,False
ENSG00000006625,GGCT,4,20,decreasing,2.9209644534259824e-06,False,False,False,False
ENSG00000005075,POLR2J,4,9,decreasing,-0.0050008745984687,False,False,False,False
ENSG00000004478,FKBP4,4,5,increasing,0.0059844718133641,False,False,False,False
ENSG00000050748,MAPK9,4,4,decreasing,-0.0044539910482638,False,False,False,False
ENSG00000071462,BUD23,4,16,decreasing,-0.0039552362987782,False,False,False,False
ENSG00000052723,SIKE1,4,7,increasing,0.0072142676305292,False,False,False,False
ENSG00000058063,ATP11B,4,10,decreasing,-0.0088781943264427,False,False,False,False
ENSG00000062598,ELMO2,4,20,increasing,0.0047989995713061,False,False,False,False
ENSG00000065485,PDIA5,4,9,decreasing,-0.0033362106831359,False,False,False,False
ENSG00000070501,POLB,4,9,increasing,-0.0035123246303936,False,False,False,False
ENSG00000071282,LMCD1,4,4,decreasing,-0.0144349238023467,False,False,False,False
ENSG00000073737,DHRS9,4,14,decreasing,-0.0034106082793394,False,False,False,False
ENSG00000074621,SLC24A1,4,5,decreasing,0.0377146843435352,False,False,False,False
ENSG00000268750,AC010522.1,4,8,decreasing,-0.010271629319146,False,False,False,False
ENSG00000273559,CWC25,4,9,decreasing,-0.018498902092961,False,False,False,False
ENSG00000103569,AQP9,4,22,decreasing,-0.003469226883024,False,False,False,False
ENSG00000258465,AL139011.2,4,7,decreasing,-0.0009747983118186,False,False,False,False
ENSG00000219481,NBPF1,4,7,decreasing,-0.0538696974854942,False,False,False,False
ENSG00000082068,WDR70,4,19,decreasing,-0.0054121995698418,False,False,False,False
ENSG00000264187,AC055811.2,4,16,decreasing,-0.0073183671829877,False,False,False,False
ENSG00000087053,MTMR2,4,6,decreasing,0.0151627934638522,False,False,False,False
ENSG00000100393,EP300,4,8,decreasing,-0.008506886329034,True,True,False,True
ENSG00000102393,GLA,4,9,decreasing,-0.0093432797725136,False,False,False,False
ENSG00000276231,PIK3R6,4,8,decreasing,-0.0188920004009676,False,False,False,False
ENSG00000129534,MIS18BP1,4,24,decreasing,-0.0039149808326853,False,False,False,False
ENSG00000130021,PUDP,4,9,decreasing,-0.0203734158967727,False,False,False,False
ENSG00000151376,ME3,4,19,decreasing,-0.0014977335266519,False,False,False,False
ENSG00000157869,RAB28,4,7,decreasing,0.0156699719854447,False,False,False,False
ENSG00000158079,PTPDC1,4,19,decreasing,-0.0048569970711605,False,False,False,False
ENSG00000164120,HPGD,4,18,decreasing,-0.0013634354375855,False,False,False,False
ENSG00000177150,FAM210A,4,7,decreasing,-0.0191297073605305,False,False,False,False
ENSG00000177889,UBE2N,4,9,decreasing,-0.0037491514923055,False,False,False,False
ENSG00000184428,TOP1MT,4,14,decreasing,-0.0047506190997934,False,False,False,False
ENSG00000206561,COLQ,4,14,decreasing,-0.0078195709988692,False,False,False,False
ENSG00000215717,TMEM167B,4,6,decreasing,0.0124232629074616,False,False,False,False
ENSG00000077157,PPP1R12B,4,5,decreasing,-0.0031445630529471,False,False,False,False
ENSG00000115365,LANCL1,4,4,decreasing,-0.0229195101973555,False,False,False,False
ENSG00000085982,USP40,4,15,decreasing,-0.0081421384103892,False,False,False,False
ENSG00000109099,PMP22,4,19,decreasing,-0.0440819173961179,False,False,False,False
ENSG00000111224,PARP11,4,15,decreasing,0.0003205929979164,False,False,False,False
ENSG00000111237,VPS29,4,21,decreasing,-0.000156114111875,False,False,False,False
ENSG00000111670,GNPTAB,4,17,decreasing,0.001559454715648,False,False,False,False
ENSG00000112078,KCTD20,4,4,decreasing,-0.0106750160386447,False,False,False,False
ENSG00000112343,TRIM38,4,20,decreasing,-0.0028786472070188,False,False,False,False
ENSG00000113068,PFDN1,4,5,decreasing,-0.0042320044196196,False,False,False,False
ENSG00000114354,TFG,4,8,decreasing,0.0014342784076975,True,False,False,False
ENSG00000114738,MAPKAPK3,4,5,decreasing,-0.0348534232459416,False,False,False,False
ENSG00000114841,DNAH1,4,14,decreasing,-0.0083604454626338,False,False,False,False
ENSG00000115282,TTC31,4,4,decreasing,-0.0043881482453944,False,False,False,False
ENSG00000116044,NFE2L2,4,24,decreasing,-0.0036569578342485,True,True,True,False
ENSG00000116205,TCEANC2,4,14,decreasing,-0.0023250443091262,False,False,False,False
ENSG00000117360,PRPF3,4,4,decreasing,-0.0035885218237482,False,False,False,False
ENSG00000120333,MRPS14,4,4,decreasing,-0.0329206917775147,False,False,False,False
ENSG00000121644,DESI2,4,5,decreasing,0.0084803318196914,False,False,False,False
ENSG00000243927,MRPS6,4,10,decreasing,-0.0110253009108323,False,False,False,False
ENSG00000122203,KIAA1191,4,4,decreasing,-0.0039918639957219,False,False,False,False
ENSG00000110046,ATG2A,4,16,decreasing,-0.0246700089360302,False,False,False,False
ENSG00000108443,RPS6KB1,4,24,increasing,0.003483779479026,False,True,True,False
ENSG00000087301,TXNDC16,4,5,decreasing,0.0066795376949444,False,False,False,False
ENSG00000104804,TULP2,4,15,decreasing,0.0043681374423243,False,False,False,False
ENSG00000089639,GMIP,4,8,decreasing,-0.0201757970989764,False,False,False,False
ENSG00000090857,PDPR,4,4,decreasing,-0.0154896908003458,False,False,False,False
ENSG00000093183,SEC22C,4,9,decreasing,0.0050120447849987,False,False,False,False
ENSG00000094880,CDC23,4,15,decreasing,-0.0038331700370145,False,False,False,False
ENSG00000096060,FKBP5,4,10,decreasing,-0.0070273941679269,False,False,False,False
ENSG00000100028,SNRPD3,4,15,decreasing,0.0037041399098552,False,False,False,False
ENSG00000100567,PSMA3,4,16,decreasing,-0.0061140464774468,False,False,False,False
ENSG00000100605,ITPK1,4,10,decreasing,-0.0084307322778159,False,False,False,False
ENSG00000100897,DCAF11,4,15,decreasing,0.0118838865681919,False,False,False,False
ENSG00000100916,BRMS1L,4,4,decreasing,-0.0090988799116006,False,False,False,False
ENSG00000101146,RAE1,4,17,decreasing,-0.0034615949872242,False,False,False,False
ENSG00000102606,ARHGEF7,4,5,decreasing,-0.0049791830027361,False,False,False,False
ENSG00000102931,ARL2BP,4,7,decreasing,-0.0163550640049039,False,False,False,False
ENSG00000103707,MTFMT,4,17,decreasing,-0.002905526403244,False,False,False,False
ENSG00000103855,CD276,4,17,decreasing,-0.0007005864982119,False,True,True,False
ENSG00000104381,GDAP1,4,4,decreasing,0.0003780573383458,False,False,False,False
ENSG00000104689,TNFRSF10A,4,4,decreasing,0.00258802630848,False,False,False,False
ENSG00000243943,ZNF512,4,17,decreasing,-0.0024779913183936,False,False,False,False
ENSG00000067334,DNTTIP2,4,8,decreasing,-0.0795255716556565,False,False,False,False
ENSG00000214756,CSKMT,4,8,decreasing,-0.0210330296992594,False,False,False,False
ENSG00000036257,CUL3,4,24,decreasing,-0.001818821057133,False,True,False,True
ENSG00000053371,AKR7A2,4,15,decreasing,-0.006046665505851,False,False,False,False
ENSG00000071051,NCK2,4,9,decreasing,-0.0077548195506221,False,False,False,False
ENSG00000072415,MPP5,4,9,decreasing,-0.0079720439402522,False,False,False,False
ENSG00000099783,HNRNPM,4,16,decreasing,-0.0051350396702439,False,False,False,False
ENSG00000100263,RHBDD3,4,6,decreasing,-0.026325640179201,False,False,False,False
ENSG00000103226,NOMO3,4,16,decreasing,-0.0032970515354178,False,False,False,False
ENSG00000104731,KLHDC4,4,9,decreasing,-0.0132869557928901,False,False,False,False
ENSG00000104774,MAN2B1,4,8,decreasing,-0.0053439104995131,False,False,False,False
ENSG00000105708,ZNF14,4,10,decreasing,0.0030624957539384,False,False,False,False
ENSG00000108091,CCDC6,4,9,decreasing,-0.0014957832803543,True,False,False,False
ENSG00000109452,INPP4B,4,24,decreasing,0.0195281874585203,False,True,False,True
ENSG00000115275,MOGS,4,14,decreasing,-0.0039483875321367,False,False,False,False
ENSG00000115875,SRSF7,4,8,decreasing,0.0038125352658714,False,False,False,False
ENSG00000116711,PLA2G4A,4,14,decreasing,-0.0029154652402633,False,False,False,False
ENSG00000120539,MASTL,4,10,decreasing,-0.006964162160168,False,True,True,False
ENSG00000124733,MEA1,4,14,decreasing,-0.0007209661368395,False,False,False,False
ENSG00000204991,SPIRE2,4,9,decreasing,-0.0021932462377338,False,False,False,False
ENSG00000046651,OFD1,4,10,decreasing,0.0008227204282059,False,False,False,False
ENSG00000006652,IFRD1,4,9,decreasing,-0.0134829718861903,False,False,False,False
ENSG00000213190,MLLT11,4,6,decreasing,-0.0294442278079878,True,False,False,False
ENSG00000241058,NSUN6,4,9,decreasing,-0.0024140074820498,False,False,False,False
ENSG00000124535,WRNIP1,4,14,increasing,-0.0007501241686258,False,False,False,False
ENSG00000221874,ZNF816-ZNF321P,4,9,decreasing,-0.0029812565512756,False,False,False,False
ENSG00000230358,SPDYE21P,4,9,decreasing,0.0317779058544867,False,False,False,False
ENSG00000232119,MCTS1,4,17,decreasing,-0.0046024660838206,False,False,False,False
ENSG00000271605,MILR1,4,17,decreasing,-0.0033309699735261,False,False,False,False
ENSG00000272333,KMT2B,4,7,decreasing,-0.0313784254852126,False,True,False,True
ENSG00000274322,AL136531.2,4,16,decreasing,0.0020077868728774,False,False,False,False
ENSG00000277443,MARCKS,4,4,decreasing,-0.0017711848805101,False,False,False,False
ENSG00000279170,TSTD3,4,4,decreasing,-0.0092012781128113,False,False,False,False
ENSG00000287542,AC098582.1,4,24,decreasing,-0.0113801938346205,False,False,False,False
ENSG00000099385,BCL7C,4,6,decreasing,-0.0080845155489562,False,False,False,False
ENSG00000132122,SPATA6,4,21,decreasing,-0.0083167898971117,False,False,False,False
ENSG00000137522,RNF121,4,7,decreasing,-0.0067377138111512,False,False,False,False
ENSG00000144579,CTDSP1,4,6,decreasing,-0.0382601763846524,False,False,False,False
ENSG00000151148,UBE3B,4,8,decreasing,-0.0043491086478255,False,False,False,False
ENSG00000152583,SPARCL1,4,7,decreasing,-0.0021322954308731,False,False,False,False
ENSG00000179526,SHARPIN,4,8,decreasing,-0.0045802964712732,False,False,False,False
ENSG00000124784,RIOK1,4,14,decreasing,-0.0079694930038124,False,False,False,False
ENSG00000133019,CHRM3,4,20,decreasing,-0.0028627850817148,False,False,False,False
ENSG00000136938,ANP32B,4,8,decreasing,-0.0074368432202384,False,False,False,False
ENSG00000139112,GABARAPL1,4,6,decreasing,-0.0122409938081529,False,False,False,False
ENSG00000169062,UPF3A,4,16,decreasing,-0.0034486277585887,False,False,False,False
ENSG00000169203,NPIPB12,4,8,decreasing,-0.0168352266676587,False,False,False,False
ENSG00000169967,MAP3K2,4,10,decreasing,-0.0177329432225382,False,False,False,False
ENSG00000171729,TMEM51,4,6,decreasing,8.706260579925012e-05,False,False,False,False
ENSG00000172262,ZNF131,4,24,decreasing,-0.0026144422645292,False,False,False,False
ENSG00000173064,HECTD4,4,10,decreasing,-0.0036478047510404,False,False,False,False
ENSG00000173818,ENDOV,4,9,decreasing,-0.0009780079287486,False,False,False,False
ENSG00000174840,PDE12,4,9,decreasing,0.0006879480632147,False,False,False,False
ENSG00000175197,DDIT3,4,14,decreasing,-0.0034237229857744,True,True,False,False
ENSG00000177954,RPS27,4,14,decreasing,-0.0316642297746934,False,False,False,False
ENSG00000183207,RUVBL2,4,7,decreasing,-0.0011482127001723,False,False,False,False
ENSG00000185989,RASA3,4,16,decreasing,-0.0510363122631895,False,False,False,False
ENSG00000186283,TOR3A,4,10,decreasing,-0.0089518225804172,False,False,False,False
ENSG00000186834,HEXIM1,4,7,decreasing,-0.0362281701270833,False,False,False,False
ENSG00000196419,XRCC6,4,9,decreasing,0.0009212166793808,False,False,False,False
ENSG00000204397,CARD16,4,10,decreasing,-0.0023286040147748,False,False,False,False
ENSG00000204767,INSYN2B,4,15,decreasing,-0.0061928959579598,False,False,False,False
ENSG00000167613,LAIR1,4,14,decreasing,-0.0138799583475909,False,False,False,False
ENSG00000164983,TMEM65,4,10,decreasing,-0.0345473557060187,False,False,False,False
ENSG00000164970,FAM219A,4,7,decreasing,-0.0873857608490779,False,False,False,False
ENSG00000150401,DCUN1D2,4,17,decreasing,-0.0074214657026978,False,False,False,False
ENSG00000140199,SLC12A6,4,21,decreasing,-0.0039960778475802,False,False,False,False
ENSG00000140350,ANP32A,4,7,decreasing,0.004592422456069,False,False,False,False
ENSG00000145990,GFOD1,4,9,decreasing,-0.0013213387345859,False,False,False,False
ENSG00000146072,TNFRSF21,4,7,decreasing,-0.0083979661364841,False,False,False,False
ENSG00000148516,ZEB1,4,9,decreasing,-0.0096078396715767,False,False,False,False
ENSG00000149313,AASDHPPT,4,8,decreasing,0.0019404982701139,False,False,False,False
ENSG00000149489,ROM1,4,15,decreasing,-0.0032415456534392,False,False,False,False
ENSG00000150459,SAP18,4,6,decreasing,-0.0242583638317117,False,False,False,False
ENSG00000164615,CAMLG,4,15,increasing,0.0023532497062836,False,False,False,False
ENSG00000151276,MAGI1,4,8,decreasing,0.0060506615157076,False,False,False,False
ENSG00000152683,SLC30A6,4,10,increasing,0.0075774938417263,False,False,False,False
ENSG00000152904,GGPS1,4,9,decreasing,0.0002805282077789,False,False,False,False
ENSG00000153066,TXNDC11,4,10,increasing,0.0075625101279302,False,False,False,False
ENSG00000156273,BACH1,4,19,decreasing,-0.0005246251043315,False,True,True,False
ENSG00000160221,GATD3A,4,16,decreasing,-0.0003006871100811,False,False,False,False
ENSG00000163472,TMEM79,4,8,decreasing,-0.0052038821270916,False,False,False,False
ENSG00000123219,CENPK,4,14,decreasing,-0.0016570315944167,False,False,False,False
ENSG00000162929,KIAA1841,4,16,decreasing,-0.0050780369305597,False,False,False,False
ENSG00000125445,MRPS7,4,5,decreasing,-0.0067660106930267,False,False,False,False
ENSG00000073849,ST6GAL1,4,17,decreasing,0.0044984354747492,False,False,False,False
ENSG00000115170,ACVR1,4,15,decreasing,-0.0040423481663068,True,True,True,False
ENSG00000115840,SLC25A12,4,14,decreasing,0.0079368683036164,False,False,False,False
ENSG00000117222,RBBP5,4,7,decreasing,-0.0088768726333764,False,False,False,False
ENSG00000118482,PHF3,4,17,decreasing,-0.0031830789384032,False,False,False,False
ENSG00000120137,PANK3,4,18,decreasing,-0.0189835076936034,False,False,False,False
ENSG00000123472,ATPAF1,4,15,decreasing,-0.0024247228926766,False,False,False,False
ENSG00000129116,PALLD,4,8,decreasing,-0.002064248105035,False,False,False,False
ENSG00000129295,LRRC6,4,14,increasing,0.0042285877382117,False,False,False,False
ENSG00000130703,OSBPL2,4,8,decreasing,-0.0114555453338409,False,False,False,False
ENSG00000131845,AC005261.1,4,7,decreasing,0.0018699708351088,False,False,False,False
ENSG00000134717,BTF3L4,4,17,decreasing,0.002020252259539,False,False,False,False
ENSG00000135720,DYNC1LI2,4,7,decreasing,-0.001771795993782,False,False,False,False
ENSG00000141699,RETREG3,4,8,decreasing,-0.0027727314318159,False,False,False,False
ENSG00000143157,POGK,4,20,decreasing,-0.0037717139160329,False,False,False,False
ENSG00000153898,MCOLN2,4,9,decreasing,-0.0099483871888817,False,False,False,False
ENSG00000159131,GART,4,15,decreasing,-0.003744649324798,False,False,False,False
ENSG00000163563,MNDA,4,23,decreasing,-0.0034957837923014,False,False,False,False
ENSG00000101236,RNF24,4,10,decreasing,-0.010697497395031,False,False,False,False
ENSG00000015133,CCDC88C,4,8,decreasing,-0.0211689331402178,False,False,False,False
ENSG00000196550,FAM72A,4,17,decreasing,-0.0011324679273263,False,False,False,False
ENSG00000006740,ARHGAP44,4,16,decreasing,-0.0088260639496007,False,False,False,False
ENSG00000198286,CARD11,4,8,decreasing,-0.0149579918589238,True,True,True,False
ENSG00000198689,SLC9A6,4,15,decreasing,-0.0039277507820414,False,False,False,False
ENSG00000198836,OPA1,4,8,decreasing,-0.0262631175714165,False,False,False,False
ENSG00000198856,OSTC,4,5,decreasing,-0.011765269397213,False,False,False,False
ENSG00000204104,TRAF3IP1,4,15,decreasing,8.261025009667503e-05,False,False,False,False
ENSG00000204256,BRD2,4,20,decreasing,-0.00341874040636,False,True,True,False
ENSG00000213064,SFT2D2,4,21,decreasing,-0.0144920491178163,False,False,False,False
ENSG00000213380,COG8,4,18,decreasing,0.0002830223127301,False,False,False,False
ENSG00000214413,BBIP1,4,9,decreasing,-0.0083553805939987,False,False,False,False
ENSG00000226124,FTCDNL1,4,14,decreasing,-0.0034822465349765,False,False,False,False
ENSG00000235750,KIAA0040,4,5,decreasing,0.0062574351736323,False,False,False,False
ENSG00000258881,AC007040.2,4,14,decreasing,-0.0032313973277878,False,False,False,False
ENSG00000273749,CYFIP1,4,20,decreasing,-0.0100004233071607,False,False,False,False
ENSG00000285441,SOD2,4,4,decreasing,-0.0050198565616449,False,False,False,False
ENSG00000119509,INVS,4,10,decreasing,-4.789454831789943e-05,False,False,False,False
ENSG00000150991,UBC,4,6,decreasing,-0.0099776120073542,False,False,False,False
ENSG00000204592,HLA-E,4,8,decreasing,-0.0093838269710145,False,False,False,False
ENSG00000165355,FBXO33,4,9,decreasing,-0.0086690860444238,False,False,False,False
ENSG00000168303,MPLKIP,4,15,decreasing,0.0014036908270973,False,False,False,False
ENSG00000169439,SDC2,4,20,decreasing,-0.0006898102236363,False,False,False,False
ENSG00000185250,PPIL6,4,7,decreasing,-0.0085677205345535,False,False,False,False
ENSG00000164035,EMCN,4,15,decreasing,0.0104101631139108,False,False,False,False
ENSG00000172671,ZFAND4,4,21,decreasing,0.0008330733674171,False,False,False,False
ENSG00000186625,KATNA1,4,19,decreasing,-0.0035701587789723,False,False,False,False
ENSG00000188033,ZNF490,4,18,decreasing,-0.0003473965497115,False,False,False,False
ENSG00000198746,GPATCH3,4,5,decreasing,-0.002571540036998,False,False,False,False
ENSG00000232434,AJM1,4,14,decreasing,-0.0037565094850702,False,False,False,False
ENSG00000124126,PREX1,4,8,decreasing,-0.0096470249517024,False,False,False,False
ENSG00000128891,CCDC32,4,19,decreasing,-0.0045010454398753,False,False,False,False
ENSG00000131051,RBM39,4,8,decreasing,-0.0039943187567383,False,False,False,False
ENSG00000133835,HSD17B4,4,16,decreasing,-0.0020784768240827,False,False,False,False
ENSG00000166012,TAF1D,4,10,decreasing,-0.0106441792285114,False,False,False,False
ENSG00000170006,TMEM154,4,8,decreasing,-0.0099419091254061,False,False,False,False
ENSG00000175054,ATR,4,23,decreasing,-0.0032745595518077,True,True,False,True
ENSG00000184828,ZBTB7C,4,21,decreasing,-0.008742130002286,False,False,False,False
ENSG00000214300,SPDYE3,4,8,decreasing,0.0235137461584726,False,False,False,False
ENSG00000227124,ZNF717,4,16,decreasing,-0.0037677666966561,False,False,False,False
ENSG00000170381,SEMA3E,4,16,decreasing,-0.002095909347645,False,False,False,False
ENSG00000160219,GAB3,4,21,decreasing,0.000701610122927,False,False,False,False
ENSG00000156162,DPY19L4,4,14,decreasing,-0.0028463791693378,False,False,False,False
ENSG00000146143,PRIM2,4,16,increasing,0.0049409687019969,False,False,False,False
ENSG00000100336,APOL4,4,14,decreasing,-0.0048245174654674,False,False,False,False
ENSG00000197265,GTF2E2,4,9,decreasing,-0.0065233045925765,False,False,False,False
ENSG00000214078,CPNE1,4,10,decreasing,0.0010501708969766,False,False,False,False
ENSG00000085871,MGST2,4,16,decreasing,-0.0019274331227925,False,False,False,False
ENSG00000058804,NDC1,4,15,decreasing,-0.004863327997845,False,False,False,False
ENSG00000076770,MBNL3,4,20,decreasing,-0.0058223260338768,False,False,False,False
ENSG00000095139,ARCN1,4,15,decreasing,-0.0030766198946199,False,False,False,False
ENSG00000099338,CATSPERG,4,5,decreasing,-0.0007802092898967,False,False,False,False
ENSG00000105662,CRTC1,4,17,decreasing,-0.0015510870372937,True,True,True,False
ENSG00000145332,KLHL8,4,16,decreasing,0.0027554205144278,False,False,False,False
ENSG00000109079,TNFAIP1,4,16,decreasing,0.0023845880384152,False,False,False,False
ENSG00000109944,JHY,4,14,decreasing,-0.0082862033530341,False,False,False,False
ENSG00000116353,MECR,4,16,decreasing,-0.0018903849619339,False,False,False,False
ENSG00000119771,KLHL29,4,21,decreasing,-0.00548313148922,False,False,False,False
ENSG00000121064,SCPEP1,4,17,decreasing,-0.0012274788869085,False,False,False,False
ENSG00000136404,TM6SF1,4,14,decreasing,-0.0048710166372235,False,False,False,False
ENSG00000140105,WARS1,4,18,decreasing,-0.0028391684230944,False,False,False,False
ENSG00000197448,GSTK1,4,15,decreasing,-0.0011690068222401,False,False,False,False
ENSG00000188659,SAXO2,4,14,decreasing,-0.0046537908195252,False,False,False,False
ENSG00000125611,CHCHD5,4,14,decreasing,-0.0033474380527709,False,False,False,False
ENSG00000139641,ESYT1,4,14,decreasing,-0.0008750321728064,False,False,False,False
ENSG00000143119,CD53,4,24,increasing,0.0446446719795192,False,False,False,False
ENSG00000143514,TP53BP2,4,9,decreasing,-0.0173311088304263,False,False,False,False
ENSG00000144040,SFXN5,4,15,decreasing,-0.0056624164305781,False,False,False,False
ENSG00000144445,KANSL1L,4,19,decreasing,0.0016952385155967,False,False,False,False
ENSG00000144747,TMF1,4,17,decreasing,-0.0029841792122193,False,False,False,False
ENSG00000144749,LRIG1,4,5,decreasing,-0.0060765288985668,False,False,False,False
ENSG00000145191,EIF2B5,4,7,decreasing,0.0068613296635872,False,False,False,False
ENSG00000145996,CDKAL1,4,10,decreasing,-0.0164444438533683,False,False,False,False
ENSG00000146463,ZMYM4,4,10,decreasing,-0.0029187336425957,False,False,False,False
ENSG00000146592,CREB5,4,21,decreasing,0.0022841472024791,False,False,False,False
ENSG00000146802,TMEM168,4,4,decreasing,-0.0082290072196512,False,False,False,False
ENSG00000147443,DOK2,4,21,decreasing,-0.0014114339644755,False,False,False,False
ENSG00000149089,APIP,4,15,decreasing,-0.0027292911666378,False,False,False,False
ENSG00000151725,CENPU,4,9,decreasing,-0.0213084530541467,False,False,False,False
ENSG00000151929,BAG3,4,9,decreasing,-0.012033884351083,False,False,False,False
ENSG00000154479,CCDC173,4,20,decreasing,2.9142776556350053e-05,False,False,False,False
ENSG00000154814,OXNAD1,4,18,decreasing,-0.0047817331794333,False,False,False,False
ENSG00000140987,ZSCAN32,4,16,decreasing,-0.0037318856787741,False,False,False,False
ENSG00000139624,CERS5,4,15,decreasing,-0.0004684338564794,False,False,False,False
ENSG00000185917,SETD4,4,15,decreasing,-0.0019069000128391,False,True,False,False
ENSG00000139324,TMTC3,4,16,decreasing,-0.0067094617649997,False,False,False,False
ENSG00000125731,SH2D3A,4,4,increasing,0.0136141954270855,False,False,False,False
ENSG00000126261,UBA2,4,10,decreasing,0.0012300862787039,False,False,False,False
ENSG00000126767,ELK1,4,17,decreasing,-0.0035528674220943,False,False,False,False
ENSG00000130052,STARD8,4,14,decreasing,-0.0030988069155837,False,False,False,False
ENSG00000130119,GNL3L,4,19,increasing,0.0670127186913957,False,False,False,False
ENSG00000130714,POMT1,4,14,decreasing,-0.0024705780868626,False,False,False,False
ENSG00000131174,COX7B,4,4,decreasing,-0.0185165636547667,False,False,False,False
ENSG00000131378,RFTN1,4,5,decreasing,-0.0349091346749166,False,False,False,False
ENSG00000132005,RFX1,4,5,decreasing,-0.0079045720456062,False,False,False,False
ENSG00000132305,IMMT,4,5,decreasing,-0.003820350255302,False,False,False,False
ENSG00000132405,TBC1D14,4,16,decreasing,-0.0024483743413074,False,False,False,False
ENSG00000134905,CARS2,4,4,decreasing,-0.0118718163378657,False,False,False,False
ENSG00000135045,C9orf40,4,15,decreasing,-0.0051838248362159,False,False,False,False
ENSG00000136861,CDK5RAP2,4,15,decreasing,-0.0029079353185357,False,False,False,False
ENSG00000138382,METTL5,4,20,decreasing,-0.0021860967861883,False,False,False,False
ENSG00000138821,SLC39A8,4,9,decreasing,-0.0049349148198146,False,False,False,False
ENSG00000139278,GLIPR1,4,17,decreasing,0.0014295377738304,False,False,False,False
ENSG00000155304,HSPA13,4,14,decreasing,-0.0014292704183902,False,False,False,False
ENSG00000155906,RMND1,4,22,decreasing,-0.0029533692683693,False,False,False,False
ENSG00000156030,ELMSAN1,4,4,decreasing,-0.0131154582245967,False,False,False,False
ENSG00000157106,SMG1,4,5,decreasing,0.0010123842376533,False,True,False,True
ENSG00000169093,ASMTL,4,22,decreasing,-0.0011089318065462,False,False,False,False
ENSG00000171136,RLN3,4,5,decreasing,-0.0109677491225482,False,False,False,False
ENSG00000171530,TBCA,4,23,decreasing,-0.0041827676749802,False,False,False,False
ENSG00000171714,ANO5,4,14,decreasing,-0.0030118003161772,False,False,False,False
ENSG00000172053,QARS1,4,7,decreasing,0.0056476365831971,False,False,False,False
ENSG00000173406,DAB1,4,5,decreasing,-0.0046880061003468,False,False,False,False
ENSG00000174004,NRROS,4,17,decreasing,-0.0017792353885922,False,False,False,False
ENSG00000177082,WDR73,4,7,decreasing,-0.0778748245774562,False,False,False,False
ENSG00000177628,GBA,4,14,decreasing,-0.0031435450743057,False,False,False,False
ENSG00000179271,GADD45GIP1,4,9,decreasing,-0.0071923859106373,False,False,False,False
ENSG00000182287,AP1S2,4,16,decreasing,-0.001527529831231,False,False,False,False
ENSG00000182944,EWSR1,4,10,decreasing,-0.0026726614942854,True,True,True,False
ENSG00000183336,BOLA2,4,5,decreasing,0.0067695287738067,False,False,False,False
ENSG00000184371,CSF1,4,19,decreasing,-0.0107184489717703,False,False,False,False
ENSG00000184635,ZNF93,4,14,decreasing,-0.0042802007319557,False,False,False,False
ENSG00000184743,ATL3,4,20,decreasing,0.000366718771425,False,False,False,False
ENSG00000185624,P4HB,4,15,increasing,0.0127518347262491,False,False,False,False
ENSG00000168538,TRAPPC11,4,20,decreasing,-0.0128723891451975,False,False,False,False
ENSG00000168259,DNAJC7,4,16,decreasing,-0.0050864662169442,False,False,False,False
ENSG00000168028,RPSA,4,7,decreasing,-0.0177638187762086,False,False,False,False
ENSG00000163534,FCRL1,4,14,decreasing,-0.0028394626668255,False,False,False,False
ENSG00000157426,AASDH,4,14,decreasing,-0.0052195554025387,False,False,False,False
ENSG00000159788,RGS12,4,17,decreasing,-0.0022203767605992,False,False,False,False
ENSG00000160013,PTGIR,4,4,decreasing,-0.0072828199712884,False,False,False,False
ENSG00000160953,PWWP3A,4,5,decreasing,-0.0101926377822816,False,False,False,False
ENSG00000160999,SH2B2,4,14,decreasing,0.0050398232001155,False,False,False,False
ENSG00000162222,TTC9C,4,4,decreasing,-0.0173337581079245,False,False,False,False
ENSG00000163219,ARHGAP25,4,16,decreasing,-0.0016533173769022,False,False,False,False
ENSG00000163872,YEATS2,4,5,decreasing,-0.0094590564301915,False,False,False,False
ENSG00000167904,TMEM68,4,18,decreasing,-0.0272119171821218,False,False,False,False
ENSG00000163932,PRKCD,4,5,decreasing,-0.0094768003558295,False,False,False,False
ENSG00000164494,PDSS2,4,22,decreasing,-0.0139283782820099,False,False,False,False
ENSG00000164741,DLC1,4,4,decreasing,-0.015724229988577,False,False,False,False
ENSG00000165417,GTF2A1,4,8,decreasing,-0.0194281871772922,False,False,False,False
ENSG00000166164,BRD7,4,22,decreasing,-0.0044170001394583,False,False,False,False
ENSG00000167186,COQ7,4,4,decreasing,-0.0070409826914989,False,False,False,False
ENSG00000167460,TPM4,4,9,decreasing,0.0038724123447972,True,False,False,False
ENSG00000215252,GOLGA8B,4,22,decreasing,0.0134663975811426,False,False,False,False
ENSG00000165525,NEMF,4,24,decreasing,-0.011095344889117,False,False,False,False
ENSG00000203814,H2BC18,4,8,increasing,0.003842519917035,False,False,False,False
ENSG00000107937,GTPBP4,4,9,decreasing,-0.0139005003276352,False,False,False,False
ENSG00000121749,TBC1D15,4,21,decreasing,0.0294618291184425,False,False,False,False
ENSG00000123200,ZC3H13,4,23,decreasing,-0.0018954395461732,False,False,False,False
ENSG00000125691,RPL23,4,18,decreasing,-0.017549099484286,False,False,False,False
ENSG00000129696,TTI2,4,7,decreasing,0.0037102201719103,False,False,False,False
ENSG00000134109,EDEM1,4,8,decreasing,-0.0002320903461209,False,False,False,False
ENSG00000135913,USP37,4,10,decreasing,-0.0033184547621066,False,False,False,False
ENSG00000137076,TLN1,4,8,decreasing,0.0004571847740846,False,False,False,False
ENSG00000137414,FAM8A1,4,16,decreasing,-0.0008726092719411,False,False,False,False
ENSG00000137710,RDX,4,23,decreasing,-0.0154567916229403,False,False,False,False
ENSG00000137871,ZNF280D,4,10,decreasing,-0.0298942109977221,False,False,False,False
ENSG00000143398,PIP5K1A,4,10,decreasing,-0.0029014763978351,False,False,False,False
ENSG00000143870,PDIA6,4,15,decreasing,-0.004607165746141,False,False,False,False
ENSG00000147457,CHMP7,4,8,decreasing,0.0035682716278285,False,False,False,False
ENSG00000147684,NDUFB9,4,9,decreasing,-0.0381968951575162,False,False,False,False
ENSG00000149091,DGKZ,4,9,decreasing,-0.0022344138751618,False,False,False,False
ENSG00000151726,ACSL1,4,10,decreasing,-0.0143457245560279,False,False,False,False
ENSG00000152766,ANKRD22,4,7,decreasing,-0.0050824422505508,False,False,False,False
ENSG00000111358,GTF2H3,4,9,decreasing,-0.017020031236861,False,False,False,False
ENSG00000100526,CDKN3,4,7,decreasing,-0.0080134132455012,False,False,False,False
ENSG00000197635,DPP4,4,18,decreasing,-0.0135329205253483,False,False,False,False
ENSG00000081154,PCNP,4,9,decreasing,-0.0090248074492677,False,False,False,False
ENSG00000204525,HLA-C,4,9,increasing,0.0020097522152901,False,True,False,True
ENSG00000206527,HACD2,4,7,increasing,0.0105273665908263,False,False,False,False
ENSG00000213465,ARL2,4,15,decreasing,0.0022810748135741,False,False,False,False
ENSG00000228144,AC078927.1,4,5,decreasing,-0.050287698427668,False,False,False,False
ENSG00000234857,HNRNPUL2-BSCL2,4,10,decreasing,-0.0121912261537318,False,False,False,False
ENSG00000240230,COX19,4,18,decreasing,0.0189528508185543,False,False,False,False
ENSG00000254979,AP000781.2,4,8,increasing,0.0083037407491873,False,False,False,False
ENSG00000256223,ZNF10,4,9,decreasing,-0.0190419395894538,False,False,False,False
ENSG00000257529,RPL36A-HNRNPH2,4,7,decreasing,0.0097435214200216,False,False,False,False
ENSG00000285713,AC098588.2,4,8,decreasing,0.0068242409113674,False,False,False,False
ENSG00000286219,NOTCH2NLC,4,9,decreasing,-0.0126936938036126,False,False,False,False
ENSG00000039650,PNKP,4,21,decreasing,-0.0039421967569472,False,False,False,False
ENSG00000057757,PITHD1,4,21,decreasing,-0.0073965360775928,False,False,False,False
ENSG00000060558,GNA15,4,9,decreasing,-0.0112324957826444,False,False,False,False
ENSG00000066455,GOLGA5,4,7,decreasing,-0.0053764843334059,True,False,False,False
ENSG00000067560,RHOA,4,24,decreasing,0.0226093186133698,True,True,True,False
ENSG00000072401,UBE2D1,4,9,decreasing,-0.0183840710254569,False,False,False,False
ENSG00000153147,SMARCA5,4,8,decreasing,-0.0175459186500984,False,False,False,False
ENSG00000154065,ANKRD29,4,8,decreasing,-0.0128378679002184,False,False,False,False
ENSG00000159733,ZFYVE28,4,10,decreasing,-0.0144410658901756,False,False,False,False
ENSG00000161558,TMEM143,4,8,decreasing,-0.00597230578413,False,False,False,False
ENSG00000008710,PKD1,4,6,decreasing,-0.0027752984367083,False,False,False,False
ENSG00000013523,ANGEL1,4,7,decreasing,-0.0072072375234113,False,False,False,False
ENSG00000048392,RRM2B,4,17,decreasing,-0.0053409844439211,False,False,False,False
ENSG00000095485,CWF19L1,4,7,decreasing,-0.0014562205099403,False,False,False,False
ENSG00000111962,UST,4,23,decreasing,-0.001867991759631,False,False,False,False
ENSG00000118503,TNFAIP3,4,9,decreasing,-0.0128740845393512,True,True,False,True
ENSG00000120727,PAIP2,4,9,decreasing,0.0036543452538657,False,False,False,False
ENSG00000122861,PLAU,4,14,decreasing,-0.004194119928075,False,False,False,False
ENSG00000123240,OPTN,4,22,decreasing,-0.0043412052818323,False,False,False,False
ENSG00000127481,UBR4,4,9,decreasing,0.0051534973544925,False,False,False,False
ENSG00000134759,ELP2,4,9,decreasing,-0.0020632728088029,False,False,False,False
ENSG00000146278,PNRC1,4,7,decreasing,-0.0488886558963431,False,True,False,False
ENSG00000152133,GPATCH11,4,8,decreasing,-0.0021180542521422,False,False,False,False
ENSG00000152409,JMY,4,10,decreasing,-0.0154876697867101,False,False,False,False
ENSG00000157014,TATDN2,4,6,decreasing,-0.0456991004901775,False,False,False,False
ENSG00000160201,U2AF1,4,8,decreasing,-0.0019399288935285,True,True,True,False
ENSG00000161813,LARP4,4,8,decreasing,-0.0089250315267343,False,False,False,False
ENSG00000005844,ITGAL,4,9,decreasing,-0.0033673141867922,False,False,False,False
ENSG00000270882,H4C14,4,8,increasing,0.016490574164583,False,False,False,False
ENSG00000266472,MRPS21,4,8,increasing,0.007233983041153,False,False,False,False
ENSG00000178105,DDX10,4,17,decreasing,-0.0031353689197735,True,False,False,False
ENSG00000163251,FZD5,4,6,decreasing,0.0090456852093434,False,False,False,False
ENSG00000164978,NUDT2,4,7,decreasing,-0.0063197887828322,False,False,False,False
ENSG00000166454,ATMIN,4,7,decreasing,-0.0215435498216663,False,True,False,True
ENSG00000166734,CASC4,4,9,decreasing,-0.0061502881348472,False,False,False,False
ENSG00000168785,TSPAN5,4,19,decreasing,0.0057774587685623,False,False,False,False
ENSG00000172757,CFL1,4,6,decreasing,-0.0105319474487631,False,False,False,False
ENSG00000173281,PPP1R3B,4,8,increasing,0.0211415544661672,False,False,False,False
ENSG00000182400,TRAPPC6B,4,9,decreasing,0.0016535257433925,False,False,False,False
ENSG00000256806,C17orf100,4,8,decreasing,-0.0059727035394991,False,False,False,False
ENSG00000186063,AIDA,4,21,decreasing,-0.0005748460604982,False,False,False,False
ENSG00000187164,SHTN1,4,10,decreasing,-0.0130188246042485,False,False,False,False
ENSG00000196151,WDSUB1,4,21,decreasing,-0.0120593290248283,False,False,False,False
ENSG00000197302,ZNF720,4,7,decreasing,-0.0065198960254668,False,False,False,False
ENSG00000198018,ENTPD7,4,7,decreasing,-0.0100184039283452,False,False,False,False
ENSG00000205581,HMGN1,4,7,decreasing,-0.0030950494445933,False,False,False,False
ENSG00000213780,GTF2H4,4,20,decreasing,0.0006423577050964,False,False,False,False
ENSG00000204272,NBDY,4,19,decreasing,-0.0041311903395028,False,False,False,False
ENSG00000196950,SLC39A10,4,9,decreasing,-0.0212097972398875,False,False,False,False
ENSG00000165113,GKAP1,4,8,decreasing,-0.0002084143924182,False,False,False,False
ENSG00000089280,FUS,4,8,decreasing,-0.0493022523592067,True,True,True,False
ENSG00000099991,CABIN1,4,9,decreasing,0.0590908572737845,False,False,False,False
ENSG00000106524,ANKMY2,4,8,decreasing,-0.0459727840847053,False,False,False,False
ENSG00000107362,ABHD17B,4,9,decreasing,-0.0038103027483083,False,False,False,False
ENSG00000108559,NUP88,4,9,decreasing,-0.0012986373173878,False,False,False,False
ENSG00000108960,MMD,4,14,increasing,0.009043511579182,False,False,False,False
ENSG00000110048,OSBP,4,9,decreasing,-0.0142877370972462,False,False,False,False
ENSG00000113048,MRPS27,4,9,decreasing,0.0224604977163144,False,False,False,False
ENSG00000113916,BCL6,4,8,increasing,0.0656003615390549,True,True,True,False
ENSG00000114316,USP4,4,24,increasing,0.0044819054225584,False,False,False,False
ENSG00000114650,SCAP,4,9,decreasing,-0.0363761812985963,False,False,False,False
ENSG00000115806,GORASP2,4,9,decreasing,-0.0115710642210575,False,False,False,False
ENSG00000117262,GPR89A,4,10,decreasing,-0.001013690355614,False,False,False,False
ENSG00000123143,PKN1,4,17,decreasing,-0.0033293692794975,False,False,False,False
ENSG00000123416,TUBA1B,4,8,decreasing,0.0249509356053125,False,False,False,False
ENSG00000124422,USP22,4,19,decreasing,-0.010247987432942,False,False,False,False
ENSG00000125107,CNOT1,4,19,decreasing,-0.0036273618228057,False,False,False,False
ENSG00000127616,SMARCA4,4,18,decreasing,-0.0009659810346611,True,True,False,True
ENSG00000099977,DDT,4,8,decreasing,-0.1763103493975474,False,False,False,False
ENSG00000089048,ESF1,4,17,decreasing,-0.0033026207341878,False,False,False,False
ENSG00000188938,FAM120AOS,4,9,decreasing,0.0099214419613305,False,False,False,False
ENSG00000088930,XRN2,4,18,decreasing,-0.0036046068650119,False,False,False,False
ENSG00000198668,CALM1,4,16,increasing,0.0012563834520859,False,False,False,False
ENSG00000004799,PDK4,4,17,decreasing,-0.0042444742141854,False,False,False,False
ENSG00000005436,GCFC2,4,15,decreasing,-0.0051734807146393,False,False,False,False
ENSG00000007545,CRAMP1,4,16,decreasing,0.0011703037510894,False,False,False,False
ENSG00000010671,BTK,4,9,decreasing,-0.0577684864420101,True,True,True,False
ENSG00000019144,PHLDB1,4,9,decreasing,-0.0169101090402866,False,False,False,False
ENSG00000022277,RTF2,4,10,decreasing,-0.0137698074338757,False,False,False,False
ENSG00000049246,PER3,4,10,decreasing,-0.0207096182831044,False,False,False,False
ENSG00000049249,TNFRSF9,4,5,decreasing,-0.0095432643805869,False,True,False,False
ENSG00000066654,THUMPD1,4,9,increasing,0.0143307766582717,False,False,False,False
ENSG00000066697,MSANTD3,4,9,decreasing,0.0080549178852485,False,False,False,False
ENSG00000069329,VPS35,4,9,decreasing,-0.0237270398759408,False,False,False,False
ENSG00000069493,CLEC2D,4,9,decreasing,-0.1653818202349692,False,False,False,False
ENSG00000077549,CAPZB,4,10,decreasing,-0.0045208616993025,False,False,False,False
ENSG00000083099,LYRM2,4,9,increasing,0.0085566806733656,False,False,False,False
ENSG00000083799,CYLD,4,10,decreasing,-0.0133570491994629,True,True,False,True
ENSG00000087884,AAMDC,4,10,decreasing,-0.0061759248670331,False,False,False,False
ENSG00000131503,ANKHD1,4,10,decreasing,-0.0206911052335989,False,False,False,False
ENSG00000131508,UBE2D2,4,9,decreasing,0.0002521257193807,False,False,False,False
ENSG00000134317,GRHL1,4,14,decreasing,-0.0110557336985751,False,False,False,False
ENSG00000134758,RNF138,4,10,decreasing,1.668055481825019e-05,False,False,False,False
ENSG00000167106,FAM102A,4,4,increasing,0.0319530491604634,False,False,False,False
ENSG00000167625,ZNF526,4,8,decreasing,-0.0555859652525071,False,False,False,False
ENSG00000169682,SPNS1,4,22,increasing,0.0064289440747307,False,False,False,False
ENSG00000169896,ITGAM,4,8,decreasing,0.0092817244485411,False,False,False,False
ENSG00000170266,GLB1,4,9,decreasing,0.0138834015427396,False,False,False,False
ENSG00000171311,EXOSC1,4,10,decreasing,0.003590778589413,False,False,False,False
ENSG00000172667,ZMAT3,4,8,increasing,0.0110512112524941,False,False,False,False
ENSG00000173273,TNKS,4,10,decreasing,-0.0135996609718734,False,False,False,False
ENSG00000173611,SCAI,4,10,decreasing,-0.0124834349073307,False,False,False,False
ENSG00000178234,GALNT11,4,19,decreasing,0.0558972835649657,False,False,False,False
ENSG00000181026,AEN,4,7,decreasing,0.0076276313618697,False,False,False,False
ENSG00000182326,C1S,4,8,decreasing,0.00964332336667,False,False,False,False
ENSG00000183426,NPIPA1,4,7,decreasing,-0.0087933008372386,False,False,False,False
ENSG00000184164,CRELD2,4,8,decreasing,-0.0405872700001997,False,False,False,False
ENSG00000185811,IKZF1,4,17,decreasing,-0.0141532521961831,True,True,False,False
ENSG00000185880,TRIM69,4,9,decreasing,-0.0044979434697404,False,False,False,False
ENSG00000186812,ZNF397,4,18,decreasing,-0.0080184325750536,False,False,False,False
ENSG00000165660,ABRAXAS2,4,5,decreasing,0.020062421359101,False,False,False,False
ENSG00000165416,SUGT1,4,10,decreasing,0.0271814974732051,False,False,False,False
ENSG00000163719,MTMR14,4,10,decreasing,0.0550243702956912,False,False,False,False
ENSG00000151461,UPF2,4,4,decreasing,-0.0054753930937518,False,False,False,False
ENSG00000136108,CKAP2,4,10,decreasing,-0.0053617623283347,False,False,False,False
ENSG00000137501,SYTL2,4,10,decreasing,-0.0198847278190825,False,False,False,False
ENSG00000141564,RPTOR,4,10,decreasing,-0.0234408361196572,False,True,True,False
ENSG00000142541,RPL13A,4,7,decreasing,-0.0901446395677507,False,False,False,False
ENSG00000144711,IQSEC1,4,22,decreasing,0.0022567909508141,False,False,False,False
ENSG00000147065,MSN,4,16,decreasing,0.0016046902897331,True,False,False,False
ENSG00000148690,FRA10AC1,4,14,decreasing,-0.0186318716397037,False,False,False,False
ENSG00000152056,AP1S3,4,9,decreasing,-0.0030608548221353,False,False,False,False
ENSG00000162642,C1orf52,4,9,decreasing,-0.0061148868135158,False,False,False,False
ENSG00000154059,IMPACT,4,9,decreasing,-0.0540830082265112,False,False,False,False
ENSG00000155111,CDK19,4,10,decreasing,-0.0078341043823796,False,False,False,False
ENSG00000156502,SUPV3L1,4,10,decreasing,-0.0010299841624764,False,False,False,False
ENSG00000159212,CLIC6,4,16,decreasing,-0.0617914587142403,False,False,False,False
ENSG00000160683,CXCR5,4,6,decreasing,-0.0535605765681546,False,False,False,False
ENSG00000162191,UBXN1,4,6,decreasing,0.0037887604686517,False,False,False,False
ENSG00000162368,CMPK1,4,8,decreasing,0.0068245587596469,False,False,False,False
ENSG00000162377,COA7,4,14,decreasing,-0.0075149429732875,False,False,False,False
ENSG00000163904,SENP2,4,10,decreasing,0.0043087748768157,False,False,False,False
ENSG00000165810,BTNL9,4,14,decreasing,-0.0019741736957402,False,False,False,False
ENSG00000154451,GBP5,4,4,decreasing,-0.0033156863049647,False,False,False,False
ENSG00000155096,AZIN1,4,10,decreasing,-0.0084262424557754,False,False,False,False
ENSG00000155506,LARP1,4,9,increasing,0.0119692654640421,False,False,False,False
ENSG00000155903,RASA2,4,24,decreasing,-0.0081650723008108,False,False,False,False
ENSG00000156804,FBXO32,4,9,decreasing,-0.0062349555714289,False,False,False,False
ENSG00000157404,KIT,4,16,decreasing,-0.0002312673942008,True,True,True,False
ENSG00000159674,SPON2,4,9,decreasing,-0.0263032261291557,False,False,False,False
ENSG00000159873,CCDC117,4,8,increasing,0.0178804130181843,False,False,False,False
ENSG00000160223,ICOSLG,4,21,decreasing,0.0079881576195539,False,True,True,False
ENSG00000160271,RALGDS,4,18,decreasing,0.007637882544556,False,False,False,False
ENSG00000160305,DIP2A,4,18,decreasing,-0.0036801921846576,False,False,False,False
ENSG00000160345,C9orf116,4,14,decreasing,0.0388051543033226,False,False,False,False
ENSG00000161179,YDJC,4,14,decreasing,-0.0011153745144392,False,False,False,False
ENSG00000162607,USP1,4,4,decreasing,-0.0039234263602281,False,True,True,False
ENSG00000162885,B3GALNT2,4,16,decreasing,-0.0003889153433069,False,False,False,False
ENSG00000163126,ANKRD23,4,15,increasing,0.0037603054572579,False,False,False,False
ENSG00000163249,CCNYL1,4,24,increasing,0.0647920330468682,False,False,False,False
ENSG00000163374,YY1AP1,4,9,decreasing,0.0003470630627777,False,False,False,False
ENSG00000154781,CCDC174,4,10,decreasing,-0.0730818754652746,False,False,False,False
ENSG00000154237,LRRK1,4,17,decreasing,-0.0133378746882434,False,False,False,False
ENSG00000136152,COG3,4,8,decreasing,0.0052852975706365,False,False,False,False
ENSG00000153339,TRAPPC8,4,19,decreasing,-6.5094299730025e-05,False,False,False,False
ENSG00000136738,STAM,4,16,decreasing,-0.0071248747011946,False,False,False,False
ENSG00000136935,GOLGA1,4,4,decreasing,0.0014251667478624,False,False,False,False
ENSG00000139168,ZCRB1,4,4,decreasing,-0.0025960004811145,False,False,False,False
ENSG00000139651,ZNF740,4,17,decreasing,0.0145246875838346,False,False,False,False
ENSG00000140612,SEC11A,4,9,increasing,0.0080905813259921,False,False,False,False
ENSG00000140995,DEF8,4,8,decreasing,-0.0012552182703017,False,False,False,False
ENSG00000143437,ARNT,4,18,decreasing,-0.0019843091343085,True,True,False,False
ENSG00000143889,HNRNPLL,4,20,decreasing,-0.0001849891512877,False,False,False,False
ENSG00000143951,WDPCP,4,16,decreasing,-0.0047735602156086,False,False,False,False
ENSG00000144713,RPL32,4,8,decreasing,0.0032705694771317,False,False,False,False
ENSG00000144791,LIMD1,4,5,decreasing,-0.0178943637293655,False,False,False,False
ENSG00000148835,TAF5,4,16,decreasing,-0.0016576059054878,False,False,False,False
ENSG00000149196,HIKESHI,4,10,increasing,0.0143797711360955,False,False,False,False
ENSG00000149289,ZC3H12C,4,4,decreasing,0.0004204803388393,False,False,False,False
ENSG00000151092,NGLY1,4,4,decreasing,-0.0017890410223642,False,False,False,False
ENSG00000151353,TMEM18,4,9,decreasing,-0.0335327279006329,False,False,False,False
ENSG00000152128,TMEM163,4,10,decreasing,-0.0053276800919345,False,False,False,False
ENSG00000163728,TTC14,4,15,decreasing,-0.0088555843057836,False,False,False,False
ENSG00000163832,ELP6,4,4,decreasing,-0.0119508553051545,False,False,False,False
ENSG00000164040,PGRMC2,4,5,decreasing,-0.0056005550209262,False,False,False,False
ENSG00000165030,NFIL3,4,9,increasing,0.0073650260571243,False,False,False,False
ENSG00000183337,BCOR,4,8,decreasing,0.0104645950541754,True,True,False,True
ENSG00000183597,TANGO2,4,9,decreasing,0.006927330384431,False,False,False,False
ENSG00000183655,KLHL25,4,10,decreasing,-0.0054609275380417,False,False,False,False
ENSG00000184005,ST6GALNAC3,4,16,decreasing,-0.0579562884233056,False,False,False,False
ENSG00000184060,ADAP2,4,17,decreasing,0.0071225530953993,False,False,False,False
ENSG00000184470,TXNRD2,4,10,increasing,0.0016551052974756,False,False,False,False
ENSG00000184863,RBM33,4,9,increasing,0.0397591685899708,False,False,False,False
ENSG00000185436,IFNLR1,4,8,decreasing,-0.0071124253916175,False,False,False,False
ENSG00000186480,INSIG1,4,8,decreasing,-0.0045991140509532,False,False,False,False
ENSG00000189067,LITAF,4,10,decreasing,-0.015532374619151,False,False,False,False
ENSG00000189376,C8orf76,4,9,decreasing,0.0049516084392726,False,False,False,False
ENSG00000196975,ANXA4,4,22,decreasing,-0.0018122160910532,False,False,False,False
ENSG00000197162,ZNF785,4,4,decreasing,-0.0177310696747516,False,False,False,False
ENSG00000197451,HNRNPAB,4,16,decreasing,-0.0028606108854277,False,False,False,False
ENSG00000197971,MBP,4,23,decreasing,-0.004405430183947,False,False,False,False
ENSG00000198369,SPRED2,4,9,decreasing,0.0014668977291766,False,False,False,False
ENSG00000170836,PPM1D,4,9,decreasing,-0.0002216333967047,True,True,True,False
ENSG00000182831,C16orf72,4,8,decreasing,-0.0148021359142863,False,False,False,False
ENSG00000180998,GPR137C,4,5,decreasing,-0.0033524935767976,False,False,False,False
ENSG00000178425,NT5DC1,4,18,increasing,0.0131349158430036,False,False,False,False
ENSG00000171823,FBXL14,4,8,decreasing,0.0045858425009691,False,False,False,False
ENSG00000165233,CARD19,4,4,decreasing,-0.00412242942725,False,False,False,False
ENSG00000165943,MOAP1,4,5,increasing,0.0295508975256403,False,False,False,False
ENSG00000166266,CUL5,4,10,decreasing,0.001732594712905,False,False,False,False
ENSG00000166295,ANAPC16,4,10,decreasing,-0.0001767177067498,False,False,False,False
ENSG00000168827,GFM1,4,16,decreasing,-0.0030365915886147,False,False,False,False
ENSG00000170889,RPS9,4,5,decreasing,-0.0118402540785757,False,False,False,False
ENSG00000171552,BCL2L1,4,9,decreasing,-0.0187626613331037,False,True,False,False
ENSG00000172058,SERF1A,4,16,decreasing,-0.0038030363557515,False,False,False,False
ENSG00000177119,ANO6,4,9,increasing,0.0168783295043043,False,False,False,False
ENSG00000173542,MOB1B,4,23,decreasing,-0.0406053644418053,False,False,False,False
ENSG00000173588,CEP83,4,9,increasing,0.0205876296240681,False,False,False,False
ENSG00000173926,MARCHF3,4,10,decreasing,-0.0166533219260119,False,False,False,False
ENSG00000175470,PPP2R2D,4,9,decreasing,0.0040215478398851,False,False,False,False
ENSG00000176105,YES1,4,10,decreasing,-0.0255794243589671,False,True,True,False
ENSG00000176148,TCP11L1,4,19,decreasing,-0.0142404406988418,False,False,False,False
ENSG00000176222,ZNF404,4,14,increasing,0.0018450370838043,False,False,False,False
ENSG00000136709,WDR33,4,10,increasing,0.0071215808980473,False,False,False,False
ENSG00000171490,RSL1D1,4,9,decreasing,0.0004232504606124,False,False,False,False
ENSG00000135945,REV1,4,18,decreasing,-0.0004930920797118,False,False,False,False
ENSG00000051108,HERPUD1,4,10,decreasing,-0.0054782782638396,True,True,False,False
ENSG00000070814,TCOF1,4,19,decreasing,-0.0141622408957472,False,False,False,False
ENSG00000075785,RAB7A,4,24,decreasing,-0.0037259107434602,False,False,False,False
ENSG00000076716,GPC4,4,19,decreasing,0.0142597380582696,False,False,False,False
ENSG00000091436,MAP3K20,4,9,increasing,0.0379820821859689,False,False,False,False
ENSG00000093072,ADA2,4,18,increasing,0.0028356131615752,False,False,False,False
ENSG00000095370,SH2D3C,4,15,decreasing,-0.0026232465910712,False,False,False,False
ENSG00000099219,ERMP1,4,16,decreasing,-0.0016771790183407,False,False,False,False
ENSG00000099956,SMARCB1,4,4,increasing,0.0627678915039516,True,True,False,True
ENSG00000100209,HSCB,4,9,decreasing,0.0612413916899554,False,False,False,False
ENSG00000100266,PACSIN2,4,10,increasing,0.0084734561708167,False,False,False,False
ENSG00000100478,AP4S1,4,9,decreasing,-0.008852731315338,False,False,False,False
ENSG00000100644,HIF1A,4,10,decreasing,-0.0010382963063639,True,True,True,False
ENSG00000101935,AMMECR1,4,5,decreasing,-0.0049466006437556,False,False,False,False
ENSG00000102921,N4BP1,4,9,decreasing,-0.0103227090976956,False,False,False,False
ENSG00000103245,CIAO3,4,15,decreasing,-0.0041781772509213,False,False,False,False
ENSG00000103342,GSPT1,4,9,decreasing,0.0273192009181503,False,False,False,False
ENSG00000103426,CORO7-PAM16,4,8,decreasing,-0.006888551995684,False,False,False,False
ENSG00000056558,TRAF1,4,5,decreasing,-0.0051505930417626,False,False,False,False
ENSG00000048707,VPS13D,4,24,decreasing,0.005048836940942,False,False,False,False
ENSG00000103811,CTSH,4,10,increasing,0.0094114580647701,False,False,False,False
ENSG00000048544,MRPS10,4,8,decreasing,0.0018997904309348,False,False,False,False
ENSG00000171522,PTGER4,4,8,decreasing,-0.0007422257765174,False,False,False,False
ENSG00000135426,TESPA1,4,18,decreasing,-0.0060378329022266,False,False,False,False
ENSG00000171634,BPTF,4,24,decreasing,-0.0036808150991263,False,False,False,False
ENSG00000172663,TMEM134,4,7,decreasing,-0.0033900430672735,False,False,False,False
ENSG00000174125,TLR1,4,22,decreasing,-0.0073932382848987,False,False,False,False
ENSG00000184924,PTRHD1,4,5,decreasing,-0.0125506186711629,False,False,False,False
ENSG00000188735,TMEM120B,4,17,decreasing,-0.0048269469268289,False,False,False,False
ENSG00000197343,ZNF655,4,8,decreasing,-0.0240846289698597,False,False,False,False
ENSG00000197928,ZNF677,4,5,decreasing,-0.0195412986336967,False,False,False,False
ENSG00000204642,HLA-F,4,7,decreasing,-0.0069743731253541,False,False,False,False
ENSG00000267228,AC012254.2,4,7,decreasing,-0.003962014567324,False,False,False,False
ENSG00000004468,CD38,4,20,decreasing,0.0192441902033908,False,False,False,False
ENSG00000008405,CRY1,4,9,decreasing,-0.149624214068866,False,False,False,False
ENSG00000008513,ST3GAL1,4,23,decreasing,0.013509187968627,False,False,False,False
ENSG00000013563,DNASE1L1,4,4,decreasing,0.0170237865626915,False,False,False,False
ENSG00000013810,TACC3,4,9,decreasing,-0.0111307303846225,False,False,False,False
ENSG00000026950,BTN3A1,4,4,decreasing,-0.0119744199974716,False,False,False,False
ENSG00000103512,NOMO1,4,9,decreasing,-0.0024090660063232,False,False,False,False
ENSG00000047365,ARAP2,4,9,decreasing,0.0178160288579653,False,False,False,False
ENSG00000104228,TRIM35,4,15,decreasing,-0.0023328584707561,False,False,False,False
ENSG00000117174,ZNHIT6,4,17,decreasing,-0.0056077826977059,False,False,False,False
ENSG00000118564,FBXL5,4,9,decreasing,0.0062417395361444,False,False,False,False
ENSG00000118579,MED28,4,15,decreasing,0.0005782676692758,False,False,False,False
ENSG00000118971,CCND2,4,17,decreasing,-0.0157730453307757,True,True,True,False
ENSG00000120526,NUDCD1,4,8,decreasing,-0.0188991315223912,False,False,False,False
ENSG00000121481,RNF2,4,16,decreasing,-0.0081627069319307,False,False,False,False
ENSG00000122406,RPL5,4,8,increasing,0.0678459972083554,True,True,False,True
ENSG00000123684,LPGAT1,4,9,decreasing,0.0025664238568694,False,False,False,False
ENSG00000125676,THOC2,4,24,decreasing,-0.0044116763947896,False,False,False,False
ENSG00000126775,ATG14,4,5,decreasing,-0.0133304868306133,False,False,False,False
ENSG00000127334,DYRK2,4,17,decreasing,-0.0057025456686468,False,False,False,False
ENSG00000129158,SERGEF,4,16,decreasing,-0.0064520221408536,False,False,False,False
ENSG00000130638,ATXN10,4,9,decreasing,-0.0183036603144909,False,False,False,False
ENSG00000131196,NFATC1,4,20,decreasing,-0.0045810702418952,False,False,False,False
ENSG00000132965,ALOX5AP,4,17,decreasing,-0.0041886680480867,False,False,False,False
ENSG00000104660,LEPROTL1,4,5,decreasing,0.0068611196375191,False,False,False,False
ENSG00000133983,COX16,4,10,increasing,0.0186160621468744,False,False,False,False
ENSG00000134001,EIF2S1,4,9,decreasing,-0.0007686730147601,False,False,False,False
ENSG00000118246,FASTKD2,4,10,decreasing,0.004016186836226,False,False,False,False
ENSG00000124145,SDC4,4,16,decreasing,0.0056801445188591,True,False,False,False
ENSG00000110031,LPXN,4,10,decreasing,0.0689751875141781,False,False,False,False
ENSG00000111726,CMAS,4,14,decreasing,-0.0047065025098588,False,False,False,False
ENSG00000107949,BCCIP,4,5,increasing,0.0111114593937989,False,False,False,False
ENSG00000116688,MFN2,4,9,decreasing,0.0030008257026197,False,False,False,False
ENSG00000108021,TASOR2,4,10,decreasing,0.0023356130975687,False,False,False,False
ENSG00000109016,DHRS7B,4,18,decreasing,0.0060327268983367,False,False,False,False
ENSG00000110011,DNAJC4,4,16,decreasing,-0.0032315213425456,False,False,False,False
ENSG00000111011,RSRC2,4,10,decreasing,-0.0205827447308818,False,False,False,False
ENSG00000111144,LTA4H,4,5,decreasing,-0.0028126380862686,False,False,False,False
ENSG00000106070,GRB10,4,7,increasing,0.0126775143342355,False,False,False,False
ENSG00000111802,TDP2,4,18,decreasing,-0.0105753525175195,False,False,False,False
ENSG00000112234,FBXL4,4,20,decreasing,0.0129906952036317,False,False,False,False
ENSG00000112419,PHACTR2,4,10,decreasing,-0.0061743400892167,False,False,False,False
ENSG00000112972,HMGCS1,4,10,decreasing,-0.0073407971009393,False,False,False,False
ENSG00000113368,LMNB1,4,20,increasing,0.0429791368960027,False,False,False,False
ENSG00000114125,RNF7,4,4,decreasing,-0.0033715139851004,False,False,False,False
ENSG00000105821,DNAJC2,4,8,decreasing,-0.0018704669084062,False,False,False,False
ENSG00000116560,SFPQ,4,4,decreasing,-0.0015123387577061,True,False,False,False
ENSG00000171100,MTM1,3,15,decreasing,-0.0008718388825878,False,False,False,False
ENSG00000172264,MACROD2,3,10,decreasing,-0.0083654362413872,False,False,False,False
ENSG00000171476,HOPX,3,5,increasing,0.0015576871270004,False,False,False,False
ENSG00000171456,ASXL1,3,16,decreasing,-0.0053179640152394,True,True,False,True
ENSG00000171222,SCAND1,3,4,increasing,0.0037731215517932,False,False,False,False
ENSG00000170445,HARS1,3,3,decreasing,0.0004436437568302,False,False,False,False
ENSG00000171044,XKR6,3,3,decreasing,-0.0061694944771137,False,False,False,False
ENSG00000169188,APEX2,3,14,decreasing,-0.000979781677714,False,False,False,False
ENSG00000170270,GON7,3,3,decreasing,-0.0101711386075469,False,False,False,False
ENSG00000172650,AGAP5,3,3,decreasing,-0.0173909945955593,False,False,False,False
ENSG00000170035,UBE2E3,3,16,decreasing,-0.0010294858082199,False,False,False,False
ENSG00000176533,GNG7,3,4,decreasing,-0.0075523723560026,False,False,False,False
ENSG00000175048,ZDHHC14,3,9,decreasing,-0.0078111761310689,False,False,False,False
ENSG00000173020,GRK2,3,3,decreasing,-0.0048803094469771,False,False,False,False
ENSG00000173442,EHBP1L1,3,3,decreasing,-0.0072639707337559,False,False,False,False
ENSG00000173706,HEG1,3,8,decreasing,-0.0196683698800677,False,False,False,False
ENSG00000173875,ZNF791,3,8,decreasing,-0.0091486751973748,False,False,False,False
ENSG00000174032,SLC25A30,3,15,decreasing,-0.0017582277489216,False,False,False,False
ENSG00000174428,GTF2IRD2B,3,10,decreasing,-0.0043360926990568,False,False,False,False
ENSG00000175390,EIF3F,3,4,decreasing,0.0015335935308746,False,False,False,False
ENSG00000175606,TMEM70,3,8,decreasing,-0.0096011833346788,False,False,False,False
ENSG00000176853,FAM91A1,3,3,decreasing,-0.0085727104467421,False,False,False,False
ENSG00000168924,LETM1,3,4,decreasing,-0.0123605762055912,False,False,False,False
ENSG00000176386,CDC26,3,7,decreasing,-0.0250851047823993,False,False,False,False
ENSG00000169116,PARM1,3,4,decreasing,0.0038418842067543,False,False,False,False
ENSG00000165752,STK32C,3,22,decreasing,-0.0019282947324339,False,False,False,False
ENSG00000168734,PKIG,3,6,decreasing,-0.0087906349892982,False,False,False,False
ENSG00000166130,IKBIP,3,17,decreasing,-0.0042366839915934,False,False,False,False
ENSG00000164944,VIRMA,3,9,decreasing,0.0018694256176002,False,False,False,False
ENSG00000164902,PHAX,3,4,decreasing,-0.002119706910199,False,False,False,False
ENSG00000177570,SAMD12,3,5,decreasing,0.0005941184078705,False,False,False,False
ENSG00000165105,RASEF,3,5,increasing,0.0159266345463875,False,False,False,False
ENSG00000165434,PGM2L1,3,5,decreasing,-0.0112697820547657,False,False,False,False
ENSG00000165591,FAAH2,3,10,decreasing,-0.0044430855359207,False,False,False,False
ENSG00000165646,SLC18A2,3,4,decreasing,-0.0140984813649588,False,False,False,False
ENSG00000165650,PDZD8,3,4,decreasing,-0.0508156890727058,False,False,False,False
ENSG00000165879,FRAT1,3,4,decreasing,0.0052819967987771,False,False,False,False
ENSG00000165934,CPSF2,3,7,decreasing,0.0192615918840519,False,False,False,False
ENSG00000166197,NOLC1,3,15,decreasing,-0.0098705319425453,False,False,False,False
ENSG00000168395,ING5,3,18,decreasing,-0.0025981318374971,False,False,False,False
ENSG00000166595,CIAO2B,3,3,decreasing,-0.0078721551151007,False,False,False,False
ENSG00000166926,MS4A6E,3,9,decreasing,-0.0012858550852713,False,False,False,False
ENSG00000167005,NUDT21,3,4,decreasing,-0.0182043365825047,False,False,False,False
ENSG00000167094,TTC16,3,3,decreasing,-0.0168279669038998,False,False,False,False
ENSG00000167232,ZNF91,3,10,decreasing,-0.0192961378869563,False,False,False,False
ENSG00000167261,DPEP2,3,7,decreasing,0.0266961921098645,False,False,False,False
ENSG00000167325,RRM1,3,7,increasing,0.1013296047331134,False,False,False,False
ENSG00000167470,MIDN,3,3,decreasing,-0.0049501817556023,False,False,False,False
ENSG00000167604,NFKBID,3,8,decreasing,-0.023419387064122,False,False,False,False
ENSG00000167693,NXN,3,4,decreasing,0.0024944601048287,False,False,False,False
ENSG00000176915,ANKLE2,3,8,increasing,0.0149318178630258,False,False,False,False
ENSG00000198242,RPL23A,3,3,decreasing,-0.0058382138540809,False,False,False,False
ENSG00000178053,MLF1,3,4,decreasing,-0.0053550719495033,True,True,False,False
ENSG00000178802,MPI,3,3,decreasing,-0.0209594499861275,False,False,False,False
ENSG00000196961,AP2A1,3,16,increasing,0.0013631584950347,False,False,False,False
ENSG00000197043,ANXA6,3,4,decreasing,-0.002787303237526,False,False,False,False
ENSG00000197111,PCBP2,3,18,increasing,-0.0004311528938364,False,False,False,False
ENSG00000197124,ZNF682,3,4,decreasing,-0.0059667092043468,False,False,False,False
ENSG00000197429,IPP,3,4,decreasing,-0.0038776173622034,False,False,False,False
ENSG00000197457,STMN3,3,3,decreasing,-0.0063672855732172,False,False,False,False
ENSG00000197748,CFAP43,3,19,decreasing,-0.0011765320752051,False,False,False,False
ENSG00000197857,ZNF44,3,8,decreasing,-0.0244132805585817,False,False,False,False
ENSG00000197863,ZNF790,3,7,decreasing,-0.096692032711746,False,False,False,False
ENSG00000198160,MIER1,3,9,decreasing,-0.0038497619118114,False,False,False,False
ENSG00000198231,DDX42,3,3,decreasing,0.0007133554844296,False,False,False,False
ENSG00000198408,OGA,3,24,decreasing,-0.0198497750815234,False,True,True,False
ENSG00000198586,TLK1,3,10,increasing,-0.0009401722913482,False,False,False,False
ENSG00000198774,RASSF9,3,14,decreasing,-0.0068611520946885,False,False,False,False
ENSG00000198863,RUNDC1,3,4,decreasing,0.0002355821290591,False,False,False,False
ENSG00000204516,MICB,3,3,decreasing,-0.0033508585262844,False,False,False,False
ENSG00000213523,SRA1,3,4,decreasing,-0.0067599909712428,False,False,False,False
ENSG00000213626,LBH,3,4,decreasing,-0.0268698655845979,False,False,False,False
ENSG00000213965,NUDT19,3,14,decreasing,-0.0003296711356932,False,False,False,False
ENSG00000215193,PEX26,3,8,decreasing,-0.0050768849919866,False,False,False,False
ENSG00000226979,LTA,3,4,decreasing,-0.0098646985956559,False,False,False,False
ENSG00000164713,BRI3,3,9,decreasing,-0.0067247442907608,False,False,False,False
ENSG00000239713,APOBEC3G,3,8,increasing,0.0048493693088012,False,False,False,False
ENSG00000188997,KCTD21,3,3,decreasing,-0.0111486148976826,False,False,False,False
ENSG00000188739,RBM34,3,16,increasing,0.0070201383632493,False,False,False,False
ENSG00000188321,ZNF559,3,3,decreasing,-0.0149264965689547,False,False,False,False
ENSG00000184009,ACTG1,3,4,decreasing,-0.0099721394303277,False,True,False,True
ENSG00000179152,TCAIM,3,16,decreasing,0.0030920036347041,False,False,False,False
ENSG00000180008,SOCS4,3,4,decreasing,0.0064611754122409,False,False,False,False
ENSG00000180817,PPA1,3,5,decreasing,-0.0036956082003724,False,False,False,False
ENSG00000181631,P2RY13,3,14,decreasing,-0.0025485294215152,False,False,False,False
ENSG00000181789,COPG1,3,5,increasing,0.0122000593499492,False,False,False,False
ENSG00000182010,RTKN2,3,4,decreasing,-0.006708909135524,False,False,False,False
ENSG00000182185,RAD51B,3,24,decreasing,-0.0024688857085076,True,True,False,True
ENSG00000183508,TENT5C,3,4,decreasing,-0.0343041066697363,True,True,False,True
ENSG00000183624,HMCES,3,4,decreasing,-0.0114123653247669,False,False,False,False
ENSG00000183696,UPP1,3,22,decreasing,0.0001999261004491,False,False,False,False
ENSG00000184209,SNRNP35,3,3,decreasing,-0.0257813156067041,False,False,False,False
ENSG00000187775,DNAH17,3,8,decreasing,0.0609361186184786,False,False,False,False
ENSG00000184545,DUSP8,3,7,decreasing,-0.10486904473903,False,False,False,False
ENSG00000184613,NELL2,3,3,decreasing,-0.0052048582274635,False,False,False,False
ENSG00000185049,NELFA,3,4,decreasing,-0.0016274884458228,False,False,False,False
ENSG00000185278,ZBTB37,3,4,increasing,0.0081664866352897,False,False,False,False
ENSG00000185432,METTL7A,3,14,decreasing,-0.0023792763081773,False,False,False,False
ENSG00000185442,FAM174B,3,4,decreasing,-0.006522942476807,False,False,False,False
ENSG00000185477,GPRIN3,3,23,decreasing,0.001325971146954,False,False,False,False
ENSG00000185973,TMLHE,3,18,decreasing,-0.0031206406085853,False,False,False,False
ENSG00000186104,CYP2R1,3,7,decreasing,-0.0150962032113931,False,False,False,False
ENSG00000186350,RXRA,3,3,increasing,0.0331708329427701,False,True,False,False
ENSG00000164715,LMTK2,3,5,increasing,0.0032698473099351,False,False,False,False
ENSG00000135218,CD36,3,15,decreasing,-0.0073472581421722,False,False,False,False
ENSG00000164659,KIAA1324L,3,4,decreasing,-0.0069787561508083,False,False,False,False
ENSG00000143256,PFDN2,3,17,decreasing,-0.0010361817116595,False,False,False,False
ENSG00000136040,PLXNC1,3,10,decreasing,-0.0016374821887217,False,False,False,False
ENSG00000136068,FLNB,3,4,decreasing,-0.0061962223228888,False,False,False,False
ENSG00000136146,MED4,3,17,decreasing,-0.0270910515480883,False,False,False,False
ENSG00000136271,DDX56,3,3,increasing,0.0061183109167298,False,False,False,False
ENSG00000136682,CBWD2,3,9,decreasing,-0.0050890850141232,False,False,False,False
ENSG00000136807,CDK9,3,4,increasing,0.000324099793167,False,False,False,False
ENSG00000136878,USP20,3,5,decreasing,-0.0197838165875865,False,False,False,False
ENSG00000136942,RPL35,3,3,decreasing,0.0260498026355336,False,False,False,False
ENSG00000137312,FLOT1,3,5,decreasing,-0.0117902570207306,False,False,False,False
ENSG00000138107,ACTR1A,3,20,decreasing,-0.0261185866148608,False,False,False,False
ENSG00000138138,ATAD1,3,9,increasing,0.0101059391012943,False,False,False,False
ENSG00000138606,SHF,3,3,decreasing,-0.003615071846661,False,False,False,False
ENSG00000139190,VAMP1,3,3,decreasing,-8.176762203620028e-05,False,False,False,False
ENSG00000139684,ESD,3,15,decreasing,-0.0058601490159057,False,False,False,False
ENSG00000139718,SETD1B,3,3,decreasing,-0.0098315754604511,False,True,False,False
ENSG00000140379,BCL2A1,3,15,increasing,0.0098721600209967,False,False,False,False
ENSG00000140391,TSPAN3,3,8,decreasing,-0.0036606685541713,False,False,False,False
ENSG00000140497,SCAMP2,3,8,decreasing,0.0070890901620913,False,False,False,False
ENSG00000140526,ABHD2,3,22,increasing,0.0057203482129979,False,False,False,False
ENSG00000140650,PMM2,3,5,decreasing,-0.0009170821868716,False,False,False,False
ENSG00000141002,TCF25,3,9,increasing,0.0027081902795431,False,False,False,False
ENSG00000141127,PRPSAP2,3,4,decreasing,0.0016226595096884,False,False,False,False
ENSG00000142168,SOD1,3,4,decreasing,-0.0101334056836348,False,False,False,False
ENSG00000135999,EPC2,3,5,increasing,-0.0032252445355518,False,False,False,False
ENSG00000135823,STX6,3,9,decreasing,-0.0008788423095359,False,False,False,False
ENSG00000135749,PCNX2,3,4,decreasing,-0.0230626472222238,False,False,False,False
ENSG00000132740,IGHMBP2,3,4,decreasing,-0.0092756057244221,False,False,False,False
ENSG00000259066,AL110118.2,3,8,increasing,0.017611426120203,False,False,False,False
ENSG00000128394,APOBEC3F,3,3,decreasing,-0.0044716005860078,False,False,False,False
ENSG00000128833,MYO5C,3,4,decreasing,-0.0027800876078104,False,False,False,False
ENSG00000129667,RHBDF2,3,10,decreasing,-0.0032780858241908,False,False,False,False
ENSG00000130479,MAP1S,3,6,decreasing,-0.0245679302743881,False,False,False,False
ENSG00000131127,ZNF141,3,4,decreasing,-0.0002257887212481,False,False,False,False
ENSG00000131504,DIAPH1,3,24,increasing,0.1195726905640918,False,False,False,False
ENSG00000132128,LRRC41,3,4,decreasing,0.0007353893066468,False,False,False,False
ENSG00000132376,INPP5K,3,3,decreasing,-0.0074188384170608,False,False,False,False
ENSG00000132463,GRSF1,3,9,increasing,0.0171530000335812,False,False,False,False
ENSG00000132849,PATJ,3,5,decreasing,-0.0270639429983005,False,False,False,False
ENSG00000135094,SDS,3,4,decreasing,-0.0072068686910283,False,False,False,False
ENSG00000133106,EPSTI1,3,5,decreasing,-0.023989186620406,False,False,False,False
ENSG00000133706,LARS1,3,4,increasing,0.0056911231551073,False,False,False,False
ENSG00000134077,THUMPD3,3,15,decreasing,-0.0053456588519256,False,False,False,False
ENSG00000134245,WNT2B,3,3,decreasing,0.0336816177666878,False,False,False,False
ENSG00000134453,RBM17,3,4,decreasing,-0.0909069974826186,False,False,False,False
ENSG00000134508,CABLES1,3,4,decreasing,-0.0076200880584309,False,False,False,False
ENSG00000134532,SOX5,3,3,decreasing,-0.0048491190467622,False,False,False,False
ENSG00000134815,DHX34,3,3,decreasing,-0.0047929786786701,False,False,False,False
ENSG00000134830,C5AR2,3,6,increasing,0.0810172611650621,False,False,False,False
ENSG00000134884,ARGLU1,3,4,decreasing,-0.0040365558301617,False,False,False,False
ENSG00000142751,GPN2,3,8,increasing,0.0042892202919956,False,False,False,False
ENSG00000143436,MRPL9,3,3,decreasing,0.0524939256114816,False,False,False,False
ENSG00000164626,KCNK5,3,3,decreasing,-0.0038674743500516,False,False,False,False
ENSG00000144152,FBLN7,3,3,decreasing,-0.0482393646463627,False,False,False,False
ENSG00000158850,B4GALT3,3,3,decreasing,-0.0235216441322948,False,False,False,False
ENSG00000160049,DFFA,3,5,decreasing,-0.0014886746690325,False,False,False,False
ENSG00000160199,PKNOX1,3,23,decreasing,-0.0027543037150742,False,False,False,False
ENSG00000160633,SAFB,3,5,increasing,-0.0029704164225737,False,False,False,False
ENSG00000160908,ZNF394,3,9,decreasing,0.0005198168910139,False,False,False,False
ENSG00000161542,PRPSAP1,3,3,decreasing,-0.0072767075179486,False,False,False,False
ENSG00000162408,NOL9,3,10,increasing,0.0026695306001197,False,False,False,False
ENSG00000162413,KLHL21,3,7,increasing,0.0176108085080135,False,False,False,False
ENSG00000162804,SNED1,3,5,decreasing,-0.0072419010536867,False,False,False,False
ENSG00000163191,S100A11,3,6,increasing,0.0012250850431042,False,False,False,False
ENSG00000163453,IGFBP7,3,3,decreasing,-0.0063859536209591,False,False,False,False
ENSG00000163577,EIF5A2,3,4,decreasing,-0.0213352131191886,False,False,False,False
ENSG00000163738,MTHFD2L,3,6,increasing,0.01010672800325,False,False,False,False
ENSG00000163743,RCHY1,3,4,decreasing,-0.0118937186119159,False,False,False,False
ENSG00000163746,PLSCR2,3,4,decreasing,0.0006333406721741,False,False,False,False
ENSG00000163755,HPS3,3,4,decreasing,-0.0078114602739476,False,False,False,False
ENSG00000163823,CCR1,3,6,decreasing,-0.0157130209565346,False,False,False,False
ENSG00000163938,GNL3,3,10,decreasing,-0.0547276174338252,False,False,False,False
ENSG00000163945,UVSSA,3,3,decreasing,-0.0278347032876162,False,False,False,False
ENSG00000164187,LMBRD2,3,9,increasing,-0.0223286305087329,False,False,False,False
ENSG00000164292,RHOBTB3,3,8,decreasing,0.0046678006199523,False,False,False,False
ENSG00000164307,ERAP1,3,9,decreasing,-0.0010255327094761,False,False,False,False
ENSG00000164576,SAP30L,3,3,increasing,-0.0072052931414043,False,False,False,False
ENSG00000158411,MITD1,3,16,decreasing,-0.0038447000543797,False,False,False,False
ENSG00000158292,GPR153,3,4,increasing,0.0031641795548952,False,False,False,False
ENSG00000156976,EIF4A2,3,3,decreasing,-0.0136357445135085,True,True,True,False
ENSG00000148950,IMMP1L,3,4,increasing,0.035623988620847,False,False,False,False
ENSG00000144554,FANCD2,3,4,decreasing,-0.0108680916302525,True,True,False,True
ENSG00000144741,SLC25A26,3,10,decreasing,-0.0148408966122711,False,False,False,False
ENSG00000145241,CENPC,3,4,decreasing,-0.0032402269891204,False,False,False,False
ENSG00000145348,TBCK,3,5,decreasing,-0.0116830538797476,False,False,False,False
ENSG00000145868,FBXO38,3,3,increasing,-0.0140196444708592,False,False,False,False
ENSG00000145936,KCNMB1,3,3,decreasing,-0.0122082713031209,False,False,False,False
ENSG00000147679,UTP23,3,10,increasing,0.0086086284084018,False,False,False,False
ENSG00000148057,IDNK,3,4,decreasing,-0.0029911188054471,False,False,False,False
ENSG00000148484,RSU1,3,5,decreasing,-0.0152086266169564,False,False,False,False
ENSG00000148730,EIF4EBP2,3,10,increasing,0.0044448658895768,False,False,False,False
ENSG00000149483,TMEM138,3,6,decreasing,-0.0101332441439046,False,False,False,False
ENSG00000156482,RPL30,3,15,decreasing,0.0008996561198025,False,False,False,False
ENSG00000151136,BTBD11,3,4,decreasing,-0.0035051498781778,False,False,False,False
ENSG00000151287,TEX30,3,14,decreasing,0.0004497203441503,False,False,False,False
ENSG00000151849,CENPJ,3,3,decreasing,-0.0062732084573043,False,False,False,False
ENSG00000152684,PELO,3,3,decreasing,-0.0008365649082183,False,False,False,False
ENSG00000152795,HNRNPDL,3,8,decreasing,-0.001661138535507,False,False,False,False
ENSG00000153187,HNRNPU,3,9,increasing,0.0077358235030663,False,False,False,False
ENSG00000154359,LONRF1,3,3,decreasing,-0.0339145122416415,False,False,False,False
ENSG00000154473,BUB3,3,3,increasing,-0.0018861502714114,False,False,False,False
ENSG00000155229,MMS19,3,18,decreasing,-0.0055464438132128,False,False,False,False
ENSG00000155275,TRMT44,3,15,decreasing,0.031681695521452,False,False,False,False
ENSG00000239900,ADSL,3,4,increasing,0.0169188545912037,False,False,False,False
ENSG00000160216,AGPAT3,3,18,decreasing,0.0004193847208384,False,False,False,False
ENSG00000259305,ZHX1-C8orf76,3,8,decreasing,-0.0069519731068931,False,False,False,False
ENSG00000151233,GXYLT1,3,17,increasing,0.0062462593514735,False,False,False,False
ENSG00000125999,BPIFB1,3,14,decreasing,-0.0006786844044239,False,False,False,False
ENSG00000126698,DNAJC8,3,9,decreasing,-0.003091183621993,False,False,False,False
ENSG00000128731,HERC2,3,16,decreasing,0.0054633153613947,False,False,False,False
ENSG00000131724,IL13RA1,3,3,decreasing,-0.0071771997810742,False,False,False,False
ENSG00000132024,CC2D1A,3,4,decreasing,-0.0024064121885385,False,False,False,False
ENSG00000132780,NASP,3,10,decreasing,-0.0083829232090594,False,False,False,False
ENSG00000132824,SERINC3,3,21,decreasing,-0.0033794708147059,False,False,False,False
ENSG00000132950,ZMYM5,3,10,decreasing,-0.0015416444413581,False,False,False,False
ENSG00000133612,AGAP3,3,23,increasing,0.0008761258284956,False,False,False,False
ENSG00000135074,ADAM19,3,10,decreasing,-0.010198980795723,False,False,False,False
ENSG00000135709,KIAA0513,3,22,decreasing,-0.0035318449639674,False,False,False,False
ENSG00000135974,C2orf49,3,8,decreasing,-0.0117192123778264,False,False,False,False
ENSG00000136052,SLC41A2,3,9,increasing,0.0389895285332381,False,False,False,False
ENSG00000136854,STXBP1,3,7,increasing,0.0137749750528914,False,False,False,False
ENSG00000136936,XPA,3,14,decreasing,-0.0023379560062307,True,True,False,True
ENSG00000138050,THUMPD2,3,5,decreasing,-0.0080373665428709,False,False,False,False
ENSG00000138621,PPCDC,3,15,decreasing,0.0808920208747254,False,False,False,False
ENSG00000139746,RBM26,3,5,decreasing,0.0051284744987495,False,False,False,False
ENSG00000140750,ARHGAP17,3,5,decreasing,-0.0060478926391283,False,False,False,False
ENSG00000142494,SLC47A1,3,14,decreasing,-0.0054257133660367,False,False,False,False
ENSG00000143183,TMCO1,3,14,decreasing,-0.0044161246003341,False,False,False,False
ENSG00000146540,C7orf50,3,10,decreasing,-0.0035243773475517,False,False,False,False
ENSG00000148737,TCF7L2,3,23,decreasing,-0.0050972048369207,True,True,False,True
ENSG00000125885,MCM8,3,14,increasing,0.0324280749770691,False,False,False,False
ENSG00000125870,SNRPB2,3,4,decreasing,-0.0166040663952669,False,False,False,False
ENSG00000125384,PTGER2,3,15,decreasing,-0.0035208827479572,False,False,False,False
ENSG00000111229,ARPC3,3,14,decreasing,-0.0027981944497806,False,False,False,False
ENSG00000101384,JAG1,3,8,decreasing,-0.039687598297929,False,False,False,False
ENSG00000101871,MID1,3,8,decreasing,-0.008841420906983,False,False,False,False
ENSG00000103043,VAC14,3,21,increasing,0.00756138514797,False,False,False,False
ENSG00000103126,AXIN1,3,14,decreasing,-0.0020556959777076,True,True,False,True
ENSG00000104356,POP1,3,14,decreasing,-0.0120494546149279,False,False,False,False
ENSG00000104626,ERI1,3,22,decreasing,-0.0013824468047282,False,False,False,False
ENSG00000105202,FBL,3,3,decreasing,-0.0081339180911904,False,False,False,False
ENSG00000107731,UNC5B,3,19,increasing,0.0177751719104744,False,False,False,False
ENSG00000107863,ARHGAP21,3,10,decreasing,-0.000206637286817,False,False,False,False
ENSG00000109458,GAB1,3,8,decreasing,0.0029712400343107,False,True,True,False
ENSG00000113140,SPARC,3,14,decreasing,-0.0023923673690855,False,False,False,False
ENSG00000121486,TRMT1L,3,15,decreasing,-0.0034507048649691,False,False,False,False
ENSG00000114446,IFT57,3,5,decreasing,0.0005121835611972,False,False,False,False
ENSG00000114573,ATP6V1A,3,5,decreasing,-0.0095933640090219,False,False,False,False
ENSG00000114867,EIF4G1,3,5,decreasing,-0.0089314998676136,False,False,False,False
ENSG00000115392,FANCL,3,16,decreasing,-0.0024692533514947,False,True,False,True
ENSG00000115652,UXS1,3,4,decreasing,-0.0471572481133483,False,False,False,False
ENSG00000117115,PADI2,3,4,decreasing,0.0203724424502558,False,False,False,False
ENSG00000117139,KDM5B,3,5,decreasing,-0.0093987339852678,False,False,False,False
ENSG00000117602,RCAN3,3,4,decreasing,-0.0028744367104524,False,False,False,False
ENSG00000118620,ZNF430,3,5,increasing,7.682482673173321e-05,False,False,False,False
ENSG00000120645,IQSEC3,3,14,decreasing,-0.0028975268395753,False,False,False,False
ENSG00000149294,NCAM1,3,15,decreasing,-0.0041460562879018,False,False,False,False
ENSG00000151914,DST,3,19,decreasing,0.0014381686308578,False,False,False,False
ENSG00000261832,AC138894.1,3,8,decreasing,-0.0200928721530302,False,False,False,False
ENSG00000152137,HSPB8,3,7,decreasing,0.0067998245644386,False,False,False,False
ENSG00000185862,EVI2B,3,5,decreasing,-0.0037042410201579,False,False,False,False
ENSG00000188707,ZBED6CL,3,4,decreasing,-0.0021489539104113,False,False,False,False
ENSG00000213079,SCAF8,3,10,decreasing,-0.0003684157974944,False,False,False,False
ENSG00000213214,ARHGEF35,3,14,decreasing,-0.0026943115300292,False,False,False,False
ENSG00000214013,GANC,3,15,decreasing,0.0181199691803746,False,False,False,False
ENSG00000249884,RNF103-CHMP3,3,5,decreasing,-0.0062116192344078,False,False,False,False
ENSG00000256825,AC026786.1,3,15,decreasing,0.0015322072776767,False,False,False,False
ENSG00000275342,PRAG1,3,16,decreasing,-0.0453509546372057,False,False,False,False
ENSG00000283563,AC098650.1,3,7,decreasing,-0.0032134491613146,False,False,False,False
ENSG00000049759,NEDD4L,3,23,decreasing,-0.0069795156758377,False,False,False,False
ENSG00000103479,RBL2,3,7,decreasing,-0.0160940219556217,False,False,False,False
ENSG00000114209,PDCD10,3,8,decreasing,-0.0179438071746008,False,False,False,False
ENSG00000136527,TRA2B,3,7,decreasing,-0.0081667520705556,False,False,False,False
ENSG00000066651,TRMT11,3,3,decreasing,-0.0377400184099123,False,False,False,False
ENSG00000115109,EPB41L5,3,3,increasing,0.0056718361634079,False,False,False,False
ENSG00000135966,TGFBRAP1,3,8,decreasing,-0.0130264744627566,False,False,False,False
ENSG00000147316,MCPH1,3,3,decreasing,-0.0036364362558501,False,False,False,False
ENSG00000163041,H3-3A,3,16,decreasing,-0.0016679711242187,True,True,True,False
ENSG00000168118,RAB4A,3,14,decreasing,-0.0019123597966725,False,False,False,False
ENSG00000169860,P2RY1,3,14,decreasing,-0.0101966565843514,False,False,False,False
ENSG00000196549,MME,3,19,decreasing,-0.0028705468878755,False,False,False,False
ENSG00000278053,DDX52,3,3,decreasing,-0.0035361368758373,False,False,False,False
ENSG00000285382,FO393400.1,3,3,decreasing,-0.0049513541946439,False,False,False,False
ENSG00000185798,WDR53,3,3,decreasing,-0.021793578050227,False,False,False,False
ENSG00000185010,F8,3,14,decreasing,-0.0025836603463306,False,False,False,False
ENSG00000184677,ZBTB40,3,7,increasing,0.0210945030059148,False,False,False,False
ENSG00000169372,CRADD,3,10,increasing,0.0247692134649016,False,False,False,False
ENSG00000156535,CD109,3,5,decreasing,-0.0106134823520449,False,False,False,False
ENSG00000158987,RAPGEF6,3,24,increasing,-0.0015270448892294,False,False,False,False
ENSG00000160072,ATAD3B,3,15,decreasing,-0.0002149190470312,False,False,False,False
ENSG00000160209,PDXK,3,21,increasing,0.000169125569116,False,False,False,False
ENSG00000125827,TMX4,3,5,decreasing,-0.0060511222618302,False,False,False,False
ENSG00000160299,PCNT,3,15,decreasing,0.0014797008403992,False,False,False,False
ENSG00000164323,CFAP97,3,5,decreasing,-0.0044380692056845,False,False,False,False
ENSG00000165288,BRWD3,3,4,decreasing,-0.0055825320795852,False,False,False,False
ENSG00000165775,FUNDC2,3,15,decreasing,-0.0033952557257695,False,False,False,False
ENSG00000166444,DENND2B,3,5,decreasing,-0.0136946200799564,False,False,False,False
ENSG00000170396,ZNF804A,3,19,decreasing,-0.0016566266072027,False,False,False,False
ENSG00000182118,FAM89A,3,14,decreasing,-0.005461189225695,False,False,False,False
ENSG00000171169,NAIF1,3,7,increasing,0.0034105810999325,False,False,False,False
ENSG00000171208,NETO2,3,5,decreasing,-0.0026387743903226,False,False,False,False
ENSG00000173548,SNX33,3,14,decreasing,-0.0037200016325204,False,False,False,False
ENSG00000174776,WDR49,3,19,decreasing,-0.0138501812014535,False,False,False,False
ENSG00000174891,RSRC1,3,18,decreasing,-0.0063843638666856,False,False,False,False
ENSG00000176601,MAP3K19,3,14,decreasing,-0.0011671368886778,False,False,False,False
ENSG00000177058,SLC38A9,3,16,decreasing,-0.0089468014247925,False,False,False,False
ENSG00000179361,ARID3B,3,4,decreasing,-0.0003281249478321,False,True,True,False
ENSG00000181896,ZNF101,3,4,decreasing,-0.0548324818133031,False,False,False,False
ENSG00000182095,TNRC18,3,5,decreasing,-0.009997533783666,False,False,False,False
ENSG00000101346,POFUT1,3,4,decreasing,-0.0110284740474216,False,False,False,False
ENSG00000101161,PRPF6,3,4,increasing,0.012372233502523,False,False,False,False
ENSG00000100888,CHD8,3,7,increasing,0.0005980227575002,False,False,False,False
ENSG00000100697,DICER1,3,9,decreasing,-0.0013628752707143,True,True,False,True
ENSG00000106105,GARS1,3,9,decreasing,-0.0116118937539468,False,False,False,False
ENSG00000112242,E2F3,3,7,decreasing,-0.01122558530909,False,True,True,False
ENSG00000114126,TFDP2,3,10,decreasing,0.00044547408372,False,False,False,False
ENSG00000115216,NRBP1,3,15,decreasing,-0.0265789969343051,False,False,False,False
ENSG00000116750,UCHL5,3,20,decreasing,-0.0019947924690491,False,False,False,False
ENSG00000118518,RNF146,3,15,decreasing,-0.0086869697856836,False,False,False,False
ENSG00000119431,HDHD3,3,8,decreasing,-0.002583507186078,False,False,False,False
ENSG00000121104,FAM117A,3,10,decreasing,-0.0108649280079151,False,False,False,False
ENSG00000124098,FAM210B,3,7,decreasing,-0.0082337988970508,False,False,False,False
ENSG00000124193,SRSF6,3,6,decreasing,0.0055234646616074,False,False,False,False
ENSG00000126247,CAPNS1,3,8,decreasing,0.0021665836314049,False,False,False,False
ENSG00000127311,HELB,3,18,decreasing,-0.0030768467568513,False,False,False,False
ENSG00000128789,PSMG2,3,6,decreasing,0.0066341582617287,False,False,False,False
ENSG00000134086,VHL,3,7,increasing,0.0172894073079143,True,True,False,True
ENSG00000134909,ARHGAP32,3,7,decreasing,-0.081241849788879,False,False,False,False
ENSG00000136279,DBNL,3,7,decreasing,0.0004963622791836,False,False,False,False
ENSG00000138794,CASP6,3,8,increasing,0.0037665811162068,False,False,False,False
ENSG00000141447,OSBPL1A,3,21,increasing,0.0045787823536999,False,False,False,False
ENSG00000152380,FAM151B,3,8,decreasing,-0.0040912777548221,False,False,False,False
ENSG00000152413,HOMER1,3,10,decreasing,-0.0034614202657412,False,False,False,False
ENSG00000153879,CEBPG,3,14,increasing,0.0045769852861689,False,False,False,False
ENSG00000153933,DGKE,3,9,decreasing,-0.0136222737736595,False,False,False,False
ENSG00000163629,PTPN13,3,10,decreasing,0.0029986061834634,True,True,False,True
ENSG00000106086,PLEKHA8,3,15,decreasing,-0.001745353648874,False,False,False,False
ENSG00000104131,EIF3J,3,9,decreasing,-0.0088105855668137,False,False,False,False
ENSG00000100364,KIAA0930,3,7,decreasing,0.011570135303366,False,False,False,False
ENSG00000285978,AC113348.2,3,3,decreasing,-0.0205825867456868,False,False,False,False
ENSG00000265354,TIMM23,3,6,increasing,0.0051599669145228,False,False,False,False
ENSG00000268790,AC008764.4,3,4,decreasing,-0.0229446922138245,False,False,False,False
ENSG00000269242,AC010422.3,3,3,decreasing,-0.0163211561703911,False,False,False,False
ENSG00000269743,SLC25A53,3,4,decreasing,-0.003479230364847,False,False,False,False
ENSG00000273331,TM4SF19-TCTEX1D2,3,7,decreasing,0.0369551407551073,False,False,False,False
ENSG00000275895,U2AF1L5,3,3,increasing,0.0018815050633754,False,False,False,False
ENSG00000278540,ACACA,3,5,decreasing,-0.0157563355906228,False,True,True,False
ENSG00000280433,FP565260.6,3,15,decreasing,-0.0154339602374085,False,False,False,False
ENSG00000284989,AL451062.4,3,6,increasing,0.0095750375606275,False,False,False,False
ENSG00000285188,AC008397.2,3,17,decreasing,-0.0026578689002153,False,False,False,False
ENSG00000100109,TFIP11,3,14,decreasing,-0.0011330782914562,False,False,False,False
ENSG00000091483,FH,3,6,decreasing,-0.0019654459986408,True,True,False,True
ENSG00000100890,PRORP,3,9,decreasing,-0.0138052464816401,False,False,False,False
ENSG00000105290,APLP1,3,6,decreasing,-0.0301832713213037,False,False,False,False
ENSG00000131732,ZCCHC9,3,7,decreasing,-0.0029903018283921,False,False,False,False
ENSG00000148308,GTF3C5,3,5,decreasing,-0.0135421474854332,False,False,False,False
ENSG00000163879,DNALI1,3,6,decreasing,-0.0087155220672786,False,False,False,False
ENSG00000186468,RPS23,3,5,decreasing,-0.0088334924030233,False,False,False,False
ENSG00000025434,NR1H3,3,6,decreasing,-0.0148533977710183,False,False,False,False
ENSG00000078070,MCCC1,3,8,decreasing,-0.036444050651717,False,False,False,False
ENSG00000089041,P2RX7,3,6,decreasing,0.0300411694170849,False,False,False,False
ENSG00000089157,RPLP0,3,6,decreasing,-0.0056414423510578,False,False,False,False
ENSG00000163798,SLC4A1AP,3,15,decreasing,-0.0038178638928338,False,False,False,False
ENSG00000167515,TRAPPC2L,3,6,decreasing,-0.0084044487662599,False,False,False,False
ENSG00000167972,ABCA3,3,8,decreasing,-0.0041460232353564,False,False,False,False
ENSG00000068912,ERLEC1,3,4,decreasing,-0.0045061953072578,False,False,False,False
ENSG00000197818,SLC9A8,3,9,decreasing,-0.0109118533154803,False,False,False,False
ENSG00000005700,IBTK,3,8,decreasing,-0.0070509390762633,False,False,False,False
ENSG00000008256,CYTH3,3,10,increasing,0.0244718120840133,False,False,False,False
ENSG00000010704,HFE,3,14,decreasing,0.0001119169048984,False,True,True,False
ENSG00000033867,SLC4A7,3,4,decreasing,-0.0020241224483552,False,False,False,False
ENSG00000037474,NSUN2,3,3,decreasing,-0.0065518220158575,False,False,False,False
ENSG00000056277,ZNF280C,3,4,decreasing,-0.0062135683865005,False,False,False,False
ENSG00000060138,YBX3,3,4,decreasing,-0.0375375980914913,False,False,False,False
ENSG00000064763,FAR2,3,16,decreasing,-0.061814035430463,False,False,False,False
ENSG00000066027,PPP2R5A,3,10,decreasing,-0.0162696984937079,False,False,False,False
ENSG00000071127,WDR1,3,7,decreasing,-0.0204222704975107,False,False,False,False
ENSG00000158122,PRXL2C,3,6,decreasing,-0.0040617573026685,False,False,False,False
ENSG00000073712,FERMT2,3,3,decreasing,-0.0054004600428,False,False,False,False
ENSG00000075275,CELSR1,3,3,decreasing,-0.0124144650375149,False,False,False,False
ENSG00000075856,SART3,3,8,decreasing,-0.0045772656816629,False,False,False,False
ENSG00000076242,MLH1,3,9,increasing,0.0048360895868753,True,True,False,True
ENSG00000079459,FDFT1,3,18,decreasing,-0.0021843771624079,False,False,False,False
ENSG00000083750,RRAGB,3,4,decreasing,-0.0051246158826535,False,False,False,False
ENSG00000092978,GPATCH2,3,22,decreasing,-0.0037696838863112,False,False,False,False
ENSG00000095261,PSMD5,3,5,decreasing,-0.0066229005044969,False,False,False,False
ENSG00000100092,SH3BP1,3,14,decreasing,-0.001264768368095,False,False,False,False
ENSG00000100320,RBFOX2,3,16,decreasing,0.0056468566072884,False,False,False,False
ENSG00000181396,OGFOD3,3,7,decreasing,-0.0274520271692345,False,False,False,False
ENSG00000149257,SERPINH1,3,8,decreasing,-0.0137059184237576,False,False,False,False
ENSG00000172687,ZNF738,3,15,decreasing,-0.0033634918214514,False,False,False,False
ENSG00000198053,SIRPA,3,6,decreasing,-0.0353551662300939,False,False,False,False
ENSG00000173812,EIF1,3,7,decreasing,-0.0039227568421743,False,False,False,False
ENSG00000178585,CTNNBIP1,3,9,decreasing,-0.0250594503720174,False,False,False,False
ENSG00000179820,MYADM,3,7,decreasing,-0.0037999152961521,False,False,False,False
ENSG00000180104,EXOC3,3,6,decreasing,-0.004289953654191,False,False,False,False
ENSG00000180198,RCC1,3,10,decreasing,0.0018501056476801,False,False,False,False
ENSG00000181804,SLC9A9,3,10,decreasing,-0.0047505002681277,False,False,False,False
ENSG00000186020,ZNF529,3,9,decreasing,-0.0236807896879279,False,False,False,False
ENSG00000188313,PLSCR1,3,10,increasing,0.0056652701787506,False,False,False,False
ENSG00000196090,PTPRT,3,19,decreasing,-0.0052114079992175,True,True,False,True
ENSG00000196839,ADA,3,7,decreasing,-0.0027861280158854,False,False,False,False
ENSG00000198431,TXNRD1,3,7,decreasing,-0.0106594131277705,False,False,False,False
ENSG00000134987,WDR36,3,8,decreasing,-0.0069533713190946,False,False,False,False
ENSG00000198918,RPL39,3,9,decreasing,-0.0068819268130267,False,False,False,False
ENSG00000204576,PRR3,3,9,decreasing,-0.0087330964413743,False,False,False,False
ENSG00000205045,SLFN12L,3,8,decreasing,-0.0060012854969377,False,False,False,False
ENSG00000283977,AC084337.2,3,7,decreasing,-0.003380562098259,False,False,False,False
ENSG00000079819,EPB41L2,3,9,decreasing,-0.003253147138507,False,False,False,False
ENSG00000124256,ZBP1,3,9,decreasing,-0.00686126965901,False,False,False,False
ENSG00000125503,PPP1R12C,3,6,decreasing,-0.0072191284541806,False,False,False,False
ENSG00000129460,NGDN,3,7,decreasing,-0.0099646436477563,False,False,False,False
ENSG00000130956,HABP4,3,8,decreasing,-0.0021390232175298,False,False,False,False
ENSG00000131759,RARA,3,6,decreasing,-0.0099460131285503,True,True,False,False
ENSG00000127083,OMD,3,3,decreasing,-0.014603672154657,False,False,False,False
ENSG00000172771,EFCAB12,3,4,decreasing,-0.0149391583958818,False,False,False,False
ENSG00000125810,CD93,3,3,decreasing,-0.0056245434659454,False,False,False,False
ENSG00000167088,SNRPD1,3,3,decreasing,0.0013912912191547,False,False,False,False
ENSG00000167881,SRP68,3,4,decreasing,-0.0048494325636375,False,False,False,False
ENSG00000167987,VPS37C,3,9,increasing,0.0010215600304102,False,False,False,False
ENSG00000168246,UBTD2,3,8,increasing,0.0504116509648367,False,False,False,False
ENSG00000168386,FILIP1L,3,10,increasing,0.0069344825226329,False,False,False,False
ENSG00000168813,ZNF507,3,3,decreasing,0.0005722498891733,False,False,False,False
ENSG00000169684,CHRNA5,3,7,increasing,0.0223429125994896,False,False,False,False
ENSG00000170260,ZNF212,3,16,decreasing,-0.0050683786052102,False,False,False,False
ENSG00000170881,RNF139,3,9,decreasing,-0.0087427421169325,False,False,False,False
ENSG00000171314,PGAM1,3,3,decreasing,-0.0029671130996553,False,False,False,False
ENSG00000171497,PPID,3,10,decreasing,0.0059299299825949,False,False,False,False
ENSG00000171940,ZNF217,3,4,decreasing,-0.0015951527091501,False,True,True,False
ENSG00000172197,MBOAT1,3,8,decreasing,-0.0244655461907813,False,False,False,False
ENSG00000172432,GTPBP2,3,3,decreasing,0.006446687158617,False,False,False,False
ENSG00000173214,MFSD4B,3,5,decreasing,-0.004463310538509,False,False,False,False
ENSG00000173327,MAP3K11,3,3,decreasing,-0.0079745489433194,False,False,False,False
ENSG00000173391,OLR1,3,20,decreasing,-0.0015910119676873,False,False,False,False
ENSG00000173402,DAG1,3,3,increasing,0.0046223007634765,False,False,False,False
ENSG00000173567,ADGRF3,3,7,decreasing,-0.0048388225239101,False,False,False,False
ENSG00000173762,CD7,3,5,decreasing,-0.037344945072059,False,False,False,False
ENSG00000174132,FAM174A,3,20,decreasing,-0.002966324789131,False,False,False,False
ENSG00000174720,LARP7,3,21,decreasing,-0.0015246765226964,False,False,False,False
ENSG00000175931,UBE2O,3,9,decreasing,-0.0473366111376271,False,False,False,False
ENSG00000176018,LYSMD3,3,3,decreasing,-0.0271283843434425,False,False,False,False
ENSG00000167553,TUBA1C,3,7,decreasing,0.0023732907371771,False,False,False,False
ENSG00000166783,MARF1,3,20,decreasing,-0.00496444172673,False,False,False,False
ENSG00000100201,DDX17,3,8,increasing,0.0050171631440221,False,False,False,False
ENSG00000166441,RPL27A,3,15,decreasing,-0.0018842611074415,False,False,False,False
ENSG00000147403,RPL10,3,8,increasing,0.000688626592009,True,False,False,False
ENSG00000147854,UHRF2,3,10,increasing,0.0111085721596789,False,False,False,False
ENSG00000148943,LIN7C,3,8,decreasing,-0.0065384975673942,False,False,False,False
ENSG00000149308,NPAT,3,9,decreasing,-0.0127676119907447,False,False,False,False
ENSG00000151702,FLI1,3,10,decreasing,-0.0714615102759184,True,True,True,False
ENSG00000152377,SPOCK1,3,3,decreasing,-0.0046038062031496,False,False,False,False
ENSG00000152778,IFIT5,3,3,decreasing,0.0068911537135812,False,False,False,False
ENSG00000156500,FAM122C,3,4,decreasing,-0.0049645653407405,False,False,False,False
ENSG00000156787,TBC1D31,3,7,decreasing,-0.0095295559428304,False,False,False,False
ENSG00000157538,VPS26C,3,7,increasing,0.008766482584593,False,False,False,False
ENSG00000160131,VMA21,3,9,decreasing,-0.0052516056889542,False,False,False,False
ENSG00000160285,LSS,3,18,decreasing,-0.0066628259379334,False,False,False,False
ENSG00000160298,C21orf58,3,14,decreasing,-0.0005689919647727,False,False,False,False
ENSG00000161010,MRNIP,3,10,increasing,0.0098396133578979,False,False,False,False
ENSG00000162585,FAAP20,3,9,decreasing,-0.0134827560246372,False,False,False,False
ENSG00000162825,NBPF20,3,7,increasing,0.0001703782810598,False,False,False,False
ENSG00000162924,REL,3,9,increasing,-0.0185497793465784,True,True,True,False
ENSG00000162927,PUS10,3,9,decreasing,0.001137956025569,False,False,False,False
ENSG00000163344,PMVK,3,8,increasing,0.001865354567526,False,False,False,False
ENSG00000163346,PBXIP1,3,5,decreasing,-0.0095002721892118,False,False,False,False
ENSG00000164136,IL15,3,9,increasing,0.0199616231052809,False,False,False,False
ENSG00000165644,COMTD1,3,15,decreasing,-0.0055642960740391,False,False,False,False
ENSG00000166004,CEP295,3,3,decreasing,-0.0146718921376584,False,False,False,False
ENSG00000176974,SHMT1,3,4,decreasing,-0.0013124692154152,False,False,False,False
ENSG00000177479,ARIH2,3,24,increasing,0.0015690448483376,False,False,False,False
ENSG00000177700,POLR2L,3,7,decreasing,-0.0109991671098123,False,False,False,False
ENSG00000178567,EPM2AIP1,3,4,decreasing,0.0031955001497237,False,False,False,False
ENSG00000204520,MICA,3,3,increasing,0.0205786379058954,False,False,False,False
ENSG00000204977,TRIM13,3,9,increasing,0.0027084660853568,False,False,False,False
ENSG00000213699,SLC35F6,3,21,decreasing,-0.0105950175598895,False,False,False,False
ENSG00000221909,FAM200A,3,3,decreasing,0.0004088010765592,False,False,False,False
ENSG00000228716,DHFR,3,8,increasing,0.0072933444419794,False,False,False,False
ENSG00000231925,TAPBP,3,7,decreasing,-0.0014138141987369,False,False,False,False
ENSG00000241343,RPL36A,3,8,decreasing,-0.0015430630223614,False,False,False,False
ENSG00000243317,STMP1,3,7,increasing,0.0072980140585775,False,False,False,False
ENSG00000246922,UBAP1L,3,3,increasing,0.009583743725316,False,False,False,False
ENSG00000248710,AC079594.2,3,9,increasing,0.0104115937898296,False,False,False,False
ENSG00000249773,AC092647.5,3,3,increasing,0.0257244836305557,False,False,False,False
ENSG00000256861,AC048338.1,3,22,decreasing,0.0116845168191717,False,False,False,False
ENSG00000258890,CEP95,3,4,decreasing,-0.0092484984026694,False,False,False,False
ENSG00000275023,MLLT6,3,8,decreasing,-0.0065475105393284,True,False,False,False
ENSG00000283900,TPTEP2-CSNK1E,3,9,increasing,0.0099026603264034,False,False,False,False
ENSG00000021574,SPAST,3,8,increasing,0.0068235563530296,False,False,False,False
ENSG00000026103,FAS,3,7,decreasing,-0.0020228294893279,True,True,False,True
ENSG00000062282,DGAT2,3,7,decreasing,0.0001380680936455,False,False,False,False
ENSG00000067057,PFKP,3,8,decreasing,-0.0517922234272916,False,False,False,False
ENSG00000075914,EXOSC7,3,8,decreasing,-0.004881871784965,False,False,False,False
ENSG00000085514,PILRA,3,7,decreasing,-0.0478739874252359,False,False,False,False
ENSG00000089682,RBM41,3,7,decreasing,-0.0261061208329278,False,False,False,False
ENSG00000090376,IRAK3,3,24,decreasing,-0.0004229237462804,False,False,False,False
ENSG00000198951,NAGA,3,3,decreasing,-0.0264682400159431,False,False,False,False
ENSG00000198911,SREBF2,3,10,increasing,0.0068032290856265,False,False,False,False
ENSG00000198612,COPS8,3,3,increasing,0.0478241116124006,False,False,False,False
ENSG00000186106,ANKRD46,3,4,decreasing,-0.0116828458107318,False,False,False,False
ENSG00000179344,HLA-DQB1,3,16,decreasing,-0.0046147447669708,False,False,False,False
ENSG00000180228,PRKRA,3,4,decreasing,-0.0020936411803784,False,False,False,False
ENSG00000180304,OAZ2,3,3,increasing,0.0031286963689906,False,False,False,False
ENSG00000181513,ACBD4,3,14,decreasing,-0.0150787630108659,False,False,False,False
ENSG00000182973,CNOT10,3,5,decreasing,-0.0032242756225707,False,False,False,False
ENSG00000183530,PRR14L,3,8,increasing,0.0348275995022567,False,False,False,False
ENSG00000184194,GPR173,3,3,decreasing,-0.0224876833426108,False,False,False,False
ENSG00000185019,UBOX5,3,9,increasing,0.1060444806673632,False,False,False,False
ENSG00000185838,GNB1L,3,4,decreasing,-0.0027476449435459,False,False,False,False
ENSG00000186074,CD300LF,3,4,decreasing,-0.010706964726521,False,False,False,False
ENSG00000186417,GLDN,3,20,decreasing,0.0079903423432614,False,False,False,False
ENSG00000198563,DDX39B,3,5,decreasing,-0.0071347851968613,False,False,False,False
ENSG00000186815,TPCN1,3,5,decreasing,0.001050279674703,False,False,False,False
ENSG00000187531,SIRT7,3,3,increasing,0.0237832095581005,False,False,False,False
ENSG00000188868,ZNF563,3,8,increasing,-0.0464270396227099,False,False,False,False
ENSG00000188897,AC099489.1,3,9,increasing,0.0133771395670638,False,False,False,False
ENSG00000196150,ZNF250,3,4,decreasing,0.0122945487533017,False,False,False,False
ENSG00000196230,TUBB,3,3,decreasing,-0.0068448606265308,False,False,False,False
ENSG00000196459,TRAPPC2,3,8,decreasing,-0.0384736919183154,False,False,False,False
ENSG00000196639,HRH1,3,8,increasing,0.0100545498499958,False,False,False,False
ENSG00000197620,CXorf40A,3,4,increasing,0.000714661995648,False,False,False,False
ENSG00000198331,HYLS1,3,3,decreasing,-0.0143646995127285,False,False,False,False
ENSG00000146067,FAM193B,3,18,decreasing,0.0110800282277671,False,False,False,False
ENSG00000145817,YIPF5,3,3,decreasing,-0.0033368608135457,False,False,False,False
ENSG00000144567,RETREG2,3,3,increasing,0.0287130181674532,False,False,False,False
ENSG00000115091,ACTR3,3,10,decreasing,0.004600180403472,False,False,False,False
ENSG00000100239,PPP6R2,3,10,decreasing,-0.0066056456718493,False,False,False,False
ENSG00000100412,ACO2,3,10,decreasing,-0.0095346680880827,False,False,False,False
ENSG00000100418,DESI1,3,7,increasing,0.0067106365577148,False,False,False,False
ENSG00000100749,VRK1,3,3,decreasing,0.0024395895297457,False,False,False,False
ENSG00000101888,NXT2,3,7,decreasing,0.0045319751242973,False,False,False,False
ENSG00000102241,HTATSF1,3,3,increasing,0.0070976285153628,False,False,False,False
ENSG00000103550,KNOP1,3,3,decreasing,-0.0032172906486318,False,False,False,False
ENSG00000103876,FAH,3,14,increasing,0.0090424656452099,False,False,False,False
ENSG00000104497,SNX16,3,9,decreasing,-0.0082684302310493,False,False,False,False
ENSG00000105639,JAK3,3,9,increasing,-0.0140608752203345,True,True,True,False
ENSG00000105671,DDX49,3,4,decreasing,0.0067147669128936,False,False,False,False
ENSG00000105851,PIK3CG,3,10,decreasing,-0.004794244091981,False,True,True,False
ENSG00000106399,RPA3,3,8,increasing,0.0271998816308209,False,False,False,False
ENSG00000106526,ACTR3C,3,5,decreasing,-0.0053911893629268,False,False,False,False
ENSG00000107185,RGP1,3,4,increasing,0.01117110837169,False,False,False,False
ENSG00000107742,SPOCK2,3,5,decreasing,-0.0181154707206424,False,False,False,False
ENSG00000108590,MED31,3,17,decreasing,-0.0003033284747561,False,False,False,False
ENSG00000108953,YWHAE,3,9,decreasing,-0.0010042382773522,True,True,True,False
ENSG00000111186,WNT5B,3,3,decreasing,-0.0240113461756878,False,False,False,False
ENSG00000111203,ITFG2,3,5,decreasing,-0.0085182939759167,False,False,False,False
ENSG00000111275,ALDH2,3,8,increasing,0.0133575575122291,False,True,False,True
ENSG00000111897,SERINC1,3,9,decreasing,-0.0092120652526779,False,False,False,False
ENSG00000112561,TFEB,3,8,decreasing,-0.0054365581599456,True,False,False,False
ENSG00000100227,POLDIP3,3,5,decreasing,-0.0022936377649173,False,False,False,False
ENSG00000100221,JOSD1,3,8,decreasing,0.15808365800388,False,False,False,False
ENSG00000095574,IKZF5,3,9,decreasing,-0.0265458960356969,False,False,False,False
ENSG00000050426,LETMD1,3,9,increasing,0.0047140664540267,False,False,False,False
ENSG00000003393,ALS2,3,3,decreasing,-0.0107441641401337,False,False,False,False
ENSG00000125629,INSIG2,3,16,decreasing,-0.0021103220604447,False,False,False,False
ENSG00000010626,LRRC23,3,4,decreasing,-0.0121794309046784,False,False,False,False
ENSG00000012174,MBTPS2,3,14,decreasing,-0.0009898623026792,False,False,False,False
ENSG00000013573,DDX11,3,14,decreasing,-0.0727361611870669,False,False,False,False
ENSG00000025293,PHF20,3,10,decreasing,-0.0319734690829827,False,False,False,False
ENSG00000029993,HMGB3,3,8,increasing,0.0161444556735685,False,False,False,False
ENSG00000030419,IKZF2,3,18,decreasing,-0.0024494602261483,False,False,False,False
ENSG00000038210,PI4K2B,3,5,decreasing,-0.0109491120168931,False,False,False,False
ENSG00000042286,AIFM2,3,7,decreasing,-0.0067312960062322,False,False,False,False
ENSG00000059769,DNAJC25,3,4,increasing,0.0664977613331423,False,False,False,False
ENSG00000090989,EXOC1,3,19,increasing,0.0020371701552113,False,False,False,False
ENSG00000061936,SFSWAP,3,10,decreasing,-0.0031047086382519,False,False,False,False
ENSG00000064201,TSPAN32,3,8,decreasing,-0.0333302654628762,False,False,False,False
ENSG00000065491,TBC1D22B,3,7,decreasing,0.0029642345739346,False,False,False,False
ENSG00000068383,INPP5A,3,9,decreasing,-0.0046225053370464,False,False,False,False
ENSG00000071967,CYBRD1,3,5,decreasing,-0.0092156000095709,False,False,False,False
ENSG00000077935,SMC1B,3,3,decreasing,-0.0142563757658026,False,False,False,False
ENSG00000081014,AP4E1,3,3,decreasing,-0.0026137893655444,False,False,False,False
ENSG00000081721,DUSP12,3,4,decreasing,-0.0175763369328992,False,False,False,False
ENSG00000085563,ABCB1,3,18,increasing,0.0002819377634207,False,True,True,False
ENSG00000086232,EIF2AK1,3,8,increasing,0.0084938799099833,False,False,False,False
ENSG00000113638,TTC33,3,10,decreasing,-0.0109628764324753,False,False,False,False
ENSG00000115649,CNPPD1,3,8,increasing,0.0218561919205806,False,False,False,False
ENSG00000144231,POLR2D,3,9,decreasing,-0.0281178843417237,False,False,False,False
ENSG00000115694,STK25,3,5,increasing,0.0216663926642101,False,False,False,False
ENSG00000134698,AGO4,3,9,increasing,0.0186687282905138,False,False,False,False
ENSG00000134825,TMEM258,3,8,decreasing,-0.028429434482712,False,False,False,False
ENSG00000135052,GOLM1,3,10,increasing,0.0189374663002932,False,False,False,False
ENSG00000135723,FHOD1,3,7,decreasing,-0.0003530272350829,False,False,False,False
ENSG00000135929,CYP27A1,3,8,increasing,0.0137128467977519,False,False,False,False
ENSG00000136451,VEZF1,3,4,increasing,0.0010048254081567,False,False,False,False
ENSG00000136874,STX17,3,9,increasing,0.0002387859333877,False,False,False,False
ENSG00000137462,TLR2,3,10,decreasing,-0.0085852944665486,False,False,False,False
ENSG00000137806,NDUFAF1,3,8,decreasing,-0.0340588646351599,False,False,False,False
ENSG00000137815,RTF1,3,10,decreasing,-0.0071412415373544,False,False,False,False
ENSG00000138069,RAB1A,3,4,decreasing,0.1010050865752107,False,False,False,False
ENSG00000138071,ACTR2,3,4,decreasing,0.0305778222752673,False,False,False,False
ENSG00000138434,ITPRID2,3,15,increasing,0.0901870079532234,False,False,False,False
ENSG00000139146,SINHCAF,3,18,decreasing,-0.0077233677323843,False,False,False,False
ENSG00000139644,TMBIM6,3,8,increasing,-0.0032909371516645,False,False,False,False
ENSG00000139826,ABHD13,3,4,decreasing,-0.0091833495867125,False,False,False,False
ENSG00000140259,MFAP1,3,9,increasing,-0.0012035226727908,False,False,False,False
ENSG00000140403,DNAJA4,3,9,increasing,0.0101808666086838,False,False,False,False
ENSG00000140464,PML,3,3,decreasing,-0.0473675242237338,True,True,False,True
ENSG00000141543,EIF4A3,3,9,decreasing,0.0009685063554447,False,False,False,False
ENSG00000142687,KIAA0319L,3,10,increasing,0.0162088129382983,False,False,False,False
ENSG00000143164,DCAF6,3,16,increasing,0.0046389071208544,False,False,False,False
ENSG00000143458,GABPB2,3,4,increasing,0.0038351205396601,False,False,False,False
ENSG00000134324,LPIN1,3,7,increasing,0.0112798583859967,False,False,False,False
ENSG00000134294,SLC38A2,3,8,decreasing,0.0006113164460619,False,False,False,False
ENSG00000134056,MRPS36,3,3,decreasing,0.0021884083096806,False,False,False,False
ENSG00000125912,NCLN,3,8,increasing,0.0329456424312316,False,False,False,False
ENSG00000116285,ERRFI1,3,9,increasing,0.0124231121126176,False,True,False,True
ENSG00000116754,SRSF11,3,5,decreasing,-0.0081574614623547,False,False,False,False
ENSG00000117281,CD160,3,6,increasing,0.000843514591984,False,False,False,False
ENSG00000117505,DR1,3,7,decreasing,-0.0166909409131651,False,False,False,False
ENSG00000118600,RXYLT1,3,3,increasing,0.0015942486323365,False,False,False,False
ENSG00000120053,GOT1,3,8,increasing,0.006653390991565,False,False,False,False
ENSG00000120868,APAF1,3,17,decreasing,-0.0087909061775259,False,False,False,False
ENSG00000121895,TMEM156,3,4,decreasing,-0.0124691200717945,False,False,False,False
ENSG00000124786,SLC35B3,3,15,decreasing,-0.0063336946972805,False,False,False,False
ENSG00000125875,TBC1D20,3,4,decreasing,-0.0012710415391784,False,False,False,False
ENSG00000126814,TRMT5,3,7,decreasing,0.0032099686171491,False,False,False,False
ENSG00000132478,UNK,3,8,increasing,0.0336641823319409,False,False,False,False
ENSG00000128915,ICE2,3,9,increasing,0.0160338077047013,False,False,False,False
ENSG00000129197,RPAIN,3,4,decreasing,0.0054008568459795,False,False,False,False
ENSG00000129351,ILF3,3,4,decreasing,-0.0046936822547641,False,False,False,False
ENSG00000130332,LSM7,3,3,decreasing,-0.0108022424738628,False,False,False,False
ENSG00000130592,LSP1,3,4,decreasing,-0.0411011478252234,False,False,False,False
ENSG00000131148,EMC8,3,17,decreasing,-0.0014855732935923,False,False,False,False
ENSG00000131408,NR1H2,3,7,increasing,-0.0014397627222586,False,False,False,False
ENSG00000131459,GFPT2,3,4,decreasing,-0.0084359612954125,False,False,False,False
ENSG00000132153,DHX30,3,4,increasing,0.0527307012857903,False,False,False,False
ENSG00000132394,EEFSEC,3,3,increasing,-0.0043798524195747,False,False,False,False
ENSG00000096872,IFT74,3,15,decreasing,-0.007533736233015,False,False,False,False
ENSG00000119720,NRDE2,3,16,decreasing,-0.0088156175844988,False,False,False,False
ENSG00000100325,ASCC2,3,7,increasing,0.0169290149222915,False,False,False,False
ENSG00000106246,PTCD1,3,4,decreasing,-0.0028567002080365,False,False,False,False
ENSG00000100207,TCF20,3,10,decreasing,-0.0051964942863754,False,False,False,False
ENSG00000100226,GTPBP1,3,3,decreasing,-0.0312978510450427,False,False,False,False
ENSG00000100280,AP1B1,3,9,decreasing,-0.0021354513513855,False,False,False,False
ENSG00000100284,TOM1,3,5,decreasing,-0.0605514167589842,False,False,False,False
ENSG00000100351,GRAP2,3,5,decreasing,-0.0101205334899573,False,False,False,False
ENSG00000100387,RBX1,3,3,decreasing,-0.0075911219529472,False,False,False,False
ENSG00000100403,ZC3H7B,3,5,decreasing,-0.0026799022113419,False,False,False,False
ENSG00000100413,POLR3H,3,3,increasing,0.0629943000760891,False,False,False,False
ENSG00000101152,DNAJC5,3,4,decreasing,-0.0046053914778407,False,False,False,False
ENSG00000101191,DIDO1,3,5,increasing,0.0073149392706982,False,False,False,False
ENSG00000101544,ADNP2,3,5,decreasing,-0.0051497011496005,False,False,False,False
ENSG00000101680,LAMA1,3,14,decreasing,-0.00121476745845,False,False,False,False
ENSG00000101811,CSTF2,3,3,decreasing,-0.0281353365166839,False,False,False,False
ENSG00000101928,MOSPD1,3,21,increasing,0.0008219134923062,False,False,False,False
ENSG00000102024,PLS3,3,4,decreasing,-0.0060601950015849,False,False,False,False
ENSG00000103202,NME4,3,4,decreasing,-0.004190967808581,False,False,False,False
ENSG00000103351,CLUAP1,3,3,decreasing,-0.0476338343446179,False,False,False,False
ENSG00000103642,LACTB,3,9,decreasing,-0.0221881515714204,False,False,False,False
ENSG00000104164,BLOC1S6,3,14,decreasing,0.0060297495871161,False,False,False,False
ENSG00000104312,RIPK2,3,10,decreasing,-0.00128708000284,False,False,False,False
ENSG00000104529,EEF1D,3,3,decreasing,-0.0307120395254136,False,False,False,False
ENSG00000104859,CLASRP,3,4,decreasing,-0.0032519349006045,False,False,False,False
ENSG00000105699,LSR,3,4,decreasing,-0.0073196263793659,False,False,False,False
ENSG00000100083,GGA1,3,5,decreasing,-0.0108464914242356,False,False,False,False
ENSG00000100023,PPIL2,3,3,increasing,0.0401364040009777,False,False,False,False
ENSG00000100014,SPECC1L,3,10,decreasing,-0.0070495305242754,False,False,False,False
ENSG00000086300,SNX10,3,19,decreasing,-0.0099802405078719,False,False,False,False
ENSG00000073969,NSF,3,5,decreasing,-0.002824206541539,False,False,False,False
ENSG00000074695,LMAN1,3,5,decreasing,-0.0220938896902909,False,False,False,False
ENSG00000074706,IPCEF1,3,10,decreasing,-0.0059253893770006,False,False,False,False
ENSG00000075391,RASAL2,3,24,decreasing,-0.0028329436879557,False,False,False,False
ENSG00000075399,VPS9D1,3,14,decreasing,-0.0013612581855413,False,False,False,False
ENSG00000076067,RBMS2,3,21,increasing,0.001052445850045,False,False,False,False
ENSG00000076706,MCAM,3,3,decreasing,-0.020726669307524,False,False,False,False
ENSG00000077420,APBB1IP,3,10,decreasing,-0.0024822969837422,False,False,False,False
ENSG00000078589,P2RY10,3,3,decreasing,-0.0035288671762623,False,False,False,False
ENSG00000083312,TNPO1,3,10,decreasing,-0.0054243583890158,False,False,False,False
ENSG00000086619,ERO1B,3,5,decreasing,0.0004446474190837,False,False,False,False
ENSG00000092531,SNAP23,3,10,decreasing,-0.0079260936457592,False,False,False,False
ENSG00000086730,LAT2,3,5,decreasing,-0.0057738951984347,False,False,False,False
ENSG00000088812,ATRN,3,8,increasing,0.0052203462960224,False,False,False,False
ENSG00000088888,MAVS,3,7,increasing,0.0130420469069525,False,False,False,False
ENSG00000089022,MAPKAPK5,3,5,decreasing,-0.0139123426266643,False,False,False,False
ENSG00000089060,SLC8B1,3,10,decreasing,-0.0046358423186071,False,False,False,False
ENSG00000089195,TRMT6,3,14,decreasing,-0.0012298355995053,False,False,False,False
ENSG00000089327,FXYD5,3,8,decreasing,-0.1239415974122831,False,False,False,False
ENSG00000089351,GRAMD1A,3,4,decreasing,-0.0038324055994999,False,False,False,False
ENSG00000089876,DHX32,3,4,decreasing,-0.0297975431184254,False,False,False,False
ENSG00000090621,PABPC4,3,14,decreasing,-0.0024533974365712,False,False,False,False
ENSG00000105793,GTPBP10,3,4,decreasing,-0.0297953767930573,False,False,False,False
ENSG00000106261,ZKSCAN1,3,8,increasing,-0.0126489727601405,False,False,False,False
ENSG00000072571,HMMR,3,3,decreasing,-0.0361538221884206,False,False,False,False
ENSG00000106299,WASL,3,9,decreasing,-0.00543024658475,False,False,False,False
ENSG00000114904,NEK4,3,4,decreasing,-0.0288065281943936,False,False,False,False
ENSG00000114942,EEF1B2,3,3,increasing,0.002224888354544,False,False,False,False
ENSG00000115053,NCL,3,5,increasing,0.0062068044225582,False,False,False,False
ENSG00000115750,TAF1B,3,15,increasing,0.0001746325344677,False,False,False,False
ENSG00000115762,PLEKHB2,3,7,increasing,0.0031762118803874,False,False,False,False
ENSG00000115993,TRAK2,3,5,increasing,0.0071545799887376,False,False,False,False
ENSG00000116191,RALGPS2,3,3,decreasing,-0.010214088182123,False,False,False,False
ENSG00000116198,CEP104,3,5,decreasing,-0.0144562692911799,False,False,False,False
ENSG00000116604,MEF2D,3,10,decreasing,-0.0012290943025694,False,True,True,False
ENSG00000117054,ACADM,3,4,increasing,0.002089872107904,False,False,False,False
ENSG00000117411,B4GALT2,3,3,decreasing,-0.0267956403602658,False,False,False,False
ENSG00000117643,MAN1C1,3,3,decreasing,-0.0039589380568897,False,False,False,False
ENSG00000118680,MYL12B,3,8,decreasing,0.0087295057957641,False,False,False,False
ENSG00000119328,ABITRAM,3,16,decreasing,-0.0047701493041151,False,False,False,False
ENSG00000119616,FCF1,3,9,decreasing,-0.0147383879200237,False,False,False,False
ENSG00000120913,PDLIM2,3,14,increasing,0.0067940273424442,False,False,False,False
ENSG00000121289,CEP89,3,15,decreasing,-0.004617844946014,False,False,False,False
ENSG00000121578,B4GALT4,3,9,decreasing,-0.0312542365382368,False,False,False,False
ENSG00000121691,CAT,3,15,decreasing,-0.0060735947919445,False,False,False,False
ENSG00000122550,KLHL7,3,4,decreasing,-0.0092492524184933,False,False,False,False
ENSG00000125618,PAX8,3,3,decreasing,-0.0084328343405887,True,True,True,False
ENSG00000100664,EIF5,3,9,decreasing,-0.0038857995382578,False,False,False,False
ENSG00000124571,XPO5,3,4,increasing,0.0037449383848585,False,False,False,False
ENSG00000114686,MRPL3,3,8,decreasing,-0.0103677060817791,False,False,False,False
ENSG00000114026,OGG1,3,4,decreasing,-0.0246195634454135,False,False,False,False
ENSG00000113845,TIMMDC1,3,3,decreasing,-0.0130287889126895,False,False,False,False
ENSG00000108010,GLRX3,3,8,decreasing,-0.0080650705937568,False,False,False,False
ENSG00000106346,USP42,3,7,increasing,0.0316759976572765,False,False,False,False
ENSG00000106348,IMPDH1,3,14,decreasing,-0.001184433841381,False,False,False,False
ENSG00000106479,ZNF862,3,14,decreasing,0.003707433759981,False,False,False,False
ENSG00000106565,TMEM176B,3,3,decreasing,-0.0475596037161614,False,False,False,False
ENSG00000106665,CLIP2,3,10,decreasing,-0.0003064043874228,False,False,False,False
ENSG00000106686,SPATA6L,3,15,decreasing,-0.0108072654207954,False,False,False,False
ENSG00000106789,CORO2A,3,4,decreasing,-0.016694720250218,False,False,False,False
ENSG00000107758,PPP3CB,3,3,decreasing,-0.0128978202314915,False,False,False,False
ENSG00000107779,BMPR1A,3,4,decreasing,-0.0173258047190451,True,True,False,True
ENSG00000107959,PITRM1,3,3,increasing,0.0075434855672703,False,False,False,False
ENSG00000108622,ICAM2,3,5,decreasing,-0.0426844569422215,False,False,False,False
ENSG00000113643,RARS1,3,23,decreasing,-0.0084257656990352,False,False,False,False
ENSG00000109685,NSD2,3,5,decreasing,-0.0049046281842987,True,True,True,False
ENSG00000109771,LRP2BP,3,4,decreasing,-0.0004368759769601,False,False,False,False
ENSG00000110801,PSMD9,3,3,increasing,0.0227843507671717,False,False,False,False
ENSG00000111077,TNS2,3,14,decreasing,-0.0021119019172193,False,False,False,False
ENSG00000111348,ARHGDIB,3,4,decreasing,-0.0149245686933406,False,False,False,False
ENSG00000111450,STX2,3,17,decreasing,-0.0022170695549767,False,False,False,False
ENSG00000111641,NOP2,3,4,increasing,0.0220595323496067,False,False,False,False
ENSG00000112977,DAP,3,9,decreasing,-0.0042080346674777,False,False,False,False
ENSG00000113583,C5orf15,3,16,decreasing,-0.0004640054732498,False,False,False,False
ENSG00000113621,TXNDC15,3,15,decreasing,0.0008771191860543,False,False,False,False
ENSG00000073803,MAP3K13,3,4,decreasing,-0.0207039402302157,True,True,True,False
ENSG00000112473,SLC39A7,3,4,increasing,0.0193079152281036,False,False,False,False
ENSG00000070081,NUCB2,3,15,decreasing,-0.0015958181545719,False,False,False,False
ENSG00000162139,NEU3,3,21,decreasing,-0.0039479607893776,False,False,False,False
ENSG00000163029,SMC6,3,8,decreasing,-0.0072665569876055,False,False,False,False
ENSG00000163257,DCAF16,3,7,decreasing,-0.0335787225804468,False,False,False,False
ENSG00000165118,C9orf64,3,5,decreasing,-0.0175130071565541,False,False,False,False
ENSG00000165698,SPACA9,3,9,decreasing,-0.0101250728237504,False,False,False,False
ENSG00000165792,METTL17,3,7,decreasing,-0.0074338294334636,False,False,False,False
ENSG00000165801,ARHGEF40,3,9,decreasing,-0.001076200252813,False,False,False,False
ENSG00000167566,NCKAP5L,3,7,decreasing,-0.0077306195276807,False,False,False,False
ENSG00000169564,PCBP1,3,7,decreasing,-0.0028196948577033,False,True,False,False
ENSG00000172831,CES2,3,5,decreasing,-0.0053763348756618,False,False,False,False
ENSG00000175182,FAM131A,3,5,decreasing,-0.0179527605539071,False,False,False,False
ENSG00000175324,LSM1,3,15,decreasing,-0.0057955940736419,False,False,False,False
ENSG00000175544,CABP4,3,15,decreasing,-0.0062895099532319,False,False,False,False
ENSG00000176171,BNIP3,3,6,increasing,0.0101226250941364,False,False,False,False
ENSG00000176845,METRNL,3,6,increasing,0.0365345209744013,False,False,False,False
ENSG00000177426,TGIF1,3,7,increasing,6.236466302046659e-05,False,False,False,False
ENSG00000181481,RNF135,3,7,decreasing,-0.0055211620034235,False,False,False,False
ENSG00000184277,TM2D3,3,8,decreasing,-0.0022711802568576,False,False,False,False
ENSG00000186575,NF2,3,21,decreasing,-0.0038446633405993,True,True,False,True
ENSG00000186660,ZFP91,3,8,decreasing,-0.0022743315036443,False,False,False,False
ENSG00000186818,LILRB4,3,8,decreasing,0.0035695539443009,False,False,False,False
ENSG00000187257,RSBN1L,3,23,decreasing,-0.0015103272057175,False,False,False,False
ENSG00000198498,TMA16,3,7,decreasing,0.0002606194986212,False,False,False,False
ENSG00000205356,TECPR1,3,21,decreasing,-0.0022321371195882,False,False,False,False
ENSG00000162441,LZIC,3,5,increasing,-0.0030415278675543,False,False,False,False
ENSG00000160255,ITGB2,3,14,decreasing,-0.0015474479728031,False,False,False,False
ENSG00000270800,RPS10-NUDT3,3,8,decreasing,-0.004872959854786,False,False,False,False
ENSG00000158201,ABHD3,3,10,decreasing,-0.0309794195389953,False,False,False,False
ENSG00000101310,SEC23B,3,6,decreasing,-0.1159098212708363,False,False,False,False
ENSG00000105321,CCDC9,3,7,increasing,0.0239171715878166,False,False,False,False
ENSG00000070010,UFD1,3,4,decreasing,-0.0008842557403498,False,False,False,False
ENSG00000105819,PMPCB,3,8,decreasing,-0.002663457453672,False,False,False,False
ENSG00000106100,NOD1,3,20,decreasing,-0.0026801932373548,False,False,False,False
ENSG00000109323,MANBA,3,10,decreasing,-0.0009018071602364,False,False,False,False
ENSG00000109854,HTATIP2,3,7,decreasing,-0.0200839654712168,False,True,False,True
ENSG00000111328,CDK2AP1,3,8,decreasing,-0.0082081345978563,False,False,False,False
ENSG00000112304,ACOT13,3,20,decreasing,-0.0091528876278814,False,False,False,False
ENSG00000114098,ARMC8,3,9,decreasing,-0.0031201102257862,False,False,False,False
ENSG00000115073,ACTR1B,3,5,decreasing,-0.0165816138392997,False,False,False,False
ENSG00000116679,IVNS1ABP,3,8,decreasing,-0.0197996693457541,False,False,False,False
ENSG00000117010,ZNF684,3,7,decreasing,-0.0133729794577461,False,False,False,False
ENSG00000120451,SNX19,3,6,decreasing,-0.0244648011550009,False,False,False,False
ENSG00000124067,SLC12A4,3,7,decreasing,0.0215646633168169,False,False,False,False
ENSG00000130997,POLN,3,8,decreasing,-0.006456524596813,False,False,False,False
ENSG00000136379,ABHD17C,3,5,decreasing,-0.0164167463498369,False,False,False,False
ENSG00000138463,SLC49A4,3,7,increasing,0.0091338804157635,False,False,False,False
ENSG00000142178,SIK1,3,6,increasing,0.0309946460086026,False,False,False,False
ENSG00000142227,EMP3,3,6,increasing,0.0430960558816742,False,False,False,False
ENSG00000144580,CNOT9,3,8,decreasing,-0.0184336131770488,False,False,False,False
ENSG00000147586,MRPS28,3,19,decreasing,-0.0026107286893309,False,False,False,False
ENSG00000150093,ITGB1,3,23,decreasing,-0.0005270200932504,False,False,False,False
ENSG00000217555,CKLF,3,9,decreasing,-0.003260781747802,False,False,False,False
ENSG00000136732,GYPC,3,6,decreasing,-0.0166850265256759,False,False,False,False
ENSG00000286261,AC022137.3,3,6,decreasing,-0.0318883052259497,False,False,False,False
ENSG00000187954,CYHR1,3,7,decreasing,-0.0037066660510779,False,False,False,False
ENSG00000235162,C12orf75,3,5,decreasing,0.001970313154464,False,False,False,False
ENSG00000271723,MROH7-TTC4,3,6,decreasing,-0.003018983853716,False,False,False,False
ENSG00000272916,AC022400.7,3,6,decreasing,0.0017619974001432,False,False,False,False
ENSG00000000419,DPM1,3,8,decreasing,-0.00650623732418,False,False,False,False
ENSG00000006194,ZNF263,3,6,decreasing,-0.0175111156591003,False,False,False,False
ENSG00000010256,UQCRC1,3,3,decreasing,-0.0038758339218545,False,False,False,False
ENSG00000010818,HIVEP2,3,10,decreasing,-0.0072718330742315,False,False,False,False
ENSG00000011114,BTBD7,3,10,decreasing,-0.0033238973231399,False,False,False,False
ENSG00000013364,MVP,3,16,decreasing,-0.0024391954303214,False,False,False,False
ENSG00000023516,AKAP11,3,4,decreasing,-0.0346750563741449,False,False,False,False
ENSG00000036054,TBC1D23,3,5,decreasing,-0.0197666995639649,False,False,False,False
ENSG00000048052,HDAC9,3,9,decreasing,0.000355778215198,False,False,False,False
ENSG00000049192,ADAMTS6,3,14,decreasing,-0.0046303662235261,False,False,False,False
ENSG00000053372,MRTO4,3,3,decreasing,-0.0077500373730295,False,False,False,False
ENSG00000059691,GATB,3,3,decreasing,-0.0046624310866529,False,False,False,False
ENSG00000063322,MED29,3,9,increasing,0.0213556677842375,False,False,False,False
ENSG00000064042,LIMCH1,3,5,increasing,0.0158715656146637,False,False,False,False
ENSG00000064115,TM7SF3,3,18,decreasing,-0.0011919889598861,False,False,False,False
ENSG00000064225,ST3GAL6,3,9,decreasing,-0.0092574241230948,False,False,False,False
ENSG00000001561,ENPP4,3,7,decreasing,-0.018427498591,False,False,False,False
ENSG00000066379,ZNRD1,3,4,decreasing,0.0060600932133074,False,False,False,False
ENSG00000065809,FAM107B,3,9,decreasing,-0.0026361719328631,False,False,False,False
ENSG00000064989,CALCRL,3,17,decreasing,-0.0035872402375176,False,False,False,False
ENSG00000197714,ZNF460,3,5,decreasing,-0.0137898043557409,False,False,False,False
ENSG00000048471,SNX29,3,4,decreasing,-0.0035184707006616,False,False,False,False
ENSG00000187240,DYNC2H1,3,5,decreasing,-0.0612481200257333,False,False,False,False
ENSG00000162032,SPSB3,3,5,decreasing,-0.0099359599282714,False,False,False,False
ENSG00000112799,LY86,3,14,decreasing,-0.0024956283000617,False,False,False,False
ENSG00000104960,PTOV1,3,5,decreasing,-0.0027117826787157,False,False,False,False
ENSG00000100804,PSMB5,3,6,decreasing,0.0020927595457609,False,False,False,False
ENSG00000187147,RNF220,3,9,decreasing,-0.0036343132729817,False,False,False,False
ENSG00000089737,DDX24,3,6,decreasing,-0.0087597502055544,False,False,False,False
ENSG00000115942,ORC2,3,7,decreasing,-0.0137750711615606,False,False,False,False
ENSG00000121933,TMIGD3,3,6,decreasing,0.0004499390671374,False,False,False,False
ENSG00000136261,BZW2,3,9,decreasing,-0.0069276965457101,False,False,False,False
ENSG00000136830,NIBAN2,3,9,decreasing,-0.0698974594240477,False,False,False,False
ENSG00000144959,NCEH1,3,10,decreasing,-0.0249973601190717,False,False,False,False
ENSG00000134910,STT3A,3,8,decreasing,0.0032339578217754,False,False,False,False
ENSG00000165699,TSC1,3,7,decreasing,-0.0060192123938048,True,True,False,True
ENSG00000168878,SFTPB,3,8,decreasing,-0.0053081627484925,False,False,False,False
ENSG00000169609,C15orf40,3,6,decreasing,-0.0061916569948067,False,False,False,False
ENSG00000169871,TRIM56,3,6,decreasing,0.0017485597534578,False,False,False,False
ENSG00000184602,SNN,3,7,decreasing,-0.007944963150134,False,False,False,False
ENSG00000183019,MCEMP1,3,14,decreasing,-0.0024858303377637,False,False,False,False
ENSG00000181315,ZNF322,3,8,decreasing,-0.0157168260225488,False,False,False,False
ENSG00000182782,HCAR2,3,5,decreasing,-0.0103511920981342,False,False,False,False
ENSG00000182117,NOP10,3,5,decreasing,0.0040722438456131,False,False,False,False
ENSG00000105227,PRX,2,6,decreasing,0.0203473111816303,False,False,False,False
ENSG00000106415,GLCCI1,2,3,decreasing,0.0073637828661641,False,False,False,False
ENSG00000106244,PDAP1,2,5,decreasing,0.0379299271874654,False,False,False,False
ENSG00000106028,SSBP1,2,5,decreasing,-0.0025362031167963,False,False,False,False
ENSG00000105854,PON2,2,3,decreasing,-0.0071057248661404,False,False,False,False
ENSG00000103227,LMF1,2,4,decreasing,-0.0444141020165999,False,False,False,False
ENSG00000104964,TLE5,2,6,decreasing,-0.0250711850323074,False,False,False,False
ENSG00000104980,TIMM44,2,2,decreasing,-0.0002286630501033,False,False,False,False
ENSG00000103353,UBFD1,2,5,decreasing,-0.0157733730348822,False,False,False,False
ENSG00000104047,DTWD1,2,3,decreasing,-0.0034364175383713,False,False,False,False
ENSG00000104043,ATP8B4,2,3,decreasing,-0.0057443141131644,False,False,False,False
ENSG00000103591,AAGAB,2,8,decreasing,-0.0010150440909987,False,False,False,False
ENSG00000103264,FBXO31,2,5,decreasing,-0.0373275314726048,False,False,False,False
ENSG00000108094,CUL2,2,21,decreasing,0.0002248483595315,False,False,False,False
ENSG00000103381,CPPED1,2,18,decreasing,-0.001899889978152,False,False,False,False
ENSG00000107829,FBXW4,2,5,decreasing,-0.0023098364569804,False,False,False,False
ENSG00000109762,SNX25,2,5,decreasing,-0.0049231128214907,False,False,False,False
ENSG00000108468,CBX1,2,4,decreasing,-0.0080702620988883,False,False,False,False
ENSG00000110925,CSRNP2,2,6,increasing,0.0237394162698827,False,False,False,False
ENSG00000112394,SLC16A10,2,9,decreasing,-0.0087836755239418,False,False,False,False
ENSG00000112081,SRSF3,2,5,decreasing,-0.0111673862802045,True,False,False,False
ENSG00000112658,SRF,2,2,decreasing,0.0052308946459609,False,False,False,False
ENSG00000103051,COG4,2,7,decreasing,-0.0242272394784781,False,False,False,False
ENSG00000112079,STK38,2,4,decreasing,-0.0054720056470274,False,False,False,False
ENSG00000111711,GOLT1B,2,3,decreasing,0.0013716407897655,False,False,False,False
ENSG00000111196,MAGOHB,2,7,decreasing,-0.0026465492804107,False,False,False,False
ENSG00000110876,SELPLG,2,7,decreasing,0.0063967628573182,False,False,False,False
ENSG00000108829,LRRC59,2,6,decreasing,-0.0042084300035937,False,False,False,False
ENSG00000110435,PDHX,2,10,decreasing,-0.0003853912022361,False,False,False,False
ENSG00000109775,UFSP2,2,5,decreasing,0.0030771720067743,False,False,False,False
ENSG00000109686,SH3D19,2,4,decreasing,-0.004188540372505,False,False,False,False
ENSG00000109680,TBC1D19,2,5,decreasing,0.0031812356852694,False,False,False,False
ENSG00000109111,SUPT6H,2,5,decreasing,-0.0027083438880384,False,False,False,False
ENSG00000108840,HDAC5,2,4,decreasing,-0.0013419129653866,False,False,False,False
ENSG00000112701,SENP6,2,9,increasing,0.0049710924972365,False,False,False,False
ENSG00000103111,MON1B,2,7,decreasing,-0.0010425852598516,False,False,False,False
ENSG00000077235,GTF3C1,2,5,decreasing,-0.0018832274483503,False,False,False,False
ENSG00000102962,CCL22,2,3,decreasing,-0.0033215860663256,False,False,False,False
ENSG00000061938,TNK2,2,2,increasing,0.0039156109982518,False,False,False,False
ENSG00000076924,XAB2,2,2,decreasing,0.0365692000048362,False,False,False,False
ENSG00000073605,GSDMB,2,2,decreasing,-0.0198152843206687,False,False,False,False
ENSG00000072609,CHFR,2,19,decreasing,0.0023268796756335,False,False,False,False
ENSG00000072042,RDH11,2,2,decreasing,-0.0131957338517986,False,False,False,False
ENSG00000066557,LRRC40,2,4,decreasing,-0.0031235086160706,False,False,False,False
ENSG00000066294,CD84,2,3,decreasing,-0.0021189364661523,False,False,False,False
ENSG00000064652,SNX24,2,7,decreasing,0.0001705356417705,False,False,False,False
ENSG00000061273,HDAC7,2,2,decreasing,-0.0239996838628725,False,True,True,False
ENSG00000102910,LONP2,2,7,decreasing,0.0268886964216179,False,False,False,False
ENSG00000059804,SLC2A3,2,14,decreasing,-0.0109664546345728,False,False,False,False
ENSG00000058453,CROCC,2,7,decreasing,-0.0121932196090494,False,False,False,False
ENSG00000057019,DCBLD2,2,2,increasing,0.0356034224762716,False,False,False,False
ENSG00000112782,CLIC5,2,10,decreasing,-0.0113628105749714,False,False,False,False
ENSG00000053524,MCF2L2,2,8,decreasing,-0.00547690862841,False,False,False,False
ENSG00000035687,ADSS2,2,2,decreasing,-0.0025743090615948,False,False,False,False
ENSG00000047410,TPR,2,21,decreasing,-0.0037556093495464,True,False,False,False
ENSG00000079387,SENP1,2,6,decreasing,-0.0110214626996137,False,False,False,False
ENSG00000081019,RSBN1,2,7,decreasing,-0.0357659234685239,False,False,False,False
ENSG00000082293,COL19A1,2,3,decreasing,-0.0091993929937109,False,False,False,False
ENSG00000087077,TRIP6,2,6,increasing,0.0074114231554247,False,False,False,False
ENSG00000101557,USP14,2,4,decreasing,0.0016692493964369,False,False,False,False
ENSG00000101443,WFDC2,2,2,decreasing,0.0180400610930418,False,False,False,False
ENSG00000100711,ZFYVE21,2,2,decreasing,0.0788869188604657,False,False,False,False
ENSG00000100652,SLC10A1,2,8,decreasing,-0.010706412135723,False,False,False,False
ENSG00000100591,AHSA1,2,3,decreasing,-0.004927681309642,False,False,False,False
ENSG00000100347,SAMM50,2,14,decreasing,-0.0039727102005916,False,False,False,False
ENSG00000100027,YPEL1,2,19,decreasing,-0.0096448527452326,False,False,False,False
ENSG00000099204,ABLIM1,2,5,decreasing,-0.0162653848359983,False,False,False,False
ENSG00000095397,WHRN,2,3,decreasing,-0.0001585228871434,False,False,False,False
ENSG00000093144,ECHDC1,2,9,decreasing,0.0023378635258859,False,False,False,False
ENSG00000092020,PPP2R3C,2,3,decreasing,0.0299872956269982,False,False,False,False
ENSG00000090339,ICAM1,2,3,decreasing,0.0845052138989861,False,False,False,False
ENSG00000088727,KIF9,2,2,decreasing,0.0062242422796585,False,False,False,False
ENSG00000088448,ANKRD10,2,4,decreasing,-0.0042599695163038,False,False,False,False
ENSG00000088053,GP6,2,6,decreasing,-0.0058829145113392,False,False,False,False
ENSG00000112773,TENT5A,2,7,decreasing,-0.0032766100799692,False,False,False,False
ENSG00000135549,PKIB,2,9,decreasing,0.0055387282790686,False,False,False,False
ENSG00000113141,IK,2,3,decreasing,-0.0029045407935818,False,False,False,False
ENSG00000135597,REPS1,2,10,decreasing,-0.0008373063750419,False,False,False,False
ENSG00000137364,TPMT,2,6,decreasing,-0.0059257633780667,False,True,False,False
ENSG00000136867,SLC31A2,2,3,decreasing,-0.0028914707529832,False,False,False,False
ENSG00000136153,LMO7,2,4,decreasing,-0.0111570754542144,False,False,False,False
ENSG00000135931,ARMC9,2,4,increasing,0.049695645377039,False,False,False,False
ENSG00000135776,ABCB10,2,16,decreasing,-0.0012159818355641,False,False,False,False
ENSG00000135766,EGLN1,2,3,decreasing,0.0099471483792033,False,False,False,False
ENSG00000135643,KCNMB4,2,4,decreasing,-0.0152313748169788,False,False,False,False
ENSG00000135521,LTV1,2,4,increasing,0.008107564122241,False,False,False,False
ENSG00000132471,WBP2,2,3,decreasing,-0.0178589856663315,False,False,False,False
ENSG00000135148,TRAFD1,2,3,decreasing,-0.0042332305594518,False,False,False,False
ENSG00000135114,OASL,2,8,decreasing,0.0059860862048072,False,False,False,False
ENSG00000134955,SLC37A2,2,2,decreasing,-0.0058093807911631,False,False,False,False
ENSG00000134769,DTNA,2,22,decreasing,-0.0021524393795789,False,False,False,False
ENSG00000134283,PPHLN1,2,16,decreasing,-0.0048130651031247,False,False,False,False
ENSG00000134070,IRAK2,2,9,decreasing,0.0052232398310159,False,False,False,False
ENSG00000133874,RNF122,2,4,decreasing,-0.0010376965222652,False,False,False,False
ENSG00000137413,TAF8,2,5,decreasing,-0.0141266175729067,False,False,False,False
ENSG00000137996,RTCA,2,2,decreasing,-0.0051005320728792,False,False,False,False
ENSG00000138182,KIF20B,2,4,decreasing,0.0003492180325855,False,False,False,False
ENSG00000138279,ANXA7,2,4,decreasing,-0.007910185287077,False,False,False,False
ENSG00000143569,UBAP2L,2,9,decreasing,-0.0074282308934198,False,False,False,False
ENSG00000143036,SLC44A3,2,6,increasing,0.0419738209237811,False,False,False,False
ENSG00000033122,LRRC7,2,3,increasing,0.0113188240701641,False,False,False,False
ENSG00000142546,NOSIP,2,9,decreasing,-0.0052791683140871,False,False,False,False
ENSG00000142208,AKT1,2,2,increasing,0.0773217506626129,True,True,True,False
ENSG00000142188,TMEM50B,2,2,decreasing,-0.0034863795850274,False,False,False,False
ENSG00000142039,CCDC97,2,4,decreasing,-0.0079268270009736,False,False,False,False
ENSG00000142002,DPP9,2,21,decreasing,0.0281933009744033,False,False,False,False
ENSG00000141542,RAB40B,2,3,decreasing,-0.0018946255654429,False,False,False,False
ENSG00000140859,KIFC3,2,3,decreasing,-0.015263221258693,False,False,False,False
ENSG00000140678,ITGAX,2,8,decreasing,-0.0019129061665319,False,False,False,False
ENSG00000140443,IGF1R,2,5,decreasing,-0.0104738311504705,False,True,True,False
ENSG00000139737,SLAIN1,2,3,decreasing,-0.0055743358072032,False,False,False,False
ENSG00000139182,CLSTN3,2,4,increasing,0.0177480282458248,False,False,False,False
ENSG00000139044,B4GALNT3,2,2,increasing,0.0167654541469624,False,False,False,False
ENSG00000133597,ADCK2,2,9,decreasing,-0.0040554989157681,False,False,False,False
ENSG00000131669,NINJ1,2,3,decreasing,-0.0048142359188623,False,False,False,False
ENSG00000114450,GNB4,2,5,decreasing,-0.0064565885790117,False,False,False,False
ENSG00000117475,BLZF1,2,16,decreasing,-0.0024535057003349,False,False,False,False
ENSG00000121039,RDH10,2,7,decreasing,-0.0016029205625669,False,False,False,False
ENSG00000120306,CYSTM1,2,5,decreasing,-0.0038250838887972,False,False,False,False
ENSG00000119688,ABCD4,2,2,decreasing,-0.0321228240744626,False,False,False,False
ENSG00000119508,NR4A3,2,5,decreasing,-0.0023191083562534,True,True,True,False
ENSG00000119446,RBM18,2,7,decreasing,0.0033411268724952,False,False,False,False
ENSG00000118961,LDAH,2,6,increasing,0.0185506074439174,False,False,False,False
ENSG00000117533,VAMP4,2,2,decreasing,-0.0039453746593517,False,False,False,False
ENSG00000117226,GBP3,2,7,decreasing,-0.0073505607022388,False,False,False,False
ENSG00000131069,ACSS2,2,8,decreasing,-0.0043993300717883,False,False,False,False
ENSG00000117143,UAP1,2,2,decreasing,-8.211751378254997e-05,False,False,False,False
ENSG00000117090,SLAMF1,2,3,decreasing,-0.0016799210631568,False,False,False,False
ENSG00000116922,C1orf109,2,6,increasing,0.072207697438805,False,False,False,False
ENSG00000116918,TSNAX,2,3,decreasing,-0.0101454645946037,False,False,False,False
ENSG00000116852,KIF21B,2,3,decreasing,-0.0074123843264845,False,False,False,False
ENSG00000116791,CRYZ,2,3,decreasing,-0.0033282224064246,False,False,False,False
ENSG00000115211,EIF2B4,2,2,decreasing,-0.0028206579566022,False,False,False,False
ENSG00000121350,PYROXD1,2,4,decreasing,-0.026222144717444,False,False,False,False
ENSG00000122490,SLC66A2,2,9,decreasing,0.0007017135120999,False,False,False,False
ENSG00000122692,SMU1,2,4,decreasing,-0.0119582858786686,False,False,False,False
ENSG00000124406,ATP8A1,2,5,decreasing,-0.0026537453394036,False,False,False,False
ENSG00000130787,HIP1R,2,3,decreasing,-0.0034867848591693,False,False,False,False
ENSG00000129933,MAU2,2,7,decreasing,-0.0007977473574155,False,False,False,False
ENSG00000129103,SUMF2,2,3,decreasing,-0.0018621604604021,False,False,False,False
ENSG00000128590,DNAJB9,2,4,decreasing,-0.0019075144339946,False,False,False,False
ENSG00000127511,SIN3B,2,4,decreasing,-0.002370928565725,False,False,False,False
ENSG00000127080,IPPK,2,7,decreasing,-0.0107129703426114,False,False,False,False
ENSG00000126581,BECN1,2,4,decreasing,-0.015406616818138,False,False,False,False
ENSG00000126351,THRA,2,6,decreasing,0.0059637377739853,False,False,False,False
ENSG00000125863,MKKS,2,2,decreasing,-0.0187507135398055,False,False,False,False
ENSG00000125814,NAPB,2,16,decreasing,-0.0046753492391005,False,False,False,False
ENSG00000125775,SDCBP2,2,2,decreasing,-0.0021960543060852,False,False,False,False
ENSG00000125735,TNFSF14,2,6,decreasing,-0.0052080350615858,False,False,False,False
ENSG00000125430,HS3ST3B1,2,3,decreasing,0.0429370486188509,False,False,False,False
ENSG00000124762,CDKN1A,2,8,decreasing,0.0004649884884017,False,True,False,True
ENSG00000124508,BTN2A2,2,15,decreasing,-0.0050891514748669,False,False,False,False
ENSG00000035664,DAPK2,2,8,decreasing,0.0040521397052697,False,False,False,False
ENSG00000091879,ANGPT2,2,7,decreasing,0.0006378073375349,False,False,False,False
ENSG00000031823,RANBP3,2,3,decreasing,-0.0071244921607006,False,False,False,False
ENSG00000054967,RELT,2,7,decreasing,-0.0007047314570204,False,False,False,False
ENSG00000101413,RPRD1B,2,7,decreasing,-0.0069584100339631,False,False,False,False
ENSG00000100319,ZMAT5,2,6,decreasing,-0.0033131147058444,False,False,False,False
ENSG00000099785,MARCHF2,2,6,decreasing,-0.0441819963168917,False,False,False,False
ENSG00000081760,AACS,2,7,decreasing,0.0138951671562027,False,False,False,False
ENSG00000080603,SRCAP,2,9,decreasing,-0.0072944492795449,False,False,False,False
ENSG00000069998,HDHD5,2,7,decreasing,0.0009803098960927,False,False,False,False
ENSG00000064270,ATP2C2,2,7,decreasing,0.0007594786220608,False,False,False,False
ENSG00000029639,TFB1M,2,8,decreasing,-0.0082438709011854,False,False,False,False
ENSG00000285077,ARHGAP11B,2,3,decreasing,-0.0088656424358692,False,False,False,False
ENSG00000008086,CDKL5,2,6,decreasing,0.0048642728006592,False,False,False,False
ENSG00000005302,MSL3,2,8,decreasing,0.0069666784469588,False,False,False,False
ENSG00000286192,AC069288.1,2,2,decreasing,-0.0902559962047,False,False,False,False
ENSG00000286140,DERPC,2,2,decreasing,0.0021396294494661,False,False,False,False
ENSG00000286088,AC073585.2,2,2,decreasing,-0.0024805752890328,False,False,False,False
ENSG00000286070,GGT1,2,3,decreasing,0.004380482283503,False,False,False,False
ENSG00000285779,AL358472.7,2,3,decreasing,-0.0301726373636009,False,False,False,False
ENSG00000103510,KAT8,2,7,decreasing,0.0062698823897848,False,False,False,False
ENSG00000106305,AIMP2,2,6,decreasing,0.0080004376757192,False,False,False,False
ENSG00000108344,PSMD3,2,5,decreasing,-0.0270376234432024,False,False,False,False
ENSG00000108389,MTMR4,2,15,decreasing,-0.0013154128299945,False,False,False,False
ENSG00000132356,PRKAA1,2,10,decreasing,-0.0024171432161903,False,False,False,False
ENSG00000131016,AKAP12,2,8,decreasing,-0.0063749849213153,False,False,False,False
ENSG00000130349,MTRES1,2,6,decreasing,0.0093917643439897,False,False,False,False
ENSG00000126561,STAT5A,2,7,decreasing,-0.0149036622213224,False,True,True,False
ENSG00000125538,IL1B,2,15,decreasing,-0.0029031424559355,False,False,False,False
ENSG00000123159,GIPC1,2,7,decreasing,-0.0148487622414915,False,False,False,False
ENSG00000121769,FABP3,2,6,decreasing,0.0096056139122626,False,False,False,False
ENSG00000119514,GALNT12,2,5,decreasing,-0.0121717482955157,False,False,False,False
ENSG00000117385,P3H1,2,6,decreasing,-0.0021200205925359,False,False,False,False
ENSG00000115590,IL1R2,2,5,decreasing,-0.0435794333708932,False,False,False,False
ENSG00000115274,INO80B,2,6,decreasing,-0.0015656868523865,False,False,False,False
ENSG00000111727,HCFC2,2,7,decreasing,-0.0121042862161849,False,False,False,False
ENSG00000108651,UTP6,2,5,decreasing,-0.0048629595684807,False,False,False,False
ENSG00000108641,B9D1,2,6,decreasing,-0.0030482852797572,False,False,False,False
ENSG00000108578,BLMH,2,7,decreasing,-0.0006745361863188,False,False,False,False
ENSG00000285589,AC010422.8,2,2,decreasing,-0.0027057083617702,False,False,False,False
ENSG00000284946,AC068831.8,2,16,decreasing,-0.0042771804831139,False,False,False,False
ENSG00000136213,CHST12,2,16,decreasing,0.004691603906275,False,False,False,False
ENSG00000256100,AP000721.1,2,2,decreasing,-0.0207345685187659,False,False,False,False
ENSG00000264522,OTUD7B,2,5,decreasing,0.0004084546471268,False,False,False,False
ENSG00000263961,RHEX,2,2,decreasing,-0.0063581009103746,False,False,False,False
ENSG00000263715,LINC02210-CRHR1,2,3,decreasing,0.0166274463754788,False,False,False,False
ENSG00000261408,TEN1-CDK3,2,8,decreasing,0.0235874882388033,False,False,False,False
ENSG00000260097,SPDYE6,2,8,decreasing,-0.1169108317706458,False,False,False,False
ENSG00000258984,UBE2F-SCLY,2,3,decreasing,0.008163100036857,False,False,False,False
ENSG00000258588,TRIM6-TRIM34,2,2,increasing,0.00916977408021,False,False,False,False
ENSG00000255439,AC135050.2,2,2,decreasing,-0.0414686691137339,False,False,False,False
ENSG00000284934,AC048338.2,2,2,decreasing,-0.0005799838671287,False,False,False,False
ENSG00000254996,ANKHD1-EIF4EBP3,2,2,decreasing,-0.0119005734411563,False,False,False,False
ENSG00000254709,IGLL5,2,2,increasing,0.0106041139947681,False,False,False,False
ENSG00000254004,ZNF260,2,6,decreasing,-0.0099071521550416,False,False,False,False
ENSG00000247746,USP51,2,3,decreasing,-0.0072877454936397,False,False,False,False
ENSG00000247595,SPTY2D1OS,2,2,decreasing,-0.0389602915598645,False,False,False,False
ENSG00000143862,ARL8A,2,3,decreasing,-0.0193387873795925,False,False,False,False
ENSG00000246705,H2AJ,2,5,increasing,0.1302423834506599,False,False,False,False
ENSG00000267618,AC004223.3,2,4,decreasing,-0.0061162220231512,False,False,False,False
ENSG00000267699,AC091551.1,2,14,decreasing,-0.0013051839885247,False,False,False,False
ENSG00000268173,AC007192.1,2,6,increasing,0.3273499482393219,False,False,False,False
ENSG00000269469,AC010619.2,2,7,decreasing,-0.0025042880900336,False,False,False,False
ENSG00000284686,AC119674.2,2,2,decreasing,0.0094984341216295,False,False,False,False
ENSG00000284526,AC015802.6,2,2,decreasing,0.0055341468757764,False,False,False,False
ENSG00000283526,PRRT1B,2,2,decreasing,-0.0011676789075067,False,False,False,False
ENSG00000283321,AC019117.4,2,8,decreasing,-0.0098772733337921,False,False,False,False
ENSG00000283154,IQCJ-SCHIP1,2,3,decreasing,-0.0027233627178756,False,False,False,False
ENSG00000282246,AL157392.5,2,3,decreasing,-0.0153180926372258,False,False,False,False
ENSG00000276234,TADA2A,2,2,decreasing,0.037172443061829,False,False,False,False
ENSG00000276045,ORAI1,2,3,decreasing,-0.0168395190112344,False,False,False,False
ENSG00000275464,FP565260.1,2,2,decreasing,0.0053925668750633,False,False,False,False
ENSG00000274559,CU639417.1,2,2,decreasing,-0.0137187704959964,False,False,False,False
ENSG00000274523,RCC1L,2,2,decreasing,-0.0065173266359149,False,False,False,False
ENSG00000274070,CASTOR2,2,15,decreasing,-0.0026673658168842,False,False,False,False
ENSG00000273167,AL359736.1,2,3,decreasing,-0.0070150778736972,False,False,False,False
ENSG00000271741,AC114490.2,2,3,decreasing,-0.0038348582408848,False,False,False,False
ENSG00000270276,H4C15,2,3,decreasing,-0.0042406496091006,False,False,False,False
ENSG00000132604,TERF2,2,5,decreasing,-0.0165301114852664,False,False,False,False
ENSG00000137274,BPHL,2,5,decreasing,-0.0113573038570503,False,False,False,False
ENSG00000029364,SLC39A9,2,5,decreasing,-0.0021518641099762,False,False,False,False
ENSG00000254536,AL360181.3,2,5,decreasing,-0.0035367821593684,False,False,False,False
ENSG00000136918,WDR38,2,5,decreasing,-0.0322296960891781,False,False,False,False
ENSG00000131844,MCCC2,2,7,decreasing,-0.0103461058688062,False,False,False,False
ENSG00000130766,SESN2,2,8,decreasing,-0.057108358653784,False,True,False,True
ENSG00000114853,ZBTB47,2,5,decreasing,-0.0024224248794374,False,False,False,False
ENSG00000112851,ERBIN,2,10,decreasing,-0.0060792848202068,False,False,False,False
ENSG00000104825,NFKBIB,2,7,decreasing,-0.0098705948957827,False,False,False,False
ENSG00000278817,AC007325.4,2,5,decreasing,-0.007579240013743,False,False,False,False
ENSG00000249141,AL159163.1,2,7,decreasing,-0.0029348244340733,False,False,False,False
ENSG00000181817,LSM10,2,5,decreasing,0.0047839568347411,False,False,False,False
ENSG00000241489,AC244197.3,2,5,decreasing,0.0001215207273483,False,False,False,False
ENSG00000204954,C12orf73,2,6,decreasing,0.0053956840873253,False,False,False,False
ENSG00000203760,CENPW,2,5,decreasing,-0.0076142547574916,False,False,False,False
ENSG00000198513,ATL1,2,20,decreasing,0.0198768778813818,False,False,False,False
ENSG00000198482,ZNF808,2,9,decreasing,-0.0017875479724398,False,False,False,False
ENSG00000197021,CXorf40B,2,6,decreasing,0.005030100866545,False,False,False,False
ENSG00000196177,ACADSB,2,6,decreasing,-0.0102825510254984,False,False,False,False
ENSG00000151651,ADAM8,2,5,decreasing,-0.0117740522567827,False,False,False,False
ENSG00000157856,DRC1,2,5,decreasing,-0.0071059273796155,False,False,False,False
ENSG00000163071,SPATA18,2,5,decreasing,-0.0078310572279639,False,False,False,False
ENSG00000165516,KLHDC2,2,8,decreasing,-0.004760365965614,False,False,False,False
ENSG00000027869,SH2D2A,2,4,decreasing,-0.0014695186388538,False,False,False,False
ENSG00000023892,DEF6,2,2,decreasing,0.0036893622308878,False,False,False,False
ENSG00000022267,FHL1,2,14,decreasing,-0.0024143223020424,False,False,False,False
ENSG00000016391,CHDH,2,6,decreasing,-0.0214288027266515,False,False,False,False
ENSG00000015171,ZMYND11,2,8,decreasing,-0.0029583025962194,False,False,False,False
ENSG00000013375,PGM3,2,6,decreasing,0.0007355028697854,False,False,False,False
ENSG00000011600,TYROBP,2,3,decreasing,-0.0075933774151862,False,False,False,False
ENSG00000010030,ETV7,2,3,decreasing,-0.0128215179079391,False,False,False,False
ENSG00000008517,IL32,2,3,decreasing,0.0031970222439385,False,False,False,False
ENSG00000007202,KIAA0100,2,4,decreasing,-0.0096984673476794,False,False,False,False
ENSG00000006459,KDM7A,2,4,decreasing,0.0011652386505519,False,False,False,False
ENSG00000005812,FBXL3,2,4,decreasing,-7.382628370605012e-05,False,False,False,False
ENSG00000274286,ADRA2B,2,5,decreasing,-0.0075466705204111,False,False,False,False
ENSG00000214063,TSPAN4,2,5,decreasing,-0.0492608934395848,False,False,False,False
ENSG00000168899,VAMP5,2,5,decreasing,-0.035217356791675,False,False,False,False
ENSG00000184012,TMPRSS2,2,5,decreasing,-0.0001243219831458,True,True,False,False
ENSG00000176731,RBIS,2,6,decreasing,-0.0027363071349889,False,False,False,False
ENSG00000137497,NUMA1,2,7,decreasing,-0.0026819889257261,True,False,False,False
ENSG00000146197,SCUBE3,2,6,decreasing,-0.0006265921402725,False,False,False,False
ENSG00000163710,PCOLCE2,2,6,decreasing,-0.0063724908892483,False,False,False,False
ENSG00000160877,NACC1,2,5,decreasing,-0.0115480942761115,False,False,False,False
ENSG00000154582,ELOC,2,8,decreasing,-0.0389036754294295,False,True,False,False
ENSG00000154099,DNAAF1,2,5,decreasing,0.0038205813797409,False,False,False,False
ENSG00000152213,ARL11,2,5,decreasing,0.0133758709504598,False,False,False,False
ENSG00000146842,TMEM209,2,5,decreasing,-0.0058054923415778,False,False,False,False
ENSG00000146707,POMZP3,2,10,decreasing,0.0017696336072461,False,False,False,False
ENSG00000145354,CISD2,2,7,decreasing,0.0002248022856189,False,False,False,False
ENSG00000174996,KLC2,2,7,decreasing,-0.0210876347460281,False,False,False,False
ENSG00000145113,MUC4,2,5,decreasing,0.0124028748045884,False,False,False,False
ENSG00000143653,SCCPDH,2,5,decreasing,-0.0489422736378195,False,False,False,False
ENSG00000141404,GNAL,2,6,decreasing,-0.0069892848812805,False,False,False,False
ENSG00000141385,AFG3L2,2,8,decreasing,-0.0190490843082129,False,False,False,False
ENSG00000141012,GALNS,2,5,decreasing,-0.0149228286482854,False,False,False,False
ENSG00000138430,OLA1,2,10,decreasing,-0.0375114462559894,False,False,False,False
ENSG00000137648,TMPRSS4,2,6,decreasing,0.0010441893596599,False,False,False,False
ENSG00000163814,CDCP1,2,20,decreasing,-0.00459520586847,False,False,False,False
ENSG00000164111,ANXA5,2,6,decreasing,0.0026493394926301,False,False,False,False
ENSG00000164331,ANKRA2,2,6,decreasing,-0.0025383738660859,False,False,False,False
ENSG00000164347,GFM2,2,8,decreasing,-0.0054491255070602,False,False,False,False
ENSG00000174226,SNX31,2,7,decreasing,-0.0012156133925309,False,False,False,False
ENSG00000173540,GMPPB,2,14,decreasing,-0.0047766465829564,False,False,False,False
ENSG00000173451,THAP2,2,9,decreasing,0.0447307294740888,False,False,False,False
ENSG00000173272,MZT2A,2,5,decreasing,-0.0009533783931538,False,False,False,False
ENSG00000172932,ANKRD13D,2,5,decreasing,-0.0132774036402943,False,False,False,False
ENSG00000171262,FAM98B,2,6,decreasing,-0.0063294030440902,False,False,False,False
ENSG00000170502,NUDT9,2,6,decreasing,0.0037790268763221,False,False,False,False
ENSG00000169021,UQCRFS1,2,8,decreasing,-0.0315690039439772,False,False,False,False
ENSG00000168159,RNF187,2,14,decreasing,-0.0008225069499169,False,False,False,False
ENSG00000168038,ULK4,2,6,decreasing,-0.0160959711527189,False,False,False,False
ENSG00000167208,SNX20,2,9,decreasing,-0.023973200704503,False,False,False,False
ENSG00000166401,SERPINB8,2,6,decreasing,-0.0013862510518347,False,False,False,False
ENSG00000166025,AMOTL1,2,6,decreasing,0.0021605941043596,False,False,False,False
ENSG00000165138,ANKS6,2,6,decreasing,-0.0055438163270388,False,False,False,False
ENSG00000164880,INTS1,2,5,decreasing,0.0112061464845775,False,False,False,False
ENSG00000143624,INTS3,2,7,increasing,0.0050288819809225,False,False,False,False
ENSG00000115145,STAM2,2,3,decreasing,-0.0020797557221689,False,False,False,False
ENSG00000143952,VPS54,2,9,decreasing,-0.004735423272734,False,False,False,False
ENSG00000108395,TRIM37,2,3,decreasing,-0.0108059102587772,False,False,False,False
ENSG00000115947,ORC4,2,2,decreasing,-0.0057404621933116,False,False,False,False
ENSG00000115738,ID2,2,2,decreasing,-0.0082095349725016,False,False,False,False
ENSG00000115539,PDCL3,2,2,decreasing,-0.0038510988482742,False,False,False,False
ENSG00000113721,PDGFRB,2,2,increasing,0.0103708204476737,True,True,True,False
ENSG00000113369,ARRDC3,2,2,decreasing,-0.0027332142636495,False,False,False,False
ENSG00000110328,GALNT18,2,7,decreasing,-0.0146110534523279,False,False,False,False
ENSG00000109133,TMEM33,2,4,increasing,0.025741614672124,False,False,False,False
ENSG00000107968,MAP3K8,2,7,decreasing,-0.0069401309745179,False,False,False,False
ENSG00000100242,SUN2,2,2,increasing,0.0409702926662607,False,False,False,False
ENSG00000107186,MPDZ,2,2,decreasing,0.0042715148755276,False,False,False,False
ENSG00000106853,PTGR1,2,2,decreasing,-0.00249113999585,False,False,False,False
ENSG00000106392,C1GALT1,2,3,decreasing,0.003672234561754,False,False,False,False
ENSG00000104341,LAPTM4B,2,2,increasing,0.0390825859421894,False,False,False,False
ENSG00000103335,PIEZO1,2,2,increasing,0.0305152820020671,False,False,False,False
ENSG00000102804,TSC22D1,2,3,increasing,0.0063853075769878,False,False,False,False
ENSG00000102738,MRPS31,2,2,decreasing,-0.0120174769528877,False,False,False,False
ENSG00000117228,GBP1,2,14,decreasing,-0.0018981652336345,False,False,False,False
ENSG00000119596,YLPM1,2,3,decreasing,-0.0226241542887054,False,False,False,False
ENSG00000120693,SMAD9,2,2,decreasing,-0.0095600431372491,False,False,False,False
ENSG00000120925,RNF170,2,2,decreasing,-0.0011660315821158,False,False,False,False
ENSG00000135972,MRPS9,2,2,decreasing,-0.0078516518782537,False,False,False,False
ENSG00000135407,AVIL,2,2,decreasing,-0.0030716544234668,False,True,True,False
ENSG00000135299,ANKRD6,2,3,decreasing,0.0060006987010409,False,False,False,False
ENSG00000135093,USP30,2,2,increasing,0.0121709060818886,False,False,False,False
ENSG00000134248,LAMTOR5,2,3,decreasing,0.0033563252878738,False,False,False,False
ENSG00000133083,DCLK1,2,2,decreasing,-0.0035248687415264,False,False,False,False
ENSG00000133026,MYH10,2,2,decreasing,-0.0480432682932416,False,False,False,False
ENSG00000132300,PTCD3,2,2,decreasing,-0.0018194500384362,False,False,False,False
ENSG00000131584,ACAP3,2,2,decreasing,0.023876358207069,False,False,False,False
ENSG00000127952,STYXL1,2,7,decreasing,-0.0020411151356062,False,False,False,False
ENSG00000126870,WDR60,2,2,increasing,0.0074168707920566,False,False,False,False
ENSG00000123992,DNPEP,2,2,decreasing,-0.0053770235551753,False,False,False,False
ENSG00000122694,GLIPR2,2,2,decreasing,-0.0041561157974476,False,False,False,False
ENSG00000122085,MTERF4,2,3,decreasing,-0.0285016243161415,False,False,False,False
ENSG00000122034,GTF3A,2,2,decreasing,-0.002083158812807,False,False,False,False
ENSG00000102034,ELF4,2,7,decreasing,-0.0064567614563828,True,True,True,False
ENSG00000100154,TTC28,2,2,decreasing,-0.0059070903185923,False,False,False,False
ENSG00000137764,MAP2K5,2,18,increasing,0.0628440846036926,False,False,False,False
ENSG00000165309,ARMC3,2,6,decreasing,-0.0060309299019898,False,False,False,False
ENSG00000236761,CTAGE9,2,19,decreasing,-0.0015782936717902,False,False,False,False
ENSG00000205609,EIF3CL,2,22,decreasing,-0.0067416991047922,False,False,False,False
ENSG00000198692,EIF1AY,2,6,decreasing,-0.0136934720305186,False,False,False,False
ENSG00000196597,ZNF782,2,7,decreasing,-0.0028719361698437,False,False,False,False
ENSG00000196449,YRDC,2,6,decreasing,-0.0047053348820321,False,False,False,False
ENSG00000179604,CDC42EP4,2,14,decreasing,0.0018148362662939,False,False,False,False
ENSG00000173805,HAP1,2,6,decreasing,-0.0338365928466233,False,False,False,False
ENSG00000164236,ANKRD33B,2,9,decreasing,-0.0017520314564012,False,False,False,False
ENSG00000095585,BLNK,2,15,decreasing,0.0315069816327542,False,False,False,False
ENSG00000162733,DDR2,2,6,decreasing,-0.0450103550268974,True,True,True,False
ENSG00000162385,MAGOH,2,8,decreasing,-0.0022304618865712,False,False,False,False
ENSG00000158406,H4C8,2,6,decreasing,0.0119374489234817,False,False,False,False
ENSG00000150636,CCDC102B,2,6,decreasing,-0.014165121449824,False,False,False,False
ENSG00000145337,PYURF,2,6,decreasing,-0.0018980707410374,False,False,False,False
ENSG00000144840,RABL3,2,6,decreasing,-0.0103086657671899,False,False,False,False
ENSG00000138326,RPS24,2,6,decreasing,-0.0164066754064603,False,False,False,False
ENSG00000283930,AL117339.5,2,8,decreasing,-0.0027173076402942,False,False,False,False
ENSG00000002016,RAD52,2,3,decreasing,-0.0037374864126273,False,True,False,False
ENSG00000006695,COX10,2,2,decreasing,-0.0064441371357458,False,False,False,False
ENSG00000039560,RAI14,2,3,decreasing,0.0012719664686108,False,False,False,False
ENSG00000092969,TGFB2,2,2,decreasing,-0.0058760609286187,False,False,False,False
ENSG00000091986,CCDC80,2,2,decreasing,-0.0091723150960562,False,False,False,False
ENSG00000084754,HADHA,2,5,decreasing,-0.0554720289616931,False,False,False,False
ENSG00000081923,ATP8B1,2,16,decreasing,-0.0015112855567847,False,False,False,False
ENSG00000081803,CADPS2,2,8,decreasing,0.0365554924970945,False,False,False,False
ENSG00000079805,DNM2,2,5,decreasing,-0.0062449333461235,True,True,True,False
ENSG00000078018,MAP2,2,3,decreasing,-0.0045503864484671,False,False,False,False
ENSG00000076351,SLC46A1,2,2,increasing,0.0033090196969617,False,False,False,False
ENSG00000075188,NUP37,2,2,decreasing,-0.0029504155216991,False,False,False,False
ENSG00000070159,PTPN3,2,2,decreasing,-0.0301831960637274,False,False,False,False
ENSG00000069122,ADGRF5,2,2,decreasing,-0.007121866780371,False,False,False,False
ENSG00000068028,RASSF1,2,2,decreasing,-0.0119819659048533,False,False,False,False
ENSG00000067596,DHX8,2,3,decreasing,-0.006012611409445,False,False,False,False
ENSG00000066135,KDM4A,2,2,decreasing,-0.0147253303580331,False,False,False,False
ENSG00000055070,SZRD1,2,5,increasing,0.0714897958614231,False,False,False,False
ENSG00000136824,SMC2,2,2,decreasing,-0.0222377686069781,False,False,False,False
ENSG00000138614,INTS14,2,2,decreasing,0.0027225118740315,False,False,False,False
ENSG00000144233,AMMECR1L,2,7,decreasing,-0.0114198217000765,False,False,False,False
ENSG00000177076,ACER2,2,7,decreasing,-0.0041631693786804,False,False,False,False
ENSG00000184349,EFNA5,2,2,decreasing,-0.0017134759720109,False,False,False,False
ENSG00000183281,PLGLB1,2,7,decreasing,-0.004019630081633,False,False,False,False
ENSG00000182853,VMO1,2,2,decreasing,-0.0014816158338366,False,False,False,False
ENSG00000182141,ZNF708,2,3,decreasing,-0.0031336864206327,False,False,False,False
ENSG00000181019,NQO1,2,2,decreasing,0.008104398504997,False,True,True,False
ENSG00000180190,TDRP,2,3,decreasing,-0.0006705199113075,False,False,False,False
ENSG00000179399,GPC5,2,2,decreasing,-0.0039551886854947,False,False,False,False
ENSG00000175164,ABO,2,2,decreasing,-0.004293764195874,False,False,False,False
ENSG00000169891,REPS2,2,3,decreasing,-0.0106325067391887,False,False,False,False
ENSG00000174989,FBXW8,2,2,decreasing,-0.036973743958335,False,False,False,False
ENSG00000173786,CNP,2,2,decreasing,-0.000153522655603,False,False,False,False
ENSG00000173068,BNC2,2,2,decreasing,-0.0068008783511119,False,False,False,False
ENSG00000172809,RPL38,2,2,decreasing,-0.001109523732703,False,False,False,False
ENSG00000172543,CTSW,2,2,decreasing,-0.0021215956385783,False,False,False,False
ENSG00000171444,MCC,2,2,decreasing,-0.0052410169832883,False,False,False,False
ENSG00000171159,C9orf16,2,2,decreasing,-0.0071840535600661,False,False,False,False
ENSG00000185052,SLC24A3,2,3,decreasing,-0.0074102040244211,False,False,False,False
ENSG00000185055,EFCAB10,2,2,decreasing,-0.0020749619752571,False,False,False,False
ENSG00000185164,NOMO2,2,5,decreasing,-0.023714402776927,False,False,False,False
ENSG00000187244,BCAM,2,2,decreasing,-0.0032535466480431,False,False,False,False
ENSG00000233024,NPIPA9,2,3,decreasing,-0.0146477317324966,False,False,False,False
ENSG00000286001,AC021087.5,2,2,decreasing,0.0094122237107396,False,False,False,False
ENSG00000248405,PRR5-ARHGAP8,2,2,decreasing,-0.0016505848825997,False,False,False,False
ENSG00000241258,CRCP,2,2,decreasing,0.0142877195247667,False,False,False,False
ENSG00000220201,ZGLP1,2,2,decreasing,-0.0030451464823706,False,False,False,False
ENSG00000213741,RPS29,2,7,decreasing,-0.006515463942314,False,False,False,False
ENSG00000205209,SCGB2B2,2,2,decreasing,-0.0047394879681998,False,False,False,False
ENSG00000198929,NOS1AP,2,3,decreasing,0.0086246882267987,False,False,False,False
ENSG00000198646,NCOA6,2,7,increasing,0.0136644026161028,False,False,False,False
ENSG00000198478,SH3BGRL2,2,2,decreasing,-0.0416625765868581,False,False,False,False
ENSG00000197702,PARVA,2,2,decreasing,-0.0209493163376662,False,False,False,False
ENSG00000197647,ZNF433,2,3,decreasing,-0.0054142240546806,False,False,False,False
ENSG00000197056,ZMYM1,2,2,decreasing,-0.0089244374351183,False,False,False,False
ENSG00000197013,ZNF429,2,3,decreasing,-0.002491082949032,False,False,False,False
ENSG00000196110,ZNF699,2,2,decreasing,-0.0107722332225381,False,False,False,False
ENSG00000170899,GSTA4,2,2,decreasing,-0.0092888897509902,False,False,False,False
ENSG00000168280,KIF5C,2,2,decreasing,-0.0041339071399754,False,False,False,False
ENSG00000139263,LRIG3,2,2,decreasing,-0.0010378104490292,True,False,False,False
ENSG00000144848,ATG3,2,2,decreasing,-0.0027045816768159,False,False,False,False
ENSG00000150893,FREM2,2,2,decreasing,-0.0060440237488742,False,False,False,False
ENSG00000150667,FSIP1,2,2,decreasing,-0.0115837662647966,False,False,False,False
ENSG00000150527,MIA2,2,7,decreasing,-0.0036456844415864,False,False,False,False
ENSG00000148459,PDSS1,2,2,decreasing,-0.0033361925599492,False,False,False,False
ENSG00000147642,SYBU,2,2,decreasing,-0.0059642556103475,False,False,False,False
ENSG00000147592,LACTB2,2,9,decreasing,-0.0108285834058834,False,False,False,False
ENSG00000146477,SLC22A3,2,2,decreasing,-4.769387468815016e-05,False,False,False,False
ENSG00000144824,PHLDB2,2,2,decreasing,-0.0026574165036072,False,False,False,False
ENSG00000166596,CFAP52,2,2,decreasing,-0.0048465684923335,False,False,False,False
ENSG00000144815,NXPE3,2,2,decreasing,-0.0047361675885786,False,False,False,False
ENSG00000143799,PARP1,2,2,decreasing,0.0004019550267158,False,True,False,True
ENSG00000143674,MAP3K21,2,4,decreasing,0.0155347987937164,False,True,True,False
ENSG00000143337,TOR1AIP1,2,2,decreasing,-0.0032944640344482,False,False,False,False
ENSG00000143147,GPR161,2,2,decreasing,-0.010247103289369,False,False,False,False
ENSG00000141741,MIEN1,2,2,decreasing,-0.0013586975930624,False,False,False,False
ENSG00000141519,CCDC40,2,20,decreasing,-0.0062991164672031,False,False,False,False
ENSG00000151065,DCP1B,2,2,decreasing,-0.0081965613721265,False,False,False,False
ENSG00000151332,MBIP,2,2,decreasing,-0.0063080888207599,False,False,False,False
ENSG00000151690,MFSD6,2,2,decreasing,0.0021646700043572,False,False,False,False
ENSG00000153395,LPCAT1,2,3,decreasing,-0.0045222102929479,False,False,False,False
ENSG00000165819,METTL3,2,3,decreasing,-0.0027592136644742,False,False,False,False
ENSG00000164073,MFSD8,2,3,decreasing,0.0014178456406566,False,False,False,False
ENSG00000163950,SLBP,2,5,decreasing,-0.0386271247247079,False,False,False,False
ENSG00000163877,SNIP1,2,2,decreasing,-0.0078011990290043,False,False,False,False
ENSG00000163510,CWC22,2,3,decreasing,-0.02037820381312,False,False,False,False
ENSG00000163166,IWS1,2,2,decreasing,0.0016865794130833,False,False,False,False
ENSG00000161091,MFSD12,2,3,decreasing,-0.0035082868467008,False,False,False,False
ENSG00000159618,ADGRG5,2,2,decreasing,-0.0068104077630943,False,False,False,False
ENSG00000159461,AMFR,2,7,decreasing,-0.0070907405611329,False,False,False,False
ENSG00000159433,STARD9,2,15,decreasing,-0.000776518869221,False,False,False,False
ENSG00000158792,SPATA2L,2,2,increasing,0.0199041443866485,False,False,False,False
ENSG00000157077,ZFYVE9,2,2,decreasing,-0.0026629909480764,False,False,False,False
ENSG00000156697,UTP14A,2,2,decreasing,-0.0046850292338873,False,False,False,False
ENSG00000155008,APOOL,2,3,decreasing,-5.912836474984999e-05,False,False,False,False
ENSG00000154639,CXADR,2,2,decreasing,-0.0253477820566605,False,False,False,False
ENSG00000133687,TMTC1,2,8,decreasing,-0.0031543983638951,False,False,False,False
ENSG00000130402,ACTN4,2,22,decreasing,-0.0021333114707437,False,False,False,False
ENSG00000128918,ALDH1A2,2,6,decreasing,-0.0022930703526165,False,False,False,False
ENSG00000166169,POLL,2,4,decreasing,-0.0027649833967548,False,False,False,False
ENSG00000167528,ZNF641,2,5,decreasing,-0.0140158464428991,False,False,False,False
ENSG00000167394,ZNF668,2,8,decreasing,-0.0027568973733331,False,False,False,False
ENSG00000167257,RNF214,2,6,increasing,0.0413277138982269,False,False,False,False
ENSG00000167220,HDHD2,2,8,decreasing,-0.0023512286943539,False,False,False,False
ENSG00000166833,NAV2,2,8,decreasing,0.0062832534448866,False,False,False,False
ENSG00000166716,ZNF592,2,4,decreasing,-0.0002922894714963,False,False,False,False
ENSG00000166313,APBB1,2,4,decreasing,-0.0134307530457492,False,False,False,False
ENSG00000166167,BTRC,2,3,decreasing,-0.005874267569039,False,False,False,False
ENSG00000164144,ARFIP1,2,4,decreasing,0.0009225646309118,False,False,False,False
ENSG00000165983,PTER,2,2,decreasing,-0.0051691089775864,False,False,False,False
ENSG00000165916,PSMC3,2,3,decreasing,-0.00187339142514,False,False,False,False
ENSG00000165609,NUDT5,2,4,decreasing,0.0029442313287963,False,False,False,False
ENSG00000165392,WRN,2,4,decreasing,-0.0043093315646083,True,True,False,True
ENSG00000164930,FZD6,2,2,decreasing,-0.0031990470942613,False,False,False,False
ENSG00000164305,CASP3,2,4,decreasing,-0.0217716050836824,False,False,False,False
ENSG00000164266,SPINK1,2,3,decreasing,-0.0042792461525492,False,False,False,False
ENSG00000167600,CYP2S1,2,3,decreasing,-0.0019579647970643,False,False,False,False
ENSG00000167608,TMC4,2,3,decreasing,0.0051212300840147,False,False,False,False
ENSG00000167642,SPINT2,2,4,decreasing,-0.0195149830687529,False,False,False,False
ENSG00000168887,C2orf68,2,5,decreasing,-0.032133658429693,False,False,False,False
ENSG00000176209,SMIM19,2,2,decreasing,-0.0102767631067151,False,False,False,False
ENSG00000175575,PAAF1,2,3,decreasing,-0.0446131184989095,False,False,False,False
ENSG00000175166,PSMD2,2,3,decreasing,-0.0059864315503258,False,False,False,False
ENSG00000174946,GPR171,2,4,decreasing,-0.0149573086604098,False,False,False,False
ENSG00000174718,RESF1,2,7,decreasing,4.428648802515007e-05,False,False,False,False
ENSG00000174106,LEMD3,2,16,decreasing,-0.0046229888999834,False,False,False,False
ENSG00000174010,KLHL15,2,7,decreasing,0.0282937580682069,False,False,False,False
ENSG00000172175,MALT1,2,5,decreasing,-0.0066506945208459,True,True,False,False
ENSG00000171720,HDAC3,2,3,increasing,0.1657796260612645,False,False,False,False
ENSG00000171475,WIPF2,2,7,decreasing,-0.0147230619216416,False,False,False,False
ENSG00000171033,PKIA,2,3,decreasing,2.98924956300059e-06,False,False,False,False
ENSG00000170615,SLC26A5,2,3,decreasing,-0.0014694416565462,False,False,False,False
ENSG00000170322,NFRKB,2,9,decreasing,0.0003535493794869,False,False,False,False
ENSG00000169902,TPST1,2,5,decreasing,-0.0150932798291091,False,False,False,False
ENSG00000169223,LMAN2,2,3,decreasing,-0.0076518047920212,False,False,False,False
ENSG00000164151,ICE1,2,7,increasing,0.0029783004275191,False,False,False,False
ENSG00000163913,IFT122,2,2,decreasing,-0.0128270237405875,False,False,False,False
ENSG00000123975,CKS2,2,7,decreasing,-0.018175593344222,False,False,False,False
ENSG00000148158,SNX30,2,2,decreasing,-0.0149430905453592,False,False,False,False
ENSG00000152952,PLOD2,2,3,decreasing,-0.0113183551573277,False,False,False,False
ENSG00000152749,GPR180,2,3,decreasing,-0.0034010588023723,False,False,False,False
ENSG00000152465,NMT2,2,3,decreasing,-2.6733704774550057e-05,False,False,False,False
ENSG00000152457,DCLRE1C,2,4,decreasing,-0.0128484683817141,False,False,False,False
ENSG00000151657,KIN,2,3,decreasing,-0.0027087709058356,False,False,False,False
ENSG00000151470,C4orf33,2,2,decreasing,-0.0066569907628587,False,False,False,False
ENSG00000148848,ADAM12,2,4,decreasing,-0.0039225878388301,False,False,False,False
ENSG00000147419,CCDC25,2,4,increasing,0.0043083679636417,False,False,False,False
ENSG00000163754,GYG1,2,4,decreasing,-0.0085787225606339,False,False,False,False
ENSG00000147324,MFHAS1,2,10,decreasing,-0.0348416082712531,False,False,False,False
ENSG00000146476,ARMT1,2,3,decreasing,-0.0061789584294976,False,False,False,False
ENSG00000146070,PLA2G7,2,3,decreasing,-0.0053927216369041,False,False,False,False
ENSG00000145293,ENOPH1,2,2,decreasing,-0.0045284183953858,False,False,False,False
ENSG00000145246,ATP10D,2,5,decreasing,-0.0078803733806578,False,False,False,False
ENSG00000144559,TAMM41,2,2,decreasing,-0.0064126518316117,False,False,False,False
ENSG00000144381,HSPD1,2,6,increasing,0.1145255587738372,False,False,False,False
ENSG00000153207,AHCTF1,2,10,decreasing,-0.0204890203815114,False,False,False,False
ENSG00000153234,NR4A2,2,6,decreasing,-0.125936232818179,False,False,False,False
ENSG00000153914,SREK1,2,7,decreasing,-0.0603868636051598,False,False,False,False
ENSG00000154114,TBCEL,2,2,decreasing,0.0112689473774782,False,False,False,False
ENSG00000163568,AIM2,2,3,decreasing,-0.0018603397742954,False,True,False,True
ENSG00000163319,MRPS18C,2,15,decreasing,-0.0047397253795647,False,False,False,False
ENSG00000163138,PACRGL,2,2,decreasing,-0.0156620608578608,False,False,False,False
ENSG00000160932,LY6E,2,14,decreasing,-0.0045392296759669,False,False,False,False
ENSG00000160654,CD3G,2,20,decreasing,-0.0017451083734523,False,False,False,False
ENSG00000160352,ZNF714,2,6,decreasing,-0.0267274722831864,False,False,False,False
ENSG00000160293,VAV2,2,4,decreasing,-0.0080109803346153,False,True,True,False
ENSG00000159579,RSPRY1,2,18,decreasing,-0.0009891830046686,False,False,False,False
ENSG00000159445,THEM4,2,9,increasing,0.001831394006388,False,False,False,False
ENSG00000159399,HK2,2,7,decreasing,-0.0129627455210613,False,False,False,False
ENSG00000158483,FAM86C1,2,6,decreasing,-0.0136876236095446,False,False,False,False
ENSG00000158006,PAFAH2,2,14,decreasing,-0.0008639194131352,False,False,False,False
ENSG00000157601,MX1,2,6,decreasing,0.0092922733043063,False,False,False,False
ENSG00000157020,SEC13,2,8,increasing,0.0231658097445084,False,False,False,False
ENSG00000156860,FBRS,2,3,decreasing,0.0002385747348156,False,False,False,False
ENSG00000176476,SGF29,2,4,increasing,0.0049747684498008,False,False,False,False
ENSG00000177105,RHOG,2,8,decreasing,-0.0326449715911065,False,False,False,False
ENSG00000178694,NSUN3,2,2,increasing,0.0067475022012739,False,False,False,False
ENSG00000228474,OST4,2,2,decreasing,-0.0073506751803009,False,False,False,False
ENSG00000260325,HSPB9,2,2,increasing,0.0040479966488228,False,False,False,False
ENSG00000259399,TGIF2-RAB5IF,2,3,decreasing,-0.0031465164729355,False,False,False,False
ENSG00000258461,AC012651.1,2,6,decreasing,0.0006666122077603,False,False,False,False
ENSG00000255526,NEDD8-MDP1,2,2,decreasing,-0.0052904832936668,False,False,False,False
ENSG00000254553,AL033529.1,2,15,decreasing,0.0014760555195813,False,False,False,False
ENSG00000251247,ZNF345,2,3,decreasing,-0.0064704981462961,False,False,False,False
ENSG00000243335,KCTD7,2,5,decreasing,-0.0021528339154248,False,False,False,False
ENSG00000219626,FAM228B,2,14,decreasing,-0.0039079738978379,False,False,False,False
ENSG00000178761,FAM219B,2,4,decreasing,-0.0027416885190282,False,False,False,False
ENSG00000215784,FAM72D,2,6,decreasing,0.0012956122839942,False,False,False,False
ENSG00000214160,ALG3,2,3,decreasing,-0.0213456270590472,False,False,False,False
ENSG00000205517,RGL3,2,8,decreasing,-0.0217869616593932,False,False,False,False
ENSG00000204560,DHX16,2,3,decreasing,-0.0041846845230957,False,False,False,False
ENSG00000204469,PRRC2A,2,2,decreasing,0.0012405033703271,False,False,False,False
ENSG00000204406,MBD5,2,5,increasing,0.01645532897186,False,False,False,False
ENSG00000204386,NEU1,2,2,decreasing,-0.0014721196679018,False,False,False,False
ENSG00000261796,ISY1-RAB43,2,4,decreasing,-0.0071299696666704,False,False,False,False
ENSG00000267314,AC104532.1,2,3,decreasing,-0.0116188923246962,False,False,False,False
ENSG00000267360,AC012309.1,2,6,decreasing,-0.0035385509452603,False,False,False,False
ENSG00000268797,AC008537.1,2,15,decreasing,-0.0014949971040635,False,False,False,False
ENSG00000123728,RAP2C,2,7,decreasing,-0.0201999879234143,False,False,False,False
ENSG00000106344,RBM28,2,7,decreasing,-0.0042903743288616,False,False,False,False
ENSG00000106034,CPED1,2,6,decreasing,-0.0033588685794899,False,False,False,False
ENSG00000077514,POLD3,2,7,decreasing,-0.004531021936731,False,False,False,False
ENSG00000047578,KIAA0556,2,8,decreasing,-0.0182981674790498,False,False,False,False
ENSG00000043093,DCUN1D1,2,7,decreasing,-0.0087177484612467,False,True,True,False
ENSG00000038427,VCAN,2,8,decreasing,-0.0091239979738115,False,False,False,False
ENSG00000006704,GTF2IRD1,2,10,decreasing,-0.0044326041331383,False,False,False,False
ENSG00000285635,AC021660.3,2,4,decreasing,-0.0143962536190463,False,False,False,False
ENSG00000285458,AC093827.5,2,6,decreasing,-0.0016012677027972,False,False,False,False
ENSG00000284773,AC114490.3,2,3,decreasing,-0.0027376752629338,False,False,False,False
ENSG00000280571,AC006059.2,2,9,decreasing,0.0101588912648085,False,False,False,False
ENSG00000276293,PIP4K2B,2,3,decreasing,-0.0079701088952068,False,False,False,False
ENSG00000270757,HSPE1-MOB4,2,7,decreasing,-0.0235490416515859,False,False,False,False
ENSG00000269713,NBPF9,2,4,decreasing,-0.0110521849625744,False,False,False,False
ENSG00000203667,COX20,2,3,decreasing,0.00030050500438,False,False,False,False
ENSG00000203666,EFCAB2,2,9,decreasing,0.0199153005524165,False,False,False,False
ENSG00000198862,LTN1,2,2,decreasing,-0.0035060041783314,False,False,False,False
ENSG00000187091,PLCD1,2,7,decreasing,-0.0264401958984252,False,False,False,False
ENSG00000184840,TMED9,2,6,decreasing,-0.0032622792770641,False,False,False,False
ENSG00000184402,SS18L1,2,9,decreasing,0.0089561158743785,True,False,False,False
ENSG00000183978,COA3,2,7,decreasing,-0.0096744317634203,False,False,False,False
ENSG00000183723,CMTM4,2,2,decreasing,0.0062170956678431,False,False,False,False
ENSG00000182872,RBM10,2,3,decreasing,0.0048296078077983,True,True,False,True
ENSG00000182795,C1orf116,2,3,decreasing,-0.0176987250076206,False,False,False,False
ENSG00000182310,SPACA6,2,3,decreasing,-0.0051245764794957,False,False,False,False
ENSG00000182180,MRPS16,2,4,decreasing,-0.0050165177021119,False,False,False,False
ENSG00000181826,RELL1,2,6,decreasing,0.0068916024565973,False,False,False,False
ENSG00000181555,SETD2,2,10,decreasing,-0.0004627693227617,True,True,False,True
ENSG00000180096,SEPTIN1,2,4,decreasing,0.0102859358386943,False,False,False,False
ENSG00000179965,ZNF771,2,3,decreasing,-0.0167530885357416,False,False,False,False
ENSG00000179409,GEMIN4,2,6,increasing,0.0139704384377565,False,False,False,False
ENSG00000179029,TMEM107,2,14,decreasing,-0.0020306676187589,False,False,False,False
ENSG00000178878,APOLD1,2,5,decreasing,-0.0046865635553001,False,False,False,False
ENSG00000186010,NDUFA13,2,4,decreasing,-0.0026806773166596,False,False,False,False
ENSG00000187416,LHFPL3,2,4,decreasing,-0.0032746744361415,False,False,False,False
ENSG00000198825,INPP5F,2,4,decreasing,-0.0041684728550359,False,False,False,False
ENSG00000187446,CHP1,2,7,decreasing,-0.0010429926381179,False,False,False,False
ENSG00000198252,STYX,2,3,decreasing,-0.0016481362062546,False,False,False,False
ENSG00000197498,RPF2,2,6,decreasing,-0.0041941852041226,False,False,False,False
ENSG00000197183,NOL4L,2,17,decreasing,-0.0277122083504708,False,False,False,False
ENSG00000197077,KIAA1671,2,3,decreasing,-0.0019321308069903,False,False,False,False
ENSG00000196911,KPNA5,2,2,decreasing,-0.0113510576661,False,False,False,False
ENSG00000196705,ZNF431,2,3,decreasing,-0.0063229916077798,False,False,False,False
ENSG00000196365,LONP1,2,5,decreasing,-0.0047359222617833,False,False,False,False
ENSG00000196268,ZNF493,2,2,decreasing,-0.0342931832051577,False,False,False,False
ENSG00000189077,TMEM120A,2,14,decreasing,-0.0018541997262972,False,False,False,False
ENSG00000189007,ADAT2,2,4,decreasing,-0.013874730847259,False,False,False,False
ENSG00000188917,TRMT2B,2,3,decreasing,0.0243493752731717,False,False,False,False
ENSG00000188706,ZDHHC9,2,2,decreasing,-0.0218791724798856,False,False,False,False
ENSG00000188389,PDCD1,2,4,decreasing,-0.005067627998465,False,True,True,False
ENSG00000188315,C3orf62,2,7,decreasing,-0.0138376301119953,False,False,False,False
ENSG00000187950,OVCH1,2,14,decreasing,-0.0096693376738076,False,False,False,False
ENSG00000241553,ARPC4,2,9,decreasing,-0.0107472451049641,False,False,False,False
ENSG00000138785,INTS12,2,5,decreasing,0.0006628927333478,False,False,False,False
ENSG00000227057,WDR46,2,2,increasing,0.0082960500313876,False,False,False,False
ENSG00000118308,LRMP,2,4,decreasing,-0.0058955143235543,False,False,False,False
ENSG00000119760,SUPT7L,2,3,decreasing,0.0601953071149762,False,False,False,False
ENSG00000119632,IFI27L2,2,3,decreasing,-0.0041621438516423,False,False,False,False
ENSG00000119403,PHF19,2,3,decreasing,-0.0036616908161279,False,True,True,False
ENSG00000118855,MFSD1,2,3,decreasing,-0.0041128720008082,False,False,False,False
ENSG00000118707,TGIF2,2,3,decreasing,-0.0016992519237128,False,False,False,False
ENSG00000118513,MYB,2,2,decreasing,-0.0085076279871164,True,True,True,False
ENSG00000118492,ADGB,2,19,decreasing,-0.0015429752200956,False,False,False,False
ENSG00000118242,MREG,2,2,decreasing,0.022379166149303,False,False,False,False
ENSG00000116906,GNPAT,2,2,decreasing,-0.0054388696771107,False,False,False,False
ENSG00000117748,RPA2,2,4,decreasing,0.0125277278003325,False,False,False,False
ENSG00000117697,NSL1,2,3,decreasing,-0.0119211150719883,False,False,False,False
ENSG00000117691,NENF,2,2,decreasing,-0.0133283177837155,False,False,False,False
ENSG00000117586,TNFSF4,2,2,decreasing,0.0049053215444775,False,False,False,False
ENSG00000117560,FASLG,2,2,decreasing,-0.0110713519110173,False,False,False,False
ENSG00000117477,CCDC181,2,2,decreasing,0.00406031742717,False,False,False,False
ENSG00000117399,CDC20,2,2,decreasing,-0.0486379778061313,False,False,False,False
ENSG00000119922,IFIT2,2,4,decreasing,-0.0085043948368926,False,False,False,False
ENSG00000119950,MXI1,2,5,decreasing,-0.0281288877668548,False,False,False,False
ENSG00000120262,CCDC170,2,7,decreasing,-0.0003464261824324,False,False,False,False
ENSG00000120278,PLEKHG1,2,4,decreasing,-0.0036181309103435,False,False,False,False
ENSG00000123737,EXOSC9,2,2,decreasing,0.0270555930586702,False,False,False,False
ENSG00000123575,FAM199X,2,3,decreasing,-0.0089018228078344,False,False,False,False
ENSG00000123415,SMUG1,2,7,decreasing,-0.0009812371754818,False,False,False,False
ENSG00000123411,IKZF4,2,6,increasing,0.0091162564570726,False,False,False,False
ENSG00000123395,ATG101,2,5,decreasing,0.0019299722814775,False,False,False,False
ENSG00000123352,SPATS2,2,4,decreasing,0.0106789213616626,False,False,False,False
ENSG00000123136,DDX39A,2,2,decreasing,-0.0183856096568586,False,False,False,False
ENSG00000123064,DDX54,2,4,decreasing,-0.006082644998919,False,False,False,False
ENSG00000122547,EEPD1,2,6,decreasing,0.0003287969540576,False,False,False,False
ENSG00000122376,SHLD2,2,9,increasing,0.0027964624509213,False,False,False,False
ENSG00000121101,TEX14,2,3,decreasing,-0.0129158204266995,False,False,False,False
ENSG00000120875,DUSP4,2,8,decreasing,-0.0426266129990679,False,True,False,True
ENSG00000120805,ARL1,2,2,decreasing,0.0153229061504027,False,False,False,False
ENSG00000120708,TGFBI,2,17,decreasing,-0.0012795238914586,False,False,False,False
ENSG00000120438,TCP1,2,3,decreasing,-0.0089672433136391,False,False,False,False
ENSG00000116985,BMP8B,2,2,decreasing,-0.0026858574605091,False,False,False,False
ENSG00000116761,CTH,2,2,decreasing,-0.0068564314715629,False,False,False,False
ENSG00000124201,ZNFX1,2,5,decreasing,-0.0191139909887594,False,False,False,False
ENSG00000112110,MRPL18,2,2,decreasing,-0.0027199731390114,False,False,False,False
ENSG00000113719,ERGIC1,2,23,decreasing,-0.0015953938196186,False,False,False,False
ENSG00000113600,C9,2,9,decreasing,-0.0019713590834267,False,False,False,False
ENSG00000113569,NUP155,2,3,decreasing,-0.002770899187968,False,False,False,False
ENSG00000112941,TENT4A,2,4,decreasing,-0.0047206065240756,False,False,False,False
ENSG00000112787,FBRSL1,2,8,decreasing,-0.0180159835674866,False,False,False,False
ENSG00000112303,VNN2,2,14,decreasing,-0.0086592728376223,False,False,False,False
ENSG00000112137,PHACTR1,2,9,decreasing,-0.0016300460037086,False,False,False,False
ENSG00000112096,SOD2,2,4,decreasing,-0.0351358576977655,False,False,False,False
ENSG00000116747,RO60,2,2,decreasing,-0.0228342378197254,False,False,False,False
ENSG00000111879,FAM184A,2,4,decreasing,0.0030831854071159,False,False,False,False
ENSG00000111801,BTN3A3,2,2,decreasing,-0.0017509807335565,False,False,False,False
ENSG00000111780,AL021546.1,2,6,increasing,0.0160523315619203,False,False,False,False
ENSG00000111775,COX6A1,2,2,increasing,0.0084051899093343,False,False,False,False
ENSG00000111731,C2CD5,2,2,decreasing,-0.0042839362512556,False,False,False,False
ENSG00000111728,ST8SIA1,2,2,decreasing,-0.008447245262206,False,False,False,False
ENSG00000111671,SPSB2,2,2,decreasing,-0.0283913890869625,False,False,False,False
ENSG00000113811,SELENOK,2,4,decreasing,-0.062887408640732,False,False,False,False
ENSG00000114204,SERPINI2,2,19,decreasing,-0.0016450653546251,False,False,False,False
ENSG00000114353,GNAI2,2,3,decreasing,-0.0165712361817421,False,False,False,False
ENSG00000114391,RPL24,2,6,decreasing,-0.0219453694200153,False,False,False,False
ENSG00000116717,GADD45A,2,8,decreasing,-0.060767949574005,False,False,False,False
ENSG00000116663,FBXO6,2,2,decreasing,-0.0177754491483337,False,False,False,False
ENSG00000116521,SCAMP3,2,2,decreasing,-0.0055170479343892,False,False,False,False
ENSG00000116337,AMPD2,2,6,decreasing,-0.0420222820954515,False,False,False,False
ENSG00000116237,ICMT,2,9,decreasing,0.0469644349110068,False,False,False,False
ENSG00000116161,CACYBP,2,2,decreasing,0.007287291393959,False,False,False,False
ENSG00000116157,GPX7,2,6,increasing,0.0112077047354556,False,False,False,False
ENSG00000116138,DNAJC16,2,2,decreasing,-0.0074998072074346,False,False,False,False
ENSG00000115946,PNO1,2,8,decreasing,-0.0064547560725415,False,False,False,False
ENSG00000115524,SF3B1,2,5,decreasing,-0.0559769969232147,True,True,True,False
ENSG00000115484,CCT4,2,3,increasing,0.0473018500689444,False,False,False,False
ENSG00000115286,NDUFS7,2,2,decreasing,-0.008801846794175,False,False,False,False
ENSG00000114982,KANSL3,2,6,decreasing,0.0079703817701972,False,False,False,False
ENSG00000114850,SSR3,2,2,decreasing,0.0067040423457617,False,False,False,False
ENSG00000114529,C3orf52,2,7,decreasing,0.0202462560694812,False,False,False,False
ENSG00000124164,VAPB,2,8,decreasing,-0.0019627225753021,False,False,False,False
ENSG00000124225,PMEPA1,2,4,decreasing,-0.0126341086547566,False,False,False,False
ENSG00000111276,CDKN1B,2,4,decreasing,0.0127286966551671,True,True,False,True
ENSG00000134779,TPGS2,2,4,decreasing,-0.0036465996303998,False,False,False,False
ENSG00000135778,NTPCR,2,2,decreasing,-0.0194430656090416,False,False,False,False
ENSG00000135747,ZNF670-ZNF695,2,6,decreasing,0.0003419496205401,False,False,False,False
ENSG00000135535,CD164,2,3,decreasing,-0.0100306393210522,False,False,False,False
ENSG00000135469,COQ10A,2,2,decreasing,-0.0161269101362249,False,False,False,False
ENSG00000135316,SYNCRIP,2,23,decreasing,-0.0032915726929665,False,False,False,False
ENSG00000134864,GGACT,2,3,decreasing,-0.0071952028450689,False,False,False,False
ENSG00000134824,FADS2,2,2,decreasing,-0.0094199762120713,False,False,False,False
ENSG00000134697,GNL2,2,3,decreasing,0.0089738251644427,False,False,False,False
ENSG00000133131,MORC4,2,6,increasing,0.0293303890354091,False,False,False,False
ENSG00000134460,IL2RA,2,3,decreasing,-0.0044096424350083,False,True,False,False
ENSG00000134262,AP4B1,2,3,decreasing,-0.0212855240549172,False,False,False,False
ENSG00000134107,BHLHE40,2,7,decreasing,-0.0093913949835833,False,False,False,False
ENSG00000133805,AMPD3,2,2,decreasing,-0.010215968216837,False,False,False,False
ENSG00000133627,ACTR3B,2,7,decreasing,0.0076958632607692,False,False,False,False
ENSG00000133424,LARGE1,2,5,decreasing,-0.0161999421174155,False,False,False,False
ENSG00000133422,MORC2,2,2,decreasing,-0.0017605952190175,False,False,False,False
ENSG00000135912,TTLL4,2,6,increasing,0.0237775092989998,False,False,False,False
ENSG00000136044,APPL2,2,2,decreasing,-0.0102383396606643,False,False,False,False
ENSG00000136051,WASHC4,2,6,decreasing,0.0043867995088113,False,False,False,False
ENSG00000136319,TTC5,2,6,decreasing,0.0053907718056884,False,False,False,False
ENSG00000138166,DUSP5,2,2,decreasing,-0.0038915715915429,False,False,False,False
ENSG00000138035,PNPT1,2,3,decreasing,-0.0036909710008854,False,False,False,False
ENSG00000137992,DBT,2,5,increasing,0.031368653129047,False,False,False,False
ENSG00000137752,CASP1,2,2,decreasing,-0.0100691755299139,False,False,False,False
ENSG00000137691,CFAP300,2,5,decreasing,-0.0061844457882612,False,False,False,False
ENSG00000137574,TGS1,2,8,decreasing,0.0029233629121051,False,False,False,False
ENSG00000137504,CREBZF,2,4,decreasing,-0.0196399534927775,False,False,False,False
ENSG00000137309,HMGA1,2,6,increasing,0.0115520797541515,True,True,True,False
ENSG00000137269,LRRC1,2,3,decreasing,-0.0058702784088859,False,False,False,False
ENSG00000137171,KLC4,2,3,decreasing,-0.0034048553101999,False,False,False,False
ENSG00000137124,ALDH1B1,2,2,decreasing,0.0102958040700672,False,False,False,False
ENSG00000136986,DERL1,2,9,decreasing,-0.0056488190364485,False,False,False,False
ENSG00000136826,KLF4,2,7,decreasing,-0.0027051531217779,True,True,False,False
ENSG00000136731,UGGT1,2,6,decreasing,-0.1995673762886627,False,False,False,False
ENSG00000136463,TACO1,2,2,decreasing,0.0052577914096162,False,False,False,False
ENSG00000133321,PLAAT4,2,5,decreasing,-0.1098007519273472,False,False,False,False
ENSG00000132718,SYT11,2,3,decreasing,-0.0055418176545001,False,False,False,False
ENSG00000124334,IL9R,2,3,decreasing,-0.0062812142902639,False,False,False,False
ENSG00000125657,TNFSF9,2,3,decreasing,-0.003789525412352,False,False,False,False
ENSG00000127191,TRAF2,2,7,increasing,0.0247736515270007,False,True,False,False
ENSG00000126602,TRAP1,2,2,decreasing,-0.0163835379224227,False,False,False,False
ENSG00000125991,ERGIC3,2,6,increasing,0.0200316495887633,False,False,False,False
ENSG00000125954,CHURC1-FNTB,2,5,increasing,0.0109441391319131,False,False,False,False
ENSG00000125895,TMEM74B,2,5,decreasing,0.0128589393417471,False,False,False,False
ENSG00000125743,SNRPD2,2,3,decreasing,-0.0552381466829929,False,False,False,False
ENSG00000125730,C3,2,3,decreasing,-0.0414826403139582,False,False,False,False
ENSG00000125505,MBOAT7,2,3,increasing,0.0099340982217085,False,False,False,False
ENSG00000132510,KDM6B,2,6,decreasing,-0.0408951813539483,False,False,False,False
ENSG00000125257,ABCC4,2,5,decreasing,-0.0052493482296438,False,False,False,False
ENSG00000125144,MT1G,2,5,decreasing,0.1189497048824495,False,False,False,False
ENSG00000124939,SCGB2A1,2,6,decreasing,-0.0129101308263054,False,False,False,False
ENSG00000124767,GLO1,2,15,decreasing,-0.003141239218845,False,False,False,False
ENSG00000124608,AARS2,2,2,decreasing,0.0145181427875736,False,False,False,False
ENSG00000124466,LYPD3,2,5,decreasing,-0.0156415722070708,False,False,False,False
ENSG00000124383,MPHOSPH10,2,7,increasing,0.0621045152365146,False,False,False,False
ENSG00000127463,EMC1,2,3,decreasing,-0.0113577722668163,False,False,False,False
ENSG00000127838,PNKD,2,8,decreasing,-0.0046742590551363,False,False,False,False
ENSG00000127922,SEM1,2,3,increasing,0.0365253320166956,False,False,False,False
ENSG00000127980,PEX1,2,3,decreasing,-0.0006588231153832,False,False,False,False
ENSG00000132326,PER2,2,7,decreasing,-0.1602570495235162,False,False,False,False
ENSG00000132274,TRIM22,2,7,increasing,0.1113036189676388,False,False,False,False
ENSG00000131876,SNRPA1,2,2,decreasing,0.021219543483757,False,False,False,False
ENSG00000131791,PRKAB2,2,3,decreasing,-0.0062092936087153,False,False,False,False
ENSG00000131373,HACL1,2,9,decreasing,-0.0020178607205752,False,False,False,False
ENSG00000131149,GSE1,2,3,decreasing,-0.0201105890294589,False,False,False,False
ENSG00000130940,CASZ1,2,5,decreasing,0.0065895402976507,False,False,False,False
ENSG00000130707,ASS1,2,2,decreasing,0.0003254770998159,False,False,False,False
ENSG00000130204,TOMM40,2,7,decreasing,-0.0288943055619936,False,False,False,False
ENSG00000130147,SH3BP4,2,2,decreasing,0.009247296121687,False,False,False,False
ENSG00000130024,PHF10,2,3,decreasing,-0.0057605524967031,False,False,False,False
ENSG00000129493,HEATR5A,2,10,decreasing,-0.0141457437240536,False,False,False,False
ENSG00000129071,MBD4,2,2,decreasing,-0.0028124466513542,False,True,False,True
ENSG00000128951,DUT,2,2,decreasing,-0.0131403852820184,False,False,False,False
ENSG00000128656,CHN1,2,3,decreasing,0.0006483796148438,False,False,False,False
ENSG00000111335,OAS2,2,6,increasing,0.0228076129117855,False,False,False,False
ENSG00000111145,ELK3,2,4,decreasing,0.0016943785857796,False,False,False,False
ENSG00000138686,BBS7,2,9,decreasing,0.0204354826562216,False,False,False,False
ENSG00000075142,SRI,2,2,decreasing,-0.0042579929481353,False,False,False,False
ENSG00000079435,LIPE,2,3,decreasing,-0.0045596659768618,False,False,False,False
ENSG00000079308,TNS1,2,8,decreasing,0.0061583063629997,False,False,False,False
ENSG00000079134,THOC1,2,18,decreasing,-0.0030883003246486,False,False,False,False
ENSG00000078269,SYNJ2,2,4,decreasing,-0.0062584639616274,False,False,False,False
ENSG00000077721,UBE2A,2,3,decreasing,-0.0004144412998871,False,True,True,False
ENSG00000077684,JADE1,2,4,decreasing,-0.0016156471439867,False,False,False,False
ENSG00000075415,SLC25A3,2,4,decreasing,-0.0027550578782954,False,False,False,False
ENSG00000074964,ARHGEF10L,2,3,decreasing,-0.0146242558337522,False,False,False,False
ENSG00000070495,JMJD6,2,7,decreasing,-0.0096290578749458,False,False,False,False
ENSG00000074855,ANO8,2,5,increasing,0.0143905924020358,False,False,False,False
ENSG00000074527,NTN4,2,4,decreasing,-0.0052150580062083,False,False,False,False
ENSG00000072818,ACAP1,2,3,decreasing,-0.0094188791504273,False,False,False,False
ENSG00000072682,P4HA2,2,6,decreasing,0.0029188589115068,False,False,False,False
ENSG00000072071,ADGRL1,2,2,decreasing,-0.0094215899532886,False,False,False,False
ENSG00000071794,HLTF,2,3,decreasing,-0.0116423444844144,False,False,False,False
ENSG00000071626,DAZAP1,2,3,decreasing,-0.0054124798865427,False,True,False,False
ENSG00000079616,KIF22,2,3,decreasing,0.001930877553793,False,False,False,False
ENSG00000080345,RIF1,2,4,decreasing,0.0019083397438251,False,False,False,False
ENSG00000083812,ZNF324,2,2,decreasing,0.0026667590014188,False,False,False,False
ENSG00000084463,WBP11,2,2,decreasing,-0.0027132312153704,False,False,False,False
ENSG00000092929,UNC13D,2,3,decreasing,-0.0060348572871077,False,False,False,False
ENSG00000092470,WDR76,2,2,decreasing,-0.0201753309661671,False,False,False,False
ENSG00000092140,G2E3,2,7,increasing,0.0027044630121416,False,False,False,False
ENSG00000092094,OSGEP,2,5,decreasing,-0.0002340407338785,False,False,False,False
ENSG00000091542,ALKBH5,2,4,decreasing,-0.0040788400765836,False,False,False,False
ENSG00000090316,MAEA,2,5,decreasing,-0.0177544212460832,False,False,False,False
ENSG00000090266,NDUFB2,2,7,decreasing,0.1181357802632784,False,False,False,False
ENSG00000089820,ARHGAP4,2,3,decreasing,-0.0058872282273534,False,False,False,False
ENSG00000087299,L2HGDH,2,5,decreasing,-0.0069497620455895,False,False,False,False
ENSG00000086712,TXLNG,2,4,decreasing,-0.0045155283265696,False,False,False,False
ENSG00000086475,SEPHS1,2,7,decreasing,0.0048276766579489,False,False,False,False
ENSG00000086061,DNAJA1,2,3,decreasing,0.153627127818186,False,False,False,False
ENSG00000085998,POMGNT1,2,3,decreasing,0.0003170130715908,False,False,False,False
ENSG00000085719,CPNE3,2,3,decreasing,-0.0068320084838712,False,False,False,False
ENSG00000085644,ZNF213,2,2,decreasing,-0.0049094762159562,False,False,False,False
ENSG00000071082,RPL31,2,2,decreasing,-0.0090080136053314,False,False,False,False
ENSG00000070423,RNF126,2,3,decreasing,-0.0098345238496477,False,False,False,False
ENSG00000094841,UPRT,2,7,decreasing,0.0176622303596852,False,False,False,False
ENSG00000013275,PSMC4,2,2,decreasing,-0.0656050654355866,False,False,False,False
ENSG00000046653,GPM6B,2,6,decreasing,-0.1668383214337042,False,False,False,False
ENSG00000043514,TRIT1,2,3,decreasing,0.0143976464640156,False,False,False,False
ENSG00000040531,CTNS,2,6,decreasing,-0.0260778134506238,False,False,False,False
ENSG00000024862,CCDC28A,2,2,decreasing,0.0005164896058144,False,False,False,False
ENSG00000016864,GLT8D1,2,4,decreasing,-0.0119210443931482,False,False,False,False
ENSG00000015676,NUDCD3,2,3,decreasing,0.0030762299310479,False,False,False,False
ENSG00000015285,WAS,2,14,decreasing,-0.0057736751892436,True,False,False,False
ENSG00000012822,CALCOCO1,2,5,decreasing,-0.0119827058502254,False,False,False,False
ENSG00000070190,DAPP1,2,2,decreasing,-0.0052996443366183,False,False,False,False
ENSG00000011485,PPP5C,2,2,decreasing,-0.0039073820321171,False,False,False,False
ENSG00000011304,PTBP1,2,2,increasing,0.008055791640032,False,False,False,False
ENSG00000010244,ZNF207,2,2,decreasing,-0.0075757615445282,False,False,False,False
ENSG00000006634,DBF4,2,4,decreasing,0.0030137630116168,False,False,False,False
ENSG00000005156,LIG3,2,2,decreasing,-0.0065124258016086,False,False,False,False
ENSG00000001036,FUCA2,2,3,decreasing,-0.0201514682769908,False,False,False,False
ENSG00000225830,ERCC6,2,16,decreasing,-0.0068283776776694,False,True,True,False
ENSG00000047648,ARHGAP6,2,7,decreasing,-0.0126178981347321,False,False,False,False
ENSG00000049089,COL9A2,2,2,decreasing,0.0010033899165002,False,False,False,False
ENSG00000049245,VAMP3,2,3,decreasing,-0.0081970069466656,False,False,False,False
ENSG00000052749,RRP12,2,3,decreasing,0.0010177756514287,False,False,False,False
ENSG00000069849,ATP1B3,2,5,decreasing,-0.0059021275184414,False,False,False,False
ENSG00000069764,PLA2G10,2,2,decreasing,-0.0026583917686086,False,False,False,False
ENSG00000069345,DNAJA2,2,3,decreasing,0.0143239799458632,False,False,False,False
ENSG00000068745,IP6K2,2,3,decreasing,-0.0192190226491855,False,False,False,False
ENSG00000068438,FTSJ1,2,3,decreasing,-0.0160834446890056,False,False,False,False
ENSG00000068394,GPKOW,2,3,decreasing,-0.0052920093815191,False,False,False,False
ENSG00000067113,PLPP1,2,10,decreasing,-0.0319457452086908,False,False,False,False
ENSG00000065923,SLC9A7,2,5,decreasing,-0.0057568803515671,False,False,False,False
ENSG00000065548,ZC3H15,2,10,decreasing,-0.0123434660940978,False,False,False,False
ENSG00000065154,OAT,2,3,decreasing,-0.0025871830173421,False,False,False,False
ENSG00000064687,ABCA7,2,3,decreasing,-0.0011251724018772,False,False,False,False
ENSG00000064012,CASP8,2,5,decreasing,-0.0308597142283796,True,True,False,True
ENSG00000063176,SPHK2,2,3,decreasing,-0.0345363564193732,False,False,False,False
ENSG00000060982,BCAT1,2,8,decreasing,-0.009237187843195,False,False,False,False
ENSG00000058799,YIPF1,2,2,decreasing,-0.0059339290773216,False,False,False,False
ENSG00000093000,NUP50,2,4,decreasing,0.0026396845014809,False,False,False,False
ENSG00000095380,NANS,2,10,decreasing,-0.0014745518238623,False,False,False,False
ENSG00000110944,IL23A,2,2,decreasing,0.0548870549967089,False,False,False,False
ENSG00000105499,PLA2G4C,2,3,decreasing,-0.0145756637565696,False,False,False,False
ENSG00000106537,TSPAN13,2,6,increasing,0.0473489760223298,False,False,False,False
ENSG00000106263,EIF3B,2,4,decreasing,-0.0065046029449439,False,False,False,False
ENSG00000105976,MET,2,3,decreasing,-0.028550180964335,True,True,True,False
ENSG00000105875,WDR91,2,2,decreasing,-0.0046327834927908,False,False,False,False
ENSG00000105856,HBP1,2,9,decreasing,0.0024191555824249,False,False,False,False
ENSG00000105829,BET1,2,2,increasing,0.0299069609104327,False,False,False,False
ENSG00000105669,COPE,2,4,decreasing,-0.0308861186562344,False,False,False,False
ENSG00000105373,NOP53,2,7,decreasing,0.0401133295268952,False,False,False,False
ENSG00000104129,DNAJC17,2,4,decreasing,0.0022553886935646,False,False,False,False
ENSG00000105323,HNRNPUL1,2,8,decreasing,-0.0039394640877575,False,False,False,False
ENSG00000105185,PDCD5,2,2,decreasing,-0.0267179686486101,False,False,False,False
ENSG00000104695,PPP2CB,2,9,decreasing,-0.0250049665752505,False,False,False,False
ENSG00000104691,UBXN8,2,2,decreasing,-0.0229415732061897,False,False,False,False
ENSG00000104671,DCTN6,2,2,decreasing,-0.1030288132047171,False,False,False,False
ENSG00000104413,ESRP1,2,2,increasing,0.0600211629740672,False,False,False,False
ENSG00000104368,PLAT,2,2,decreasing,-0.0023338609750151,False,False,False,False
ENSG00000107796,ACTA2,2,3,decreasing,-0.0019457111546589,False,False,False,False
ENSG00000107872,FBXL15,2,6,increasing,0.0057044996883933,False,False,False,False
ENSG00000108509,CAMTA2,2,3,decreasing,-0.0026422535583014,False,False,False,False
ENSG00000108518,PFN1,2,3,decreasing,-0.0072378484955814,False,False,False,False
ENSG00000110906,KCTD10,2,7,decreasing,0.0159843977297465,False,False,False,False
ENSG00000110852,CLEC2B,2,4,decreasing,-0.005327126864764,False,False,False,False
ENSG00000110660,SLC35F2,2,3,decreasing,-0.0033812618755348,False,False,False,False
ENSG00000110218,PANX1,2,4,decreasing,-0.0027056251169221,False,False,False,False
ENSG00000110079,MS4A4A,2,7,decreasing,-0.0315765129827166,False,False,False,False
ENSG00000109794,FAM149A,2,2,decreasing,0.0139468055086009,False,False,False,False
ENSG00000109536,FRG1,2,3,decreasing,0.0046229432546323,False,False,False,False
ENSG00000109534,GAR1,2,6,decreasing,-0.0112601116928457,False,False,False,False
ENSG00000109390,NDUFC1,2,8,decreasing,-0.0027239290054678,False,False,False,False
ENSG00000109321,AREG,2,4,decreasing,-0.0099019834555023,False,False,False,False
ENSG00000108826,MRPL27,2,7,decreasing,-0.0104342649600886,False,False,False,False
ENSG00000108671,PSMD11,2,2,decreasing,-0.0035812330173231,False,False,False,False
ENSG00000108604,SMARCD2,2,2,decreasing,-0.0031607039798175,False,False,False,False
ENSG00000108588,CCDC47,2,5,decreasing,0.00078493046578,False,False,False,False
ENSG00000108557,RAI1,2,5,decreasing,-0.0197549520449663,False,False,False,False
ENSG00000104320,NBN,2,20,decreasing,-0.0009847744339683,True,True,False,True
ENSG00000104067,TJP1,2,8,decreasing,-0.0030884999559715,False,False,False,False
ENSG00000099958,DERL3,2,2,decreasing,-0.0079286857755724,False,False,False,False
ENSG00000100316,RPL3,2,2,decreasing,-0.0053588248667549,False,False,False,False
ENSG00000100600,LGMN,2,4,decreasing,-0.009758003012744,False,False,False,False
ENSG00000100593,ISM2,2,3,decreasing,-0.0017823657654768,False,False,False,False
ENSG00000100522,GNPNAT1,2,2,decreasing,-0.0117676224147863,False,False,False,False
ENSG00000100426,ZBED4,2,9,decreasing,-0.0027664843201124,False,False,False,False
ENSG00000100425,BRD1,2,9,decreasing,-0.0966732849006287,False,False,False,False
ENSG00000100417,PMM1,2,5,increasing,0.1115954757219972,False,False,False,False
ENSG00000100385,IL2RB,2,4,decreasing,0.0073553516280212,False,False,False,False
ENSG00000100243,CYB5R3,2,4,decreasing,0.0112422742951307,False,False,False,False
ENSG00000103932,RPAP1,2,2,decreasing,-0.0022489724933994,False,False,False,False
ENSG00000100220,RTCB,2,2,decreasing,-0.007731455298097,False,False,False,False
ENSG00000100147,CCDC134,2,5,decreasing,0.0112646132466958,False,False,False,False
ENSG00000100138,SNU13,2,4,decreasing,0.0227472236236603,False,False,False,False
ENSG00000100106,TRIOBP,2,2,increasing,0.013162436958102,False,False,False,False
ENSG00000100099,HPS4,2,3,decreasing,-0.0550252548416412,False,False,False,False
ENSG00000100003,SEC14L2,2,4,decreasing,-0.0037714827935971,False,False,False,False
ENSG00000099974,DDTL,2,2,decreasing,-0.0252378280143639,False,False,False,False
ENSG00000100614,PPM1A,2,3,decreasing,-0.0073174790504216,False,False,False,False
ENSG00000100629,CEP128,2,3,decreasing,-0.0441562151167256,False,False,False,False
ENSG00000100802,C14orf93,2,2,decreasing,-0.0064764402484085,False,False,False,False
ENSG00000100814,CCNB1IP1,2,2,increasing,0.0358573302693728,True,True,False,False
ENSG00000103653,CSK,2,3,decreasing,-0.0077152903907466,False,False,False,False
ENSG00000103496,STX4,2,3,decreasing,-0.0027827914023032,False,False,False,False
ENSG00000103485,QPRT,2,3,decreasing,-0.0105415625697222,False,False,False,False
ENSG00000103042,SLC38A7,2,8,decreasing,-0.028742435470851,False,False,False,False
ENSG00000102901,CENPT,2,3,decreasing,-0.0046584535214771,False,False,False,False
ENSG00000102878,HSF4,2,2,decreasing,-0.0342375613810613,False,False,False,False
ENSG00000102445,RUBCNL,2,3,decreasing,-0.0142789342503282,False,False,False,False
ENSG00000101639,CEP192,2,4,decreasing,0.0814866843386579,False,False,False,False
ENSG00000101407,TTI1,2,2,decreasing,0.0035143863735712,False,False,False,False
ENSG00000101247,NDUFAF5,2,2,decreasing,-0.0047377291112928,False,False,False,False
ENSG00000101082,SLA2,2,4,decreasing,-0.004665957318602,False,False,False,False
ENSG00000101079,NDRG3,2,4,decreasing,-0.0311133917491886,False,False,False,False
ENSG00000100906,NFKBIA,2,2,decreasing,-0.0173517954310924,False,True,False,True
ENSG00000100889,PCK2,2,3,decreasing,-0.0044421196228931,False,False,False,False
ENSG00000100865,CINP,2,3,decreasing,-0.00399435725161,False,False,False,False
ENSG00000138386,NAB1,2,5,increasing,0.0296422342481648,False,False,False,False
ENSG00000100442,FKBP3,2,8,decreasing,-0.0001577357568128,False,False,False,False
ENSG00000138769,CDKL2,2,3,decreasing,-0.0498063369774829,False,False,False,False
ENSG00000174839,DENND6A,2,8,decreasing,-0.0614223748653851,False,False,False,False
ENSG00000176022,B3GALT6,2,5,increasing,0.4142126322415121,False,False,False,False
ENSG00000176014,TUBB6,2,7,decreasing,0.0006199572839665,False,False,False,False
ENSG00000175592,FOSL1,2,7,decreasing,-0.0259977117632915,False,False,False,False
ENSG00000175414,ARL10,2,2,decreasing,-0.0061917793845953,False,False,False,False
ENSG00000175305,CCNE2,2,3,decreasing,-0.0038177666619736,False,False,False,False
ENSG00000175215,CTDSP2,2,6,decreasing,-0.0071407228222383,False,False,False,False
ENSG00000174844,DNAH12,2,5,increasing,0.0111785550062437,False,False,False,False
ENSG00000174799,CEP135,2,2,decreasing,-0.0130668020917326,False,False,False,False
ENSG00000173207,CKS1B,2,2,increasing,0.0329411628824072,False,False,False,False
ENSG00000174446,SNAPC5,2,3,decreasing,0.0007124894847319,False,False,False,False
ENSG00000174444,RPL4,2,3,decreasing,-0.0199195982557332,False,False,False,False
ENSG00000173933,RBM4,2,2,decreasing,0.0086672987709378,False,False,False,False
ENSG00000173678,SPDYE2B,2,7,decreasing,-0.0014662069654363,False,False,False,False
ENSG00000173545,ZNF622,2,3,decreasing,-0.0046821476631821,False,False,False,False
ENSG00000173511,VEGFB,2,2,decreasing,-0.0207652497491757,False,True,True,False
ENSG00000173467,AGR3,2,3,decreasing,-0.0116838275452927,False,False,False,False
ENSG00000176170,SPHK1,2,2,decreasing,-0.0172453540089358,False,False,False,False
ENSG00000176393,RNPEP,2,5,decreasing,-0.0206459256637016,False,False,False,False
ENSG00000176624,MEX3C,2,3,increasing,0.0050399519582677,False,False,False,False
ENSG00000177084,POLE,2,9,decreasing,-0.0116855255791379,True,True,False,True
ENSG00000179364,PACS2,2,3,decreasing,-0.0307352814038704,False,False,False,False
ENSG00000179295,PTPN11,2,4,decreasing,-0.0036107073369896,True,True,True,False
ENSG00000179222,MAGED1,2,3,decreasing,-0.002194031007473,False,False,False,False
ENSG00000179151,EDC3,2,4,decreasing,-0.0026140801602869,False,False,False,False
ENSG00000179115,FARSA,2,2,decreasing,0.0004068173273161,False,False,False,False
ENSG00000178988,MRFAP1L1,2,2,decreasing,-0.0066918458349367,False,False,False,False
ENSG00000178917,ZNF852,2,3,decreasing,-0.0076575441419436,False,False,False,False
ENSG00000178789,CD300LB,2,2,decreasing,-0.0066250387158969,False,False,False,False
ENSG00000178764,ZHX2,2,10,decreasing,-0.0289013312217332,False,False,False,False
ENSG00000178695,KCTD12,2,3,decreasing,-0.0040623344808495,False,False,False,False
ENSG00000178605,GTPBP6,2,14,decreasing,-0.0026018409330761,False,False,False,False
ENSG00000178381,ZFAND2A,2,3,decreasing,-0.0086549950756343,False,False,False,False
ENSG00000178202,POGLUT3,2,5,increasing,0.0216166720790175,False,False,False,False
ENSG00000178035,IMPDH2,2,5,increasing,0.0317284386205361,False,False,False,False
ENSG00000177169,ULK1,2,2,decreasing,-0.0077533530858991,False,False,False,False
ENSG00000173436,MICOS10,2,5,decreasing,0.003042089363923,False,False,False,False
ENSG00000173198,CYSLTR1,2,2,decreasing,-0.0145501915611174,False,False,False,False
ENSG00000180353,HCLS1,2,4,decreasing,0.000552712740879,False,False,False,False
ENSG00000170619,COMMD5,2,2,decreasing,-0.0028080572328019,False,False,False,False
ENSG00000171148,TADA3,2,4,decreasing,0.0014689424285953,False,False,False,False
ENSG00000170959,DCDC1,2,9,decreasing,0.0057209054892248,False,False,False,False
ENSG00000170915,PAQR8,2,15,decreasing,-0.0079245575726645,False,False,False,False
ENSG00000170903,MSANTD4,2,2,decreasing,-0.0095147394318548,False,False,False,False
ENSG00000170892,TSEN34,2,3,decreasing,0.0222383898359927,False,False,False,False
ENSG00000170876,TMEM43,2,3,decreasing,-0.0122288134676844,False,False,False,False
ENSG00000170638,TRABD,2,3,decreasing,0.0237094171867934,False,False,False,False
ENSG00000170412,GPRC5C,2,2,decreasing,-0.0060384745341928,False,False,False,False
ENSG00000173113,TRMT112,2,2,decreasing,0.031749217425797,False,False,False,False
ENSG00000170312,CDK1,2,2,decreasing,0.0003389868648901,False,False,False,False
ENSG00000170185,USP38,2,8,decreasing,7.519384528545002e-05,False,False,False,False
ENSG00000169919,GUSB,2,4,decreasing,-0.0059781925217981,False,False,False,False
ENSG00000169660,HEXD,2,5,decreasing,-0.0090485394397277,False,False,False,False
ENSG00000169429,CXCL8,2,8,decreasing,-0.0018338265467573,False,False,False,False
ENSG00000169288,MRPL1,2,10,decreasing,-0.013445099516746,False,False,False,False
ENSG00000169189,NSMCE1,2,4,decreasing,-0.0395429581452907,False,False,False,False
ENSG00000171174,RBKS,2,3,decreasing,-0.0026940616907741,False,False,False,False
ENSG00000171307,ZDHHC16,2,2,decreasing,-0.0162043119864249,False,False,False,False
ENSG00000171448,ZBTB26,2,3,decreasing,-0.0026381715762353,False,False,False,False
ENSG00000171595,DNAI2,2,2,decreasing,-0.0300098125923932,False,False,False,False
ENSG00000172977,KAT5,2,3,decreasing,0.0138245242373644,False,False,False,False
ENSG00000172888,ZNF621,2,6,increasing,0.022976927403754,False,False,False,False
ENSG00000172845,SP3,2,5,decreasing,-0.0281060477781654,False,False,False,False
ENSG00000172725,CORO1B,2,3,decreasing,-0.0295554357737334,False,False,False,False
ENSG00000172572,PDE3A,2,2,decreasing,-0.0045864323523609,False,False,False,False
ENSG00000172469,MANEA,2,3,decreasing,-0.0034798354291412,False,False,False,False
ENSG00000172466,ZNF24,2,2,decreasing,0.0097096302663863,False,False,False,False
ENSG00000172456,FGGY,2,4,decreasing,-0.0822204682338443,False,False,False,False
ENSG00000172361,CFAP53,2,5,increasing,0.0196697004053124,False,False,False,False
ENSG00000172273,HINFP,2,7,decreasing,-0.1298128883394563,False,False,False,False
ENSG00000172216,CEBPB,2,2,decreasing,-0.002732624760446,False,False,False,False
ENSG00000172172,MRPL13,2,5,increasing,0.0261939434847043,False,False,False,False
ENSG00000172062,SMN1,2,2,decreasing,-0.0035078602349392,False,False,False,False
ENSG00000171827,ZNF570,2,2,decreasing,-0.007198429069865,False,False,False,False
ENSG00000171659,GPR34,2,7,decreasing,-0.0005249110670539,False,False,False,False
ENSG00000179588,ZFPM1,2,2,decreasing,-0.0078549443995254,False,False,False,False
ENSG00000180917,CMTR2,2,7,decreasing,-0.2321193479999325,False,True,False,True
ENSG00000169057,MECP2,2,8,decreasing,-0.0069880297098372,False,False,False,False
ENSG00000197019,SERTAD1,2,3,decreasing,-0.0199896137148819,False,False,False,False
ENSG00000198677,TTC37,2,9,decreasing,0.0087828446609244,False,False,False,False
ENSG00000198055,GRK6,2,2,decreasing,-0.0097119018794914,False,False,False,False
ENSG00000197885,NKIRAS1,2,3,decreasing,-0.0084317016873808,False,False,False,False
ENSG00000197822,OCLN,2,4,decreasing,-0.0034803324229159,False,False,False,False
ENSG00000197520,FAM177B,2,2,decreasing,-7.944073720844995e-05,False,False,False,False
ENSG00000197121,PGAP1,2,9,decreasing,-0.0045095673678097,False,False,False,False
ENSG00000197114,ZGPAT,2,3,decreasing,-0.0067449575127766,False,False,False,False
ENSG00000196968,FUT11,2,9,decreasing,0.0067359377984464,False,False,False,False
ENSG00000188672,RHCE,2,3,decreasing,0.0555705951972844,False,False,False,False
ENSG00000196787,H2AC11,2,3,decreasing,-0.0075733326088093,False,True,False,False
ENSG00000196455,PIK3R4,2,7,decreasing,-0.003175283204428,False,False,False,False
ENSG00000196357,ZNF565,2,8,decreasing,-0.0044782091577056,False,False,False,False
ENSG00000196235,SUPT5H,2,5,decreasing,-0.007312241738829,False,False,False,False
ENSG00000196116,TDRD7,2,3,decreasing,-0.0029664656154518,False,False,False,False
ENSG00000189369,GSPT2,2,14,decreasing,-0.0075644987130602,False,False,False,False
ENSG00000189043,NDUFA4,2,2,decreasing,0.0182427784643185,False,False,False,False
ENSG00000198728,LDB1,2,2,decreasing,-0.0016840846797834,False,False,False,False
ENSG00000198793,MTOR,2,3,decreasing,-0.006037709095553,True,True,True,False
ENSG00000198833,UBE2J1,2,7,increasing,0.0046735623556791,False,False,False,False
ENSG00000198915,RASGEF1A,2,2,decreasing,-0.1031777844552331,False,False,False,False
ENSG00000214655,ZSWIM8,2,8,increasing,0.007739755418913,False,False,False,False
ENSG00000138942,RNF185,2,7,decreasing,-0.0083517531216247,False,False,False,False
ENSG00000214226,C17orf67,2,2,increasing,0.0170618357219536,False,False,False,False
ENSG00000213366,GSTM2,2,3,decreasing,-0.0002964527956517,False,False,False,False
ENSG00000213339,QTRT1,2,2,decreasing,0.0688874355498657,False,False,False,False
ENSG00000211445,GPX3,2,3,decreasing,-0.0267495200249133,False,False,False,False
ENSG00000205571,SMN2,2,3,increasing,0.0039055481139677,False,False,False,False
ENSG00000205413,SAMD9,2,2,decreasing,-0.0056570701336223,False,True,False,False
ENSG00000205352,PRR13,2,2,decreasing,0.0395717293096861,False,False,False,False
ENSG00000204536,CCHCR1,2,3,decreasing,-0.0031366409466693,False,False,False,False
ENSG00000204472,AIF1,2,2,decreasing,-0.0163515688867035,False,False,False,False
ENSG00000204370,SDHD,2,8,decreasing,-0.0030860071284205,True,True,False,True
ENSG00000204316,MRPL38,2,3,decreasing,-0.0546322346536273,False,False,False,False
ENSG00000204311,PJVK,2,3,decreasing,-0.020372042134123,False,False,False,False
ENSG00000198919,DZIP3,2,4,decreasing,-0.0043037705585108,False,False,False,False
ENSG00000188895,MSL1,2,8,decreasing,0.0034899319056939,False,False,False,False
ENSG00000188613,NANOS1,2,3,decreasing,-0.0066797571038823,False,False,False,False
ENSG00000181163,NPM1,2,3,decreasing,-0.0169256266755928,True,True,False,False
ENSG00000183484,GPR132,2,3,decreasing,-0.015278489176645,False,False,False,False
ENSG00000185009,AP3M1,2,4,decreasing,0.0001543176710421,False,False,False,False
ENSG00000184752,NDUFA12,2,2,increasing,0.0610164725838702,False,False,False,False
ENSG00000184719,RNLS,2,14,decreasing,-0.0012757135958258,False,False,False,False
ENSG00000184293,CLECL1,2,2,decreasing,-0.0043886844268713,False,False,False,False
ENSG00000184076,UQCR10,2,5,decreasing,-0.0162161385169548,False,False,False,False
ENSG00000183780,SLC35F3,2,2,decreasing,-0.0122779302080549,False,False,False,False
ENSG00000183605,SFXN4,2,6,increasing,0.0283176910364615,False,False,False,False
ENSG00000182919,C11orf54,2,3,increasing,0.0044277800985826,False,False,False,False
ENSG00000188610,FAM72B,2,3,decreasing,-0.0094837065112942,False,False,False,False
ENSG00000182175,RGMA,2,7,decreasing,0.0192766849723632,False,False,False,False
ENSG00000182173,TSEN54,2,4,decreasing,-0.0032622676524618,False,False,False,False
ENSG00000181847,TIGIT,2,2,decreasing,0.008695734837266,False,False,False,False
ENSG00000181830,SLC35C1,2,3,decreasing,-0.0295078278778951,False,False,False,False
ENSG00000181652,ATG9B,2,2,decreasing,-0.0027176511588314,False,False,False,False
ENSG00000181409,AATK,2,3,decreasing,-0.0051334891287175,False,False,False,False
ENSG00000181192,DHTKD1,2,2,decreasing,-0.0307191920273442,False,False,False,False
ENSG00000185129,PURA,2,2,increasing,0.0158391175010922,False,False,False,False
ENSG00000185163,DDX51,2,2,decreasing,-0.0148610985345227,False,False,False,False
ENSG00000185238,PRMT3,2,2,decreasing,0.0076127686754841,False,False,False,False
ENSG00000185359,HGS,2,3,decreasing,0.0610391258575261,False,False,False,False
ENSG00000188493,C19orf54,2,3,decreasing,-0.0486709086766059,False,False,False,False
ENSG00000188419,CHM,2,4,decreasing,-0.0058766440804021,False,False,False,False
ENSG00000188158,NHS,2,3,increasing,0.0120580061074195,False,False,False,False
ENSG00000188021,UBQLN2,2,3,decreasing,0.0040004157773763,False,False,False,False
ENSG00000187778,MCRS1,2,9,decreasing,0.0055659661918901,False,False,False,False
ENSG00000187736,NHEJ1,2,4,decreasing,0.0053946543749839,False,False,False,False
ENSG00000187555,USP7,2,3,decreasing,-0.0297168755201947,False,False,False,False
ENSG00000186407,CD300E,2,3,decreasing,-0.0052968531466077,False,False,False,False
ENSG00000186395,KRT10,2,2,decreasing,-0.0124644548268031,False,False,False,False
ENSG00000186265,BTLA,2,2,decreasing,-0.0052643710609868,False,False,False,False
ENSG00000186187,ZNRF1,2,4,decreasing,-0.0154383034124752,False,False,False,False
ENSG00000186166,CCDC84,2,4,increasing,0.0066888288032787,False,False,False,False
ENSG00000186130,ZBTB6,2,6,decreasing,-0.0030518028575909,False,False,False,False
ENSG00000186017,ZNF566,2,2,decreasing,-0.0105952542730636,False,False,False,False
ENSG00000185728,YTHDF3,2,10,decreasing,-0.0066631773328577,False,False,False,False
ENSG00000169100,SLC25A6,2,3,decreasing,-0.0106318477760688,False,False,False,False
ENSG00000186470,BTN3A2,2,5,decreasing,0.0051275573531176,False,False,False,False
ENSG00000169018,FEM1B,2,2,decreasing,-0.0046428205029687,False,False,False,False
ENSG00000151623,NR3C2,2,5,decreasing,-0.0011438559086516,False,False,False,False
ENSG00000153786,ZDHHC7,2,5,increasing,0.0177286842364152,False,False,False,False
ENSG00000153165,RGPD3,2,9,increasing,0.0154061406855465,False,False,False,False
ENSG00000153064,BANK1,2,2,increasing,0.0030443471930016,False,False,False,False
ENSG00000152518,ZFP36L2,2,6,decreasing,-0.0138764322631637,False,True,False,True
ENSG00000152464,RPP38,2,2,decreasing,0.0020009691186855,False,False,False,False
ENSG00000151882,CCL28,2,3,decreasing,-0.0284035501535074,False,False,False,False
ENSG00000151881,TMEM267,2,4,decreasing,0.0157525241660625,False,False,False,False
ENSG00000151553,FAM160B1,2,4,decreasing,-0.0062889055924801,False,False,False,False
ENSG00000149273,RPS3,2,10,decreasing,0.000608240160323,False,False,False,False
ENSG00000151500,THYN1,2,2,decreasing,-0.0379011487075352,False,False,False,False
ENSG00000151465,CDC123,2,3,increasing,0.017102195647055,False,False,False,False
ENSG00000150768,DLAT,2,5,increasing,0.0174960287065449,False,False,False,False
ENSG00000149781,FERMT3,2,4,decreasing,-0.0067830615327627,False,False,False,False
ENSG00000149743,TRPT1,2,3,decreasing,-0.0255152591393015,False,False,False,False
ENSG00000149532,CPSF7,2,9,increasing,0.0057871068529459,False,False,False,False
ENSG00000149527,PLCH2,2,2,increasing,0.0339699338569072,False,False,False,False
ENSG00000154274,C4orf19,2,3,increasing,0.0120784913677379,False,False,False,False
ENSG00000154518,ATP5MC3,2,7,decreasing,0.0032681101875294,False,False,False,False
ENSG00000154642,C21orf91,2,4,decreasing,-0.007381629226529,False,False,False,False
ENSG00000155330,C16orf87,2,3,decreasing,-0.0027515396428152,False,False,False,False
ENSG00000160410,SHKBP1,2,2,decreasing,0.0028789732285504,False,False,False,False
ENSG00000160310,PRMT2,2,4,increasing,0.0105064269724952,False,False,False,False
ENSG00000160014,CALM3,2,4,decreasing,-0.0070389848935609,False,False,False,False
ENSG00000159917,ZNF235,2,5,decreasing,-0.0163802552697008,False,False,False,False
ENSG00000159792,PSKH1,2,3,decreasing,0.0044324667856267,False,False,False,False
ENSG00000159128,IFNGR2,2,5,decreasing,-0.0025418696597536,False,False,False,False
ENSG00000158941,CCAR2,2,2,decreasing,-0.0041694768724945,False,False,False,False
ENSG00000158828,PINK1,2,2,decreasing,-0.0054702829714796,False,False,False,False
ENSG00000158373,H2BC5,2,2,decreasing,-0.0048934597002242,False,True,False,False
ENSG00000158092,NCK1,2,23,decreasing,-0.0029328806504724,False,False,False,False
ENSG00000156709,AIFM1,2,2,decreasing,-0.002559635526918,False,False,False,False
ENSG00000156467,UQCRB,2,2,decreasing,-0.0090266809488961,False,False,False,False
ENSG00000156127,BATF,2,8,decreasing,-0.0129196694609411,False,False,False,False
ENSG00000155827,RNF20,2,2,decreasing,-0.0035809411801486,False,False,False,False
ENSG00000155561,NUP205,2,2,decreasing,-0.0070422778658213,False,False,False,False
ENSG00000149346,SLX4IP,2,3,decreasing,-0.0029476755036019,False,False,False,False
ENSG00000149218,ENDOD1,2,6,decreasing,-0.0139210431697337,False,False,False,False
ENSG00000160606,TLCD1,2,2,decreasing,-0.0084751174029507,False,False,False,False
ENSG00000140830,TXNL4B,2,3,decreasing,-0.000749106034742,False,False,False,False
ENSG00000142186,SCYL1,2,2,decreasing,-0.0367758759050527,False,False,False,False
ENSG00000142185,TRPM2,2,2,decreasing,-0.0023344488676168,False,False,False,False
ENSG00000141738,GRB7,2,5,decreasing,-0.0014763292623135,False,True,True,False
ENSG00000141577,CEP131,2,3,decreasing,-0.0038508023512325,False,False,False,False
ENSG00000141452,RMC1,2,5,decreasing,-0.0071071979227774,False,False,False,False
ENSG00000141378,PTRH2,2,6,decreasing,0.0365310898862647,False,False,False,False
ENSG00000141034,GID4,2,2,decreasing,-0.0039068634956132,False,True,False,False
ENSG00000140368,PSTPIP1,2,2,decreasing,-0.0028056884533575,False,False,False,False
ENSG00000148832,PAOX,2,2,decreasing,-0.0281311669848976,False,False,False,False
ENSG00000140319,SRP14,2,8,decreasing,0.030232171787478,False,False,False,False
ENSG00000140264,SERF2,2,7,decreasing,-0.0078959124814495,False,False,False,False
ENSG00000139726,DENR,2,4,decreasing,-0.0042753294896724,False,False,False,False
ENSG00000139725,RHOF,2,4,decreasing,0.0042535327644973,False,False,False,False
ENSG00000168906,MAT2A,2,3,decreasing,-0.0034718983087952,False,False,False,False
ENSG00000139508,SLC46A3,2,3,decreasing,0.016319300711944,False,False,False,False
ENSG00000139211,AMIGO2,2,2,decreasing,-0.0195813178821756,False,False,False,False
ENSG00000142444,TIMM29,2,3,decreasing,-0.0025440522039344,False,False,False,False
ENSG00000142657,PGD,2,8,decreasing,-0.0078630543247561,False,False,False,False
ENSG00000143013,LMO4,2,4,decreasing,0.0030491947915822,False,False,False,False
ENSG00000143252,SDHC,2,2,decreasing,0.0009742212535177,True,True,False,True
ENSG00000148153,INIP,2,16,decreasing,-0.0005046419935813,False,False,False,False
ENSG00000148053,NTRK2,2,2,decreasing,-0.0134293000345803,True,True,True,False
ENSG00000146425,DYNLT1,2,2,decreasing,-0.0029618381850883,False,False,False,False
ENSG00000146232,NFKBIE,2,2,decreasing,-0.0080749134293206,True,True,False,True
ENSG00000145685,LHFPL2,2,3,decreasing,-0.0034246065311288,False,False,False,False
ENSG00000145476,CYP4V2,2,3,decreasing,0.0046747758257811,False,False,False,False
ENSG00000145335,SNCA,2,3,decreasing,-0.0075021311159785,False,False,False,False
ENSG00000144597,EAF1,2,9,decreasing,-0.0325414342092692,False,False,False,False
ENSG00000144161,ZC3H8,2,8,decreasing,-0.005305276828308,False,False,False,False
ENSG00000144028,SNRNP200,2,9,decreasing,0.0761700022901194,False,False,False,False
ENSG00000143776,CDC42BPA,2,15,decreasing,-0.0022500266318399,False,False,False,False
ENSG00000143633,C1orf131,2,3,decreasing,-0.0039171380955613,False,False,False,False
ENSG00000143493,INTS7,2,2,decreasing,-0.0027283500570045,False,False,False,False
ENSG00000143321,HDGF,2,2,decreasing,-0.0110711655451194,False,False,False,False
ENSG00000143258,USP21,2,2,decreasing,-0.002386318631888,False,False,False,False
ENSG00000160460,AC020929.1,2,5,decreasing,-0.2363570950164673,False,False,False,False
ENSG00000143842,SOX13,2,6,increasing,0.008383666082544,False,False,False,False
ENSG00000160972,PPP1R16A,2,2,decreasing,0.0240368280125205,False,False,False,False
ENSG00000165678,GHITM,2,2,decreasing,0.0149864964452435,False,False,False,False
ENSG00000166562,SEC11C,2,5,decreasing,0.0144353251084517,False,False,False,False
ENSG00000166452,AKIP1,2,2,decreasing,-0.0134787657884397,False,False,False,False
ENSG00000166311,SMPD1,2,5,increasing,0.3870328656222893,False,False,False,False
ENSG00000165948,IFI27L1,2,4,decreasing,-0.0090842097123761,False,False,False,False
ENSG00000165868,HSPA12A,2,2,decreasing,0.0096771909688143,False,False,False,False
ENSG00000165861,ZFYVE1,2,3,decreasing,-0.0034054441173887,False,False,False,False
ENSG00000165689,ENTR1,2,3,decreasing,-0.0031527250213504,False,False,False,False
ENSG00000165527,ARF6,2,4,decreasing,-0.0870018597829954,False,False,False,False
ENSG00000166619,BLCAP,2,4,decreasing,-0.004044453620803,False,False,False,False
ENSG00000165275,TRMT10B,2,2,decreasing,-0.0029500889216061,False,False,False,False
ENSG00000165169,DYNLT3,2,6,decreasing,-0.0077308084669868,False,False,False,False
ENSG00000165046,LETM2,2,5,increasing,0.0525727598563027,False,False,False,False
ENSG00000164985,PSIP1,2,8,decreasing,0.0251231239966263,True,False,False,False
ENSG00000164975,SNAPC3,2,7,decreasing,-0.0007065880640218,False,False,False,False
ENSG00000164889,SLC4A2,2,2,decreasing,-0.0157545442257689,False,False,False,False
ENSG00000164758,MED30,2,2,decreasing,0.0044914068955906,False,False,False,False
ENSG00000166575,TMEM135,2,8,decreasing,0.0077537951107991,False,False,False,False
ENSG00000166747,AP1G1,2,10,decreasing,-0.0063939757288022,False,False,False,False
ENSG00000164591,MYOZ3,2,2,decreasing,-0.004400557708787,False,False,False,False
ENSG00000167850,CD300C,2,2,decreasing,-0.0200323325696487,False,False,False,False
ENSG00000168209,DDIT4,2,3,decreasing,0.0046616597376754,False,False,False,False
ENSG00000168116,KIAA1586,2,2,decreasing,-0.0016348238001288,False,False,False,False
ENSG00000168291,PDHB,2,2,decreasing,-0.0027838267776268,False,False,False,False
ENSG00000161021,MAML1,2,5,decreasing,-0.0070186327313411,False,False,False,False
ENSG00000168056,LTBP3,2,2,decreasing,-0.009145674352512,False,False,False,False
ENSG00000167986,DDB1,2,4,decreasing,-0.011314527019133,False,False,False,False
ENSG00000167978,SRRM2,2,3,decreasing,-0.0308675421379658,False,False,False,False
ENSG00000167740,CYB5D2,2,2,decreasing,-0.0030584527715882,False,False,False,False
ENSG00000167085,PHB,2,4,decreasing,-0.0137413201815857,False,False,False,False
ENSG00000167720,SRR,2,7,increasing,0.0090525732692585,False,False,False,False
ENSG00000167699,GLOD4,2,4,decreasing,-0.0135913091876445,False,False,False,False
ENSG00000167670,CHAF1A,2,6,increasing,0.0118396111445873,False,False,False,False
ENSG00000167562,ZNF701,2,8,decreasing,0.001494854559002,False,False,False,False
ENSG00000167395,ZNF646,2,2,decreasing,-0.0429370537134676,False,False,False,False
ENSG00000167384,ZNF180,2,3,decreasing,-0.0125794444646359,False,False,False,False
ENSG00000167272,POP5,2,3,decreasing,0.0077748457423057,False,False,False,False
ENSG00000164691,TAGAP,2,7,decreasing,0.0029088491168579,False,False,False,False
ENSG00000167380,ZNF226,2,3,decreasing,-0.0082221828497157,False,False,False,False
ENSG00000164466,SFXN1,2,3,decreasing,0.0085196593119463,False,False,False,False
ENSG00000162241,SLC25A45,2,2,decreasing,-0.0106574525299474,False,False,False,False
ENSG00000163491,NEK10,2,7,decreasing,-0.0005535055899262,False,False,False,False
ENSG00000163463,KRTCAP2,2,4,decreasing,-0.0060861863502583,False,False,False,False
ENSG00000163378,EOGT,2,14,decreasing,-0.0030688819358124,False,False,False,False
ENSG00000163082,SGPP2,2,3,decreasing,-0.0017586809907389,False,False,False,False
ENSG00000163002,NUP35,2,3,decreasing,-0.0096131822514091,False,False,False,False
ENSG00000162946,DISC1,2,16,decreasing,-0.0055098767556203,False,False,False,False
ENSG00000162341,TPCN2,2,4,decreasing,0.0025923042328656,False,False,False,False
ENSG00000162129,CLPB,2,6,decreasing,-0.008935246896386,False,False,False,False
ENSG00000163521,GLB1L,2,2,decreasing,-0.0156141154683164,False,False,False,False
ENSG00000162086,ZNF75A,2,3,decreasing,-0.027899111396053,False,False,False,False
ENSG00000161904,LEMD2,2,3,decreasing,-0.002752257904871,False,False,False,False
ENSG00000161249,DMKN,2,5,increasing,0.0171635110180618,False,False,False,False
ENSG00000164308,ERAP2,2,4,decreasing,-0.0420465130966038,False,False,False,False
ENSG00000161270,NPHS1,2,5,increasing,0.0152037599114878,False,False,False,False
ENSG00000161847,RAVER1,2,6,decreasing,-0.0037396652697292,False,False,False,False
ENSG00000161526,SAP30BP,2,8,decreasing,-0.0046586142872707,False,False,False,False
ENSG00000163516,ANKZF1,2,2,decreasing,-0.0074204570192638,False,False,False,False
ENSG00000162551,ALPL,2,4,decreasing,0.004830062105273,False,False,False,False
ENSG00000163599,CTLA4,2,3,decreasing,0.0024018388345405,False,True,True,False
ENSG00000163840,DTX3L,2,6,decreasing,0.0091937988088086,False,False,False,False
ENSG00000164053,ATRIP,2,2,increasing,0.0055199044587217,False,True,False,True
ENSG00000163975,MELTF,2,5,decreasing,-0.1553677563208104,False,False,False,False
ENSG00000163600,ICOS,2,7,decreasing,0.0199709869806803,False,False,False,False
ENSG00000164163,ABCE1,2,3,increasing,0.0083491567979235,False,False,False,False
ENSG00000164168,TMEM184C,2,4,decreasing,-0.0052369551819405,False,False,False,False
ENSG00000164181,ELOVL7,2,4,decreasing,-0.0069500882024697,False,False,False,False
ENSG00000163961,RNF168,2,5,decreasing,-0.0210531666141686,False,False,False,False
ENSG00000163870,TPRA1,2,3,decreasing,-0.0017796447422495,False,False,False,False
ENSG00000163931,TKT,2,9,decreasing,-0.0030656965279123,False,False,False,False
ENSG00000163807,KIAA1143,2,7,decreasing,-0.001088732995989,False,False,False,False
ENSG00000163781,TOPBP1,2,3,decreasing,-0.0077710956799215,False,False,False,False
ENSG00000163636,PSMD6,2,2,decreasing,-0.0167703301835616,False,False,False,False
ENSG00000163608,NEPRO,2,3,decreasing,0.0214736230542085,False,False,False,False
ENSG00000138193,PLCE1,1,1,increasing,0.0130290148029172,False,False,False,False
ENSG00000137441,FGFBP2,1,1,decreasing,-0.0132075860121647,False,False,False,False
ENSG00000137942,FNBP1L,1,3,decreasing,-0.0029303262520264,False,False,False,False
ENSG00000138316,ADAMTS14,1,1,decreasing,-0.0046217548596387,False,False,False,False
ENSG00000137941,TTLL7,1,1,decreasing,-0.0075113023266142,False,False,False,False
ENSG00000138411,HECW2,1,2,increasing,0.0024579819144836,False,False,False,False
ENSG00000137876,RSL24D1,1,1,decreasing,-0.0120975816693063,False,False,False,False
ENSG00000138439,FAM117B,1,2,decreasing,-0.002577179862959,False,False,False,False
ENSG00000137822,TUBGCP4,1,2,decreasing,-0.0060369817035829,False,False,False,False
ENSG00000137714,FDX1,1,4,decreasing,-0.0024535622624442,False,False,False,False
ENSG00000137103,TMEM8B,1,1,decreasing,-0.0086635695954263,False,False,False,False
ENSG00000137338,PGBD1,1,1,decreasing,-0.0077830866254669,False,False,False,False
ENSG00000137185,ZSCAN9,1,1,increasing,0.0085266556486072,False,False,False,False
ENSG00000137106,GRHPR,1,6,decreasing,-0.0033026287845324,False,False,False,False
ENSG00000136937,NCBP1,1,1,decreasing,-0.0091181325126629,False,False,False,False
ENSG00000136933,RABEPK,1,1,decreasing,-0.0036836354385287,False,False,False,False
ENSG00000136925,TSTD2,1,1,decreasing,-0.002521719074088,False,False,False,False
ENSG00000136848,DAB2IP,1,1,decreasing,-0.0222794090341424,False,False,False,False
ENSG00000136717,BIN1,1,1,decreasing,-0.0072452563454792,False,False,False,False
ENSG00000138778,CENPE,1,1,decreasing,-0.028431862739125,False,False,False,False
ENSG00000136783,NIPSNAP3A,1,1,increasing,0.1194130054261438,False,False,False,False
ENSG00000136842,TMOD1,1,1,decreasing,-0.0048512473209338,False,False,False,False
ENSG00000136828,RALGPS1,1,2,increasing,0.0044740182091249,False,False,False,False
ENSG00000138663,COPS4,1,6,decreasing,-0.0058437246937668,False,False,False,False
ENSG00000141556,TBCD,1,1,decreasing,-0.00302851893125,False,False,False,False
ENSG00000138780,GSTCD,1,1,decreasing,-0.0024990511291739,False,False,False,False
ENSG00000141569,TRIM65,1,1,increasing,0.0150535852811139,False,False,False,False
ENSG00000142634,EFHD2,1,3,increasing,0.0063394658350523,False,False,False,False
ENSG00000142556,ZNF614,1,1,decreasing,-0.0600856899093747,False,False,False,False
ENSG00000136628,EPRS1,1,1,decreasing,-0.0075788163392157,False,False,False,False
ENSG00000142798,HSPG2,1,2,decreasing,-0.0030272025604264,False,False,False,False
ENSG00000142507,PSMB6,1,1,decreasing,-0.0953807945735031,False,False,False,False
ENSG00000142459,EVI5L,1,1,decreasing,-0.0095272527803843,False,False,False,False
ENSG00000142273,CBLC,1,1,decreasing,-0.0131805988171584,True,False,False,False
ENSG00000142207,URB1,1,2,decreasing,-0.0059276911270177,False,False,False,False
ENSG00000142149,HUNK,1,1,increasing,0.0043840485304139,False,False,False,False
ENSG00000141985,SH3GL1,1,7,decreasing,-0.0011881146181895,True,False,False,False
ENSG00000141644,MBD1,1,1,decreasing,-0.002881742516067,False,False,False,False
ENSG00000141510,TP53,1,4,decreasing,-0.0077047365677353,True,True,False,True
ENSG00000138867,GUCD1,1,1,decreasing,-0.0030742078279714,False,False,False,False
ENSG00000141441,GAREM1,1,2,decreasing,-0.0081154202710348,False,False,False,False
ENSG00000140416,TPM1,1,1,decreasing,-0.0476555671846381,False,False,False,False
ENSG00000140299,BNIP2,1,9,decreasing,-0.0085403753550858,False,False,False,False
ENSG00000140157,NIPA2,1,6,decreasing,-0.0028778259517065,False,False,False,False
ENSG00000140043,PTGR2,1,1,increasing,0.0085228380814722,False,False,False,False
ENSG00000140022,STON2,1,1,decreasing,-0.0207741569054242,False,False,False,False
ENSG00000140009,ESR2,1,2,decreasing,-0.0037362192973873,False,False,False,False
ENSG00000139734,DIAPH3,1,1,decreasing,-0.008904714267971,False,False,False,False
ENSG00000139537,CCDC65,1,1,decreasing,-0.0073849415781774,False,False,False,False
ENSG00000139352,ASCL1,1,1,decreasing,-0.0174548519145826,False,True,True,False
ENSG00000139173,TMEM117,1,2,decreasing,-0.0126212111120353,False,False,False,False
ENSG00000136715,SAP130,1,1,decreasing,-0.0181606713352814,False,False,False,False
ENSG00000132256,TRIM5,1,1,decreasing,-0.0012548622768325,False,False,False,False
ENSG00000136546,SCN7A,1,1,decreasing,-0.0416189190123202,False,False,False,False
ENSG00000130811,EIF3G,1,1,decreasing,-0.0012670708413934,False,False,False,False
ENSG00000132591,ERAL1,1,2,decreasing,-0.0242330575783552,False,False,False,False
ENSG00000132530,XAF1,1,2,decreasing,-0.0012901213275087,False,False,False,False
ENSG00000132465,JCHAIN,1,1,decreasing,-0.0037367580473758,False,False,False,False
ENSG00000132436,FIGNL1,1,2,decreasing,-0.0240243580346665,False,False,False,False
ENSG00000132321,IQCA1,1,1,decreasing,-0.0030215309158762,False,False,False,False
ENSG00000131941,RHPN2,1,1,decreasing,-0.0046772384059794,False,False,False,False
ENSG00000131773,KHDRBS3,1,2,decreasing,-0.0043710666272256,False,False,False,False
ENSG00000131653,TRAF7,1,2,decreasing,-0.0012599107418709,True,True,False,False
ENSG00000131591,C1orf159,1,1,decreasing,-0.0029649279888537,False,False,False,False
ENSG00000131400,NAPSA,1,1,increasing,0.0117431299036885,False,False,False,False
ENSG00000131096,PYY,1,1,decreasing,-0.0030726789460042,False,False,False,False
ENSG00000130768,SMPDL3B,1,2,decreasing,-0.0041513244727312,False,False,False,False
ENSG00000132664,POLR3F,1,4,decreasing,-0.005989756290259,False,False,False,False
ENSG00000130733,YIPF2,1,1,decreasing,-0.0041313455169063,False,False,False,False
ENSG00000130669,PAK4,1,7,increasing,0.0023086392818268,False,False,False,False
ENSG00000130511,SSBP4,1,2,decreasing,-0.0519742289949779,False,False,False,False
ENSG00000130300,PLVAP,1,1,decreasing,-0.0060339179300118,False,False,False,False
ENSG00000130208,APOC1,1,6,decreasing,-0.0048417041582249,False,False,False,False
ENSG00000130202,NECTIN2,1,3,decreasing,-0.0039999828840551,False,False,False,False
ENSG00000130158,DOCK6,1,1,decreasing,-0.0348430898894077,False,False,False,False
ENSG00000129824,RPS4Y1,1,2,decreasing,-0.0123751979426163,False,False,False,False
ENSG00000142973,CYP4B1,1,1,decreasing,-0.0029979271946531,False,False,False,False
ENSG00000129691,ASH2L,1,2,decreasing,-0.0025646022333166,False,False,False,False
ENSG00000129538,RNASE1,1,1,increasing,0.0464511376248803,False,False,False,False
ENSG00000132603,NIP7,1,1,decreasing,-0.0018724370016176,False,False,False,False
ENSG00000132801,ZSWIM3,1,6,decreasing,-0.0037369261098886,False,False,False,False
ENSG00000136521,NDUFB5,1,1,decreasing,-0.0081243117192111,False,False,False,False
ENSG00000135314,KHDC1,1,1,decreasing,-0.0056176204975129,False,False,False,False
ENSG00000136518,ACTL6A,1,1,decreasing,-0.0231250537767965,False,False,False,False
ENSG00000136504,KAT7,1,1,decreasing,-0.007805974583487,False,True,True,False
ENSG00000136197,C7orf25,1,1,decreasing,-0.0028476707175201,False,False,False,False
ENSG00000136161,RCBTB2,1,1,decreasing,-0.0012415537460696,False,False,False,False
ENSG00000136156,ITM2B,1,1,increasing,0.0545575661835849,False,False,False,False
ENSG00000136114,THSD1,1,1,increasing,0.0363415411434462,False,False,False,False
ENSG00000136014,USP44,1,2,decreasing,-0.0046786596167362,False,False,False,False
ENSG00000136010,ALDH1L2,1,1,decreasing,-0.0121455993660813,False,True,True,False
ENSG00000135697,BCO1,1,1,decreasing,-0.0075180255482403,False,False,False,False
ENSG00000135480,KRT7,1,3,increasing,0.1002983545647548,False,False,False,False
ENSG00000135338,LCA5,1,2,decreasing,-0.001280037186729,False,False,False,False
ENSG00000135111,TBX3,1,1,decreasing,-0.0088268496717447,True,True,False,True
ENSG00000132970,WASF3,1,2,decreasing,-0.0012317854716407,False,False,False,False
ENSG00000135063,FAM189A2,1,1,decreasing,-0.0056468858459054,False,False,False,False
ENSG00000134871,COL4A2,1,2,decreasing,-0.0029232066296663,False,False,False,False
ENSG00000134533,RERG,1,1,decreasing,-0.0141489296531913,False,False,False,False
ENSG00000134369,NAV1,1,15,increasing,0.0340782054268375,False,False,False,False
ENSG00000134240,HMGCS2,1,1,decreasing,-0.0028688451297186,False,False,False,False
ENSG00000134146,DPH6,1,7,decreasing,-0.0006680830265195,False,False,False,False
ENSG00000134138,MEIS2,1,1,decreasing,-0.0057727324794383,False,False,False,False
ENSG00000134072,CAMK1,1,1,decreasing,-0.0012950603281443,False,False,False,False
ENSG00000133704,IPO8,1,2,decreasing,-0.0199951589653753,False,False,False,False
ENSG00000133477,FAM83F,1,1,decreasing,-0.0111062518365508,False,False,False,False
ENSG00000133243,BTBD2,1,1,decreasing,-0.009122257119877,False,False,False,False
ENSG00000142949,PTPRF,1,2,increasing,0.0283802626324088,False,False,False,False
ENSG00000151458,ANKRD50,1,3,decreasing,-0.0043139493176717,False,False,False,False
ENSG00000143067,ZNF697,1,1,decreasing,-0.0038859850015954,False,False,False,False
ENSG00000150990,DHX37,1,1,decreasing,-0.0041513244727312,False,False,False,False
ENSG00000152240,HAUS1,1,1,increasing,0.0396489942231502,False,False,False,False
ENSG00000152217,SETBP1,1,1,decreasing,-0.0012210811802594,True,True,True,False
ENSG00000152193,OBI1,1,2,decreasing,-0.0043339014320298,False,False,False,False
ENSG00000152104,PTPN14,1,1,decreasing,-0.0244141116263797,False,True,False,True
ENSG00000152049,KCNE4,1,1,decreasing,-0.0048407161890145,False,False,False,False
ENSG00000151773,CCDC122,1,1,increasing,0.0224148352620636,False,False,False,False
ENSG00000151687,ANKAR,1,1,decreasing,-0.0313137371956623,False,False,False,False
ENSG00000151327,FAM177A1,1,3,increasing,0.04755259810809,False,False,False,False
ENSG00000151322,NPAS3,1,1,decreasing,-0.0351010393213053,False,False,False,False
ENSG00000151240,DIP2C,1,1,decreasing,-0.0031748288387306,False,False,False,False
ENSG00000151062,CACNA2D4,1,1,decreasing,-0.0581331295016348,False,False,False,False
ENSG00000150967,ABCB9,1,1,decreasing,-0.0636073959621299,False,False,False,False
ENSG00000152503,TRIM36,1,1,decreasing,-0.0307860254213452,False,False,False,False
ENSG00000150787,PTS,1,16,decreasing,-0.0012845377626906,False,False,False,False
ENSG00000150687,PRSS23,1,1,decreasing,-0.0012745583978446,False,False,False,False
ENSG00000150477,KIAA1328,1,3,increasing,0.0071069760420135,False,False,False,False
ENSG00000150316,CWC15,1,2,increasing,0.0137559597124603,False,False,False,False
ENSG00000149929,HIRIP3,1,2,decreasing,-0.0116842241613072,False,False,False,False
ENSG00000149782,PLCB3,1,1,decreasing,-0.004387731914358,False,False,False,False
ENSG00000149591,TAGLN,1,1,increasing,0.0171155956624845,False,False,False,False
ENSG00000149480,MTA2,1,1,decreasing,-0.0108961603623337,False,False,False,False
ENSG00000149380,P4HA3,1,2,decreasing,-0.0012433264626596,False,False,False,False
ENSG00000149256,TENM4,1,1,decreasing,-0.0626970804512972,False,False,False,False
ENSG00000149115,TNKS1BP1,1,1,decreasing,-0.0483868378593527,False,False,False,False
ENSG00000152256,PDK1,1,1,decreasing,-0.0188807324499307,False,True,True,False
ENSG00000152527,PLEKHH2,1,1,decreasing,-0.0157653915168858,False,False,False,False
ENSG00000143127,ITGA10,1,1,increasing,0.0043323920975853,False,False,False,False
ENSG00000155660,PDIA4,1,1,increasing,0.0105612622740415,False,False,False,False
ENSG00000157168,NRG1,1,1,decreasing,-0.0181666837938088,True,True,True,False
ENSG00000129472,RAB2B,1,3,decreasing,-0.0077866788275372,False,False,False,False
ENSG00000157036,EXOG,1,1,decreasing,-0.0232779987201166,False,False,False,False
ENSG00000156983,BRPF1,1,1,decreasing,-0.0122195732626577,False,False,False,False
ENSG00000156959,LHFPL4,1,3,decreasing,-0.0059489715016707,False,False,False,False
ENSG00000156510,HKDC1,1,1,increasing,0.0106549375843323,False,False,False,False
ENSG00000156469,MTERF3,1,1,decreasing,-0.0013012045847916,False,False,False,False
ENSG00000155897,ADCY8,1,1,decreasing,-0.0378272620370794,False,False,False,False
ENSG00000155893,PXYLP1,1,2,decreasing,-0.0029120783826803,False,False,False,False
ENSG00000155850,SLC26A2,1,2,increasing,0.0234458418954829,False,False,False,False
ENSG00000155792,DEPTOR,1,2,decreasing,-0.0082939565818798,False,False,False,False
ENSG00000155363,MOV10,1,1,decreasing,-0.0025583588599852,False,False,False,False
ENSG00000152689,RASGRP3,1,2,increasing,0.0044430484799762,False,False,False,False
ENSG00000155093,PTPRN2,1,1,decreasing,-0.002295229761238,False,False,False,False
ENSG00000155026,RSPH10B,1,1,decreasing,-0.0025014315505395,False,False,False,False
ENSG00000154727,GABPA,1,1,decreasing,-0.0006009417957123,False,False,False,False
ENSG00000154556,SORBS2,1,3,decreasing,-0.0037255230260946,False,False,False,False
ENSG00000154240,CEP112,1,1,increasing,0.008719674074301,False,False,False,False
ENSG00000153714,LURAP1L,1,1,decreasing,-0.0017894803196527,False,False,False,False
ENSG00000153404,PLEKHG4B,1,1,decreasing,-0.0817818816584076,False,False,False,False
ENSG00000153253,SCN3A,1,1,decreasing,-0.0041971982285031,False,False,False,False
ENSG00000153132,CLGN,1,1,decreasing,-0.0125508023207024,False,False,False,False
ENSG00000152894,PTPRK,1,2,decreasing,-0.0044013081062558,True,False,False,False
ENSG00000152760,TCTEX1D1,1,1,decreasing,-0.0110167611306524,False,False,False,False
ENSG00000148834,GSTO1,1,7,decreasing,-0.0140971692420125,False,True,True,False
ENSG00000148677,ANKRD1,1,1,decreasing,-0.0012553786304605,False,False,False,False
ENSG00000148481,MINDY3,1,1,decreasing,-0.0012103497055403,False,False,False,False
ENSG00000144668,ITGA9,1,1,decreasing,-0.0056182577247794,False,False,False,False
ENSG00000145431,PDGFC,1,6,decreasing,-0.0058241675967212,False,False,False,False
ENSG00000145428,RNF175,1,1,decreasing,-0.007617897680818,False,False,False,False
ENSG00000145388,METTL14,1,1,decreasing,-0.0044048401957977,False,False,False,False
ENSG00000145362,ANK2,1,1,increasing,0.0069348061073463,False,False,False,False
ENSG00000145284,SCD5,1,1,decreasing,-0.0024839280664868,False,False,False,False
ENSG00000145247,OCIAD2,1,1,decreasing,-0.0202035425534599,False,False,False,False
ENSG00000145147,SLIT2,1,2,decreasing,-0.0121061448208323,False,True,False,False
ENSG00000145014,TMEM44,1,2,decreasing,-0.0090365954975207,False,False,False,False
ENSG00000144827,ABHD10,1,2,decreasing,-0.0073871902049429,False,False,False,False
ENSG00000144810,COL8A1,1,2,decreasing,-0.0048157727438004,False,False,False,False
ENSG00000144802,NFKBIZ,1,6,decreasing,-0.011051753300408,False,False,False,False
ENSG00000144655,CSRNP1,1,1,decreasing,-0.0195028038121755,False,False,False,False
ENSG00000148444,COMMD3,1,2,decreasing,-0.0016836810418332,False,False,False,False
ENSG00000144642,RBMS3,1,1,decreasing,-0.0048894809522166,False,False,False,False
ENSG00000144331,ZNF385B,1,2,increasing,0.0114162006414919,False,False,False,False
ENSG00000143851,PTPN7,1,1,decreasing,-0.0132372247180383,False,False,False,False
ENSG00000143819,EPHX1,1,1,increasing,0.0023824574343124,False,False,False,False
ENSG00000143603,KCNN3,1,6,decreasing,-0.013116914887749,False,False,False,False
ENSG00000143479,DYRK3,1,2,decreasing,-0.0047546530387138,False,False,False,False
ENSG00000143409,MINDY1,1,1,increasing,0.0062110737423673,False,False,False,False
ENSG00000143375,CGN,1,3,decreasing,-0.019199034263843,False,False,False,False
ENSG00000143374,TARS2,1,2,decreasing,-0.0119170629211282,False,False,False,False
ENSG00000143353,LYPLAL1,1,1,decreasing,-0.0117972279022022,False,False,False,False
ENSG00000143333,RGS16,1,1,decreasing,-0.0173318329307728,False,False,False,False
ENSG00000145649,GZMA,1,3,decreasing,-0.0041857873201176,False,False,False,False
ENSG00000145912,NHP2,1,1,decreasing,-0.0164395273684663,False,False,False,False
ENSG00000146038,DCDC2,1,1,decreasing,-0.0037851930718551,False,False,False,False
ENSG00000146281,PM20D2,1,1,increasing,0.0138325341109658,False,False,False,False
ENSG00000148411,NACC2,1,2,increasing,0.0440993652450141,False,False,False,False
ENSG00000148400,NOTCH1,1,2,decreasing,-0.005626350045005,True,True,False,False
ENSG00000148396,SEC16A,1,2,increasing,0.0017275968871553,False,False,False,False
ENSG00000148337,CIZ1,1,1,decreasing,-0.0121457489980009,False,False,False,False
ENSG00000148291,SURF2,1,2,increasing,0.0068855823316105,False,False,False,False
ENSG00000148229,POLE3,1,1,decreasing,-0.006128269515401,False,False,False,False
ENSG00000148218,ALAD,1,7,decreasing,-0.0045806438944981,False,False,False,False
ENSG00000148143,ZNF462,1,2,decreasing,-0.0120879750504139,False,False,False,False
ENSG00000148123,PLPPR1,1,1,decreasing,-0.0456089156238927,False,False,False,False
ENSG00000148082,SHC3,1,1,increasing,0.0088091883817593,False,False,False,False
ENSG00000147883,CDKN2B,1,1,increasing,0.0082721601100866,False,True,False,True
ENSG00000147689,FAM83A,1,1,decreasing,-0.0462931065017762,False,False,False,False
ENSG00000147535,PLPP5,1,1,decreasing,-0.0029577662101005,False,False,False,False
ENSG00000147471,PLPBP,1,2,decreasing,-0.0303155621503622,False,False,False,False
ENSG00000147364,FBXO25,1,2,decreasing,-0.0012610339191791,False,False,False,False
ENSG00000147255,IGSF1,1,1,decreasing,-0.004257151714754,False,False,False,False
ENSG00000147121,KRBOX4,1,1,decreasing,-0.003002762037787,False,False,False,False
ENSG00000146830,GIGYF1,1,1,increasing,0.0365854871352222,False,False,False,False
ENSG00000146828,SLC12A9,1,1,increasing,0.0083822188719472,False,False,False,False
ENSG00000146670,CDCA5,1,1,decreasing,-0.0041756438153992,False,False,False,False
ENSG00000146576,C7orf26,1,1,decreasing,-0.0052198584748255,False,False,False,False
ENSG00000146555,SDK1,1,2,decreasing,-0.0027565520874967,False,False,False,False
ENSG00000146373,RNF217,1,3,decreasing,-0.0111730289269646,False,False,False,False
ENSG00000129484,PARP2,1,1,decreasing,-0.0026596775010998,False,False,False,False
ENSG00000105948,TTC26,1,1,decreasing,-0.0046345297389292,False,False,False,False
ENSG00000129467,ADCY4,1,1,decreasing,-0.0052499380740038,False,False,False,False
ENSG00000106258,CYP3A5,1,1,decreasing,-0.0080961449342121,False,False,False,False
ENSG00000108352,RAPGEFL1,1,2,increasing,0.0067898160466025,False,False,False,False
ENSG00000107902,LHPP,1,1,decreasing,-0.0268774069773889,False,False,False,False
ENSG00000107819,SFXN3,1,2,decreasing,-0.0084342772911959,False,False,False,False
ENSG00000107672,NSMCE4A,1,4,decreasing,-0.0025696711965016,False,False,False,False
ENSG00000107104,KANK1,1,3,decreasing,-0.0102562853071529,False,False,False,False
ENSG00000106819,ASPN,1,1,decreasing,-0.0137451047699178,False,False,False,False
ENSG00000106772,PRUNE2,1,1,decreasing,-0.0028616690905464,False,False,False,False
ENSG00000106688,SLC1A1,1,2,decreasing,-0.0025198938054977,False,False,False,False
ENSG00000106608,URGCP,1,1,decreasing,-0.0389984591015431,False,False,False,False
ENSG00000106605,BLVRA,1,1,increasing,0.0291176476924394,False,False,False,False
ENSG00000106351,AGFG2,1,2,increasing,0.0044859106409825,False,False,False,False
ENSG00000106245,BUD31,1,1,decreasing,-0.022953156305368,False,False,False,False
ENSG00000108448,TRIM16L,1,2,increasing,0.0192853136166856,False,False,False,False
ENSG00000105514,RAB3D,1,1,increasing,0.0023112196645544,False,False,False,False
ENSG00000105388,CEACAM5,1,1,decreasing,-0.0023413996259294,False,False,False,False
ENSG00000105355,PLIN3,1,2,decreasing,-0.0071994193884926,False,False,False,False
ENSG00000105352,CEACAM4,1,2,decreasing,-0.0012674920866315,False,False,False,False
ENSG00000105289,TJP3,1,1,increasing,0.0848487739974469,False,False,False,False
ENSG00000105255,FSD1,1,1,decreasing,-0.0122735401889037,False,False,False,False
ENSG00000105221,AKT2,1,2,decreasing,-0.0041061964933978,True,True,True,False
ENSG00000105197,TIMM50,1,2,decreasing,-0.001271710849079,False,False,False,False
ENSG00000104883,PEX11G,1,1,decreasing,-0.0112828485601105,False,False,False,False
ENSG00000104824,HNRNPL,1,1,decreasing,-0.0205746314554595,False,False,False,False
ENSG00000104760,FGL1,1,1,decreasing,-0.0089479908013728,False,False,False,False
ENSG00000108384,RAD51C,1,2,decreasing,-0.0041398115158368,False,True,False,True
ENSG00000108523,RNF167,1,1,increasing,0.0510104818557717,False,False,False,False
ENSG00000129422,MTUS1,1,3,increasing,0.0151740393311334,False,False,False,False
ENSG00000111218,PRMT8,1,1,decreasing,-0.0144409559691854,False,False,False,False
ENSG00000112139,MDGA1,1,1,decreasing,-0.0049020701239572,False,False,False,False
ENSG00000112118,MCM3,1,1,decreasing,-0.0037977732496234,False,False,False,False
ENSG00000111913,RIPOR2,1,4,decreasing,-0.002458395559456,False,False,False,False
ENSG00000111850,SMIM8,1,1,decreasing,-0.01033455952599,False,False,False,False
ENSG00000111799,COL12A1,1,1,decreasing,-0.0037782218985977,False,False,False,False
ENSG00000111696,NT5DC3,1,2,decreasing,-0.0093773288488652,False,False,False,False
ENSG00000111490,TBC1D30,1,1,decreasing,-0.03155711089627,False,False,False,False
ENSG00000111404,RERGL,1,1,decreasing,-0.0081724659303618,False,False,False,False
ENSG00000111344,RASAL1,1,1,decreasing,-0.0038050095785715,False,False,False,False
ENSG00000111319,SCNN1A,1,2,decreasing,-0.014831534103356,False,False,False,False
ENSG00000111300,NAA25,1,3,decreasing,-0.005969143149968,False,False,False,False
ENSG00000111199,TRPV4,1,6,decreasing,-0.0058834475900845,False,False,False,False
ENSG00000108828,VAT1,1,1,decreasing,-0.0172854591368227,False,False,False,False
ENSG00000111012,CYP27B1,1,1,decreasing,-0.0056483392381309,False,False,False,False
ENSG00000110955,ATP5F1B,1,2,decreasing,-0.0012367940650841,False,False,False,False
ENSG00000110888,CAPRIN2,1,1,decreasing,-0.0082783618019118,False,False,False,False
ENSG00000110848,CD69,1,3,decreasing,-0.004942880497034,False,False,False,False
ENSG00000110723,EXPH5,1,7,decreasing,-0.0866772561608976,False,False,False,False
ENSG00000110107,PRPF19,1,1,decreasing,-0.0178631341452758,False,False,False,False
ENSG00000110074,FOXRED1,1,1,increasing,0.0126400926107431,False,False,False,False
ENSG00000109819,PPARGC1A,1,1,decreasing,-0.0138243828155545,False,False,False,False
ENSG00000109654,TRIM2,1,2,increasing,0.0738017486552196,False,False,False,False
ENSG00000109084,TMEM97,1,1,increasing,0.0136960856968146,False,False,False,False
ENSG00000108963,DPH1,1,2,decreasing,-0.0021101668791881,False,False,False,False
ENSG00000104537,ANXA13,1,1,decreasing,-0.0037728661020795,False,False,False,False
ENSG00000104327,CALB1,1,1,decreasing,-0.0035921830732694,False,False,False,False
ENSG00000104267,CA2,1,2,decreasing,-0.0084159054048742,False,False,False,False
ENSG00000099260,PALMD,1,1,decreasing,-0.0059435871897613,False,False,False,False
ENSG00000100577,GSTZ1,1,1,decreasing,-0.0176519887555356,False,False,False,False
ENSG00000100441,KHNYN,1,1,decreasing,-0.0043921654311649,False,False,False,False
ENSG00000100427,MLC1,1,1,decreasing,-0.0025602116933378,False,False,False,False
ENSG00000100299,ARSA,1,1,decreasing,-0.0188345278397998,False,False,False,False
ENSG00000100241,SBF1,1,1,decreasing,-0.0037495046435843,False,False,False,False
ENSG00000100219,XBP1,1,2,decreasing,-0.0027540357118798,False,True,True,False
ENSG00000100142,POLR2F,1,1,increasing,0.0021058621782721,False,False,False,False
ENSG00000100029,PES1,1,1,decreasing,-0.0012701828513002,False,False,False,False
ENSG00000099954,CECR2,1,1,increasing,0.0129996725741697,False,False,False,False
ENSG00000099725,PRKY,1,8,decreasing,-0.0024837306963291,False,False,False,False
ENSG00000099617,EFNA2,1,1,decreasing,-0.008929424697428,False,False,False,False
ENSG00000096746,HNRNPH3,1,3,decreasing,-0.0029784736712775,False,False,False,False
ENSG00000104231,ZFAND1,1,2,decreasing,-0.0188367894186767,False,False,False,False
ENSG00000096696,DSP,1,1,decreasing,-0.0087253103106371,False,False,False,False
ENSG00000096092,TMEM14A,1,1,decreasing,-0.0089639874247673,False,False,False,False
ENSG00000095713,CRTAC1,1,1,decreasing,-0.0012237086150191,False,False,False,False
ENSG00000095321,CRAT,1,1,increasing,0.0068380912320347,False,False,False,False
ENSG00000095002,MSH2,1,1,decreasing,-0.0012677485783266,True,True,False,True
ENSG00000094963,FMO2,1,1,decreasing,-0.0028830704278253,False,False,False,False
ENSG00000092850,TEKT2,1,1,decreasing,-0.0086195046055977,False,False,False,False
ENSG00000092621,PHGDH,1,1,decreasing,-0.0013968591834794,False,False,False,False
ENSG00000092010,PSME1,1,1,decreasing,-0.0043126204078236,False,False,False,False
ENSG00000091972,CD200,1,1,decreasing,-0.0052548804737957,False,False,False,False
ENSG00000157240,FZD1,1,1,decreasing,-0.0081090893333536,False,False,False,False
ENSG00000100815,TRIP11,1,3,decreasing,-0.0061738522031813,True,False,False,False
ENSG00000100979,PLTP,1,1,decreasing,-0.0177536991244093,False,False,False,False
ENSG00000101000,PROCR,1,1,decreasing,-0.0098597179709103,False,False,False,False
ENSG00000101004,NINL,1,2,decreasing,-0.0027330866722174,False,False,False,False
ENSG00000103942,HOMER2,1,1,decreasing,-0.0020215721528588,False,False,False,False
ENSG00000103544,VPS35L,1,1,increasing,0.0031152549244301,False,False,False,False
ENSG00000103528,SYT17,1,1,decreasing,-0.0167910016872856,False,False,False,False
ENSG00000103460,TOX3,1,2,decreasing,-0.0222236064367863,False,False,False,False
ENSG00000103316,CRYM,1,1,decreasing,-0.0046135438472518,False,False,False,False
ENSG00000103150,MLYCD,1,1,decreasing,-0.0040121976329105,False,False,False,False
ENSG00000103005,USB1,1,1,decreasing,-0.0230379049917057,False,False,False,False
ENSG00000102934,PLLP,1,2,decreasing,-0.0044514559918473,False,False,False,False
ENSG00000102900,NUP93,1,3,decreasing,-0.0031257578545934,False,True,False,False
ENSG00000102678,FGF9,1,1,decreasing,-0.0210111895437771,False,True,True,False
ENSG00000102471,NDFIP2,1,1,decreasing,-0.004216415638604,False,False,False,False
ENSG00000102349,KLF8,1,19,decreasing,-0.0029323724891908,False,False,False,False
ENSG00000102316,MAGED2,1,1,decreasing,-0.0108880434567305,False,False,False,False
ENSG00000102181,CD99L2,1,1,decreasing,-0.0012099974687712,False,False,False,False
ENSG00000102038,SMARCA1,1,1,decreasing,-0.002985431604948,False,True,False,False
ENSG00000102003,SYP,1,1,decreasing,-0.0159857551378146,False,False,False,False
ENSG00000101868,POLA1,1,1,decreasing,-0.0082264322334697,False,False,False,False
ENSG00000101473,ACOT8,1,7,decreasing,-0.0109446072631796,False,False,False,False
ENSG00000101452,DHX35,1,1,decreasing,-0.0284370590131762,False,False,False,False
ENSG00000101367,MAPRE1,1,7,decreasing,-0.0056853565754215,False,False,False,False
ENSG00000101193,GID8,1,2,decreasing,-0.0059993199774052,False,False,False,False
ENSG00000101182,PSMA7,1,15,decreasing,-0.0038322626198564,False,False,False,False
ENSG00000101162,TUBB1,1,1,decreasing,-0.0026753305616064,False,False,False,False
ENSG00000112214,FHL5,1,1,decreasing,-0.0016502335853192,False,False,False,False
ENSG00000112232,KHDRBS2,1,2,decreasing,-0.004976359113027,False,False,False,False
ENSG00000112530,PACRG,1,6,decreasing,-0.0277886131116469,False,False,False,False
ENSG00000122870,BICC1,1,6,decreasing,-0.0058981355370289,False,False,False,False
ENSG00000124299,PEPD,1,6,decreasing,-0.0088224759350256,False,False,False,False
ENSG00000124257,NEURL2,1,1,decreasing,-0.0218737121333463,False,False,False,False
ENSG00000124222,STX16,1,2,decreasing,-0.0104465605920052,False,False,False,False
ENSG00000124171,PARD6B,1,2,decreasing,-0.0177289763607907,False,False,False,False
ENSG00000123933,MXD4,1,3,decreasing,-0.0892542445968618,False,False,False,False
ENSG00000123836,PFKFB2,1,2,decreasing,-0.0060140696707068,False,False,False,False
ENSG00000123815,COQ8B,1,1,decreasing,-0.0076301074093019,False,False,False,False
ENSG00000123562,MORF4L2,1,6,decreasing,-0.0484682163784755,False,False,False,False
ENSG00000123374,CDK2,1,1,increasing,0.004453681049916,False,False,False,False
ENSG00000122970,IFT81,1,1,decreasing,-0.0081570797918629,False,False,False,False
ENSG00000122966,CIT,1,3,decreasing,-0.0030130654913466,False,False,False,False
ENSG00000122707,RECK,1,2,decreasing,-0.0060984855861786,False,False,False,False
ENSG00000120314,WDR55,1,1,decreasing,-0.0012625234004329,False,False,False,False
ENSG00000122254,HS3ST2,1,1,decreasing,-0.0029495735350279,False,False,False,False
ENSG00000122224,LY9,1,2,decreasing,-0.0115527503150407,False,False,False,False
ENSG00000121380,BCL2L14,1,1,increasing,0.0048011934312305,False,False,False,False
ENSG00000121310,ECHDC2,1,1,decreasing,-0.0012450405412213,False,False,False,False
ENSG00000121060,TRIM25,1,2,decreasing,-0.0074011958412347,False,False,False,False
ENSG00000120709,FAM53C,1,2,decreasing,-0.0060222201027683,False,False,False,False
ENSG00000120688,WBP4,1,2,decreasing,-0.0065740891787224,False,False,False,False
ENSG00000120675,DNAJC15,1,2,increasing,0.0089764801982211,False,False,False,False
ENSG00000120549,KIAA1217,1,2,decreasing,-0.0030256498094541,False,False,False,False
ENSG00000120509,PDZD11,1,1,decreasing,-0.0061505909410652,False,False,False,False
ENSG00000120458,MSANTD2,1,1,decreasing,-0.0012755150762613,False,False,False,False
ENSG00000124749,COL21A1,1,1,decreasing,-0.0048197372268527,False,False,False,False
ENSG00000124839,RAB17,1,2,increasing,0.0078361102502398,False,False,False,False
ENSG00000125247,TMTC4,1,3,increasing,0.0244851745309291,False,False,False,False
ENSG00000125249,RAP2A,1,6,decreasing,-0.0012673826358252,False,False,False,False
ENSG00000128849,CGNL1,1,2,decreasing,-0.0046369353808499,False,False,False,False
ENSG00000128641,MYO1B,1,7,increasing,0.0196855287600425,False,False,False,False
ENSG00000128534,LSM8,1,2,decreasing,-0.010657575913179,False,False,False,False
ENSG00000128487,SPECC1,1,2,decreasing,-0.0180340274795456,False,False,False,False
ENSG00000128191,DGCR8,1,2,decreasing,-0.0229018639484129,False,False,False,False
ENSG00000127990,SGCE,1,1,decreasing,-0.0021403867047132,False,False,False,False
ENSG00000127955,GNAI1,1,1,increasing,0.0202230433060693,False,False,False,False
ENSG00000127954,STEAP4,1,4,decreasing,-0.0012767417717004,False,False,False,False
ENSG00000127452,FBXL12,1,2,decreasing,-0.0326623805994816,False,False,False,False
ENSG00000127328,RAB3IP,1,2,increasing,0.0124128857943437,False,False,False,False
ENSG00000127249,ATP13A4,1,3,decreasing,-0.0197928815559298,False,False,False,False
ENSG00000127022,CANX,1,1,decreasing,-0.0044065931054364,False,False,False,False
ENSG00000126768,TIMM17B,1,1,decreasing,-0.002929740949277,False,False,False,False
ENSG00000126461,SCAF1,1,2,decreasing,-0.0145439798601435,False,False,False,False
ENSG00000126267,COX6B1,1,1,decreasing,-0.078199047172507,False,False,False,False
ENSG00000126217,MCF2L,1,2,decreasing,-0.0125012368681068,False,False,False,False
ENSG00000126012,KDM5C,1,1,increasing,0.0068420845084208,True,True,False,True
ENSG00000125848,FLRT3,1,1,decreasing,-0.0702461406419051,False,False,False,False
ENSG00000125656,CLPP,1,2,increasing,0.0147894901652393,False,False,False,False
ENSG00000125485,DDX31,1,1,decreasing,-0.0027576406508703,False,False,False,False
ENSG00000125484,GTF3C4,1,1,decreasing,-0.0032026410058534,False,False,False,False
ENSG00000125447,GGA3,1,3,decreasing,-0.0108072379546851,False,False,False,False
ENSG00000125266,EFNB2,1,1,decreasing,-0.0090052503947255,False,False,False,False
ENSG00000120334,CENPL,1,1,increasing,0.0044784602806616,False,False,False,False
ENSG00000120217,CD274,1,1,decreasing,-0.0029910491829564,True,True,True,False
ENSG00000112541,PDE10A,1,2,decreasing,-0.0116035828176338,False,False,False,False
ENSG00000114790,ARHGEF26,1,2,decreasing,-0.0075643943797424,False,False,False,False
ENSG00000116117,PARD3B,1,2,decreasing,-0.0033414465860831,False,False,False,False
ENSG00000115866,DARS1,1,9,decreasing,-0.0252086037601655,False,False,False,False
ENSG00000115353,TACR1,1,1,decreasing,-0.0025016184557449,False,False,False,False
ENSG00000115339,GALNT3,1,2,decreasing,-0.0012732817732706,False,False,False,False
ENSG00000115290,GRB14,1,1,decreasing,-0.0156481803933348,False,False,False,False
ENSG00000115221,ITGB6,1,2,decreasing,-0.0050145390092162,False,False,False,False
ENSG00000115204,MPV17,1,1,increasing,0.0078498258693591,False,False,False,False
ENSG00000115085,ZAP70,1,1,decreasing,-0.0053954848772728,False,False,False,False
ENSG00000114978,MOB1A,1,1,decreasing,-0.0160107030222262,False,False,False,False
ENSG00000114859,CLCN2,1,1,decreasing,-0.0045731805537386,False,False,False,False
ENSG00000114805,PLCH1,1,2,decreasing,-0.0041683740765137,False,False,False,False
ENSG00000114405,C3orf14,1,1,increasing,0.0127236452049778,False,False,False,False
ENSG00000120055,C10orf95,1,1,decreasing,-0.008968237954481,False,False,False,False
ENSG00000114388,NPRL2,1,1,decreasing,-0.0573033978250392,False,False,False,False
ENSG00000114378,HYAL1,1,1,decreasing,-0.0089110219514881,False,False,False,False
ENSG00000114374,USP9Y,1,7,decreasing,-0.001275804409254,False,False,False,False
ENSG00000114251,WNT5A,1,1,decreasing,-0.022826454461888,False,False,False,False
ENSG00000114248,LRRC31,1,1,decreasing,-0.0110741517690654,False,False,False,False
ENSG00000114023,FAM162A,1,2,decreasing,-0.0150299713565758,False,False,False,False
ENSG00000113851,CRBN,1,2,decreasing,-0.0043321414214337,False,True,False,True
ENSG00000113838,TBCCD1,1,1,decreasing,-0.0034182084128445,False,False,False,False
ENSG00000113119,TMCO6,1,1,decreasing,-0.0025400612205013,False,False,False,False
ENSG00000113083,LOX,1,1,decreasing,-0.0029199742379922,False,False,False,False
ENSG00000112996,MRPS30,1,1,increasing,0.0047190792235132,False,False,False,False
ENSG00000116194,ANGPTL1,1,1,decreasing,-0.0085167439340924,False,False,False,False
ENSG00000116213,WRAP73,1,1,decreasing,-0.0038109938928615,False,False,False,False
ENSG00000116649,SRM,1,1,decreasing,-0.0146501062393148,False,False,False,False
ENSG00000116729,WLS,1,6,increasing,0.0039753875888044,False,False,False,False
ENSG00000119969,HELLS,1,1,decreasing,-0.0043919644797026,False,False,False,False
ENSG00000119707,RBM25,1,5,increasing,0.0086499549807693,False,False,False,False
ENSG00000119681,LTBP2,1,1,decreasing,-0.015271325252718,False,False,False,False
ENSG00000119655,NPC2,1,1,decreasing,-0.0084312201322494,False,False,False,False
ENSG00000119535,CSF3R,1,1,increasing,0.0152842394200031,True,True,True,False
ENSG00000119523,ALG2,1,4,decreasing,-0.0012457173952344,False,False,False,False
ENSG00000119242,CCDC92,1,1,decreasing,-0.004639527471545,False,False,False,False
ENSG00000118997,DNAH7,1,1,decreasing,-0.0407578174081609,False,False,False,False
ENSG00000118946,PCDH17,1,2,decreasing,-0.0148140285070988,False,False,False,False
ENSG00000118898,PPL,1,2,decreasing,-0.0014355598897476,False,False,False,False
ENSG00000118690,ARMC2,1,1,decreasing,-0.0025477667567856,False,False,False,False
ENSG00000118515,SGK1,1,1,decreasing,-0.0019650895707914,False,True,True,False
ENSG00000118418,HMGN3,1,2,decreasing,-0.0042069409609751,False,False,False,False
ENSG00000118407,FILIP1,1,2,decreasing,-0.0049405019994174,False,False,False,False
ENSG00000118402,ELOVL4,1,1,decreasing,-0.0089165794974357,False,False,False,False
ENSG00000118193,KIF14,1,1,decreasing,-0.002539251169214,False,False,False,False
ENSG00000118007,STAG1,1,24,decreasing,-0.0011979372201485,False,True,False,True
ENSG00000117676,RPS6KA1,1,1,decreasing,-0.0199354635201788,False,False,False,False
ENSG00000117280,RAB29,1,1,decreasing,-0.0037611672932143,False,False,False,False
ENSG00000117114,ADGRL2,1,1,decreasing,-0.0140378204485635,False,False,False,False
ENSG00000117069,ST6GALNAC5,1,1,decreasing,-0.1826037784386202,False,False,False,False
ENSG00000116962,NID1,1,1,decreasing,-0.0045741657901644,False,False,False,False
ENSG00000116741,RGS2,1,1,decreasing,-0.0047718326625131,False,False,False,False
ENSG00000157193,LRP8,1,1,decreasing,-0.0109864487117721,False,False,False,False
ENSG00000189143,CLDN4,1,1,decreasing,-0.0046640284592776,False,False,False,False
ENSG00000157388,CACNA1D,1,1,decreasing,-0.0043017863124349,True,True,True,False
ENSG00000186314,PRELID2,1,2,decreasing,-0.0029983662234712,False,False,False,False
ENSG00000188026,RILPL1,1,1,decreasing,-0.0025511624730686,False,False,False,False
ENSG00000187908,DMBT1,1,1,decreasing,-0.0012566490046799,False,False,False,False
ENSG00000187720,THSD4,1,1,decreasing,-0.0006471638076017,False,False,False,False
ENSG00000187624,C17orf97,1,1,decreasing,-0.0012409043685703,False,False,False,False
ENSG00000187607,ZNF286A,1,1,decreasing,-0.0036462698168089,False,False,False,False
ENSG00000187546,AGMO,1,1,decreasing,-0.00402260700212,False,False,False,False
ENSG00000187498,COL4A1,1,1,decreasing,-0.0057877876993081,False,False,False,False
ENSG00000187118,CMC1,1,1,decreasing,-0.0012250709283341,False,False,False,False
ENSG00000187105,HEATR4,1,1,decreasing,-0.0028495807347575,False,False,False,False
ENSG00000186951,PPARA,1,4,increasing,0.0337568014231599,False,False,False,False
ENSG00000186866,POFUT2,1,2,decreasing,-0.0059216317484042,False,False,False,False
ENSG00000186260,MRTFB,1,2,decreasing,-0.002485534821005,False,False,False,False
ENSG00000188177,ZC3H6,1,2,decreasing,-0.0012851273925192,False,False,False,False
ENSG00000186231,KLHL32,1,6,decreasing,-0.0025106679163534,False,False,False,False
ENSG00000186197,EDARADD,1,4,decreasing,-0.0046779322887127,False,False,False,False
ENSG00000186185,KIF18B,1,1,decreasing,-0.013065999088551,False,False,False,False
ENSG00000185950,IRS2,1,3,decreasing,-0.0089196654513686,False,True,True,False
ENSG00000185900,POMK,1,1,decreasing,-0.0012339734842437,False,False,False,False
ENSG00000185842,DNAH14,1,1,decreasing,-0.0057410125298118,False,False,False,False
ENSG00000185813,PCYT2,1,1,decreasing,-0.0028262341780043,False,False,False,False
ENSG00000185760,KCNQ5,1,1,decreasing,-0.0015827126001566,False,False,False,False
ENSG00000185736,ADARB2,1,1,decreasing,-0.0088514614638387,False,True,True,False
ENSG00000185515,BRCC3,1,6,decreasing,-0.0012082876142387,False,False,False,False
ENSG00000185483,ROR1,1,2,decreasing,-0.0028450581199092,False,False,False,False
ENSG00000188175,HEPACAM2,1,1,decreasing,-0.0196246823077213,False,False,False,False
ENSG00000188306,LRRIQ4,1,1,decreasing,-0.0056935900520949,False,False,False,False
ENSG00000178538,CA8,1,1,decreasing,-0.0148636304667471,False,False,False,False
ENSG00000196502,SULT1A1,1,1,decreasing,-0.056764363293294,False,False,False,False
ENSG00000197540,GZMM,1,1,decreasing,-0.0081326269820232,False,False,False,False
ENSG00000197408,CYP2B6,1,1,decreasing,-0.0015457301816819,False,False,False,False
ENSG00000197147,LRRC8B,1,10,increasing,0.0034688415396346,False,False,False,False
ENSG00000197134,ZNF257,1,1,decreasing,-0.0025006935850771,False,False,False,False
ENSG00000196923,PDLIM7,1,1,decreasing,-0.0039166705614838,False,False,False,False
ENSG00000196865,NHLRC2,1,2,decreasing,-0.0113255653018328,False,False,False,False
ENSG00000196812,ZSCAN16,1,1,decreasing,-0.0061214006937388,False,False,False,False
ENSG00000196683,TOMM7,1,1,decreasing,-0.0184487709268425,False,False,False,False
ENSG00000196604,POTEF,1,1,decreasing,-0.0045578199341687,False,False,False,False
ENSG00000196565,HBG2,1,1,decreasing,-0.0235630751433481,False,False,False,False
ENSG00000196562,SULF2,1,8,decreasing,-0.0012677916174119,False,False,False,False
ENSG00000196470,SIAH1,1,2,decreasing,-0.0036182613838221,False,False,False,False
ENSG00000188372,ZP3,1,2,decreasing,-0.0049460078581118,False,False,False,False
ENSG00000196411,EPHB4,1,1,decreasing,-0.005910294729064,False,True,True,False
ENSG00000196376,SLC35F1,1,1,decreasing,-0.0128135951685131,False,False,False,False
ENSG00000196236,XPNPEP3,1,6,decreasing,-0.0012529407596601,False,False,False,False
ENSG00000196187,TMEM63A,1,7,decreasing,-0.0049534614489963,False,False,False,False
ENSG00000196169,KIF19,1,1,decreasing,-0.0056503669879911,False,False,False,False
ENSG00000196118,CCDC189,1,1,decreasing,-0.0103704237661515,False,False,False,False
ENSG00000189221,MAOA,1,2,increasing,0.0176343032232778,False,False,False,False
ENSG00000091262,ABCC6,1,1,decreasing,-0.0030172107308545,False,False,False,False
ENSG00000189057,FAM111B,1,1,decreasing,-0.0177746657409537,False,False,False,False
ENSG00000188603,CLN3,1,1,decreasing,-0.096201759780618,False,False,False,False
ENSG00000188580,NKAIN2,1,1,decreasing,-0.0088985196566842,False,False,False,False
ENSG00000185274,GALNT17,1,1,decreasing,-0.0058684927797942,False,False,False,False
ENSG00000185246,PRPF39,1,6,decreasing,-0.0163239632379249,False,False,False,False
ENSG00000185220,PGBD2,1,1,decreasing,-0.0114387752849936,False,False,False,False
ENSG00000181031,RPH3AL,1,3,decreasing,-0.0080582369587089,False,False,False,False
ENSG00000182901,RGS7,1,1,decreasing,-0.0085188458597444,False,False,False,False
ENSG00000182667,NTM,1,2,decreasing,-0.0170699317481966,False,False,False,False
ENSG00000182472,CAPN12,1,1,decreasing,-0.0030352917492209,False,False,False,False
ENSG00000182253,SYNM,1,1,increasing,0.0239178178890224,False,False,False,False
ENSG00000182240,BACE2,1,2,decreasing,-0.0062339826837203,False,False,False,False
ENSG00000182004,SNRPE,1,3,decreasing,-0.0029822070244362,False,False,False,False
ENSG00000181873,IBA57,1,1,decreasing,-0.0014390979447053,False,False,False,False
ENSG00000181666,ZNF875,1,1,decreasing,-0.0012739220633421,False,False,False,False
ENSG00000181544,FANCB,1,2,decreasing,-0.0044333762569694,False,True,False,False
ENSG00000181350,LRRC75A,1,2,decreasing,-0.0079586463464855,False,False,False,False
ENSG00000181264,TLCD5,1,1,decreasing,-0.0079895265139554,False,False,False,False
ENSG00000180881,CAPS2,1,1,decreasing,-0.0120902900072442,False,False,False,False
ENSG00000185101,ANO9,1,1,decreasing,-0.0117183455535126,False,False,False,False
ENSG00000180488,MIGA1,1,3,decreasing,-0.0012635605876346,False,False,False,False
ENSG00000180423,HARBI1,1,1,decreasing,-0.0283524289606544,False,False,False,False
ENSG00000180098,TRNAU1AP,1,8,decreasing,-0.0027896255634436,False,False,False,False
ENSG00000179941,BBS10,1,1,decreasing,-0.0136855160361612,False,False,False,False
ENSG00000179841,AKAP5,1,1,decreasing,-0.0025323204653025,False,False,False,False
ENSG00000179813,FAM216B,1,6,decreasing,-0.0036749445399827,False,False,False,False
ENSG00000179242,CDH4,1,1,increasing,0.0023377990268353,False,True,True,False
ENSG00000179195,ZNF664,1,6,decreasing,-0.0045598636683034,False,False,False,False
ENSG00000179163,FUCA1,1,2,decreasing,-0.0046395557121354,False,False,False,False
ENSG00000178980,SELENOW,1,1,decreasing,-0.0121710216279524,False,False,False,False
ENSG00000178750,STX19,1,1,decreasing,-0.0074100009551786,False,False,False,False
ENSG00000183018,SPNS2,1,1,increasing,0.0162697606554183,False,False,False,False
ENSG00000183044,ABAT,1,2,decreasing,-0.0012793822738219,False,False,False,False
ENSG00000183091,NEB,1,1,decreasing,-0.0084276204894772,False,False,False,False
ENSG00000183273,CCDC60,1,1,decreasing,-0.005850190508747,False,False,False,False
ENSG00000184787,UBE2G2,1,1,decreasing,-0.0012689044285246,False,False,False,False
ENSG00000184730,APOBR,1,1,decreasing,-0.0043535044127908,False,False,False,False
ENSG00000184515,BEX5,1,1,decreasing,-0.0080845215257185,False,False,False,False
ENSG00000184497,TMEM255B,1,1,decreasing,-0.0058881362643833,False,False,False,False
ENSG00000184454,NCMAP,1,1,decreasing,-0.0030418765259886,False,False,False,False
ENSG00000184304,PRKD1,1,1,decreasing,-0.0059949680780307,False,True,False,False
ENSG00000184227,ACOT1,1,1,increasing,0.0070120303149172,False,False,False,False
ENSG00000184203,PPP1R2,1,3,increasing,0.0448671100578425,False,False,False,False
ENSG00000183960,KCNH8,1,1,decreasing,-0.0045558998934864,False,False,False,False
ENSG00000183878,UTY,1,2,decreasing,-0.0044106063623365,False,False,False,False
ENSG00000183876,ARSI,1,1,decreasing,-0.0027956847917919,False,False,False,False
ENSG00000183722,LHFPL6,1,1,decreasing,-0.0028923766536418,False,False,False,False
ENSG00000183718,TRIM52,1,1,decreasing,-0.019167050316719,False,False,False,False
ENSG00000183662,TAFA1,1,1,decreasing,-0.0055220800956419,False,False,False,False
ENSG00000183628,DGCR6,1,1,decreasing,-0.0040227379236951,False,False,False,False
ENSG00000183615,FAM167B,1,1,decreasing,-0.0333846929666504,False,False,False,False
ENSG00000183579,ZNRF3,1,2,decreasing,-0.013006877135553,False,True,False,True
ENSG00000183520,UTP11,1,3,increasing,0.0158400939430251,False,False,False,False
ENSG00000183431,SF3A3,1,1,increasing,0.0603777101539249,False,False,False,False
ENSG00000183421,RIPK4,1,1,decreasing,-0.004377904808371,False,False,False,False
ENSG00000183386,FHL3,1,1,decreasing,-0.0056945703817643,False,False,False,False
ENSG00000183379,SYNDIG1L,1,1,decreasing,-0.0027896006146867,False,False,False,False
ENSG00000183346,CABCOCO1,1,1,decreasing,-0.0578065308527157,False,False,False,False
ENSG00000197712,FAM114A1,1,1,increasing,0.0153804565953193,False,False,False,False
ENSG00000197859,ADAMTSL2,1,1,decreasing,-0.0295638868394653,False,False,False,False
ENSG00000197933,ZNF823,1,1,decreasing,-0.0522095966908093,False,False,False,False
ENSG00000254999,BRK1,1,1,decreasing,-0.0046243039486101,False,False,False,False
ENSG00000264324,AC006030.1,1,2,decreasing,-0.003011443487915,False,False,False,False
ENSG00000262406,MMP12,1,1,decreasing,-0.0194081431120321,False,False,False,False
ENSG00000259753,AC068234.1,1,1,decreasing,-0.0168548936406037,False,False,False,False
ENSG00000259330,INAFM2,1,1,decreasing,-0.0061766969328175,False,False,False,False
ENSG00000259316,AC087632.2,1,1,decreasing,-0.0162117469238982,False,False,False,False
ENSG00000258466,AL049779.1,1,2,decreasing,-0.0012114907122541,False,False,False,False
ENSG00000256229,ZNF486,1,1,decreasing,-0.0034436743258693,False,False,False,False
ENSG00000255641,AC068775.1,1,1,decreasing,-0.021437528801252,False,False,False,False
ENSG00000255587,RAB44,1,1,decreasing,-0.0029667431535299,False,False,False,False
ENSG00000255524,NPIPB8,1,1,increasing,0.0080119512661575,False,False,False,False
ENSG00000255398,HCAR3,1,1,decreasing,-0.0130091491984246,False,False,False,False
ENSG00000253313,C1orf210,1,1,increasing,0.0017797775854541,False,False,False,False
ENSG00000231389,HLA-DPA1,1,2,decreasing,-0.0219311734965981,False,False,False,False
ENSG00000251369,ZNF550,1,1,decreasing,-0.0117268480919022,False,False,False,False
ENSG00000249242,TMEM150C,1,1,decreasing,-0.006223571205722,False,False,False,False
ENSG00000249115,HAUS5,1,1,decreasing,-0.019750956006803,False,False,False,False
ENSG00000248771,SMIM31,1,1,decreasing,-0.0100067374630313,False,False,False,False
ENSG00000244067,GSTA2,1,1,decreasing,-0.0044666159013132,False,False,False,False
ENSG00000244038,DDOST,1,1,increasing,0.0083622913883441,False,False,False,False
ENSG00000237649,KIFC1,1,1,decreasing,-0.0030410499786228,False,False,False,False
ENSG00000237541,HLA-DQA2,1,1,decreasing,-0.0027463116116908,False,False,False,False
ENSG00000237489,C10orf143,1,1,decreasing,-0.0029731155286701,False,False,False,False
ENSG00000237190,CDKN2AIPNL,1,2,decreasing,-0.0258122720244908,False,False,False,False
ENSG00000233927,RPS28,1,1,increasing,0.0022510713081938,False,False,False,False
ENSG00000264364,DYNLL2,1,2,decreasing,-0.0181730696603318,False,False,False,False
ENSG00000265818,EEF1E1-BLOC1S5,1,2,decreasing,-0.0027603355974909,False,False,False,False
ENSG00000267261,AC099811.2,1,6,decreasing,-0.0160574982953563,False,False,False,False
ENSG00000267318,AC005702.1,1,2,decreasing,-0.0029636952103594,False,False,False,False
ENSG00000285991,AL355312.6,1,2,decreasing,-0.0215728044303022,False,False,False,False
ENSG00000285505,AC010616.1,1,2,decreasing,-0.0026359638921811,False,False,False,False
ENSG00000285253,AC090517.4,1,6,decreasing,-0.0036250407406867,False,False,False,False
ENSG00000285218,AC026316.4,1,1,decreasing,-0.0048224719119786,False,False,False,False
ENSG00000284779,AC132217.2,1,2,decreasing,-0.002506573202548,False,False,False,False
ENSG00000283239,AC019257.8,1,2,increasing,0.0127501895408136,False,False,False,False
ENSG00000283228,AC068547.1,1,1,decreasing,-0.0083808540503491,False,False,False,False
ENSG00000280071,GATD3B,1,1,increasing,0.0088432013628365,False,False,False,False
ENSG00000278848,TP53TG3F,1,1,decreasing,-0.0505568105162767,False,False,False,False
ENSG00000278057,TEX28,1,1,decreasing,-0.003069623660137,False,False,False,False
ENSG00000277957,SENP3-EIF4A1,1,1,decreasing,-0.0160088589201415,False,False,False,False
ENSG00000277611,Z98752.3,1,1,decreasing,-0.0087345967149627,False,False,False,False
ENSG00000277258,PCGF2,1,1,decreasing,-0.0223066175017031,False,False,False,False
ENSG00000275395,FCGBP,1,1,decreasing,-0.0165677350196289,False,False,False,False
ENSG00000275034,TP53TG3E,1,1,decreasing,-0.0313540142043411,False,False,False,False
ENSG00000273294,C1QTNF3-AMACR,1,15,increasing,0.0037143565877229,False,False,False,False
ENSG00000273213,H3-2,1,1,increasing,0.0282178382738142,False,False,False,False
ENSG00000272196,H2AC19,1,1,decreasing,-0.0059432124430956,False,False,False,False
ENSG00000270617,URGCP-MRPS24,1,8,increasing,0.0018299325698568,False,False,False,False
ENSG00000270316,BORCS7-ASMT,1,1,decreasing,-0.0331493100471168,False,False,False,False
ENSG00000269226,TMSB15B,1,1,decreasing,-0.0090422451812998,False,False,False,False
ENSG00000268163,AC004076.1,1,1,decreasing,-0.0043586669523428,False,False,False,False
ENSG00000267426,AC087289.3,1,1,decreasing,-0.0027108673028872,False,False,False,False
ENSG00000232838,PET117,1,1,decreasing,-0.0041431856850219,False,False,False,False
ENSG00000228486,C2orf92,1,6,decreasing,-0.0427010403164212,False,False,False,False
ENSG00000198040,ZNF84,1,2,increasing,0.0021801421367034,False,False,False,False
ENSG00000198718,TOGARAM1,1,8,decreasing,-0.0027461431034909,False,False,False,False
ENSG00000204394,VARS1,1,2,increasing,0.0774636700299879,False,False,False,False
ENSG00000204385,SLC44A4,1,1,decreasing,-0.0458607671264545,False,False,False,False
ENSG00000204371,EHMT2,1,1,decreasing,-0.0044399092613628,False,False,False,False
ENSG00000204356,NELFE,1,2,decreasing,-0.0091750426183596,False,False,False,False
ENSG00000204308,RNF5,1,1,decreasing,-0.0203202926032464,False,False,False,False
ENSG00000204219,TCEA3,1,1,decreasing,-0.0030541540636911,False,False,False,False
ENSG00000204131,NHSL2,1,1,decreasing,-0.0025742898645277,False,False,False,False
ENSG00000203727,SAMD5,1,1,decreasing,-0.0069048604754703,False,False,False,False
ENSG00000198860,TSEN15,1,2,increasing,0.07841736367447,False,False,False,False
ENSG00000198795,ZNF521,1,1,decreasing,-0.0029846943924701,True,False,False,False
ENSG00000198780,FAM169A,1,1,decreasing,-0.0048370963933585,False,False,False,False
ENSG00000198625,MDM4,1,2,decreasing,-0.0024625258645076,True,True,True,False
ENSG00000223573,TINCR,1,1,decreasing,-0.0195163433731422,False,False,False,False
ENSG00000198546,ZNF511,1,1,decreasing,-0.0029003406287321,False,False,False,False
ENSG00000198538,ZNF28,1,3,decreasing,-0.018070445747099,False,False,False,False
ENSG00000198520,ARMH1,1,1,decreasing,-0.0031254185732804,False,False,False,False
ENSG00000198492,YTHDF2,1,8,decreasing,-0.0029879384575726,False,False,False,False
ENSG00000198420,TCAF1,1,3,decreasing,-0.0034934880997325,False,False,False,False
ENSG00000198342,ZNF442,1,1,decreasing,-0.0013066257976636,False,False,False,False
ENSG00000198270,TMEM116,1,1,decreasing,-0.0225172902197239,False,False,False,False
ENSG00000198108,CHSY3,1,1,increasing,0.0110436328926835,False,False,False,False
ENSG00000198088,NUP62CL,1,1,decreasing,-0.004580169813575,False,False,False,False
ENSG00000198081,ZBTB14,1,1,decreasing,-0.0070183661071244,False,False,False,False
ENSG00000198062,POTEH,1,1,decreasing,-0.0349114695036655,False,False,False,False
ENSG00000204410,MSH5,1,2,decreasing,-0.0058728366943986,False,False,False,False
ENSG00000204442,FAM155A,1,1,decreasing,-0.0029341134878838,False,False,False,False
ENSG00000204519,ZNF551,1,1,decreasing,-0.0027896531714499,False,False,False,False
ENSG00000204882,GPR20,1,1,decreasing,-0.0210098128409417,False,False,False,False
ENSG00000222036,POTEM,1,1,decreasing,-0.0043504120015659,False,False,False,False
ENSG00000221890,NPTXR,1,1,decreasing,-0.0056714977202152,False,False,False,False
ENSG00000221887,HMSD,1,1,decreasing,-0.0044190903605373,False,False,False,False
ENSG00000216937,CCDC7,1,1,decreasing,-0.0012483481782362,False,False,False,False
ENSG00000215271,HOMEZ,1,3,decreasing,-0.00400328301104,False,False,False,False
ENSG00000214960,CRPPA,1,1,decreasing,-0.0057835117814831,False,False,False,False
ENSG00000214265,AC124312.1,1,1,decreasing,-0.0029826454078637,False,False,False,False
ENSG00000214029,ZNF891,1,4,decreasing,-0.0033226915286057,False,False,False,False
ENSG00000213949,ITGA1,1,3,decreasing,-0.0049832161428653,False,False,False,False
ENSG00000213793,ZNF888,1,1,increasing,0.0104847696833056,False,False,False,False
ENSG00000213203,GIMAP1,1,3,decreasing,-0.007644678648061,False,False,False,False
ENSG00000211584,SLC48A1,1,1,decreasing,-0.0051665932050366,False,False,False,False
ENSG00000211460,TSN,1,1,increasing,0.0070645904920743,False,False,False,False
ENSG00000206559,ZCWPW2,1,2,decreasing,-0.0073539084137239,False,False,False,False
ENSG00000206418,RAB12,1,9,decreasing,-0.0048699312102106,False,False,False,False
ENSG00000206384,COL6A6,1,1,decreasing,-0.0030317047220396,False,False,False,False
ENSG00000206077,ZDHHC11B,1,6,decreasing,-0.0029461325887893,False,False,False,False
ENSG00000206052,DOK6,1,1,decreasing,-0.0030116995453852,False,False,False,False
ENSG00000205457,TP53TG3C,1,1,increasing,0.0048565364183873,False,False,False,False
ENSG00000205364,MT1M,1,1,decreasing,-0.0030311662223219,False,False,False,False
ENSG00000205213,LGR4,1,2,decreasing,-0.0192985634842671,False,False,False,False
ENSG00000205002,AARD,1,1,decreasing,-0.0504526697619063,False,False,False,False
ENSG00000204956,PCDHGA1,1,3,decreasing,-0.007952991322462,False,False,False,False
ENSG00000178741,COX5A,1,1,decreasing,-0.0048521464583474,False,False,False,False
ENSG00000178460,MCMDC2,1,1,decreasing,-0.0041902424770911,False,False,False,False
ENSG00000157399,ARSL,1,1,decreasing,-0.0042841302626544,False,False,False,False
ENSG00000164008,C1orf50,1,2,decreasing,-0.0040705839130243,False,False,False,False
ENSG00000164283,ESM1,1,1,decreasing,-0.0143070884099221,False,False,False,False
ENSG00000164176,EDIL3,1,1,decreasing,-0.0029337080208404,False,False,False,False
ENSG00000164171,ITGA2,1,1,increasing,0.0332086087977815,False,False,False,False
ENSG00000164167,LSM6,1,1,decreasing,-0.0030054774340076,False,False,False,False
ENSG00000164161,HHIP,1,1,decreasing,-0.0084640274710139,False,False,False,False
ENSG00000164116,GUCY1A1,1,1,decreasing,-0.0029723833723547,False,False,False,False
ENSG00000164099,PRSS12,1,6,decreasing,-0.0025192186769428,False,False,False,False
ENSG00000164093,PITX2,1,1,decreasing,-0.0037118727171959,False,False,False,False
ENSG00000164080,RAD54L2,1,3,decreasing,-0.009018465225495,False,False,False,False
ENSG00000164062,APEH,1,1,decreasing,-0.0101387067304963,False,False,False,False
ENSG00000164038,SLC9B2,1,1,increasing,0.0056125840055447,False,False,False,False
ENSG00000163993,S100P,1,1,decreasing,-0.0138742319233057,False,False,False,False
ENSG00000164330,EBF1,1,1,decreasing,-0.0026782278036411,True,True,False,False
ENSG00000163956,LRPAP1,1,2,decreasing,-0.0029671693416991,False,False,False,False
ENSG00000163898,LIPH,1,1,decreasing,-0.0315728334122477,False,False,False,False
ENSG00000163866,SMIM12,1,1,decreasing,-0.0177425818566258,False,False,False,False
ENSG00000163820,FYCO1,1,3,decreasing,-0.0057060086364678,False,False,False,False
ENSG00000163660,CCNL1,1,2,decreasing,-0.0075064600317557,False,False,False,False
ENSG00000163626,COX18,1,2,increasing,0.0410349187477163,False,False,False,False
ENSG00000163596,ICA1L,1,2,decreasing,-0.0025136679520897,False,False,False,False
ENSG00000163545,NUAK2,1,1,decreasing,-0.0077843182799314,False,False,False,False
ENSG00000163535,SGO2,1,1,increasing,0.0156528830297469,False,False,False,False
ENSG00000163519,TRAT1,1,1,decreasing,-0.0012865694138951,False,False,False,False
ENSG00000163444,TMEM183A,1,1,decreasing,-0.0209148590787937,False,False,False,False
ENSG00000164296,TIGD6,1,1,increasing,0.0297540978311117,False,False,False,False
ENSG00000164342,TLR3,1,1,decreasing,-0.0270121504688441,False,False,False,False
ENSG00000178449,COX14,1,1,increasing,0.0055144661267561,False,False,False,False
ENSG00000165259,HDX,1,1,decreasing,-0.0037694357982444,False,False,False,False
ENSG00000166526,ZNF3,1,1,decreasing,-0.0057986540252108,False,False,False,False
ENSG00000166343,MSS51,1,1,decreasing,-0.0513597626807722,False,False,False,False
ENSG00000166278,C2,1,2,decreasing,-0.0044524554701097,False,False,False,False
ENSG00000166165,CKB,1,1,decreasing,-0.0026430197767975,False,False,False,False
ENSG00000166106,ADAMTS15,1,1,decreasing,-0.0082867354406613,False,False,False,False
ENSG00000166086,JAM3,1,1,decreasing,-0.0674370944160986,False,False,False,False
ENSG00000165915,SLC39A13,1,1,decreasing,-0.0293476344141903,False,False,False,False
ENSG00000165895,ARHGAP42,1,1,decreasing,-0.0167240814320928,False,False,False,False
ENSG00000165731,RET,1,1,decreasing,-0.0230724834989838,True,True,True,False
ENSG00000165480,SKA3,1,1,increasing,0.0069630100895728,False,False,False,False
ENSG00000165424,ZCCHC24,1,3,decreasing,-0.0029468586577636,False,False,False,False
ENSG00000165188,RNF183,1,1,decreasing,-0.0144799458187659,False,False,False,False
ENSG00000164611,PTTG1,1,1,decreasing,-0.0107882325736168,False,False,False,False
ENSG00000165092,ALDH1A1,1,1,decreasing,-0.0130417564338358,False,False,False,False
ENSG00000164951,PDP1,1,1,decreasing,-0.0030136733194452,False,False,False,False
ENSG00000164932,CTHRC1,1,1,decreasing,-0.0021166547977337,False,False,False,False
ENSG00000164919,COX6C,1,2,decreasing,-0.0027623943632402,False,False,False,False
ENSG00000164879,CA3,1,1,increasing,0.0047101349162125,False,False,False,False
ENSG00000164828,SUN1,1,2,decreasing,-0.0153766950668962,False,False,False,False
ENSG00000164823,OSGIN2,1,6,decreasing,-0.0234044840667187,False,False,False,False
ENSG00000164764,SBSPON,1,1,decreasing,-0.005063763034257,False,False,False,False
ENSG00000164733,CTSB,1,3,decreasing,-0.0025459998672819,False,False,False,False
ENSG00000164695,CHMP4C,1,1,decreasing,-0.0168977561876051,False,False,False,False
ENSG00000164631,ZNF12,1,3,decreasing,-0.0028709796860049,False,False,False,False
ENSG00000163406,SLC15A2,1,2,decreasing,-0.016354142351739,False,False,False,False
ENSG00000163239,TDRD10,1,1,increasing,0.0111590084860192,False,False,False,False
ENSG00000163235,TGFA,1,6,decreasing,-0.0028093695111042,False,False,False,False
ENSG00000158874,APOA2,1,1,decreasing,-0.0102204012851686,False,False,False,False
ENSG00000160229,ZNF66,1,1,decreasing,-0.0219390566490867,False,False,False,False
ENSG00000160124,CCDC58,1,1,decreasing,-0.0090187715852919,False,False,False,False
ENSG00000160113,NR2F6,1,1,decreasing,-0.0029739204852557,False,False,False,False
ENSG00000160007,ARHGAP35,1,3,decreasing,-0.008918921718664,True,True,False,False
ENSG00000159479,MED8,1,1,decreasing,-0.0089289203229381,False,False,False,False
ENSG00000159409,CELF3,1,1,decreasing,-0.0103121164600708,False,False,False,False
ENSG00000159348,CYB5R1,1,1,increasing,0.014217653369665,False,False,False,False
ENSG00000159210,SNF8,1,1,decreasing,-0.0025190795872342,False,False,False,False
ENSG00000159200,RCAN1,1,2,decreasing,-0.0059932067717078,False,False,False,False
ENSG00000159147,DONSON,1,2,increasing,0.034389974278657,False,False,False,False
ENSG00000159111,MRPL10,1,1,increasing,0.0528008530570001,False,False,False,False
ENSG00000158793,NIT1,1,3,increasing,0.0084616557359682,False,False,False,False
ENSG00000163156,SCNM1,1,1,decreasing,-0.0028806909240778,False,False,False,False
ENSG00000158769,F11R,1,1,decreasing,-0.0030066834177752,False,False,False,False
ENSG00000158710,TAGLN2,1,1,decreasing,-0.0012915916757845,False,False,False,False
ENSG00000158552,ZFAND2B,1,1,decreasing,-0.0024643039638042,False,False,False,False
ENSG00000158528,PPP1R9A,1,2,increasing,0.0044858230668142,False,False,False,False
ENSG00000158428,CATIP,1,1,decreasing,-0.0019395576173401,False,False,False,False
ENSG00000158296,SLC13A3,1,1,decreasing,-0.0111558384232547,False,False,False,False
ENSG00000157985,AGAP1,1,3,increasing,0.0022826278375211,False,False,False,False
ENSG00000157765,SLC34A2,1,2,decreasing,-0.003287359629439,True,False,False,False
ENSG00000157654,PALM2AKAP2,1,8,decreasing,-0.002902718570207,False,False,False,False
ENSG00000157613,CREB3L1,1,1,increasing,0.0678553664388744,True,False,False,False
ENSG00000157557,ETS2,1,3,decreasing,-0.003761492677967,False,False,False,False
ENSG00000160294,MCM3AP,1,4,increasing,0.0074637762432759,False,False,False,False
ENSG00000160593,JAML,1,3,decreasing,-0.009119017073548,False,False,False,False
ENSG00000160688,FLAD1,1,1,increasing,0.0148378438610058,False,False,False,False
ENSG00000160703,NLRX1,1,1,decreasing,-0.0276739223892089,False,False,False,False
ENSG00000163075,CFAP221,1,1,decreasing,-0.0030864324992118,False,False,False,False
ENSG00000163069,SGCB,1,2,decreasing,-0.0027863716477137,False,False,False,False
ENSG00000163026,WDCP,1,1,decreasing,-0.020840451039395,True,False,False,False
ENSG00000162892,IL24,1,1,decreasing,-0.0533085770978102,False,False,False,False
ENSG00000162777,DENND2D,1,1,decreasing,-0.0012120386416666,False,False,False,False
ENSG00000162614,NEXN,1,2,decreasing,-0.0028132433794859,False,False,False,False
ENSG00000162522,KIAA1522,1,1,increasing,0.0049964420057856,False,False,False,False
ENSG00000162512,SDC3,1,1,decreasing,-0.0112546679350904,False,False,False,False
ENSG00000162493,PDPN,1,1,decreasing,-0.0047990278656237,False,False,False,False
ENSG00000162409,PRKAA2,1,1,increasing,0.0091017101258289,False,False,False,False
ENSG00000162231,NXF1,1,1,decreasing,-0.0029315756566315,False,False,False,False
ENSG00000162227,TAF6L,1,1,increasing,0.0432213684701993,False,False,False,False
ENSG00000162174,ASRGL1,1,4,decreasing,-0.0058646562179288,False,False,False,False
ENSG00000162144,CYB561A3,1,1,decreasing,-0.0109838728520229,False,False,False,False
ENSG00000162069,BICDL2,1,2,increasing,0.0372236062188292,False,False,False,False
ENSG00000161647,MPP3,1,2,increasing,0.0054373682842925,False,False,False,False
ENSG00000161048,NAPEPLD,1,2,decreasing,-0.0073812156015648,False,False,False,False
ENSG00000160993,ALKBH4,1,1,increasing,0.0022196899492178,False,False,False,False
ENSG00000160961,ZNF333,1,6,decreasing,-0.0012699813342045,False,False,False,False
ENSG00000160867,FGFR4,1,1,decreasing,-0.02319276759317,True,True,True,False
ENSG00000160796,NBEAL2,1,1,decreasing,-0.0024599594191849,False,False,False,False
ENSG00000160791,CCR5,1,1,decreasing,-0.0138030451714569,False,False,False,False
ENSG00000160767,FAM189B,1,1,decreasing,-0.0104518339145657,False,False,False,False
ENSG00000166578,IQCD,1,1,decreasing,-0.0059782416940336,False,False,False,False
ENSG00000166685,COG1,1,2,decreasing,-0.0012479900017466,False,False,False,False
ENSG00000166741,NNMT,1,1,increasing,0.0075265879418393,False,False,False,False
ENSG00000173262,SLC2A14,1,1,decreasing,-0.0025426207911021,False,False,False,False
ENSG00000174652,ZNF266,1,1,decreasing,-0.0080514618274078,False,False,False,False
ENSG00000174600,CMKLR1,1,1,decreasing,-0.015486384516803,False,False,False,False
ENSG00000174567,GOLT1A,1,1,decreasing,-0.0124353103580121,False,False,False,False
ENSG00000174437,ATP2A2,1,8,decreasing,-0.0116166240756756,False,False,False,False
ENSG00000174307,PHLDA3,1,1,decreasing,-0.0027876606827505,False,False,False,False
ENSG00000174136,RGMB,1,2,increasing,0.0044232991567001,False,False,False,False
ENSG00000173890,GPR160,1,2,decreasing,-0.0202689746341189,False,False,False,False
ENSG00000173846,PLK3,1,1,increasing,0.114933592183708,False,False,False,False
ENSG00000173702,MUC13,1,1,decreasing,-0.0045096584713279,False,False,False,False
ENSG00000173349,SFT2D3,1,2,decreasing,-0.0110540992187327,False,False,False,False
ENSG00000173320,STOX2,1,3,decreasing,-0.0020598608658868,False,False,False,False
ENSG00000172985,SH3RF3,1,2,decreasing,-0.0215971322267659,False,False,False,False
ENSG00000171824,EXOSC10,1,3,decreasing,-0.0144624548868303,False,False,False,False
ENSG00000172922,RNASEH2C,1,1,decreasing,-0.011954068640868,False,False,False,False
ENSG00000172331,BPGM,1,1,increasing,0.0363669783484487,False,False,False,False
ENSG00000172296,SPTLC3,1,1,decreasing,-0.0154375484949214,False,False,False,False
ENSG00000172270,BSG,1,1,increasing,0.0024125943437237,False,False,False,False
ENSG00000172232,AZU1,1,1,decreasing,-0.0243265264740659,False,False,False,False
ENSG00000172201,ID4,1,2,decreasing,-0.0040907056375823,False,False,False,False
ENSG00000172167,MTBP,1,1,decreasing,-0.0037907816458326,False,False,False,False
ENSG00000172116,CD8B,1,1,decreasing,-0.0039905116340955,False,False,False,False
ENSG00000172059,KLF11,1,2,increasing,0.027469910811028,False,False,False,False
ENSG00000172007,RAB33B,1,2,decreasing,-0.002958671934413,False,False,False,False
ENSG00000171984,SHLD1,1,2,increasing,0.0044120581518933,False,False,False,False
ENSG00000174876,AMY1B,1,1,decreasing,-0.0028862651850193,False,False,False,False
ENSG00000174945,AMZ1,1,8,decreasing,-0.001265080610509,False,False,False,False
ENSG00000175183,CSRP2,1,1,decreasing,-0.027199975855446,False,False,False,False
ENSG00000175262,C1orf127,1,1,decreasing,-0.0135986827662498,False,False,False,False
ENSG00000178199,ZC3H12D,1,4,decreasing,-0.1048326295651662,False,False,False,False
ENSG00000178184,PARD6G,1,2,decreasing,-0.0042636667852168,False,False,False,False
ENSG00000178125,PPP1R42,1,2,increasing,0.0070577858936527,False,False,False,False
ENSG00000177728,TMEM94,1,2,decreasing,-0.0644346260977314,False,False,False,False
ENSG00000177694,NAALADL2,1,2,decreasing,-0.0058774346087692,False,False,False,False
ENSG00000177508,IRX3,1,1,increasing,0.0046872503744568,False,False,False,False
ENSG00000177425,PAWR,1,3,decreasing,-0.0056383979309858,False,False,False,False
ENSG00000177303,CASKIN2,1,1,decreasing,-0.0028182596718407,False,False,False,False
ENSG00000177106,EPS8L2,1,4,decreasing,-0.0019421257645692,False,False,False,False
ENSG00000177045,SIX5,1,1,decreasing,-0.0069060082670323,False,False,False,False
ENSG00000176994,SMCR8,1,2,decreasing,-0.0044149506762356,False,False,False,False
ENSG00000176771,NCKAP5,1,1,decreasing,-0.0414023795229098,False,False,False,False
ENSG00000176720,BOK,1,1,increasing,0.0203443102235997,False,False,False,False
ENSG00000176153,GPX2,1,1,decreasing,-0.0045598636683034,False,False,False,False
ENSG00000175984,DENND2C,1,1,decreasing,-0.0030976945112384,False,False,False,False
ENSG00000175868,CALCB,1,1,decreasing,-0.0030959600643683,False,False,False,False
ENSG00000175711,B3GNTL1,1,2,decreasing,-0.005760284408903,False,False,False,False
ENSG00000175591,P2RY2,1,1,decreasing,-0.0012474628509854,False,False,False,False
ENSG00000175581,MRPL48,1,2,decreasing,-0.0035536034800102,False,False,False,False
ENSG00000175497,DPP10,1,1,decreasing,-0.0112316724992686,False,False,False,False
ENSG00000175489,LRRC25,1,1,decreasing,-0.0005683353100885,False,False,False,False
ENSG00000175356,SCUBE2,1,6,decreasing,-0.0084643779416004,False,False,False,False
ENSG00000175352,NRIP3,1,7,decreasing,-0.0007360933905304,False,False,False,False
ENSG00000171953,ATPAF2,1,1,decreasing,-0.0007256483121144,False,False,False,False
ENSG00000171817,ZNF540,1,1,decreasing,-0.001240152331509,False,False,False,False
ENSG00000166797,CIAO2A,1,1,decreasing,-0.0086871439003054,False,False,False,False
ENSG00000167914,GSDMA,1,1,decreasing,-0.0162828956168617,False,False,False,False
ENSG00000169031,COL4A3,1,1,decreasing,-0.0195471782326995,False,False,False,False
ENSG00000168993,CPLX1,1,1,decreasing,-0.004392230341852,False,False,False,False
ENSG00000168907,PLA2G4F,1,1,decreasing,-0.0084482078664459,False,False,False,False
ENSG00000168803,ADAL,1,1,decreasing,-0.0020802954299156,False,False,False,False
ENSG00000168765,GSTM4,1,3,decreasing,-0.0139689417866077,False,False,False,False
ENSG00000168743,NPNT,1,2,decreasing,-0.0248915956504182,False,False,False,False
ENSG00000168517,HEXIM2,1,1,decreasing,-0.0014106792617213,False,False,False,False
ENSG00000168496,FEN1,1,1,decreasing,-0.0040753379076706,False,False,False,False
ENSG00000168228,ZCCHC4,1,1,decreasing,-0.0908668998865667,False,False,False,False
ENSG00000168096,ANKS3,1,3,decreasing,-0.0031991088520562,False,False,False,False
ENSG00000167967,E4F1,1,1,increasing,0.0043441841922162,False,False,False,False
ENSG00000167880,EVPL,1,2,increasing,0.0120662902243864,False,False,False,False
ENSG00000171757,LRRC34,1,1,decreasing,-0.0067812376779639,False,False,False,False
ENSG00000167770,OTUB1,1,1,decreasing,-0.0135703952877197,False,False,False,False
ENSG00000167664,TMIGD2,1,1,decreasing,-0.0025138513385436,False,False,False,False
ENSG00000167508,MVD,1,1,decreasing,-0.0276849597770372,False,False,False,False
ENSG00000167306,MYO5B,1,2,increasing,0.0068620913046773,False,False,False,False
ENSG00000167207,NOD2,1,1,decreasing,-0.0130108064251585,False,False,False,False
ENSG00000167183,PRR15L,1,2,decreasing,-0.0012804776492904,False,False,False,False
ENSG00000167110,GOLGA2,1,1,increasing,0.0234954642504609,False,False,False,False
ENSG00000166925,TSC22D4,1,6,decreasing,-0.0012864764117302,False,False,False,False
ENSG00000166888,STAT6,1,1,increasing,0.0088636891591605,True,True,True,False
ENSG00000166828,SCNN1G,1,1,decreasing,-0.0186088674697999,False,False,False,False
ENSG00000166800,LDHAL6A,1,1,decreasing,-0.0030549180410322,False,False,False,False
ENSG00000169213,RAB3B,1,1,decreasing,-0.0039985328314465,False,False,False,False
ENSG00000169251,NMD3,1,2,decreasing,-0.0091082494267776,False,False,False,False
ENSG00000169607,CKAP2L,1,1,decreasing,-0.020263193424725,False,False,False,False
ENSG00000169621,APLF,1,1,decreasing,-0.0029002789806374,False,False,False,False
ENSG00000171643,S100Z,1,1,decreasing,-0.0021171495916688,False,False,False,False
ENSG00000171587,DSCAM,1,1,decreasing,-0.0084038219740874,False,False,False,False
ENSG00000171303,KCNK3,1,1,increasing,0.0023534942368761,False,False,False,False
ENSG00000171295,ZNF440,1,1,decreasing,-0.0085255555809997,False,False,False,False
ENSG00000171224,FAM241B,1,1,decreasing,-0.0044968043180614,False,False,False,False
ENSG00000171160,MORN4,1,1,decreasing,-0.0031090304913764,False,False,False,False
ENSG00000171115,GIMAP8,1,1,decreasing,-0.0149593313364448,False,False,False,False
ENSG00000171004,HS6ST2,1,2,decreasing,-0.0141358676534611,False,False,False,False
ENSG00000170855,TRIAP1,1,2,decreasing,-0.0055974358073563,False,False,False,False
ENSG00000170633,RNF34,1,7,decreasing,-0.0045176268176046,False,False,False,False
ENSG00000170631,ZNF16,1,1,increasing,0.0065370386849064,False,False,False,False
ENSG00000170608,FOXA3,1,1,increasing,0.0066150770505157,False,False,False,False
ENSG00000170604,IRF2BP1,1,1,decreasing,-0.0053522050430686,False,False,False,False
ENSG00000170456,DENND5B,1,1,decreasing,-0.0089023121417393,False,False,False,False
ENSG00000170421,KRT8,1,1,decreasing,-0.0143171434467604,False,False,False,False
ENSG00000170417,TMEM182,1,1,decreasing,-0.0125251673979529,False,False,False,False
ENSG00000170390,DCLK2,1,2,decreasing,-0.0081015435012155,False,False,False,False
ENSG00000170298,LGALS9B,1,1,decreasing,-0.0107900062251805,False,False,False,False
ENSG00000170265,ZNF282,1,2,increasing,0.0222530707292917,False,False,False,False
ENSG00000170092,SPDYE5,1,1,increasing,0.0179340655693511,False,False,False,False
ENSG00000170004,CHD3,1,3,decreasing,-0.0028908136408142,False,False,False,False
ENSG00000169908,TM4SF1,1,1,decreasing,-0.0070727125362959,False,False,False,False
ENSG00000169692,AGPAT2,1,1,decreasing,-0.0023684460594667,False,False,False,False
ENSG00000091651,ORC6,1,1,decreasing,-0.0087554827342697,False,False,False,False
ENSG00000182463,TSHZ2,1,3,decreasing,-0.0038057383785456,False,False,False,False
ENSG00000090674,MCOLN1,1,1,decreasing,-0.0088500452493763,False,False,False,False
ENSG00000134153,EMC7,1,2,decreasing,-0.0033398681302872,False,False,False,False
ENSG00000136147,PHF11,1,5,increasing,0.0063068621164786,False,False,False,False
ENSG00000135940,COX5B,1,5,increasing,0.0216334012240608,False,False,False,False
ENSG00000135828,RNASEL,1,1,decreasing,-0.0009717136139526,False,False,False,False
ENSG00000135801,TAF5L,1,1,increasing,0.0119101597723528,False,False,False,False
ENSG00000135763,URB2,1,1,decreasing,-0.0107888036343182,False,False,False,False
ENSG00000135414,GDF11,1,8,decreasing,-0.0008539421588802,False,False,False,False
ENSG00000135390,ATP5MC2,1,2,decreasing,-0.003236543379633,False,False,False,False
ENSG00000135272,MDFIC,1,3,decreasing,-0.0106667627024095,False,False,False,False
ENSG00000134444,RELCH,1,5,decreasing,-0.0135031800120989,False,False,False,False
ENSG00000134419,RPS15A,1,1,decreasing,-0.0141788678835549,False,False,False,False
ENSG00000134265,NAPG,1,8,decreasing,-0.0033347175104597,False,False,False,False
ENSG00000134058,CDK7,1,2,decreasing,-0.0008433049960808,False,True,False,False
ENSG00000136295,TTYH3,1,2,decreasing,-0.0017028237657368,False,False,False,False
ENSG00000134020,PEBP4,1,2,increasing,0.0016462893032835,False,False,False,False
ENSG00000134014,ELP3,1,3,decreasing,-0.0025692441383292,False,False,False,False
ENSG00000133703,KRAS,1,3,decreasing,-0.0082530223660177,True,True,True,False
ENSG00000133574,GIMAP4,1,1,decreasing,-0.0270624512338969,False,False,False,False
ENSG00000133460,SLC2A11,1,2,increasing,0.00507613078567,False,False,False,False
ENSG00000133398,MED10,1,6,increasing,0.0205875893842087,False,False,False,False
ENSG00000133111,RFXAP,1,1,decreasing,-0.0121481428544867,False,False,False,False
ENSG00000133059,DSTYK,1,17,increasing,0.0075032246379878,False,False,False,False
ENSG00000132963,POMP,1,3,decreasing,-0.0036688542843711,False,False,False,False
ENSG00000132906,CASP9,1,7,decreasing,-0.0280225171084548,False,False,False,False
ENSG00000132879,FBXO44,1,2,decreasing,-0.0057409307304446,False,False,False,False
ENSG00000136273,HUS1,1,3,decreasing,-0.0004463501927979,False,False,False,False
ENSG00000136383,ALPK3,1,10,increasing,0.0039018413719319,False,False,False,False
ENSG00000122674,CCZ1,1,8,increasing,0.0169422207003864,False,False,False,False
ENSG00000139370,SLC15A4,1,8,increasing,0.0073130486616061,False,False,False,False
ENSG00000140564,FURIN,1,2,decreasing,-0.0012717585871768,False,True,True,False
ENSG00000140470,ADAMTS17,1,2,decreasing,-0.0031829212853967,False,False,False,False
ENSG00000140451,PIF1,1,3,decreasing,-0.0036405008669819,False,False,False,False
ENSG00000140263,SORD,1,14,decreasing,-0.0037782408224729,False,False,False,False
ENSG00000140044,JDP2,1,8,increasing,0.0101761226687561,False,False,False,False
ENSG00000140006,WDR89,1,2,decreasing,-0.0177869897302897,False,False,False,False
ENSG00000139974,SLC38A6,1,5,increasing,0.2332140836625061,False,False,False,False
ENSG00000139832,RAB20,1,3,increasing,0.0051338691456778,False,False,False,False
ENSG00000139625,MAP3K12,1,2,increasing,0.0105914384089993,False,False,False,False
ENSG00000139567,ACVRL1,1,5,increasing,0.0437436139806555,False,False,False,False
ENSG00000139428,MMAB,1,1,increasing,0.0089634559889568,False,False,False,False
ENSG00000139233,LLPH,1,4,decreasing,-0.0106947097828795,False,False,False,False
ENSG00000136720,HS6ST1,1,6,decreasing,-4.7015082094143735e-05,False,False,False,False
ENSG00000139192,TAPBPL,1,2,decreasing,-0.0092085406061316,False,False,False,False
ENSG00000138795,LEF1,1,3,decreasing,-0.010289354970962,True,True,True,False
ENSG00000138735,PDE5A,1,1,increasing,0.1431833019893332,False,False,False,False
ENSG00000138629,UBL7,1,2,decreasing,-0.0021879264180536,False,False,False,False
ENSG00000138376,BARD1,1,3,decreasing,-0.0033591960921497,True,True,False,True
ENSG00000138092,CENPO,1,2,decreasing,-0.001671406962709,False,False,False,False
ENSG00000137449,CPEB2,1,5,increasing,0.1327226754769631,False,False,False,False
ENSG00000137221,TJAP1,1,7,decreasing,-0.0008417297045998,False,False,False,False
ENSG00000136877,FPGS,1,6,decreasing,-0.020322527119233,False,False,False,False
ENSG00000136819,C9orf78,1,3,increasing,0.1499731691719031,False,False,False,False
ENSG00000136811,ODF2,1,8,increasing,0.0251320226944747,False,False,False,False
ENSG00000132837,DMGDH,1,2,decreasing,-0.0033302674190881,False,False,False,False
ENSG00000132763,MMACHC,1,2,increasing,0.0083980568035091,False,False,False,False
ENSG00000132661,NXT1,1,1,decreasing,-0.0154842033441896,False,False,False,False
ENSG00000126003,PLAGL2,1,3,decreasing,-0.0033639004483024,False,False,False,False
ENSG00000127993,RBM48,1,2,increasing,0.0072742752610542,False,False,False,False
ENSG00000127951,FGL2,1,1,decreasing,-0.0039149051776414,False,False,False,False
ENSG00000127824,TUBA4A,1,2,decreasing,-0.0024910053426132,False,False,False,False
ENSG00000127528,KLF2,1,1,decreasing,-0.0013786460655662,False,True,False,True
ENSG00000127054,INTS11,1,1,decreasing,-0.0049717525131417,False,False,False,False
ENSG00000126953,TIMM8A,1,2,decreasing,-0.003364952841104,False,False,False,False
ENSG00000126882,FAM78A,1,8,decreasing,-0.0007834989561252,False,False,False,False
ENSG00000126861,OMG,1,5,increasing,0.0013522929077553,False,False,False,False
ENSG00000126705,AHDC1,1,2,decreasing,-0.0027667463014036,False,False,False,False
ENSG00000126456,IRF3,1,5,increasing,0.0201324075999217,False,False,False,False
ENSG00000126106,TMEM53,1,5,decreasing,-0.0096974299706341,False,False,False,False
ENSG00000125910,S1PR4,1,2,decreasing,-0.0008332795227014,False,False,False,False
ENSG00000132600,PRMT7,1,1,decreasing,-0.001350155184176,False,False,False,False
ENSG00000125826,RBCK1,1,4,decreasing,-0.0045361943872152,False,False,False,False
ENSG00000125726,CD70,1,3,decreasing,-0.0008288344708265,False,True,True,False
ENSG00000125457,MIF4GD,1,2,increasing,0.0109488413565976,False,False,False,False
ENSG00000125454,SLC25A19,1,4,decreasing,-0.003301554105367,False,False,False,False
ENSG00000124596,OARD1,1,7,decreasing,-0.0139456935219365,False,False,False,False
ENSG00000124574,ABCC10,1,2,decreasing,-0.0008564702987138,False,False,False,False
ENSG00000124532,MRS2,1,7,increasing,0.0003560667376653,False,False,False,False
ENSG00000124380,SNRNP27,1,3,decreasing,-0.0034096425421661,False,False,False,False
ENSG00000124228,DDX27,1,3,decreasing,-0.0016749323387492,False,False,False,False
ENSG00000123838,C4BPA,1,1,decreasing,-0.0055185511971645,False,False,False,False
ENSG00000122786,CALD1,1,2,increasing,0.0780570362530742,False,False,False,False
ENSG00000128050,PAICS,1,3,decreasing,-0.0061234415488209,False,False,False,False
ENSG00000128609,NDUFA5,1,1,decreasing,-0.0014260743572902,False,False,False,False
ENSG00000128626,MRPS12,1,5,increasing,0.0616339934685436,False,False,False,False
ENSG00000129250,KIF1C,1,1,increasing,0.0050292475899192,False,False,False,False
ENSG00000132581,SDF2,1,2,decreasing,-0.0016721408245903,False,False,False,False
ENSG00000132406,TMEM128,1,2,increasing,0.1037911345839644,False,False,False,False
ENSG00000132313,MRPL35,1,5,increasing,0.1173712194342878,False,False,False,False
ENSG00000132254,ARFIP2,1,5,increasing,0.0232951851615157,False,False,False,False
ENSG00000132199,ENOSF1,1,9,decreasing,-0.0016764968949472,False,False,False,False
ENSG00000132017,DCAF15,1,2,decreasing,-0.000852557835245,False,False,False,False
ENSG00000131467,PSME3,1,6,increasing,0.0201216281290317,False,False,False,False
ENSG00000131437,KIF3A,1,3,increasing,0.0186326248542655,False,False,False,False
ENSG00000131351,HAUS8,1,2,decreasing,-0.0006914952512132,False,False,False,False
ENSG00000131203,IDO1,1,2,decreasing,-0.0094475578480151,False,False,False,False
ENSG00000131143,COX4I1,1,5,increasing,0.0013148163605091,False,False,False,False
ENSG00000131115,ZNF227,1,2,decreasing,-0.0016899222942075,False,False,False,False
ENSG00000131043,AAR2,1,2,decreasing,-0.0072748030948505,False,False,False,False
ENSG00000130881,LRP3,1,1,decreasing,-0.0554184158339482,False,False,False,False
ENSG00000130830,MPP1,1,6,decreasing,-0.0007602319407818,False,False,False,False
ENSG00000130827,PLXNA3,1,5,increasing,0.0036923634399881,False,False,False,False
ENSG00000130635,COL5A1,1,1,increasing,0.015520227806656,False,True,True,False
ENSG00000130518,IQCN,1,2,decreasing,-0.0066911243580983,False,False,False,False
ENSG00000130396,AFDN,1,2,decreasing,-0.0093698792453616,True,True,False,True
ENSG00000130305,NSUN5,1,2,increasing,0.0046320064578814,False,False,False,False
ENSG00000130255,RPL36,1,1,decreasing,-0.0070539374684058,False,False,False,False
ENSG00000130159,ECSIT,1,1,decreasing,-0.001350390654009,False,True,True,False
ENSG00000130005,GAMT,1,2,decreasing,-0.0008231576994388,False,False,False,False
ENSG00000140807,NKD1,1,1,increasing,0.0116656775002148,False,False,False,False
ENSG00000140829,DHX38,1,2,increasing,0.0696338736296627,False,False,False,False
ENSG00000140988,RPS2,1,1,decreasing,-0.0040260340498997,False,False,False,False
ENSG00000155974,GRIP1,1,4,decreasing,-0.0033439689075309,False,False,False,False
ENSG00000158805,ZNF276,1,6,increasing,0.0153953471191838,False,False,False,False
ENSG00000158555,GDPD5,1,2,increasing,0.0070720166544243,False,False,False,False
ENSG00000158246,TENT5B,1,1,decreasing,-0.0024990800895086,False,False,False,False
ENSG00000158234,FAIM,1,8,decreasing,-0.0012436722942628,False,False,False,False
ENSG00000157326,DHRS4,1,3,decreasing,-0.0008100611525517,False,False,False,False
ENSG00000157110,RBPMS,1,5,decreasing,-0.0141070467556027,False,False,False,False
ENSG00000156711,MAPK13,1,3,decreasing,-0.0008465819085919,False,False,False,False
ENSG00000156531,PHF6,1,7,decreasing,-0.000842994043207,True,True,False,True
ENSG00000156521,TYSND1,1,2,decreasing,-0.0024125142168869,False,False,False,False
ENSG00000156374,PCGF6,1,3,increasing,0.0177057113455026,False,False,False,False
ENSG00000156256,USP16,1,2,decreasing,-0.0027410548880005,False,False,False,False
ENSG00000155961,RAB39B,1,2,decreasing,-0.0007913861468508,False,False,False,False
ENSG00000154174,TOMM70,1,4,decreasing,-0.0008448011143391,False,False,False,False
ENSG00000155287,SLC25A28,1,2,decreasing,-0.0007968399878098,False,False,False,False
ENSG00000155189,AGPAT5,1,5,decreasing,-0.0077118635563611,False,False,False,False
ENSG00000155099,PIP4P2,1,14,decreasing,-0.0094015919097705,False,False,False,False
ENSG00000154889,MPPE1,1,2,increasing,0.0036312543664426,False,False,False,False
ENSG00000154760,SLFN13,1,2,decreasing,-0.0015967428662922,False,False,False,False
ENSG00000154743,TSEN2,1,2,increasing,0.0021910381746922,False,False,False,False
ENSG00000154553,PDLIM3,1,3,decreasing,-0.0032507624553498,False,False,False,False
ENSG00000154548,SRSF12,1,5,increasing,0.0923269065876793,False,False,False,False
ENSG00000154429,CCSAP,1,8,decreasing,-0.0016659913843741,False,False,False,False
ENSG00000154305,MIA3,1,9,decreasing,-0.0012967084197428,False,False,False,False
ENSG00000154265,ABCA5,1,3,decreasing,-0.0008147859455882,False,False,False,False
ENSG00000159339,PADI4,1,2,decreasing,-0.0025171793184712,False,False,False,False
ENSG00000159388,BTG2,1,6,increasing,0.0050799185687248,False,True,False,True
ENSG00000159596,TMEM69,1,2,decreasing,-0.0285159016676538,False,False,False,False
ENSG00000160188,RSPH1,1,1,decreasing,-0.0015870773712902,False,False,False,False
ENSG00000163607,GTPBP8,1,1,decreasing,-0.0052258515256024,False,False,False,False
ENSG00000163584,RPL22L1,1,3,increasing,0.0245625015018184,False,False,False,False
ENSG00000163541,SUCLG1,1,2,decreasing,-0.0016068060430242,False,False,False,False
ENSG00000163376,KBTBD8,1,2,decreasing,-0.0511417082223587,False,False,False,False
ENSG00000163141,BNIPL,1,6,increasing,0.021479842545977,False,False,False,False
ENSG00000162976,SLC66A3,1,14,decreasing,-0.0019271782400037,False,False,False,False
ENSG00000162961,DPY30,1,3,decreasing,-0.0231496142306519,False,False,False,False
ENSG00000162894,FCMR,1,2,increasing,0.0017516119582041,False,False,False,False
ENSG00000162813,BPNT1,1,6,increasing,0.0037284333081747,False,False,False,False
ENSG00000162739,SLAMF6,1,1,decreasing,-0.0014677186435197,False,False,False,False
ENSG00000162711,NLRP3,1,3,decreasing,-0.0026099816513787,False,False,False,False
ENSG00000162692,VCAM1,1,2,decreasing,-0.0066539155808786,False,False,False,False
ENSG00000162664,ZNF326,1,10,increasing,0.0816529117017738,False,False,False,False
ENSG00000162623,TYW3,1,3,decreasing,-0.0030231940045244,False,False,False,False
ENSG00000162402,USP24,1,15,decreasing,-0.0007582177509553,False,False,False,False
ENSG00000161835,GRASP,1,4,decreasing,-0.0248378491786306,False,False,False,False
ENSG00000161547,SRSF2,1,5,increasing,0.0088508480084153,True,True,False,False
ENSG00000160991,ORAI2,1,7,increasing,0.0041811587833174,False,False,False,False
ENSG00000160785,SLC25A44,1,5,increasing,0.059406205501314,False,False,False,False
ENSG00000160588,MPZL3,1,2,decreasing,-0.0027054112512081,False,False,False,False
ENSG00000160570,DEDD2,1,1,decreasing,-0.0040365070260653,False,False,False,False
ENSG00000160211,G6PD,1,6,decreasing,-0.0056680968767456,False,False,False,False
ENSG00000160200,CBS,1,5,decreasing,-0.0189037830501734,False,False,False,False
ENSG00000154222,CC2D1B,1,1,decreasing,-0.0049854411740278,False,False,False,False
ENSG00000152944,MED21,1,1,decreasing,-0.0050206866040512,False,False,False,False
ENSG00000141026,MED9,1,2,increasing,0.0090297975289922,False,False,False,False
ENSG00000143552,NUP210L,1,6,increasing,0.0013985143782957,False,False,False,False
ENSG00000146426,TIAM2,1,2,increasing,0.0098437773625124,False,False,False,False
ENSG00000146416,AIG1,1,3,decreasing,-0.0004805154627412,False,False,False,False
ENSG00000146263,MMS22L,1,3,decreasing,-0.0151536312516188,False,False,False,False
ENSG00000146223,RPL7L1,1,3,decreasing,-0.0015908774601855,False,False,False,False
ENSG00000145391,SETD7,1,2,increasing,0.0038355114324612,False,True,False,False
ENSG00000145022,TCTA,1,1,decreasing,-0.0504176718374186,False,False,False,False
ENSG00000144524,COPS7B,1,1,decreasing,-0.1435627191557078,False,False,False,False
ENSG00000144061,NPHP1,1,5,increasing,0.0137713437914856,False,False,False,False
ENSG00000143942,CHAC2,1,1,decreasing,-0.0824023422211941,False,False,False,False
ENSG00000143761,ARF1,1,2,decreasing,-0.0054268784330119,False,False,False,False
ENSG00000143742,SRP9,1,1,decreasing,-0.002697635799488,False,False,False,False
ENSG00000143515,ATP8B2,1,1,decreasing,-0.0027579316197068,False,False,False,False
ENSG00000152784,PRDM8,1,2,decreasing,-0.00465719621966,False,False,False,False
ENSG00000143476,DTL,1,3,decreasing,-0.003358608014297,False,False,False,False
ENSG00000143217,NECTIN4,1,1,increasing,0.0060454553867585,False,False,False,False
ENSG00000142945,KIF2C,1,2,decreasing,-0.0004185054477891,False,False,False,False
ENSG00000142794,NBPF3,1,1,increasing,0.0001559266151847,False,False,False,False
ENSG00000142675,CNKSR1,1,1,decreasing,-0.0060350364179448,False,False,False,False
ENSG00000142611,PRDM16,1,1,increasing,0.0451585948197265,True,False,False,False
ENSG00000142102,PGGHG,1,3,increasing,0.0160576584015796,False,False,False,False
ENSG00000142065,ZFP14,1,1,decreasing,-0.0026639371801783,False,False,False,False
ENSG00000141736,ERBB2,1,2,decreasing,-0.0098989835985847,True,True,True,False
ENSG00000141232,TOB1,1,1,decreasing,-0.0124344813346591,False,False,False,False
ENSG00000141179,PCTP,1,1,increasing,0.0227109366979053,False,False,False,False
ENSG00000146731,CCT6A,1,5,increasing,0.0026830288563787,False,False,False,False
ENSG00000147123,NDUFB11,1,2,decreasing,-0.0079259441741901,False,False,False,False
ENSG00000147475,ERLIN2,1,1,decreasing,-0.0118976545965233,False,False,False,False
ENSG00000147604,RPL7,1,1,decreasing,-0.0143540863575251,False,False,False,False
ENSG00000152642,GPD1L,1,6,increasing,0.001371023403062,False,False,False,False
ENSG00000151876,FBXO4,1,1,decreasing,-0.0151695056197653,False,False,False,False
ENSG00000151835,SACS,1,3,decreasing,-0.0034136929793165,False,False,False,False
ENSG00000151743,AMN1,1,6,increasing,0.0986054998825439,False,False,False,False
ENSG00000151729,SLC25A4,1,2,decreasing,-0.0016649425626867,False,False,False,False
ENSG00000151665,PIGF,1,7,increasing,0.0026120967094443,False,False,False,False
ENSG00000151632,AKR1C2,1,3,increasing,0.0139394738349773,False,False,False,False
ENSG00000151612,ZNF827,1,4,decreasing,-0.0008287976461756,False,False,False,False
ENSG00000151611,MMAA,1,2,decreasing,-0.0174579368075863,False,False,False,False
ENSG00000151292,CSNK1G3,1,8,increasing,0.0009938919309476,False,False,False,False
ENSG00000151012,SLC7A11,1,4,decreasing,-0.0008239906886285,False,False,False,False
ENSG00000150637,CD226,1,3,decreasing,-0.0008475757159109,False,False,False,False
ENSG00000149636,DSN1,1,2,decreasing,-0.0056548424691619,False,False,False,False
ENSG00000149476,TKFC,1,2,decreasing,-0.0016795519601483,False,False,False,False
ENSG00000148688,RPP30,1,1,decreasing,-0.0083276365241479,False,False,False,False
ENSG00000148498,PARD3,1,3,decreasing,-0.0027375993622681,False,False,False,False
ENSG00000148482,SLC39A12,1,5,increasing,0.0086466531033956,False,False,False,False
ENSG00000148426,PROSER2,1,2,increasing,0.0129465307898539,False,False,False,False
ENSG00000148335,NTMT1,1,6,increasing,0.0365219168212758,False,False,False,False
ENSG00000148296,SURF6,1,2,increasing,0.0064363381000601,False,False,False,False
ENSG00000148090,AUH,1,2,decreasing,-0.0210980540542732,False,False,False,False
ENSG00000147874,HAUS6,1,8,decreasing,-0.0017076121537366,False,False,False,False
ENSG00000147687,TATDN1,1,3,decreasing,-0.0050313002043161,False,False,False,False
ENSG00000122705,CLTA,1,2,decreasing,-0.002771910922935,False,False,False,False
ENSG00000122299,ZC3H7A,1,4,increasing,0.0264032691157626,False,False,False,False
ENSG00000090534,THPO,1,1,decreasing,-0.0087148917612915,False,False,False,False
ENSG00000078487,ZCWPW1,1,2,decreasing,-0.0164056464831825,False,False,False,False
ENSG00000082146,STRADB,1,3,decreasing,-0.0044712756268736,False,False,False,False
ENSG00000080823,MOK,1,1,increasing,0.0067434908693731,False,False,False,False
ENSG00000080822,CLDND1,1,4,increasing,0.0107427392700556,False,False,False,False
ENSG00000080200,CRYBG3,1,6,increasing,0.0044335848559695,False,False,False,False
ENSG00000080007,DDX43,1,2,decreasing,-0.0047252839569245,False,False,False,False
ENSG00000079974,RABL2B,1,2,decreasing,-0.0076322781021466,False,False,False,False
ENSG00000079462,PAFAH1B3,1,2,decreasing,-0.0007960640237922,False,False,False,False
ENSG00000079313,REXO1,1,2,decreasing,-0.0016904711326839,False,False,False,False
ENSG00000078902,TOLLIP,1,7,decreasing,-0.2822103377855263,False,False,False,False
ENSG00000078808,SDF4,1,1,decreasing,-0.0014751647187123,False,False,False,False
ENSG00000078668,VDAC3,1,1,increasing,0.0167211707279056,False,False,False,False
ENSG00000078061,ARAF,1,2,decreasing,-0.0083065116512173,False,True,True,False
ENSG00000083807,SLC27A5,1,1,decreasing,-0.0200029224254286,False,False,False,False
ENSG00000077984,CST7,1,2,decreasing,-0.0061831624023151,False,False,False,False
ENSG00000077348,EXOSC5,1,3,decreasing,-0.0113889496384923,False,False,False,False
ENSG00000077264,PAK3,1,2,decreasing,-0.0020211391033759,False,True,True,False
ENSG00000076604,TRAF4,1,2,decreasing,-0.0008517278686929,False,False,False,False
ENSG00000076053,RBM7,1,5,increasing,0.0104479821668639,False,False,False,False
ENSG00000075643,MOCOS,1,2,increasing,0.009905343043027,False,False,False,False
ENSG00000075618,FSCN1,1,2,decreasing,-0.0593881394676897,False,False,False,False
ENSG00000075336,TIMM21,1,3,decreasing,-0.0609859106772797,False,False,False,False
ENSG00000073861,TBX21,1,2,decreasing,-0.0008374411209485,False,False,False,False
ENSG00000073756,PTGS2,1,1,increasing,0.0191885701769194,False,False,False,False
ENSG00000073350,LLGL2,1,3,decreasing,-0.0063637115996521,False,False,False,False
ENSG00000082213,C5orf22,1,3,decreasing,-0.0095494078169944,False,False,False,False
ENSG00000083845,RPS5,1,7,increasing,0.0045165401171715,False,False,False,False
ENSG00000122126,OCRL,1,5,increasing,0.0510610584618765,False,False,False,False
ENSG00000090382,LYZ,1,2,decreasing,-0.0485988122673732,False,False,False,False
ENSG00000099795,NDUFB7,1,6,increasing,0.0013100546439717,False,False,False,False
ENSG00000099381,SETD1A,1,2,decreasing,-0.0008289919153404,False,True,True,False
ENSG00000099282,TSPAN15,1,9,decreasing,-0.0567728980330538,False,False,False,False
ENSG00000096401,CDC5L,1,2,decreasing,-0.0032011153753422,False,False,False,False
ENSG00000096384,HSP90AB1,1,1,increasing,0.0118940088802576,True,False,False,False
ENSG00000096080,MRPS18A,1,2,decreasing,-0.0016509728701173,False,False,False,False
ENSG00000096070,BRPF3,1,1,decreasing,-0.0027962636911952,False,False,False,False
ENSG00000094916,CBX5,1,5,increasing,0.0076136247412467,False,False,False,False
ENSG00000092148,HECTD1,1,5,decreasing,-0.007397177934828,False,False,False,False
ENSG00000091164,TXNL1,1,4,decreasing,-0.0006713011137108,False,False,False,False
ENSG00000090924,PLEKHG2,1,7,decreasing,-0.0099370202320568,False,False,False,False
ENSG00000089597,GANAB,1,5,increasing,0.0012949307028114,False,False,False,False
ENSG00000084693,AGBL5,1,2,decreasing,-0.0407043959449245,False,False,False,False
ENSG00000089486,CDIP1,1,2,decreasing,-0.0032757219287587,False,False,False,False
ENSG00000089050,RBBP9,1,2,decreasing,-0.0119403410724148,False,False,False,False
ENSG00000088992,TESC,1,4,decreasing,-0.0047844069130326,False,False,False,False
ENSG00000088854,C20orf194,1,9,decreasing,-0.0033506818713378,False,False,False,False
ENSG00000088038,CNOT3,1,2,increasing,0.0404002303482593,True,False,False,False
ENSG00000087258,GNAO1,1,3,decreasing,-0.0008598083129656,False,False,False,False
ENSG00000087253,LPCAT2,1,6,increasing,0.006374867087846,False,False,False,False
ENSG00000087191,PSMC5,1,3,decreasing,-0.0023830423268892,False,False,False,False
ENSG00000086504,MRPL28,1,3,decreasing,-0.0008111759172699,False,False,False,False
ENSG00000085978,ATG16L1,1,2,increasing,0.1896511695287892,False,False,False,False
ENSG00000085265,FCN1,1,3,decreasing,-0.0016260087114377,False,False,False,False
ENSG00000072210,ALDH3A2,1,5,decreasing,-0.0020769201302963,False,False,False,False
ENSG00000072135,PTPN18,1,2,increasing,0.029133615954564,False,False,False,False
ENSG00000072062,PRKACA,1,4,decreasing,-0.004092373903463,True,True,True,False
ENSG00000013288,MAN2B2,1,1,decreasing,-0.0014517625530139,False,False,False,False
ENSG00000042980,ADAM28,1,3,decreasing,-0.0079665291269305,False,False,False,False
ENSG00000038274,MAT2B,1,1,decreasing,-0.014392554761184,False,False,False,False
ENSG00000036448,MYOM2,1,1,decreasing,-0.0092999097865089,False,False,False,False
ENSG00000035928,RFC1,1,5,increasing,0.0563489286255264,False,False,False,False
ENSG00000034533,ASTE1,1,3,decreasing,-0.0093013029549107,False,False,False,False
ENSG00000025039,RRAGD,1,6,increasing,0.0102650744696026,False,False,False,False
ENSG00000023608,SNAPC1,1,3,decreasing,-0.001399653730042,False,False,False,False
ENSG00000023191,RNH1,1,5,increasing,0.0028304362565053,False,False,False,False
ENSG00000018510,AGPS,1,4,increasing,0.3204404884017442,False,False,False,False
ENSG00000016402,IL20RA,1,6,increasing,0.0107987763607075,False,False,False,False
ENSG00000013619,MAMLD1,1,8,decreasing,-0.0033945359501552,False,False,False,False
ENSG00000010610,CD4,1,2,decreasing,-0.0013763414965171,False,False,False,False
ENSG00000069248,NUP133,1,5,decreasing,-0.0007945230291243,False,False,False,False
ENSG00000010310,GIPR,1,2,decreasing,-0.0008308744370528,False,False,False,False
ENSG00000010219,DYRK4,1,1,decreasing,-0.0156495906388227,False,False,False,False
ENSG00000010072,SPRTN,1,3,decreasing,-0.0058837239345617,False,True,False,True
ENSG00000009844,VTA1,1,4,decreasing,-0.0018957389184605,False,False,False,False
ENSG00000008988,RPS20,1,5,increasing,0.0077518854101208,False,False,False,False
ENSG00000008323,PLEKHG6,1,5,increasing,0.0034774368242249,False,False,False,False
ENSG00000008018,PSMB1,1,2,decreasing,-0.0016619510739923,False,False,False,False
ENSG00000006453,BAIAP2L1,1,7,increasing,0.024161668920878,False,False,False,False
ENSG00000005882,PDK2,1,5,decreasing,-0.0272488671003225,False,False,False,False
ENSG00000005022,SLC25A5,1,2,decreasing,-0.0008046726244006,False,False,False,False
ENSG00000004700,RECQL,1,3,decreasing,-0.0146746387940958,False,True,False,True
ENSG00000047315,POLR2B,1,4,decreasing,-0.0200599866840666,False,False,False,False
ENSG00000047579,DTNBP1,1,3,decreasing,-0.0016810901831442,False,False,False,False
ENSG00000049768,FOXP3,1,2,decreasing,-0.0150324581927971,False,False,False,False
ENSG00000050393,MCUR1,1,4,increasing,0.0515292642571056,False,False,False,False
ENSG00000068400,GRIPAP1,1,16,increasing,0.0575720299389894,False,False,False,False
ENSG00000068097,HEATR6,1,2,decreasing,-0.0008289333335343,False,False,False,False
ENSG00000067082,KLF6,1,3,decreasing,-0.0022756064690968,True,False,False,False
ENSG00000066117,SMARCD1,1,1,increasing,0.0079732979545697,False,True,False,False
ENSG00000065911,MTHFD2,1,2,increasing,0.0300151170583238,False,True,True,False
ENSG00000065600,PACC1,1,2,decreasing,-0.0135968725323547,False,False,False,False
ENSG00000064995,TAF11,1,3,decreasing,-0.0016547366646914,False,False,False,False
ENSG00000064933,PMS1,1,3,decreasing,-0.0031507653725337,False,True,False,True
ENSG00000064886,CHI3L2,1,6,increasing,0.0556935560357437,False,False,False,False
ENSG00000064547,LPAR2,1,4,decreasing,-0.0041924007798352,False,False,False,False
ENSG00000064490,RFXANK,1,2,decreasing,-0.0056043496200292,False,False,False,False
ENSG00000062582,MRPS24,1,2,decreasing,-0.0007596058351877,False,False,False,False
ENSG00000061676,NCKAP1,1,2,decreasing,-0.2052208405274037,False,False,False,False
ENSG00000060688,SNRNP40,1,6,increasing,0.0179493563223417,False,False,False,False
ENSG00000059588,TARBP1,1,1,decreasing,-0.0089332426063075,False,False,False,False
ENSG00000059145,UNKL,1,5,decreasing,-0.0031018297068834,False,False,False,False
ENSG00000058729,RIOK2,1,1,decreasing,-0.0084991881121589,False,True,True,False
ENSG00000058056,USP13,1,6,increasing,0.0213748429552576,False,False,False,False
ENSG00000054392,HHAT,1,1,decreasing,-0.0013886508482184,False,False,False,False
ENSG00000052126,PLEKHA5,1,5,increasing,0.002326393016581,False,False,False,False
ENSG00000051620,HEBP2,1,2,decreasing,-0.0136312080756207,False,False,False,False
ENSG00000050730,TNIP3,1,2,increasing,0.0334910519672738,False,False,False,False
ENSG00000050405,LIMA1,1,8,increasing,0.0119086318015958,False,False,False,False
ENSG00000099999,RNF215,1,1,increasing,0.0988600034544617,False,False,False,False
ENSG00000100055,CYTH4,1,1,increasing,0.0051846444478436,False,False,False,False
ENSG00000100150,DEPDC5,1,2,increasing,0.0270171273461247,False,False,False,False
ENSG00000113070,HBEGF,1,2,increasing,0.0203935227407467,False,False,False,False
ENSG00000115758,ODC1,1,6,increasing,0.0098432015989052,False,False,False,False
ENSG00000115648,MLPH,1,1,increasing,0.0224757317238529,False,False,False,False
ENSG00000115523,GNLY,1,3,decreasing,-0.0016341036443312,False,False,False,False
ENSG00000115368,WDR75,1,3,decreasing,-0.0008465591176206,False,False,False,False
ENSG00000115350,POLE4,1,6,increasing,0.0064542863539887,False,False,False,False
ENSG00000115138,POMC,1,1,decreasing,-0.0071839439010115,False,False,False,False
ENSG00000114473,IQCG,1,5,decreasing,-0.0063590445671487,False,False,False,False
ENSG00000114383,TUSC2,1,1,decreasing,-0.0145845337057894,False,False,False,False
ENSG00000113812,ACTR8,1,1,decreasing,-0.0478058622414926,False,False,False,False
ENSG00000113504,SLC12A7,1,6,increasing,0.0828046530047791,False,False,False,False
ENSG00000113161,HMGCR,1,6,decreasing,-0.0882815384692741,False,False,False,False
ENSG00000112592,TBP,1,2,decreasing,-0.0039674467266069,False,False,False,False
ENSG00000110921,MVK,1,4,increasing,0.1762248544412802,False,False,False,False
ENSG00000112308,C6orf62,1,2,increasing,0.0053174034491691,False,False,False,False
ENSG00000112245,PTP4A1,1,3,decreasing,-0.0046708626765434,False,True,False,False
ENSG00000112167,SAYSD1,1,5,increasing,0.0835721867650031,False,False,False,False
ENSG00000112062,MAPK14,1,4,decreasing,-0.0016546941415262,False,False,False,False
ENSG00000112031,MTRF1L,1,8,decreasing,-0.000817022639693,False,False,False,False
ENSG00000112029,FBXO5,1,2,decreasing,-0.002440962401057,False,False,False,False
ENSG00000111875,ASF1A,1,2,decreasing,-0.0017332544071761,False,False,False,False
ENSG00000111796,KLRB1,1,2,decreasing,-0.0121184076687979,False,False,False,False
ENSG00000111676,ATN1,1,4,decreasing,-0.0007997364184305,False,False,False,False
ENSG00000111644,ACRBP,1,14,decreasing,-0.0024955199364312,False,False,False,False
ENSG00000111530,CAND1,1,4,decreasing,-0.0025006135572809,False,False,False,False
ENSG00000115827,DCAF17,1,2,decreasing,-0.0012856927518685,False,False,False,False
ENSG00000115902,SLC1A4,1,2,increasing,0.0254129761169716,False,False,False,False
ENSG00000116017,ARID3A,1,3,decreasing,-0.0008467999001052,False,True,False,True
ENSG00000116574,RHOU,1,5,increasing,0.0026074869778224,False,False,False,False
ENSG00000121858,TNFSF10,1,7,decreasing,-0.0037050902102961,False,False,False,False
ENSG00000121577,POPDC2,1,2,decreasing,-0.0015751450099413,False,False,False,False
ENSG00000120942,UBIAD1,1,3,decreasing,-0.0042943468783428,False,False,False,False
ENSG00000120885,CLU,1,3,decreasing,-0.0029225087997675,False,False,False,False
ENSG00000120860,WASHC3,1,1,increasing,0.0171646071530361,False,False,False,False
ENSG00000120832,MTERF2,1,1,decreasing,-0.0181951794947454,False,False,False,False
ENSG00000120738,EGR1,1,2,increasing,0.0388957770198659,False,True,False,True
ENSG00000120694,HSPH1,1,7,increasing,0.0630821634985617,False,False,False,False
ENSG00000120656,TAF12,1,6,increasing,0.001396410105755,False,False,False,False
ENSG00000119979,DENND10,1,2,decreasing,-0.0038048025340947,False,False,False,False
ENSG00000119929,CUTC,1,1,decreasing,-0.0038111779711567,False,False,False,False
ENSG00000119900,OGFRL1,1,8,decreasing,-0.0049409953478856,False,False,False,False
ENSG00000119888,EPCAM,1,2,increasing,0.0048684826681818,False,True,True,False
ENSG00000119682,AREL1,1,5,decreasing,-0.0008353824010867,False,False,False,False
ENSG00000119414,PPP6C,1,9,decreasing,-0.0013510238788624,True,True,False,True
ENSG00000119411,BSPRY,1,1,decreasing,-0.0305342712741462,False,False,False,False
ENSG00000119041,GTF3C3,1,3,decreasing,-0.004536530104013,False,False,False,False
ENSG00000118496,FBXO30,1,5,increasing,0.0182912189748387,False,False,False,False
ENSG00000117862,TXNDC12,1,7,decreasing,-0.0025315943574471,False,False,False,False
ENSG00000117450,PRDX1,1,3,decreasing,-0.0008582799261331,False,False,False,False
ENSG00000117155,SSX2IP,1,2,decreasing,-0.008666268409949,False,False,False,False
ENSG00000116903,EXOC8,1,2,increasing,0.0115701357114846,False,False,False,False
ENSG00000116580,GON4L,1,7,decreasing,-0.0199523192194544,False,False,False,False
ENSG00000111325,OGFOD2,1,1,decreasing,-0.0652861794863312,False,False,False,False
ENSG00000110841,PPFIBP1,1,16,decreasing,-0.0030177128965389,True,False,False,False
ENSG00000100292,HMOX1,1,2,decreasing,-0.0008283580183186,False,False,False,False
ENSG00000102245,CD40LG,1,3,decreasing,-0.0026538440137232,False,False,False,False
ENSG00000104081,BMF,1,2,decreasing,-0.0008390163442292,False,False,False,False
ENSG00000103275,UBE2I,1,10,decreasing,-0.004713721165982,False,False,False,False
ENSG00000103274,NUBP1,1,7,increasing,0.0079360778572932,False,False,False,False
ENSG00000103196,CRISPLD2,1,2,increasing,0.0511890071244478,False,False,False,False
ENSG00000103035,PSMD7,1,1,decreasing,-0.0100760433720919,False,False,False,False
ENSG00000102984,ZNF821,1,2,decreasing,-0.0089757612170547,False,False,False,False
ENSG00000102970,CCL17,1,2,decreasing,-0.0008218656572526,False,False,False,False
ENSG00000102805,CLN5,1,8,decreasing,-0.0008519083533099,False,False,False,False
ENSG00000102317,RBM3,1,6,decreasing,-0.0066043601487385,False,False,False,False
ENSG00000102309,PIN4,1,3,decreasing,-0.0203336765199492,False,False,False,False
ENSG00000102265,TIMP1,1,2,increasing,0.0548494958686566,False,False,False,False
ENSG00000101654,RNMT,1,8,decreasing,-0.0470776579086302,False,False,False,False
ENSG00000110619,CARS1,1,6,increasing,0.0202028280015425,True,True,False,False
ENSG00000101440,ASIP,1,2,decreasing,-0.0016635524644739,False,False,False,False
ENSG00000101417,PXMP4,1,1,increasing,0.0237662689271521,False,False,False,False
ENSG00000101361,NOP56,1,6,decreasing,-0.0254795862959334,False,False,False,False
ENSG00000101343,CRNKL1,1,2,increasing,0.0076483589268356,False,False,False,False
ENSG00000101216,GMEB2,1,5,decreasing,-0.0160924096222387,False,False,False,False
ENSG00000100934,SEC23A,1,8,decreasing,-0.0644636350065588,False,False,False,False
ENSG00000100612,DHRS7,1,2,decreasing,-0.0004640754043541,False,False,False,False
ENSG00000100578,KIAA0586,1,14,decreasing,-0.0019683680413625,False,False,False,False
ENSG00000100519,PSMC6,1,3,decreasing,-0.0057367453774856,False,False,False,False
ENSG00000100473,COCH,1,2,decreasing,-0.0024889151243017,False,False,False,False
ENSG00000100294,MCAT,1,5,increasing,0.0377044717017228,False,False,False,False
ENSG00000104331,IMPAD1,1,4,decreasing,-0.0016612096932339,False,False,False,False
ENSG00000104442,ARMC1,1,1,decreasing,-0.0282880456693595,False,False,False,False
ENSG00000104611,SH2D4A,1,7,decreasing,-0.0176304664486393,False,False,False,False
ENSG00000104870,FCGRT,1,5,increasing,0.0417735658959282,False,False,False,False
ENSG00000110002,VWA5A,1,6,increasing,0.0934551693838815,False,False,False,False
ENSG00000109971,HSPA8,1,3,decreasing,-0.0025275439269731,False,False,False,False
ENSG00000109618,SEPSECS,1,2,increasing,0.0013333001216052,False,False,False,False
ENSG00000109586,GALNT7,1,9,decreasing,-0.0008338607140586,False,False,False,False
ENSG00000109065,NAT9,1,1,decreasing,-0.020425683121985,False,False,False,False
ENSG00000108591,DRG2,1,1,decreasing,-0.0025009284625873,False,False,False,False
ENSG00000108439,PNPO,1,5,increasing,0.0065942770241045,False,False,False,False
ENSG00000108106,UBE2S,1,2,increasing,0.0103852533176774,False,False,False,False
ENSG00000107798,LIPA,1,8,decreasing,-0.0013472480056913,False,False,False,False
ENSG00000107560,RAB11FIP2,1,7,decreasing,-0.000713792832745,False,False,False,False
ENSG00000107485,GATA3,1,1,decreasing,-0.0014946685146554,True,True,False,False
ENSG00000107438,PDLIM1,1,6,increasing,0.0041794857614571,False,False,False,False
ENSG00000106636,YKT6,1,2,decreasing,-0.0033170978599421,False,False,False,False
ENSG00000106460,TMEM106B,1,4,decreasing,-0.0073997630253167,False,False,False,False
ENSG00000106366,SERPINE1,1,6,increasing,0.0013442562600525,False,False,False,False
ENSG00000106144,CASP2,1,2,increasing,0.0060876957168156,False,False,False,False
ENSG00000105974,CAV1,1,1,decreasing,-0.0243498783731433,False,True,False,False
ENSG00000105771,SMG9,1,9,decreasing,-0.0008492969469616,False,False,False,False
ENSG00000105705,SUGP1,1,2,decreasing,-0.002556246647115,False,False,False,False
ENSG00000105516,DBP,1,2,decreasing,-0.0032138263134926,False,False,False,False
ENSG00000105325,FZR1,1,1,decreasing,-0.0030002009039022,False,True,False,False
ENSG00000105254,TBCB,1,5,increasing,0.0116038188747786,False,False,False,False
ENSG00000104946,TBC1D17,1,6,increasing,0.0013014563931921,False,False,False,False
ENSG00000163682,RPL9,1,2,decreasing,-0.0062443122792053,False,False,False,False
ENSG00000163684,RPP14,1,1,increasing,0.0073968030391597,False,False,False,False
ENSG00000163686,ABHD6,1,1,increasing,0.0053208304183037,False,False,False,False
ENSG00000136522,MRPL47,1,5,decreasing,-0.0027181820192217,False,False,False,False
ENSG00000167863,ATP5PD,1,5,decreasing,-0.0037918692201972,False,False,False,False
ENSG00000166896,ATP23,1,6,decreasing,-0.0034000175801625,False,False,False,False
ENSG00000166592,RRAD,1,5,decreasing,-0.0022627712609984,False,False,False,False
ENSG00000166479,TMX3,1,7,decreasing,-0.0013346509961431,False,False,False,False
ENSG00000165175,MID1IP1,1,5,decreasing,-0.0024607469838927,False,False,False,False
ENSG00000163468,CCT3,1,9,decreasing,-0.0028258965578008,False,False,False,False
ENSG00000152433,ZNF547,1,5,decreasing,-0.0300001286899547,False,False,False,False
ENSG00000149806,FAU,1,5,decreasing,-0.0006409438560145,False,False,False,False
ENSG00000146374,RSPO3,1,5,decreasing,-0.0046715656360639,True,True,True,False
ENSG00000145555,MYO10,1,7,decreasing,-0.0020164145667065,False,False,False,False
ENSG00000143382,ADAMTSL4,1,6,decreasing,-0.002461333078815,False,False,False,False
ENSG00000135917,SLC19A3,1,5,decreasing,-0.0034556675387377,False,False,False,False
ENSG00000171466,ZNF562,1,8,decreasing,-0.0148855197918469,False,False,False,False
ENSG00000134186,PRPF38B,1,5,decreasing,-0.0065447735481865,False,False,False,False
ENSG00000131165,CHMP1A,1,5,decreasing,-0.0025699363460361,False,False,False,False
ENSG00000129682,FGF13,1,6,decreasing,-0.0009996648334117,False,False,False,False
ENSG00000129235,TXNDC17,1,6,decreasing,-0.0208984886793222,False,False,False,False
ENSG00000128039,SRD5A3,1,7,decreasing,-0.0048838389509373,False,False,False,False
ENSG00000117308,GALE,1,5,decreasing,-0.0107080051352313,False,False,False,False
ENSG00000116954,RRAGC,1,6,decreasing,-0.0051909726922808,False,True,True,False
ENSG00000116199,FAM20B,1,5,decreasing,-0.0035770724239427,False,False,False,False
ENSG00000106609,TMEM248,1,6,decreasing,-0.005543084748784,False,False,False,False
ENSG00000103363,ELOB,1,5,decreasing,-0.0100415294046699,False,False,False,False
ENSG00000100568,VTI1B,1,17,decreasing,-0.0011399749440413,False,False,False,False
ENSG00000168938,PPIC,1,6,decreasing,-0.0020158295514516,False,False,False,False
ENSG00000171813,PWWP2B,1,6,decreasing,-0.0045111419521935,False,False,False,False
ENSG00000163806,SPDYA,1,3,decreasing,-0.002403904574049,False,False,False,False
ENSG00000242247,ARFGAP3,1,9,decreasing,-0.002760989114078,False,False,False,False
ENSG00000007255,TRAPPC6A,1,1,decreasing,-0.0049193823799733,False,False,False,False
ENSG00000005961,ITGA2B,1,1,decreasing,-0.0083746863402008,False,False,False,False
ENSG00000005469,CROT,1,1,decreasing,-0.0132623964860358,False,False,False,False
ENSG00000004766,VPS50,1,1,decreasing,-0.1094214829500374,False,False,False,False
ENSG00000004660,CAMKK1,1,2,decreasing,-0.0029853899836206,False,False,False,False
ENSG00000004142,POLDIP2,1,1,decreasing,-0.0057887607625468,False,False,False,False
ENSG00000003989,SLC7A2,1,1,decreasing,-0.0045405100786547,False,False,False,False
ENSG00000003987,MTMR7,1,1,decreasing,-0.0047172871378688,False,False,False,False
ENSG00000003147,ICA1,1,4,increasing,0.0133701921038854,False,False,False,False
ENSG00000002919,SNX11,1,1,decreasing,-0.0113501830634758,False,False,False,False
ENSG00000262560,AC018512.1,1,5,decreasing,-0.0010744565065614,False,False,False,False
ENSG00000235109,ZSCAN31,1,6,decreasing,-0.005440021805354,False,False,False,False
ENSG00000173145,NOC3L,1,6,decreasing,-0.003929483528483,False,False,False,False
ENSG00000214941,ZSWIM7,1,14,decreasing,-0.0020642748485473,False,False,False,False
ENSG00000213799,ZNF845,1,5,decreasing,-0.0014938946083027,False,False,False,False
ENSG00000205476,CCDC85C,1,5,decreasing,-0.0012783631870807,False,False,False,False
ENSG00000198805,PNP,1,5,decreasing,-0.0018166290284839,False,False,False,False
ENSG00000198373,WWP2,1,7,decreasing,-0.0003856301823773,False,False,False,False
ENSG00000197296,FITM2,1,5,decreasing,-0.0028940191949408,False,False,False,False
ENSG00000188959,C9orf152,1,6,decreasing,-0.0012374576640744,False,False,False,False
ENSG00000187824,TMEM220,1,5,decreasing,-0.0014995589415959,False,False,False,False
ENSG00000183914,DNAH2,1,5,decreasing,-0.000791863254255,False,False,False,False
ENSG00000177666,PNPLA2,1,5,decreasing,-0.017308492401442,False,False,False,False
ENSG00000174227,PIGG,1,8,decreasing,-0.0064820564752358,False,False,False,False
ENSG00000100100,PIK3IP1,1,7,decreasing,-0.0046100967951536,False,False,False,False
ENSG00000099875,MKNK2,1,5,decreasing,-0.0077032449497995,False,False,False,False
ENSG00000091527,CDV3,1,8,decreasing,-0.0026744439481557,False,False,False,False
ENSG00000221926,TRIM16,1,1,increasing,0.0540371674190586,False,False,False,False
ENSG00000254685,FPGT,1,1,decreasing,-0.0044393897865472,False,False,False,False
ENSG00000251537,AC005324.3,1,5,increasing,0.0021282482082612,False,False,False,False
ENSG00000243156,MICAL3,1,4,decreasing,-0.0024653837905819,False,False,False,False
ENSG00000243147,MRPL33,1,3,decreasing,-0.0047466422199701,False,False,False,False
ENSG00000242574,HLA-DMB,1,1,decreasing,-0.0039681776918405,False,False,False,False
ENSG00000239920,AC104389.5,1,7,increasing,0.0316020269417672,False,False,False,False
ENSG00000236699,ARHGEF38,1,2,decreasing,-0.0212792584289273,False,False,False,False
ENSG00000234745,HLA-B,1,5,increasing,0.0024980322413825,False,True,False,True
ENSG00000233822,H2BC15,1,8,increasing,0.0028146102249559,False,False,False,False
ENSG00000225921,NOL7,1,3,decreasing,-0.0024625967168919,False,False,False,False
ENSG00000223501,VPS52,1,5,increasing,0.0040898403043624,False,False,False,False
ENSG00000221923,ZNF880,1,4,decreasing,-0.0125571396125938,False,False,False,False
ENSG00000077458,FAM76B,1,5,decreasing,-0.0124919903127405,False,False,False,False
ENSG00000219200,RNASEK,1,2,decreasing,-0.0045770668016077,False,False,False,False
ENSG00000215021,PHB2,1,2,decreasing,-0.0054083604280253,False,False,False,False
ENSG00000214517,PPME1,1,2,decreasing,-0.0038718196521797,False,False,False,False
ENSG00000213906,LTB4R2,1,2,decreasing,-0.000816450345836,False,False,False,False
ENSG00000213853,EMP2,1,4,decreasing,-0.0025016011518321,False,False,False,False
ENSG00000213625,LEPROT,1,3,decreasing,-0.0105725195007851,False,False,False,False
ENSG00000213551,DNAJC9,1,7,decreasing,-0.0063381194944467,False,False,False,False
ENSG00000213398,LCAT,1,1,decreasing,-0.006433113551919,False,False,False,False
ENSG00000206503,HLA-A,1,7,decreasing,-0.0080268584365144,True,True,False,True
ENSG00000205903,ZNF316,1,2,decreasing,-0.0308276116897013,False,False,False,False
ENSG00000205707,ETFRF1,1,3,increasing,0.0134004479082609,False,False,False,False
ENSG00000255339,AL133352.1,1,2,decreasing,-0.0016451910025043,False,False,False,False
ENSG00000256235,SMIM3,1,1,decreasing,-0.0027432169216738,False,False,False,False
ENSG00000256646,AC010132.3,1,3,increasing,0.013679654202577,False,False,False,False
ENSG00000256771,ZNF253,1,4,decreasing,-0.0193647101659118,False,False,False,False
ENSG00000012124,CD22,1,5,decreasing,-0.0102401757140112,False,True,False,False
ENSG00000011201,ANOS1,1,6,decreasing,-0.0025210888698669,False,False,False,False
ENSG00000288550,AC018809.3,1,1,decreasing,-0.0026463683727573,False,False,False,False
ENSG00000286905,AC108488.2,1,5,increasing,0.002571888394937,False,False,False,False
ENSG00000286112,AL441992.3,1,1,decreasing,-0.0026797854386687,False,False,False,False
ENSG00000285942,AC018362.3,1,3,increasing,0.0158648556736719,False,False,False,False
ENSG00000285171,AL590764.2,1,1,decreasing,-0.0718851678752769,False,False,False,False
ENSG00000284969,AL049629.2,1,6,increasing,0.012480256999392,False,False,False,False
ENSG00000283288,SMIM33,1,5,increasing,0.0209943591401246,False,False,False,False
ENSG00000281887,GIMAP1-GIMAP5,1,1,decreasing,-0.0071566189937112,False,False,False,False
ENSG00000281593,AC006978.2,1,9,decreasing,-0.0025529362147834,False,False,False,False
ENSG00000275111,ZNF2,1,2,decreasing,-0.0008495642794332,False,False,False,False
ENSG00000272968,RBAK-RBAKDN,1,7,increasing,0.0082399959097213,False,False,False,False
ENSG00000272325,NUDT3,1,24,decreasing,-0.000753886719161,False,False,False,False
ENSG00000269476,AC010326.3,1,6,decreasing,-0.0077605880693834,False,False,False,False
ENSG00000267740,AC024592.3,1,1,decreasing,-0.0233621670244988,False,False,False,False
ENSG00000267140,AC007998.2,1,2,decreasing,-0.0008467350004886,False,False,False,False
ENSG00000266967,AARSD1,1,2,decreasing,-0.0046456712587086,False,False,False,False
ENSG00000265808,SEC22B,1,1,decreasing,-0.0649678721309481,False,False,False,False
ENSG00000263528,IKBKE,1,2,decreasing,-0.0021183481357691,False,True,True,False
ENSG00000260851,AC010542.3,1,5,increasing,0.036988015946244,False,False,False,False
ENSG00000258653,AC005520.3,1,4,decreasing,-0.0008282730689065,False,False,False,False
ENSG00000256977,LIMS3,1,2,decreasing,-0.0023912623090057,False,False,False,False
ENSG00000007264,MATK,1,1,decreasing,-0.0007349279324459,False,False,False,False
ENSG00000007350,TKTL1,1,1,decreasing,-0.0081658823455506,False,False,False,False
ENSG00000007944,MYLIP,1,3,decreasing,-0.0029419553796055,False,False,False,False
ENSG00000075218,GTSE1,1,1,decreasing,-0.0086347325144856,False,False,False,False
ENSG00000081041,CXCL2,1,2,increasing,0.011807611583275,False,False,False,False
ENSG00000080224,EPHA6,1,1,decreasing,-0.0046656534149765,False,False,False,False
ENSG00000079691,CARMIL1,1,3,decreasing,-0.057395727429486,False,False,False,False
ENSG00000079156,OSBPL6,1,1,decreasing,-0.0040279269255889,False,False,False,False
ENSG00000077943,ITGA8,1,1,decreasing,-0.0351107261333405,False,False,False,False
ENSG00000077380,DYNC1I2,1,4,decreasing,-0.0044011924712105,False,False,False,False
ENSG00000077232,DNAJC10,1,2,increasing,0.0091096837828511,False,False,False,False
ENSG00000077097,TOP2B,1,2,increasing,0.0022350652530818,False,False,False,False
ENSG00000076248,UNG,1,1,increasing,0.0021624518753401,False,False,False,False
ENSG00000075240,GRAMD4,1,3,decreasing,-0.0034974710297835,False,False,False,False
ENSG00000075234,TTC38,1,1,decreasing,-0.0053775622542643,False,False,False,False
ENSG00000074935,TUBE1,1,1,decreasing,-0.0013032129110671,False,False,False,False
ENSG00000070269,TMEM260,1,7,decreasing,-0.0019229007156319,False,False,False,False
ENSG00000074590,NUAK1,1,1,decreasing,-0.0046451766610361,False,False,False,False
ENSG00000074276,CDHR2,1,1,decreasing,-0.0046871229844742,False,False,False,False
ENSG00000074219,TEAD2,1,1,increasing,0.002079153023332,False,False,False,False
ENSG00000073792,IGF2BP2,1,2,decreasing,-0.0080946274932673,False,False,False,False
ENSG00000073050,XRCC1,1,1,decreasing,-0.0082568032092233,False,True,False,True
ENSG00000072958,AP1M1,1,1,decreasing,-0.0048441272767316,False,False,False,False
ENSG00000072756,TRNT1,1,3,decreasing,-0.0573730336502414,False,False,False,False
ENSG00000072163,LIMS2,1,1,decreasing,-0.0055587695232102,False,False,False,False
ENSG00000070950,RAD18,1,1,decreasing,-0.0113652513755799,False,False,False,False
ENSG00000070778,PTPN21,1,1,decreasing,-0.0012412840524128,False,False,False,False
ENSG00000070761,CFAP20,1,1,decreasing,-0.0235302989747449,False,False,False,False
ENSG00000081052,COL4A4,1,2,decreasing,-0.0103962552462075,False,False,False,False
ENSG00000081138,CDH7,1,1,decreasing,-0.0173984969267174,False,False,False,False
ENSG00000081386,ZNF510,1,1,increasing,0.025945562039169,False,False,False,False
ENSG00000083123,BCKDHB,1,3,decreasing,-0.0056632117230197,False,False,False,False
ENSG00000090530,P3H2,1,1,decreasing,-0.0029738088775586,False,False,False,False
ENSG00000090238,YPEL3,1,1,increasing,0.0343300764276708,False,False,False,False
ENSG00000090104,RGS1,1,2,increasing,0.0022311889598469,False,False,False,False
ENSG00000090054,SPTLC1,1,2,decreasing,-0.0353231899648011,False,False,False,False
ENSG00000089009,RPL6,1,1,decreasing,-0.0027054593429714,False,False,False,False
ENSG00000088986,DYNLL1,1,1,decreasing,-0.0046462348829918,False,False,False,False
ENSG00000088970,KIZ,1,4,decreasing,-0.0029692735996578,False,False,False,False
ENSG00000088538,DOCK3,1,2,decreasing,-0.0024418241291878,False,False,False,False
ENSG00000088451,TGDS,1,2,decreasing,-0.0028169609492001,False,False,False,False
ENSG00000088298,EDEM2,1,14,decreasing,-0.0037300768647407,False,False,False,False
ENSG00000088035,ALG6,1,1,decreasing,-0.0028894474954732,False,False,False,False
ENSG00000088002,SULT2B1,1,1,decreasing,-0.007934980647173,False,False,False,False
ENSG00000087995,METTL2A,1,1,decreasing,-0.0029941016667282,False,False,False,False
ENSG00000087842,PIR,1,1,decreasing,-0.0042134062969816,False,False,False,False
ENSG00000087494,PTHLH,1,1,decreasing,-0.008145797237105,False,False,False,False
ENSG00000087448,KLHL42,1,2,decreasing,-0.0094467778517988,False,False,False,False
ENSG00000087263,OGFOD1,1,7,decreasing,-0.0067058761095529,False,False,False,False
ENSG00000087076,HSD17B14,1,1,decreasing,-0.0075690854899443,False,False,False,False
ENSG00000085831,TTC39A,1,2,decreasing,-0.0222104106463342,False,False,False,False
ENSG00000084110,HAL,1,2,decreasing,-0.0037727110287569,False,False,False,False
ENSG00000084072,PPIE,1,7,decreasing,-0.0110077739788347,False,False,False,False
ENSG00000083307,GRHL2,1,1,decreasing,-0.008193753939887,False,False,False,False
ENSG00000083290,ULK2,1,1,decreasing,-0.0024977587644317,False,False,False,False
ENSG00000070669,ASNS,1,1,decreasing,-0.0077765984495457,False,False,False,False
ENSG00000070061,ELP1,1,1,decreasing,-0.0037249515146443,False,False,False,False
ENSG00000008130,NADK,1,1,decreasing,-0.0325592021022571,False,True,True,False
ENSG00000017427,IGF1,1,1,decreasing,-0.0135505731524312,False,True,True,False
ENSG00000046647,GEMIN8,1,1,decreasing,-0.0029828496823462,False,False,False,False
ENSG00000046604,DSG2,1,1,increasing,0.0116952108926516,False,False,False,False
ENSG00000043143,JADE2,1,3,increasing,0.0024220676878113,False,False,False,False
ENSG00000042317,AL049834.1,1,1,decreasing,-0.0140278833029733,False,False,False,False
ENSG00000039139,DNAH5,1,6,decreasing,-0.0225352567365447,False,False,False,False
ENSG00000032742,IFT88,1,1,increasing,0.0073817057074668,False,False,False,False
ENSG00000028310,BRD9,1,1,decreasing,-0.0030820317366236,False,True,True,False
ENSG00000025423,HSD17B6,1,1,decreasing,-0.008791056504676,False,False,False,False
ENSG00000021762,OSBPL5,1,1,decreasing,-0.00130861759493,False,False,False,False
ENSG00000021645,NRXN3,1,1,decreasing,-0.008908083703834,False,False,False,False
ENSG00000018236,CNTN1,1,2,decreasing,-0.0083489539959082,False,False,False,False
ENSG00000013561,RNF14,1,1,decreasing,-0.0061550529921148,False,False,False,False
ENSG00000068697,LAPTM4A,1,6,decreasing,-0.0406333028823415,False,False,False,False
ENSG00000012817,KDM5D,1,1,decreasing,-0.0103216916833382,False,True,False,False
ENSG00000012211,PRICKLE3,1,2,decreasing,-0.0042786041830588,False,False,False,False
ENSG00000011105,TSPAN9,1,1,decreasing,-0.0030094043969927,False,False,False,False
ENSG00000011052,NME1-NME2,1,1,decreasing,-0.0044584447433731,False,False,False,False
ENSG00000011028,MRC2,1,1,decreasing,-0.0059629235845269,False,False,False,False
ENSG00000010404,IDS,1,7,decreasing,-0.0010541740207322,False,False,False,False
ENSG00000010322,NISCH,1,2,decreasing,-0.0160257377025617,False,False,False,False
ENSG00000010165,EEF1AKNMT,1,1,increasing,0.0759067571614306,False,False,False,False
ENSG00000008952,SEC62,1,3,decreasing,-0.0401733430119881,False,False,False,False
ENSG00000008382,MPND,1,1,decreasing,-0.008515528463706,False,False,False,False
ENSG00000008324,SS18L2,1,6,decreasing,-0.003520043119292,False,False,False,False
ENSG00000046889,PREX2,1,1,decreasing,-0.0058479598662309,True,True,False,False
ENSG00000047230,CTPS2,1,2,increasing,0.0110926956955619,False,False,False,False
ENSG00000047617,ANO2,1,1,decreasing,-0.0030308037994938,False,False,False,False
ENSG00000049540,ELN,1,1,decreasing,-0.0085198403360805,False,True,True,False
ENSG00000068654,POLR1A,1,15,decreasing,-0.0036810803725299,False,False,False,False
ENSG00000068137,PLEKHH3,1,1,decreasing,-0.0074352477285227,False,False,False,False
ENSG00000067798,NAV3,1,1,decreasing,-0.0060030107325922,False,False,False,False
ENSG00000067646,ZFY,1,2,decreasing,-0.0559044812067338,False,False,False,False
ENSG00000067191,CACNB1,1,1,decreasing,-0.0227285250685875,False,False,False,False
ENSG00000067048,DDX3Y,1,1,decreasing,-0.00503256543865,False,False,False,False
ENSG00000066926,FECH,1,1,decreasing,-0.0059778310743319,False,False,False,False
ENSG00000066468,FGFR2,1,1,increasing,0.0023699984937452,True,True,True,False
ENSG00000066422,ZBTB11,1,2,decreasing,-0.0086839822511241,False,False,False,False
ENSG00000066405,CLDN18,1,1,decreasing,-0.0098228018271629,False,False,False,False
ENSG00000065802,ASB1,1,2,increasing,0.0189451675654712,False,False,False,False
ENSG00000065308,TRAM2,1,6,decreasing,-0.004429126214312,False,False,False,False
ENSG00000065029,ZNF76,1,1,decreasing,-0.0059673070262341,False,False,False,False
ENSG00000064666,CNN2,1,1,decreasing,-0.016959006867224,False,False,False,False
ENSG00000064655,EYA2,1,1,decreasing,-0.0071002100061612,False,False,False,False
ENSG00000059122,FLYWCH1,1,2,decreasing,-0.0036433593218731,False,False,False,False
ENSG00000058866,DGKG,1,1,decreasing,-0.0090766344217572,False,False,False,False
ENSG00000058085,LAMC2,1,1,decreasing,-0.0503641417688242,False,False,False,False
ENSG00000056050,HPF1,1,1,decreasing,-0.0113918762671616,False,False,False,False
ENSG00000054938,CHRDL2,1,1,decreasing,-0.0039571638221506,False,False,False,False
ENSG00000053108,FSTL4,1,2,decreasing,-0.0057134066096642,False,False,False,False
ENSG00000052802,MSMO1,1,1,decreasing,-0.0040581134697241,False,False,False,False
ENSG00000051523,CYBA,1,2,increasing,0.0023862372442998,False,False,False,False
ENSG00000205670,SMIM11A,1,2,increasing,0.0087578628526715,False,False,False,False
ENSG00000205629,LCMT1,1,2,decreasing,-0.004674378881824,False,False,False,False
ENSG00000205572,SERF1B,1,2,decreasing,-0.0008460318042192,False,False,False,False
ENSG00000170345,FOS,1,3,decreasing,-0.0032936674254682,False,False,False,False
ENSG00000171960,PPIH,1,2,decreasing,-0.030292704164664,False,False,False,False
ENSG00000171863,RPS7,1,5,decreasing,-0.0419563210646918,False,False,False,False
ENSG00000171792,RHNO1,1,1,decreasing,-0.0304132377332464,False,False,False,False
ENSG00000171657,GPR82,1,7,decreasing,-0.0024931463343337,False,False,False,False
ENSG00000171604,CXXC5,1,1,decreasing,-0.0085408917553846,False,False,False,False
ENSG00000171121,KCNMB3,1,2,decreasing,-0.0008304712460667,False,False,False,False
ENSG00000171049,FPR2,1,5,increasing,0.0049806595956443,False,False,False,False
ENSG00000170949,ZNF160,1,2,increasing,0.0016645131623433,False,False,False,False
ENSG00000170909,OSCAR,1,5,increasing,0.0041897158547423,False,False,False,False
ENSG00000170734,POLH,1,8,increasing,0.005350887798998,False,True,False,True
ENSG00000170385,SLC30A1,1,1,increasing,0.0461069552789726,False,False,False,False
ENSG00000170291,ELP5,1,3,increasing,0.0856562425497864,False,False,False,False
ENSG00000168994,PXDC1,1,5,increasing,0.0265806011479698,False,False,False,False
ENSG00000170271,FAXDC2,1,3,decreasing,-0.0040240319447557,False,False,False,False
ENSG00000170264,FAM161A,1,8,decreasing,-0.0129360592214491,False,False,False,False
ENSG00000170175,CHRNB1,1,2,decreasing,-0.0016442421138567,False,False,False,False
ENSG00000170113,NIPA1,1,2,increasing,0.0035816630567826,False,False,False,False
ENSG00000169991,IFFO2,1,9,increasing,0.0108752225713408,False,False,False,False
ENSG00000169972,PUSL1,1,2,decreasing,-0.0044560416829154,False,False,False,False
ENSG00000169683,LRRC45,1,5,increasing,0.0377835272188003,False,False,False,False
ENSG00000169313,P2RY12,1,14,decreasing,-0.0038641505559577,False,False,False,False
ENSG00000169302,STK32A,1,1,increasing,0.0175363755226491,False,False,False,False
ENSG00000169242,EFNA1,1,2,decreasing,-0.0027804640653213,False,False,False,False
ENSG00000169087,HSPBAP1,1,4,decreasing,-0.0060877839729081,False,False,False,False
ENSG00000172123,SLFN12,1,2,decreasing,-0.0008522440096969,False,False,False,False
ENSG00000172260,NEGR1,1,3,increasing,0.0222720183193585,False,True,False,False
ENSG00000172315,TP53RK,1,6,decreasing,-0.0262547887803948,False,False,False,False
ENSG00000172794,RAB37,1,2,decreasing,-0.0014493253283635,False,False,False,False
ENSG00000177613,CSTF2T,1,5,increasing,0.0065514055586935,False,False,False,False
ENSG00000177469,CAVIN1,1,1,increasing,0.0055778421960929,False,False,False,False
ENSG00000177352,CCDC71,1,3,decreasing,-0.0025547355582624,False,False,False,False
ENSG00000177144,NUDT4B,1,2,increasing,0.0016486438285827,False,False,False,False
ENSG00000177125,ZBTB34,1,2,decreasing,-0.0006733520791755,False,False,False,False
ENSG00000177000,MTHFR,1,8,decreasing,-0.0008618434988766,False,True,False,False
ENSG00000176946,THAP4,1,6,decreasing,-0.0225588176326715,False,False,False,False
ENSG00000176928,GCNT4,1,1,decreasing,-0.0013498340412482,False,False,False,False
ENSG00000176595,KBTBD11,1,1,decreasing,-0.0059151022779466,False,False,False,False
ENSG00000176531,PHLDB3,1,3,decreasing,-0.0034014934393729,False,False,False,False
ENSG00000176358,TAC4,1,2,increasing,0.0103648329665676,False,False,False,False
ENSG00000176225,RTTN,1,3,decreasing,-0.0034394665865417,False,False,False,False
ENSG00000175066,GK5,1,4,decreasing,-0.0008190956808934,False,False,False,False
ENSG00000174744,BRMS1,1,2,decreasing,-0.0020089461097883,False,False,False,False
ENSG00000174547,MRPL11,1,5,increasing,0.0076912031976849,False,False,False,False
ENSG00000174502,SLC26A9,1,2,increasing,0.0135043085682249,False,False,False,False
ENSG00000174243,DDX23,1,2,decreasing,-0.0018387295422881,False,False,False,False
ENSG00000174231,PRPF8,1,4,decreasing,-0.0240751360493706,False,True,False,True
ENSG00000173947,PIFO,1,1,decreasing,-0.0057520023650859,False,False,False,False
ENSG00000173915,ATP5MD,1,6,increasing,0.0025678995682969,False,False,False,False
ENSG00000173726,TOMM20,1,2,decreasing,-0.0038412162167562,False,False,False,False
ENSG00000173465,ZNRD2,1,5,increasing,0.0080977612477198,False,False,False,False
ENSG00000173221,GLRX,1,1,decreasing,-0.0015296565029407,False,False,False,False
ENSG00000169016,E2F6,1,8,decreasing,-0.0037057748953668,False,False,False,False
ENSG00000168904,LRRC28,1,6,increasing,0.0039425771485586,False,False,False,False
ENSG00000177951,BET1L,1,8,decreasing,-0.000823325384639,False,False,False,False
ENSG00000164949,GEM,1,3,increasing,0.0344489330683731,False,False,False,False
ENSG00000165813,CCDC186,1,10,increasing,0.0014496428140266,False,False,False,False
ENSG00000165804,ZNF219,1,3,decreasing,-0.0016595638725756,False,False,False,False
ENSG00000165757,JCAD,1,1,increasing,0.0217513873928924,False,False,False,False
ENSG00000165684,SNAPC4,1,2,increasing,0.0015622208175827,False,False,False,False
ENSG00000165672,PRDX3,1,2,decreasing,-0.0080520622930675,False,False,False,False
ENSG00000165629,ATP5F1C,1,2,decreasing,-0.0013818986939119,False,False,False,False
ENSG00000165526,RPUSD4,1,3,decreasing,-0.0242787803131556,False,False,False,False
ENSG00000165280,VCP,1,3,increasing,0.0116742873701706,False,False,False,False
ENSG00000165060,FXN,1,1,increasing,0.0054847909079383,False,False,False,False
ENSG00000165055,METTL2B,1,5,increasing,0.0028003341858492,False,False,False,False
ENSG00000165028,NIPSNAP3B,1,2,increasing,0.0072578311388639,False,False,False,False
ENSG00000164776,PHKG1,1,6,decreasing,-0.0086502265431989,False,False,False,False
ENSG00000168826,ZBTB49,1,1,decreasing,-0.0093689332466913,False,False,False,False
ENSG00000164751,PEX2,1,8,decreasing,-0.0008209010477166,False,False,False,False
ENSG00000164687,FABP5,1,2,decreasing,-0.0049266800236508,False,False,False,False
ENSG00000164366,CCDC127,1,2,decreasing,-0.0016382793240789,False,False,False,False
ENSG00000164344,KLKB1,1,2,decreasing,-0.0033256068380008,False,False,False,False
ENSG00000164306,PRIMPOL,1,4,decreasing,-0.0026120810766256,False,False,False,False
ENSG00000164291,ARSK,1,5,increasing,0.0409141055930012,False,False,False,False
ENSG00000164237,CMBL,1,1,increasing,0.0110405152826038,False,False,False,False
ENSG00000164220,F2RL2,1,2,increasing,0.0039393470157432,False,False,False,False
ENSG00000164114,MAP9,1,6,increasing,0.0764096638484111,False,False,False,False
ENSG00000164056,SPRY1,1,2,increasing,0.007246130766352,False,False,False,False
ENSG00000163833,FBXO40,1,2,decreasing,-0.0008399055514833,False,False,False,False
ENSG00000166170,BAG5,1,1,decreasing,-0.0037520706031124,False,False,False,False
ENSG00000166275,BORCS7,1,4,increasing,0.0070623703954231,False,False,False,False
ENSG00000166432,ZMAT1,1,2,decreasing,-0.0024538920950808,False,False,False,False
ENSG00000166446,CDYL2,1,15,decreasing,-0.003731358153076,False,False,False,False
ENSG00000168818,STX18,1,3,decreasing,-0.0556220340392877,False,False,False,False
ENSG00000168795,ZBTB5,1,1,decreasing,-0.0076894751363436,False,False,False,False
ENSG00000168653,NDUFS5,1,9,decreasing,-0.0012777796005739,False,False,False,False
ENSG00000168566,SNRNP48,1,1,decreasing,-0.0014556219282142,False,False,False,False
ENSG00000168447,SCNN1B,1,1,increasing,0.00298450807926,False,False,False,False
ENSG00000168329,CX3CR1,1,5,decreasing,-0.0804428427099246,False,False,False,False
ENSG00000168298,H1-4,1,3,decreasing,-0.0016609140331532,False,True,True,False
ENSG00000168286,THAP11,1,6,increasing,0.0606604283684102,False,False,False,False
ENSG00000168273,SMIM4,1,10,decreasing,-0.0107286976275091,False,False,False,False
ENSG00000167996,FTH1,1,2,increasing,0.003640609707886,False,False,False,False
ENSG00000167941,SOST,1,2,decreasing,-0.0016571941780727,False,False,False,False
ENSG00000167774,AC010323.1,1,1,decreasing,-0.0042718914697163,False,False,False,False
ENSG00000167772,ANGPTL4,1,6,increasing,0.0012236331085967,False,False,False,False
ENSG00000167766,ZNF83,1,9,increasing,0.0007109554058041,False,False,False,False
ENSG00000167674,HDGFL2,1,1,increasing,0.01437255399906,False,False,False,False
ENSG00000167291,TBC1D16,1,7,decreasing,-0.0221731164034003,False,False,False,False
ENSG00000167118,URM1,1,3,decreasing,-0.0008610712501621,False,False,False,False
ENSG00000167065,DUSP18,1,2,decreasing,-0.0008461032648866,False,False,False,False
ENSG00000166965,RCCD1,1,2,decreasing,-0.0048016884029531,False,False,False,False
ENSG00000166963,MAP1A,1,6,increasing,0.0100918566039742,False,False,False,False
ENSG00000166780,BMERB1,1,5,decreasing,-0.0178201330560915,False,False,False,False
ENSG00000166483,WEE1,1,1,increasing,0.0091991582992492,False,True,False,True
ENSG00000166477,LEO1,1,1,decreasing,-0.0038849135611378,False,False,False,False
ENSG00000177946,CENPBD1,1,1,decreasing,-0.0112456911951834,False,False,False,False
ENSG00000178038,ALS2CL,1,5,increasing,0.007086168941909,False,False,False,False
ENSG00000204852,TCTN1,1,2,decreasing,-0.0070676974478915,False,False,False,False
ENSG00000196247,ZNF107,1,1,decreasing,-0.0063042085115831,False,False,False,False
ENSG00000197050,ZNF420,1,2,decreasing,-0.0026153790728855,False,False,False,False
ENSG00000197037,ZSCAN25,1,1,increasing,0.0197909655980981,False,False,False,False
ENSG00000196937,FAM3C,1,5,increasing,0.0777550115442748,False,False,False,False
ENSG00000196924,FLNA,1,1,decreasing,-0.0129732961941106,False,False,False,False
ENSG00000196912,ANKRD36B,1,7,increasing,0.0230698858164732,False,False,False,False
ENSG00000196873,CBWD3,1,7,decreasing,-0.0043331205327737,False,False,False,False
ENSG00000196704,AMZ2,1,6,decreasing,-0.003238547795979,False,False,False,False
ENSG00000196526,AFAP1,1,2,decreasing,-0.0868209613510312,False,False,False,False
ENSG00000196465,MYL6B,1,1,decreasing,-0.0084515602378661,False,False,False,False
ENSG00000196363,WDR5,1,2,increasing,0.0180617805674508,False,False,False,False
ENSG00000196260,SFTA2,1,2,increasing,0.005065238524385,False,False,False,False
ENSG00000196220,SRGAP3,1,8,decreasing,-0.0017154995377898,False,False,False,False
ENSG00000188042,ARL4C,1,1,increasing,0.1684918525448003,False,False,False,False
ENSG00000196123,KIAA0895L,1,2,decreasing,-0.0016708021617834,False,False,False,False
ENSG00000189403,HMGB1,1,9,decreasing,-0.015640541104745,False,False,False,False
ENSG00000189377,CXCL17,1,1,decreasing,-0.0324132564405224,False,False,False,False
ENSG00000189339,SLC35E2B,1,4,decreasing,-0.0007668668175123,False,False,False,False
ENSG00000189306,RRP7A,1,9,decreasing,-0.0140254760057941,False,False,False,False
ENSG00000189241,TSPYL1,1,2,decreasing,-0.0029497734820713,False,False,False,False
ENSG00000188747,NOXA1,1,14,decreasing,-0.0018893048542946,False,False,False,False
ENSG00000188566,NDOR1,1,2,decreasing,-0.0047270211635808,False,False,False,False
ENSG00000188536,HBA2,1,6,decreasing,-0.0008320909998019,False,False,False,False
ENSG00000188343,FAM92A,1,1,decreasing,-0.0014153196666313,False,False,False,False
ENSG00000188295,ZNF669,1,2,decreasing,-0.0043974556115132,False,False,False,False
ENSG00000197057,DTHD1,1,7,decreasing,-0.0045179036332459,False,False,False,False
ENSG00000197283,SYNGAP1,1,4,increasing,0.0058902939614571,False,False,False,False
ENSG00000197299,BLM,1,2,decreasing,-0.0062494027159905,True,True,False,True
ENSG00000197372,ZNF675,1,7,decreasing,-0.0042328136846111,False,False,False,False
ENSG00000204438,GPANK1,1,2,decreasing,-0.0360964226064497,False,False,False,False
ENSG00000204287,HLA-DRA,1,1,decreasing,-0.0168856508598907,False,False,False,False
ENSG00000204161,TMEM273,1,5,increasing,0.0803955163302649,False,False,False,False
ENSG00000203907,OOEP,1,7,decreasing,-0.0046775560735499,False,False,False,False
ENSG00000203697,CAPN8,1,2,increasing,0.0191634780481521,False,False,False,False
ENSG00000198959,TGM2,1,1,decreasing,-0.0037866660430429,False,False,False,False
ENSG00000198920,KIAA0753,1,2,decreasing,-0.0026031907330487,False,False,False,False
ENSG00000198885,ITPRIPL1,1,2,decreasing,-0.0016166741971338,False,False,False,False
ENSG00000198832,SELENOM,1,2,increasing,0.0483753644034252,False,False,False,False
ENSG00000198719,DLL1,1,1,increasing,0.0031268718104136,False,False,False,False
ENSG00000198715,GLMP,1,2,increasing,0.0267640893495442,False,False,False,False
ENSG00000198700,IPO9,1,7,increasing,0.0039515209549377,False,False,False,False
ENSG00000198626,RYR2,1,7,decreasing,-0.0008540077117021,False,False,False,False
ENSG00000198393,ZNF26,1,9,decreasing,-0.0024011717010673,False,False,False,False
ENSG00000198246,SLC29A3,1,1,decreasing,-0.0548943560103696,False,False,False,False
ENSG00000198171,DDRGK1,1,3,decreasing,-0.0025254142908627,False,False,False,False
ENSG00000198131,ZNF544,1,8,decreasing,-0.0360018591520506,False,False,False,False
ENSG00000198130,HIBCH,1,4,increasing,0.0082929748940739,False,False,False,False
ENSG00000197976,AKAP17A,1,7,increasing,0.0123575799922772,False,False,False,False
ENSG00000197894,ADH5,1,3,decreasing,-0.0234895953578081,False,False,False,False
ENSG00000197785,ATAD3A,1,2,increasing,0.007184459137134,False,False,False,False
ENSG00000197580,BCO2,1,3,decreasing,-0.054933987374751,False,False,False,False
ENSG00000197530,MIB2,1,7,decreasing,-0.00083269556847,False,False,False,False
ENSG00000188112,C6orf132,1,5,increasing,0.1031139947488143,False,False,False,False
ENSG00000187699,C2orf88,1,1,decreasing,-0.0015246310687858,False,False,False,False
ENSG00000178074,C2orf69,1,3,increasing,0.0106848641888155,False,False,False,False
ENSG00000180448,AC004151.1,1,2,decreasing,-0.0008400149373726,False,False,False,False
ENSG00000182952,HMGN4,1,6,increasing,0.0018326511615166,False,False,False,False
ENSG00000182899,RPL35A,1,3,decreasing,-0.000389124217472,False,False,False,False
ENSG00000182512,GLRX5,1,2,decreasing,-0.0016887728933986,False,False,False,False
ENSG00000182511,FES,1,2,decreasing,-0.0008522121905604,True,True,True,False
ENSG00000182372,CLN8,1,2,increasing,0.0135260033318844,False,False,False,False
ENSG00000182093,GET1,1,1,decreasing,-0.0079737916392212,False,False,False,False
ENSG00000181744,DIPK2A,1,10,decreasing,-0.0060651033653925,False,False,False,False
ENSG00000181215,C4orf50,1,3,decreasing,-0.0025098553433953,False,False,False,False
ENSG00000181035,SLC25A42,1,2,decreasing,-0.0033795144034112,False,False,False,False
ENSG00000181007,ZFP82,1,2,decreasing,-0.0008579679877842,False,False,False,False
ENSG00000180509,KCNE1,1,2,decreasing,-0.002658174634861,False,False,False,False
ENSG00000180425,C11orf71,1,3,decreasing,-0.0006717191691195,False,False,False,False
ENSG00000187630,DHRS4L2,1,5,increasing,0.0212537114000852,False,False,False,False
ENSG00000180263,FGD6,1,4,decreasing,-0.0008248862490306,False,False,False,False
ENSG00000180061,TMEM150B,1,6,decreasing,-0.0143993058519956,False,False,False,False
ENSG00000179387,ELMOD2,1,1,decreasing,-0.0376726658000699,False,False,False,False
ENSG00000179304,FAM156B,1,2,increasing,0.001617516448838,False,False,False,False
ENSG00000178965,ERICH3,1,1,decreasing,-0.0058568061474952,False,False,False,False
ENSG00000178913,TAF7,1,1,decreasing,-0.0013744046663329,False,False,False,False
ENSG00000178691,SUZ12,1,3,decreasing,-0.001672800217235,True,True,False,True
ENSG00000178623,GPR35,1,2,decreasing,-0.0116734095718968,False,False,False,False
ENSG00000178562,CD28,1,9,decreasing,-0.0016778089628121,False,True,True,False
ENSG00000178537,SLC25A20,1,3,decreasing,-0.0246789524099934,False,False,False,False
ENSG00000178127,NDUFV2,1,3,decreasing,-0.0093540472573533,False,False,False,False
ENSG00000183150,GPR19,1,2,decreasing,-0.0043762543848234,False,False,False,False
ENSG00000183208,GDPGP1,1,7,decreasing,-0.0231323455817664,False,False,False,False
ENSG00000183255,PTTG1IP,1,3,increasing,0.0094186920157828,False,False,False,False
ENSG00000183665,TRMT12,1,3,decreasing,-0.0045856768799353,False,False,False,False
ENSG00000187325,TAF9B,1,2,decreasing,-0.0015758176227279,False,False,False,False
ENSG00000187017,ESPN,1,6,increasing,0.0302027631202221,False,False,False,False
ENSG00000187010,RHD,1,3,increasing,0.0051321196799471,False,False,False,False
ENSG00000186918,ZNF395,1,4,decreasing,-0.0025155463780969,False,False,False,False
ENSG00000186854,TRABD2A,1,2,decreasing,-0.0097282114787626,False,False,False,False
ENSG00000186827,TNFRSF4,1,1,decreasing,-0.0015850034167248,False,False,False,False
ENSG00000186352,ANKRD37,1,2,decreasing,-0.001638592787754,False,False,False,False
ENSG00000186174,BCL9L,1,3,decreasing,-0.0004474388142578,True,True,True,False
ENSG00000186141,POLR3C,1,6,increasing,0.0209349717652031,False,False,False,False
ENSG00000186111,PIP5K1C,1,5,increasing,0.0415855703858179,False,False,False,False
ENSG00000186001,LRCH3,1,9,decreasing,-0.0101375941382773,False,False,False,False
ENSG00000185905,C16orf54,1,3,decreasing,-0.0065321220837037,False,False,False,False
ENSG00000185669,SNAI3,1,2,decreasing,-0.0025015310581307,False,False,False,False
ENSG00000185630,PBX1,1,3,decreasing,-0.0014377619174312,True,False,False,False
ENSG00000185298,CCDC137,1,3,increasing,0.0047371527557873,False,False,False,False
ENSG00000185040,SPDYE16,1,2,decreasing,-0.0028021174726338,False,False,False,False
ENSG00000185000,DGAT1,1,2,decreasing,-0.0008278528360742,False,False,False,False
ENSG00000184678,H2BC21,1,2,increasing,0.0134887586590741,False,False,False,False
ENSG00000184489,PTP4A3,1,1,decreasing,-0.0040255944486593,False,False,False,False
ENSG00000184154,LRTOMT,1,5,increasing,0.0123029446170196,False,False,False,False
ENSG00000183779,ZNF703,1,3,decreasing,-0.0014693547302131,False,False,False,False
ENSG00000183741,CBX6,1,2,decreasing,-0.0141565918028837,False,False,False,False
ENSG00000183682,BMP8A,1,5,increasing,0.0053071908387368,False,False,False,False
ENSG00000288000,AL031681.3,1,6,decreasing,-0.0045658339012517,False,False,False,False
